:020000040800F2
:108000000020002045A30008158200083B820008DC
:1080100047820008578200086782000800000000BD
:108020000000000000000000000000005181000876
:108030008B82000800000000958100088BD50008A5
:10804000BFA30008BFA30008BFA30008BFA3000888
:10805000BFA30008BFA30008BFA30008BFA3000878
:10806000BFA30008BFA30008BFA30008BFA3000868
:10807000BFA30008BFA30008BFA30008BFA3000858
:10808000BFA30008BFA30008BFA30008BFA3000848
:10809000BFA30008BFA30008BFA30008BFA3000838
:1080A000BFA30008BFA30008BFA30008BFA3000828
:1080B000BFA30008F9AD0008BFA30008BFA30008D4
:1080C000BFA30008BFA30008BFA30008BFA3000808
:1080D000BFA30008EF340208E3340208BD340208ED
:1080E000C1520208BFA30008BFA30008BFA3000835
:1080F000BFA30008BFA30008BFA30008BFA30008D8
:10810000BFA30008BFA30008BFA30008BFA30008C7
:10811000C5720208BFA300086BAE0008BFA3000829
:10812000BFA30008BFA30008BFA30008BFA30008A7
:10813000DFF810D031F092FD00480047EB4D020807
:10814000AFF300800020002080F308887047000013
:10815000224B19680868B0E8F00F80F30988BFF374
:108160006F8F4FF0000080F311884EF00D0E7047B6
:108170000000000006480068006880F3088862B6C6
:1081800061B6BFF34F8FBFF36F8F00DF00BF00BF3B
:1081900008ED00E0EFF30980BFF36F8F0F4B1A6813
:1081A00020E9F00F106008B54FF0BF0080F3118890
:1081B000BFF34F8FBFF36F8F04F0F0F94FF0000063
:1081C00080F31188BDE8084019680868B0E8F00F2E
:1081D00080F30988BFF36F8F704700BF282000200D
:1081E000EFF305807047CAB2401E10F8011F8A42A3
:1081F00002D00029F9D100207047012231F07EBC65
:1082000054656D636F5049443130000000000098A0
:108210001A00000025A032F0B3B810B504464FF4A0
:10822000E13005F05DFA244B0122C3F8A02121467C
:10823000BDE8104021A032F0A3B82448C18AE8204C
:108240001EF0F1FEFEE71421E8201EF0ECFE20A057
:1082500032F096F8FBE71E21E8201EF0E4FE1FA096
:1082600032F08EF8FBE72821E8201EF0DCFE1EA08D
:1082700032F086F8FBE710B53221E8201EF0D3FE7D
:10828000BDE810401CA032F07BB810B53C21E820BE
:108290001EF0C9FEBDE8104019A032F071B81AA056
:1082A00032F06EB81AA032F06BB800004E4D492083
:1082B0006661756C7400000000002142646562759F
:1082C000673A202573200D0A00000000EC2A0020E8
:1082D0004D656D204661756C7420000042757320F9
:1082E0004661756C742000005573616765204661B6
:1082F000756C7420000000005356432000000000FD
:10830000446562756720000050656E200000000023
:108310005379735469636B20000000000CB5002290
:108320004C4800920192016841F4803101604FF4A1
:10833000A063016801F4003101910099491C00918A
:10834000019911B900999942F3D10168890333D594
:108350000121019140490A6842F010020A600A684E
:1083600022F003020A600A6842F002020A604168D1
:10837000416041684160416841F480614160416809
:1083800021F47C114160416841F4E81141600168C9
:1083900041F08071016001688901FCD5416821F0DC
:1083A00003014160416841F0020141604168C1F34D
:1083B00081010229FAD10CBD01920CBD254810B5EE
:1083C000016841F0010101604168244A11404160A7
:1083D0000168234A11400160016821F48021016095
:1083E000416821F4FE0141604FF41F018160FFF7F5
:1083F00095FF1C494FF00060086010BD154A10B58C
:108400005068194B10F00C01184803D0042901D012
:10841000082901D0036012E05168536801F470111B
:108420004FF0020413F4803F04EB914102D05368F3
:108430009B0301D50E4B00E00B4B59430160516883
:108440000A4AC1F30311121D515C0268CA4002605E
:1084500010BD000000100240002002400000FFF8A4
:10846000FFFFF6FE08ED00E000127A000020002079
:1084700000093D002849084328490860704730B585
:108480000F23C27801780125F2B1244A126801F164
:10849000E02102F4E062C2F5E062120AC2F10404D3
:1084A000D3404278A24084781C401443220181F8D2
:1084B0000024007800F01F018D404009800000F189
:1084C000E020C0F8005130BD01F01F008540480990
:1084D000800000F1E020C0F8805130BD104A11400A
:1084E00001430E48001F016070470C4A121D00290D
:1084F000116801D0014300E08143116070474FF0E3
:10850000E0210428086903D020F0040008617047C6
:1085100040F00400FAE700000000FA050CED00E06E
:1085200080FFFF1FC74910B5884202D101214415C1
:108530000AE0C549884202D10121041504E0C3497B
:1085400088420AD10121CC03204600F04EFD20468E
:10855000BDE81040002100F048BD10BD10B54268D4
:10856000BB4B0C791A400B6842EA04221343436068
:108570008268B84BD1F806401A40D1F80A3023433C
:108580004C7942EA440213438360C26A897B22F435
:108590007002491EC9B242EA0151C16210BD0021F8
:1085A000016001714171C0F80610C0F80A10012184
:1085B000817370470029816802D041F0010101E018
:1085C00021F00101816070470029816802D041F4E7
:1085D000807101E021F4807181607047002A426857
:1085E000C9B201D00A4300E08A4342607047816803
:1085F00041F0080181607047014600208968090741
:1086000000D501207047816841F004018160704706
:10861000014600208968490700D5012070470029DC
:10862000816802D041F4A00101E021F4A001816041
:108630007047014600208968490200D50120704733
:108640004268491E22F4604242EA4131416070476B
:108650000029416802D041F4006101E021F4006189
:108660004160704770B5072609290AD9C568A1F18C
:108670000A0404EB4404A640B543A3401D43C5606F
:1086800007E0056901EB4104A640B543A3401D4343
:1086900005611F23072A09D2446B521E02EB820296
:1086A00093409C4391400C43446370BD0D2A09D212
:1086B000046BD21F02EB820293409C4391400C4317
:1086C000046370BDC46A0D3A02EB820293409C437E
:1086D00091400C43C46270BD0029816802D041F40E
:1086E000801101E021F4801181607047C06C80B27C
:1086F000704754484C30006870470029416802D0E8
:1087000041F4806101E021F48061416070470029FB
:10871000416802D041F4805101E021F48051416070
:108720007047826822F4E0420A4382607047002961
:10873000816802D041F4004101E021F400418160F0
:1087400070470029816802D041F4021101E021F450
:10875000021181607047014600208968890200D5B6
:108760000120704770B5072609290AD9C568A1F10B
:108770000A0404EB4404A640B543A3401D43C5606E
:1087800007E0056901EB4104A640B543A3401D4342
:108790000561836BC3F30154121B921C02EB82022E
:1087A0001F249440A34391400B43836370BD826BAD
:1087B000491E22F4401242EA01518163704708B514
:1087C00008440090026008BD08B5084428300090B5
:1087D000006880B208BD42681F4B1A400A434260DD
:1087E0007047416282627047426822F01F020A436A
:1087F00042607047134908310028086802D040F4ED
:10880000000001E020F400000860704702460020EC
:1088100012680A4200D001207047C94301607047C6
:1088200010B50246002054680B0AC9B20C4011680A
:10883000194202D0002C00D0012010BD6FEA112196
:10884000016070470024014000280140003C0140C5
:10885000FFFEF0FFFDF7F1FFFFFD3FFF01684FF660
:10886000FE72114001600021016041608160C160C1
:108870006A496A4A0839904203D1486840F00F00BB
:1088800006E0664A1432904204D1486840F0F00095
:1088900048607047614A2832904203D1486840F4EA
:1088A0007060F5E75D4A3C32904203D1486840F47D
:1088B0007040EDE7594A5032904203D1486840F485
:1088C0007020E5E7554A6432904203D1486840F48D
:1088D0007000DDE7514A7832904203D1486840F099
:1088E0007060D5E74E4A111F904203D1086840F0EE
:1088F0000F0006E04A4A1432904204D1086840F062
:10890000F00008607047464A2832904203D1086858
:1089100040F47060F5E7424A3C32904203D1086867
:1089200040F47040EDE73E4A50329042EAD1086888
:1089300040F47020E5E730B5026847F6F0739A43DB
:108940008B680C6A4D6923430C692C4323438C6963
:108950002343CC6923434C6A23438C6A2343134348
:108960000360CA6842600A6882604968C16030BDBD
:108970000021016041608160C160016141618161EC
:10898000C16101624162816270470029016802D0C1
:1089900041F0010102E04FF6FE72114001607047A4
:1089A000002A026801D00A4300E08A43026070474F
:1089B00041607047406880B2704702460020D10095
:1089C00002D51749083901E01449083909681142EC
:1089D00000D001207047C10003D51149091F08606C
:1089E00070470E4908394860704702460020D100A0
:1089F00002D50B49083901E00849083909681142D4
:108A000000D001207047C10003D50549091F086047
:108A1000704702490839486070470000080002406A
:108A200008040240374900200860091D0860091D3C
:108A30000860091D086033493348143108607047E5
:108A400030B5304A8379016853B313688B431360A0
:108A5000111D0B680468A3430B60017911440B6876
:108A6000046823430B60274B083319680468A1434B
:108A700019601C1D21680568A943216041791029EE
:108A800005D011440A68006802430A6030BD1968C5
:108A9000026811431960216800680143216030BDFC
:108AA0000079104402688A43026030BD00210160F1
:108AB00001710C22427181717047124910310A68AC
:108AC00002430A60704701460E4A002014321268C1
:108AD0000A4200D0012070470A49143108607047EB
:108AE000084A014600201268064B0A4014331B68EE
:108AF0000B4202D0002A00D00120704701491431F6
:108B00000860704700040140FFFF0F008F4910B557
:108B1000884206D10121042000F067FA00210420D8
:108B20003BE08B49884206D10121082000F05DFA24
:108B30000021082031E08749884206D10121102018
:108B400000F053FA0021102027E08349884206D123
:108B50000121202000F049FA002120201DE07F495A
:108B6000884206D10121402000F03FFA0021402038
:108B700013E07B49884206D10121802000F035FABC
:108B80000021802009E0774988420AD1841501211B
:108B9000204600F02AFA00212046BDE8104000F0EF
:108BA00024BA10BD10B50121084600F01EFA0021BC
:108BB000BDE81040012000F018BAF0B5CC780022D2
:108BC00004F00F03E40601D58C7823430C784FF0B2
:108BD0000F0C14F0FF0F4FF0010E1BD005680E882C
:108BE0000EFA02F42640A64210D196000CFA06F7BF
:108BF00025EA070703FA06F5CE783D43282E02D072
:108C0000482E02D002E0446100E00461521C082AB0
:108C1000E5D305600A88FF2A1CD94468002202F1C6
:108C200008060EFA06F50E882E40AE420ED19600CA
:108C30000CFA06F7BC4303FA06F7CE783C43282E1D
:108C400000D14561CE78482E00D10561521C082A1A
:108C5000E5D34460F0BD4FF6FF71018002218170C1
:108C60000421C17070470246002092680A4200D079
:108C700001207047806880B2704702460020D268A9
:108C80000A4200D001207047C06880B2704701617D
:108C90007047416170470AB1016170474161704797
:108CA000C160704741F48032826181618261816973
:108CB000806970472C4B10B51A684FF680742240BB
:108CC00042EA00100843186010BD2849C861704787
:108CD000F0B5254C002801DAE36900E06368450D32
:108CE0002E0185B2C0F30157B540C0F30342032FF4
:108CF00005D0C6020AD503269640B34307E023F009
:108D00007062636823F07063636002E0AB4343F01A
:108D1000706201B12A43002801DAE261F0BD6260AD
:108D2000F0BD10B58A0721F003040F49120F21444A
:108D30000F238C6893409C438C608B689040034366
:108D40008B6010BD0949C1F8DC0070470008014084
:108D5000000C0140001001400014014000180140C7
:108D6000001C0140002001400000014000002042A2
:108D70000D49086070470C49486070470A4988608F
:108D8000704709494AF6AA200860704706494CF620
:108D9000CC4008607047044A01460020D2680A426D
:108DA00000D001207047000000300040A548016855
:108DB00041F0010101604168A34A1140416001682E
:108DC000A24A11400160016821F4802101604168DC
:108DD00021F4FE0141604FF41F0181607047994901
:108DE0000A6822F480320A600A6822F480220A604B
:108DF000B0F5803F07D0B0F5802F03D1086840F46C
:108E0000A02008607047086840F48030F9E7034606
:108E1000002059098B4A01290AD002290AD0516A37
:108E200003F01F02012393400B4200D00120704742
:108E30001168F5E7116AF3E718B500204FF4A06454
:108E400000903120FFF7E3FF0099491C0091A142F7
:108E500001D00028F5D03120FFF7D9FF002800D03D
:108E6000012018BD774A116821F0F80141EAC000DD
:108E700010607047764908607047724B5A68084323
:108E800022F47C121043586070477149086670479D
:108E90006C4A516821F003010143516070476948F1
:108EA000406800F00C007047664A516821F0F001FC
:108EB000014351607047634A516821F4E061014306
:108EC000516070475F4A516821F4605141EAC00027
:108ED000506070475B4A0029517A01D0014300E09D
:108EE0008143517270475A49C1F8D8007047554ABA
:108EF000516821F4404101435160704751490022BB
:108F000081F8202081F82020012802D0042802D1F5
:108F1000052081F8200070474E4908607047494994
:108F20000A6A02430A6270474A4944390860704736
:108F300030B5444A5168484B11F00C0103D0042964
:108F400001D0082901D0036012E05168536801F490
:108F500070114FF0020413F4803F04EB914102D0F2
:108F600053689B0301D53D4B00E03B4B59430160E7
:108F700051680F2303EA1111394B5C5C0168E14031
:108F800041605468072505EA14241C5D21FA04F4A5
:108F90008460546805EAD4241B5DD940C1605268DE
:108FA000032303EA92322E4B1B1F9A5CB1FBF2F1B2
:108FB000016130BD234A0029516901D0014300E01D
:108FC0008143516170471F4A0029916901D00143D3
:108FD00000E08143916170471A4A0029D16901D0AC
:108FE000014300E08143D1617047164A0029D168EE
:108FF00001D0014300E08143D1607047114A00294C
:10900000116901D0014300E08143116170471149AA
:109010004039086070470E49C86470470949C871F3
:1090200070470848416A41F0807141627047054AC3
:109030000146002092680A4200D001207047014991
:1090400088727047001002400000FFF8FFFFF6FE34
:10905000000042428004424200127A0000093D00B2
:1090600004000060424A0029118801D0014300E059
:109070008143118070473E48001D018841F0100176
:10908000018070473A48001D018821F010010180DD
:10909000704737481C30008835491831098840EA44
:1090A0000140704700B50246FFF7E5FF3049100C5C
:1090B00018310880081D02805DF804EBE2E700B576
:1090C0000246FFF7D8FF2A49C2F30340083108805F
:1090D000081D02805DF804EBD4E700B50246FFF7F7
:1090E000CAFF2349100C20310880081D02805DF85A
:1090F00004EBC7E71E48103000880007010B1C482E
:1091000014300088084370471948001D01888906FB
:10911000FCD570471648001D018821F00801018028
:1091200001880907FCD570470146114A0020121D2D
:1091300012880A4200D0012070470D49091D0A8893
:1091400082430A8070470A49091D0988C2B211404A
:10915000074A1288024202D009B10120704700205C
:1091600070470349091D0A8882430A80704700003E
:1091700000280040994910B588420AD18414012181
:109180002046FFF732FF2046BDE810400021FFF7E0
:109190002CBF9349884202D10121041404E0914973
:1091A00088420AD10121C4132046FFF727FF204639
:1091B000BDE810400021FFF721BF10BD30B5028887
:1091C0004C8802F441530A88CD8822438C882C4372
:1091D00022430C8922434C8922438C892243CC8927
:1091E00022431A430280828B22F400628283098A1E
:1091F000018230BDF0B505460C4602200021AA8B45
:1092000085B001264FF240031A40AA832884AF8B11
:10921000A268022A21D0A08800B102266846FFF782
:1092200087FEE1880098B1F5007F2CD07101B0FB7A
:10923000F1F000EB8000A1684000B0FBF1F0401DB0
:1092400080B20A21B0FBF1F000F00101401A4FF6A4
:10925000FF72C0F34F0002EA0121821EFE2A01D3F1
:1092600002200021E288084302432A842088618882
:10927000A2890843A18811430843384340F40060A1
:10928000A88305B0F0BD000AD3E70021018041802A
:109290008180C180018141818181C1810721018259
:1092A00070470021018041808180C180022282605C
:1092B000818170470029018802D041F0400101E01E
:1092C00021F04001018070470029818B02D041F4D8
:1092D000806101E021F480618183704709090123E5
:1092E0008B40002A828899B201D00A4300E08A4369
:1092F00082807047002A828801D00A4300E08A43B6
:10930000828070478181704780897047A1F57E42D5
:109310000188FF3A02D041F4807101E021F48071AC
:10932000018070470029818802D041F0040101E0EA
:1093300021F0040181807047028822F400620280DB
:1093400002880A4302807047018841F480510180FD
:1093500070470029018802D041F4005101E021F456
:10936000005101807047012901D0008B7047808A2D
:109370007047008A7047B1F5804F018803D021F40F
:1093800080410180704741F48041FAE702460020A5
:1093900012890A4200D001207047C94301817047F9
:1093A00030B501F00F030125024605FA03F4002051
:1093B000A3B2090905FA01F49188A4B212892140E7
:1093C0001A4202D0002900D0012030BD01F00F0266
:1093D00001219140C94301817047000000300140E4
:1093E00000380040003C0040F94910B5884202D1E5
:1093F0000121C41486E0B0F1804F09D0F5498842BC
:109400000DD101210220FFF7F9FD0021022064E0C7
:1094100001210846FFF7F2FD002101205DE0EE4941
:10942000884206D101210420FFF7E8FD0021042035
:1094300053E0EA49884206D101210820FFF7DEFD0A
:109440000021082049E0E649884206D10121102088
:10945000FFF7D4FD002110203FE0E249884206D109
:1094600001212020FFF7CAFD0021202035E0DE4940
:10947000884202D10121441444E0DC49884202D1EF
:109480000121CC043EE0DA49884202D101210C05D9
:1094900038E0D849884202D101214C0532E0D64952
:1094A000884206D101214020FFF7A8FD002140207D
:1094B00013E0D249884206D101218020FFF79EFDAA
:1094C0000021802009E0CE4988420AD1841501217B
:1094D0002046FFF793FD00212046BDE81040FFF72E
:1094E0008DBDC849884202D101210C040AE0C64959
:1094F000884202D101214C0404E0C44988420AD1C7
:1095000001218C042046FFF770FD2046BDE8104085
:109510000021FFF76ABD10BD30B50288AC4CB24DDA
:10952000A0420DD0A8420BD0B0F1804F08D0A94B7B
:10953000984205D0A84B984202D0A84B984203D13C
:1095400022F070034A881A43A54B984206D0A54BD7
:10955000984203D022F44073CA881A4302808A8852
:1095600082850A880285A0420AD0A84208D0A54A6E
:10957000904205D0A44A904202D0A44A904201D120
:10958000097A01860121818230BD30B5028C22F03A
:1095900001020284028C8388048B22F0020224F0F0
:1095A00073050C882C430D8915434A882A43884D3E
:1095B000A8420BD08C4DA84208D0924DA84205D0AD
:1095C000914DA84202D0914DA8420DD122F008053C
:1095D0004A8923F440732A4322F004058A882A43E7
:1095E0008D891D43CB892B4383800483C988818661
:1095F000028430BD70B5028C22F010020284028C0D
:109600008388048B0D8824F4E6464FF6FF7404EA41
:10961000052535430E8922F0200204EA061616437A
:109620004A8804EA02123243694EB04202D06E4EBA
:10963000B04215D122F080064A8923F4406304EA3F
:109640000212324322F040068A8804EA02123243B0
:109650008E8904EA86061E43CB8904EA83033343DA
:1096600083800583C9880187028470BD70B5028C30
:1096700022F480720284028C8388848B0D8824F00B
:10968000730425430E894FF6FF7422F4007204EA36
:10969000062616434A8804EA022232434C4EB04260
:1096A00002D0514EB04215D122F400664A8923F40B
:1096B000405304EA0222324322F480668A8804EA94
:1096C000022232438E8904EA06161E43CB8904EA3D
:1096D0000313334383808583C9888187028470BDE7
:1096E00070B5028C22F480520284058C8288838BB0
:1096F0000C8823F4E6464FF6FF7303EA0424344350
:1097000025F400560D8903EA053535434E8803EAF2
:1097100006362E432E4DA84202D0334DA84205D125
:1097200022F480458A8903EA82122A438280848354
:10973000C988A0F84010068470BD828B22F4406274
:109740008283828B4FF6FF7303EA01210A438283EF
:109750007047828B22F00C028283828B0A438283C1
:109760007047028B22F440620283028B4FF6FF7334
:1097700003EA01210A4302837047F0B5048C24F008
:1097800010040484078B048C4FF6FF7527F473478D
:1097900005EA03333B4305EA02221A430C4B05EA70
:1097A000011698420ED0104B98420BD0B0F1804F6A
:1097B00008D0084B984205D0074B984202D0074B7F
:1097C000984225D124F02001314341F0100124E0DA
:1097D000002C01400004004000080040000C004044
:1097E000001000400014004000340140004C0140D3
:1097F000005001400054014000180040001C00408F
:109800000020004000400140004401400048014069
:1098100024F0A0030B4343F0100102830184F0BD48
:10982000028B22F00C020283028B0A4302837047F0
:1098300070B5048C24F001040484058B048C4FF66D
:10984000FF7606EA0313134325F0F305F84A2B438A
:1098500090420ED0F74A90420BD0B0F1804F08D022
:10986000F54A904205D0F54A904202D0F44A90421F
:1098700002D124F0020201E024F00A020A4342F07D
:1098800001010383018470BD2DE9F84F0D460446A4
:109890000888E74FDFF89CC3DFF89C83DFF89C93D0
:1098A0004988AA882B894FF0804A48B304282FD0D2
:1098B0004FF6FF760828934632D0208C9E4620F43F
:1098C00080502084A38B208C06EA0132009223F47E
:1098D000734306EA0B221A4306EA0E331343BC42D3
:1098E0000AD0644508D0544506D0444504D04C45C0
:1098F00002D0D34A944242D120F40050009940E073
:109900002046FFF795FFE9882046BDE8F84F87E736
:109910002046FFF732FFE9882046BDE8F84F20E7F0
:10992000208C20F480702084B4F81CE0208C06EA9F
:10993000031306EA01222EF0F30E43EA0B0343EA77
:109940000E030092BC420AD0644508D0544506D0AC
:10995000444504D04C4502D0B94A944203D120F486
:109960000070009901E020F42060084340F480700A
:10997000A3832084E9882046BDE8F84FE9E620F477
:109980000240084340F48050A3832084E9882046A5
:10999000BDE8F84FD1E62DE9F0410C460026498894
:1099A0000746012501B90226A288012A00D1022515
:1099B000208823890028384610D0FFF7DEFEE18892
:1099C0003846FFF7CEFE23892A4631463846FFF750
:1099D0002FFFE1883846BDE8F04121E7FFF728FF77
:1099E000E1883846FFF71CFF23892A46314638466E
:1099F000FFF7C3FEE1883846BDE8F041B1E610B597
:109A00000A884B88CC881A438B8823431A430B89D6
:109A10001A434B8989891A430A43A0F8442010BD90
:109A20004FF6FF71818000210180C1804180017269
:109A300070470021018041808180C1800181418186
:109A40008181C18170470021018041800122828093
:109A5000C180018170470021018041808180C180E7
:109A600001814181818170470029018802D041F044
:109A7000010101E021F0010101807047002930F867
:109A8000441F02D041F4004101E0C1F30E01018006
:109A90007047002A828901D00A4300E08A4382810C
:109AA0007047818270471143A0F848107047002A20
:109AB000828901D00A4300E08A438281704701898C
:109AC00021F0070101817047028922F070020A43E8
:109AD0000281704700B50346FFF7F6FF188940F092
:109AE0000700188100BD70B516460D466029044672
:109AF0004FF0010231460AD0FFF79AFE2946204670
:109B0000FFF7E2FF208940F00700208170BDFFF7DA
:109B100034FEF3E730B504894FF6FF7505EA0323F9
:109B20001343E4B20B432343038130BD10B5044615
:109B3000FFF7F0FF208940F07700208110BD10B5BD
:109B40000446FFF7E7FF208940F48040208110BDE4
:109B5000018582827047028822F070020A430280E7
:109B6000704770B50589048B068C25F007050D43F9
:109B70004FF6FC410C4040F201110C434FF6FF71CF
:109B800001EA031126F022061143314305810483C3
:109B9000018470BD028B22F070020A430283704779
:109BA000028B4FF6FF7322F4E04203EA01211143D6
:109BB00001837047828B22F070020A4382837047D0
:109BC000828B4FF6FF7322F4E04203EA0121114336
:109BD000818370470029018802D041F0800101E0B3
:109BE00021F08001018070470029818802D041F076
:109BF000040101E021F0040181807047002981887F
:109C000002D041F0080101E021F008018180704795
:109C10000029818802D041F0010101E021F0010119
:109C200081807047028B22F008020A43028370474A
:109C3000002C0140003401400004004000080040B6
:109C4000000C0040028B4FF6FF7322F4006203EA1F
:109C5000012111430183EAE7828B22F008020A43C3
:109C60008283E4E7828B4FF6FF7322F4006203EAFB
:109C7000012111438183DAE7028B22F004020A43B7
:109C80000283D4E7028B4FF6FF7322F4806203EA6B
:109C9000012111430183CAE7828B22F004020A43A7
:109CA0008283C4E7828B4FF6FF7322F4806203EA5B
:109CB000012111438183BAE7028B22F080020A431B
:109CC0000283B4E7028B4FF6FF73C2F30E0203EA7E
:109CD000012111430183AAE7828B22F080020A430B
:109CE0008283A4E7828B4FF6FF73C2F30E0203EA6E
:109CF0000121114381839AE7028C22F002020A4378
:109D0000028494E7028C22F008020A4302848EE760
:109D1000028C4FF6FF7322F0200203EA0111114377
:109D2000018484E7028C4FF6FF7322F0800203EA7D
:109D30000111114301847AE7028C4FF6FF7322F47C
:109D4000007203EA01211143018470E7028C4FF68F
:109D5000FF7322F4006203EA01211143018466E7E4
:109D6000028C4FF6FF7322F4005203EA01311143D3
:109D700001845CE710B50123048C8B409C43048470
:109D8000038C8A401343038410BD10B50423048C54
:109D90008B409C430484038C8A401343038410BD8E
:109DA00030B50124058C00F118038C40A5430584CF
:109DB00089B108290FD0091FC1F34E00184401686A
:109DC00021F4E041016001684FF6FF7303EA0222CB
:109DD0001143016030BD03EB5100016821F07001B7
:109DE00001600168F4E70029018802D041F0020116
:109DF00001E021F00201018019E70029018802D069
:109E000041F0040101E021F0040101800FE7002985
:109E1000818802D041F0800101E021F08001818041
:109E200005E7028822F00802028002880A430280C5
:109E3000FDE6828822F07002828082880A43828056
:109E4000F5E6028922F00702028102890A430281B3
:109E5000EDE6028922F08002028102890A43028132
:109E6000E5E68184E3E68185E1E68186DFE6018738
:109E7000DDE68187DBE6A0F84010D8E6028822F410
:109E80004072028002880A430280D0E6808ECEE6CD
:109E9000008FCCE6808FCAE6B0F84000C7E6808C21
:109EA000C5E6008DC3E602460020128A0A4200D0B1
:109EB0000120BCE6C9430182B9E602460020138AAC
:109EC00092890B4202EA010202D0002A00D001204E
:109ED000ADE6C9430182AAE6C44910B588420AD159
:109EE00001218C032046FFF780F82046BDE8104092
:109EF0000021FFF77AB8BE49884202D101214C0403
:109F000010E0BC49884202D101218C040AE0BA4920
:109F1000884202D10121CC0404E0B84988420AD128
:109F200001210C052046FFF769F82046BDE81040E6
:109F30000021FFF763B810BD30B50446008A85B034
:109F40000D464CF6FF710840E98801432182A08943
:109F50004EF6F3110840A9882A8911436A89024301
:109F60001143A181A08A4FF6FF410840A98901430E
:109F7000A1826846FEF7DCFF9C48844201D1039829
:109F800000E00298A189090400EBC00101EB001078
:109F9000296801D5490000E08900B0FBF1F0642296
:109FA000B0FBF2F109010B096FF018056B4300EBF0
:109FB0008300A3891D044FF0320306D503EBC000D4
:109FC000B0FBF2F000F0070005E003EB0010B0FB7F
:109FD000F2F000F00F000843208105B030BD4FF4CF
:109FE0001651016000218180C18001810C224281D3
:109FF0008181704710B5028A4FF2FF031A400B8827
:10A000004C8823438C88C9880C4323431343038221
:10A0100010BD0021018041808180C18070470029EE
:10A02000818902D041F4005101E021F40051818185
:10A03000704710B5C1F3421301F01F040121A14084
:10A04000012B07D0022B07D01430002A026805D05C
:10A050000A4304E00C30F8E71030F6E78A43026068
:10A0600010BD002A828A01D00A4300E08A4382821E
:10A070007047028A22F00F020282028A0A43028299
:10A080007047828922F40062828182890A43828138
:10A0900070470029818902D041F0020101E021F0DE
:10A0A000020181817047028A22F020020282028A24
:10A0B0000A43028270470029018A02D041F480419C
:10A0C00001E021F4804101827047C1F308018180E1
:10A0D00070478088C0F308007047818941F0010112
:10A0E00081817047028BD2B20283028B42EA012146
:10A0F00001837047028B02F47F420283028B0A4382
:10A10000028370470029818A02D041F0200101E0DA
:10A1100021F02001818270470029818A02D041F01C
:10A12000100101E021F01001818270470029818A2D
:10A1300002D041F0080101E021F00801818270475E
:10A140000029818902D041F4004101E0C1F30E01F0
:10A15000818170470029818A02D041F4006101E0C9
:10A1600021F4006181827047828A22F00402828297
:10A17000828A0A43828270470029818A02D041F094
:10A18000020101E021F002018182704702460020B5
:10A1900012880A4200D001207047C94301807047ED
:10A1A00070B501F01F0501260024C1F3421306FA21
:10A1B00005F2012B0FD0022B0FD0838A4FEA112119
:10A1C0000088134206FA01F600EA060001D000B149
:10A1D0000124204670BD8389F0E7038AEEE70A0A6E
:10A1E00001219140C94301807047000000380140BF
:10A1F0000044004000480040004C00400050004037
:10A2000010B50120FEF703FFBDE810400020FEF767
:10A21000FEBE1F49086070471D49091F086070474E
:10A220001B498431086070471A4A118821F4607113
:10A23000014311807047174A118821F07F010143C3
:10A2400011807047134A08B52C3A10440090016001
:10A2500008BD104908B52C3908440090008808BD95
:10A260000B489C300068C0B270470A48083001882B
:10A2700041F00101018070470548A0300068C0B27C
:10A28000704704480830018841F00201018070479E
:10A2900004860D422C6C004010B501210C072046AD
:10A2A000FEF7ACFE2046BDE810400021FEF7A6BE3A
:10A2B0002149086270472049086170471F4A1168A8
:10A2C00021F0E0010143116070471B49C1F8A00073
:10A2D00070471A4B1A6822F0030202431A601848AA
:10A2E000026842F004020260012905D020BF016823
:10A2F00021F004010160704730BFF8E70F480168A2
:10A3000041F004010160016841F0020101600C4864
:10A31000016841F00401016030BF7047074A0146FF
:10A32000002052680A4200D00120704703490A68A1
:10A3300042EA80000860704700000E420070004052
:10A3400010ED00E04FF480701D4908604FF4F0708C
:10A350001C4908601C481D4908604FF0BB301C496F
:10A3600008601C481C4908604FF0BB301B4908605E
:10A370001B481C4908601C481C49086018481C49B7
:10A3800008604FF044301B49086041F201004FF073
:10A39000204108604FF44070174908606FF070402A
:10A3A000164908601648804716480047FEE7FEE752
:10A3B000FEE7FEE7FEE7FEE7FEE7FEE7FEE7FEE775
:10A3C0001410024018100240BB44BBB400140140FA
:10A3D00004140140BB4444B4001801400418014077
:10A3E000BBBBBB44001C01404444BBBB041C01403C
:10A3F0000020014004200140040000A0040100A04E
:10A40000BD83000831810008924A00284FF00801FE
:10A41000104601D0FEF73BBCFEF73BBC8D4A00283E
:10A420004FF00401104601D0FEF731BCFEF731BCFD
:10A4300004218848FEF717BC08218648FEF713BCA4
:10A4400038B501210420FEF7BEFD0C20ADF8000058
:10A4500010208DF8030003207E4C8DF80200694621
:10A460002046FEF7AAFB0C212046FEF710FC38BD63
:10A47000784810B5016821F470610160016841F409
:10A48000407101600120FFF7C9FF0120FFF7BCFF09
:10A49000042003F0B3FA0020FFF7C0FF042003F00C
:10A4A000ADFABDE810400020AEE76A4810B501687B
:10A4B00021F470610160016841F440710160002085
:10A4C000FFF7A2FF0020FFF7A9FF042003F096FA90
:10A4D0000120FFF799FF0120FFF7A0FFBDE8104022
:10A4E000042003F08BBA10B500240120FFF796FF7B
:10A4F0005848016821F470610160016841F400610D
:10A500000160012003F07AFA0120FFF77DFF0120AE
:10A5100003F074FA07E0641CE4B2FA2C03D9FFF7E5
:10A52000C4FF012010BDFFF783FF0028F3D1FFF720
:10A530006BFF002010BD10B50020FFF765FF4548F8
:10A54000016821F470610160016841F440710160AB
:10A550000020FFF763FF022003F050FA0120FFF70D
:10A5600053FF022003F04AFABDE8104000204BE7F9
:10A5700010B50020FFF748FF3648016821F47061EC
:10A580000160016841F4407101600120FFF746FF5E
:10A59000022003F033FA0120FFF736FF022003F018
:10A5A0002DFABDE8104000202EE770B50546294879
:10A5B000016821F470610160016841F4407101603B
:10A5C0000020FFF721FF0024E809FFF727FF6806B6
:10A5D000050E022003F012FA0120FFF715FF0220FA
:10A5E00003F00CFA0020FFF70FFF022003F006FA39
:10A5F000641CE4B2082CE7D370BD70B5064615485C
:10A600000024016821F470610160016841F4006177
:10A61000016025460020FFF7F7FE022003F0EEF967
:10A620000120FFF7F1FE6006040EFFF701FF08B1FD
:10A63000641CE4B2012003F0E1F96D1CEDB2082DB9
:10A64000E8D31EB1FFF777FF204670BDFFF790FFFC
:10A65000FAE7000000080140FFF7F2BE10B504461B
:10A66000FFF706FF200AA02101EB4000C0B2FFF770
:10A670009CFFFFF738FFE0B2FFF797FFFFF733FFCC
:10A68000FFF7F6FEA120FFF790FFFFF72CFF002059
:10A69000FFF7B3FF0446FFF708FF204610BD70B573
:10A6A0000D460446FFF7E4FE200AA02101EB40001E
:10A6B000C0B2FFF77AFFFFF716FFE0B2FFF775FFB2
:10A6C000FFF711FF2846FFF770FFFFF70CFFFFF7BA
:10A6D000ECFEBDE87040052003F0AFB92DE9F04174
:10A6E00016460D460746002409E0E00025FA00F072
:10A6F000C1B2381980B2FFF7D2FF641CE4B2B44291
:10A70000F3D3BDE8F0812DE9F0410D46014600206C
:10A7100004464E1908E00702301B401E80B2FFF7C6
:10A720009DFF641C3844E4B2AC42F4D3E9E710B5B1
:10A73000FF20FFF793FF55280AD05521FF20FFF790
:10A74000AEFFFF20FFF78AFF552801D0012010BD82
:10A75000002010BD70B515460E46044608E02046A0
:10A76000641CA4B2FFF77AFF6D1E06F8010BADB2B0
:10A77000002DF4D170BD70B514460D46064606E0B6
:10A7800029783046FFF78BFF761CB6B26D1C641E2D
:10A79000A4B2F5D270BD00000146E348028822F061
:10A7A0003802028002880A4302800121FEF782BD3E
:10A7B0002DE9F041074600244FF48055DA4E03E0BE
:10A7C000641CA4B2AC420FD202213046FEF7DEFD7B
:10A7D0000028F5D039463046FEF794FD002406E007
:10A7E000641CA4B2AC4202D30020BDE8F081012178
:10A7F0003046FEF7CBFD0028F2D03046FEF784FD50
:10A80000C0B2F2E7F0B5074687B0012141F234004B
:10A81000FEF7D9FBE020ADF814001825C34C8DF8E5
:10A82000175003268DF8166005A92046FEF7C5F9D6
:10A83000E0212046FEF72BFABD48002490F82300C3
:10A84000092801D00B281BD101210802FEF7BBFB10
:10A850004FF48050ADF814008DF8166010208DF87C
:10A86000170005A9B348FEF7A8F90220ADF80600C5
:10A870000120ADF80800B048ADF80C50C0F8B04168
:10A88000ADF800404FF48270ADF802004FF4007054
:10A89000ADF80440ADF80A00ADF80E400720A24C18
:10A8A000ADF8100069462046FEF788FC01212046DD
:10A8B000FEF700FDFF20FFF77BFFFF20FFF778FF8B
:10A8C000FF20FFF775FF012F04D01820FFF764FF6A
:10A8D00007B0F0BD3820F9E701469848028822F019
:10A8E0003802028002880A4302800121FEF7E2BC9E
:10A8F0002DE9F041074600244FF480558F4E03E0C8
:10A90000641CA4B2AC420FD202213046FEF73EFDD9
:10A910000028F5D039463046FEF7F4FC002405E067
:10A92000641CA4B2AC4201D300205EE70121304692
:10A93000FEF72CFD0028F3D03046FEF7E5FCC0B250
:10A9400053E770B586B001213820FEF73CFB0121AA
:10A95000C803FEF741FB3820ADF800001826784DFB
:10A960008DF8036003248DF8024069462846FEF7FF
:10A9700024F938212846FEF78AF96D48102255013E
:10A9800090F8230001280AD0052808D0042814D004
:10A99000072812D00C2810D008280ED01CE0202048
:10A9A000ADF800008DF80240664C8DF80320694632
:10A9B0002046FEF702F920210BE0ADF800508DF89B
:10A9C0000240614C8DF8032069462046FEF7F5F8F9
:10A9D00029462046FEF75DF90020ADF80400ADF8E9
:10A9E00008004FF48271ADF806100221ADF80A108C
:10A9F000ADF810600121ADF81200ADF80C10072081
:10AA00004E4CADF81400ADF80E5001A92046FEF7EB
:10AA1000D5FB01212046FEF74DFCFF20FFF768FF24
:10AA20003820FFF759FF06B070BD0146474802883D
:10AA300022F03802028002880A4302800121FEF7D8
:10AA400039BC2DE9F041074600244FF480553F4EB4
:10AA500003E0641CA4B2AC420FD202213046FEF7E0
:10AA600095FC0028F5D039463046FEF74BFC002413
:10AA700005E0641CA4B2AC4201D30020B5E601217C
:10AA80003046FEF783FC0028F3D03046FEF73CFC4E
:10AA9000C0B2AAE630B587B001210820FEF793FACC
:10AAA00001218803FEF798FA4FF46044ADF8144092
:10AAB00018208DF817000320214D8DF8160005A9E8
:10AAC0002846FEF77AF821462846FEF7E0F8684661
:10AAD000FEF7DBFB0020ADF800004FF48271ADF80B
:10AAE0000210ADF808006915ADF80A103821ADF86C
:10AAF0000C10ADF80400ADF80600ADF80E0007200C
:10AB0000124CADF8100069462046FEF757FB0121B4
:10AB10002046FEF7CFFBFF20FFF793FF1020FFF743
:10AB200084FF07B030BD0000003001400008014044
:10AB3000143900200020014000002442003C004065
:10AB4000000C01400010014000140140003800409A
:10AB5000A248A1494160A249416070479F480169EC
:10AB600041F08001016170479C48C068C10701D075
:10AB700001207047410701D502207047C00601D56A
:10AB8000032070470020704710B50446FFF7ECFF24
:10AB9000012803D0002C00D1FF2010BD012002F0BD
:10ABA0002DFF641E2404240CF0D1F5E770B5054692
:10ABB00045F6FF763046FFF7E7FF002812D1874CB5
:10ABC000206940F0020020616561206940F040008A
:10ABD00020613046FFF7D8FF012803D0216921F01A
:10ABE0000201216170BD2DE9F041064640F6FF7774
:10ABF0000D463846FFF7C8FF00280ED1774C206974
:10AC000040F00100206135803846FFF7BDFF012884
:10AC100003D0216921F001012161BDE8F0810088A4
:10AC20007047C10703D030F8010C000A7047008854
:10AC3000C0B270472DE9F04116460F460546002484
:10AC400007E037F814102846FFF7CDFF641CA4B2C4
:10AC5000AD1CB442F5D3E0E710B5002305E030F8B1
:10AC6000024B21F813405B1C9BB29342F7D310BDFB
:10AC70002DE9F05F8246A0F1006088461546B0F5E8
:10AC8000002F4BD2C0F34906C70AC6F58064A5421F
:10AC900000D81446DFF84CB14FF0006000EBC7203D
:10ACA00081464FF480624F49FFF7D6FF00204FF6F0
:10ACB000FF7206E033183BF81310914203D1401C99
:10ACC00080B2A042F6D3A04224D24846FFF76EFFDE
:10ACD00000205A4606E038F810108319401C22F86C
:10ACE000131080B2A042F6D348464FF480623D492B
:10ACF000FFF7A0FFA54211D0281B08EB44080AEB80
:10AD0000440A002685B24FF480647F1CA542C3D854
:10AD10002C46C1E7224641465046E9E7BDE8F09F90
:10AD200070B50D46044600232F4E08E0B44208D209
:10AD30002046FFF776FFE8545B1C9BB2641C9342ED
:10AD4000F4D370BD13B5012201A9FFF791FF1CBD1B
:10AD50002DE9F04707460024A0F1006090460D461B
:10AD6000B0F5002F24D200264FF48069DFF87CA0D4
:10AD700014E0687815F8021B4A4601EB00202AF817
:10AD80001400641CA4B2944206D10024174938462A
:10AD9000FFF76EFF07F50067B61CB6B24645E8D36D
:10ADA000002C05D022463846BDE8F0470F495FE742
:10ADB000BDE8F08710B501680D4A1140B1F1005FA0
:10ADC00009D141680B4C21600068FDF7BDF920688E
:10ADD000BDE81040004710BD230167450020024038
:10ADE000AB89EFCDD00D006000000880D005006079
:10ADF0000000FE2F1420002010B54E4C01212046EB
:10AE0000FFF751F82046BDE810400121FFF752B886
:10AE10007FB50D46044601210220FEF7DDF8ADF8AE
:10AE20000440ADF800500024424DADF80640ADF8A6
:10AE3000024069462846FEF76FFB1D218DF80C1075
:10AE40008DF80D4002208DF80E0001208DF80F00C6
:10AE500003A8FDF714FB012211462846FEF719FE50
:10AE600001212846FEF700FE7FBD70B5BF20EFF33D
:10AE7000118480F31188BFF34F8FBFF36F8F2E4D76
:10AE800001212846FFF70FF82C4A012802D150680B
:10AE9000401C50602A4900230868401C0860118843
:10AEA000B1F57A7F02D2491C118004E02549086877
:10AEB000401C0860138024480188491C01800188D7
:10AEC00042F21072914200D9038001212846FEF718
:10AED000F1FF84F3118870BD7FB50D460446012152
:10AEE0001020FEF779F8ADF804400020ADF80050CE
:10AEF000114CADF80600ADF8020069462046FEF799
:10AF00000BFB36208DF80C0001218DF80D1003226B
:10AF10008DF80E208DF80F1003A8FDF7B0FA01226E
:10AF200011462046FEF7B5FD01212046FEF79CFDA7
:10AF30007FBD0000000400400010004018200020E9
:10AF40007800006058010060C205006030B56423DD
:10AF5000B0FBF3F4B0FBF3F5E4B203FB1500132CE4
:10AF600001D96430C0B200EB90030724B3FBF4F5C1
:10AF700004FB1533B64D1A440D44800715F8015CE7
:10AF80002A4492B203D1032901D2521E92B2B2FBDB
:10AF9000F4F004FB102030BD81070CD16421B0FB1C
:10AFA000F1F201FB120141B94FF4C871B0FBF1F2AB
:10AFB00001FB120008B100207047012070472DE905
:10AFC000F043DFF890820746B0FBF8F3A248160082
:10AFD0000C4601D1002101800188994235D00380BF
:10AFE00040F2B2754FF4B77C4FF4B6790CE02846C6
:10AFF000FFF7D2FF20B1634508D3A3F5B77301E093
:10B00000A3F26D136D1CADB24B45F0D8A5F5FA65F2
:10B01000A571581CDFF838C2A4F8070000250CF110
:10B020000C0C0CE0A079FFF7B7FF08B1012D44D05C
:10B030001CF80500984204D81B1A6D1CADB21C2BDD
:10B04000F0D26D1C65715B1CE370B7FBF8F108FB77
:10B0500011704FF46161B0FBF1F2A270B0FBF1F23C
:10B0600001FB12033C22B3FBF2F36370B0FBF1F37C
:10B0700001FB1300B0FBF2F102FB11002070A0797C
:10B08000E278617900F5FA60FFF760FF2071012E28
:10B0900011D1A179714801F5FA610180617981705E
:10B0A000E178C170217901716D48A17801706178F2
:10B0B000417021788170BDE8F0831D2BC1D31D3B09
:10B0C000BBE710B5FDF7E5FF01226649FFF777FF03
:10B0D000002010BD2DE9F05F99468C46DDE90AABF2
:10B0E000002300F11E019046822902D30120BDE811
:10B0F000F09F40F2B27400F5FA655B4E5B4F08E0DA
:10B100002046FFF749FF08B1334400E03B44641C8C
:10B11000A4B2AC42F4D3ACF1010C4D4F0CF0FF06DD
:10B1200000240C37DFF82CC10EE0385D40F2A3217B
:10B13000484303EBC013A8B2FFF72EFF10B1012C58
:10B1400000D16344641CA4B2B442EED340F2A32104
:10B1500008FB01F003EBC0113E48C9EB4912404225
:10B160000144C2EB092001EB0011CAEB0A1001EB0C
:10B17000800000EB0B0401214FF0C050FDF72CFFC5
:10B180000120FFF795F80C9911B92046FDF78AFFC9
:10B19000FDF7BAFF2046AAE73EB500240420FFF7DA
:10B1A00058F845F25005A84246D001214FF0C05052
:10B1B000FDF712FF0120FFF77BF8FFF721F80120D0
:10B1C000FDF79CFE08E0641CE4B20A2002F035FCA6
:10B1D000FA2C01D300203EBD4120FDF718FE0028C7
:10B1E000F1D04FF48070FDF79AFE0120FDF79CFE30
:10B1F000FDF78AFFFDF78EFF01210846FDF732FFBC
:10B20000FDF782FFFDF737FF47F6FF70FDF757FFA9
:10B21000FDF77AFF002237212A208DE807000F234F
:10B220001B2208211020FFF755FFFDF72BFF2946B1
:10B230000420FFF707F807E0FDF76CFF012108463F
:10B24000FDF710FFFDF760FFFFF73BFF01203EBD5C
:10B250003CC503088051010020200020B8200020B8
:10B26000BE000060D01500600085E2018033E1017E
:10B27000FE4991F82310012913D0052911D0042982
:10B280000FD007290DD00C290BD0082909D002298D
:10B2900005D0062903D0092901D00B2903D1FFF7D6
:10B2A00087BAFFF725BB7047F04890F823000128C4
:10B2B00014D0052812D0042810D007280ED00C284E
:10B2C0000CD008280AD0022805D0062803D0092867
:10B2D00001D00B2805D13820FFF75EBA3820FFF7E0
:10B2E000FBBA7047E14890F82300012814D00528E4
:10B2F00012D0042810D007280ED00C280CD0082813
:10B300000AD0022805D0062803D0092801D00B282E
:10B3100005D11820FFF740BA1820FFF7DDBA7047B3
:10B32000D248012190F82300012813D0052811D01C
:10B33000CF4A042812D0072810D00C280ED0082895
:10B340000CD002280DD006280BD009280CD00B28D1
:10B350000AD00CE0C748C0F8941108E0C2F8A41164
:10B3600005E0C2F88C1102E0C348C0F8B011FF201C
:10B370007EE770B5002441F6FF75FF20FFF778FFE8
:10B38000FF2806D0641CFDF7FCFCAC42F5D301207D
:10B3900070BD002070BDB54810B590F823000021A5
:10B3A000012813D0052811D0B14A042812D007284B
:10B3B00010D00C280ED008280CD002280DD006285A
:10B3C0000BD009280CD00B280AD00CE0A948C0F8F3
:10B3D000941108E0C2F8A41105E0C2F88C1102E053
:10B3E000A548C0F8B011FFF7C4FF002802D0FFF74E
:10B3F00097FF012010BD70B505464FF6FF7401E0C0
:10B40000641EA4B2FF20FFF733FFA84202D0002C35
:10B41000F6D102E00CB1002070BDFF2070BD70B508
:10B4200004460D46FE20FFF7E6FF28B1012070BD5F
:10B43000FFF71EFF04F8010B6D1EADB24FF0FF00C9
:10B44000F6D2FFF715FFFF20FFF712FF002070BDB7
:10B4500070B50C460546FFF78CFF08B1012070BDA2
:10B460002046FFF705FFFD2C18D000244FF400768E
:10B47000285DFFF7FDFE641CA4B2B442F8D3FF20A0
:10B48000FFF7F6FEFF20FFF7F3FEFF20FFF7F0FEC9
:10B4900000F01F00052801D0022070BD002070BD03
:10B4A00070B516460C460546FFF73AFFFFF773FFE7
:10B4B00008B1FF2070BD45F04000FFF7D9FE200E17
:10B4C000FFF7D6FEC4F30740FFF7D2FEC4F3072010
:10B4D000FFF7CEFEE0B2FFF7CBFE3046FFF7C8FE27
:10B4E0000C2D02D1FF20FFF7C3FE1F24FF20FFF722
:10B4F000BFFE0106DED5641EE4B2F7D270BD70B5A2
:10B500000546012200210A20FFF7CAFF040004D1EA
:10B5100010212846FFF783FF0446FFF701FF0CB117
:10B52000012070BD002070BD70B5054601220021CC
:10B530000920FFF7B5FF040004D110212846FFF7CA
:10B540006EFF0446FFF7ECFE0CB1012070BD002039
:10B5500070BD1FB56846FFF7E7FF10B1002004B0CB
:10B5600010BD9DF800100120B0EB911F09D19DF88E
:10B5700008209DF8091000EB02200844000480090F
:10B58000EDE79DF805009DF80A1000F00F0000EBB4
:10B59000D1109DF809109DF8072001F0030100EB80
:10B5A00041019DF80800800900EB82009DF806200B
:10B5B00002F0030200EB8220401CC91F8840CEE746
:10B5C0002DE9F843294890F82300012812D00528D6
:10B5D00010D004280ED007280CD00C280AD0082838
:10B5E00008D0022809D0062807D0092805D00B2842
:10B5F00003D005E0FFF7A5F902E00120FFF702F90B
:10B60000FFF752FE0024FF20FFF732FE641CA4B2B5
:10B610000A2CF8D30224002195220846FFF740FFA8
:10B620000546012802D0641EA4B2F4D2134E0027AE
:10B63000012D37706FD187224FF4D5710820FFF7A5
:10B640002FFF4FF6FE78012829D001220021372054
:10B65000FFF726FF012200212920FFF721FF012803
:10B660005AD8022030704446012209E014390020E3
:10B6700000802242000022420000244222200020BA
:10B6800000213720FFF70CFF012200212920FFF7BE
:10B6900007FF05004DD0641EA4B2E5D249E00024A6
:10B6A0006F46FF20FFF7E4FD3855641CA4B2042C5C
:10B6B000F7D39DF80200012843D19DF80300AA2882
:10B6C0003FD144464FF08048012200213720FFF748
:10B6D000E7FE012241462920FFF7E2FE050002D0E5
:10B6E000641EA4B2F0D2B4B1012200213A20FFF7C7
:10B6F000D7FE80B90024FF20FFF7BAFD3855641C3F
:10B70000A4B2042CF7D39DF80000400601D5062012
:10B7100000E00420307014E0012030704446012223
:10B7200000211046FFF7BCFE050002D0641EA4B243
:10B73000F5D22CB1012251021020FFF7B1FE00B169
:10B740003770FFF7EDFDFFF7CDFD307810B1002029
:10B75000BDE8F8830DB12846FAE7AA20F8E72DE9FD
:10B76000F0410646374815460078062800D04902C1
:10B770004FF40077012D4FF0010219D01220FFF78E
:10B780008FFE39463046FFF74AFE6D1E044606F529
:10B79000007615F0FF0501D0002CF2D00122002127
:10B7A0000C20FFF77DFEFFF7BBFD2046BDE8F081D2
:10B7B0001120FFF775FE0400F5D139463046FFF73A
:10B7C0002EFE0446EFE770B506461E4815460C46A9
:10B7D0000078062800D04C02012D13D0012809D092
:10B7E000012200213720FFF75BFE012229461720A6
:10B7F000FFF756FE012221461920FFF751FE0400F3
:10B800000AD01AE0012221461820FFF749FE040061
:10B8100013D1FE2130460DE0FC213046FFF718FE23
:10B820006D1E06F5007615F0FF0501D00028F3D057
:10B83000FD210020FFF70CFE0446FFF771FD2046B6
:10B8400070BD000022200020794810B5016821F465
:10B8500070610160016841F4407101600120FEF7F0
:10B86000DDFD012002F0CAF80120FEF7CDFD012028
:10B8700002F0C4F80020FEF7D1FD0A2002F0BEF865
:10B880000020FEF7C1FDBDE810400A2002F0B6B866
:10B89000674810B5016821F470610160016841F4E6
:10B8A000407101600020FEF7AFFD012002F0A6F814
:10B8B0000020FEF7B3FD012002F0A0F80120FEF702
:10B8C000A3FD0A2002F09AF80120FEF7A7FDBDE8CB
:10B8D00010400A2002F092B870B50546544801683D
:10B8E00021F470610160016841F4407101608024BD
:10B8F0002C4201D1002000E00120FEF78FFD052041
:10B9000002F07CF80120FEF77FFD052002F076F8BA
:10B910000020FEF779FD012002F070F86408E7D1FD
:10B92000BDE87040FEF7DFBD70B504464048002515
:10B93000016821F470410160016841F40041016037
:10B940004FF47A7607E0641EE4B201D2042070BDA1
:10B95000304602F053F8FEF76FFD0028F3D028467A
:10B9600070BD2DE9F04706460020307090460F4626
:10B970000120FEF753FD2E4D286820F470602860EA
:10B98000286840F40060286080240120FEF73CFD18
:10B99000012002F033F84046FFF7C6FF814603203E
:10B9A00002F02CF8286820F470402860286840F4E1
:10B9B00040502860FEF73CFD10B1307820433070D5
:10B9C0000020FEF721FD012002F018F86408DCD108
:10B9D000286820F470602860286840F4407028606F
:10B9E000BFB10120FEF71AFD012002F007F8012087
:10B9F000FEF70AFD052002F001F80020FEF704FD25
:10BA00000120FEF70BFD142001F0F8FF4846BDE8C9
:10BA1000F0870020E6E710B5FFF716FF0020FFF7DC
:10BA20005BFF002803D1BDE81040062054E710BD9D
:10BA300000080140FE494000087040F001004870D5
:10BA4000704738B5044601212020FDF7BCFA0821D3
:10BA5000ADF8001010218DF803100321F54D8DF87D
:10BA6000021069462846FDF7A8F808212846FDF788
:10BA70000EF92046FFF7DEFF38BDFFF709BF70B5AE
:10BA80000546FF20002340F231140FE0EA5C5040ED
:10BA90000822060602D584EA400000E04000521E5B
:10BAA000C0B212F0FF02F4D15B1CDBB28B42EDD3CB
:10BAB00070BD10B51446FFF7E2FFA04201D002208E
:10BAC00010BD002010BD7CB50D460446002168461F
:10BAD000FFF747FF90B9002211460DF10100FFF773
:10BAE00040FF58B90022294601A8FFF73AFF28B9BC
:10BAF0009DF8042002216846FFF7DBFFBDF8001027
:10BB000049BA21807CBD10B5FFF79EFEC848407839
:10BB1000BDE81040FFF7E0BE70B50446000AFFF72D
:10BB2000DBFE0546E0B2FFF7D7FE284370BD10B537
:10BB3000FFF78AFEBE480078BDE81040FFF7CCBE94
:10BB4000F8B50546FFF7F3FF06464FF45E50FFF7E2
:10BB5000E3FF50EA060411D1FFF7D5FF04000DD131
:10BB6000642200216846FFF7AEFF040006D10022E0
:10BB700001210DF10200FFF7A6FF0446FFF788FE42
:10BB80001CB900984FEA304028602046F8BD70B5D7
:10BB90000546FFF7CCFF04000FD14FF22D30FFF721
:10BBA000BBFF040009D1FFF7AEFF040005D100225E
:10BBB00001212846FFF787FF0446FFF769FE20466C
:10BBC00070BD10B5FFF7B3FF040004D143F241008C
:10BBD000FFF7A2FF0446FFF75BFE204610BD10B53D
:10BBE0002DF0B0FC94492DF0A0FA94492DF09DFA67
:10BBF000BDE8104092492DF0CABA10B52DF0A2FC54
:10BC000090492DF092FA8D492DF08FFA8C492DF044
:10BC1000BEFABDE810408C492DF081BA2DE9FC41F7
:10BC20001D46174688460646FFF781FF04002FD1C0
:10BC30005FB1012F06D0022F01D0802428E042F20C
:10BC4000164004E042F20B4001E04FF41050FFF7C1
:10BC500063FF040007D01BE0FFF755FF040005D089
:10BC6000012001F0EAFE6D1EEDB2F5D20DB114B166
:10BC70000EE004240CE0002211466846FFF723FF83
:10BC800005460022012101A8FFF71DFF40EA050437
:10BC9000FFF7FEFD54B9BDF80000FFF7AEFF3060BE
:10BCA000BDF80400FFF79BFFC8F800002046BDE880
:10BCB000FC812DE9FC41984615460E460746FFF7E4
:10BCC00036FF040023D15DB1012D06D0022D01D035
:10BCD00080241CE042F6104004E042F60D4001E0F2
:10BCE00042F60640FFF718FF040010D1FFF70BFFE4
:10BCF00004000CD1424600216846FFF7E4FE040030
:10BD000005D10022012101A8FFF7DDFE0446FFF75F
:10BD1000BFFD4CB9BDF80000FFF76FFF3860BDF8FC
:10BD20000400FFF75CFF30602046C0E730B4029C9F
:10BD300023B1012B05D030BC80207047234630BC96
:10BD4000B7E7234630BC69E770B50E460546FFF7F6
:10BD5000EEFE04004BD17DB3012D1AD0022D45D14A
:10BD6000052E43D2DFE806F003060C0F120042F264
:10BD70002F0001E042F22D10FFF7CEFE044636E020
:10BD800042F22B20F8E742F22930F5E742F22A701E
:10BD9000F2E7052E2AD2DFE806F00306090C1000B0
:10BDA00042F22400E8E742F22610E5E742F22020C2
:10BDB000E2E742F22230DFE702E042F22170DBE705
:10BDC000052E13D2DFE806F00306090C0F0042F23D
:10BDD0003200D1E742F23010CEE742F23620CBE714
:10BDE00042F23430C8E742F23770C5E78024FFF7EB
:10BDF0004FFD204670BD7CB50D460646FFF797FE09
:10BE0000040031D14FF46040FFF786FE04002BD1CF
:10BE1000FFF779FE040027D1002211466846FFF79C
:10BE200052FE040020D10022012101A80EE00000F2
:10BE300023200020001401400000C84200002041DF
:10BE400000FF7F4700002F430000E143FFF73BFE68
:10BE5000040009D1BDF80000FFF7CFFE3060BDF847
:10BE60000400FFF7BCFE2860FFF712FD20467CBDF2
:10BE700010B5FFF75CFE040004D143F26D00FFF73C
:10BE80004BFE0446FFF704FD204610BD10B5FFF73A
:10BE90004EFE040004D143F26600FFF73DFE044667
:10BEA000FFF7F6FC204610BD70B5FFF740FE0546D3
:10BEB00043F2A200FFF730FE40EA0504FFF7E8FC7A
:10BEC0001CB94CF2503001F099FD204670BD10B500
:10BED000234C4FF080502060224801F08FFDA014C9
:10BEE0002060BDE810404CF2503001F087BD38B5FD
:10BEF000010A8DF800108DF8010002216846FFF755
:10BF0000BEFD04469DF80000FFF7E6FC002808D1BE
:10BF10009DF80100FFF7E0FC002802D12046FFF762
:10BF2000DBFC38BD10B510492DF0A7F80F492DF0F6
:10BF30002EF90F492DF0F9F82DF040FB80B210BD1D
:10BF400010B50C492DF023F909492DF0EEF82DF02C
:10BF500035FB80B210BD08480068C0F380207047F0
:10BF600010140140A08601000000344200002F435D
:10BF700000FF7F470000C842080C014038B50C465E
:10BF8000054602226946442021F0EAFCBDF8001073
:10BF900045F273525143284A02EB51312960BDF8F2
:10BFA000021043F609525143244A02EB51312160F9
:10BFB00038BD01222249442021F05BBD70B50C46FA
:10BFC0000546FFF7F6FF002807D10A2001F035FDEE
:10BFD00021462846BDE87040D0E770BD1CB5044638
:10BFE00089208DF8000001226946442021F041FD9E
:10BFF00000280BD10A2001F020FD022201A94420D3
:10C0000021F0AEFC01994FEA314121601CBD08B519
:10C010006846FFF7E3FF08BD094920B1E02008703A
:10C0200040F6C41003E0FD20087044F6206048800C
:10C0300070474420704700003850FFFF90E8FFFF32
:10C040001400006070B50024254621F058FD4FF41F
:10C050007A7602E0304601F0F0FCFFF7D8FF20B11D
:10C060002046641CE4B20328F4D3032C00D8022534
:10C07000284670BD2DE9FC4101A96846FFF79EFFE7
:10C08000114EDFF84880124D44B26CB12878401C44
:10C0900028702878052804D9002129703160C8F853
:10C0A00000102046BDE8FC810098642790FBF7F063
:10C0B0002DF03FFA3060019890FBF7F02DF039FA3F
:10C0C000C8F80000E5E70000BC210020C0210020E6
:10C0D000180000602DE9F041054601F042FAF94EE2
:10C0E000B068401CB0603068F74F10B1706930B371
:10C0F0002BE03560B068012827D1002404EB8400D0
:10C1000007EB800000F0C0FE641C142CF6D3EF484F
:10C1100000F0BAFEED48143000F0B6FEEB482830CF
:10C1200000F0B2FEE9483C3000F0AEFEE748503087
:10C1300000F0AAFEE54870631430B06305E0306893
:10C14000E96AC06A884200D83560706A0121401CE3
:10C150007062E86A326981401143316100EB80000E
:10C1600007EB8000291D00F09DFE01F006FA7069C2
:10C1700000280CD03068E96AC06A884207D2D449E6
:10C180004FF080500860BFF34F8FBFF36F8FBDE853
:10C19000F0812DE9FF5F8346DDE90E87994616465B
:10C1A0008A46900001F00EFA05001AD0542001F0E2
:10C1B00009FA040012D025630021CDE90241CDE93E
:10C1C00000874B4632465146584600F0C8FD20468F
:10C1D000FFF780FF012004B0BDE8F09F284601F082
:10C1E0004AFA4FF0FF30F6E770B5044601F0B9F9AE
:10C1F000B44D04B92C68201D00F078FE58B9E06AEF
:10C20000B14A00EB800152F8211021B9012181408F
:10C21000286988432861A06A18B104F1180000F069
:10C2200065FE686A401C68622868844208D1A74895
:10C23000211D3C3000F036FE6868401C686007E055
:10C24000A868401EA860204600F0DAFD00F0CBFD93
:10C2500001F093F9686900280AD02868844207D160
:10C260009B494FF080500860BFF34F8FBFF36F8F33
:10C2700070BD2DE9F041934F0026386B38B1B86995
:10C28000401CB861F86900B1012630467FE7FD68BF
:10C290006D1CFD6008D1786BB96B7963B863386A3F
:10C2A000401C386200F09FFDB86ADFF81C828542AE
:10C2B00009D3786B006880B1786BC068C468606827
:10C2C00085420DD2B8623868C06A00EB800158F828
:10C2D00021000128D6D90126D4E74FF0FF30F1E73D
:10C2E000201D00F003FEA06A18B104F1180000F050
:10C2F000FDFDE06A01213A6981401143396100EB9B
:10C30000800108EB8100211D00F0CCFDE06A396856
:10C31000C96A8842CDD30126CBE72DE9F047002436
:10C32000274601F01EF9674D286B401E2863286BD5
:10C33000F0BBA868654928310126C8B3DFF88891A9
:10C340008846D8F80010E9B1D8F80C00C46804F1A8
:10C35000180000F0CBFD201D00F0C8FDE06A2A693E
:10C3600006FA00F11143296100EB800109EB81001D
:10C37000211D00F097FDE06A2968C96A8842E0D370
:10C38000EE61DEE70CB100F02EFDAC693CB1FFF7C9
:10C3900070FF00B1EE61641EF9D10020A861E86968
:10C3A00030B14B49012738070860BFF34F8F00E0D9
:10C3B00001E0BFF36F8F01F0E0F83846BDE8F08789
:10C3C0002DE9F0413F4E0F460446F5683068001DE8
:10C3D00000F08CFD38B9306890F82C1001208840AE
:10C3E000316981433161601C08D13FB13168BDE8DA
:10C3F000F04136485030091D00F054BD30682C44DF
:10C40000AC424460316805D2B06BBDE8F041091D13
:10C4100000F054BD706B091D00F050FDB06A8442FD
:10C4200000D2B462B3E62748016B491C0163704730
:10C4300070B50E4605460023FFF7F5FF2148C26898
:10C440002C68A119944202D98C4202D804E08C4293
:10C4500001D8914200D9012329601BB1881A00211B
:10C46000FFF7AEFFFFF759FF002807D118494FF03B
:10C4700080500860BFF34F8FBFF36F8F70BD10B552
:10C48000020009D0FFF7CFFF00211046FFF798FF09
:10C49000FFF743FF002807D10D494FF08050086097
:10C4A000BFF34F8FBFF36F8F10BD10B5044601F07F
:10C4B00058F80CB903480468E46A01F05EF82046B5
:10C4C00010BD000028200020DC1500606C17006003
:10C4D00004ED00E0BF22EFF3118182F31188BFF376
:10C4E0004F8FBFF36F8F08B9F7480068C06A81F3B8
:10C4F000118870472DE9F04100260D4604461429A5
:10C5000000D3132501F02DF8EF4F04B93C68606C9F
:10C51000A8423FD03968854206D98C4207D0396895
:10C52000C96AA94202D902E08C4200D10126E16A1F
:10C530008846884200D1E5626564A069002802DB74
:10C54000C5F11400A061E14D08EB8800616905EBBD
:10C550008000814215D1201D00F0C8FC012120B9C6
:10C560003A6901FA08F082433A61E06A3A69814027
:10C570001143396100EB800005EB8000211D00F0C4
:10C5800091FC3EB1D2494FF080500860BFF34F8F0D
:10C59000BFF36F8FBDE8F04100F0EFBF10B5CA4C9C
:10C5A000206B10B10120E0618AE70020E061206883
:10C5B0004FF0A532006B0168914208D14168914269
:10C5C00005D18168914202D1C068904204D02168AF
:10C5D0002068343116F0DBFF2069BC49B0FA80F0E6
:10C5E000C0F11F0000EB800001EB800000F10802A9
:10C5F000416849684160914201D149684160C86819
:10C6000020605DE770B5044600F0ABFFAE4D04B9A5
:10C610002C68201D00F06AFC58B9E06AAB4900EBB9
:10C62000800251F8221021B90121814028698843F4
:10C630002861A06A18B104F1180000F057FC211D10
:10C64000A44800F02FFC00F098FF686928B100F0C2
:10C6500088FF00F0C8FB00F090FF2868844209D1F1
:10C66000686940B19A494FF080500860BFF34F8F1E
:10C67000BFF36F8F70BD9748A9680068884202D1E8
:10C680000020286070BDBDE8704087E770B50400E9
:10C690002BD08D4D2868844227D000F062FF2046C1
:10C6A00000F0B8FBE8B1201D00F020FCE06A012199
:10C6B0002A69814011432961844900EB800001EB24
:10C6C0008000211D00F0EEFBE06A2968C96A8842FB
:10C6D00007D37F494FF080500860BFF34F8FBFF3FF
:10C6E0006F8FBDE8704000F048BF70BD2DE9F0418C
:10C6F00004460026BF20EFF3118580F31188BFF3B5
:10C700004F8FBFF36F8F204600F084FBF0B16E4F68
:10C71000386B20B16F4804F11801283814E0E06A42
:10C720003968C96A884200D30126201D00F0DEFB6B
:10C73000E06A01213A69814011433961634900EBA4
:10C74000800001EB8000211D00F0ACFB85F3118817
:10C7500030461CE55D4E4FF080545D4D00F068FBA7
:10C7600030680128FAD92C60BFF34F8FBFF36F8F69
:10C77000F4E71CB5544800242C30CDE90040234692
:10C78000802255A15648FFF704FD012811D1BF2092
:10C7900080F31188BFF34F8FBFF36F8F4A484FF07C
:10C7A000FF31816201214161C460BDE81C4000F09D
:10C7B000C4BE1CBDBF2080F31188BFF34F8FBFF3F1
:10C7C0006F8F41490020486100F0CABE3E48C068F2
:10C7D00070473D48C06870473B488068704708B95B
:10C7E0003948006834307047024610B536480C4668
:10C7F00001681046183100F061FB2046BDE810408A
:10C800000121DDE5034641F0004010B52E491446F4
:10C810000A68906109681846183100F043FB204609
:10C82000BDE810400121CBE52DE9F041C068C468A6
:10C8300004F11800074600F059FB234D286B012630
:10C8400060B124483946283800F02CFBE06A29689A
:10C85000C96A884212D90120EE6198E4201D00F0D7
:10C8600045FBE06A2A6906FA00F11143296117497C
:10C8700000EB800001EB8000211DE5E7002086E44D
:10C8800070B541F000410160C46800F02FFB201D2D
:10C8900000F02CFB0C4DE06A01262A6906FA00F133
:10C8A00011432961094900EB800001EB8000211D43
:10C8B00000F0F8FAE06A2968C96A884202D90120C2
:10C8C000EE6170BD002070BD28200020DC150060E6
:10C8D00004ED00E0BC17006049444C450000000036
:10C8E00055C70008FE490A6A0260C968416070477E
:10C8F00070B50D46044600F034FEF949CA68286850
:10C90000431C0FD02368096A8B4202D061689142B0
:10C910000AD96168511A814206D2401A286020461D
:10C92000FFF7E0FF002400E0012400F026FE20468F
:10C93000C9E7EB490120C861704708B9E8480068B9
:10C940000021006B01E0401C491C0278A52AFAD0A6
:10C95000C1F38F007047E24800687047E0484169C2
:10C9600019B1006B18B100207047012070470220F8
:10C97000704770B50400A6D0D94DE06A2968C96A2D
:10C980008842A0D2A069002804DB2868C06AC0F1F0
:10C990001400A061E06AD34E00EB8000616906EBF1
:10C9A000800081421FD1201D00F0A0FA012150B962
:10C9B000E06A00EB800256F8222022B92A6901FAC7
:10C9C00000F082432A612868C06AE0622A698140D7
:10C9D0001143296100EB800006EB8000211DBDE8BA
:10C9E000704000F05FBA2868C06AE0626BE770B51B
:10C9F00004004FF000002CD0A16C491EA164636CB0
:10CA0000E26A9A4225D0002923D1201D00F06EFA57
:10CA1000B44AB349012350B9E06A00EB800552F8EB
:10CA2000255025B90D6903FA00F085430D61606C4E
:10CA3000E062C0F11400A061E06A0D6983402B43FD
:10CA40000B6100EB800002EB8000211D00F02AFA50
:10CA5000012038E7A24908680A688069D26A096833
:10CA6000C2F114028A6170479D49086818B10868CC
:10CA7000826C521C82640868704770B50C4606468A
:10CA800000F06FFD964D2868C06C80B929680120C0
:10CA900081F850005CB101212046FFF791FC9249DA
:10CAA0004FF080500860BFF34F8FBFF36F8F00F0DF
:10CAB00064FD00F056FD2868C46C002034B116B146
:10CAC0002968C86402E02A68611ED164296881F877
:10CAD000500000F052FD2046F5E62DE9F0411E46DB
:10CAE00015468846074600F03CFD7D4C206890F8CE
:10CAF0005000022814D02068C16CB943C164216879
:10CB0000012081F850005EB101213046FFF758FC4A
:10CB100075494FF080500860BFF34F8FBFF36F8FA0
:10CB200000F02BFD00F01DFD15B12068C06C2860E1
:10CB3000206890F8500001280DD02068C16C21EACF
:10CB40000801C16401252168002081F8500000F02F
:10CB500014FD284666E40025F5E72DE9F0411F465F
:10CB600090460D460446012600F0FBFC0FB1E06C38
:10CB7000386094F85000022184F85010B8F1050F85
:10CB80000ED2DFE808F00D03060C0A00E16C294321
:10CB900001E0E16C491CE16402E0022803D0E56495
:10CBA000012802D020E000261EE0201D00F09EF9A2
:10CBB0004B4DE06A01212A698140114329614949AD
:10CBC00000EB800001EB8000211D00F06BF9E06AB2
:10CBD0002968C96A884207D943494FF080500860E4
:10CBE000BFF34F8FBFF36F8F00F0C7FC304619E4DF
:10CBF0002DE9F04704464FF00108BF20EFF31185FF
:10CC0000DDF8209080F31188BFF34F8FBFF36F8F53
:10CC10000BB1E06C186094F85000022384F8503097
:10CC2000052A0ED2DFE802F00D03070C0A00E26CC1
:10CC30000A43E26405E0E16C491C01E0022803D0EC
:10CC4000E164012803D027E04FF0000824E0244EDF
:10CC5000306B012778B104F11801244800F022F963
:10CC6000E06A3168C96A884216D9B9F1000F12D05A
:10CC7000C9F8007010E0201D00F038F9E06A326950
:10CC800007FA00F111433161164900EB800001EB16
:10CC90008000211DE2E7F76185F311884046BDE879
:10CCA000F0872DE9F04104468846BF20EFF3118755
:10CCB00080F31188BFF34F8FBFF36F8F94F850103C
:10CCC000022084F85000E06C401CE06401292DD162
:10CCD000034D286B0126C0B104F11801034807E099
:10CCE00028200020DC15006004ED00E094170060AF
:10CCF00000F0D8F8E06A2968C96A884216D9B8F104
:10CD0000000F12D0C8F8006010E0201D00F0EEF80F
:10CD1000E06A2A6906FA00F111432961574900EBDC
:10CD2000800001EB8000211DD9E7EE6187F31188B7
:10CD30000FE510B558B1044600F013FC94F850000C
:10CD4000022807D0002400F018FC20462CE44C48B0
:10CD50000468F1E7002084F850000124F3E72DE98E
:10CD6000F0470E46DDE90984174682469100994650
:10CD7000089DA522206B2BF0F3FF6FF00301206BC1
:10CD800001EB8701084420F0070700202218315CDE
:10CD900082F83410315C11B1401C1028F6D3002603
:10CDA00084F84360142D00D31325E562C4E91156BD
:10CDB000201D00F074F804F1180000F070F82461F0
:10CDC000C5F114006462A061E66484F850604A46CC
:10CDD0005146384600F09AFB2060B8F1000F01D0B0
:10CDE000C8F800405BE72648416B096829B1416BF0
:10CDF000C968C9684968816270474FF0FF31FAE736
:10CE000010B50446006B00F036FC2046BDE810402B
:10CE100000F031BC1B4B426900219A4206D1806A66
:10CE2000A3F12802904201D000B9012108467047C1
:10CE300070B5144E124D143E1CE0FFF7F4FA306842
:10CE400020B10024FFF769FAA4B901E00124F9E751
:10CE500000F087FBF068C468201D00F047F8A86860
:10CE6000401EA8606868401E686000F086FB20468F
:10CE7000FFF7C6FF68680028DFD124E5DC150060F5
:10CE800028200020BC17006000F108014FF0FF329D
:10CE9000C0E90112C16001610021016070470021F9
:10CEA0000161704742684A6093688B60936859607B
:10CEB000916008610168491C0160704730B50C68D9
:10CEC000621C02D000F1080202E0026904E01A4686
:10CED00053681D68A542FAD953684B6099608A600F
:10CEE000516008610168491C016030BDD0E9013220
:10CEF00001699A60D0E901235A604A68824201D1EF
:10CF000082684A60002202610868401E086070471B
:10CF100070B50D46044600F024FBD4E90F122068DA
:10CF200001FB020060600020A0632068A060014651
:10CF3000E06B401E00FB0210E0604FF0FF3084F811
:10CF4000440084F8450004F110004DB1FFF79CFF48
:10CF500004F12400FFF798FF00F00FFB012070BDE3
:10CF600021690029F8D0FFF75FFC0028F4D0FF49C1
:10CF70004FF080500860BFF34F8FBFF36F8FEBE728
:10CF800070B50D00064612D006FB05F0483000F0E3
:10CF900019FB040009D004F1480120464DB101609D
:10CFA000C0E90F650121FFF7B3FF204670BD0020E7
:10CFB000ECE70060F4E72DE9F041044600F0D1FA17
:10CFC00094F9455004F1240609E0606A48B13046FE
:10CFD000FFF72AFC08B1FFF7ACFC6D1E6DB2002D07
:10CFE000F3DC4FF0FF3684F8456000F0C6FA00F03D
:10CFF000B8FA94F9445004F1100709E0206948B1E7
:10D000003846FFF711FC08B1FFF793FC6D1E6DB2B7
:10D01000002DF3DC84F84460BDE8F04100F0ADBAC7
:10D020002DE9F041856B174604460026026C82B15B
:10D03000C7B1E0682BF082FEE168206C091AE1605C
:10D040002268914202D26168081AE060022F16D06D
:10D0500017E02068A8B96068FFF7C9FC0646002001
:10D0600060600EE0A0682BF069FE216CA0680844A7
:10D07000A0606168884204D32068A06001E005B127
:10D080006D1E6D1CA5633046BDE8F0812DE9FF4F94
:10D09000002683B09A468B460446B1464FF080572F
:10D0A000DFF8C88200F05DFAA06BE16B884206D31E
:10D0B000BAF1020F03D00598C8B1DEB11EE05246A6
:10D0C00059462046FFF7ACFF616A19B104F124000C
:10D0D000FFF7AAFB28B1C8F80070BFF34F8FBFF36A
:10D0E0006F8F00F04AFA012007B0BDE8F08F00F022
:10D0F00044FA21E06846FFF7F5FB012600F03DFA0F
:10D10000FFF791F900F02DFA94F94400401C01D189
:10D1100084F8449094F94500401C01D184F845906E
:10D1200000F02BFA05A96846FFF7E2FB30B1204674
:10D13000FFF741FFFFF7F1F80020D5E700F011FA03
:10D14000A06BE16B884201D1012500E0002500F0D1
:10D1500014FA95B104F110000599FFF745FB20463C
:10D16000FFF729FFFFF7D9F800289BD1C8F8007016
:10D17000BFF34F8FBFF36F8F94E72046FFF71BFF7E
:10D18000FFF7CBF88EE710B5024600210120FFF72C
:10D19000F7FE041E07D00021416001600B460A46DD
:10D1A000C160FFF773FF204610BD10B50446FFF7BE
:10D1B000D2FB616888420BD1E068401EE06005D177
:10D1C00000231A4619462046FFF760FF012010BDD4
:10D1D000002010BD30B4026C0B46002A0BD0C16891
:10D1E0001144C1604468A14201D30168C16030BCF0
:10D1F00018462BF0A3BD30BC70472DE9FF4F002629
:10D2000083B09A468B460446B1464FF08057DFF80C
:10D210005C8100F0A6F9A56B35B359462046E66857
:10D22000FFF7D8FFBAF1000F11D0E660606A50B185
:10D2300004F12400FFF7F8FA28B1C8F80070BFF332
:10D240004F8FBFF36F8F00F098F901204CE76D1EF0
:10D25000A563206810B9FFF707FC6060206900280B
:10D26000F1D004F11000E5E7059808B11EB106E021
:10D2700000F083F927E06846FFF734FB012600F051
:10D280007CF9FFF7D0F800F06CF994F94400401CE9
:10D2900001D184F8449094F94500401C01D184F8F0
:10D2A000459000F06AF905A96846FFF721FB0028C0
:10D2B00020460AD0FFF77FFEFFF72FF8204600F048
:10D2C0000FF90028A5D000200EE700F009F9D8B129
:10D2D000206830B900F045F96068FFF74AFB00F0BC
:10D2E0004CF904F124000599FFF77EFA2046FFF778
:10D2F00062FEFFF712F800288BD1C8F80070BFF368
:10D300004F8FBFF36F8F84E72046FFF754FEFFF780
:10D3100004F87EE770B50D460446FFF71CFB616814
:10D32000884204D1E068401CE060012070BD002309
:10D330002A4619462046FFF760FF0028F6D0E1682C
:10D34000491CE16070BD2DE9F04104461746BF203D
:10D35000EFF3118680F31188BFF34F8FBFF36F8F08
:10D36000A06BE26B904208D3022B01E004ED00E0D9
:10D3700003D0002086F3118886E694F945501A46BA
:10D380002046FFF74DFE681C04D06D1C84F8455004
:10D390000120EFE7606A0028FAD004F12400FFF7CB
:10D3A00043FA0028F4D0002FF2D001203860EFE7D4
:10D3B00070B50D46BF21EFF3118481F31188BFF3DF
:10D3C0004F8FBFF36F8F816BC26B8A4217D990F971
:10D3D0004520491C8163511C04D0521C80F8452013
:10D3E00001200DE0416A0029FAD02430FFF71CFA31
:10D3F0000028F5D0002DF3D001202860F0E70020B0
:10D4000084F3118870BD2DE9F04104469046BF2099
:10D41000EFF3118780F31188BFF34F8FBFF36F8F46
:10D42000A66BEEB194F944502046FFF7D3FE761E6A
:10D43000A663681C04D06D1C84F84450012010E0E1
:10D4400020690028FAD004F11000FFF7EDF9002858
:10D45000F4D0B8F1000FF1D00121C8F80010EDE7C9
:10D46000002087F311880FE670B50446BF20EFF364
:10D47000118580F31188BFF34F8FBFF36F8FA06BBF
:10D4800028B12046E668FFF7A5FE0120E66085F397
:10D49000118870BD10B5044600F063F8A46B00F06D
:10D4A0006CF8204610BD10B5044600F05AF8D4E9D7
:10D4B0000E10441A00F061F8204610BD806B7047D2
:10D4C00000F0D9B8806B08B1002070470120704788
:10D4D000816BC06B814201D10120704700207047F1
:10D4E00010B5044600F03DF8A06B20B1002400F018
:10D4F00044F8204610BD0124F9E70000BF2080F366
:10D500001188BFF34F8FBFF36F8FFEE710B5031F76
:10D510004FF080741C601B1F21F001011960191F5E
:10D52000244B0B60143940380A6010BD4FF0E020E6
:10D5300021494161072101617047204810B5016808
:10D5400041F47F010160016841F07F410160FFF714
:10D55000EDFF1B4900200860FAF70CFE002010BD0B
:10D560007047BF2080F31188BFF34F8FBFF36F8FD9
:10D5700013480168491C0160704711490868401E42
:10D58000086001D180F31188704710B5BF2080F387
:10D590001188BFF34F8FBFF36F8FFEF76AFE20B184
:10D5A00006494FF080501C390860002080F3118834
:10D5B00010BD0000FDD400083F19010020ED00E07F
:10D5C000642000202DE9F04104460025FEF72BFFE2
:10D5D000394E06F10801706801F1080368B937484F
:10D5E000002720F00700C1E900074EF6F872C3E9F2
:10D5F0000072C0E90032012070603CB1083460075D
:10D6000004D004F00700C0F108000444601E4EF688
:10D61000F772904227D2284A0968083201E00A4688
:10D6200001464868A04202D208680028F7D1994212
:10D6300019D015680868106048680835001B102864
:10D640000DD90B1958601C484C6008305C6800E02C
:10D65000104602685768A742FAD31A600360486808
:10D660003168081A3060FEF758FE0DB915F08CFFCE
:10D670002846BDE8F08110B5002817D0A0F10804B5
:10D68000FEF7D1FE0C496068083100E011460A68D7
:10D6900053688342FAD3226007480C6061680268CD
:10D6A00011440160BDE81040FEF737BE10BD0248CE
:10D6B000006870477047000068200020D81700609D
:10D6C000704770B5BA4D044640212846FCF75EFD10
:10D6D0000028F9D0A1B22846FCF7F7FC204670BD1F
:10D6E0002DE9F043814687B0012144F23400FBF775
:10D6F0006AFCAF4D2846FCF7EFFB6815ADF810004B
:10D7000003208DF812001820DFF8A8828DF813008E
:10D7100004A94046FBF751FA2E15ADF8106004201D
:10D720008DF8130004A94046FBF747FAAF15ADF892
:10D73000107010248DF8134004A94046FBF73DFA01
:10D74000ADF810708DF8134004A99B48FBF735FA2B
:10D7500025208DF8140000248DF8154001208DF847
:10D7600016008DF8170005A8FAF789FE934ACDF840
:10D770000090A81492F85210022925D0012926D031
:10D78000ADF80840ADF8044092F8551001292AD0B0
:10D79000022923D0032924D0ADF806400C20ADF88F
:10D7A0000A00ADF80C4069462846FCF7C5FB01228B
:10D7B00040F225512846FCF73CFC01212846FCF7A5
:10D7C0002EFC07B0BDE8F083ADF8086003E04FF42D
:10D7D000C061ADF80810ADF80400D5E74FF4005073
:10D7E00001E04FF44050ADF80600D7E72DE9F043D3
:10D7F0008146012187B08804FBF7EEFB0121482018
:10D80000FBF7E1FB6E4D2846FCF766FB2E15ADF8E5
:10D81000106003278DF812701820DFF8A8818DF8AA
:10D82000130004A94046FBF7C8F9EC14ADF810400A
:10D8300004208DF8130004A94046FBF7BEF9ADF8AB
:10D84000104010208DF8130004A95F48FBF7B5F9CC
:10D8500027208DF8140000248DF815408DF81670DF
:10D8600001208DF8170005A8FAF709FE534ACDF8F4
:10D870000090ADF8044092F85410A814022923D067
:10D88000012924D0ADF80840ADF8044092F85710B3
:10D89000012928D0022921D0032922D0ADF8064041
:10D8A0000C20ADF80A00ADF80C4069462846FCF79C
:10D8B00043FB012240F225512846FCF7BAFB012127
:10D8C0002846FCF7ACFB7CE7ADF8086003E04FF4BA
:10D8D000C061ADF80810ADF80400D7E74FF4005070
:10D8E00001E04FF44050ADF80600D9E72DE9F043D0
:10D8F0008146012187B04804FBF76EFB012104201B
:10D90000FBF761FB314E3046FCF7E6FA0427ADF831
:10D91000007003258DF802501820DFF898808DF8EC
:10D92000030069464046FBF748F90824ADF800407B
:10D930008DF8037069464046FBF73FF91F4890F8A1
:10D940002310012901D0052908D1ADF8004010208D
:10D950008DF8030069461E48FBF72FF926208DF845
:10D96000140000248DF815408DF8165001208DF814
:10D97000170005A8FAF783FDADF80C400C20ADF8B0
:10D980000840ADF80E00CDF80490ADF80A40ADF8AF
:10D99000104001A93046FCF7CFFA012240F2255190
:10D9A0003046FCF746FB01213046FCF738FB08E720
:10D9B00000380140000801400014014014390020E3
:10D9C00000480040000C01400018014000440040A5
:10D9D000001001404FF0E0210A6922F004020A61C0
:10D9E000224AC0084FF47A731070584301235380C1
:10D9F0004861086940F00100086170472DE9F04175
:10DA00004FF0E02700247E691849097800FB01F5F2
:10DA1000FFF7A7FDB969B8698842FCD002D2A1EB33
:10DA2000000102E0A6EB000211440C440146AC42A6
:10DA3000F1D3BDE8F041FFF7A0BD70B50446FEF795
:10DA40008DFF01280CD0094D6888844203D3B4FBB4
:10DA5000F0F0FEF714FD6888B4FBF0F100FB114410
:10DA60004FF47A706043BDE87040C7E78020002023
:10DA7000F749C1F8A001704738B50A46062814D006
:10DA8000052819D0F34C08B3092829D0F24C0128F5
:10DA90002FD0032839D0F14C02283FD0042842D09F
:10DAA0000A284FD00B286FD08AE0042AFCD201EB61
:10DAB0004110EB49084443E0082AF5D2C1EBC1000C
:10DAC000E84900EB400001EB400039E069461046B0
:10DAD0000EF0F2F808E0C0EBC00101EB40102EE0C0
:10DAE000694610460EF0F6F89DF80000802867D2CF
:10DAF000F1E7694610460EF0FBF80AE0C0EBC00102
:10DB000001EB001004EB40001AE0694610460EF0ED
:10DB1000FDF89DF80000402852D2EFE76946104614
:10DB20000EF002F903E0694610460EF00BF99DF87D
:10DB30000000402844D2C0EB001000EB400020441D
:10DB4000153038BDD2B1012A1AD0022A1AD0032AC0
:10DB50001BD0042A1BD0052A1BD0062A1BD0072A5B
:10DB60001BD0082A1BD0092A1BD00A2A1BD00B2A3B
:10DB70001BD00C2A1BD00D291BD01DE0BAA038BD2C
:10DB8000BDA038BDBFA038BD15E0C3A0FBE7C6A04F
:10DB9000F9E7CBA0F7E7CEA0F5E7D0A0F3E7D2A056
:10DBA000F1E7D4A0EFE7D6A0EDE7D8A0EBE7DAA045
:10DBB000E9E7DCA0E7E709B1DDA0E4E7DFA0E2E701
:10DBC0000020E0E738B50A46052814D006281CD006
:10DBD000A04C08B3092829D09F4C01282FD0032836
:10DBE00032D09E4C02283ED0042841D00B284DD084
:10DBF0000A284ED086E0082AFCD2C1EBC100994920
:10DC000000EB400001EB4000BDE7042A7AD201EBB3
:10DC1000411093490844B6E7694610460EF04CF8A7
:10DC200008E0C0EBC00101EB40102DE06946104652
:10DC30000EF050F89DF80000802863D2F1E76946A5
:10DC400010460EF055F803E0694610460EF05EF8F7
:10DC50009DF80000402855D2C0EBC00101EB001038
:10DC600004EB40008FE7694610460EF05DF803E0D4
:10DC7000694610460EF066F89DF80000402841D233
:10DC8000C0EB001000EB400020447CE7E1B9AEA0FF
:10DC900079E7DAB1012A1BD0022A1BD0032A1BD054
:10DCA000042A1BD0052A1BD0062A1BD0072A1BD00A
:10DCB000082A1BD0092A1BD00A2A1BD00B2A1BD0EA
:10DCC0000C2A1BD00D291BD099A05CE766A05AE74F
:10DCD00069A058E76BA056E76FA054E79EA052E7F3
:10DCE00077A050E77AA04EE77CA04CE77EA04AE7F9
:10DCF00080A048E782A046E784A044E786A042E7E8
:10DD000088A040E700203EE708B50A4640B1012858
:10DD100057D002287ED004287DD003287BD047E14D
:10DD2000694610460DF0C8FF9DF80000802873D2A8
:10DD3000C0EBC00101EB40114648014491F82600B8
:10DD4000002827D091F82310002923D0012873D070
:10DD5000022873D00B286DD00C281CD00D281CD0A5
:10DD60000E2868D010281AD011281AD012281AD0DC
:10DD700013281AD004281AD005281AD008281AD037
:10DD800009281AD007281AD017285BD018285BD08A
:10DD900016285BD00AE1062008BD032008BD4920F3
:10DDA00008BD482008BD472008BD462008BD3520D5
:10DDB00008BD362008BD2F2008BD302008BD242016
:10DDC00008BD694610460DF093FF9DF800004028FD
:10DDD00022D2C0EBC00101EB00111F4800EB410053
:10DDE00090F8281019B390F82D00032824D00728A4
:10DDF00022D0092820D0042820D008281ED00A28A4
:10DE00001CD00D2817D0132814D00B2812D010289E
:10DE10001CD002E0A8E0C7E0CAE0112816D0122802
:10DE200014D01A280CD01B280CD01C280CD0BDE014
:10DE300002E003E0B2E0B5E03E2008BD402008BDAE
:10DE40001B2008BD1D2008BD602008BDA8E0000003
:10DE500000002142BA210260455100203CC5046007
:10DE6000849002607488026070616E656C206E75CB
:10DE70006D6265720000000064656164206D61730D
:10DE8000746572006C63642074696D65206F6666EA
:10DE90002064656C6179000064697361626C65205F
:10DEA00069636F6E000000006C63642064697370C6
:10DEB0006C617920636F6E6669677572650000003A
:10DEC00069636F6E20636F6E6669677572650000C7
:10DED00072616E67655F494E3100000072616E6766
:10DEE000655F494E3200000072616E67655F494EA2
:10DEF0003300000072616E67655F494E34000000B8
:10DF000072616E67655F494E3500000072616E6731
:10DF1000655F494E3600000072616E67655F494E6D
:10DF20003700000072616E67655F494E380000007F
:10DF300072657365727665640000000046414E208C
:10DF40004D4F44450000000046414E204D4F444592
:10DF500020545950450000006C636420636F6E6666
:10DF60006967757265000000694610460DF0DCFEB9
:10DF70009DF80000C0EB001000EB4001F74808449A
:10DF800090F9280090B1012808D0022808D005286F
:10DF900006D0042804D0062804D007E0052008BDD8
:10DFA000622008BD022008BD402901D25F2008BDC3
:10DFB000002008BD38B5E94C0A4602280FD00428D5
:10DFC00012D005281ED0062826D0E54C60B30928BB
:10DFD0002FD0E44C01283CD0032851D058E06946AA
:10DFE00010460DF0A1FE03E0694610460DF0AAFEB2
:10DFF0009DF80000C0EB001000EB4000204490F8BA
:10E000002600C0E5082A43D2C1EBC100D64900EB87
:10E01000400001EB400005E0042A39D201EB411039
:10E02000D2490844C07FAEE5694610460DF044FE73
:10E0300003E0694610460DF04DFE9DF80000802873
:10E0400026D2C0EBC00101EB4010204490F8220022
:10E0500099E5694610460DF04BFE9DF800008028BA
:10E0600018D2C0EBC00101EB001004EB400090F8A7
:10E07000271001290ED090F8230000F00F0082E550
:10E08000694610460DF042FE9DF800008028E8D356
:10E09000002078E5012076E52DE9F84FDFF8D08201
:10E0A000DFF8D0B2DFF8B892AE4DDFF8CCA2AB4FBC
:10E0B00016460C460C2817D2DFE800F006516142E4
:10E0C000D7F3F2161617F1F0694610460DF0F4FD7D
:10E0D0009DF80000C0EBC00101EB401101EB09000D
:10E0E00090F8231001297AD085E1694610460DF099
:10E0F000F1FD9DF80000C0EBC00101EB401101EB08
:10E10000090090F823100029EED190F82610A1F113
:10E110000C020A2A11D90B3A072A0BD801EBC102CB
:10E1200002EB011202EB0801A1F5805191F8C11D2B
:10E13000012902D090F8240048E090F824004BE038
:10E14000694610460DF0E2FD9DF80000C0EBC001ED
:10E1500001EB001005EB400090F82810F9B169467A
:10E1600030460DF0C5FD9DF80000C0EBC00101EB8D
:10E17000001005EB400090F8281001292FD06946C7
:10E1800030460DF0D1FD7D489BF800100078084422
:10E190009DF80010884233D80F2C2BD089E090F8DE
:10E1A0002D10A1F10C020A2A14D90B3A072A0BD818
:10E1B00001EBC10202EB011202EB0801A1F5805153
:10E1C00091F8C11D012905D090F82600012849D0F9
:10E1D00011E104E090F8260001287AD042E0D0F85E
:10E1E0001E0027F00BFA2BF0A4F9BDE8F84F6449A4
:10E1F0002AF0CDBFC1EB011000EB40003844EEE740
:10E20000604E06EB811050F82420504682421DD00B
:10E21000C1EB011000EB4000384490F82310B9B175
:10E220000AF047FC9DF80050A8420BD806EB851079
:10E23000534950F824002AF078FF2BF0BFF95249D7
:10E2400021F8150006EB851050F82400BDE8F88F82
:10E2500012F0FF4100D0012190F928003DE0C1BB40
:10E2600000E0B1B34FF07E50F0E7694610460DF084
:10E2700069FD42489BF80010007808449DF80010A2
:10E2800088420FD80F2C14D1C1EB011000EB4000D5
:10E290003844D0F81E00A0B3012089E0AAE03FE096
:10E2A00038E02FE0374800EB811050F8240050454B
:10E2B00001D15046CAE7C1EB011101EB4101CA1976
:10E2C00092F823100029C1D110F0FF4F02D0012194
:10E2D00001E090E0002192F92800A0F10C020A2A46
:10E2E000BDD90B3A072ABCD800EBC00202EB0012E2
:10E2F00002EB0800A0F5805090F8C10D0128B0D1C4
:10E30000ADE755E0C2EBC200174900EB400001EB5E
:10E31000400003E0154902EB42100844807FBAE751
:10E320001A480E2A12D2DFE802F0070A1316113536
:10E33000383D474C51565B601548007838E090F8FE
:10E340005A00010602D500F07F0031E000202FE0E6
:10E3500090F850002CE090F85B0029E03CC5046088
:10E36000BA210260455100207488026084900260E6
:10E37000221D0260C200006000007F43BD2000201B
:10E3800000007A4470B90260760A026014390020F5
:10E390008F00006090F867000AE095F82D0095F96D
:10E3A000281003E095F85B0095F9561000EB01206A
:10E3B000BDE8F84F2BF0C6B895F8890095F98410A0
:10E3C000F4E795F8B70095F9B210EFE795F8E50096
:10E3D00095F9E010EAE795F8130195F90E11E5E7D4
:10E3E00095F8410195F93C11E0E795F86F0195F931
:10E3F0006A11DBE70AB1002028E7D9F82F01BDE850
:10E40000F84F4FF47A7190FBF1F02BF092B8F94885
:10E410007047F94B00EBC00003EBC00000EBC100FC
:10E42000805C704730B5F54C01EBC10104EB011481
:10E4300004EB021404EB4305ADF5197D6D788DF8FE
:10E44000005014F813408DF8014000248DF802406C
:10E450008DF80340E84C04EBC10101EBC20140F22E
:10E460006222C95CCDF8071009218DF806106946B3
:10E470002AF064FC0DF5197D30BD10B50346DE4C65
:10E4800003EBC303002004EBC303024603EBC1010B
:10E490008B5CFF2B01D0401CC0B2521CD2B2082AA8
:10E4A000F6D310BD2DE9F043D54B012500EBC0009C
:10E4B0001D70D44BD14F00241D741D76CE4BFF260A
:10E4C00003EBC00307EB001003EBC10300EB0110EB
:10E4D0004AB900EB4401497811B910F8141031B170
:10E4E00025EA04011955195DFF2902D00BE01E55DC
:10E4F0001DE000EB4401497811B910F81410B1B1D6
:10E5000025EA04011955641CE4B2082CE0D300226A
:10E51000995CFF2944D000EB420810F8124098F8AB
:10E520000110C1EB011104EB8104511C35E00CB169
:10E530001E55E8E7C17809B9817809B11D70E2E795
:10E540001E70E0E75D5CA946FF2D25D000EB41077A
:10E5500010F811607D78C5EB051506EB8506B44211
:10E560001AD9254634463C26B4FBF6FC88F801C08F
:10E57000B4FBF6FC06FB1C4C00F812C0B5FBF6FC25
:10E5800087F801C0B5FBF6F706FB175500F81150E8
:10E590009D5C03F802905D54491CC9B20829D1D38F
:10E5A000521CD2B2082AB3D3BDE8F08330B500259F
:10E5B0000024012221462846FFF774FF641CE4B2C0
:10E5C000092CF6D36D1CEDB2082DF1D330BD00201F
:10E5D000704770B5C0EBC00303EB001000228A4BFC
:10E5E000114603EB400501246B5C002004FA00F6A1
:10E5F000334201D0521C92B2401C80B20828F5D39D
:10E60000491C89B22E29EFD3D0B270BDC0EBC00136
:10E6100001EB00107C4901EB40002E212AF0A7BB42
:10E6200070B57A4E421C93B2B279794D920708D0F8
:10E630001C226A700022AC5C9C4204D21B1B9BB261
:10E6400005E01D22F5E7521C8A70CB700C22521C8B
:10E6500092B20C2AEFD3B6F807200723824208D9DA
:10E66000101A90FBF3F203FB12003279101AC01D4E
:10E6700006E0801A90FBF3F203FB1200327910449B
:10E6800080B2B0FBF3F203FB1200401C0871B079BA
:10E6900000F5FA60088070BD2DE9FC438146C1EBAE
:10E6A000C10000EB0110584900269046354601EBA9
:10E6B00040074FF0010C0024785D0CFA04F1084289
:10E6C0000AD0B04506D104EBC500401E80B26946B1
:10E6D000FFF7A6FF761CB6B2641CA4B2082CEBD3DD
:10E6E0006D1CADB22E2DE6D30099C9F800109DF82F
:10E6F000041089F80410BDE8FC832DE9F843404973
:10E700000125404F00261C460D70012817D0DFF868
:10E71000048102286DD0042869D1694610460DF0A5
:10E7200011FB9DF80000402861D2C0EB001000EB07
:10E73000400101EB08003D7080F8236085E06946E8
:10E7400010460DF0D5FA9DF8000040284FD232490E
:10E750005F2C16D03E2C1DD0402C1DD0032C25D074
:10E76000052C33D0032C41D0C0EBC00202EB0010CB
:10E7700001EB400010F8231F01F00F0141F04001B0
:10E7800033E0C0EBC00202EB001201EB420282F860
:10E790002D60E9E7032200E00422C0EBC00303EB95
:10E7A000001301EB430383F82D20DDE7C0EBC0032A
:10E7B00003EB001001EB40000D2280F82D2010F833
:10E7C000231F01F00F0141F010010EE0C0EBC00368
:10E7D00003EB001001EB4000132280F82D2010F80D
:10E7E000231F01F00F0141F0300101707D70BDE881
:10E7F000F88319E020EB0260448E0260C489026055
:10E800008A010060801A036008910260D0150060E0
:10E81000EA0C02603CC504604551002080F8286085
:10E82000E5E780F82850E2E7694610460DF07CFAEB
:10E830009DF800004028DAD2C0EB001000EB400148
:10E8400001EB08003D7080F823505F2CE9D1E5E72B
:10E850002DE9F843F9490125F94EFA4FDFF8E8832D
:10E86000DFF8E8931C460D700A28C0D2DFE800F0FC
:10E87000310528121B47525E5E3E694610460DF078
:10E8800037FA0BE0C0EBC00101EB0010757007EB2D
:10E89000400046E0694610460DF038FA9DF8000049
:10E8A0004028A4D2EEE7694610460DF04BFA0BE083
:10E8B000C0EB001000EB4001357001EB080030E0C8
:10E8C000694610460DF030FA9DF8000040288ED2BF
:10E8D000EEE7694610460DF0EFF90BE0C0EBC00122
:10E8E00001EB4011B57001EB09001AE069461046D2
:10E8F0000DF0F0F99DF80000802817D2EEE7082A05
:10E9000014D2C2EBC200D24900EB4000357101EBDA
:10E91000400006E0042A09D2CE4902EB421075718C
:10E920000844216840F8151F616841605FE72DE9E0
:10E93000F84F0E46C1490127DFF81CA3DFF800930A
:10E94000DFF818B3DFF818831C4615460F700B2844
:10E9500032D2DFE800F00689F7B1FFF5F431314338
:10E96000F300C049C88B401CC883694610460DF0AF
:10E97000A3F99DF8000080281ED2BB4920462AF04A
:10E98000D4FB2AF002FE26F039FE01469DF8000075
:10E99000C0EBC00202EB4013AC4A1A44C2F81E108E
:10E9A00058B101280ED0022812D0032804D12046E5
:10E9B0002AF004FEAD49086048E420462AF0FEFD36
:10E9C000AB4903E020462AF0F9FDAA4908703DE46E
:10E9D00020462AF0F3FD8AF8280037E469461046FD
:10E9E0000DF078F99DF800008028E5D2C0EBC00159
:10E9F000964D01EB4010284490F8230088BB9A49BB
:10EA000020462AF092FB2AF0C0FD26F0F7FD0146D1
:10EA10009DF80000C0EBC00202EB40102844C0F893
:10EA20001E1090F82610A1F10C020A2A13D90B3AF5
:10EA3000072A0BD801EBC10202EB01128E491144E7
:10EA4000A1F5805191F8C11D012904D014F0FF41B6
:10EA500005D0012103E014F0FF4FFAD0002180F827
:10EA6000241089F8027025E4694610460DF040F93B
:10EA70009DF800004028F6D2C0EBC001714D01EBBB
:10EA8000001005EB400089F8017090F8280001287B
:10EA9000E9D1754920462AF048FB2AF076FD26F098
:10EAA000ADFD9DF80010C1EBC10202EB011105EBB9
:10EAB0004101C1F81E009FE4694610460DF026F999
:10EAC0009DF800004028F6D2C0EBC0015D4D01EB7F
:10EAD000001005EB400089F8017090F8280000282C
:10EAE000D7D1614920462AF020FB2AF04EFD26F0BE
:10EAF00085FD01469DF80000C0EBC00202EB00104E
:10EB000005EB4000C0F81E1090F82D10A1F10C028A
:10EB10000A2A18D90B3A072A0BD801EBC10202EBDB
:10EB2000011255491144A1F5805191F8C11D0129E7
:10EB300009D014F0FF410AD0012108E077E166E135
:10EB400051E107E0E2E014F0FF4FF5D0002180F83A
:10EB5000261051E4694610460DF0F4F89DF8005077
:10EB6000402DA8D2BA4689F80070444FBC4202D169
:10EB700008EB851093E0C5EB0510DFF8CC9000EBB7
:10EB80004001494491F92800A0F10C020A2A24D935
:10EB90000B3A072A0BD800EBC00202EB00123648F2
:10EBA0001044A0F5805090F8C10D012815D03448CC
:10EBB00002789BF800001044A84204F0FF4071D98D
:10EBC00000B101202AF0BEFC08EB851141F82600B7
:10EBD000284621F0E0FDD0B91AE0294802789BF8D8
:10EBE00000001044A84204F0FF401CD968B1002086
:10EBF0002AF0A8FC014608EB851040F826102846AC
:10EC000021F0C9FD18B1002002E00120F0E7012049
:10EC10009DF80010C1EB011101EB410202EB09016B
:10EC200081F8250051E000282CD04FF0000081F839
:10EC300025002AD14FF0010029E033E08A0100606D
:10EC4000801A0360455100203CC50460BA2102606F
:10EC5000748802608490026014390020BD20002076
:10EC600070B90260EC2A002000007A44AC00006019
:10EC70000F010060C4000060221D026000007F439D
:10EC8000C20000604FF00100D1E74FF000002AF011
:10EC900059FC014608EB85100F2EC16315D040F8D2
:10ECA000267012E000B1012081F825000F2E03D05C
:10ECB00008EB851040F8267014F0FF4000D00120CA
:10ECC0002AF040FC08EB8511C8639DF80000FD4C5C
:10ECD000C0EB001101EB41012144002281F8232007
:10ECE00002F044FB01F0B9FFF74801789BF80000FF
:10ECF00001449DF8000081423FF6DDAEC0EB0010FC
:10ED000000EB4000204480F822A055E669461046FA
:10ED10000DF00AF89DF800004028F6D2C0EB001173
:10ED2000E84D01EB410189F800702944DFF8989320
:10ED300081F823709BF8002099F80010BA4611441E
:10ED400081421BD908EB801141F826401FF0F7FFE4
:10ED5000DE492AF0EAF92AF018FC26F04FFC9DF86B
:10ED60000070C7EB071101EB41012944C1F81E00F7
:10ED70002AF0DFFB0146384601F073FF99F80010D6
:10ED80009BF8000001449DF80000814228D8C0EBA8
:10ED9000001101EB4101294408EB801081F822A009
:10EDA000C4630F2E02D0CA4940F82610C749204636
:10EDB0002AF0BBF92AF0E9FB044626F01FFC9DF877
:10EDC0000010C1EB011101EB41012944C1F81E0003
:10EDD000204626F013FCBF499DF8002021F81200C0
:10EDE00001F03BFFE8E589F80470B84918462AF0BD
:10EDF0009CF92AF0CAFB26F001FC0146C5EBC500D0
:10EE0000B54A00EB400002EB40008177D4E589F879
:10EE10000570AE4918462AF088F92AF0B6FB26F0AC
:10EE2000EDFBAE4A05EB451111448877C4E5012D91
:10EE30001BD0022D23D0032D2DD0052D33D0A81F9C
:10EE40000728CFD818462AF0B9FBC5EBC50101EB5E
:10EE50000513A349021201EB430101F8EC2D48719F
:10EE6000A04889F801700770A6E518462AF0A6FBAD
:10EE7000C1B28AF85A10C72018F0D5F8B0E7184682
:10EE80002AF09CFB8AF8500081B2D62018F0CBF80B
:10EE9000002095499AE518462AF090FB8AF85B0015
:10EEA00081B2E02006E018462AF088FB8AF8670065
:10EEB00081B2EA2018F0B7F87EE5F8B514460F469F
:10EEC00088490122894B7F4E0A7065B2042815D00B
:10EED000022819D0864D092825D000280DD19A7016
:10EEE000694638460CF0E8FE9DF80000C0EBC00112
:10EEF00001EB4010284480F82240F8BD1A706946A2
:10EF000038460CF01FFF04E01A70694638460CF0D2
:10EF10000BFF9DF80000C0EB001000EB40003044F8
:10EF200080F82250F8BD9A70694638460CF0D2FE3F
:10EF3000DAE72DE9F8436B4901246C4D684E614FC7
:10EF4000DFF8AC8199460C700A285FD2DFE800F048
:10EF5000320522121B48535E5E37694610460CF09C
:10EF6000C7FE0BE0C0EBC00101EB00106C7006EBBC
:10EF7000400033E0694610460CF0C8FE9DF80000E2
:10EF8000802843D2EEE7694610460CF0DBFE05E030
:10EF9000494639E0694610460CF0C6FE9DF800006F
:10EFA000402833D2C0EB001000EB40002C703844F6
:10EFB0001322EDE7694610460CF07EFE03E0694639
:10EFC00010460CF087FE9DF8000080281ED2C0EB92
:10EFD000C00101EB4011AC7001EB08001522D7E72E
:10EFE000082A13D2C2EBC2003B4900EB40002C714F
:10EFF00001EB400006E0042A08D2384902EB421037
:10F000006C7108441522194629F098FE08E4354B26
:10F01000012201461A70354B36481A76142229F01F
:10F020008DBE70B5354D00EBC000334E05EBC0050D
:10F03000002206EB00101346FF2405EBC10500EB90
:10F04000011000EB42014B7000F81230AC54521C1E
:10F05000D2B2082AF5D370BDF0B5224FDDE90556CE
:10F0600001243C70214F00EBC0003C74224C04EBA7
:10F07000001404EB011404EB42077B701F4B04F8EF
:10F08000125003EBC00000EBC1008654F0BDF0B598
:10F09000144A01268CB21670144A5674184A927992
:10F0A00002F5FA639C424AD1164C92072CD01C22DE
:10F0B000C1F3074500236D1E62700B2D2DD8002271
:10F0C00029E000003CC50460C200006000007A44F2
:10F0D00000007F43760A02607488026084900260B8
:10F0E000455100208A01006097000060801A03608B
:10F0F000BA21026020EB0260C4890260448E026083
:10F10000D0150060EA0C02601D22D1E7A75C521CFA
:10F110003B449BB2D2B29542F8DCC0EBC00202EB9A
:10F120000012FA4803EB116189B200EB420000EBD8
:10F13000D10001F0070102788E4032430270F0BD29
:10F14000F34810B5008840F2E5340146FF2842D06C
:10F150000CDC022828D004DC00283CD0012912D184
:10F1600013E0032829D094290DD134E0A1F5407093
:10F17000E53819D00A2808D0D1281ED000F2E63090
:10F18000B0F5803F27D0084610BDE1481422E1A128
:10F19000801C29F0D3FDDE481422E2A1163029F0AC
:10F1A000CDFD40F2EF3010BDD9481422DFA1801C04
:10F1B00029F0C4FD1422E0A107E0D5481422E1A102
:10F1C000801C29F0BBFD1422E3A1D148163029F0A0
:10F1D000B5FD204610BDCE481422E2A1801C29F0C6
:10F1E000ADFDCB481422E3A1163029F0A7FD9420F1
:10F1F00010BDC748801C7047C5481630704701468F
:10F20000C34810B51422801C29F098FDBDE81040B9
:10F210000AF046B90146BE4810B51422163029F04E
:10F220008DFDBDE810400AF03BB900280BD0FF2847
:10F2300009D0A0F57F41FF3905D0012803D002286D
:10F2400001D0B34908807047CE4948727047CD4815
:10F25000407A002800D001207047CB4902680A603C
:10F2600002790A71C74AC378D370837853710379DE
:10F27000137100783C38C0B2907100F5FA600880D4
:10F28000C249012008707047C14902680A60BD493F
:10F2900002788A7042784A7080780870BB490120F1
:10F2A00008707047BB48B0F900007047704770475E
:10F2B00070B50C46B84B014601201870B74BB94EDB
:10F2C00004295876B648007810D002295ED104444B
:10F2D000104646F824202AF071F9B34921F81400A9
:10F2E000E0B20021BDE8704001F0EDBC84424DD297
:10F2F000C4EB041000EB4001AC4846F824200D1884
:10F3000095F8230078BB95F92800A0F10C010A2993
:10F310001BD90B3907290BD800EBC00101EB0010FA
:10F32000A3490844A0F5805090F8C10D01280CD0E5
:10F3300012F0FF4000D001202AF004F946F8240022
:10F34000204621F028FA88B911E012F0FF4F0BD0C7
:10F3500000202AF0F7F846F82400204621F01BFA96
:10F3600020B1002003E00EE00120F2E7012085F843
:10F37000250010F0FF0F02D04FF47A7100E0002159
:10F38000204609F0B2FA00212046ABE770BD844A5E
:10F39000844B0428127803D0881853F82000704753
:10F3A0009142FCD253F821007047F0B5824C002204
:10F3B000804B1146104604F5007504F1400604F533
:10F3C0001077C0EBC00C0CEB001C03EB4C0C9CF852
:10F3D00028C0BCF1010F0CD070543954491CC9B27B
:10F3E000401CC0B24028ECD37448027074480170CD
:10F3F000F0BDA0542A54521CD2B2F1E7F0B500225D
:10F400006D4D6A4C80351146104605F5007605F1C4
:10F41000400705F5107CC0EB001303EB43032344C6
:10F4200093F82330012B0DD078540CF80010491CB0
:10F43000C9B2401CC0B24028EDD362480270624895
:10F440000170F0BDA8543254521CD2B2F1E7F0B5AD
:10F450005E4D00225E4C1146104605F5007605F122
:10F46000800705F5207CC0EBC00303EB4013234469
:10F4700093F82330012B01D02BB109E0A85432546A
:10F48000521CD2B204E078540CF80010491CC9B2E6
:10F49000401CC0B28028E6D34E4802704E4801702E
:10F4A000F0BD70B502460020424B404C484D062A44
:10F4B00017D2DFE802F003A5B81793CB0022C2EB06
:10F4C000C20404EB021403EB440494F82840012C1A
:10F4D00003D18A4219D0401CC0B2521CD2B2402A79
:10F4E000EDD3C4E00022C2EBC20404EB021403EB30
:10F4F000440494F828401CB98A4206D0401CC0B28B
:10F50000521CD2B2402AEED3B1E0B2E008910260C0
:10F510001E0000604E4554495820436F6E74726F50
:10F520006C7300004E434342000000004A65744380
:10F530006F6E74726F6C73004A65742050726F64E2
:10F54000756374004E6577726F6E20536F6C7574BF
:10F55000696F6E73000000004E6577726F4E6F64C6
:10F560006500000054656D636F436F6E74726F6C5D
:10F570007300000054656D636F2050726F64756393
:10F5800074000000D0150060B820002092010060D7
:10F59000BE0000603E0100608A010060801A0360C6
:10F5A000C200006070C90260760A02603CC5046057
:10F5B000221D026045510020EC220020E402006080
:10F5C0008B2200208A2200208C220020EC230020A5
:10F5D000BA210260E5020060210300600022C2EB54
:10F5E000021303EB4303234493F823301BB98A42ED
:10F5F0003FD0401CC0B2521CD2B2402AEFD336E0FA
:10F600000022C2EB021303EB4303234493F823309D
:10F61000012B03D18A422CD0401CC0B2521CD2B262
:10F62000402AEED323E00022C2EBC20303EB4213D5
:10F630002B4493F82330012B03D18A4219D0401C6C
:10F64000C0B2521CD2B2802AEED310E00022C2EB2C
:10F65000C20303EB42132B4493F823301BB98A42B5
:10F6600007D0401CC0B2521CD2B2802AEFD34FF058
:10F67000FF3070BD70B50022FD4DFE4CFE4B0628DC
:10F6800074D2DFE800F0033C4F172A620020C0EB81
:10F69000C00303EB001305EB430393F82830012B61
:10F6A00003D18A4264D0521CD2B2401CC0B240285E
:10F6B000EDD35BE00020C0EBC00303EB001305EBD0
:10F6C000430393F828301BB98A4251D0521CD2B25E
:10F6D000401CC0B24028EED348E00020C0EB00132D
:10F6E00003EB4303234493F823301BB98A423FD0F2
:10F6F000521CD2B2401CC0B24028EFD336E00020EA
:10F70000C0EB001303EB4303234493F82330012B96
:10F7100003D18A422CD0521CD2B2401CC0B2402825
:10F72000EED323E00020C0EBC00404EB40141C44E3
:10F7300094F82340012C03D18A4219D0521CD2B232
:10F74000401CC0B28028EED310E00020C0EBC00403
:10F7500004EB40141C4494F823401CB98A4207D09F
:10F76000521CD2B2401CC0B28028EFD34FF0FF3001
:10F7700070BDC249085C40280DD2C0EBC00101EB4E
:10F780000010BB4901EB400090F82D00401E0A28F4
:10F7900001D9012070470020704710B50022402891
:10F7A00018D2B34BC0EBC00404EB001003EB4000D5
:10F7B000002910F8011C07D04B1E0A2B0AD80B3168
:10F7C00000F8011C012010BDA1F10C030A2B01D887
:10F7D0000B39F5E7104610BDA8498031085C402878
:10F7E0000CD2C0EB0010A34900EB4000084490F994
:10F7F0002800401E0A2801D90120704700207047C8
:10F800000022402817D29B4BC0EB001000EB4000B9
:10F810001844002910F9051C07D04B1E0A2B0AD8E2
:10F820000B3100F8051C01207047A1F10C030A2BD5
:10F8300001D80B39F5E7104670479149085C8028DC
:10F840000CD2C0EBC00101EB40108B49084490F88A
:10F850002600401E0A2801D9012070470020704769
:10F8600010B50022802817D2834BC0EBC00404EBF4
:10F8700040101844002910F8011C07D04B1E0A2B19
:10F880000AD80B3100F8011C012010BDA1F10C03B6
:10F890000A2B01D80B39F5E7104610BD2DE9F041D0
:10F8A000C0EBC00101EB0010764900252C4601EBAE
:10F8B000C006C4EBC40000EB04103718781C29F014
:10F8C00073FA38B1781C29F06FFA142802D86D1C2D
:10F8D000EDB200E00824641CE4B2082CE9D36648C9
:10F8E000C0F82A532846BDE8F08170B50C46C0EB3D
:10F8F000C00101EB0011634800EBC100C4EBC4017F
:10F9000001EB04114518681C29F04EFA30B1681C4F
:10F9100029F04AFA142801D8681C70BD5A4904EB32
:10F92000C400084470BD002809D101EBC10056494C
:10F9300008441168016051684160117A0172704792
:10F940004F498031085CC0EBC00101EB001248490F
:10F9500001EB42014D4AD1F81E1052F82030994275
:10F9600003D042F82010012070470020704744491E
:10F97000C031085CC0EBC00101EB00123C4901EB57
:10F980004201424A91F9261052F82030994203D0A0
:10F9900042F8201001207047002070473C4A10B503
:10F9A00001460020515CC1EBC10202EB4113324A17
:10F9B0001A44384BD2F81E2053F82140A24202D0FC
:10F9C00043F82120012010BD304A10B50146803A8D
:10F9D0000020515CC1EBC10202EB4113264A1A44DC
:10F9E0002C4B92F8242053F82140A24202D043F835
:10F9F0002120012010BD26498039085CC0EB001190
:10FA000001EB41021B491144234AD1F81E1052F860
:10FA10002030994203D042F8201001207047002086
:10FA200070471B494039085CC0EB001101EB4102F3
:10FA300010491144184A91F9251052F82030994282
:10FA400003D042F82010012070470020704710B505
:10FA5000044681B2A32017F0E6FAC4F30721A420DC
:10FA600017F0E1FAC4F30741A52017F0DCFA15E01E
:10FA7000455100203CC50460BA2102602C230020BF
:10FA80006C2400201441026080430020EC260020FA
:10FA9000EC250020EC270020EC290020210EBDE8F9
:10FAA0001040A62017F0BFBA70B59E4C02259E4E9E
:10FAB00094F82800092806D184F8285086F82650A2
:10FAC00000200EF004FF94F82A00092808D184F8D9
:10FAD0002A5086F82850BDE8704002200EF0F7BE8C
:10FAE00070BD9248007801280BD191483C210088D4
:10FAF000B0FBF1F000F07F008030C1B2E920FAF7EE
:10FB0000CEBD704710B5002017F0EDFA85491D20D5
:10FB1000283117F079FA8348834990F8280081F852
:10FB2000260010BD814A10B51078002804D0804905
:10FB3000088810B1401E088010BD00201070088099
:10FB40000146E92017F06FFABDE81040DAE70146F8
:10FB50009D2017F068BA10B5042801D075A010BD1B
:10FB60001421764829F003F96F48744990F8FF2072
:10FB700090F8FE00012A03D0022A06D070A010BD22
:10FB800071A2128821F8022B06E070A2128821F8D7
:10FB9000022B522201F8012B0A2218F029FB674898
:10FBA00010BD2DE9F047042802D00020BDE8F08701
:10FBB0005D4F0D78DFF898815A48DFF89891B7F8D3
:10FBC000014197F803314FF0010C492D02D0562D19
:10FBD0001CD019E04D784E2D16D187F8FFC08D78D6
:10FBE0002E46303D092D01D8C9781EE00AB187F8AC
:10FBF000FE204D49D1F8FD1040F85C1F84808371D0
:10FC000089F819C009F04CFC0120CFE74D78412D4F
:10FC1000FAD18D78522DF7D1022587F8FF50CD7893
:10FC20002E46303D092DE1D80979A1F13002092A8B
:10FC300006D806EB860208EB42021144CAB2D5E7A9
:10FC4000EAB2D3E730B5ADF25C6D00240546CDF8DD
:10FC50003446CDF83846CDF83C464FF41871684626
:10FC6000CDF8404629F083F84FF4F07198A829F0B8
:10FC70007EF84FF48270ADF83406ADF85846012096
:10FC8000CDF8360607208DF840048DF841445E21FA
:10FC90008DF842148DF844440A218DF845142E49FC
:10FCA0008DF843448DF8464408702C486A460DF59B
:10FCB00088610480062021F011FB694698A820F095
:10FCC000D3FF98A9CDF83A16CDF83E06244800781F
:10FCD00018B1601E0DF25C6D30BD22490220244C2B
:10FCE0000870214903200DF2446208702B2045431F
:10FCF0001E482844417A217000680DF5CB611FF041
:10FD000060FD1C4D58B12078401EFE2807D200220D
:10FD10000DF234610DF2446024F048FA287028781E
:10FD2000D8E70000143900207611026093010060CA
:10FD3000D00100606572726F72000000D82200204E
:10FD40006E756C6C00000000494E00005641520078
:10FD5000F0FDFFFF801A0360A4200020AA200020ED
:10FD6000A9200020A8200020C105006044080360ED
:10FD70009F220020FF000060704700207047002095
:10FD80007047002070479E49886070479C48806893
:10FD900070479B488068401C00D0012070479849FC
:10FDA0000C310860704796480C30006870479449E1
:10FDB00010310860704770479148103000687047F4
:10FDC0008F49488070478E48408870472DE9F0473A
:10FDD000ADF5207D04460020A89DADF878024FF4D3
:10FDE0001E791E4692464946684628F0C0FFDFF855
:10FDF0001482834998F8000048B9012D07D188681A
:10FE0000002804DA00200DF5207DBDE8F087812070
:10FE10008DF800002089A0F57F42FF3A09D008B193
:10FE2000A07A30B1207820B106280BD04FF0FF30F7
:10FE3000E9E77348103000689F904888ADF8780271
:10FE40000B2007E02CB154F8010F9F90A088ADF86B
:10FE500078020A208DF80100301D81B26F46B81C6F
:10FE600022F0AAF9841C38193246514628F066FF60
:10FE70003444012D09D198F8000030B1224669467A
:10FE8000614828F05BFF614804804946684628F0D5
:10FE90006EFF2046B7E708B5134601200A46002149
:10FEA00000900846FFF792FF08BD2DE9F04385B0AA
:10FEB0000026814653481746ADF800600196029629
:10FEC0000396049600784E4A0D46344620B9012B1D
:10FED00002D19168002906DB91885561012B06D17A
:10FEE00028B9002903DC002005B0BDE8F08329789B
:10FEF000812901D00028F7D095F801806946A81C17
:10FF000022F05FF9BDF800000296001FADF8066010
:10FF1000ADF80000B8F10A0F03D0B8F10B0F29D1EA
:10FF200013E001A9484622F06EFABDF80000B8427D
:10FF300005D31DE0281900792855641CA4B2BDF82A
:10FF40000000001D8442F5D314E001A9484622F0C8
:10FF50005AFABDF80000B84205D309E02819007923
:10FF60002855641CA4B2BDF800008442F6D301E019
:10FF7000ADF80060BDF80000B6E72548B0F84200D3
:10FF8000704770B500281ED01D4B06240470D96838
:10FF9000C0F801105988A0F805101D490025B1F8D6
:10FFA00042200281B1F84220A2F57F46FF3E0BD0ED
:10FFB00052B11A78012A09D0847251F8132F40F8EF
:10FFC0000B2F8988818070BD857270BD8572F4E7C2
:10FFD0000021002812D006220270094A1369C0F8D5
:10FFE00001305288A0F805204FF6FF7202810022EE
:10FFF00082724318491CDA720729FADB7047000045
:020000040801F1
:10000000480000600E2200205C2C046018220020B2
:10001000143900202DE9F05FDDE90C850B9E1F46A9
:1000200091468A468346002D56DB05EB0510FA49BA
:1000300000EB400001EB40046621204628F097FECB
:10004000022084F863000120E07184F8655084F890
:10005000589008F095F825F0D1FAC4F80E003A202F
:10006000EE49A07484F857A00888A4F85500401CF5
:100070000880E772584600F06CFB07460246594676
:1000800004F1130028F05AFE0022E019C274A7748C
:100090000A9810B1FF2084F859006EB104F159019B
:1000A000002005E018F80030401C01F8013B00B2C8
:1000B000B04201DA0528F5DBD94984F863200878D5
:1000C000401CC0B20870102801D910200870D54813
:1000D0000188491C018001E04FF0FF356D1C28B2FA
:1000E000BDE8F09F2DE9F047CB4CDDF820901F468E
:1000F000904606460025E079012804D0A07A00B396
:100100000020A0720AE094F85810414512D14FB176
:10011000B4F85500B6F9001088420BD16D1C28B216
:10012000BDE8F087207A28B93146204600F019FB57
:100130000028F3D16D1C2DB26634102DDBDB0020BE
:10014000EEE7A9F80050FAE72DE9F04F85B08346B5
:10015000DDE90F5404A898464FF0FF370E9E00903B
:1001600091468A46ADF8107000235846FFF7BAFF53
:10017000002803DD384605B0BDE8F08FBDF910005A
:1001800000280EDBCDE90240CDE9006543464A4632
:1001900051465846FFF73EFFA348017841F0010160
:1001A0000170BDF81000401C00B2E4E72DE9F04FEB
:1001B00000259E4AB7B02C462E46A84628464FF04A
:1001C0000109C0EBC00101EB001102EB410191F903
:1001D0002310CB0707D008F1010809FA00F108F055
:1001E000FF080C4306E0890704D5761C09FA00F1E4
:1001F000F6B20D43401CC0B22028E2D3C82104A8A7
:1002000028F0B5FD2C274FF0200B4FF0690AB8F10C
:10021000000F78D08DF814B063218DF815108DF88B
:1002200016A072238DF8173063234F208DF81830F5
:100230008DF81000752370208DF819308DF811009D
:100240008DF81AA0742165208DF81B108DF812000E
:100250006E228DF81CB06F218DF81D1058468DF858
:100260001E208DF81F0049208DF820004E208DF8AB
:10027000210012208DF813204FF00A08002109FAFE
:1002800001F222421DD0092906D24A1CB2FBF8F322
:1002900008FB132304AA0DE04B1CB3FBF8FC04AAD3
:1002A0000CF1300C02F800C0B3FBF8FC401C08FB5A
:1002B0001C33C0B230331354401CC0B21754401C1E
:1002C000C0B2491CC9B22029D9D33A2800D93A2052
:1002D00004AA002111545748574B554A90F9000081
:1002E00093F90030CDE90030CDE9022153480B46A7
:1002F000FF21027804A8FFF727FF10F0FF0F02D0BC
:100300004F4981F80090C82104A828F030FD002E44
:100310007DD053208DF8100068204FF06F0C8DF8C1
:10032000110074268DF812C072208DF81300584603
:1003300072228DF814608DF818208DF820008DF849
:1003400015B06321632249208DF816108DF819200D
:100350008DF81C608DF8210075228DF81DB04E209F
:100360008DF81EC06E218DF822000A238DF81A2008
:100370008DF81F1013208DF817A08DF81BA00021F9
:10038000C84608FA01F22A4220D0092901F10102E7
:100390000AD2B2FBF3F403FB142404AA303414543D
:1003A000401CC0B217540FE0B2FBF3F604AC303679
:1003B0002654B2FBF3F6401C03FB1622C0B23032C7
:1003C0002254401CC0B22754401CC0B2491CC9B2C0
:1003D0002029D6D33A2800D93A2004AA0021115462
:1003E000144A154B124892F9002093F90030CDE9D8
:1003F0000032CDE9020111480B46FF21027804A822
:10040000FFF7A2FE10F0FF0F04D00D4900E001E05D
:1004100081F8008037B0AFE6E21402609E00006011
:100420008C000060A6000060BE2000204551002026
:10043000D9000060D5200020D8000060C400006012
:10044000D4200020F0B5B7B00E4604461F4615462E
:10045000C82104A828F08BFC3CB33B463246CBA114
:1004600004A8009529F09CFF04A828F09DFC002119
:100470003A2801D98DF84A10CE4ACF4BCC4892F990
:10048000002093F90030CDE90032CDE90201CB48DC
:100490000023FF21027804A8FFF756FE002802DDA2
:1004A000C7490120087037B0F0BD3B463246C5A1B0
:1004B00004A829F075FFD7E710B5B6B00446C821E7
:1004C00004A828F054FC012C2ED0022C2ED0032C92
:1004D0002ED0042C2ED0052C2ED0072C22D1C5A135
:1004E00004A829F05DFF04A828F05EFC00213A284A
:1004F00001D98DF84A10AF4AAF4BAD4892F90020B0
:1005000093F90030CDE90032CDE90201AB48002378
:10051000FF21027804A8FFF717FE002802DDA84992
:100520000120087036B010BDB8A1D9E7C0A1D7E747
:10053000C5A1D5E7CAA1D3E7D04903200870D049A7
:1005400081F8C200CFA1CBE730B593B00D46044689
:100550003C2104A828F00BFC34B1012C07D0022C5C
:1005600008D0032C09D00DE02A46CBA107E02A468B
:10057000D0A104E02A46D6A101E02A46DCA104A8C5
:1005800029F00EFF04A828F00FFC00213A2801D919
:100590008DF84A10874A884B854892F9002093F9D4
:1005A0000030CDE90032CDE9020184480023FF216B
:1005B000027804A8FFF7C8FD002802DD8049012069
:1005C000087013B030BD2DE9F041D34C16460F46EC
:1005D00080460025E07958B394F85800B04227D1FE
:1005E00094F85700B84223D1207A08BB41462046F0
:1005F00000F0B7F8E0B1012004F8080F002084F8FB
:10060000560084F8570084F8580084F8590084F89C
:100610005A00617829B9C14A11784B1E137000D273
:100620001070BF48017841F002010170BDE8F0810F
:100630006D1C2DB26634102DCCDBF7E770472DE929
:10064000F04F5E4A83460024B348DFF8D09292F818
:10065000008025464FF0010A2646C279EAB390F899
:100660006320D2BB022380F863305A4600230AE09D
:10067000D7792FB190F8657092F865C0674504D0BE
:100680005B1C1BB266328B42F2DB8B424BDA937AF5
:100690003BB3027A4AB9427A3AB999F80020531E1C
:1006A00089F8003001D289F80060C67180F8636073
:1006B0000672467280F80AA080F8646090F85820AC
:1006C000424509D180F85E6080F85F6080F8606024
:1006D00080F8616080F8626000E026E044F0020487
:1006E00023E0527AFAB1427AEAB9027A3AB999F831
:1006F0000020531E89F8003001D289F8006080F88C
:1007000009A080F8646090F85820424509D180F82B
:100710005E6080F85F6080F8606080F8616080F8FB
:10072000626044F0010480F863606D1C2DB2663095
:10073000102D92DB002C0AD07949A20791F9000014
:1007400040F00100087002D540F00200087013E587
:10075000704710B528F028FB80B23A2800D93A201B
:1007600010BD70B504460D460846FFF7F2FF02467D
:1007700094F91200904205D1294604F1130028F0A3
:1007800032FB08B1002070BD012070BD4944203A01
:10079000257520534E3A20256C75206861732063BF
:1007A0006F6E6C69667420534E3A20256C7500009C
:1007B000D9000060D5200020D8000060C40000608F
:1007C000D42000204944203A257520534E3A202554
:1007D0006C752068617320636F6E6C696674207736
:1007E00069746820543320636F6E74726F6C6C652B
:1007F0007200000043414E204E4F5420434F4E4E56
:1008000045435420534E5450000000004C6F737405
:1008100020636F6D6D756E696361746F6E207769AB
:10082000746820746F7020626F6172640000000051
:100830005245414420414F20466565646261636BC7
:10084000204641494C000000557064617465207475
:10085000696D6520736572766572206661696C00EA
:100860004C6F736520636F6D6D756E69636174693C
:100870006F6E207769746820706963009802006069
:100880007611026053442043415244204953204191
:10089000424E4F524D414C00505247202564206536
:1008A00072726F72203A2064656164206379636CB0
:1008B00065310000505247202564206572726F72C6
:1008C000203A2064656164206379636C65320000BE
:1008D000505247202564206572726F72203A20744E
:1008E000616B6573206C6F6E672074696D650000C5
:1008F000505247202564206572726F72203A206939
:100900006E6465786573206E65737420746F6F20F4
:100910006465657000000000E21402608C000060F5
:10092000BE2000202DE9F05FC0EBC003FB490A2286
:1009300001EB8304FA4900EB0010A2754518E07C36
:10094000012827D0E11C204603F04CFF04F10E01E2
:10095000C81E03F047FFE07D4FF6FF7101EA00205B
:10096000217E0026084487B2B246D4F8030024F062
:1009700045FEDFF8B083C8F80C00D4F80E0024F070
:100980003DFEC8F81000D8F80CC0ACEB0002287C83
:1009900020B108E000202874BDE8F09F2A60C5F867
:1009A0000CC001202874DFF880B3002137B1642027
:1009B000504390FBF7F1594500DD5946207D00B9C1
:1009C00049422868A37D10445B0858436B6818446B
:1009D000002B04DBB0F5000F06DBD44804E010F573
:1009E000000F01DCD14840426860637E8BB194F80F
:1009F0001480B8F1000F02D003FB00F601E003FB06
:100A00001066607D08B13C2001E04FF4616096FB08
:100A1000F0F6E07EB0F100091ED0EFB1E8684FF0CB
:100A20006408ACEB000000FB08F090FBF7F05845C1
:100A300001DD584604E0BC4F7F42B84200DA384638
:100A4000277D002F4F4600D17F424743A07DC0EB5A
:100A50000010800097FBF0FA64279AFBF7F0084437
:100A6000A17E08445946884201DD584602E000282C
:100A700000DA00203BB13044884201DD084602E044
:100A8000002800DA00202A60C5F80CC024F0B6FD6A
:100A9000C4F8070080E72DE9F84FA54C0026DFF8E1
:100AA0009492DFF894A2B04699F804004F46401E95
:100AB00045B2002D00DA0625E07FE8BB94F8280057
:100AC00078B1694604F1270003F08CFE00980028F5
:100AD00001D04FF0010084F8210004D04FF0080548
:100AE00001E084F8218094F8250078B1694604F18A
:100AF000240003F077FE0098002801D04FF0010099
:100B000084F8200004D04FF0070501E084F820802D
:100B10008A4806EBC60200EB021000EB0511BB7819
:100B20007F780AEBC2024FF0070002EBC50201F129
:100B30000E01155CFF2D00E011E006D04D78AB42B0
:100B40000BD802D10D78AF4207D2401E891E40B2A9
:100B50000028EEDA115CFF2908D0105CA077761C23
:100B600076B22A34082E9FDBBDE8F88F84F81E8009
:100B7000F5E7F0B56F4A00217148B2F80730714EC1
:100B80005B1E43F3C70203F00703012505FA03F4D4
:100B900063B20F46C47F5CB9C1EBC10404EB01141E
:100BA00006EB4404A45C1C4201D0857700E0877703
:100BB000491C49B221300429ECDBF0BD10B50020FE
:100BC000614B0146C0EBC00202EB001203EB420294
:100BD000401CC0B282F829101028F3D35B4890F86B
:100BE000090102281ED05A4C0020C0EBC00101EBC5
:100BF000810114F81120002A14D0012A0ED104EB2F
:100C000041014979102909D2C1EBC10202EB01115E
:100C100003EB410111F8292F521C0A70401CC0B28D
:100C2000F028E2D310BD3F4A10B5D188642911D312
:100C30000023D3801179B1FBF0F400FB1410491CA0
:100C40001171002808D1137102F0FBFCBDE81040BF
:100C500002F05CBE491CD18010BD32490020886082
:100C6000704770B50A460446C0EB0410394900EBE2
:100C700040000844384D90F92800092821D2DFE8C7
:100C800000F02005070C07070C070E00334900E0B1
:100C90003349104628F07BFA0BE03249F9E703218B
:100CA000104628F0B2FA294628F071FA2E4928F0A9
:100CB000E4F928F083FC81B22046BDE8704007F0DB
:100CC00014BE2946E5E72DE9F0470A4605462748C0
:100CD0002749284B0078097844182749AC4201EB92
:100CE000851602D8F361BDE8F087C5EB051101EB6D
:100CF00041041849214F0C44DFF8848094F82210F5
:100D0000DFF854904FF47A7A39B1064B002199609C
:100D100094F82330B3B3B2B399E035E03A350260CA
:100D2000D007016084200020A0860100FFFF7F0023
:100D300074880260D0150060448E0260C48902602D
:100D40008490026008910260F443026076110260B0
:100D5000D44602603CC5046000007A440000204193
:100D60000000C8420000A04100004843C2000060EB
:100D7000BD20002000007F4370B90260221D026088
:100D8000760A026039E058E0F36194F8230098BBDA
:100D900028461FF000FD4FF47A7148433FE0A0F170
:100DA000170107290AD800EBC00101EB00103844F5
:100DB000A0F5805090F8C10D012804D028461FF0FE
:100DC000EAFCB8BB04E028461FF0E5FC90B3002025
:100DD00084F8250010F0FF0F01D0514600E00021FB
:100DE0002846BDE8F04707F080BDD4F81E0024F087
:100DF00005FC28F8150076E729E032B994F825209B
:100E0000012A01D14FF07E51F1618542C0D32846BD
:100E10001DF095FF494628F088F928F0B6FB24F02C
:100E2000EDFBC4F81E0094F92800A0F10C010A297A
:100E3000C9D9B4E7FFE70120CAE7D4F81E0024F0BF
:100E4000DDFB28F076FB494628F0A1F9F06107F0B8
:100E500030FEA842C9D928461DF071FF494628F046
:100E600064F928F092FB24F0C9FBC4F81E0024F0BA
:100E7000C5FB28F05EFB01462846BDE8F047F0E6DA
:100E800008B5FBF7A3FCDFF804840126009088F87E
:100E900045600024FE4FFF487C703C70BC70FC70C5
:100EA00090F80901022801D0FFF788FE0025E8B27A
:100EB0000021FFF708FF6D1CADB2BA46BC60402DA3
:100EC000F5D3F549C62016F09FF8F34D2878401C5D
:100ED000C1B22970C62016F0A6F82878052810D9C6
:100EE000EE49002000EB800202EB40120A44401C55
:100EF00080B282F820401028F4D30021C62016F0DA
:100F000092F8E74901200870E64905200870FDF7CE
:100F10004DFBE54D4FF01B0B4FF4FA716846FBF7A4
:100F200087FAE24E96F823000B2813D00E2814D02F
:100F300085F8F94124F03EFD022014F009FB002859
:100F400096F8230012D00B280AD00E280BD085F873
:100F5000F9B111E085F8B142ECE785F86943E9E7BA
:100F600085F8B1B208E085F869B305E00B280BD02D
:100F70000E280CD085F8F9410220FFF754FE96F8B0
:100F80002300082806D008E085F8B142F4E785F888
:100F90006943F1E70220FFF746FEC54909200870C2
:100FA000BA48418A491C418207F0B3FEC148006833
:100FB0003C2807D9B848017821B104700021C62027
:100FC00016F031F804F00EFB012812D1002606EBD2
:100FD000860000EB4611B1480F18F88B18B197F84E
:100FE000200001280CD087F82240761CB6B2102EC3
:100FF000EDD324F051FFB048002290F800804CE07F
:10100000DFF8B89206EB4600AD49C0EBC61001EB25
:10101000001199F8008030B201F00BFF99F8000040
:10102000A0EB0800401C87F82200DEE7A54802EB91
:10103000420100EB8101A44B887803EBD00300F060
:1010400007061B780120B040034201D0002600E0D3
:1010500001260020CF79DFF874C20AE0CB78034480
:10106000C3EB031303EB43036344401C83F8276083
:1010700080B28742F2D800200F7A0AE00B7903444D
:10108000C3EB031303EB43036344401C83F8276063
:1010900080B28742F2D8521C92B24245C6D39AF827
:1010A00000005746401CC0B28AF80000142815D32F
:1010B000DFF81C820026C6EBC60108EB81008078B1
:1010C00010B130B2FFF72EFC761CB6B2102EF2D360
:1010D0003C70002007F064FD07F0A5FDB8780528F6
:1010E00002D2401CB87004E0BC70FFF7D4FCFFF7DC
:1010F00040FD7848017801B104707748774A01686B
:101100001160774904604FF080500860BFF34F8F43
:10111000BFF36F8F00E72DE9F0470646C0EB0610DE
:1011200000EB40016948724F0C186F4894F9241085
:1011300000EB8615DFF858816A4BDFF8B0A13878EC
:101140004FF07E5C4FF47A79002249B102296BD0CE
:10115000012973D16748A8613046BDE8F047B2E580
:10116000C8F8082094F82310D1B1AA6184F825208A
:10117000864264D230461FF00EFB4FF47A7148432A
:1011800024F03CFAC4F81E0030461FF004FB00EBCC
:101190004001C1EBC0104FF6FF7101EAC0013EE013
:1011A00094F92810A1F10C08B8F10A0F11D9A1F196
:1011B0001708B8F1070F0AD801EBC10808EB0111B5
:1011C0001944A1F5805191F8C11D012901D0AA61EE
:1011D00056E0C5F818C091E01FF0DDFA03E01DF0FD
:1011E000AEFD00F0FF4008B1002003E0012001E067
:1011F0000028FBD184F825003878864230467BD21F
:101200001FF0C9FA4FF47A71484324F0F7F9C4F893
:101210001E0094F8250008B1494600E00021304640
:10122000BDE8F04707F061BBC8F8082094F8231028
:1012300069B194F92800092872D201E095E074E0C0
:10124000DFE800F08A6F718871718871710094F91C
:101250002810A1F10C08B8F10A0F4ED9A1F1170816
:10126000B8F1070F0AD801EBC10808EB01111944C6
:10127000A1F5805191F8C11D01293ED0C5F818C0D3
:10128000864230463FD21FF086FAB1E734970360BA
:1012900084200020761102609C2100206A1F0260D9
:1012A000A6200020A720002045510020143900204E
:1012B0009101006058010060442100201C200020A2
:1012C00006810160FD7903605C9503603CC50460A4
:1012D0003A350260640000607800006070000060D1
:1012E00004ED00E0221D026070B9026000007A4443
:1012F000C200006000007F430AE0AA6186423046D7
:10130000BFF46DAF68E71DF01AFD00F0FF406FE716
:101310001DF015FD514627F008FF28F036F974E757
:101320001AE06A4800E06A48A86130461DF007FDEF
:10133000514627F0FAFE28F028F924F05FF9C4F8A6
:101340001E0024F05BF928F0F4F801463046BDE8B1
:10135000F04786E45F48E7E7D4F81E0024F04EF932
:1013600090FBF9F028F0E5F8DEE7BCE470B5044640
:1013700059485A49007809780144A14205D8594989
:10138000574801EB8411C86160E0C4EB041101EB24
:1013900041025549554E551895F82310D1B1844254
:1013A00034D220461FF0F7F94FF47A71484324F005
:1013B00025F9C5F81E0020461FF0EDF900EB4001AD
:1013C000C1EBC0104FF6FF7101EAC001204607F0E3
:1013D0008CFA3BE08442204605D21FF0DCF94FF442
:1013E0007A71484306E01DF0AAFC314627F09DFEC5
:1013F00028F0CBF824F002F9C5F81E0095F8250076
:1014000010B14FF47A71E1E70021DFE707F051FBFB
:10141000A04214D920461DF092FC314627F085FEEB
:1014200028F0B3F824F0EAF8C5F81E0024F0E6F836
:1014300028F07FF801462046FFF713FC06E0D5F8B8
:101440001E0024F0DBF82A4921F81400BDE87040A2
:1014500008F0E2B830B5274B224D214C002005EBB7
:1014600080114A6AA24205D01A5C12B1521E1A5467
:1014700000E04C62401CC0B24028F0D330BD70B5D3
:101480001D4890F85A1000291ED01C4AC1EB0111CA
:101490009068431C9360B0EB810F15D90020104D6C
:1014A000104E04469060002106EB841040F8215055
:1014B000491CC9B21029F9D300212046FFF703FCCB
:1014C000641CE4B2402CEED370BD0000000020414B
:1014D0000000C8420000A041C2000060BD20002002
:1014E00000007F4370B902603CC5046000007A448C
:1014F000760A0260E0080160143900208420002090
:1015000010B50146F7A0F6F76EFEF749002230B994
:10151000C888401C80B2C880B0F5FA6F02D9CA8072
:10152000012010BD002010BD30B5C5B2C0F30724A6
:10153000C0F30743000E012A0AD0022A0DD0032A65
:1015400010D0042A03D1C8708B704C700D7030BD60
:1015500008704B708C70CD7030BD8870CB700C7083
:101560004D7030BD48700B70CC708D7030BD70B553
:10157000CEB2C1F30725C1F307440023090E042AA4
:1015800006D0032A0DD0022A14D0012A1BD022E053
:1015900066F3070365F30F2364F3174361F31F63D7
:1015A00019E064F3070361F30F2366F3174365F350
:1015B0001F6310E065F3070366F30F2361F317431E
:1015C00064F31F6307E061F3070364F30F2365F31C
:1015D000174366F31F634FF6FF7101EA0321C3F35C
:1015E00007221143C3F3074242EA01211A0E42EADD
:1015F0000121016070BD008840BA7047827801887F
:10160000C07862F31F4141EA00607047B749B84AA9
:101610000868904201D800207047001F08600068E9
:10162000704770B5B34A0546106810F8024B106059
:10163000084600F0B5FE4FF47A7190FBF1F0102CE3
:1016400011D200280FDB04EB4401AB4A01EBC401CB
:101650001144B1F80910814205DDA84951F8241060
:1016600051F82000286070BD0278B0F90130832A5B
:101670000AD0842A08D0852A08D0862A03D1C856E1
:101680004FF47A7148437047C8587047C85EF7E70F
:101690002DE9F0419A4D974C00272F6022680646AD
:1016A0001378A3F18200042808D8D21C226006B166
:1016B00037602068BDE8F041C01ED5E78D4800685E
:1016C000401C9C2B06D09E2B12D09D2B2FD000208F
:1016D000BDE8F081927820600C2A05D0884903F09B
:1016E00081F82068801C0EE08548FFF79AFF0BE028
:1016F00092780C2A0AD000231A468149206003F010
:101700007CFE2068401D20602868E1E70646401DF9
:101710002060084600F044FE4FF47A7190FBF1F02F
:1017200000231A467649304603F067FEECE7521D67
:10173000226006B13760206850F8040CC8E76B4A95
:101740006B4B11685033994201D201C1116070474F
:101750002DE9F14F67486B4C6B4D0068DFF8A0A195
:10176000DFF8A8B100789EB082384FF47A761C2852
:1017700079D800201E99FFF78BFF9CE2396811F899
:10178000010B396057286FD044DC3B286DD021DC39
:1017900031286BD014DC062869D008DC022867D019
:1017A00003286FD004286ED0052808D1FDE3072850
:1017B0006AD0082856D0292855D02C28FCD02FE1F3
:1017C00032380928FBD2DFE800F0F9F8F7F6F5F433
:1017D000F3F2F1003C381B28F1D2DFE810F0C80228
:1017E000DE02A4024400D304D3048C0521012101AC
:1017F00068023903EC0221012101210168024A0536
:101800004B02570221014400A70536054705210177
:1018100021012B047A287BD016DCA0F15800222865
:10182000CDD2DFE800F0FEFDFDFDFDFDFDFDFCFB82
:10183000FDFDFD7DFAA8CC76FD3D4EF9F8FDFDF7E6
:10184000F6F5F4F3F2FDFDF1C7287DD01DDCC228CA
:10185000A5D00EDC7B2878D0A42877D0A528FCD092
:10186000C128ACD15BE15DE2F8E3F8E3F8E3F8E32B
:10187000F8E3C32895D0C42895D0C52896D0C628AB
:101880009DD1EEE3EFE3EFE3EFE3C8380B2896D208
:10189000DFE800F0F2F1F0EFEEC6EDECC6EBEA00A7
:1018A000FFF7B4FE2060FFF7B1FE2860206823F048
:1018B000A5FE2060286823F0A1FE28602168084466
:1018C000E4E2FFF7A3FE2060FFF7A0FE2860206897
:1018D00023F094FE2060286823F090FE28602168A1
:1018E000401AD3E201FFFE0064000060C8000060FF
:1018F00010190360C020002070CA0260E02C002094
:10190000D0000060CC200020D4000060D015006022
:1019100007E1FFF77BFE206023F070FE2060A7E167
:10192000FFF774FE2860FFF771FE206023F066FE6B
:101930002060286823F062FE286090FBF6F003B276
:101940002068012B024602E0FBE376E0E8E1B7DD28
:1019500000215B1E0CE090FBF6F706FB17075743D0
:1019600097FBF6F790FBF6F000FB0270491C09B2FA
:101970009942F0DB8AE2FFF749FE2860FFF746FE56
:10198000206023F03BFE2060286823F037FE0146EC
:101990002860206890FBF6F206FB12024A4392FB95
:1019A000F6F290FBF6F000FB01206FE2CAE3A3E140
:1019B0001DE3FBE2ACE1FDE3FDE34BE250E1FFF7A9
:1019C00025FE2860FFF722FE206023F017FE20602E
:1019D000286823F013FE2860071E7AD0384627F0C7
:1019E000A8FD8046206890FBF7F1814607FB1100B7
:1019F00027F09FFD414627F0CAFBFB4927F095FBE6
:101A0000804699FBF7F00DE0A0E0B7E062E073E0FC
:101A10004AE014E102E1BDE0DEE02EE0EDE0CAE0E4
:101A2000F4E367E34FF47A71484327F082FD4146BF
:101A300027F023FB27F0A9FD28E2FFF7E7FD286048
:101A4000FFF7E4FD206023F0D9FD2060286823F033
:101A5000D5FD2860E8B3216891FBF0F023F0CEFDBE
:101A60004FF47A71484326E136E125E15EE20EE269
:101A7000F4E3F4E3F4E3F4E3F4E3FFF7C7FD2860F1
:101A8000FFF7C4FD206023F0B9FD2060286823F033
:101A9000B5FD2860E8B1216891FBF0F200FB12105F
:101AA00090FBF6F0206048E3FFF7B0FD2860FFF7F9
:101AB000ADFD206023F0A2FD2060286823F09EFD8C
:101AC00090FBF6F02860216891FBF6F14840216018
:101AD00033E324E0FFF79AFD2060FFF797FD2860CD
:101AE000206823F08BFD2060286823F087FD2860A4
:101AF0002168014313D1BFE3FFF788FD2060FFF7A2
:101B000085FD2860206823F079FD2060286823F097
:101B100075FD286021680029EDD00028EBD0304603
:101B2000AFE3FFF773FD2060FFF770FD28602068CA
:101B300023F064FD90FBF6F02060286823F05EFD42
:101B400090FBF6F028602168014313E0FFF75EFD8B
:101B50002060FFF75BFD2860206823F04FFD90FBBD
:101B6000F6F02060286823F049FD90FBF6F028602D
:101B7000216801404FF47A70484382E3FFF746FD45
:101B8000206023F03BFD206010B10020206078E34E
:101B90000120FBE7FFF73AFD2860FFF737FD2060E3
:101BA00023F02CFD2060286823F028FD28602168A0
:101BB00081427CDC60E3FFF729FD2860FFF726FD0A
:101BC000206023F01BFD2060286823F017FD2860AB
:101BD000216881426BDA4FE3FFF718FD2860FFF7B9
:101BE00015FD206023F00AFD2060286823F006FD23
:101BF0002860216881425ADB3EE3FFF707FD286039
:101C0000FFF704FD206023F0F9FC2060286823F032
:101C1000F5FC28602168814249DD2DE3FFF7F6FCE1
:101C20002860FFF7F3FC206023F0E8FC20602868C0
:101C300023F0E4FC28602168814238D01CE3FFF7E0
:101C4000E5FC2860FFF7E2FC206023F0D7FC206071
:101C5000286823F0D3FC28602168814227D10BE358
:101C6000FFF7D4FC206023F0C9FC2060002884DA50
:101C7000404206E3FFF7CAFC206027F068FC002220
:101C80005A4B27F0E7FB29F005FD0AE0FFF7BEFC01
:101C9000206027F05CFC0022544B27F0DBFB29F08E
:101CA0008FFB27F0EAFC504927F03FFA00E0E7E21B
:101CB00027F06BFC206046E3FFF7A8FC206027F0CC
:101CC00046FC4B4A4B4B27F053FB00224A4B27F074
:101CD000C1FB2AF0AFFBE4E7FFF798FC206027F098
:101CE00036FC434A434B27F043FB0022424B27F08C
:101CF000B1FB29F017FBD4E7FFF788FC206027F041
:101D000026FC0022394B27F0A5FB2AF0E3FBC8E7AD
:101D1000FFF77CFC90FBF6F04FF47A714843C9E77B
:101D2000FFF774FC20E33548027872B90968C0688F
:101D3000A1EB000CBCF1000F03DDFFF767FC0020F6
:101D40000FE02F496044884205D1FFF75FFC23F084
:101D500055FC8446F3E7FFF759FC23F04FFC84461B
:101D60000120FFF7ECFC386840F804CBFBE2B1F946
:101D7000000023F044FC2349096808442249086014
:101D800010F8011C19B1006823F038FC00E00020B5
:101D9000FFF7D5FC3868801CE5E2B1F9000023F0BC
:101DA0002EFC1849096808441749086010F8011CFE
:101DB0000029ECD1E7E7FFF729FC90FBF6F0134987
:101DC00000B2097888420DD0C117114A00EB517159
:101DD00002EBE10221F00701431A12780121994038
:101DE0000A4217D00120AEE200007A4400408F4042
:101DF0006E861BF0F921094000F90541640000607E
:101E0000EB32A4F8C4200020D0200020C4000060E1
:101E10005C950360DFF8FC830027FD4B98F80020F9
:101E200010E04FF02B0C07FB0C3191F804C08445F7
:101E300002D0497A814203D10120FFF780FC03E000
:101E40007F1C3FB29742ECDB98F80000874277D1C5
:101E5000002078E211F8018B396000210F46D1464D
:101E6000CAF800100CE0FFF7D1FB206023F0C6FB9E
:101E70002060D9F800207F1C10443FB2C9F8000050
:101E80004745F0DBD9F8001091FBF8F0F9E10B7849
:101E9000481C3860D81E172852D24FF0000C0EAFE5
:101EA0000EE0FFF7B3FB90FBF6F0A3EB0C0107EBA2
:101EB000410120600CF1010C21F8020C0FFA8CFC9E
:101EC0009C45EEDBD44803220DF1040C00788DF81C
:101ED0006E00BDF838008DF86F00BDF83A008DF83F
:101EE0006C00010A02EB41118DF86D10802101EBAD
:101EF000D0209B1E8DF8700003F0FF0800210BE03E
:101F000007EB410082880CEB41004FEA12290CF8E4
:101F10001190491C427009B29942F1DB012003463D
:101F200000904FEA480261461BA83AE00B78481C33
:101F30003860D81E1728AFD24FF0000C01AF0FE069
:101F400003E2FFF763FB90FBF6F0A3EB0C0107EB5A
:101F5000410120600CF1010C21F8020C0FFA8CFCFD
:101F60009C45EEDBAC4818229B1E00788DF83A00A9
:101F7000BDF804008DF83B00BDF806008DF8380070
:101F8000010A02EB41118DF83910802101EBD020BC
:101F90008DF83C0018060121C20D0B460091391D39
:101FA0000EA802F0E5FF3046CDE176E111F8018B95
:101FB0003960FFF72BFB23F021FB0027A8F1010874
:101FC000D146CAF800000FE0FFF720FB206023F0A5
:101FD00015FB924920600860D9F80020904201DD8D
:101FE000C9F800007F1C3FB24745EDDB1FE011F848
:101FF000018B3960FFF70AFB23F000FB0027A8F1F3
:102000000108D146CAF800000FE0FFF7FFFA206090
:1020100023F0F4FA814920600860D9F8002090424A
:1020200001DAC9F800007F1C3FB24745EDDBD9F863
:10203000000026E1FFF7EAFA23F0E0FA90FBF6F061
:1020400007B2FFF7E3FA23F0D9FA90FBF6F001B2FA
:102050004FF47A60874209DD07460AE01EE034E16A
:1020600074E11DE110E112E114E105E1002F00DA55
:1020700000274A1E38460F2A5FD8C1EBC1026849C3
:1020800001EB820111F8092C9ABBC21700EB126216
:1020900001F8040C120A01F8052C4EE0FFF7B6FA1D
:1020A00023F0ACFA0A2190FBF1F05746CAF8000081
:1020B000FFF7ACFA23F0A2FA90FBF6F0396800B211
:1020C000002901DA002102E0C82901DDC8213960B8
:1020D000421E0F2A09D8C0EBC002514800EB820013
:1020E00010F8092C0AB900F8011C01EB810040002E
:1020F000C7E022E0FFF78AFA23F080FA90FBF6F0BF
:1021000007B2FFF783FA23F079FA90FBF6F001B2F9
:10211000FF2F01DDFF2702E0002F00DA00274A1E13
:1021200038460F2A09D8C1EBC1023D4901EB8201B3
:1021300011F8092C0AB901F8030C4FF47A714843DD
:102140009FE0B0E0FFF762FA90FBF6F02060FFF747
:102150005DFA90FBF6F028602168012901DA01217F
:1021600002E0052901DD0521216021781331CAB281
:1021700001B2104623F062FB2A4926F0D6FF27F071
:1021800004FAE0E0FFF742FA206023F037FA20601B
:10219000FFF73CFA286023F031FA024628602068F5
:1021A00090FBF6F0401E01B29BF80400401E00D5E3
:1021B000062001E04CE056E03B6813F8013C402B60
:1021C00041D0012303EB410109B2B242FFF640AE18
:1021D0000929BFF43DAE00287FF73AAE92FBF6F333
:1021E000114F03EBC30392FBF6F207EB031303EB70
:1021F000001303EB41034FF4616C13F88F3C02EBC7
:10220000C20203FB0CF307EB02120FE0BBE000007D
:1022100044080360960000608F000060C820002022
:102220003A35026000401C46C489026002EB00108F
:1022300000EB410010F8900CC0EB001003EB8000A5
:10224000CAF8000079E74900BEE79BF8030001E007
:102250009BF804004FF47A71484349E032E02EE0E5
:102260002AE026E022E0BBF80700F3E79BF8050030
:10227000F0E7F948417809B1002002E001214170FE
:10228000012023F0BBF95EE04FF4FA60F9E740F675
:10229000B830F6E74FF47A60F3E741F28830F0E7C0
:1022A00041F27070EDE741F65830EAE74FF4FA502A
:1022B000E7E742F22830E4E742F21070E1E742F645
:1022C000F820DEE742F6E060DBE79BF80210E34A25
:1022D00040F2537351439BF801209BF800005A438E
:1022E00001EB421100EB4002C2EBC01001EBC00059
:1022F000CAF80000C5E7DA4A002000EB001101EB44
:10230000410102EB4101CB79012B01D1497A21B185
:10231000401CC0B21028F0D39AE5012023F06EF9DA
:10232000FFF70DFA1FB00120BDE8F08FFFF76EF93F
:1023300090FBF6F0FFF76AF990FBF6F0FFF766F90D
:1023400090FBF6F0C748FFF7FAF90DE008788238FD
:102350000A2806D8B1F901004FF47A714843FFF713
:10236000EEF93868C01C3860BF4F386890F900003B
:10237000FFF7C6F800283FF401AA3946086802783A
:10238000FF2A04D005E0491E3960FFF7F2B9401C6E
:102390000860FFF73BF91FB0BDE8F04F23F02EB9FE
:1023A00010B5AD4CA178082906D3E07800280AD0F2
:1023B0000121AE4827F095F9491CA170FFF7C8F933
:1023C000A178491EA17010BD10B5B0F90130B3F568
:1023D000FA7F0DD8007883280BD0842809D04FF4D9
:1023E0007A74852807D0862802D191FBF4F0D05466
:1023F00010BDD15010BD91FBF4F0D05210BD9C4ADD
:102400009C4B1168994202D20B1D13600860704703
:102410009749984A0868503A904201D8002070477E
:10242000001F086000687047F0B5B0F90170059DA5
:10243000EE1936F904CCBCF1000F03D0002A07DDF9
:10244000944505DB002B03DD36F902CC9C4501DA0F
:102450000120F0BD0078882806D0892804D08A2879
:1024600004D08B2805D103E0042402E0022400E01C
:10247000012436F8026C521E02FB0632521E02FB89
:10248000047212B2882808D0892806D04FF47A73D3
:102490008A2804D08B2809D105E0A95006E091FBD9
:1024A000F3F0A85202E091FBF3F0A8540020F0BD35
:1024B0002DE9F04F824670486B4D8FB000270770B2
:1024C000894601F5FA6B29606A49694A50393E46E6
:1024D0001160B9F8000000B223F091F884B200282E
:1024E0007ED029680844401D2860008800B223F08F
:1024F00086F829681FFA80F88A1C0144891C049216
:102500002960088800B223F07AF82968891C0A1823
:1025100029600092594A116004EB080101440AEB5A
:102520008A0202EB4A10564A4B4C10444FF4FA68A8
:10253000C183278119E00498FFF70AF95149524BEA
:10254000086029680A46491C1960002810780A4664
:10255000296021D0E0B1207800B10F600868E268FE
:10256000104408602868001D28602968009881428E
:1025700004D22089411C21814045DCD336480189A1
:102580000AF101000B9041450DD3C1B20020EBE3ED
:10259000012002F8010C03E00028DCD002F8017CE5
:1025A00018680760DEE7C5F80090B9F800004C46EF
:1025B00000B223F024F80A902968A41C891C0A1888
:1025C00029605078927800EB022CC44543D801EB87
:1025D0000221084420492860B8460F812B4800E0BA
:1025E0003DE100680C900AF101000FFA80FAA7E3C0
:1025F00026480C990068401AB0F5FA7FE6D8ADF885
:102600000080286847461EB10078012821D004E0E8
:10261000017801297BD1C01C2860296811F8010BC1
:102620002960262861D033DCA0F108001E28DED204
:10263000DFE800F05B5BFDFCFDFBFAFDF9F8F7F667
:10264000F5F4FDF3FDFD4DFD5B5BF2FDFDF1FDFDE0
:10265000FD5B002678E389E36400006080EE3600CD
:10266000E214026018FCFFFFC02000202009016076
:10267000C800006060190360D4200020C42000203E
:102680006A1F0260CC000060D02000201C200020C7
:102690005928ACD014DC2D2827D008DCA0F1280064
:1026A0000528A4D2DFE800F0C321BCF121002E28C8
:1026B0001BD040287DD041287CD0432897D1EFE122
:1026C0008A2804D008DCA0F1830004288FD8286869
:1026D00010F8011B084432E3B4286CD0B5286BD045
:1026E000B6286AD0B728E9D18DE32968002711F808
:1026F000010C09280CD008280AD0012201920A787E
:10270000A2F182030A2B05D8012789460CE023E1B8
:102710000022F3E79C2A02D09E2A07D00FE0B1F8EE
:1027200001209C27ADF83420C91C07E051F8012F87
:1027300008920A799E278DF82420491D29601C28BB
:1027400003D02D2801D0252802D14FF47A710591AC
:102750001D2803D02E2801D0262801D1CDF81480C1
:10276000092808D0292810D02C2827D0082840D0A4
:10277000012F5DD04AE00498FEF7EAFF0590012F93
:1027800044D101464846049A55E001200790049838
:10279000FEF7DEFF06900498FEF7DAFF014605908B
:1027A00006984FF47A7290FBF2F304980090079A1F
:1027B0001BE059E09CE0EAE2FDE20FE30498FEF73B
:1027C000C7FF07900498FEF7C3FF06900498FEF732
:1027D000BFFF0146059006984FF47A7290FBF2F322
:1027E000079890FBF2F2049800904846FFF71CFE11
:1027F0000CE00498FEF7ACFF4FF47A7190FBF1F017
:1028000040B201900498FEF7A3FF05909C2F15D0CD
:102810009E2F0CD119E022E166E21FE021E047E0A3
:1028200064E028E20DE255E2F7E1BCE1A0E11EE23E
:10283000DDE904214846FFF7C7FD81E2002305A931
:102840000DA8019A02F000F97AE20023CDF8008089
:1028500005A908A8019A02F08BFB71E201200FB0D4
:1028600062E5FFF7D5FD6AE20498FEF771FF07B253
:10287000012F03DB28684078B84207DA286801781E
:1028800001297DD0401C2860F9E71EE02868017806
:10289000142905D1417800EB4100801CFFF7AFFD02
:1028A000286800EB4700008800B222F0A8FEB2E1E1
:1028B0002F6837F8020B00B222F0A1FE2044801EE0
:1028C00028603846FFF79BFD3AE2F94F387850B15F
:1028D0002868008800B222F092FE2044801E286002
:1028E00087F800802CE22868801C28E22868DAE754
:1028F0001E226D21286826F06CFA5FEA000901D0DB
:102900006D2708E01E226E21286826F062FA5FEA31
:10291000000921D06E27FF2089F80000E548C0F8A3
:10292000109007710498FEF713FF07900498FEF7C4
:102930000FFF06900498FEF70BFF0590286810F82B
:10294000011B00910144491C2860594505D9D9490A
:1029500089F80070C1F81080B8E0009900F095FA8D
:1029600029680098084410F8011B286099B36D2F5E
:1029700020D1DDE905210A4407998A4204DA00E002
:10298000CFE100F8018C15E0CC4A012100F8011CD0
:1029900092F90030CA4AC848514692F90020CDF851
:1029A0000C800092CDE90130C64800230278C64869
:1029B000FDF7CAFB6E2F4CD1DDE90510411A0798CF
:1029C000814203DD296801F8018C42E02968012079
:1029D00001F8010C2AE0FFE76D2F1BD1DDE906129B
:1029E0008A4217DA012100F8011CB148B34A01708C
:1029F00092F90030B24AB049B24892F90020CDF8BD
:102A00000C800092CDE90131027800235146AE4896
:102A1000FDF79AFB6E2F1CD1DDE90601814218DD1E
:102A20002968012001F8010CA1490870A34AA249B4
:102A3000A44892F90030A24A92F90020CDF80C8007
:102A40000092CDE901310278002351469E48FDF7FE
:102A50007BFB984889F80070C0F8108070E1286806
:102A60000178FF2905D0954F934A87F800802868A0
:102A70000DE0934940220A7010E097F900100529F3
:102A800003DA03785354491C3970401C28605845B8
:102A900002D201780029F0D1584517D2401C4EE1EE
:102AA000834981F800800498FEF752FE8749086048
:102AB00028680068059022F0A1FD05902868077934
:102AC000401DC1190A1D28605A4502D94FF0FF3038
:102AD000C5E67E4A12687AB3394600F0D6F928680E
:102AE0007449384428600A780AB1059A026000687F
:102AF000002807DDC968401A22F080FD29680028F7
:102B0000086018DC6D4A6C48514692F900306C4AF6
:102B100092F90020CDF80C800092CDE9013069488F
:102B2000002302786848FDF70FFB10F0FF0F02D07A
:102B30005F480121017079E1FFE7096800290DDC98
:102B4000394600F0A2F95F48514602785E48FDF729
:102B50003AFD5F48017841F001010170286838446E
:102B60002860059822F04AFD0590296808605DE11B
:102B700028688146C01C28600498FEF7E9FD0746D6
:102B80000498FEF7E5FD06900498FEF7E1FD06982F
:102B9000B84205DB39464846049AFFF715FCA2E621
:102BA0002868008830E028680088ADF8000000B28E
:102BB00022F025FDADF80000204400F10209401D7F
:102BC00028600498FEF7C4FD0498FEF7C1FD069046
:102BD0000498FEF7BDFD296800910746C5F80090EE
:102BE00000200499FEF754FDC11905914846049A46
:102BF000FFF7EAFB00992960DDE90502904202DC5B
:102C0000891C29609CE00888ADF8000000B222F021
:102C1000F6FCADF80000204464E001260498FEF7BD
:102C200097FD2A4900280860B9D12868B0F900004A
:102C300022F0E5FC2044801E286014E0FE2870D1BC
:102C400014E00498FEF784FD2049002808602868F5
:102C50000ED010F8011B286011BB012100F8011CE7
:102C60001CE00126286000780128E7D1002667E0F3
:102C700000F8017B09E00498FEF76AFD134908603B
:102C800028B12868012100F8011B286008E02868A5
:102C900010F8011B286019B100F8017C801CE0E7E6
:102CA000B0F9000022F0ABFC2044801ED9E7000000
:102CB000D420002064000060D9000060D5200020EE
:102CC000D8000060C4000060482F0020CC000060E5
:102CD000BE2000202868401C2860B0F9000022F0C7
:102CE0008EFC2044801E2AE02868011F0091017894
:102CF000A12917D00498FEF72BFD07462868006825
:102D0000059022F07BFC6949C96808440590B842E7
:102D10002ED92868C0F800800A982044A0F80180C5
:102D200084E011E0401C2860006822F067FC4FF44A
:102D30007A7100FB01F72868001D2860DFE7286032
:102D400028680078FE2807D058490889421C0A8163
:102D5000B0F5FA6FFFF44CAC54480089B0F5FA6F47
:102D600004D30B98C1B20120FDF7EEFB002076E5FD
:102D700022F044FC0590296808600098001B00B20E
:102D800022F03DFC0A992144A1F8010066E504986F
:102D9000FEF7DEFC4FF47A71B0FBF1F0444A0328F1
:102DA00092F8671001F0FC0182F867103ED80143E9
:102DB00082F867103AE00498FEF7CAFC4FF47A7183
:102DC000B0FBF1F03A4A032892F8671001F0F301E2
:102DD00082F867102AD841EA800011E00498FEF7D3
:102DE000B7FC4FF47A71B0FBF1F0314A032892F846
:102DF000671001F0CF0182F8671017D841EA001080
:102E000082F8670012E00498FEF7A2FC4FF47A7192
:102E1000B0FBF1F0264A032892F8671001F03F0159
:102E200082F8671002D841EA8010E9E72868001D9F
:102E300085E72DE9F0411D4C00250646A5700F469B
:102E40001C48256126F040FC70B1E570216911B184
:102E5000207908702561761CF1B20320FDF774FB20
:102E60004FF0FF30BDE8F0810120E0703946304678
:102E7000FFF71EFBE570F5E7006800F52A01AB31AE
:102E800001D0002070470120704710B55D245D29F6
:102E900000DA0C46002C00DA00240146A2B20648F3
:102EA00025F04CFF04490020085510BD6400006067
:102EB0001439002020090160482F00202DE9F0413D
:102EC0000C46074691F85F104FF46160414394F857
:102ED0005E00C0EB001001EB800094F85D100E184E
:102EE00094F8620000EB8002732007FB00F1F648C3
:102EF00000EBC10504F10901284625F01FFF14F875
:102F00005D0F85F84800607885F84900A07885F85D
:102F10004A0085F84670607985F8470006B90126B1
:102F200005F02EF9B0FBF6F0401C704345F85A0F3F
:102F30000020A880BDE8F08170B50C46064691F8E7
:102F4000611094F86200E04B091A01EB810200EB7A
:102F5000800001197320704303EBC00505F5E6708E
:102F6000093125F0EBFE85F8126214F8610F6178E3
:102F7000401A85F813020020A5F82A0270BD2DE939
:102F8000FC5F8946054691F85F104FF4616041434C
:102F900099F85E0005EBC502C0EB001001EB800064
:102FA00099F85D1002EB05120844D9F864104FF04F
:102FB00000080144C448C9F86410A0F5165101EB9B
:102FC00042177321694300EBC1045BE008EB880002
:102FD0002618B4F85E0018B905F0D2F8C4F85A0003
:102FE00014F8461FB246208B07EB001001703178B1
:102FF000417171788171B178C171F1780172317963
:10300000417205F0BDF8064605F0BAF8C0F3072096
:10301000009005F0B5F8C0F3074B05F0B1F8010ECC
:10302000009801EB0B21000400EB06600144208BAB
:10303000002307EB00100122C0F8011040F60D211B
:10304000C18101A95046463C02F0D7F9012817D1A9
:10305000019822F0D3FAC0F30723B4F85E10C0F34E
:1030600007424FEA106C1B0407EB01160CEB02221F
:1030700003EB00601044C6F80A00491CA4F85E1077
:1030800008F1010894F8471041459FDCB4F85E60F0
:10309000C8B23044192809D9DFF830824FF0000A4D
:1030A00098F8000002280AD0A4F85EA0BDE8FC9FB2
:1030B00007EB06101022002125F040FE761C192E89
:1030C000F6DB834C4FF4C871012254F83500C3B2CB
:1030D0004B43C0F30B20294618F0EBFB012847D1E6
:1030E00098F80000022843D105F1B30069468046F4
:1030F00013F08AFF9DF8000054F8351000F00F021D
:10310000C1F303418A4207D000F0F00001438DF87B
:103110000010404613F087FF34F83500C0F3072154
:10312000542000EB4507384613F07DFF552000EB97
:10313000450614F83510304613F075FF54F8350085
:103140006449884203D2401C44F8350010E03846F8
:10315000002113F068FF3046002113F064FF9DF852
:10316000000000F0F001404613F05DFF44F835A088
:1031700049462846FFF7A2FE98E72DE9F34F80461F
:10318000524883B00078022803D153484188491C33
:103190004180732108FB01F04B4901EBC004B4F8F6
:1031A0002A0218B904F0ECFFC4F826024B4908EBD8
:1031B000C80202EB0810002740F60D2A01EB40166A
:1031C000B4E107EB8700251805F5E6750023012219
:1031D0006946284602F011F9012874D104F0D0FFA5
:1031E000DFF8FC9059F82810FA3188427BD394F824
:1031F0001302401EB84203D104F0C2FF49F8280070
:10320000B4F82A0294F8121206EB001080F890111C
:10321000297880F89511697880F89611A97880F856
:103220009711E97880F89811297980F89911009818
:1032300022F0E4F920B3B4F82E120120B840014383
:10324000A4F82E1204F09CFF054604F099FFC0F389
:10325000072B04F095FFC0F3074904F091FF000E1F
:1032600000EB05614FEA0B4202EB09200144B4F880
:103270002A0206EB0010C0F891114FF080711BE09C
:1032800004F07EFF054604F07BFFC0F3072B04F03B
:1032900077FFC0F3074904F073FF000E00EB0561F0
:1032A0004FEA0B4202EB09200144B4F82A0206EB74
:1032B0000010C0F891110021C0F89A11A0F89EA149
:1032C000B4F82A022EE130E1483101609802006032
:1032D000D8090160FFFF0F007C000060C80B01608F
:1032E000745C0160FFE74FF0010BB4F82E120BFA8B
:1032F00007F9009819EA010F7DD022F07FF9002824
:10330000B4F82E0208D040EA0900A4F82E02FB48C7
:1033100059460278F2B308E120EA0900A4F82E0227
:10332000B4F82A1294F8120206EB011104F21224E6
:1033300081F8900104F024FF814604F021FFC0F3DE
:103340000720019004F01CFFC0F3074B04F018FFA6
:10335000010E019801EB0961020402EB0B200A182F
:10336000218B06EB0110C0F89121A0F89EA12A78CC
:1033700080F895216A7880F89621AA7880F89721BC
:10338000EA7880F898212A7980F899210022C0F8FB
:103390009A2182E0FFE70170B4F82A0294F8121231
:1033A00006EB001080F89011297880F89511697863
:1033B00080F89611A97880F89711E97880F898112B
:1033C000297980F8991104F0DBFE054604F0D8FE57
:1033D000C0F3072B04F0D4FEC0F3074904F0D0FE7D
:1033E000000E00EB05614FEA0B4202EB09200A18C0
:1033F000B4F82A1200E00DE006EB0110491CC0F8F9
:1034000091214FF08072C0F89A21A0F89EA1A4F8F3
:103410002A128AE022F0F2F80028B4F82E0241D0F5
:1034200040EA0900A4F82E02B4F82A0294F8121215
:1034300006EB001004F2122480F89011297880F82D
:103440009511697880F89611A97880F89711E97834
:1034500080F89811297980F8991104F091FE0546B9
:1034600004F08EFEC0F3072B04F08AFEC0F3074978
:1034700004F086FE000E00EB05614FEA0B4202EB02
:1034800009200A18218B06EB0110C0F891214FF09A
:103490008072C0F89A21A0F89EA1491C2183A4F251
:1034A000122442E020EA0900A4F82E02934859466B
:1034B0000278D2BB0170B4F82A0294F8121206EB1B
:1034C000001080F89011297880F89511697880F8BB
:1034D0009611A97880F89711E97880F898112979E0
:1034E00080F899110021C0F89A1104F049FE0546B0
:1034F00004F046FEC0F3072B04F042FEC0F3074978
:1035000004F03EFE000E00EB05614FEA0B4202EBB9
:1035100009200A18B4F82A0206EB0011C1F891211B
:10352000A1F89EA1401CA4F82A027F1C94F8130263
:10353000B8423FF746AEB4F82A52C0B22844192820
:1035400004D86E484088B0F5967F0AD36B48DFF800
:10355000B0910027478099F80000022812D0A4F803
:103560002A72684A94F82A0202F8080005B0BDE8F9
:10357000F08F06EB05101022002100F5C87025F031
:10358000DDFB6D1C192DF4DB5F4E06EBC805696889
:10359000C1F307200A0ECBB200EB02404FF4C87112
:1035A0004B4380B20022414618F083F9012843D1F1
:1035B00099F8000002283FD108F1B30001A9824622
:1035C00013F022FD9DF8040056F83830F02100F089
:1035D000F00201EA13418A4207D000F00F000143D4
:1035E0008DF80410504613F01EFDA8886C22C0F31D
:1035F000072102EB4800814613F015FD6D2202EB16
:1036000048062979304613F00EFD40496868884223
:1036100002D2401C68600FE04846002113F003FD11
:103620003046002113F0FFFC9DF8040000F00F016C
:10363000504613F0F8FC6F6040460499FFF77CFC9D
:103640008FE770B5324C002594F86300B0B194F860
:10365000620040B104F094FD616E884203D3E8B289
:103660002146FFF78CFC94F8610094F86210401A30
:10367000002803DDE8B22146FFF77FFD68346D1CAA
:103680000C2DE1DB70BD2DE9F05F044602791E4888
:10369000E6784FF00109012A11D000EBC60040681E
:1036A000174D401C2B78022B00D00120D4F81210AB
:1036B000002921D0AA460025022B05D102E050F8AE
:1036C0003600EDE7814201D2657401E001236374A5
:1036D00004F11A034FF4C8789B46814222D2491E56
:1036E000CBB240464343C1F30B20314617F086FF6F
:1036F00001280FD04FF0000968E000007C00006056
:1037000098020060685C0160D8090160FFFF0F004B
:103710005437026044464146584625F028FB22466D
:10372000FE4933E0FE4E012AA6F5165741461846DB
:1037300016D025F01CFB9AF800004FF07301022808
:10374000E07832D0484306EBC0004246A0F82A5247
:10375000E07800EBC00101EB001007EB401130E016
:1037600025F005FB9AF800004FF073010228E0787D
:103770000ED0484306EBC0004246A0F85E50E07809
:1037800000EBC00101EB001007EB401158461BE0B5
:10379000414306EBC101B1F85E100A0100EBC00124
:1037A00001EB001007EB4011F0E7414306EBC101CC
:1037B000B1F82A120A0100EBC00101EB001007EB7F
:1037C0004011584601F5C87125F0B8FA4846BDE8E1
:1037D000F09F00EB800202EBC002D24830B500EB54
:1037E000C200002180F8611080F8621001EB8102B4
:1037F0008318DA7A6AB390F86120CB4D521C80F8B6
:1038000061201C7B2D785A7AAC4200D084BB9B7A15
:10381000022B04D0012B11D0032B1BD02EE0C2EBC6
:10382000C20303EB0213C14A441802EB430292F8AD
:103830002D3084F84F3092F8282008E0C2EB0212B5
:1038400002EB4203BA4A1A4492F828300AE0012AED
:103850000FD013E0C2EBC20303EB4213B54A1A4484
:1038600092F82630441884F84F3092F82320EEE77F
:10387000FFE790F86220521C80F86220491CC9B210
:103880000E29B3D330BD2DE9F041A64EDFF8A88252
:1038900000252846FFF79DFF05EB850000EBC507D7
:1038A00006EBC70494F85D0028B994F85E0010B9DF
:1038B00094F85F0098B194F8610080B194F86200C8
:1038C00018B121462846FFF7F9FA94F8610094F8F8
:1038D0006210884203D021462846FFF72DFB04F0F2
:1038E0004FFC6066214608EBC700682225F026FAE7
:1038F0006D1CEDB20B2DCCD30020F9F744FC8F49A1
:10390000C8608F4900200870BDE8F08170B5834D14
:103910000020783D8B4A8C4B05F10C0455F8206053
:1039200052F820108E4201D045F8201054F8206043
:1039300053F820108E4201D044F82010401CC0B231
:103940000328EBD37D4A8149536809688B4200D034
:10395000516054F820107E480068814200D0906089
:1039600070BD2DE9FC5F044600EB8400724900EB5A
:10397000C40001EBC0076B49B94601EBC006002546
:1039800004F0FEFB70662046FFF723FF06F10901F5
:1039900007F10900884682465F2225F024FAE8B341
:1039A00006F15D0107F15D00032225F01CFAA0B1CC
:1039B00096F8620000B1012597F8612097F862102F
:1039C00096F86130521A1B1A9A4231D100EB8000EE
:1039D000093002EB820230441FE097F8620096F84B
:1039E0006210884206D100EB80024146504625F025
:1039F000FAF900B1012597F8610097F8621096F87E
:103A0000612096F86230401AD21A904210D103EB2E
:103A1000830300EB80020933F01800E00AE001EBB9
:103A2000810109317B180146184625F0DCF908B1FF
:103A300045F00205394FDFF81CB104F1B300E90786
:103A4000A7F16007009054D057F834000122010616
:103A50000B0DC0F30B20214617F02BFF012848D196
:103A60009BF80000022840D101A9009813F0CCFA7D
:103A70009DF8040057F8341000F00F02C1F3034121
:103A80008A4207D000F0F00001438DF8041000983E
:103A900013F0C9FA37F83400C0F30721542000EBC3
:103AA0004400824613F0BFFA552000EB440017F89B
:103AB0003410804613F0B7FA57F83400264988428C
:103AC00001D2401C0FE05046002113F0ACFA4046F2
:103AD000002113F0A8FA9DF8040000F0F00100980E
:103AE00013F0A1FA002047F8340031462046FFF7D2
:103AF000E5F9A80779D507EBC4056868C0F3072185
:103B0000020E01EB02411FFA81FC0006030D0022A8
:103B10002146604617F0CDFE01281FE0380A0160FB
:103B200048310160543702608F0000604551002029
:103B30003CC50460BA210260343C02607C00006035
:103B4000C30000601489036020890360C80100601D
:103B5000CC01006098020060FFFF0F0045D19BF888
:103B6000000002283DD101A9009813F04DFA9DF8FC
:103B7000040057F83430F02100F0F00201EA13415C
:103B80008A4207D000F00F0001438DF8041000981E
:103B900013F049FAA888C0F307216C2000EB440019
:103BA000804613F040FA6D2000EB4407297938462F
:103BB00013F039FA11496868884201D2401C0FE0BD
:103BC0004046002113F02FFA3846002113F02BFA5B
:103BD0009DF8040000F00F01009813F024FA002073
:103BE000686031462046FFF7A7F902B031464846E3
:103BF000BDE8F05F682225F0A1B80000FFFF0F00CC
:103C000010B5044625F0D0F8401E01B204E0605C17
:103C1000202803D1491E09B20029F8DA21440020E6
:103C20004870204610BD30B5FE49837800228C785C
:103C3000A34213D144784D78AC420FD104780D786B
:103C4000AC420BD1CC7814B9C5789D420CD09C42C3
:103C500001D1C57845B1C578AC4205D0521C12B22D
:103C60001B31802AE3DB03E0802A01DA104630BDF5
:103C70004FF0FF3030BD182803D2002901DB802926
:103C800002DB4FF0FF307047E74A02EB002030F9CB
:103C90001100704730B50021E34B4A1E002003EBB2
:103CA000012424F81020401C8028FADB491C182924
:103CB000F4DBDE4C002000EB800204EB82014D7B44
:103CC0005DB14978491E182907D214F82220802AAC
:103CD00003D203EB012121F81200401C1428EADB77
:103CE00030BD70B5D24D06460024687B28B1042251
:103CF0002946304625F077F828B1641C24B21C35DB
:103D0000802CF2DB03E0802C01DA204670BD4FF0FE
:103D1000FF3070BD2DE9F041C64C0746207818B938
:103D2000FFF7B8FF0120207078784FF0FF36411E72
:103D3000022910D83978401E80291FD2FFF79BFF37
:103D400014281BD2B94A00EB800102EB8101497BA8
:103D5000002911D112E0B54D00240222294638462F
:103D600025F041F828B1641C24B21435142CF4DB7E
:103D700004E0142C02DA2046BDE8F0813046FBE76F
:103D800070B5A84A8678002593789E4223D1C378DF
:103D9000D478A3421FD103781478A3421BD143786F
:103DA00003F01F04537803F01F039C421AD0032C26
:103DB00001D11B2B16D01B2C01D1032B12D0032CAD
:103DC00001D1192B0ED0052C01D11A2B0AD0022CAF
:103DD00001D1182B06D06D1CADB21B32802DD3D370
:103DE000002070BD0D70012070BDF8B5904C0F46DD
:103DF00005460026A078E978884215D1E07898B980
:103E0000217860786A4601F0E6FF69782A7901F046
:103E1000E001C90001EBC2212A78114489B288422D
:103E200002D13E700220F8BDA878A178884217D14F
:103E3000E878E178884213D12878217888420FD138
:103E4000687800F01F01607800F01F0081420ED0FA
:103E5000032901D11B280AD01B2901D1032806D030
:103E6000761CB6B21C34802EC4D30020F8BD3E7040
:103E70000120F8BDF0B589B06F4EDDE90FC436788A
:103E80008DF802600E9D8DF80300002701F01F00E1
:103E9000BCF1030F0AD001F0E001BCF1020F09D020
:103EA000002672B380328DF8042031E001268DF8AF
:103EB000010059E00126022819D01C2817D0C0B1F2
:103EC0001D2816D0012816D01E2814D0042814D07E
:103ED0001F2812D0052812D0162810D0032811D080
:103EE00015280FD013280FD017280DD03CE01C3117
:103EF0001AE01D3118E01E3116E01F3114E01631B2
:103F000012E003E015310FE017310DE08DF8047079
:103F1000012806D0022806D0042808D003280ED095
:103F200022E0183100E019318DF801101CE001F198
:103F30001A008DF80100BCB104F1240008E0BCF1C6
:103F4000010F20D0C81C8DF801006CB104F12000D5
:103F500000F01F0211448DF801109DF8041000F0CC
:103F6000600001438DF804108DF800308DF8097061
:103F7000324607A96846FFF738FF00282DD03100E8
:103F80002B4E03D01CE001F11B00DCE79CB1224664
:103F9000294608A8FDF7EBFA2849089825F0C5F846
:103FA00025F0F3FA9DF81C10C1EBC10106EB81016D
:103FB000C1F805000CE0022811D04FF47A70454397
:103FC0009DF81C00C0EBC00006EB8000C0F8055057
:103FD0001B489DF81C1020F8117009B0F0BD9DF829
:103FE0001C00C0EBC00006EB8000C0F80550817AD1
:103FF0006429EDD1012DEBD14FF47A71C0F8051091
:10400000E6E7F0B588B00025DDE90E748DF8020012
:10401000501C8DF80310C0B20D9E8DF804508DF821
:1040200001000FE034EB0260A45C0160B4060360A1
:10403000B4F802609C2000208F00006000007A44E9
:10404000482E00205B1E8DF800308DF80950022F9D
:1040500035D002F01F0102F0E000012933D017290A
:1040600031D0022931D018292FD0042931D0192973
:104070002FD0012F35D0C11C8DF801104CB1203448
:1040800004F01F0108448DF8010004F060008DF871
:104090000400002207A96846FFF772FE00280CD032
:1040A0009DF81C0000EBC00101EB4101FE4A1144E8
:1040B000C1F80560FD4921F8105008B0F0BD01229B
:1040C0008DF80100E6E7183000E019308DF80100A6
:1040D000DFE700F11A018DF80110002CD9D024344B
:1040E000CEE700F11B01C7E72DE9F041F04C074690
:1040F000002926DAEF4D4FF0FF362878142814D225
:104100003846FFF707FE002807DB00EB800104EBD1
:1041100081014A7B521C4A732EE60020617B31B13B
:10412000401C00B214341428F8DB304624E6297809
:10413000491C297039682160397921710121617325
:104140001AE601EB810004EB8000427B521C4273B3
:10415000084611E62DE9F84FD74F0546002972DAD7
:1041600004F067FADFF85493D54E4FF0FF3801287A
:1041700010D03078802818D22846FFF7B2FD0028EA
:104180000BDBC0EBC00107EB81014A7B521C4A7379
:10419000BDE8F88F99F80000ECE70024787B30B197
:1041A000641C24B21C37802CF8DB4046F0E728461C
:1041B00004F03FFA012868782979DFF8FC824FF093
:1041C000010B00F01F0001F060011FD00144C4EB9F
:1041D000C40308EB8300EA7802756B782A7803F051
:1041E000E00302EBC302A0F81720A0F81510307806
:1041F000401C307028683860287938714FF055308D
:10420000C7F8050087F80DB02046C1E74618E878E2
:1042100028B1C4EBC40208EB8201087505E0C4EBC9
:10422000C40208EB8200A978017528794FF0030ACF
:10423000010609D5697801F0E001C90001EBC02051
:104240002978084428E05EE0032E1ED0012E1CD001
:10425000022E1AD06878297800F0E00001EBC00146
:10426000C4EBC40208EB8200A0F817101B2E1CD070
:10427000182E1CD0192E21D01A2E21D0A6F12100E3
:10428000032825D84EF2030028E06878297800F04A
:104290001F006A4601F09FFDC4EBC40208EB8201D7
:1042A000032EA1F8170022D0E0E7832109E0C4EB38
:1042B000C40208EB8201A1F815B01EE0022100E063
:1042C0000421C4EBC40208EB8200A0F8151014E02E
:1042D000A6F1250003280AD84DF60440C4EBC40219
:1042E00008EB820100EB0620A1F8150005E0C4EB05
:1042F000C40208EB8201A1F815A099F80010491C2E
:1043000089F8001076E7C1EBC10007EB8000427B23
:10431000521C427308463BE770B5634C02460029C5
:104320001EDA684D4FF0FF36287880280CD21046F0
:10433000FFF779FC002808DA0020A17B31B1401C8E
:1043400000B21B348028F8DB304670BD4FF0553189
:10435000C4F805102978491C29700121A17370BD8A
:1043600001EBC10202EB42000219907B401C9073EA
:10437000084670BD704730B50346504850494E4C12
:10438000007809780844C2B201210EE05818B0FB49
:10439000F2F502FB1500C0B2C0EBC00504EB8505C9
:1043A0002D69002D04D1491CC9B29142EED9FF20DC
:1043B00030BD30B50346414841493F4C007809784B
:1043C0000844C2B201210EE05818B0FBF2F502FB1E
:1043D0001500C0B2C0EBC00504EB85052D69002DAA
:1043E00004D0491CC9B29142EED9FF2030BD3649F4
:1043F000344A401C09781278C0B22B4B0A4409E0B9
:1044000000EBC00101EB410119440969002904D105
:10441000401CC0B28242F3D8FF2070472A49294A83
:10442000401C09781278C0B21F4B0A4409E000EB27
:10443000C00101EB410119440969002904D0401C65
:10444000C0B28242F3D8FF2070472DE9F05F00240C
:104450002546DFF86490DFF874A0194FDFF870800C
:10446000DFF858B049E07F2C45D2387804EB84025D
:104470002844C0EBC00108EB820609EB810114223D
:10448000304624F05BFC38782844C0EBC00109EBCF
:104490008100D0F8050007F063FCC6F80500387805
:1044A0002844C0EBC00115E034EB0260482D002029
:1044B000B406036095000060B4F8026094000060E8
:1044C000930000609100006092000060482E002080
:1044D000A474016009EB8100006925F033F825F030
:1044E00054F807F03DFC306138784119641C1AF823
:1044F0001100F073E4B26D1CEDB29BF80000854230
:10450000B1D30025BB4627E07F2C23D2C5EBC501E4
:1045100009EB810704EB840108EB8106142239467C
:10452000304624F00BFCD7F8050025F002F825F002
:104530002CF807F015FCC6F80500386925F002F8DC
:1045400025F023F807F00CFC30611AF81500641C04
:10455000F073E4B26D1CEDB29BF800008542D3D33A
:104560000025DFF854B433E07F2C2FD205EBC500D3
:1045700000EB400A04EB84090AEB0B0708EB890601
:1045800014223946304624F0D9FB7078401E0228A8
:1045900004D81BF80A00401C08F82900D7F80500C9
:1045A00024F0C7FF24F0F1FF07F0DAFBC6F805009E
:1045B000386924F0C7FF24F0E8FF07F0D1FB306131
:1045C000FE48641CE4B210F81500F0736D1CEDB2E7
:1045D000FB4800788542C7D30025DFF8E8B32DE01B
:1045E000132C29D205EB850A04EB84090BEB8A070F
:1045F00008EB890614223946304624F09FFB707878
:10460000401E022804D81BF82A00401C08F8290084
:10461000D7F8050007F0A4FBC6F80500386924F0B8
:1046200091FF24F0B2FF07F09BFB3061E648641C69
:10463000E4B210F81500F0736D1CEDB2E348007899
:104640008542CDD3C4F1800000EB8000810004EBF3
:10465000840208EB8200BDE8F05F24F088BB2DE9FE
:10466000F05FDC48DA4C4FF0000B0178A24680295D
:104670005BD20026814654E0A07818B1E07808F0BB
:104680009CFC05461C2D49D0152D47D0142D45D036
:10469000162D43D02B2D41D02C2D3FD05F2D3DD05A
:1046A000482D3BD02E2D39D0CB4ADFF830C31178BE
:1046B0008819C0EBC0070AEB87031F7D0CEBD70CF2
:1046C00007F007089CF800C0012707FA08F71CEA62
:1046D000070F2ED16DB384F80FB099F800005B4638
:1046E0004F46D8B1E3720844801B401E9046C0EB91
:1046F000C000820004F11C01204624F01FFB98F842
:10470000000039780844C0EBC0010AEB81001C218D
:104710001C3824F02CFB3878401E3870761CF6B21A
:104720001C3499F800008642A6D3A94D0024AA4E55
:1047300050E0E77A3FB1AA4F37F810C00CF1010CF6
:1047400027F810C003E0DFF898C22CF810B0D87B2F
:10475000FF2802D008B1401ED873E07B0028DDD1CD
:1047600099F800004F460028D8D084F80BB0BAE77B
:10477000C4EBC4000AEB80025746D07BFF2802D06E
:1047800008B1401ED073964A32F81400401C22F83B
:104790001400E87A01281AD1E87BC0B9B9B1081B26
:1047A000401EC0EBC000820085F80BB005F11C0173
:1047B000284624F0C3FA30781C21C0EBC00007EB78
:1047C00080001C3824F0D3FA3078401E3070641C0E
:1047D000E4B21C3531788C42CAD3FFF75BFABDE8EE
:1047E000F05F32E62DE9F041064640780C46401E67
:1047F0004FF0FF3802280CD83046FFF78BFA05003F
:1048000007D5474641463046FFF76EFC050000D508
:104810003D467378002719465B1E0B2B7ED8714AE4
:104820003078895C884279D26F4A4FF47A710A2BCA
:1048300075D2DFE803F005335D9098EAF0A1A1F9A5
:10484000C0EB0010694B00EB4000184490F8233097
:104850000BBB90F92830F3B1A3F10C0CBCF10A0F9B
:1048600012D9A3F1170CBCF1070F0AD803EBC30C44
:104870000CEB03131A44A2F5805292F8C12D012AC1
:1048800002D090F825005BE090F825005EE0084635
:1048900020F0B4FE5DE0D0F81E005AE0C0EBC0038B
:1048A00003EB0010524B03EB400090F82830002B34
:1048B000F1D190F82D30002BEDD0A3F10C0CBCF110
:1048C0000A0F12D9A3F1170CBCF1070F0AD803EB9A
:1048D000C30C0CEB03131A44A2F5805292F8C12DBD
:1048E000012A02D090F826002AE090F826002DE058
:1048F000C0EBC00303EB40103E4B184490F823304C
:10490000002BC8D190F82630002BC4D0A3F10C0C9A
:10491000BCF10A0F18D9A3F1170C01E091E02BE0CC
:10492000BCF1070F0AD803EBC30C0CEB03131A44BA
:10493000A2F5805292F8C12D012A05D090F82400EA
:104940000028A4D10021A2E790F824000028F9D182
:104950009DE7206010E02849C0EBC00001EB80001B
:10496000D0F80700F5E7C0EBC000244A00EB400098
:1049700002EB40004DE02160681C1AD0142D18DABB
:10498000104B05EB850203EB82002168C0F805108F
:104990001B4909788170C17071784170317803F8D2
:1049A00022101E21C1730121C1720771064820F82F
:1049B00015703078BDE8F08134EB0260482D00209E
:1049C00091000060B4060360202D00209500006077
:1049D000B4F8026094000060930000605C9503608E
:1049E000482E0020ADC50308221D02603CC50460AE
:1049F00045510020BA2102603A3502607488026095
:104A00008F00006010E006E0FFE7FF4A00EB401077
:104A10001044807F11E000EB800202EB4010FB4A63
:104A2000104490F8200008E000EB800202EBC00088
:104A3000F74A02EBC00090F8630000289BD10021E8
:104A400099E740462760B5E72DE9F05F04464078D6
:104A50001E46401E91460D464FF0FF3702280DD8E6
:104A60002046FFF757F95FEA000807D53946204688
:104A7000FFF73AFB5FEA000800D5B84661780A46BE
:104A8000491E0B2975D8E34B20780127D25C904250
:104A900070D2DFF884A3DFF884B30C29F8D2DFE802
:104AA00001F006FEFD696969696969FC69FBC0EB93
:104AB000001101EB4102DA49DA4B11440A221A547F
:104AC00091F92200894650EA060203D0012851D10B
:104AD000012EFCD199F82300E0B103F0EAFF26781B
:104AE000B04209DD286824F024FDCF4924F04FFBB3
:104AF000CE4901EB8611486220780021FCF7E3F8EB
:104B00002E68D9F81E00B04203D09AF800000028A1
:104B100067D009E103F0CDFF2678C54AB042C6EB65
:104B200006107CDD00EB4001BD48084490F92800E8
:104B3000A0F10C010A291ED90B3907290AD800EB6C
:104B4000C00101EB00101044A0F5805090F8C10D99
:104B5000012810D0286800B1012024F0F3FCB349EB
:104B600001EB8611486220781BF015FEC0B30121CD
:104B700039E0F7E166E12868D0B1002024F0E2FCDA
:104B8000AA4901EB8611486220781BF004FE88B127
:104B900000212078A24EC0EB001202EB4202324408
:104BA00092F925208A420DD09AF8001021B109E02F
:104BB0000120E3E70121ECE79BF80010884201D1D6
:104BC0009C48077020781BF0E6FD28B30020217870
:104BD000C1EB011101EB4101314481F825006CE08A
:104BE00000E09AE0002120788D4EC0EB001202EB2D
:104BF0004202324492F925208A4208D09AF80010E5
:104C000029B99BF80010884201D18A4807702078A2
:104C10001BF0C1FD0028DAD00120D8E7FFE7804B68
:104C200000EB4000184410F9251F90F90300A0F193
:104C30000C0CBCF10A0F13D9A0F1170CBCF1070F33
:104C40000AD800EBC00C0CEB00101044A0F580500B
:104C500090F8C10D012803D02A68EAB301203DE095
:104C60002A6832B1002081420BD09AF8000010B1BE
:104C700007E00120F7E79BF80000864201D16D486C
:104C8000077082B100202178C1EB011101EB4101D5
:104C9000194481F8250003E01EE135E1D7E050E03A
:104CA0002868B8BB33E00120EDE72078C0EB0010A6
:104CB00000EB40001844C0F81E102078C0EB001133
:104CC00001EB41025649114491F8251009B14FF406
:104CD0007A7103F00AFE0FE7FFE70020814208D057
:104CE0009AF8000028B99BF80000864201D151488B
:104CF00007700AB1012000E000202178C1EB01110A
:104D000001EB4101194481F82500286810B14FF4E6
:104D10007A71CAE7FFE70021C7E721789BF8000016
:104D2000814201D143480770304620F067FCD9F832
:104D30001E10884201D040480770304620F05EFCCB
:104D4000C7E0C0EBC00101EB00123C4901EB42019E
:104D5000894691F9272052EA060303D0012A71D12E
:104D6000012E6FD191F82820C2B92A680AB1012317
:104D700000E0002391F926609E4209D09AF80030A5
:104D8000012B05D19BF80030984201D129480770CA
:104D90000AB1012000E0002089F82600286820F0F0
:104DA0002DFCD9F81E1081420AD09AF80020012A61
:104DB00006D123789BF80020934201D11D4A177039
:104DC000814201D01C484770286820F017FCC9F8C0
:104DD0001E002078C0EBC00101EB0011174800EB6A
:104DE000410191F82D00192803D00F2801D01D286A
:104DF00028D1D1F81E0020F001FC18BB2178104A00
:104E0000002042F821001EE0849002606A1F0260C8
:104E100054370260ADC50308292200202A22002051
:104E20003CC50460E008016000007A4470B902608B
:104E3000221D02602B220020801A036045510020B1
:104E40008039002047E02078FE490F5468E0C0EB2D
:104E5000C001FD4A01EB401101EB020999F8221053
:104E600051EA060203D001295AD1012E58D199F8EE
:104E70002310C1B92A680AB1012100E0002199F884
:104E800024308B4209D09AF80010022905D19BF8F2
:104E90000010884201D1ED4807700AB1012000E0FE
:104EA000002089F82400286820F0A8FBD9F81E10FB
:104EB00081420AD09AF80020022A06D123789BF872
:104EC0000020934201D1E14A1770814201D0E049AC
:104ED0008F70C9F81E0023E000EB4001DD4A01EBB2
:104EE000C0011144B1F809204A4502DDB9F1000FB3
:104EF00001DA4FF00009D84A296852F8202042F818
:104F000029100FF0D9FD0BE000EB800101EBC00090
:104F1000D24901EBC001286800B1012081F863008B
:104F2000B8F1FF3F1BD0B8F1140F18DACC4B08EBE7
:104F3000880203EB82002968C0F80510C949097886
:104F40008170C17061784170217803F822101E21B0
:104F5000C173C54AC7720021017122F81810207868
:104F6000BDE8F09F00206070207028603846F7E7A9
:104F70002DE9F04F87B00D46016880460291007917
:104F80008DF80C001E469246002702A803F094FB01
:104F90009DF80A007C1E002876D0B24B1978884212
:104FA00005D19DF80B208A426FD0002AFCD08842A0
:104FB00009D0AE4900F0070201EBD00101200978C9
:104FC0009040014273D002A8FEF78BFE060005D583
:104FD000214602A8FFF7BEF8060055D402A803F048
:104FE00028FB0146A2480129C6EBC60100EB81045B
:104FF0004FF0000961780DD01C2974D01D2973D0A1
:105000009C4E012971D01E2970D001296FD01F2913
:105010006ED07CE1207901F01F0200F06003D61809
:105020004FEA5118010601D500F01F070AF0FF0BE7
:10503000032E0ED01A2E0CD01B2E0AD0A6F1210062
:10504000032806D9001F032803D9012E01D0022E00
:1050500015D1BAF1000F19D0D4F80500049988428F
:105060000DD04FEA082000EBC721CDF800B0207822
:105070002B460844217D82B2102008F0ADFA182E8C
:1050800074D0192E72D087E0A9E1ACE1D4F80510F4
:1050900028688142F3D0A6F12101032908D824F021
:1050A00048FA754924F073F8A6F120010BE08BE172
:1050B000A6F1250103291CD824F03BFA6E4924F0FF
:1050C00066F8A6F12401CAB204A9FCF72DFA04205F
:1050D00000904FEA082000EBC721207804AB084479
:1050E00082B2217DC8E783E096E0CBE0CFE0F5E037
:1050F000F9E05C499DF80A200B784FF47A719A42E6
:1051000023D0A07A642804D12868884201D10120E4
:105110002860286805AA010C090241EA1060ADF870
:1051200004002888C0F3072141EA0020ADF80600FA
:105130009DF808109DF8090000F04DFE024604207D
:1051400000909DF80A1001AB96E790FBF1F00490F7
:10515000012000904FEA082000EBC721207804AB23
:10516000084482B2217D062087E7FFE7BAF1000FED
:1051700016D0D4F80500049988420DD04FEA0820D3
:1051800000EBC721CDF800B020782B46084482B24E
:10519000217D0F2008F020FABAF1010F24D01AE087
:1051A000D4F805102868814215D024F0C2F932499C
:1051B00023F0EDFF24F0E9F90490012000904FEA7C
:1051C000082000EBC721207804AB084482B2217D7F
:1051D000052008F001FA109840B1022804D0FF2001
:1051E000E073C4F81090E8E03C20F9E71420F7E7FA
:1051F000D4F80510286881426FD024F09AF91E492E
:1052000023F0C5FFCDE900099DF80B309DF80A2079
:105210009DF80810022012E0D4F805102868814299
:105220005BD024F086F9144923F0B1FFCDE90009E1
:105230009DF80B309DF80A209DF80810002000F022
:105240000DFE1BE00C300020BA2102602B22002052
:10525000801A036070CA0260E02C0020543702609C
:10526000B40603608F000060202D00205C95036071
:10527000B4F80260C200006000007A442868C4F8F4
:10528000050044E09DF808003278904226D3D4F817
:105290000520286882423AD01E2910D024F049F90E
:1052A000C94923F074FFCDE900099DF80800317861
:1052B0009DF80B309DF80A20411A0120BFE724F029
:1052C00038F9C14923F063FFCDE900099DF80B309F
:1052D0009DF80A209DF80810EFE766E09DF80800A9
:1052E0003178884261D2D4F80510286881420ED006
:1052F00024F01FF9B44923F04AFFCDE900099DF8D5
:105300000B309DF80A209DF80810042097E760787C
:10531000162816D1D4F805102868814245D000B16E
:10532000012024F00FF9CDE900099DF80B309DF81C
:105330000A209DF80810052000F090FD2868C4F8A8
:1053400005006078152816D1D4F805102868814228
:105350002BD000B1012024F0F5F8CDE900099DF82B
:105360000B309DF80A209DF80810032000F076FD10
:105370002868C4F805006078172816D1D4F80510FD
:105380002868814211D000B1012024F0DBF8CDE97A
:1053900000099DF80B309DF80A209DF80810132095
:1053A00000F05CFD2868C4F805009DF80B109DF81E
:1053B0000A00002203F0E2F82061109810B1FF20EB
:1053C000E07318E00A20FBE702A8FEF72CFC002897
:1053D00011DA214602A8FEF79FFF00280BDA2046CB
:1053E00007B0BDE8F08F012E05D13346524629465D
:1053F0004046FFF729FB0120F2E72DE9FE4F4FF071
:1054000000080446CDF808800068009020798DF8E7
:1054100004009B4616460D46684603F04DF99DF87C
:1054200002004FF0FF3900286DD0684909788842A2
:1054300005D19DF803208A427ED0002A7CD0FF2728
:105440004FF0553A884209D0614900F0070201EB5C
:10545000D001012009789040014242D06846FEF711
:1054600040FC040005D549466846FEF773FE04007B
:1054700049D4802C7EDA684603F0DBF801465548B3
:10548000012910D0C4EBC40100EB81040022E178B3
:10549000A07803F073F82061D4F8050050455FD080
:1054A0002860DEB14DE0C4EBC40200EB820441464B
:1054B000C4F81080D4F805004FF01408504506D009
:1054C00020F09CF82860C6BB84F80F8052E016B12B
:1054D000E773296046E084F80F80FAE70A20E0735A
:1054E00048E0BBF1010F0ED06846FEF79CFB002898
:1054F0000BDA4C4649466846FEF70EFF002804DAF0
:105500002046BDE8FE8F4846FBE7802832DA00EBF4
:10551000C00000EB4001304802220C18E178A0786E
:1055200003F02CF82061FA216EB1E773D4F805007E
:10553000504515D0002801E016E002E0E1D02860D7
:1055400066B1E77316E0254800780A2801D9E173AF
:10555000ECE700EB80008000E073E7E7E17309E02F
:10556000C5F800800020CCE702A92046FFF73AF9F1
:10557000029828600120C4E7FEB50024184D264695
:10558000C4EBC40000EB800015F81010002919D0FE
:1055900005EB40000123C17A8DF80010817A8DF867
:1055A0000110017A8DF80210407A8DF803008DF811
:1055B00004601A4602A96846FFF71FFF641CE4B2A4
:1055C000F02CDDD3FEBD000000007A448F000060A7
:1055D0005C950360B4F8026034EB026091000060F7
:1055E000D4460260F749887930B1C879421ECA7141
:1055F0004FF0000001D288710120704730B5C478A7
:10560000F04D944204D20079904201D2844202D9F2
:105610000020288230BD101B5843288204FB031051
:1056200030BD70B501EBC10202EB01114FF6FF7204
:1056300002EA01144FF4FA652B461022E249FFF703
:10564000DDFFE04908B1AC4202D30020088270BD02
:10565000C4F5FA620A82204470BD70B50446008821
:10566000CCB0B0F5957F4CD8D8486E4600798DF80F
:105670000000A0785E2802D0C2280AD02FE00320C4
:105680008DF80100B4F80500000A8DF80400607977
:1056900022E02088C01F022816DD10208DF80100AE
:1056A000B4F80500CA49000A8DF8040060798DF845
:1056B00005002078C01F8DF806002288F01DD21F3B
:1056C00023F03CFB25880AE006208DF80100C04845
:1056D00001788DF8041040788DF8050006252079B2
:1056E0008DF80200E0788DF80300E9B2684609F011
:1056F00006F9010A715571194870694604200AF0CB
:10570000B6F84CB070BD2DE9F05F4FF00008DFF83F
:10571000B8A2DFF8C0B20D460646474607EB870041
:1057200000EB471101EB0B09B9F923001FF067FFEC
:1057300000283EDD002436E007EB4700C0EBC71130
:105740000AEB0110015D9E292BD12044042C8178A5
:10575000427901F01F0102F06002114421D910F8D2
:10576000012C9D2A1DD010F8022C9D2A19D010F86A
:10577000032C9D2A15D010F8042C9D2A11D0032942
:1057800009D0A1F11802072A05D9093A032A02D93A
:105790002539032905D8C178B14202D1C5704FF02F
:1057A0000108641CA4B2B9F923001FF028FFA0422D
:1057B000C2DC7F1CFFB2102FB0D3874B002202EB5C
:1057C000820101EBC201002003EBC10400EB800168
:1057D0002144CF7AB74206D1CD720F7BB74200D1B8
:1057E0000D734FF00108401C80B20E28EED3521CFE
:1057F000D2B20C2AE3D3794890F80901022815D0D7
:10580000774A0020C0EBC00101EB810102EB4101AE
:105810000B7AB34206D10D724B7AB34200D14D726E
:105820004FF00108401CC0B2F028EBD3B8F1000FD4
:1058300006D06C490120C873BDE8F05F03F030BEAC
:10584000BDE8F09F2DE9F05F4FF00008DFF878A188
:10585000DFF880B10D460646474607EB870000EBB0
:10586000471101EB0B09B9F923001FF0C8FE00280E
:105870003EDD002436E007EB4700C0EBC7110AEB22
:105880000110015D9E292BD12044042C817842799E
:1058900001F01F0102F06002114421D910F8012C1F
:1058A0009D2A1DD010F8022C9D2A19D010F8032C27
:1058B0009D2A15D010F8042C9D2A11D0032909D057
:1058C000A1F11802072A05D9093A032A02D9253974
:1058D000032905D8C178B14202D1C5704FF0010843
:1058E000641CA4B2B9F923001FF089FEA042C2DCF7
:1058F0007F1CFFB2102FB0D3374B002202EB820186
:1059000001EBC201002003EBC10400EB8001214444
:10591000CF7AB74206D1CD720F7BB74200D10D735B
:105920004FF00108401C80B20E28EED3521CD2B2B8
:105930000C2AE3D3294890F80901022815D0284AF7
:105940000020C0EBC00101EB810102EB41010B7AA9
:10595000B34206D10D724B7AB34200D14D724FF073
:105960000108401CC0B2F028EBD3B8F1000F06D0FC
:105970001C490120C873BDE8F05F03F091BD5FE7EB
:10598000194B10490022187830B18878401CC0B2F9
:105990008870032801D91A708A70704710B50022E8
:1059A000114B084C022821D0032822D0042823D0F0
:1059B000012825D106481A700C38427A642A20D270
:1059C000162021E0A020002006810160143900206B
:1059D0006A0002606A1F026054370260761102603A
:1059E000D4460260801A0360C10500601A7004206A
:1059F00004E01A70052001E01A7006200870E089A2
:105A000010BD00780A30C0B203220A7010BD30B455
:105A10000A46072939D3817AF94C122932D0617AA2
:105A2000002932D1111DF74BE18141791970F649F6
:105A300003780B700C234B70F44B1B881D0A8D7080
:105A4000CB7006230B71F24BDD7B4D711D7C8D718C
:105A50005D7CCD719B7C0B72BA234B72C0238B7221
:105A6000EC490968616101212172EB490B78002B37
:105A70000BD102230B70C11DE34830BC0B30D21F89
:105A800023F05CB90A216172CCE730BC70472DE984
:105A9000F0411446E14B8122A51E1A700A225A7069
:105AA0002A0A9A70DD7011F8022B1A7108225A71B5
:105AB00011F8012B9A7111F8092BDA7101221A726F
:105AC0005872A4F10C0203F10A0023F037F9D44E06
:105AD0003078092811D240F22D114843D14FA21E2F
:105AE00007EB4000CD4923F029F9307840F22D1121
:105AF000484307EB4000A0F8585230780A2801D2FA
:105B0000401C00E000203070BDE8F08130B54FF05F
:105B1000FF3488B1C54A0021C34B12780AE0C1EBBB
:105B2000C10503EB85056D7E854201D148B230BDCC
:105B3000491CC9B29142F2D3204630BD30B54FF076
:105B4000FF3490B1BB4A0021B94D13780BE001EB53
:105B5000C10202EB42022A44527E824201D148B283
:105B600030BD491CC9B29942F1D3204630BD70B551
:105B70004FF0FF35A8B1AF4A0021AD4E1378AE4AC1
:105B800014780CE05A1802EBC20202EB42023244D3
:105B9000527E824201D148B270BD491CC9B2A142B5
:105BA000F0D3284670BD2DE9FF470F46002A7CD16F
:105BB000DFF84C920122002599F80810012902D043
:105BC00002292FD0B0E0954B8121BC1D19700A210C
:105BD0005970210A9970DC701A7101465D713A465C
:105BE000981D23F0ABF88E4E3078092812D240F27F
:105BF0002D114843DFF82C82BA1D08EB400087497D
:105C000023F09CF8307840F22D11484308EB400017
:105C1000A0F8584230780A2802D2401C307083E045
:105C2000357081E0854B41781B7899427CD184495D
:105C30007D4CE0270A708178DFF80882824E1229B5
:105C400007D0C17A442947D091294DD021294BD082
:105C50004EE0C1780A2905D000210844017B5E2965
:105C600002D061E00121F8E7817AC27BB1EB420FFB
:105C70005AD114291AD0017D427C01EB0261827C49
:105C8000C07C120402EB0020084423F05BFC414678
:105C900023F07DFA03903678802E45D2414623F0DA
:105CA00044FA23F072FC03212CE03FE0817C027D6A
:105CB000037E01EB0221827D120402EB03628B184A
:105CC00062490A782B214A4361491144C1F80530E1
:105CD00090F82000887227E0AC2100F80B1F03AA7F
:105CE0000A211CF01CFB03E0007B23F02BFC03903B
:105CF0003678802E18D24146039823F016FA23F006
:105D000044FC02218DE82300C6EBC60004EB8000B2
:105D1000B0F81720417D07EAD2031944D3B2C9B2C3
:105D2000007D0022FEF7A6F889F80850BDE8FF873D
:105D300030B5ADF5197D0D460446D0F8060097AA9A
:105D400096A91BF09BFC9DF85812062903D0002051
:105D50000DF5197D30BDD4F806106A4608449799B0
:105D60001BF001FF9DF806006328F1D19DF8081093
:105D70002970EDE7374B10B50021354A1C780CE04F
:105D80002B2303FB01231B68834204D12B2000FB40
:105D90000120007910BD491CC9B2A142F0D30020F6
:105DA00010BD10B52C4A2B4B00202949B2F8072012
:105DB0001C780CE02B2303FB00131B689A4204D1D0
:105DC0002B2200FB0210007910BD401CC0B2A04283
:105DD000F0D3002010BD0346012809D0022B04D0C7
:105DE000032809D141F69C7004E041F63C5001E0E3
:105DF00041F6BC3000EB41000221117070470000F9
:105E0000A02000209F220020484800204001006080
:105E1000143900201C200020C105006006FE01602E
:105E20001122002098140460B4F80260930000600E
:105E300034EB02609100006092000060FF0000609F
:105E40009521002000007A44FE000060942100208B
:105E500044080360960000605E0002602DE9F04196
:105E6000ADF51E7D1D46DDE9A46413460F46804650
:105E700022462946184602F081FB4FF0FF3160B1FF
:105E80005CB9FE4A92F84E20012A03D0FC4A1278EF
:105E9000012A02D1FB4A537A1BB108460DF51E7D3B
:105EA00032E602231372F84B04221A70F74A552384
:105EB0001570CDE90314002205A98DE846003A4685
:105EC00041461EF05FFE0120E8E72DE9F041ADF507
:105ED0003E7D0D46074616463421AEA8DDF81083F8
:105EE00022F045FF342198A822F041FF0024ADF8AC
:105EF000F4424FF41871684622F039FFA594A69435
:105F0000A7941421A9A8A89422F031FFE0486A467A
:105F1000BBA9C68085804FF48270ADF89402012041
:105F2000CDF896020720ADF8EC025E208DF8EE0267
:105F3000D448ADF8EF52ADF8F162448106201BF071
:105F4000CDF9694698A81AF08FFE98A9CDF89A1253
:105F5000CDF89E02A9AABDA9384619F032FC38B185
:105F60004246A5A9A9A81EF021F90DF53E7DCBE575
:105F70006FF00600F9E72DE9F04188B01E461346A0
:105F80000E9F884604463A463146184602F0F6FA15
:105F900005004FF0FF3203D017B9BA48417A11B16A
:105FA000104608B0B0E502210172B74903204FF056
:105FB000000C0870B548032C0670B64E12D0022CA7
:105FC00010D0012C0ED01C2C1CD01D2C1CD01E2C33
:105FD0001CD01F2C1CD0162C1CD0152C1CD0172C00
:105FE0001CD024E008F0FF0106AA2046FFF7F3FECC
:105FF000014601ABCDF800C09DF818202846FFF7F8
:1060000064FF13E002210AE0002108E0012106E01C
:10601000042104E0052102E0032100E01321CDE981
:1060200000C75523424628461EF00FFD30703078D9
:10603000B7E72DE9F84305464FF0000014460E007F
:10604000009025D0002C23D028466A4600211BF062
:106050006DFE4FF0FF3800281CDB074600982080BB
:10606000E8196A4601211BF061FE002812DB074493
:106070000098C4F80200E81902211BF0A9FB48B1FE
:106080007F1CE81944F8060FF01B401E6060304684
:10609000BDE8F8834046FBE72DE9F04186B017469E
:1060A0001E466A46DDF83080FFF7C3FF05A9684643
:1060B000FFF73EFEC5B2DDF80A00724CB8B1DDF85C
:1060C0000A00B0F5FA7F3CDADDF80A20DDF80610A8
:1060D000714822F033FEBDF80A00A081632D09D07B
:1060E000424631463846FFF75EFD06B00CE501201A
:1060F0006071E9E7684C34F8090FB4F8151040EA0C
:10610000014504A9284602F05BFA401CEDD09DF839
:1061100010002B2148436149227B08444272617B75
:106120008172217A627AE37A01EB0221A27A120467
:1061300002EB03621144C0F80510A17B01710560F8
:10614000D3E70020A081D0E7FFB5ADF5597D0F461C
:10615000064614463421CAA822F009FE3421A5A817
:1061600022F005FE0025ADF85C534FF41871684627
:1061700022F0FDFDBF95C095C1951421C3A8C2951D
:1061800022F0F5FD0CB1802C04D96FF003000DF561
:106190005D7DF0BD342198A822F0E9FD4FF48270B6
:1061A000ADF8FC020120CDF8FE023648072101714E
:1061B00001EB4401ADF82013C2218DF822134FF6F4
:1061C000FF71ADF8254301EA4401ADF82373418125
:1061D000C898B290BDF82403ADF8CC029DF8260310
:1061E0008DF8CE0264002246DCA998A822F0A6FD14
:1061F0009DF86302224660F307019DF8620260F396
:106200000F219DF8610260F317419DF8600260F371
:106210001F61989198A90DF2CF2022F08FFD6A4658
:10622000B2A906201BF05AF86946A5A81AF01CFD71
:10623000A5A9CDF80213CDF80603C3AAD7A9304605
:1062400019F0BFFA28B10222BFA9C3A81DF0AEFF02
:106250009DE76FF001009AE72DE9F043ADF2DC6DA8
:106260004FF000080E460446CDF8B486CDF8B88647
:10627000CDF8BC864FF41871684611E0143900203F
:1062800095010060A0200020C10500609F22002031
:1062900096010260FF00006006FE01604408036092
:1062A000CDF8C08622F063FD4FF4167198A822F055
:1062B0005EFD9420ADF8B4060127CDF8B6762078BF
:1062C0000025C2214FF00709102804D0032822D04E
:1062D00006283CD059E0B61EADF8AC668DF8AE1677
:1062E000A0788DF8AF06E0788DF8B006DDF8AC0642
:1062F000ADF8B176CDF8B804BDF8B006ADF8BC0481
:106300009DF8B2068DF8BE04A279E11D0DF2BF40E2
:1063100022F014FD39E0082E37D1ADF8AC965E209E
:106320008DF8AE06A0788DF8AF06E0788DF8B0064F
:10633000DDF8AC06ADF8B176CDF8B804BDF8B0061E
:10634000ADF8BC049DF8B2068DF8BE041DE0082E21
:106350001BD10920ADF8AC068DF8AE16A0788DF8EB
:10636000AF06E0788DF8B006DDF8AC06ADF8B17692
:10637000CDF8B804BDF8B006ADF8BC049DF8B2067F
:106380008DF8BE04A088ADF8BF04F84E6A460DF53E
:10639000976186F80490BDF8AC06708106201AF06B
:1063A0009DFF694698A81AF05FFC98A9CDF8BA1627
:1063B000CDF8BE068DF8C47620788DF8C506ADF808
:1063C000CC8640468DF8CE860DF2C4614A196D1C0C
:1063D000D072072DFADB707A28B14FF0FF300DF242
:1063E000DC6DBDE8F0830220E149307203200870C3
:1063F000E0492078002208700DF2B4610DF2C4600B
:106400001DF0D4FEEBE770B5050016464FF0000016
:1064100022D03288284600211BF0B3FC0446D6F86F
:106420000220281901211BF0ACFC04442819022188
:106430001BF0C5F80444002105E0D6F80600405CD6
:106440002855491C641CD6F80A008842F5DC281936
:1064500002211BF0C7F8204470BD10B5002360B1C5
:10646000102200F8012B042200F8012B40F25623E1
:106470000A461946FFF7C7FF831C184610BD70B5C2
:106480000024651E30B1067826B986781670C27869
:10649000122A01D0284670BD042905D91A46001DCC
:1064A000091FFFF7C6FD0446204670BD2DE9FF4FCA
:1064B000ADF2045D0C464FF418759A46294603A8C0
:1064C00022F055FC29469DA822F051FC4FF0000B0C
:1064D000CDF8D4B4CDF8D8B4CDF8DCB4CDF8E0B470
:1064E000A54DCDF8E4B4CDF8E8B4CDF8ECB45F46F2
:1064F000CDF8F0B4CDF8F4B4BAF1A00F24D29B4A91
:106500000DF2E443D21C2146DDF80405FFF7B7FF86
:106510000DF5A062DDF8EA04111F1BF0AFF89DF83D
:10652000FC14062907D1DDF8EA142A460844DDF8F0
:1065300000151BF018FBBDF8E404ADF8D404DDF839
:10654000E604CDF8D6040FE0DDF80405C179007A41
:1065500001EB002240F25220824279D8DDF8041586
:10656000281DC91D22F0EAFB8348DFF81082DFF8FE
:10657000FC9180790446162821D0172C1FD05F2C5F
:106580001DD0C32C1BD07C4974280A794B7902EBAF
:106590000322ADF86C228DF86E02CA798DF86F2255
:1065A0000A7A8DF870224A7A897A01F0010302EBA7
:1065B0000322ADF871224CD010284AD04BE01A22A9
:1065C00089F80420D8F800006B4D46468470E979BC
:1065D000C170297AA5F11A02017152F8231FC0F87F
:1065E00005105368C0F809309268C0F80D200846BD
:1065F0001FF004F80146306840F8051F80681EF05F
:10660000FDFF01463068C0F80D10D0F809001EF0FB
:10661000F5FF01463068C0F80910697D4174A97E14
:10662000EA7E6B7F01EB02212A7F120402EB0362F8
:106630001144C0F81610A97DEA7D6B7E01EB0221A2
:106640002A7E120402EB03621144C0F8121005E026
:10665000F3E348080190072189F804104848012510
:106660004FF4B4760090642C73D9A9F80AB0BAF14B
:10667000A00F05D30E224348DDF8041522F05EFB7F
:106680004149DFF808817A2C09D0792C18D0C62C22
:1066900016D00D70BA2C0BD0BB2C09D00AE088F8AC
:1066A000005088F8015088F8025003200870F0E389
:1066B00088F81350652C20D0662C1ED0672C1CD077
:1066C000A4F16500182804DA08EB040000F8655C02
:1066D00001E0742C06D0862C07D0BF2C08D08D2C5E
:1066E00009D00AE088F8065007E088F8165004E060
:1066F00088F8135001E088F81850792C76D00EDC19
:10670000A4F1650012284ED2DFE800F048444E752F
:1067100052565ADFDF797EF3979BA35E636CBA2CE7
:1067200079D00CDCA4F182000D283CD2DFE800F027
:10673000FCCDCDCD8DCD9BA0A4CD7F55EC00C42C40
:1067400071D007DCBB2C6AD0BF2C61D0C22C6BD1BE
:1067500007E022E3C52C68D0C62C6CD0C82CF6D13B
:106760008EE00B4F4FF4967042E00000A020002016
:10677000C10500609F220020BE040260B4000060DA
:10678000F4490260A47E01608A010060801A0360FF
:106790006A0002602E234022FE49C1E02D234022E0
:1067A000FD49BDE0074690E027238022FB49B7E082
:1067B0002A230822FA49B3E021230422F949AFE051
:1067C00025231022F849ABE09BA80199FEF729FF89
:1067D000E8E790230822F549A2E048230822F4497B
:1067E0009EE003E02E230422F24999E0F24F0A20B2
:1067F000A9F8100069E01C231022F04990E06823FA
:106800000C22EF498CE006E02E231022ED4987E0B0
:106810004623F02201E032231022EB4980E0C82316
:10682000502200997CE018E0EFE31AE003E01C231B
:106830008022E64974E0E64F10E066231022E54925
:106840006EE019230822E4496AE069230522E3493E
:1068500066E030230822E24962E0E24F4FF4C8705C
:10686000C6E7E14F02E0E14F88F819506420BFE726
:10687000DF4FA9F8106028E02723FE22DD494FE012
:10688000002699F804008119DB48084400790128A2
:1068900017D1DA48F1074FF0000140F826B029D0AF
:1068A00006F16B0010F0BFFBD44810F8261006F17B
:1068B0006C0010F0B8FBB32000EB5600002110F084
:1068C000B2FB761CF6B2182EDBD3002F7ED001204F
:1068D000CDF8F4049DF870029DF86F12884203D041
:1068E00089F8005089F801B08F2C23D0C22C39D000
:1068F00022E010E006F1540010F095FBBF4810F8BC
:10690000261006F15500D4E7B82388F81950042260
:10691000BB4905E008E00B23BA4988F8195010225A
:106920009BA8FEF76BFE3DE788F81950B64F4FF471
:1069300000505DE703F030F99DF870029DF86F128A
:10694000BDF87122411A99F80400491C02FB0102AA
:10695000BDF86C124B468A4238D181421BD9091AC4
:106960008AB219E0BDF86C1299F80400814201D294
:10697000002206E0091A8AB24FF496718A4200D9C1
:106980000A469D4901443846091D22F0D7F99BA8C3
:10699000FEF763FEFEE300220092198A8A4200D9C4
:1069A0000091A0F25221009A49428A4200D90091F6
:1069B000652C13D09049009A01443846091D22F0F5
:1069C000BDF9662C0DD0672C12D000E0FEE3692CD7
:1069D0001FD06A2C1DD0662C05D057E088F80050D7
:1069E00056E088F8015089480078012814D01BE04F
:1069F000864888F802500078022807D184489DF81C
:106A00006F120078814201D182480570F8F71FFDAE
:106A1000C0E3FAF740F8BDE37D489DF86F120078B7
:106A2000814201D17B4805709DF86F6228E0C6EB7A
:106A3000C60000EB0611574800EB410191F8270012
:106A400001281BD191F82D00192803D00F2801D05F
:106A50001D2813D1D1F81E001EF0D0FD70B9102EE4
:106A600008D26D4941F826B06C4941F826B06C490E
:106A700041F826B00C2E01D26A488555761CF6B234
:106A80009DF87002B042D2D2F8F78FFC652C24D169
:106A90005E48007838B95E489DF86F1200788142F0
:106AA00001D15C480570544899F80410009A0144DB
:106AB0003846091D22F042F99DF86F6207E0002177
:106AC0003046FAF700F9FAF7C8F8761CF6B29DF8E6
:106AD0007002B042F3D2F8F791FC742C11D06E2CF6
:106AE00050D03B4E792C4ED0C62C4DD0712C4CD072
:106AF000BF2C4BD08C2C4AD0C42C89D0C52C47D06D
:106B0000E8E389F80650052189F807109DF86F021F
:106B10004F4600EB4001C1EBC01127480A3000EBA3
:106B200001100178407801EB002000B21EF067FDF3
:106B300001049DF86F021C4E00EB800202EB401036
:106B40003044090CC18388F8065022D0B0F91E00E9
:106B50001EF055FD4FF4C87190FBF1F0401C484306
:106B600000B21EF04CFD9DF86F1201EB810202EBAA
:106B700041113144A1F82300BDF86C123879091A8B
:106B8000019851E081E085E09EE0A3E0B2E0DCE026
:106B9000E9E077E0455100203CC50460BA2102607D
:106BA00074880260849002606A1F0260C489026077
:106BB000448E026008910260FC8001603A350260F8
:106BC00054370260F4430260D4460260B4F80260B5
:106BD00076110260E2140260221D0260384F00202C
:106BE000EA1D02604E0E0260EA0D0260860D026030
:106BF000820B0260C0910260BE040260D80901608D
:106C00001441026070CA026020CB02602922002079
:106C10002A2200202B22002080390020A0410020C1
:106C2000E49603600C30002000EBC00202EB001081
:106C300001EB0010B0F5FA6F08DD9DF86F0200EB74
:106C4000800202EB40103044A0F823B0F64F00253C
:106C500042F2D878A7F800B005EB850000EB4510AC
:106C60003044B0F923001EF0CAFC3988084480B2D1
:106C70003880404501D3A7F800806D1CEDB2102D7F
:106C8000EAD327E3A0F823B076E79DF86F02FCF77C
:106C900068FE26E3E54800681EF0B0FC0123E44AE4
:106CA000E4490FF0C1FFE24886F8EFB05B46417857
:106CB00002788DE80E008378C27841798079F4F704
:106CC00009FAF4F7FEF90CE388F81950DA4807F0EE
:106CD00080FE06E39DF870129DF86F02D74A091AEC
:106CE00000EB001000EB400002EB4000491CF9F7FC
:106CF000A6FCF6E29DF86F52D14F1FE0F02D1BD29B
:106D0000C5EBC50000EB800007EB40000123C17A12
:106D10008DF80010817A8DF80110017A8DF802103B
:106D2000407A8DF8030096F832008DF804001A4678
:106D300002A96846FEF761FB6D1CEDB29DF870027A
:106D4000A842DBD8F9F73AFFC4E200959DF86F023C
:106D50000123C0EBC001BB48002200EB8100411DB4
:106D6000FEF706F9BDE2B8480078112891D1B74A7C
:106D7000B74BB84DB84EB94F0020594642F82010D5
:106D800043F8201025F8101026F8101027F81010DE
:106D9000401CC0B20328F1D39CE2B1488079162888
:106DA0002CD017282AD05F2C28D09DF86E125E298F
:106DB0003AD09DF870029DF86F22801ABDF87122BA
:106DC000401C5043A9F80A00B9F80A20B2F5FA7F2E
:106DD00038D8A448130A4370027081709DF86F225E
:106DE000C2709DF870220271BDF871224271120AC0
:106DF0008271102922D0742920D023E0D8F8000015
:106E0000984982788A70C278CA7002790A71D0F87B
:106E10000520C1F80520D0F80920C1F80920D0F8D4
:106E20000D00C1F80D000DE0BDF871024FF6FF72C4
:106E300002EA4002A9F80A20C6E7C9E1019942EA3C
:106E400041018171162C71D00EDC162C3BD2DFE88B
:106E500004F03A31353B6E3F43473A3A8C90E1E0DB
:106E6000DFDE4B50543A3A5C562C7DD00CDCA4F15A
:106E70001E000D2827D2DFE800F0D3262626D226D2
:106E8000D1D0CF268B44CE00A4F157000D281AD2C2
:106E900000E023E2DFE800F07817171771171707F3
:106EA00017C7C6C5B1009BA8FEF7D7FB6E4F4FF4BE
:106EB000967038E02D2340226C49E1E12E234022D8
:106EC0006B49DDE10746FBE0272380226949D7E1D2
:106ED0002A2308226849D3E1212304226749CFE10C
:106EE000252310226649CBE19BA80199FEF799FB67
:106EF000E8E7902308226349C2E12E230422624975
:106F0000BEE1482308226149BAE101F039F91EF0D7
:106F100075FB46490F4608605D48007808715D487A
:106F2000007848710A20A9F81000C9E034E01C2359
:106F3000102259499BA8FEF761FB070066D0DFF8D5
:106F400058810025C5EBC50108EB8106F11C3046D0
:106F5000FDF748FC06F10E01C81EFDF743FC6D1C51
:106F6000EDB2102DEED3ABE00AE068230C224B49C2
:106F700086E12E2310224A4982E14623F02201E0D5
:106F8000322310222E497BE1C8235022009977E159
:106F900014238022434973E14546D8F80000FCF7EA
:106FA00072FBCDF8F8044FF4C870A9F80A002F68F6
:106FB0002C4817F8162F827537F8042B120AC27561
:106FC00057F8042C120C027657F8042C120E427655
:106FD00017F8082C827437F8082C120AC27457F874
:106FE000082C120C027557F8082C120E427517F86F
:106FF000092C42744FF4E17095E700F00AFF2A492A
:1070000017200F4681F814A08DE765E18BE08BE037
:1070100081E07CE031E12CE173E04EE04AE07EE08B
:1070200032E143E084E0DDE0A4000060FC80016028
:10703000D0150060D843002076110260E21402608F
:10704000D4460260B4F80260EA0D02602089036051
:1070500014890360742100207A21002080210020FF
:10706000BE040260A47E01606A0002603CC5046048
:1070700045510020BA210260748802608490026049
:107080006A1F0260C489026008910260448E026037
:107090003E0100600D0100603A3502605437026025
:1070A000F4430260A47401605F11026000F0B1FE5D
:1070B000FE4FDBE0FE4F642035E7FE4FA9F810607D
:1070C0008FB3B9F80A60B9F81050AE4200D2354615
:1070D000BAF1A00F7BD299F8040040F25222831932
:1070E000934275D2F44EC84630442A46394621F0C0
:1070F00025FEB8F80A00411B98F8040028443044E3
:10710000DFE004F009FFED4F42F2B2600BE76623C7
:107110001022EB49B4E019230822EA49B0E06923C0
:107120000522E949ACE0CEE030230822E749A7E098
:10713000E94A00200146E64EDFF898C392F800E0E5
:1071400023E0C1EBC10293199F79DC2F0DD2B35C10
:10715000DFF8888308EBD30803F0070398F8008072
:1071600005FA03F318EA030F0DD0232F0BD0B35CFD
:1071700000EB40020CEB4202401C9370C2F803B0DB
:1071800082F801B0C0B2491CC9B2714501D2402891
:10719000D7D300E0A5E0D34A0021DFF844835E4660
:1071A000177811E02B2201FB02839A7C52B900EB85
:1071B00040020CEB4202401C557096701B68C2F8EE
:1071C0000330C0B2491CC9B2B94202E082E05FE0BC
:1071D000BAE001D24028E5D38CF80000BD4F40F260
:1071E0008110A0E6C04FC14E002557F825001EF0C3
:1071F00005FA06EB85016D1CEDB2C1F80200182DF1
:10720000F3D36FF0AA001EF0FAF930805520DFF8B2
:10721000E0B2DFF8E08286F892000025B64850F828
:1072200025001EF0EBF906EB8507C7F89F00B34871
:10723000933750F825001EF0E1F93860B04830F976
:1072400015001EF0DCF906EB450727F8AB0F3BF9FC
:1072500015001EF0D4F9F88038F915001EF0CFF9AA
:107260006D1CEDB2B881032DD8D3A04F4FF4C87078
:1072700059E6B8230422A34902E00B23A2491022B5
:107280009BA8FEF7BBF91DE6A04F4FF400504AE65D
:107290000E228948DDF8041521F050FD99F804000C
:1072A000811940F2522081424ED283482A46394603
:1072B0000E3021F043FDB9F80A00411B7E482844F6
:1072C0000E3021F054FD03AA7B4906201AF006F87F
:1072D000CDF8F4047A2C01D0C82C02D10120CDF8CD
:1072E000F404BAF1A00F33D2DDF8F40400282BD057
:1072F0004FF41671704821F03AFD03A96E4819F059
:10730000B3FC6D49CDF8DA14CDF8DE040DF2D441AA
:10731000DDF80405FFF7A1F87A2C02D0162C08D06E
:107320000BE052460DF2D441DDF80C051CF012FFC3
:1073300003E0DDF8F804012806D152460DF2D441ED
:10734000DDF80C051CF006FF0DF2145DBDE8F08FB2
:10735000AAF1A000044607F009FB99F80A004D467F
:107360000E30C1B2544807F0CAFA534A6989030A79
:107370000A4410319373D073E2B289B24E4807F0D9
:10738000D5FAE1E770B500235C1E28B10578102D11
:1073900002D14578042D01D0204670BD022904D9C0
:1073A000801C891EFEF745FE0346184670BD70B569
:1073B000040015460E464FF000000FD020704FF429
:1073C00016711AF053F86070A6701220E0704FF436
:1073D0001571201D2A46FFF716F8001D70BD2DE916
:1073E000F0410400069E984617464FF000003BD03F
:1073F0005020207061701220A070E01C00211AF053
:10740000DEF8C51C601939461AF008FD05446019FC
:1074100041461AF003FD0544601900211AF0E2F814
:1074200005443288601901211AF0ABFC0544D6F8F6
:107430000220601902211AF0A4FC054460190321FE
:107440001AF0BDF80544002005E0D6F80610095CE6
:107450006155401C6D1CD6F80A108142F5DC60199C
:1074600003211AF0BFF82844BDE8F0812DE9FE435E
:107470004FF000050A9E984617465FEA0109044648
:107480008DF80050019502957DD0002E7BD02046CE
:1074900000211AF09DF9D8B3601C01AA69461AF0C0
:1074A000EDF8451C9DF80000092832E076110260D5
:1074B000860D0260820B0260A47E0160C0910260B2
:1074C000E2140260221D0260384F0020EA1D0260B3
:1074D00098910360DE0F0260442100205C950360F8
:1074E0004408036096000060D80901604E0E0260F7
:1074F0007A21002080210020208903601489036004
:10750000742100201441026070CA026020CB026026
:1075100029E012D1601902AA01991AF05CFC054415
:107520000FB102983870601901AA69461AF0A6F8DE
:1075300005449DF80000092802D00020BDE8FE8324
:10754000601902AA01991AF046FC0544B8F1000F2F
:1075500002D0029888F80000601900211AF04EF954
:107560000028EBD06D1C601902AA01211AF0DEFB85
:107570004FF0FF3700281EDB054402983080601969
:1075800002AA022100E014E01AF0D0FB002812DB6E
:1075900005440298C6F80200601903211AF018F990
:1075A00048B16D1C601946F8060FA9EB0500401E96
:1075B00070602846C2E73846C0E770B5040016463A
:1075C0004FF0000027D03020207061701220A07092
:1075D0003288E01C00211AF0D4FBC51CD6F802202A
:1075E000601901211AF0CDFB05446019022119F040
:1075F000E6FF0544002005E0D6F80610095C615559
:10760000401C6D1CD6F80A108142F5DC601902217D
:1076100019F0E8FF284470BDF0B5FE480021402570
:107620002D261022082304272E24172919D2DFE83B
:1076300001F00C1219242B323BA95159666C73834B
:107640008D7A96A1A9A9A9A94400DFF8CCC3C0F8F6
:1076500000C0067104E0DFF8C4C3C0F800C00471C4
:1076600045718FE0DFF8B8C3C0F800C04FF0270CB9
:1076700080F804C04FF0800C29E0DFF8A8C3C0F800
:1076800000C04FF01C0C54E0DFF89CC3C0F800C0F1
:107690004FF02A0C56E0DFF894C3C0F800C04FF05A
:1076A000210C80F804C06CE0DFF884C3C0F800C08F
:1076B0004FF0250C3DE0427164E0DFF878C3C0F87C
:1076C00000C04FF0690C80F804C04FF0050C80F842
:1076D00005C057E0DFF860C3C0F800C006714FF086
:1076E000020CF4E7DFF850C30CF15A0CC0F800C0EC
:1076F0004FF0680C80F804C04FF00C0CE7E7DFF89F
:107700003CC3C0F800C00471D5E7DFF834C3C0F84B
:1077100000C04FF00B0C0CE0DFF828C3C0F800C02D
:107720004FF0660C05E0DFF820C3C0F800C04FF052
:107730001E0C80F804C0BEE7DFF810C3C0F800C01C
:107740004FF0190C80F804C043711BE0DFF8FCC255
:107750000CF1C80CC0F800C04FF0300CF2E7DFF8B5
:10776000F0C2C0F800C04FF0900C80F804C04FF099
:10777000090CACE7DFF8B4C20CF1840CC0F800C00F
:1077800004714771491C09B208301429FFF64DAF46
:10779000F0BD2DE9F04FAF4887B001250570AE4828
:1077A00000274FF438610760AC4807609B4821F020
:1077B000DEFAAB4E002106F1B900069017300590B5
:1077C000173004908A30039017300290934C173092
:1077D000DFF890B24FF0050A4FF00209019001F175
:1077E0000108C4F81E701FFA88F29FA1204622F0FB
:1077F000D7FD84F822A084F8237084F8265084F8FA
:10780000277084F8285084F8295084F82B7084F865
:107810002C701FFA88F204F1150095A122F0C0FD2A
:107820004FF438718E4821F0A2FA06F8B85F92A1A1
:10783000A6F81570069821F0E3FAF575B58590A1C4
:10784000059821F0DDFA86F82E50A6F843908DA118
:10785000049821F0D5FA86F8B850A6F8CD7086A124
:10786000039821F0CDFA86F8CF50A6F8E45086A10F
:10787000029821F0C5FA86F8E650A6F8FB9084A19C
:10788000B83E019821F0BCFA83488BF81950057076
:107890000DF093FE1FFA88F12E3440299FD34FF448
:1078A00034615D4821F063FA5B4C0026761CC4F815
:1078B0001E7084F8287084F82370B2B277A1204635
:1078C00022F06EFDB2B204F1150074A122F068FD41
:1078D00084F82270B6B22D34402EE7D34FF4E07115
:1078E000504821F044FA4F490020401C4D7580B2A9
:1078F0001C311028F9D34FF414714D4821F037FA98
:107900004B480021491C80F8205080F82170C78323
:1079100089B225301029F5D3DFF888814FF4FA4178
:107920006148A8F8187021F022FA5F4B00214FF44B
:10793000FA6401EB4102C2EBC112002003EB021218
:107940001754401C80B2A042FAD3491C89B21029B6
:10795000EFD34FF49C51324821F009FA304C002605
:10796000032EC4F81E7084F8227084F8235084F823
:10797000259084F826702ED2C6EBC6004B4900EB4A
:10798000400001441522204621F0D8F9474A06EB71
:10799000C6013F32114420460A6840F8152F4A6854
:1079A0004260097A017226B1012E0BD0022E12D14B
:1079B0000CE084F8235084F8265044F62061C4F883
:1079C0001E1008E0C4F81E70662102E0C4F81E70A4
:1079D000672184F82610761CB6B22734802EBFD3D8
:1079E0004FF43871154821F0C2F944F2A011304823
:1079F00021F0BDF9A8F8147010494446A8F8167093
:107A0000002081F82970401C80B22E311028F8D354
:107A100050E00000F60C02603CC5046045510020B7
:107A2000BA2102603A350260748802608490026074
:107A30006A1F0260384F0020FA360260F443026089
:107A400070CA0260E2140260421B0260221D0260E2
:107A5000C48902606400006070000060780000600B
:107A600014410260801A0360494E20256400000022
:107A7000494E2564000000004155544F00000000AD
:107A80004F4E00004F464600434F4F4C0000000051
:107A900048454154000000008A0100604F555425BC
:107AA000640000008C0000600681016054C503087A
:107AB000D44602604FF48871FE4821F058F94FF423
:107AC000C071FD4821F053F940F20D21FB4821F02F
:107AD0004EF94FF42061FA4821F049F94FF458610A
:107AE000F84821F044F9F7486771A77100214FF079
:107AF0005536C0F80560C772491C89B21B30802911
:107B0000F7D3F148E771DFF8C4830770002505EB70
:107B1000850108EB8100142121F029F96D1CADB21B
:107B2000142DF4D3DFF8A89367720025B046C5EB97
:107B3000C50109EB81061C21304621F018F96D1CA6
:107B4000C6F80580ADB2F772802DF0D3E1482772F8
:107B50004FF4A8710770E04821F009F9DE4D0020CC
:107B6000401CAF77EF7780B22A350828F8D34FF45E
:107B700090663146D94821F0FAF8FF223146D848BC
:107B800021F0EEF88421D74821F0F1F80020AF77FA
:107B9000EF77401C80B221350428F8D3D148B821B2
:107BA000843021F0E4F842F2B261CF4821F0DFF8EE
:107BB000FE21CE4821F0DBF8CC484FF48051FE3056
:107BC00021F0D5F8C94D0021FE35C94ADFF824C39C
:107BD0000A26002005EB811343F82020401C80B2C8
:107BE0001028F9D30CF80160491C89B24029F0D360
:107BF000C149002041F82070401C80B24028F9D3D0
:107C00005A21BE4821F0B3F8B021BD4821F0AFF8A9
:107C1000BB484021B03021F0AAF8A748C821C83895
:107C200021F0A5F8B5484FF49C6529465A3021F05B
:107C30009EF82946B34821F09AF842F62031B2481E
:107C400021F095F84FF4C871B04821F090F84FF446
:107C50001651AF4821F08BF8A84900205A310F2265
:107C600081F85E20401C80B268310C28F8D3A94806
:107C70004FF4EE71A06221F07AF867702770678286
:107C80004FF4CC61A44821F072F8A3480021491CAC
:107C9000C7718772A0F8557089B266301029F6D383
:107CA0004FF4F0719D4821F062F89D481F211C227D
:107CB0000170427081701E22C27001714271817127
:107CC000C171027241728272C17269460D200FF059
:107CD0009BF90C200DF101010FF096F99DF80000C1
:107CE0009DF801104FF47A7500EB01208D492A466A
:107CF000088080218C4821F033F88B482A46802167
:107D0000803021F02DF88021884821F030F8874814
:107D10008021803021F02BF8FFF77EFC40F28111AA
:107D2000834821F024F867481421143821F01FF803
:107D30006021804821F01BF87F4D45F2FF50602103
:107D40002880A81C21F013F8552085F8920005F131
:107D50001E000A2140F8757F4760876005F19E008C
:107D600040F8017F47608760C7600782C0F81270E3
:107D7000C78287618783A5F164000770A0F27E4007
:107D800020F0F5FF41F2CC016C4820F0F0FF4FF4F9
:107D90001675A77229466A4820F0E9FF6948294606
:107DA00007806948076047608760684820F0DFFF08
:107DB00067832021664820F0DAFF2021654820F003
:107DC000D6FF574864219C3020F0D1FF4FF4B471A6
:107DD000614820F0CCFF3B481421143820F0C7FF45
:107DE0007C215E4820F0C3FF5D4840F85C7F8780BF
:107DF000877107B0BDE8F08F10B51721594820F002
:107E0000B6FF5848BDE810404FF4C871173020F055
:107E1000AEBF2DE9F047524C524E554FE07BB0704B
:107E2000207CF070607C3071A07C7071BA20B071E1
:107E3000C020F0712078307260787072A078B072D3
:107E4000E078F07220793073474806F11705007822
:107E500085F8CE004548007885F8ED00386A308016
:107E6000000CA6F81500B4F82100A6F80F00E1797F
:107E7000F1742C490988A5F8AF10A5F8C300786AF9
:107E80001DF0BCFBC5F8CA003A4940F64400A6F80C
:107E900011000988A5F8BF10E88220786178E2789F
:107EA00000EB0120A178090401EB02610844C5F848
:107EB000B10061E0D0070160EA1D0260384F002088
:107EC000A474016034EB0260FE000060B40603603D
:107ED000B4F802604E21002074880260C4890260F8
:107EE000448E026084900260C091026072B80260A9
:107EF00000007F43E008016070C90260FA3602604A
:107F000070CA0260343C026048310160380A016086
:107F1000C80B016006130260E2140260421B02609B
:107F2000EA0C02603E01006076090260760A026097
:107F3000DE0F0260D80901604E0E02604408036043
:107F400006FE0160AC2000205E00026014070260A3
:107F5000C55C0020E55C0020820B0260889E036007
:107F6000143900205F1102600D0100608101006082
:107F70008C0000604001006094F8500085F8EE002D
:107F8000E07C2873207D6873607DA873A07DE87312
:107F9000E07D2874207E6874207985F8C500F87823
:107FA000B073E17B2970217C6970617CA970A17C30
:107FB000E970617E2971A17E6971E17EA971217FDD
:107FC000E971617F2972A17F6972E17FA97294F8DA
:107FD0002010E972FE490978012904D0022994F899
:107FE000231004D004E094F82310803100E04031E5
:107FF000E97494F8441085F82F1094F8451085F82A
:10800000301094F8461085F83110F24A94F8471071
:1080100085F8AA10518869769288AA762A2901D310
:10802000012A27D095F8F61001F0FE0185F8F61028
:1080300094F8481085F8AE1094F8511085F8F010B7
:108040004FF0010A01291AD0002185F8EF10B4F889
:10805000421085F83210090A85F8081194F82310A7
:108060004FF02308491E4FF04A0903290AD885F822
:10807000338009E095F8F61041F00101D6E785F864
:10808000EFA0E4E785F83390E1796975A17AE976A4
:10809000E17A297694F8281085F8261094F82910AA
:1080A00085F8271094F82A1085F8281094F85210B3
:1080B00085F8F71094F8531085F8F81094F85410D8
:1080C00085F8F91094F8551085F8FA1094F85610C0
:1080D00085F8FB1094F8571085F8FC1094F84110BF
:1080E00085F80E1194F8271005F82A1FBA4938347C
:1080F0000978A970B9490978E970B94909782971ED
:10810000E877386A1DF07AFAC5F89C0085F81EA059
:108110001422B449B4482A3D20F010FEB348007838
:1081200085F8C20014F8150C383C28B1401F072808
:1081300005D886F80D9004E03220707301E086F8CF
:108140000D8034F8580F25F8F30FB878A8703879F7
:10815000A875A5486168C23040F8071F2189818051
:10816000A17A8171E07A6874207BA874607BE874DE
:10817000A07B287514F8090CA876BDE8F087704735
:1081800010B59B489B4C0078A8B19B489B49B0F820
:108190000700CA8990420ED3098A88420BD8F0F7AB
:1081A00078FFB4F90010494201EBC10100EB8100F6
:1081B000A0F5616010BDF0F76CFFB4F90010494202
:1081C00001EBC10100EB810010BDFFF7E2BA70B511
:1081D0008EB081218DF800100B218DF80110002345
:1081E0008DF802301C218DF8031001228DF8042037
:1081F00028218DF80510FF218DF806108DF8071045
:108200007F498DF8083009880C0A8DF809408DF8EF
:108210000A102B2148437B498DF80B2008441A246F
:10822000417A8DF80C10FE218DF80D1010218DF87B
:108230000E108DF80F30D0F816100491817E8DF855
:10824000141022218DF815108DF81620E0218DF8DC
:10825000171091218DF8181003218DF81910C17E87
:10826000212909D00021C1F11A0202449279212A60
:1082700004D0222A09D00FE00121F4E7C1F10A015C
:108280000844C08AADF81A0005E021208DF81A00D4
:1082900094208DF81B001C245B4D40F22D115B4E89
:1082A00028782246484306EB4000694620F046FD08
:1082B000287840F22D11414306EB4101401CA1F802
:1082C000584228700EB070BD2DE9F0415049054666
:1082D00091F82800092807D0012805D091F82A0034
:1082E000092801D0012819D1444FB87A002815D0A7
:1082F00048490020434E087043490446087055B170
:108300001BE02B2000FB0460807C10B92046FFF7A7
:108310005EFF641CE4B2B87A8442F2D3BDE8F08117
:108320002B2000FB0460817C29B90068A84202D19F
:108330002046FFF74CFF641CE4B2B87A8442EFD3C6
:10834000ECE72DE9FF5F1446DDE90F67DDF838A0A3
:108350000D4603007DD0294A00204FF0050EDFF8BE
:10836000A4C0917A934612E02B2202FB00C2D2F8FD
:108370000080984509D1927CB24206D14FF02B087B
:1083800008FB00C888F813E003E0401CC0B2884234
:10839000EAD324B9012E5CD1012F00D02C796429B5
:1083A00057D84FF00009012E01D0022E0ED1012F17
:1083B0000CD1FF2C02D12A7902B114469BF803207C
:1083C000944203D2DFF8488088F84D90884223E039
:1083D00090010060760B02600F01006010010060E8
:1083E0001101006020EB0260AA1102609802006097
:1083F0000D0100603E010060D01500608C0000603F
:10840000400100604408036010220020049F0360C4
:1084100014390020242200204BD12B204143E04678
:1084200001EB08000821036086748172D5F8011001
:10843000C160B5F80510018280F813E05146BAF129
:10844000140F04D20A461630039920F077FC5B46DD
:1084500000E02EE09BF80A102B2000FB0180012E8B
:1084600080F82AA005D0DA780271447280F80A9068
:1084700017E00471AA7A012A03D0062A03D04472B5
:1084800003E0EA7A00E0AA7B4272AA7A4AB9012F95
:1084900007D1FF2C05D12A7942722A790271012273
:1084A000827280F81590491CC8B2FD498BF80A0009
:1084B0008887BDE8FF9F30B5FB4B4FF47A72FB4CC9
:1084C0001A600022F7490523A47A08E04D7A854214
:1084D00002D18D7C05B9CB74521CD2B22B31A24291
:1084E000F4D330BDF14A9089411C91813C280ED3D0
:1084F00000209081EB480021937A06E010F8132FBA
:10850000521E491C00F8182BC9B29942F6D3704785
:1085100030B5E64C0022E34BA57A10E02B2404FB97
:1085200002342479844208D12B2000FB0230C26837
:108530000A60008A8880012030BD521CD2B2AA4253
:10854000ECD3002030BD30B5D84C0022D54BA57AF5
:1085500010E02B2404FB02342468844208D12B2031
:1085600000FB0230C2680A60008A8880012030BDAA
:10857000521CD2B2AA42ECD3002030BD70B5CB4B16
:1085800031B9DAB1022A03D1DA78904200D001463B
:108590000022C44C9D7A0FE02B2303FB02431E797B
:1085A000864207D15B7A8B4204D12B2000FB02402C
:1085B000006870BD521CD2B2AA42EDD3002070BD3B
:1085C00030B5BA4C0022B74BA57A0AE02B2404FB45
:1085D00002342468844202D10A70012030BD521C4A
:1085E000D2B2AA42F2D34FF0FF3030BDF0B5AF4C5B
:1085F0004FF0FF3631B9D3B1022B03D1E378984263
:1086000000D001460023A74DA77A0EE02B2404FBDF
:10861000035494F804C0844505D1647A8C4202D195
:10862000137058B2F0BD5B1CDBB2BB42EED33046D8
:10863000F0BD70B54178027901F01F0102F06002CF
:10864000114403290FD001290DD002290BD0A1F12B
:108650001800032805D90938032802D92539032928
:1086600028D8012070BD914C8E490022E378A57A6C
:1086700011E08C7C64B94E7A8478A64204D10E79DC
:108680009E4201D1C6780EB19C4201D1022070BD3C
:10869000521CD2B22B31AA42EBD380789842E0D060
:1086A000834900F0070201EBD001012009789040D6
:1086B0000142D6D1002070BD2DE9F0410446FFF7FC
:1086C000B8FF4FF0FF35012803D0784B022824D0A3
:1086D00037E0784C94F82800072852D094F82A10F4
:1086E00007294ED0744E0727022808D194F84F006E
:1086F00028B9307818B984F8287004F0FAF894F89A
:108700002A0002283DD194F84F0078BBB07868BBAE
:1087100084F82A7004F0EDF833E062480021DE7836
:108720009A7A0CE0477A94F802C0674504D1077939
:10873000B74201D1E7789FB1491CC9B22B309142B1
:10874000F0D3207901061CD54006A178400A00EB41
:108750000120E178421807D0524800219B7A0CE0B2
:108760000179A170407AE0700020D7E509E0066841
:108770009642F5D0491CC9B22B309942F7D300205C
:10878000A0702846CAE54B494C4A91F82A000128B6
:108790000BD0092809D091F82800012801D0092818
:1087A00002D11088401C108070479088401C908037
:1087B00070474049424A91F82A0001280BD0092805
:1087C00009D091F82800012801D0092802D1108889
:1087D000401C108070479088401C9080704735493D
:1087E000384A91F82A0001280BD0092809D091F8BD
:1087F0002800012801D0092802D11088401C1080CF
:1088000070479088401C9080704730B5294D2749AB
:10881000002295F828002C31A1F11003012801D085
:10882000092805D10888441C0C800F2800D91A702B
:1088300095F82A00012801D0092805D18888441C10
:108840008C800F2800D99A7030BD10B5194C94F85F
:108850002A00012801D0092802D102201BF028FC9F
:1088600094F82800012801D0092804D1BDE810405F
:1088700000201BF01DBC10BD0E4810B50B4A90F82F
:1088800050100023D07A104C401CC0B219B3FF29FD
:108890001CD0D072814202D2D372C4F8803110BD94
:1088A000EC2A002044080360D40100608C000060C2
:1088B0005C950360143900204C0100607421002095
:1088C0007A2100208021002000002142D372012063
:1088D000C4F88001E3E7D0720528DDD8DFE70000A7
:1088E0007047F94931F810007047F84A22F8101023
:1088F0007047F64931F810007047034610B5F44848
:1089000041F2883240F6B83490F8231003FB02F0AD
:1089100003FB04F2940AEE4A800A0129D2790ED0B0
:1089200005290CD002290DD006290BD0032905D129
:10893000072A03D242F26C004343980A10BD162A5C
:10894000FCD201E0042AF9D2204610BD0246E048DC
:1089500042F2107390F8231002FB03F042F2283326
:108960005A43DB4B800A920ADB7901290BD0052997
:1089700009D002290AD0062908D0032902D1072BE1
:1089800000D210467047162BFCD2FAE7062BF8D31C
:10899000704730B5032803D1CE4B1A88521C1A8079
:1089A000CD4A105C40F6B8324A43940AC84A0228BD
:1089B000D37992F823200AD0012822D0032825D089
:1089C000042802D008B1052800D1204630BD41F26C
:1089D000883501FB05F0800A012A0CD0052A0AD04F
:1089E000022A0BD0062A09D0032AEFD1072BEDD299
:1089F00042F26C0007E0162BE8D2E6E7042BE5D242
:108A0000E3E744F620604143880A30BD42F2107427
:108A100001FB04F042F228346143800A890A012AEA
:108A20000BD0052A09D0022A0AD0062A08D0032A28
:108A3000EBD1072BE9D2084630BD162BFCD2FAE762
:108A4000062BF8D330BDA54800787047A4480078BD
:108A500070479F4890F82300012818D0052816D0A9
:108A6000022816D0062814D003281AD00A2812D0BB
:108A700098B1042813D0072811D00C2811D0092848
:108A800011D00B2811D00E2811D0002070472020C3
:108A90007047102070470620704718207047082044
:108AA00070470B2070470D2070471120704715202C
:108AB0007047874890F82300012818D0052816D061
:108AC00002281AD0062818D0032812D00A2812D05B
:108AD00098B1042813D0072811D00C2813D00928E6
:108AE00004D00B280DD00E280DD000207047182080
:108AF000704708207047032070470A2070470E20F7
:108B00007047092070470B20704771496E4A4FF437
:108B10007A7391F823100B2904D00E290BD0092960
:108B200012D01BE0118B994202D90C2816D313E006
:108B30000C2813D910E0118C994202D910280DD3BA
:108B40000AE010280AD907E0118A994202D90828B8
:108B500004D301E0082801D90020704701207047A4
:108B600070B504465F4D604E55F8240056F8241049
:108B700008444FF47A7148431CF040FDC4EBC40133
:108B80005A4A01EB041102EB4101C1F81E0055F8ED
:108B9000240056F8241008444FF47A71484370BDFD
:108BA000F0B54B4991F823100E2903D00022032978
:108BB00013D000E004224FF461614D4B1B68B3FBFE
:108BC000F1F401FB143109B101282BD10020474CED
:108BD000444D454E474B0C3222E0B421EDE7C0EB4B
:108BE000C00101EB001104EB410191F82D1019298E
:108BF00003D00F2901D01D2910D155F8201056F8A7
:108C00002070394453F82070B94207D03A4F43F8E6
:108C1000201001217970394F03213970401CC0B2F6
:108C20009042DCD3F0BD2DE9F043294890F82300B1
:108C30000E2810D00027DFF8BCC02D4900200CF111
:108C4000400C0CF140068046DFF89C9006F1400590
:108C50000C370A6834E00427EDE7C0EBC001234B72
:108C600001EB001103EB410191F82D101D2925D1D5
:108C70005CF8203059F820108B4219D8CB1A56F8DE
:108C80002040C3EB03139B00141BB3FBF4F31C4CF9
:108C900044F8203035F810305C1C25F81040052BC6
:108CA0000CD346F820204CF8201025F8108005E061
:108CB00025F8108046F820204CF82010401CC0B247
:108CC000B842CAD3BDE8F08376090260760A026032
:108CD00014390020EC2A0020C55C0020452100202A
:108CE0004621002080390020A0410020455100206D
:108CF0005801006060190360801A03608A010060F7
:108D0000E49603604E4951F820004FF47A714843CD
:108D10007047F0B54B4890F823000E2809D0002585
:108D200000200123484E494C494F4A4A86460C359B
:108D30001DE00425F4E7C0EBC00101EB001106EBD8
:108D4000410191F82D10192903D00F2901D01D29B7
:108D50000BD154F820C057F820108C4503D213547F
:108D600044F8201001E002F800E0401CC0B2A84224
:108D7000E1D3F0BD704730B5384A0021364D147844
:108D80000CE001EB410205EB82025379527A1A445E
:108D9000824201D9834203D9491CC9B2A142F0D30E
:108DA000A14202D14FF0FF3030BD2D48C1EBC101CF
:108DB000405C2C4900F0070201EBD001012009784A
:108DC0009040014201D0012030BD002030BDF0B5FF
:108DD0000246FFF76EFE4FF0FF3690421CD81F4848
:108DE00000211D4D047813E001EB410005EB8000EC
:108DF0000379077A1F44974201D993420AD9C3786D
:108E0000C0791844904201D9934203D9491CC9B290
:108E1000A142E9D3A14201D13046F0BD1048C1EBD7
:108E2000C101405C0F4900F0070201EBD0010120B5
:108E300009789040014201D00120F0BD0020F0BD32
:108E4000E49603601439002045510020401A036065
:108E5000A0410020C8430020FD7903604421002088
:108E6000989103605C95036010B5044690F8220069
:108E7000FF280FD194F82500FF280BD194F8260085
:108E8000FF2807D194F82800FF2803D194F82C007C
:108E9000FF280AD0092104F1150000F090FE30B13E
:108EA0001321204600F08BFE08B1012010BD0020E8
:108EB00010BD10B5044690F82200FF281BD194F88D
:108EC0002600FF2817D194F82700FF2813D194F823
:108ED0002800FF280FD194F82900FF280BD194F81F
:108EE0002B00FF2807D194F82C00FF2803D194F819
:108EF0002D00FF280AD0092104F1150000F05FFEC3
:108F000030B11521204600F05AFE08B1012010BDF5
:108F1000002010BD10B5044690F82200FF280FD1A4
:108F200094F82300FF280BD194F82400FF2807D1E0
:108F300094F82500FF2803D194F82600FF280AD0D2
:108F4000092104F1150000F03AFE30B11521204648
:108F500000F035FE08B1012010BD002010BD2DE944
:108F6000F0470746FE48002400EB8700DFF8F48353
:108F700006884588DFF8F0934FF4006A0AE006EBB4
:108F8000C42202EB090008EBC4215246F1F7C8FEE7
:108F9000641CE4B2B4EBD52FF1D35FB1012F0ED036
:108FA000022F11D1EF49F1484FF49C52BDE8F04730
:108FB0001FF0C4BE4FF43462EA49ED48F6E74FF4BF
:108FC0003862E849EB48F1E7BDE8F0872DE9F04762
:108FD0000025DFF89CA3DFF88883DFF88C93A2B02C
:108FE0002E462C46C4EB041000EB400707EB0A00AA
:108FF000FFF73AFFC8B1B8F8001007EB09000844C2
:109000002D226946F1F78CFE6F463846FFF72CFF9C
:1090100058B92D21384600F0DFFD30B9761CB6B2C4
:10902000022E02D945F0010503E0641CA4B2402CD5
:10903000D8D30026DFF83CA33446C4EBC40000EBD1
:1090400004170AEB4700FFF734FFC8B1B8F8041063
:1090500009EB470008442E220CA9F1F761FE0CAF82
:109060003846FFF726FF58B92E21384600F0B4FDE8
:1090700030B9761CB6B2022E02D945F0020503E0E3
:10908000641CA4B2402CD8D30026DFF8E0A23446FA
:10909000C4EBC40000EB441707EB0A00FFF73AFFEC
:1090A000C8B1B8F8081007EB09000844272218A92E
:1090B000F1F736FE18AF3846FFF72CFF58B92721D5
:1090C000384600F089FD30B9761CB6B2022E02D9BE
:1090D00045F0040503E0641CA4B2802CD8D32846D4
:1090E00022B071E770B59F4800252C461A211A3826
:1090F0001FF03DFE00209B4E994A1A3E034617285A
:1091000066D2DFE800F00C10151A1F242865652DC3
:1091100032623741453C4A4F535865655D00002532
:109120004FF4346454E029198DB24FF438644FE0A1
:1091300029198DB24FF49C544AE029198DB24FF48D
:10914000E07445E029198DB24FF4A87440E0291964
:109150008DB284243CE029198DB24FF4147437E0A9
:1091600029198DB24FF49C6432E029198DB24FF465
:1091700038742DE029198DB24FF4CC6428E02919F8
:109180008DB24FF4F07423E029198DB2C8241FE08A
:1091900029198DB24FF4C0741AE029198DB24FF419
:1091A000906415E029198DB2B82411E029198DB207
:1091B00040F2F2640CE029198DB244F2A01407E0E9
:1091C00029198DB240F20D2402E029198DB2B02484
:1091D000610504D0E10AC90201F500618CB202EB1D
:1091E00080010D804C803354401CC0B2182886D3B7
:1091F0006149002000EB800202EB40120A44401C4F
:10920000C0B2A2F823301028F4D370BD10B50420EA
:10921000F3F7B9FF5949086010BD2DE9F0410D463B
:10922000064600244FF4806706EB4400F1F7F7FC94
:1092300035F81410884202D00020BDE8F081A00665
:1092400001D1EFF79EFD641CA4B2BC42ECD3012017
:10925000F3E77CB50D460446EFF793FD4FF4006647
:10926000324647492046F1F75BFD324629464448DD
:109270001FF0B9FD002855D0EFF783FDF1F768FC2A
:10928000404E3046F1F792FCEFF77BFD2946304621
:1092900000F0D9FC29463046FFF7BFFF48B34AF239
:1092A0005A50ADF800000120ADF80200ADF80440BE
:1092B000200CADF80600EFF764FD334E3046F1F7B1
:1092C00075FCEFF75EFD042269463046F1F7B2FC0B
:1092D000EFF757FD2046F1F769FCEFF752FD2946FD
:1092E000204600F0B0FC29462046FFF796FF20B14B
:1092F0000CE0F1F733FC00207CBDEFF742FD204687
:10930000F1F754FC2946204600F09DFC00F002FDD8
:10931000F1F724FCEFF735FD29462046FFF77DFFE6
:109320000028E9D001207CBD10B50E4C1A3C607EAF
:10933000012857D100F05CFC0020607600F072FC40
:10934000134C4FF40A721149204600F071FCB82208
:109350001049114800F06CFCE2141049104821E05B
:10936000BA7803609A1A036000800608BA21026086
:109370003CC50460455100206A1F0260E0000060A7
:10938000BA68036000A0070800A80708144102603B
:10939000008807083C430260588B070870C90260C8
:1093A000288A070800F044FC1422FE49FE4800F019
:1093B0003FFCFD481422FD49143000F039FCFA4806
:1093C0006422FB49E03000F033FCF7480722F949FA
:1093D000083800F02DFC204600F0B2FCBDE810403B
:1093E00000F014BC10BD10B5F34C207E01281ED136
:1093F00000F0FEFB0020207600F014FC1422EF4960
:10940000EF4800F015FC4FF41072EE49EE4800F002
:109410000FFCEB4C7C22A03CEC49204600F008FC01
:10942000204600F08DFCBDE8104000F0EFBB10BD01
:109430002DE9F047DFF89893DFF89883E64F002492
:109440004FF4FA6604EB840000EB441101EB0900D1
:10945000B0F923001CF0D3F885B2B54200D900253D
:1094600000F0C6FB00F0DEFB55B104EB4400DB4925
:10947000C0EBC41001EB00113246404600F0D8FBAF
:1094800087F8D057280A87F8D10708EBC42000F0E6
:1094900057FC00F0BBFB641CE4B2102CD2D393E564
:1094A0002DE9F05F00F044FCDFF80CB300245D46CA
:1094B0001BF80400012871D100F09AFB0020285508
:1094C000C74844F61F6100EB840046880788701E79
:1094D000884204D8B84831461A301FF048FC172C8F
:1094E00018D2DFE804F00C1023272B2F3217173A7D
:1094F0003E4217494C455054575C171736004FF4FD
:109500003462B84902E0B8494FF43862AA481A30C8
:109510001FF014FC0F2C46D0DFF89C92002509F1B7
:109520001A09DFF8C8A2DFF8C8824FE04FF49C5256
:10953000B049EBE74FF4E072AF49E7E74FF4A872A8
:10954000AE49E3E78422AE49E0E74FF41472A04944
:10955000DCE740F20D22AB49D8E74FF49C62AA4900
:10956000D4E74FF43872A949D0E7B022A849CDE733
:109570004FF4F072A749C9E7C822A749C6E74FF4DC
:10958000C072A649C2E74FF49062A549BEE7B8226F
:10959000A449BBE74FF42F72A349B7E71BE044F29D
:1095A000A012A249B2E7FFF743FF12E007EBC52183
:1095B00001EB0A0009EBC521FFF74BFE20B9B8F813
:1095C0005210491CA8F852106D1CEDB2B5EBD62F05
:1095D000ECD300F01BFB641CA4B2182CFFF467AFA3
:1095E000FFF701FFBDE8F05F9EE670B500F000FBFD
:1095F00072B6F1F7ADFA774D002405EBC420F1F710
:10960000D5FA641CE4B2402CF7D3F1F7A7FA62B69E
:10961000BDE8704000F0FABA10B500F0E9FA00F0C9
:1096200001FB844C4FF4C0628149204600F000FBEE
:1096300069492046FFF7F1FD70B9EFF7A2FBF1F79A
:1096400087FA2046F1F7B2FAEFF79BFB6249204612
:1096500000F0F9FAF1F782FABDE8104000F0D6BA4E
:109660002DE9F047142255495548F1F759FB534865
:109670000178FF2906D14078FF2803D114214F48F3
:109680001FF075FB4FF410724E494F48F1F748FB3D
:109690004FF40A7268496948F1F742FB4248B82220
:1096A00067492830F1F73CFB3F4864224049E030ED
:1096B000F1F736FB604C4FF6FF77DFF8FC90B4F81B
:1096C000CD00012500264FF00208B8421BD104F856
:1096D000B85F5948A4F815605AA1B9301FF090FB43
:1096E0005548E575A58559A1D0301FF089FB84F850
:1096F0002E505148A4F8438055A1E730B83C1FF0E4
:109700007FFB89F81950B4F88501B8421CD184F860
:1097100070514B48A4F885614AA1B73804F5B87474
:109720001FF06EFB4648E575A5854AA1A0381FF0DD
:1097300067FB434884F82E50A4F8438047A189383A
:109740001FF05EFB89F8195017480722194908389D
:10975000F1F7E6FA17485C3890F85C10FF290FD152
:10976000C665A0F8606080F8626080F85C5080F8A0
:109770005E5090F823100B2978D0092180F85D10F5
:109780004FF4C87237493848F1F7CAFA0C487C22BE
:109790000E49A038F1F7C4FA0C480178FF2967D0C8
:1097A0006DE063E020000060308B0708340000604B
:1097B000860D026070390020801A036020EB026081
:1097C000A0800708448E026030850708889E0360E9
:1097D0006A1F026000000608BA700360068101601B
:1097E000BA7803603CC5046045510020008006083B
:1097F000EC2A0020BA2102603A35026074880260C7
:1098000084900260384F002054370260F4430260B5
:1098100070CA0260421B0260221D0260EA1D0260E3
:10982000C48902600891026098910360D446026086
:1098300070B90260009007081441026000880708B0
:109840003C4302604155544F000000004F4E000061
:109850004F464600434F4F4C0000000048454154DE
:1098600000000000502B0020009807080D2185E71C
:109870004078FF2803D17C21FE481FF078FA4FF48E
:109880008072FD49FD48F1F74BFAFB4AFC4C002081
:109890004FF09F4352F82010A14204D0994202D0C9
:1098A00011F0FF4F01D142F82060401C80B2F54F0B
:1098B000F54D4028EED34FF4C0623946F348F1F736
:1098C0002FFAD7E900011FF0F5FE1FD1D7E90201F9
:1098D0001FF0F0FE1AD13868A84217D0B968A94223
:1098E00014D02346984211D099420FD00021002075
:1098F00007EB811242F82030401C80B21028F9D3C7
:10990000491C89B21829F2D3FFF786FE00210020F6
:1099100007EB811252F82030A34201D142F82050C7
:10992000401C80B21028F5D3491C89B21829EED307
:109930001422D749D748F1F7F3F9BDE8F047D548E5
:109940001422D5491430F1F7EBB92DE9F047D3498A
:109950000020DFF84C93DFF84C83D34F0880044697
:109960004FF4FA6609EBC420F1F759F9B04200D977
:10997000002000B21BF043FE04EB840101EB441213
:1099800002EB0805A5F8230000B21BF038FE002802
:1099900012DDB5F923001BF032FE324690420BDC9B
:1099A00004EB4400C0EBC41007EB0011BF4800EB10
:1099B000C420F1F7B5F908E004EB4400C0EBC41093
:1099C00007EB001031461FF0D2F9641CE4B2102CF2
:1099D000C8D364E52DE9F04FFFB00020ADF80100D9
:1099E00000F0A6F9DFF8C882B24F002544F6206BDC
:1099F000B1488DF8005000EB8500002441880191AA
:109A00000688DFF8B8924FF4006A0CE006EBC42138
:109A100001EB080048450AD807EBC4215246F1F78C
:109A20007FF9641CE4B20198B4EBD02FEED3019817
:109A3000012281B2594500D95946002004E03B5C1F
:109A4000FF2B04D1401C80B28842F8D3D2B9172D25
:109A500018D2DFE805F00C11282D32373B171745D7
:109A60004A4F17595D5362676B70171740004FF4E8
:109A700034629049924803E04FF438628D4991482E
:109A80001FF05CF96D1CEDB2182DB1D300208D4B89
:109A90000122C0EBC00101EB001103EB410191F881
:109AA0002D4084B34EE04FF49C5282498648E7E74C
:109AB0004FF4E0727F498548E2E74FF4A8727D4990
:109AC0008348DDE784227B498248D9E74FF414724A
:109AD00078497448D4E740F20D2276497E48CFE7B2
:109AE0004FF49C6273497D48CAE74FF4387271495C
:109AF0007B48C5E7B0226F497A48C1E74FF4F0725E
:109B00006C497948BCE71BE0C8226A497748B7E747
:109B10004FF4C07267497648B2E74FF490626549E6
:109B20007448ADE7B82263497348A9E74FF42F7230
:109B300060497248A4E744F2A0125E4970489FE76A
:109B400081F82820401CC0B24028A2D35C4B0020E2
:109B5000C0EB001101EB4101194491F828400CB908
:109B600081F82320401CC0B24028F1D3564B00207E
:109B7000C0EBC00101EB4011194491F826400CB92B
:109B800081F82320401CC0B28028F1D3FFF7DDFE0E
:109B90007FB0BDE8F04F63E510B500F029F800F0A4
:109BA00041F8594C4FF4C8725649204600F040F82D
:109BB000204600F0C5F8BDE8104000F027B80022AC
:109BC00006E0835CFF2B01D000207047521CD2B20C
:109BD0008A42F6D301207047002205E0835C0BB176
:109BE00000207047521C92B28A42F7D3012070477E
:109BF00010B500F0B1F8002807D044484FF0FF310D
:109C00000068BDE81040F3F785BB10BD10B500F04B
:109C1000A3F8002805D03D480068BDE81040F3F7E0
:109C2000C4BA10BDFF224FF4006139481FF098B844
:109C3000C0F30A00C0F50063934200D21A46344BC9
:109C400018441FF07BB82DE9F0410D46064600246C
:109C50004FF4806735F8141006EB4400F0F7C3FFAB
:109C6000A00601D1EFF78DF8641CA4B2BC42F1D379
:109C7000BDE8F081889E036070C90260288A0708E9
:109C800000FF7F4770B9026000007F430090070823
:109C900020000060308B070834000060A4000060E2
:109CA000D00706086A1F02600681016000000608EE
:109CB000008006089A1A0360BA78036000F8070863
:109CC0003CC5046045510020BA2102603A3502606B
:109CD0007488026084900260384F0020543702601C
:109CE000F443026070CA0260421B0260221D0260DF
:109CF000EA1D0260C48902600891026098910360C5
:109D0000D4460260502B002000980708E000006055
:109D1000BA70036010B53E4C2046F0F780FF012872
:109D200005D12046BDE810400021F0F75CBF10BD12
:109D300010B5FFF75DFF00F01BF8BDE8104065E7C8
:109D400010B53449FFF785FA002804D1324830F8BD
:109D5000521F491C018010BD304810B5006828B161
:109D6000F2F7FCFD012801D0012010BD002010BD3C
:109D700070B5274D274EAD1E2846F0F750FF04461C
:109D8000A81CF0F74CFFA4F525415A393FD1012812
:109D90003DD1281DF0F743FF0446A81DF0F73FFF13
:109DA00044EA00441E482044B0F5FC3F10D860054A
:109DB0000ED11C4884420BD0AC4209D04FF4006253
:109DC0003146F0F7ADFF31462046FFF726FA10B1D5
:109DD000F0F7BEFE15E0EEF7D4FFF0F7B9FE20462F
:109DE000F0F7E4FEEEF7CDFF31462046FFF72BFFFC
:109DF00031462046FFF711FA18B10749488C401C3C
:109E00004884FFF787FFBDE87040F0F7A7BE70BD3C
:109E100002A80708BA700360EC2A0020E000006086
:109E20000000FAF700A0070870B5FF4B0024C3F844
:109E30008C41FE4A0125C2F898512246C3F8904150
:109E4000060602D5C3F8945101E0C3F89441C3F863
:109E500090514006521C000ED2B2082AEED30020C8
:109E6000C3F890410A0602D5C3F8945101E0C3F843
:109E70009441C3F890514906401C090EC0B208280D
:109E8000EED3C3F88C5170BD2DE9FF4F1646082163
:109E9000B1FBF6FA0121B14089B0054616984A1E79
:109EA000C3F345184FEAD32C03F01F09D7B2C30AF6
:109EB000C0F34512CCB200F01F000021CDF820D035
:109EC000ACEB030EA8EB020BA9EB0009641E19E032
:109ED0000EFB01FC9CFBF4FC9C444FEACC280BFBE2
:109EE00001FC9CFBF4FC944448EA4C1809FB01FC7F
:109EF0009CFBF4FC844448EA0C08DDF820C02CF8F4
:109F00001180491CA142E3DD4FF0000CE84615E04A
:109F100000240CE0287804FB06F1C840384038F8EB
:109F20001000C1B2000AFFF77FFF641CA4B25445C1
:109F3000F0D30CF1010C1FFA8CFC6D1C0A988445BF
:109F4000E6D30DB0BDE8F08FC0F30722C1B21046D2
:109F50006AE730B5B44A0023C2F88C31B349C1F87E
:109F6000983119460124C2F89031050602D5C2F88D
:109F7000944101E0C2F89431C2F890414006491C76
:109F8000000EC9B20829EED3C2F88C4130BD30B5FD
:109F9000A54A0023C2F88C31A4490124C1F8984194
:109FA0001946C2F89031050602D5C2F8944101E085
:109FB000C2F89431C2F890414006491C000EC9B263
:109FC0000829EED3C2F88C4130BD2DE9F041064698
:109FD0008846C2F30724D7B2C3F3072503F0FF0C6A
:109FE0002A20FFF7B6FF0020FFF7D1FF3046FFF72A
:109FF000CEFF0020FFF7CBFF4046FFF7C8FF2B2026
:10A00000FFF7A7FF2046FFF7C2FF3846FFF7BFFF65
:10A010002846FFF7BCFF6046FFF7B9FFBDE8F041F7
:10A020002C2096E72DE9F0410646002240F23F132E
:10A03000EF211046FFF7C9FF00254FF4A077002459
:10A040003046FFF781FF641CF02CF9D36D1CBD4234
:10A05000F5D3BDE8F08100B52820FFF77AFF102086
:10A060005DF804EB75E710B51120FFF772FF78205B
:10A07000F3F7E3FCBDE8104029206AE7F8B50121B9
:10A080004C20EEF7A0FF0126ADF8006010248DF8FB
:10A09000034003258DF8025069466548EEF78DFDB3
:10A0A0003C20ADF800008DF803408DF80250694661
:10A0B0006048EEF782FD4020ADF800008DF80340C7
:10A0C0008DF8025069465C48EEF777FD5B48C0F8B2
:10A0D00080615B4900200870F8BD70B5524C0125C5
:10A0E000C4F88C51052004F5C474F3F7A6FC0020D5
:10A0F00020600A20F3F7A1FC25607820F3F79DFC8F
:10A100001120FFF726FF7820F3F797FCCF20FFF709
:10A1100020FF0020FFF73BFFC320FFF738FF302070
:10A12000FFF735FFED20FFF714FF6420FFF72FFF47
:10A130000320FFF72CFF1220FFF729FF8120FFF7F4
:10A1400026FFE820FFF705FF8520FFF720FF1020FE
:10A15000FFF71DFF7920FFF71AFFCB20FFF7F9FE6D
:10A160003920FFF714FF2C20FFF711FF0020FFF725
:10A170000EFF3420FFF70BFF0220FFF708FFF72048
:10A18000FFF7E7FE2020FFF702FFEA20FFF7E1FEDE
:10A190000020FFF7FCFE0020FFF7F9FEC020FFF7CC
:10A1A000D8FE2220FFF7F3FEC120FFF7D2FE1120D8
:10A1B000FFF7EDFEC520FFF7CCFE3D20FFF7E7FEE1
:10A1C0002020FFF7E4FEC720FFF7C3FEAA20FFF719
:10A1D000DEFE3620FFF7BDFEC820FFF7D8FE3A208E
:10A1E000FFF7B7FE5520FFF7D2FEB120FFF7B1FE13
:10A1F0000020FFF7CCFE1320FFF7C9FEB620FFF7C3
:10A20000A8FE0A20FFF7C3FEA220FFF7C0FEF6203B
:10A21000FFF79FFE0120FFF7BAFE3020FFF7B7FEE1
:10A22000F220FFF796FE0DE000002342008021425D
:10A230000008014000180140000C014000002142CC
:10A24000970000600020FFF7A2FE2620FFF781FEA6
:10A250000120FFF79CFEE020FFF77BFE0F20FFF7B9
:10A2600096FE3F20FFF793FE2F20FFF790FE0C2075
:10A27000FFF78DFE1020FFF78AFE0A20FFF787FE0A
:10A280005320FFF784FED520FFF781FE4020FFF723
:10A290007EFE0A20FFF77BFE1320FFF778FE0320E7
:10A2A000FFF775FE0820FFF772FE0320FFF76FFE31
:10A2B0000020FFF76CFEE120FFF74BFE0020FFF7C8
:10A2C00066FE0020FFF763FE1020FFF760FE03200C
:10A2D000FFF75DFE0F20FFF75AFE0520FFF757FE40
:10A2E0002C20FFF754FEA220FFF751FE3F20FFF77E
:10A2F0004EFE0520FFF74BFE0E20FFF748FE0C2018
:10A30000FFF745FE3720FFF742FE3C20FFF73FFEF8
:10A310000F20FFF73CFE1120FFF71BFE7820F3F71C
:10A320008CFB2920FFF715FEBDE870403220F3F7C3
:10A3300084BB2DE9F843DDE9089848B3F84C1825AB
:10A3400024270226A3F120005F2800D3202303EB5B
:10A35000C30000EB400004EBC004A4F5D854481936
:10A36000401E00F0FF0CD319C8B261465B1EFFF718
:10A370002CFE7D437543E81705EB5070C1084B4632
:10A3800032462046CDF80080FFF77EFDBDE8F88319
:10A39000E44C3025602704262D2B0FD004F5C64051
:10A3A000202B0ED0A3F1300CBCF1090F09D803EB20
:10A3B000C30004EB0024A4F5D834D0E704F5B4447A
:10A3C000CDE70446CBE72DE9FC471D46DDE90A98B9
:10A3D00016460C46074609E0CDE900983246A1B280
:10A3E0003846FFF7A6FF37B117346D1C2B78002BCA
:10A3F000F2D1BDE8FC871F34F7E71CB583240128A0
:10A400000094C9A3019405D0C22200210120FFF7C6
:10A41000DAFF1CBD6C2200210120FFF7D4FF00945D
:10A42000C1A397220194F0E72DE9FC4107460E46AF
:10A430000120FFF7E2FF83244FF6FF75CDE90054BA
:10A440003B466C2200210120FFF7BDFFCDE90054FF
:10A450003346972200210120FFF7B5FFBDE8FC81BC
:10A4600000B5B6488DB0B6A1827C68461FF098FF53
:10A47000B5A106A81FF094FF694606A8FFF7D4FF10
:10A480000DB000BD10B5FFF7F9FDFFF726FEBDE8E2
:10A4900010408320C6E52DE9F843DDE9089830B384
:10A4A000AB48102518270226A3F120045B2C00D30B
:10A4B000202303EB430300EB4314A4F54064481945
:10A4C000401E00F0FF0CD319C8B261465B1EFFF7B7
:10A4D0007CFD7D437543E81705EB5070C1084B4682
:10A4E00032462046CDF80080FFF7CEFC4EE78D4C7B
:10A4F0003025602704262D2B0FD004F5C640202BD5
:10A500000ED0A3F1300CBCF1090F09D803EBC30046
:10A5100004EB0024A4F5D834D1E704F5B444CEE725
:10A520000446CCE72DE9FC471D46DDE90A981646AE
:10A530000C46074609E0CDE900983246A1B23846FC
:10A54000FFF7A9FF2FB110346D1C2B78002BF2D12F
:10A550004FE71834F8E7F8B51D46A2F12003069C32
:10A560005F2B00D320227B4BC2EB021203EB82064F
:10A5700000F10902D7B201F117030A46C0B2394609
:10A58000A6F5F066FFF721FD2B4602223C2130465E
:10A590000094FFF779FCF8BD2DE9F8431F461446F7
:10A5A00088460546089E08E03B46414628460096F8
:10A5B000FFF7D1FF0A35ADB2641C2278002AF3D12F
:10A5C000E4E6F8B51D46A2F12003069C5F2B00D3FC
:10A5D0002022614B02EBC20203EBC20600F10B0228
:10A5E000D7B201F117030A46C0B23946A6F5106684
:10A5F000FFF7EBFC48212B46022230460094FFF780
:10A6000043FCF8BD2DE9F8431F461446884605462D
:10A61000089E08E03B46414628460096FFF7D1FFDA
:10A620000C35ADB2641C2278002AF3D1AEE670B5C9
:10A63000164601FB00F2049C95B218446218401EB5
:10A64000C1B2D8B2531E2246FFF7BFFC002407E078
:10A6500036F81400C1B2000AFFF7E6FB641CA4B28E
:10A66000AC42F5D370BD2DE9F0411646DDE906C4D4
:10A6700000FB01F21D466318604402EBD272401EDB
:10A68000C2F34F07C1B20CF0FF0022465B1EFFF77A
:10A690009CFC002412E0305D00F00F0035F8100043
:10A6A000C1B2000AFFF7C0FB305D000935F81000A9
:10A6B000C1B2000AFFF7B8FB641CA4B2BC42EAD3E3
:10A6C000C7E42DE9F04101FB00F4069AA5B2184455
:10A6D0005418401EC1B2D8B2631E089EFFF775FC25
:10A6E0000024370A05E0F1B23846FFF79DFB641CF1
:10A6F000A4B2AC42F7D3ACE42DE9F04781460F4851
:10A700000C46012590F823100B2901D0002601E00A
:10A7100090F8686011481249844223DD04462AE01B
:10A72000943304080CC60308202020202020202079
:10A7300020202020202020200000000014390020AC
:10A7400049503A257500000054535441542D50008F
:10A75000BC830408DCA5040820BC0408003C1C469B
:10A7600000008080FD48844201D9044601E08C420B
:10A7700001D3012000E000208846C0F104074445D1
:10A7800002D384F0004000E020461EF0FEFE0A21C5
:10A7900002E090FBF1F06D1C0A28FADA7D1B6D1EB9
:10A7A000022E03D0022D38DD022536E0002534E0EC
:10A7B000022D204617D01EF04DFF0B460246E8A1A1
:10A7C00048461FF0EDFD48461EF0EEFA042823D857
:10A7D000012E1FD14C462E214846EDF704FD0028DE
:10A7E00018D0411C08E01EF035FF0B460246DEA1E2
:10A7F000E6E7302A0ED1491C0A78002AF9D1002157
:10A800000170DBA120461EF0D6FA002802D1D9A0A3
:10A8100000882080BDE8F0876D1E002DC8DC4FF059
:10A820007C514445204602D31EF079FC01E01EF025
:10A8300024FC1EF0AAFE02464846BDE8F047CEA121
:10A840001FF0AEBDF0B587B00E46054600242022AD
:10A85000042102A81EF084FA00208DF80C00681E66
:10A86000022858D8C6EBC60000EB4611C3480F18A3
:10A8700097F82660A6F16500022839D8C6EBC60015
:10A8800000EB0610BE4ED7F81E204FF47A7106EB8F
:10A89000C000C4EBC40C92FBF1F30CEB041C844429
:10A8A000ACF5A04CBCF87DC763451DD1C4EBC40119
:10A8B00001EB04142044A0F5904097381EF074FA80
:10A8C000C2B2042A00D3042297F82600C0EBC001CC
:10A8D00001EB001006EBC0000119A1F5904102A8A0
:10A8E00097391EF02BFA16E0641C082CD1DB12E01D
:10A8F000D7F81E4020461EF01CFEA2491EF047FC61
:10A900000146A148844200DBA04997F8230090B19A
:10A9100002A8FFF7F1FE02A801F067F841F2061065
:10A920004FF6FF71012D71D0022D70D0032D6FD124
:10A9300002ABC42292E097F8240000B101201EF07F
:10A9400001FE172EE7D2DFE806F00C0D141B2229BA
:10A9500030353A41485155595D64686C7074787C63
:10A960008000D8E710F0FF4F01D189A03BE08AA01A
:10A9700039E010F0FF4F01D189A034E08AA032E025
:10A9800010F0FF4F01D18AA02DE08BA02BE010F03A
:10A99000FF4F01D18AA026E08BA024E010F0FF4FEA
:10A9A00001D18BA01FE08CA01DE010F0FF4FF8D06C
:10A9B0008BA018E010F0FF4FF3D08BA013E010F045
:10A9C000FF4F01D18AA00EE08BA00CE010F0FF4FEA
:10A9D00001D18BA007E08CA005E010F0FF4F01D162
:10A9E0008BA000E08CA00068029094E710F0FF4F6D
:10A9F000E3D0DDE710F0FF4FB9D0B6E710F0FF4F1E
:10AA0000BCD0B9E710F0FF4FBFD0BCE721E023E096
:10AA10002AE010F0FF4FBFD0BCE710F0FF4FC2D0CC
:10AA2000BFE710F0FF4FC3D0BBE710F0FF4FC4D01B
:10AA3000B7E710F0FF4FC7D0C4E710F0FF4FCAD000
:10AA4000C7E710F0FF4FCDD0CAE710F0FF4FB4D1E9
:10AA5000AEE702AB6E2201E002AB9922CDE9001015
:10AA60008A210120FFF7AFFC07B0F0BD411EC9B23B
:10AA7000E8E62DE9FF47432264262E2500240A2319
:10AA80004FF030094FF0200C4FF47A78002863DB48
:10AA9000404520DB90FBF8F130318DF8081090FB39
:10AAA000F8F108FB110191FBF6F130318DF8091036
:10AAB00090FBF6F106FB110191FBF3F130318DF8BB
:10AAC0000A1090FBF3F103FB110030308DF80B50AE
:10AAD0008DF80C002BE0642817DB90FBF6F1303189
:10AAE0008DF8081090FBF6F106FB110191FBF3F1D4
:10AAF00030318DF8091090FBF3F103FB11008DF854
:10AB00000A5030308DF80B000FE00A2812DB90FB62
:10AB1000F3F130318DF8081090FBF3F103FB1100D5
:10AB20008DF8095030308DF80A008DF80C208DF822
:10AB30000D40C8E090FBF3F103FB11008DF8089085
:10AB40008DF8095030308DF80A008DF80C408DF8E2
:10AB50000B208DF80DC0B6E062E0000000C079C4A3
:10AB6000252E316600000000252E32660000000010
:10AB70002D3000003000000025640000BA21026082
:10AB80001441026000007A4480969800003C1C4604
:10AB90004F464620000000004F4E202000000000DD
:10ABA000434C5344000000004F50454E000000004D
:10ABB00053544F5000000000535452540000000002
:10ABC0004453424C00000000454E424C000000003F
:10ABD0004E4F524D00000000414C524D000000000D
:10ABE00048494748000000004C4F57200000000033
:10ABF0004E4F202000000000594553200000000067
:10AC0000434F4F4C000000004845415400000000F5
:10AC1000554E4F43000000004F434320000000000A
:10AC20002D27414210F57A7F19DC91FBF8F08DF861
:10AC3000087030308DF8090091FBF8F008FB101017
:10AC400090FBF6F030308DF80A0091FBF6F006FB31
:10AC5000101090FBF3F030308DF80B0014E010F181
:10AC6000640F14DC91FBF6F08DF8087030308DF82D
:10AC7000090091FBF6F006FB101090FBF3F030306A
:10AC80008DF80A008DF80B208DF80C401BE010F1B8
:10AC90000A0F8DF8087005DC91FBF3F030308DF869
:10ACA000090001E08DF8099091FBF3F003FB10100F
:10ACB0008DF80C208DF80A5030308DF80D408DF84D
:10ACC0000B008DF80EC041F206114FF6FF70CDE972
:10ACD000000102AB6C226A210120FFF774FBBDE882
:10ACE000FF87C0EBC00101EB0010FF491CB5084411
:10ACF000FE4950F8B92FC1F80B200079C87301F153
:10AD00000B001EF051F8C0B2411E04290FD2F749C2
:10AD100020220B31012806D0022805D0032804D0B8
:10AD2000042803D003E04A708A70CA700A7141F2A5
:10AD300006114FF6FF70ED4BCDE900010B33972262
:10AD40006A210120FFF73FFB1CBD1FB5022803D07D
:10AD5000012803D020B107E0E5A102E0E6A100E070
:10AD6000E7A102A81EF04CF841F206114FF6FF7061
:10AD7000CDE9000102ABC2226A210120FFF723FBCB
:10AD80001FBD802812D2C0EBC00202EB4012DE4889
:10AD9000104490F823205AB1D0F81E004FF47A7274
:10ADA00090FBF2F0002801DB884207DB00207047AF
:10ADB00090F824000028F5D00120F3E7C0B27047D6
:10ADC0001CB503211820FFF7DCFF4FF4897406211E
:10ADD000CDE90014CD4951F820300C3951F820202C
:10ADE0002D214820FFF73FFC05211920FFF7C9FF5F
:10ADF0005421CDE90014C549203151F820301439CF
:10AE000051F820202D214820FFF72DFC02211A2087
:10AE1000FFF7B7FFA221CDE90014BD4951F820305A
:10AE2000083951F820202D214820FFF71CFC1CBDBB
:10AE30002DE9FE43064683270520CDE900070D4690
:10AE4000E3230022602109200297FFF73AFC022D3C
:10AE50001ED3082D00D9082500244FF6FF7842F6AE
:10AE6000C91913E0B44201D1404600E0484604EB62
:10AE700044018900491DCDE9001702900921E3230F
:10AE800000220846FFF71DFC641CE4B2AC42E9D383
:10AE9000BDE8FE837FB5832450B13820CDE900049E
:10AEA00000231A4632211E200294FFF70AFC7FBDC0
:10AEB00095484FF47A710A22D0F83B0490FBF1F0E8
:10AEC000642802D34FF0FF3005E00A2803DB90FB33
:10AED000F2F1303100E020218DF80C10002806DB63
:10AEE00090FBF2F102FB110000F1300001E04FF0A5
:10AEF00020008DF80D0002DB4FF0250001E04FF03F
:10AF000020008DF80E004FF000008DF80F004FF676
:10AF1000FF752B467FA24FF038014FF005000094DB
:10AF2000FFF73AFB2B4603AA522100200094FFF7BB
:10AF300033FB7FBD70B5784B0C2086B09A78597979
:10AF4000B2FBF0F400FB14200C2A01D3012400E032
:10AF500000244A1E0C2A00D3012100B90C206B4AA0
:10AF60002025343202EB810111F8042D8DF80420E4
:10AF70004A788DF8052089788DF806108DF80750ED
:10AF8000DA780A21B2FBF1F630368DF80860B2FBB0
:10AF9000F1F601FB162230328DF809207C228DF863
:10AFA0000A508DF80B208DF80C500A2801D331225D
:10AFB00000E020228DF80D20B0FBF1F201FB120021
:10AFC00030308DF80E003A208DF80F005878B0FB25
:10AFD000F1F230328DF81020B0FBF1F201FB1200DB
:10AFE00030308DF811008DF812500CB1502000E077
:10AFF00041208DF813004D208DF8140000208DF8AD
:10B00000150041F2061000904FF6FF7301AAF321DC
:10B010001220FFF7F7FA06B070BD3EB583254FF654
:10B02000FF7467208DE8310000231A462D21EF20A0
:10B03000FFF747FB92208DE8310000231A462D21AF
:10B04000EF20FFF73EFBBD208DE8310000231A46BC
:10B050002D21EF20FFF735FB3EBD2DE9FF4764258D
:10B060000A2320244FF000084FF47A77202A29D0B1
:10B070002E264FF0300900297DDBB9427CDB91FBA5
:10B08000F7F030308DF8080091FBF7F007FB101057
:10B0900090FBF5F030308DF8090091FBF5F005FBE1
:10B0A000101090FBF3F030308DF80A0091FBF3F0B4
:10B0B00003FB101030308DF80C008DF80B608DF80C
:10B0C0000D20A0E0B9423ADB91FBF7F030308DF86B
:10B0D000080091FBF7F007FB101090FBF5F0303003
:10B0E0008DF809001AE00000144102601A7903602B
:10B0F0004865617420000000436F6F6C2000000001
:10B100004175746F20000000BA210260E4D8040881
:10B11000C8C5030852480000D015006091FBF5F047
:10B1200005FB101090FBF3F030308DF80A0091FB16
:10B13000F3F003FB101030308DF80B0032E064297F
:10B1400009DB91FBF7F007FB101090FBF5F03030B6
:10B150008DF8080003E00A2915DB8DF8084091FB03
:10B16000F5F005FB101090FBF3F030308DF809007E
:10B1700091FBF3F001E057E017E003FB10103030D3
:10B180008DF80A000CE000290CDB91FBF3F003FBC7
:10B1900010108DF8084030308DF809008DF80A4005
:10B1A0008DF80B408DF80C402BE0642917DB91FBE8
:10B1B000F5F030308DF8080091FBF5F005FB10102C
:10B1C00090FBF3F030308DF8090091FBF3F003FBB6
:10B1D00010108DF80A6030308DF80B000FE00A294E
:10B1E00014DB91FBF3F030308DF8080091FBF3F0A5
:10B1F00003FB10108DF8096030308DF80A008DF8CF
:10B200000C208DF80D408DF80E806AE091FBF3F074
:10B2100003FB10108DF808908DF8096030308DF820
:10B220000A008DF80B20BDE748424FF02D0C11F5B8
:10B230007A7F24DC90FBF7F18DF808C030318DF86F
:10B24000091090FBF7F107FB110191FBF5F130318B
:10B250008DF80A1090FBF5F105FB110191FBF3F15C
:10B2600030318DF80B1090FBF3F103FB11008DF8DA
:10B270000C6030308DF80D008DF80E202FE011F1AC
:10B28000640F8DF808C019DC90FBF5F130318DF8B2
:10B29000091090FBF5F105FB110191FBF3F1303141
:10B2A0008DF80A1090FBF3F103FB110030308DF89C
:10B2B0000C008DF80B608DF80D200EE090FBF3F183
:10B2C00003FB11008DF809908DF80A6030308DF87D
:10B2D0000C208DF80B008DF80D408DF80E408DF888
:10B2E0000F800220FFF789F883214FF6FF70CDE928
:10B2F000000102ABC22200210120FFF764F8EEE456
:10B300002DE9FE43064601F128004FF6FF7780B293
:10B31000CDE90007A2F108091C4690460D460293AC
:10B320001FFA89F0731D00220221FFF7CAF9009568
:10B33000CDE901741FFA89F0731D00220221FFF785
:10B34000C0F9AD1DADB20095CDE9017433460022C0
:10B3500020210220FFF7B5F906EB08000095801EBA
:10B36000CDE9017483B2002220210220FFF7A9F960
:10B370008EE52DE9FF5F0C464FF083094FF6FF760F
:10B3800005468DE85002174608212B46F94A084623
:10B39000FFF74DF9A11C41F2061A89B2A7F10A0084
:10B3A000CDE902A0CDE9001680B2AB1D002201213B
:10B3B000FFF787F904F108001FFA80FBCDF800B011
:10B3C000CDE9016AAB1C00221C210220FFF779F9AC
:10B3D00004F122001FFA80F8E64ACDE90086082130
:10B3E0002B4680320846CDF80890FFF720F904F18B
:10B3F000270189B28DE842040398AB1D80B2002278
:10B400000121FFF75EF9CDE90086E819804608388A
:10B41000CDE9029083B20821D74A0846FFF707F921
:10B420008DE850020398D44A83B20821803208463E
:10B43000FFF7FDF8CDF800B0A8F10300CDE9016AEF
:10B4400083B200221C210120FFF73BF904F12801FF
:10B450004BF69C6989B28DE84202083FB8B26B1D79
:10B4600000220221FFF72DF98DE85002B8B26B1DC2
:10B4700000220221FFF725F9A41DA4B28DE8500295
:10B480002B46002220210220FFF71BF9A8F1020021
:10B490008DE8500283B2002220210220FFF711F92B
:10B4A000BDE8FF9F70471CB51421B4481DF05FFC38
:10B4B000B249012008394870B14890F828000128A5
:10B4C00001D0092810D1AF48007801280CD1AE492D
:10B4D0000888421C0A80142806D2AC4800686428F8
:10B4E00002D91422AAA163E0AE498878012855D870
:10B4F000A2483221AC4A01703021417093790A216F
:10B50000B3FBF1F430348470B3FBF1F401FB14337A
:10B510003033C3702D2303715379B3FBF1F430340E
:10B520004471B3FBF1F401FB1433303383712D23E9
:10B53000C371D378B3FBF1F430340472B3FBF1F48C
:10B5400001FB143330334372202383729378B3FBAF
:10B55000F1F43034C472B3FBF1F401FB1433303333
:10B5600003733A2343735378B3FBF1F43034847399
:10B57000B3FBF1F401FB14333033C3733A23037488
:10B580001278B2FBF1F330334374B2FBF1F301FBF9
:10B590001321303181742021C1741CBD02280DD0CB
:10B5A00003281AD004281BD00528F6D114227FA125
:10B5B00002B07248BDE810401DF0C0BB91F86D208C
:10B5C00091F86C00CDE9000291F86B3091F86A2097
:10B5D0007AA16A481EF0E4FE1CBD14227BA1E7E7B5
:10B5E00014227EA1E4E72DE9FC41FFF75CFF634FE5
:10B5F0000123083F07F109007B707968441E7B4DE9
:10B6000088424FF000001CD803EB830204EB820653
:10B61000721A05E011F800C005F800C0401CC0B265
:10B620008242F7DC00208E1B143607E014F800C0BD
:10B6300002EB000E401C05F80EC0C0B28642F5DCDD
:10B6400005E00A5C2A54401CC0B20A28F9D303EB77
:10B65000830004EB8000401E884201D17C6001E041
:10B66000491C79600020A87241F206114FF6FF7064
:10B67000CDE900015D4BED221E210120FEF7A3FE66
:10B68000BDE8FC81F0B587B004464FF47847ED2063
:10B69000CDE9000741F2061600231A461E21029644
:10B6A000EF20FFF70EF8354D0020083DDFF840C1D0
:10B6B000297803AA0CF11E0E14B1012C04D007E066
:10B6C00043181CF8033002E043181EF803301354EB
:10B6D000401CC0B20A28EFD300248DF81640CDE9F3
:10B6E00000761346ED221E210120FEF76CFE28781D
:10B6F000192803D2401C287007B0F0BD2C70FBE75E
:10B700003EB5AE2800DAAE20DD2A00DDDD220A29B2
:10B7100000DA0A212E2B00DD2E2382420FDD8B4220
:10B720000DDD8DB28324CDE90054029484B2591A00
:10B73000101A89B280B223460022FEF7C2FF3EBD36
:10B740002DE9FC5F8A460A21DDE90C45019181461D
:10B750002E21AE209B4616464FF0DD080091002DAD
:10B7600048D0C5EBC50101EB0511214401F10101F0
:10B770000FB240E0D8D60408D8D70408E020002053
:10B7800014390020A8000060AA0100601489036039
:10B7900042617564206572726F7220202020202023
:10B7A00000000000889E0360D0150060776966691C
:10B7B00020636F6E666967757265200025642E25AB
:10B7C000642E25642E2564200000000077696669D8
:10B7D00020636F6E6E6563746564200077696669C7
:10B7E00020646973636F6E6E637420001A7903605E
:10B7F000D0C50308274601D1444647460EB14A4604
:10B8000000E02246DDE90031FFF77AFFB6B109EB2F
:10B81000060006B25346324648460199FFF770FFCC
:10B820000AEB0B0001B232464846009BFFF768FF67
:10B83000DDE9003130462246FFF762FF5DB10A23A1
:10B840003A4620460199FFF75BFF3A462E212046F3
:10B85000009BFFF755FFDDE9003102B04246384654
:10B86000BDE8F05F4CE72DE9FE43832514464FF613
:10B87000FF76002861D1ECB3012C3ED0062C3CD0E1
:10B8800000230020002902DA0120494209B20A22DD
:10B890001BB1491D91FBF2F109B2B1F57A7F01DBD1
:10B8A00040F2E73110B1632900DD632120238DF8D8
:10B8B00009308DF8083091FBF2F302FB131330339B
:10B8C0008DF80A300A2908DB91FBF2F393FBF2F7BB
:10B8D00002FB173230328DF80920642905DB64221F
:10B8E00091FBF2F230328DF8082058B12D220A294E
:10B8F00005DA00E001E0012002E00123C1E70020B9
:10B9000002A90A54CDE900659DF8083005221E21E0
:10B910000020FEF70EFDCDE900659DF809300522F7
:10B920004E210020FEF705FDCDE900659DF80A30A7
:10B9300005227E210020FEF7FCFC01274FF0BD0808
:10B94000072C4CD2DFE804F004042C1F2C2C2C0014
:10B950000E20CDE90006AF233E4A01460295FEF7D0
:10B9600066FECDE9006564B13BA30A22BD2101203A
:10B97000FEF729FD0E231A461946AF20CDE90087B0
:10B9800024E036A3F1E7CDE9006535A30A22BD2105
:10B990000120FEF718FD00231A4619461846EDE768
:10B9A000CDE90065062C14D0022C14D0052C14D03F
:10B9B0002CA30A22AE210120FEF705FD0221AE20B4
:10B9C00000231A46CDE9000100210846FFF7B8FE22
:10B9D000CEE425A3EDE725A3EBE725A3E9E70020C7
:10B9E0000090034602460190EEE710B5002103E007
:10B9F000491CC9B2042902D2425C002AF8D10A4685
:10BA0000202302E08354521CD2B2042AFAD300222B
:10BA1000027101E0491EC9B221B1421812F8012C8D
:10BA2000202AF7D0C1F10402D2B2002911D0002A95
:10BA30000FD00421914204D98B1A034413F8013C1E
:10BA400000E020234418491E04F8013C11F0FF01D6
:10BA5000F0D110BD0C320408460000004300000085
:10BA600025000000506100002552000070700000A9
:10BA70006B50000008B501210420EDF7A4FA4FF443
:10BA80007040ADF8000048208DF8030003208DF8C9
:10BA9000020069464A48EDF790F808BD4948002180
:10BAA000494A8180C1800121C2F880114FF496611A
:10BAB000018170472DE9F041414F00243846EDF7F0
:10BAC000D9F84FF4704626EA00051420F1F7B5FFC7
:10BAD0003846EDF7CFF886433540680401D54FF47A
:10BAE0008044A80401D544F40054280401D544F44A
:10BAF0000044E80401D544F48054200BBDE8F081F3
:10BB000008B5002202210520F1F73AFA2D4C6061B8
:10BB1000FFF7B0FF6420F1F790FFFFF7CBFFADF820
:10BB200000006188884212D029B900231A4669466C
:10BB30006069F1F7ABFABDF800006080234900208E
:10BB40002070087020490120C1F8800120E0F8B180
:10BB500021781E2902D340F4807001E0142912D309
:10BB6000ADF800001A4890F823000B2805D1BDF865
:10BB7000000040F48060ADF8000000231A466946DA
:10BB80006069F1F783FA2078C82801D2401C207040
:10BB90006420F0F774FCC0E71CB50A4900230C319F
:10BBA000CDE9000164220BA1AFF2AB00F0F7F1FA8E
:10BBB000002201210320F1F7E3F9024908611CBDCD
:10BBC00000080140E400006000002142970000608E
:10BBD000143900206B65795F7461736B000000009D
:10BBE000F0B4FE481825002390F82300FC490128F2
:10BBF0001DD005281BD00A2602281CD006281AD0E2
:10BC00000B220824032819D00A2819D0E0B10428EF
:10BC10001DD007281BD00C281DD0092409281CD0B2
:10BC20000B281CD00E281ED0082820D021E0202070
:10BC300048708D701DE01020487006E04A7010E0DA
:10BC400006204870032004E04D708E7011E04C70A7
:10BC50000E2088700DE04A7007E00D2000E01120F2
:10BC600048708C7005E0152048708A7001E04B70B8
:10BC70008B70CB70F0BC4FF49661DA481DF077B84A
:10BC800010B50C4601460120F3F70BFC40B2411CF5
:10BC900002D02070012010BD002010BD10B50C4650
:10BCA00001460420F3F7FDFB40B2411C02D0207096
:10BCB000012010BD002010BD10B50C460146022029
:10BCC000F3F7D8FC40B2411C02D02070012010BD17
:10BCD000002010BD10B50C4601460520F3F7CAFC44
:10BCE00040B2411C02D02070012010BD002010BDC8
:10BCF00010B50C4601460020F3F7BCFC40B2411CD5
:10BD000002D02070012010BD002010BD10B50C46DF
:10BD100001460320F3F7AEFC40B2411C02D0207074
:10BD2000012010BD002010BD10B50C4601460120B9
:10BD3000F3F7A0FC40B2411C02D02070012010BDDE
:10BD4000002010BD10B50C4601460420F3F792FC0C
:10BD500040B2411C02D02070012010BD002010BD57
:10BD6000030EC0F30742C0F30721090403EB0222CC
:10BD700001EB0060104470472DE9FF5F9A4693463F
:10BD80004FF4B47198481CF0F2FF944F964C97F81A
:10BD90002300401E032801D8232000E04A20207001
:10BDA0003879A0709148D0F8B10019F027FCC4F898
:10BDB0000B0000216170C4F803100120E071607273
:10BDC00097F82300012812D0052810D0022812D09D
:10BDD000062810D00B220823032810D0042811D0E5
:10BDE00007280FD00C2811D0082812D015E02020E9
:10BDF0002072182008E0102020720A2004E022722D
:10BE0000A3720AE023720E20A07206E02272A272D0
:10BE100003E0E17161722172A172734C4FF000086E
:10BE20001E34474648E0724AC7EBC70101EB0209DE
:10BE300099F806002B2805D02C2803D05F2801D0C4
:10BE40002E2837D108F1010303F0FF08B8F10C0FD9
:10BE500036D22070505CA070D9F80100C4F80B00F5
:10BE600099F8050000F00E0060700E98012810D1BE
:10BE7000505C604900F0070201EBD0010120097815
:10BE80009040014205D0FCF77BF9FFF769FFC4F849
:10BE90000300DDE90001084340EA0B0050EA0A0014
:10BEA00010D00098E0710198207284F809B084F8ED
:10BEB0000AA01E347F1CFFB2494800788742B2D3E3
:10BEC000BDE8FF9F99F806002B2806D02E2806D043
:10BED0002C2807D05F2808D009E0162600E00C26A1
:10BEE000002504E008260E2501E0142602253E4820
:10BEF000C8EB081100EB4101721E11F8160D401C31
:10BF0000E071104420728878401C6072691E0844F9
:10BF1000A072CEE7704770472DE9FC5F0027364CD2
:10BF20003E46DFF8D8804FF47A79C0E03049C6EB5E
:10BF3000C60568188079092803D0072801D05D2834
:10BF40004BD17F1CFFB2FE2F7DD2485D2070485D33
:10BF5000284A00F0070302EBD00201201278984033
:10BF6000024201D0012000E00020E07359208DF84A
:10BF7000000023484FF0230B8DF801B000788DF8B6
:10BF80000200485D8DF8030000208DF80400034690
:10BF900001221A496846F9F730FA012805D1D8F884
:10BFA000001091FBF9F0A4F81F005E208DF800004E
:10BFB0008DF801B0DFF848B04FF0000A53469BF807
:10BFC00000008DF802000A4801220C49405D8DF8FE
:10BFD00003008DF804A0684614E066E014390020E0
:10BFE00044210020FD790360820B0260761102601B
:10BFF000989103605C950360C0910260D00000607E
:10C000008F000060F9F7F9F9012805D1D8F8001080
:10C0100091FBF9F0A4F821000C208DF800006320BA
:10C020008DF801005448DFF854B1002300788DF8F2
:10C0300002001BF805008DF803008DF804A0012212
:10C040004F49684600E037E0F9F7D7F9012805D1F4
:10C05000D8F8001091FBF9F0A4F8230005208DF822
:10C06000000063208DF8010043480023012200787E
:10C070008DF802001BF805008DF803008DF804A070
:10C080003F496846F9F7B9F9012805D1D8F80010F9
:10C0900091FBF9F0A4F825003A480F2200EB0611B5
:10C0A00004F110001CF04AFE2734761CF6B2364824
:10C0B00000788642FFF43AAFBDE8FC9F7FB5324975
:10C0C0000978884257D2C0EBC00101EB40102F49DC
:10C0D0002326441828484FF47A71022500788DF8F9
:10C0E000060014F8010B8DF8070000208DF80800F9
:10C0F000E08B01234843039059208DF804008DF80C
:10C100000560002203A901A80095F8F731FF208CF3
:10C110004FF47A71484303905E208DF804008DF847
:10C1200005600123002203A901A80095F8F720FF6C
:10C13000608C4FF47A71484303900C208DF8040012
:10C1400063268DF805600123002203A901A800954C
:10C15000F8F70EFFA08C4FF47A7148430390052046
:10C160008DF804008DF805600123002203A901A8C1
:10C170000095F8F7FDFE7FBD8F0000609891036089
:10C18000D00000602C89036044210020C09102602F
:10C19000F8B50023FF4F1A4619461846FE4C26787C
:10C1A0001FE0C0EBC004E5196D7905F00F05012D06
:10C1B00004D0022D08D0032D0CD010E0F74D3C5DCB
:10C1C000EC545B1CDBB20AE0F54D3C5DAC54521CF8
:10C1D000D2B204E0F34D3C5D6C54491CC9B2401C22
:10C1E000C0B2B042DDD3F048F14C03702270F14C84
:10C1F000EE481A44217011440170002003460246A3
:10C2000001460090FFF7B8FDBDE8F840FFF784BE97
:10C210002DE9F05F0023DFF880A3DFF89CB3DD4E4B
:10C220001C461A468AF8003019464FF001080BF1F7
:10C23000200EC1EBC107BD19687900F00F0001287D
:10C2400003D0022801D003281ED1F05DE0B1FF2801
:10C250001AD009B315F8075CA84215D00BEBD0072C
:10C2600000F0070997F800C008FA09F54CEA050C38
:10C270000EEBD00087F800C00778AF4307709AF83C
:10C280000000401C8AF80000491CC9B26429D0D3C0
:10C2900000209AF8007021E03078DFE7C0EBC001A1
:10C2A0008D196D7905F00F05012D04D0022D08D0F0
:10C2B000032D0CD010E0B94D715CE9545B1CDBB26E
:10C2C0000AE0B74D715C2955641CE4B204E0B54D39
:10C2D000715CA954521CD2B2401CC0B2B842DDD32A
:10C2E000B148B34903700C70B249B0480A701919CB
:10C2F00011440170B14890F84F1071B907212BB16A
:10C3000090F82830022B01D180F828102AB190F83B
:10C310002A20022A01D180F82A10BDE8F05FFFF739
:10C32000FBBD70B50D460446072102F0E8FA2178FE
:10C33000FF2922D1617819291FD1E179B1EB102FA2
:10C340001BD1217AC0B2884217D19348A1783A30E4
:10C350000170E178A279237941EA026162791204DD
:10C3600042EA03221143C0F8011095480088854233
:10C3700001D1012070BD032070BD022070BD2DE9E8
:10C38000FC41144688460746022A02D90020BDE82F
:10C39000FC8124B1022C04D0012C04D005E0894892
:10C3A00002E0894800E089480568894E32213089D9
:10C3B000401C30812846F0F7ADFF98B3204602F0CC
:10C3C000D5FAFF208DF8000019208DF801008DF8B6
:10C3D00002708DF803800421684602F090FA010A89
:10C3E0008DF804108DF8050022460621684602F0FB
:10C3F0009DFA22460921002006F0C3FB7089401CEB
:10C400007081012C11D03220214606F0CAFB10F0B9
:10C41000FF010CD0B089401CB0816E48FFF781FF4E
:10C42000064605E0FFE7FF20B1E75020ECE70026D5
:10C4300022460021012006F0A4FB2846F0F7B5FEB5
:10C440003046A4E710B504460A2102F058FAA17A52
:10C45000B1EB102F05D1E17AC0B2884201D104209E
:10C4600010BD002010BD2DE9FE4307461446884646
:10C470001D460026184602F079FA8DF80070062055
:10C480008DF8010000208DF802000A208DF80300CD
:10C4900055208DF804008DF805808DF80640200A9F
:10C4A0008DF80700200C8DF80800200E8DF809008B
:10C4B0000A21684602F023FA010A8DF80A108DF865
:10C4C0000B002A460C21684602F030FA2A460C215D
:10C4D000002006F056FB29464FF4FA7006F061FB87
:10C4E00010F0FF0F04D00C213A48FFF7ABFF0646CF
:10C4F0002A460021012006F044FB3046BDE8FE83B9
:10C5000070B52D4B0120054603F1200403EBD0014B
:10C5100000F007060A7805FA06F10A4204D104EB96
:10C52000D00212780A4204D0401CC0B26428EDD375
:10C53000FF2070BDF0B51D4A0021164B084603F5DB
:10C540007176012514780FE0C0EBC0029A5C06EB0F
:10C55000D20702F007023F7805FA02F2174201D033
:10C56000491CC9B2401CC0B2A042EDD30A48C170F8
:10C57000F0BD084910B5C0EBC000085C01F5717151
:10C5800001EBD00100F007030A7801209840024334
:10C590000A7021E0989103604C21002035790360F6
:10C5A000A62F002099790360482100204421002013
:10C5B000FD000060492100201C9503601439002013
:10C5C00046010060680100606C010060700100605D
:10C5D000EC2A0020AC3F0020FFF7ACFFBDE8104084
:10C5E000FFF79ABC30B5FB4C0022F94B247809E0E8
:10C5F000C2EBC2055D5D854202D10A70012030BDEB
:10C60000521CD2B2A242F3D3002030BDF0B5DFF805
:10C61000CCC3F14FDDF814E09CF81260002406EB67
:10C62000860505EBC6057D5D854217D0641CE4B226
:10C63000142CF9D3132E11D2761CF4B28CF81240BC
:10C6400004EB840505EBC4043855E01940F8011FDC
:10C6500000214260037280F809E04181F0BD2DE9BC
:10C66000FC5F0D4604004FF000000C9993460190CA
:10C670007ED00BEB0312DFF86483521C02F0FF0C38
:10C680004FF0010E98F8003018E0D14EC0EBC00218
:10C69000B75CA74210D13244D2F80160AE420BD150
:10C6A000567906F00F06761E5E4505D082F805C065
:10C6B00001B1917188F806E0401CC0B29842E4D301
:10C6C00004F007020126C6489640C34A0079A43AFE
:10C6D0004FF0FF0902EBD402A04216D110782B468E
:10C6E00030431070002221461046F3F7ABFEBC48E1
:10C6F000817900910178427801EB02218278C0783B
:10C70000120402EB006001443EE0B348B04FC4386D
:10C7100000EBD40A9AF80000009030424FF000007D
:10C7200041D153E0C0EBC00817F80880A04538D1CC
:10C73000C0EBC008B94608EB0907D7F80100A842CA
:10C7400027D0A74B93F8273013B1137833431370D6
:10C75000002D1ED0F0B102462B4621460120F3F7F2
:10C7600071FE9D4919F80800843901EBD00100E001
:10C770009CE000F00702097801209040014272D04D
:10C7800009200090D7F801105B462A462046FFF7A3
:10C790003DFF68E0C7F8015087F805C0F1B3B971F3
:10C7A00061E0401CC0B29842BCD35CE0C0EBC00862
:10C7B000B844D8F80180A84506D12DB1C0EBC00817
:10C7C000814607F8084003E0401CC0B29842EDD310
:10C7D000B9F1FF0F2ED0C9EBC9097F4B17F809003B
:10C7E000C43B03EBD00EBB469EF8007000F0070878
:10C7F000012303FA08F39F438EF80070764FA43F9D
:10C8000007EBD00007789F4307709AF80000304389
:10C810008AF800001078B043107000E023E009EBC4
:10C820000B000BF80940C0F8015080F805C0B9B101
:10C83000817115E0009830438AF800001078B04309
:10C840001070C3EBC300654A3C543844C0F8015033
:10C8500080F805C001B181715B1C1370012001904B
:10C860005E49012088715C49002064390855A1F5B2
:10C8700094714FF4167021F8140001F5847000EBE8
:10C88000D4000078304210D169462046FFF7AAFE56
:10C8900001280AD19DF800004D49C0EBC0021144A7
:10C8A0008979DC2901D2FFF764FE0198BDE8FC9F7D
:10C8B0004C4A4D491278097838B1012817D002281E
:10C8C00010D0032800D110467047454890F82A3010
:10C8D000072BF8D090F82820072A08D090F82900D4
:10C8E000072801D006207047404800787047084666
:10C8F00070470020394A10B5394B01461A321C18CE
:10C9000094F82840072C02D15054491CC9B2401C4D
:10C91000C0B20328F3D33148C17210BD7CB5040006
:10C9200002D0022C0AD004E001A91D2008E0092849
:10C9300030D02B4890F84F1049B119E001A91F20C1
:10C940000AF062FB9DF80400012823D0EFE70519E7
:10C9500095F8280007280BD0072105F8281F04F1B7
:10C960001D000AF060FB224928780855FFF7C1FF37
:10C970008CB1012C1FD0022C0CD1694653200AF037
:10C9800043FB18489DF8002001788A4202D05320CA
:10C990000AF049FB7CBD694609200AF035FB124CC0
:10C9A0009DF8000021788842F4D0ED200AF03BFB8E
:10C9B00021780920ECE7694652200AF025FB0B4854
:10C9C0009DF8002001788A42E4D05220E0E7000080
:10C9D0009891036044210020E09503604C210020E1
:10C9E00014390020110100600F0100601001006087
:10C9F0004F0100602DE9F74F0D4682B00446A84272
:10CA000065D801462846049AFFF7B9FC00285ED095
:10CA10000499012201F10109611902EB5108490849
:10CA2000DFF8E8B30191012812D0F9490126A1F1FC
:10CA3000200202EBD40A04F00702964001EBD4076F
:10CA4000022825D0032845D029462046049A1BE019
:10CA50000498FFF763FF09F0FF00FFF729FF034683
:10CA600000200090DBF801109BF80000049AFFF70B
:10CA7000F6FDAC422BD02046049A0199FFF7BAFF8D
:10CA8000049A08F0FF00294605B0BDE8F04FB1E771
:10CA90000498FFF743FFAC42EDD13878304338704B
:10CAA0009AF80000304212D0DA4890F827000028A7
:10CAB0000DD1D64AD8493A3A127806E0C0EBC00305
:10CAC000CB5CA34203D0401CC0B29042F6D305B069
:10CAD000BDE8F08F0498FFF721FFAC421AD13878F7
:10CAE000304338709AF800003042F0D0C94890F8CE
:10CAF00027000028EBD1C549C74A3A39097806E032
:10CB0000C0EBC003D35CA342E1D0401CC0B288425A
:10CB1000F6D3DCE709F0FF00FFF7CAFE034600206A
:10CB20000090DBF801109BF80000049AFFF797FDD6
:10CB3000A1E730B4B94C0022B74B24780FE0C2EB28
:10CB4000C2055D5D8D4208D1C2EBC201194449792D
:10CB50000A0906D030BC08097047521CD2B2A24262
:10CB6000EDD330BCA4E6AE4A1154AE4A01211154B3
:10CB700070470246FE2101203CE7A54810B5202160
:10CB800020381CF0F4F82021A1481CF0F0F8A0484F
:10CB9000202120301CF0EBF84FF42F719E481CF040
:10CBA000E6F89A4800243A386421C47004709E481C
:10CBB0001CF0DDF8994804709C4804709C4804708F
:10CBC00010BD924900203A39887491484FF482711F
:10CBD000A4301CF0CCB82DE9F8438C4800253A3835
:10CBE0000121057081728582FEF7FAFFFFF7C5FF0C
:10CBF000904E00241E2706F16408A6F5C869355535
:10CC000028F8147009EB041010211CF0B0F8641C13
:10CC1000E4B2642CF3D38849002001F180020D5462
:10CC20001554401CC0B28028F9D384484FF4606189
:10CC3000057083481CF09BF882480570FFF76CF97B
:10CC4000FFF7BFFF00231A46194618460095FFF765
:10CC500093F841F2CC017C481CF089F87B480570C0
:10CC6000BDE8F8836C49C0EBC000085C01F5717148
:10CC700001EBD00100F007030A78012098408243BD
:10CC80000A7057E470B5054662480C460171624867
:10CC9000017006200AF0C7F95D4B05F00706203B3E
:10CCA00003EBD5010125087805FA06F290430870D8
:10CCB00003EBD40004F00703017805FA03F21143F3
:10CCC000017070BD554A10B50021534B12780DE02C
:10CCD000C1EBC1041C5D844206D1C1EBC100184404
:10CCE000407900F00F0010BD491CC9B29142EFD34A
:10CCF00046483A38017901290CD0464900200A18E3
:10CD000092F82820072A06D0401CC0B20328F6D388
:10CD1000002010BD4079401CC0B210BD10B5A0F578
:10CD20001C52103A40F2BF541723A24209D2B2FB60
:10CD3000F3F003FB102070B9B2FBF3F00870012090
:10CD400010BDA0F53050D038A04204D2B0FBF3F2B1
:10CD500003FB12020AB1002010BDB0FBF3F0087013
:10CD6000022010BDF0B501231080CB2926D0C0EBE6
:10CD7000C005A0F1640405EB00155F2968D0C0EB85
:10CD8000C00742F2D43607EB00173E44B6B22B2957
:10CD90007BD02E297AD0A0F16C062C2977D064257F
:10CDA0006C271C2974D0142973D0152972D0162928
:10CDB00071D00A2970D04A296ED0FCE0B4280DD079
:10CDC00055DC1C280AD016DC102807D00CDC0828FB
:10CDD00004D004DC03286ED004286CD1EAE00B28D0
:10CDE00069D00C2867D1E5E0132864D0142801D05D
:10CDF000182860D1DEE03C2807D02FDC282804D09A
:10CE000027DC202801D0242855D1D3E0862100201A
:10CE10003C95036014390020989103604421002060
:10CE2000972100208201006035790360FC000060DA
:10CE3000482100206C8F036098900360940000608C
:10CE4000B4F802609300006044080360960000603C
:10CE50004BE02C2801D038282DD1ABE03F282AD038
:10CE6000402828D0432826D0552824D1A2E0D9280C
:10CE70000AD021DCC82807D014DCBE2804D00CDC82
:10CE8000B72801D0BA2816D194E03BE03EE040E05C
:10CE900056E065E070E076E07AE0C22801D0C5286F
:10CEA00009D187E0CB2805D0CE2803D0D22801D0E5
:10CEB000D62800D17EE02BE0ED287BD00CDCE228E8
:10CEC00078D004DCDC2875D0DF2874D172E0E62845
:10CED00070D0EA286FD16DE0F0286BD0F32869D0CC
:10CEE000F62867D0FA2866D164E06838142804D29E
:10CEF00042F27830284410809723022C5BD241F60E
:10CF0000146019E0162C56D2168017E00C2CFBD3B7
:10CF100051E07438082804D242F26420284410807A
:10CF20009723062E04D241F65C50284410809723A4
:10CF3000082C40D241F69E602844108097233AE0A6
:10CF4000082C01D215801CE0042E02D21780042385
:10CF500031E0BE380A282ED2BE2010800A232AE0F3
:10CF60000D2C02D215800D2325E07638102822D210
:10CF70007620108090231EE0082CE3D3082E1AD2CE
:10CF80001780082317E0202C15D21580202312E0EB
:10CF9000A0F5F8519C39B1F5807F00D88223A0F527
:10CFA000D851BC39812900D28223A0F5E8503C3801
:10CFB000812800D282231846F0BDFF4B10B5002116
:10CFC000FC4A1B780BE0C1EBC104145D844204D120
:10CFD000C1EBC1001044807910BD491CC9B299420F
:10CFE000F1D3002010BD2DE9F04F8246F34887B001
:10CFF0008846807A012871D0EE49CAEBCA00014404
:10D000000091EF49002501EB8004B8F1000F0FD02B
:10D01000207D8DF80C00B4F8151001F07F028DF81A
:10D020000D200D0AB4F817100A0A8DF80E200EE034
:10D03000009AE0499279DC2A50D8085C8DF80C00FF
:10D0400003218DF80D1000218DF80E1007218DF8A9
:10D050000F10FFF737FE06469DF80C10FFF769FD2D
:10D060008146002E3AD0761ED648F7B2384490F862
:10D070002800072832D127B1012F04D0022F04D075
:10D0800006E0D14802E0D14800E0D14800680590B0
:10D0900032210598F0F73EF900281FD000208DF8C6
:10D0A0001000B8F1000F1AD0207DFFF786FF01466F
:10D0B000B4F8170001AAFFF755FE05B1822000F071
:10D0C0007F018DF81110BDF804100A0A8DF80E20AA
:10D0D0008DF80F10000606D5012005E079E2012049
:10D0E0008DF8110001E000208346062103A801F01D
:10D0F00006FC010A8DF812108DF8130049463846D7
:10D10000FFF731FD384601F031FC3A46082103A80B
:10D1100001F00CFC9DF80D00052101281BD0022810
:10D1200019D09DF8110001EB4000C6B23A463146D5
:10D13000002005F026FD012F13D04FF0280CB8F188
:10D14000000F14D09DF80C0001A9FFF74BFA0A213B
:10D15000012813D01DE09DF81100C01D01EBD00681
:10D16000E4E79DF81100322100EB800015E09DF806
:10D17000110000EB80000CEB400010E09DF8040073
:10D18000C0EBC0028B48104480795D28EFD009289D
:10D19000EDD09DF8110000EB800001EB40008749C5
:10D1A000C0B291F90D100844143080B2394605F030
:10D1B000F8FCDFF82092014699F80100012805D01B
:10D1C000022803D0032801D004287DD100297BD078
:10D1D000B01EC1B27F4801F092FB09EB060111F8C5
:10D1E000023CB3EB102F70D111F8011CC0B2884281
:10D1F000F9D1B8F1000F14D09DF80C0006A9FFF783
:10D20000F1F99DF81800C0EBC0016A480844807924
:10D210002B281DD02C281BD05F2819D02E2817D0E2
:10D220001EE099F80400DC2811D200992B2888719F
:10D2300005D02C2803D05F2801D02E2807D1002349
:10D24000012000901A4619461846FEF795FD46E162
:10D250000023012000901A4619461846FEF78CFD5F
:10D260000020A076BBF1000F06467DD14FF00108EB
:10D2700054E00AEB0600C0EBC002514800EB820C00
:10D280008CF80B80207DFFF798FE8CF80C00B4F82A
:10D29000150000F07F0101291DD002291BD0B4F830
:10D2A0001710C0F3C013FF293DD999F804C099F8AD
:10D2B00003200CEB02228DE82C000A0A62F35F10B7
:10D2C000C0B2CBB2CA0A01E055E14DE194F814C0F6
:10D2D000014660461EE0B4F8171099F80320FF29B4
:10D2E000C0F3C0130DD902B101228DE82C000A0A47
:10D2F00062F35F1000F0FF0CCBB2CA0A207D6146DA
:10D3000008E002B101228DE82C00CBB200F01F0131
:10D31000207D0022F6F7AEFD761CF6B29DF81100D6
:10D32000B042A6D8DBE009EB4602314492F804C0D3
:10D33000D2780CEB0222E6E7DFF884B0207DFFF71D
:10D340003CFECB2848D0207DFFF737FE01462C2835
:10D3500063D02B2961D05F295FD02E295DD0B4F82E
:10D360001700FF287ED900E0B3E00A297BD04A29C4
:10D3700079D009EB860194F815808B7991F803C078
:10D38000C8F3C01203EB0C6391F804C049794FEA6B
:10D390000C4C0CEB012119448DE8260000EB4601F2
:10D3A000CBB2010A61F35F1808F0FF01C20A207DC9
:10D3B00083E0000098910360442100204C2100206C
:10D3C000B4F8026014390020680100607001006048
:10D3D0006C010060AC3F002099F8043099F803C05C
:10D3E00099F8051003EB0C234FF47A7C03FB0CF344
:10D3F00099F806C0607D0CEB01214FF47A7C01FBAB
:10D400000CF1C0F3C01203EB11418DE82600B4F813
:10D410001710CBB2CA0AC1B2C9E799F8223099F8FD
:10D420002320607D03EB026399F82420C0F3C01130
:10D430004FEA024C99F8212002950CEB02221A4483
:10D44000CDE90021C1B2E37D207D0022F6F712FD77
:10D4500099F8222099F82310012002EB016299F833
:10D46000241001E057E00DE00B0499F8211002951B
:10D4700003EB01211144CDE900100022E37D207D62
:10D480001B211AE009EB860100228B7991F803C079
:10D4900003EB0C6391F804C049794FEA0C4C0CEB98
:10D4A000012119448DE8260000EB4601CBB2617DD5
:10D4B000020A62F35F11C9B278E7F6F7DBFC0AEB08
:10D4C00006000121C0EBC0020BEB8200761CC1728A
:10D4D000F6B29DF81100B6EB500FFFF42DAF9DF89A
:10D4E0000C00F94A002100F007031154A2F59472D0
:10D4F0004FF4167122F8101002F5847101EBD0017F
:10D500000A78012199400A4258D16946FFF76AF822
:10D5100001281DD03CE009EB860194F815808B7939
:10D5200091F803C0C8F3C01203EB0C6391F804C078
:10D5300049794FEA0C4C0CEB012119448DE8260087
:10D5400000EB4600C3B208F01F01207D0022B4E7C3
:10D550009DF80000DD49C0EBC00211448979DC2947
:10D5600016D2FFF706F813E0D94931F81700401C2E
:10D5700021F817000CE0D649891D31F81700401C2E
:10D5800021F817009DF80C00CF490A5C521C0A5480
:10D590009DF80C00CC49095C0A290FD36946FFF7B6
:10D5A00021F801280AD19DF80000C849C0EBC0024B
:10D5B00011448979DC2901D2FFF754FB384609F080
:10D5C00092FD3A460021012005F0DBFA0598EFF7BD
:10D5D000ECFD07B0BDE8F08F2DE9F0418EB00446B8
:10D5E0001F4690468C460846149DFFF7E6FC012630
:10D5F00050B1B5480CF00701203800EBDC0006FA0A
:10D6000001F10078084243D0B24A002000EBC0018B
:10D6100001EB410102EB810191F8691019B1401C45
:10D62000C0B21428F2D3142832D0322D30D200EBFD
:10D63000C00000EB4000012D02F8204002EB800406
:10D6400084F801C0A4F8028084F8685002D0002059
:10D650006A460EE03888A08016E037F8101002EB1A
:10D660004003090A02F8101017F81010401C5970F6
:10D67000C0B2B0EB550FF0D3680884F86800201DE5
:10D680002A4669461BF05AFB04F8696F0020607057
:10D690000EB0BDE8F0812DE9F04F9DB020B101281A
:10D6A00004D0022804D006E08B4802E08B4800E05A
:10D6B0008B48D0F800A00020864E074600EBC00142
:10D6C00001EB410506EB850494F86910012962D14C
:10D6D00094F86A1003295BD200EBC00101EB410111
:10D6E00006EB810191F86A10491C84F86A1014282D
:10D6F00055D26078FFF761FC4FF0010958B17249CB
:10D700006078203901EBD00100F00702097809FAAE
:10D7100002F0014243D032215046EFF7FBFD0028D2
:10D720003DD06078B3468DF80C00FFF7CBFA064683
:10D730009DF80C10FFF7FDF90146002E2FD0761E44
:10D740006848F6B2304490F82800072827D13046C0
:10D75000FFF709FA304601F009F96088010A8DF8EF
:10D760000E108DF80F0094F868201BF82500012A90
:10D770008DF80D0061D98DF810708DF811200DF124
:10D780000C0C0F280DD050008DF8120000203BE04B
:10D7900004F8697F6770401CC0B214288ED31DB096
:10D7A00018E70021D01DC0088DF81200084617E0C8
:10D7B00004EB40039B8803B1012300F0070803FA40
:10D7C00008F30B43D9B24307B3F1604F00F10103F3
:10D7D00009D09A4202D10CEBD303D971401CC0B2DC
:10D7E0008242E5D812E00CEBD30399710021F5E7F2
:10D7F00004EB40018B880CEB40014FEA132881F8C1
:10D800000780401C0B72C0B28242F1D89DF8120012
:10D81000C01DC1B2604601F072F89DF812300DF1E2
:10D820001301020A5A549DF8122005A950549DF87C
:10D830001210324603A8093113E00528A0882CD025
:10D84000010A8DF810108DF81100062103A801F0CF
:10D8500056F8010A8DF812108DF81300324608218F
:10D8600003A801F063F832460821002005F089F989
:10D870003146642005F095F9DFF84C8010F0FF0F79
:10D8800067D084F8697094F868200321012A0ED0CB
:10D89000A288CDE9002902972AE018B1FF208DF86F
:10D8A000100001E08DF810708DF81170CDE71BF8B5
:10D8B0002500052802D0062816D025E0A088494674
:10D8C0008DE8830014E000007C950360989103606C
:10D8D0007A210020A480036068010060700100606C
:10D8E0006C01006014390020A088CDE9000902977E
:10D8F0009DF80E009DF80F30C20801EB4010C1B238
:10D900009DF80C00F6F7B6FA9DF80C00FC4A4FF4AF
:10D91000167108F8007022F8101002F5847101EBFE
:10D92000D00100F007030A7809FA03F10A4233D163
:10D930006946FEF757FE012818D19DF80000F1490D
:10D94000C0EBC00211448979DC290FD2FEF711FE29
:10D950000CE0ED4931F81600401C21F816009DF846
:10D960000C0018F80010491C08F800109DF80C0075
:10D9700018F800100A290FD36946FEF733FE012874
:10D980000AD19DF80000DF49C0EBC002114489793B
:10D99000DC2901D2FFF766F9304609F0A4FB3246D4
:10D9A0000021012005F0EDF85046EFF7FEFBF6E60A
:10D9B0007CB50146D448032234380025C0798DF85F
:10D9C00000008DF801200A0A8DF802208DF803105E
:10D9D0008DF8045001218DF80510FFF773F9044606
:10D9E0009DF80010FFF7A5F806463CB1641EC74835
:10D9F000E4B2204490F82800072801D000207CBD24
:10DA00000621684600F07BFF010A8DF806108DF8AC
:10DA1000070031462046FFF7A6F8204600F0A6FF93
:10DA200022460821684600F081FF22460721002097
:10DA300005F0A7F82146642005F0B3F8060011D0E0
:10DA40000521B34800F05BFFB1494A79B2EB102FD2
:10DA500008D18979C0B2884204D1AE49C88D401C32
:10DA6000C88501253146AA481BF081F9204609F0F6
:10DA70003AFB22460021012005F083F828467CBDB0
:10DA80002DE9FC41A04F0146343F0322F8798DF87F
:10DA900000008DF801200A0A8DF8022000258DF87B
:10DAA00003108DF8045001218DF80510FFF70AF9D5
:10DAB00004469DF80010FFF73CF806463CB1641E92
:10DAC0009248E4B2204490F82800072802D00020B1
:10DAD000BDE8FC810621684600F011FF010A8DF8BF
:10DAE00006108DF8070031462046FFF73CF8204627
:10DAF00000F03CFF22460821684600F017FF22464E
:10DB00000721002005F03DF82146642005F049F882
:10DB1000060011D005217E4800F0F1FE7C494A79CB
:10DB2000B2EB102F08D18A79C0B2904204D10879A3
:10DB3000F979884200D10125314675481BF017F963
:10DB4000204609F0D0FA22460021012005F019F8FC
:10DB50002846BDE770B56C4C0020343C617A0A2938
:10DB600031D2217A022508292AD2DFE801F02904DE
:10DB7000080D13181E245020FFF71AFF1FE05B202A
:10DB8000FFF716FF032103E05D20FFF711FF0421DB
:10DB9000217215E09620FFF70BFF0521F8E740F210
:10DBA000EE30FFF76DFF0621F2E740F2FE30FFF79F
:10DBB00067FF0721ECE74FF48160FFF761FF2572F3
:10DBC00010B10020607270BD607A401CFAE72DE948
:10DBD000FE4307464B4DC0EBC70041198979DC294C
:10DBE0007DD8285C8DF8000003218DF801100221FA
:10DBF0008DF80210CA218DF803104FF000088DF83F
:10DC0000048009218DF80510FFF75CF804469DF8A3
:10DC10000010FEF78EFF0646002C60D0641E3B48C5
:10DC2000E4B2204490F82800072858D1062168461D
:10DC300000F065FE010A8DF806108DF807003146E8
:10DC40002046FEF790FF204600F090FE2246082175
:10DC5000684600F06BFE22461721002004F091FF79
:10DC60002146642004F09DFF5FEA000905F57976FE
:10DC70005BD01521264800F042FE25494A7DB2EBD3
:10DC8000102F4BD18A7DC0B2904247D10879CA7813
:10DC900000EB0222A5F66C0000EB0710562A1FD0FD
:10DCA00010211BF064F81C480121154BC1559DF84B
:10DCB00000004FF4167206F8008023F8102003F5D8
:10DCC000847202EBD00200F00703127899400A42F6
:10DCD00044D102A9FEF786FC012806D02AE049E0DB
:10DCE0001022491D1BF02AF8DDE79DF80800C0EB63
:10DCF000C00129448979DC291CD2FEF73AFC19E0DD
:10DD0000549403609891036080210020143900200E
:10DD1000AC3F0020EC2A00206C8F0360FB4931F8F7
:10DD20001400401C21F8140004E09DF80000315C50
:10DD3000491C31549DF80000315C0A290ED302A918
:10DD4000FEF750FC012809D19DF80800C0EBC00186
:10DD500029448979DC2901D2FEF784FF4946EC4841
:10DD60001BF005F8204609F0BEF9224600210120EB
:10DD700004F007FFBDE8FE8370B5E648017800298E
:10DD80002ED0E24C491E2E3CA07B884201DA401C7A
:10DD900000E00020A073C0B2DF4BC0EBC00103F570
:10DDA00071755A5C05EBD20502F007062D78012249
:10DDB000B240154208D0A3F50B71095C09B10021EE
:10DDC0000AE0BDE8704002E719448979DC2901D9ED
:10DDD000FEF7CFFBA07B0021BDE87040FFF703B941
:10DDE00070BDCA492E39887A012808D1888A401C1A
:10DDF00080B288820A2802D90020887288827047FF
:10DE0000C648C24964222E390368887A782B00D923
:10DE100050B1012806D0C88A642803D342F2107298
:10DE2000904200D9CA827047088BC882F3E72DE977
:10DE3000FC5F0546BA4ABB4EC0EBC50102EB81044C
:10DE4000715D00297ED1B84AA178012712789142EC
:10DE500079D0E278002A76D106F2C44202EBD102F0
:10DE600001F00703127807FA03F31A426BD06278C5
:10DE7000032A04D0012A06D0022A08D00BE0207819
:10DE800042F2D41206E0207841F6FC4202E020780B
:10DE900041F67C6210448DF8001003228DF80120B9
:10DEA000020A8DF802204FF0000A8DF803008DF869
:10DEB00004A08DF805700846FEF704FF84469DF81F
:10DEC0000010FEF736FE8146BCF1000F5CD0ACF1CD
:10DED000010C96490CF0FF0801EB080090F82800AF
:10DEE000072851D10621684600F009FD010A8DF886
:10DEF00006108DF8070049464046FEF734FE4046BE
:10DF000000F034FD42460821684600F00FFD42460D
:10DF10000721002004F035FE4146642004F041FE54
:10DF2000DFF8F4915FEA000BA9F1800914D0052114
:10DF3000774800F0E4FC76494A79B2EB102F10D113
:10DF4000C0B201E020E021E08A79904209D108794D
:10DF50006430A072775504E019F80510491C09F8DF
:10DF6000051059466A481AF002FF404609F0BBF80E
:10DF700042460021012004F004FE19F8050005289E
:10DF800002D3775584F80AA0BDE8FC9F3754FBE71D
:10DF90002DE9F0415F480021654D5F4C03784AE070
:10DFA000C1EBC100225C35F91200461E25F8126053
:10DFB00000283EDAC1EBC1065D4AA05DC83202EB23
:10DFC000D00700F0070E97F800C0012202FA0EF207
:10DFD0002CEA020C87F800C0554FE83707EBD00059
:10DFE0000778974307700DE0C1EBC1021019491C77
:10DFF000C779A7548268C0F80120027B4271427B36
:10E000008271C9B29942EFD3C1EBC100002720440D
:10E010003E49C771876007732E394773087808B186
:10E02000401E0870FEF7B4F8A05D25F81070BDE83A
:10E03000F081491CC9B29942B2D3F8E71CB5334EFE
:10E0400000242E3E0F20F073347425467474FEF7BE
:10E0500050FC4FF00108DFF8DCA086F80A80B5829A
:10E060008AF83E80642134481AF081FEB57369460F
:10E07000EE2008F0C9FF6946EE2008F0C5FF6946AA
:10E08000EE2008F0C1FF9DF80000FF2805D12946C9
:10E090008DF80050EE2008F0C6FF9DF80000707368
:10E0A0006946EC2008F0B0FF9DF80000FF2805D17C
:10E0B00005218DF80010EC2008F0B5FF9DF8000058
:10E0C000642148433083F182DFF8409035717571E7
:10E0D000A9F11409DFF848B0FFF792FE17490220B2
:10E0E0000870FFF77EFEF18A42F21070B0FBF1F08B
:10E0F000F17B884229D8F27A2AB3317C521E9142B0
:10E1000019F801001CDA491C31741AE07A21002048
:10E11000AC3F00204421002098910360580100602A
:10E12000B4F80260989003608F00006014390020FA
:10E1300054940360349703607C9503609101006000
:10E140003574FEF716FDF57379E0FFF721FFF08ACD
:10E15000EEF795F9F07B401CF073BAF80410491CF7
:10E16000AAF80410322C0FD2641C14F0FF040CD057
:10E17000F17A002963D0707C491E884219F800703A
:10E1800006DA401C707404E00024FFF7F5FD56E049
:10E19000757486F804807771012F03D1F08A8000AE
:10E1A000EEF76DF93846FFF776FAFA480078B8B31B
:10E1B000B078F6F7FEF8B070FF283FD0C0EBC00093
:10E1C0000BEB80005F46007D01A9FEF70BFAB078EB
:10E1D000F14AC0EBC00107EB8103197D02EBD102CC
:10E1E00001F0070C177808FA0CF2174210D19DF8CD
:10E1F0000470DFF8A8C3C7EBC7076744BF79DC2FFB
:10E2000006D20CF5617707EBD1073F78174212D1A0
:10E2100091B1E349095C01B32146FEF7E4FE0DE04C
:10E22000FFE7FFF7A9FD41F28830EEF728F9F07B10
:10E230003230F07302E0DD72FFF79EFD3571B07988
:10E2400001287FF449AFFDF7A3FFD64981F800808C
:10E25000D54981F81280B5713EE7FFF7E8FDEDE79B
:10E260002DE9FF4F044688464078052181B01646C7
:10E27000032815D0042813D001280CD002280AD076
:10E28000062814D0102812D0052810D00F280ED040
:10E29000FF2821D033E06079C01D01EBD00502E0FA
:10E2A000607901EB40050A2000EB450727E00825CF
:10E2B000062802D160793F2803D0E078102803D0E7
:10E2C00008E04FF4FA771AE061797F2902D14FF420
:10E2D0007A7714E0642712E0607A642815D2617BB3
:10E2E000207B01F0010100EB0120E17AA27A891A7A
:10E2F000491C414310318DB205F1320087B236B16D
:10E30000012E06D0022E06D00AE01025E2E7A7482B
:10E3100002E0A74800E0A74801783046FEF723FC5A
:10E32000304600F0D4FA304600F020FB6278DFF887
:10E3300088A2FF2A0AEB080960D0424621465046CF
:10E340001AF0FCFC08F0FF01504600F0D8FA030A6E
:10E350000AF8083089F8010008F1020081B232465B
:10E36000954800F0E3FA32462946002004F009FC03
:10E37000924907EB470091F90D100844283080B20C
:10E38000314604F00EFCDFF814B207000BF5797982
:10E390007DD0A7F1020808F0FF01894800F0AFFA2C
:10E3A00001468748384410F8012C10F8020C02EBA3
:10E3B000002088426CD1049950460A68CAF80020AF
:10E3C0008988AAF804106178DFF8F8A1FF2929D01C
:10E3D0004FEA1821017180F80580BA1E7849801D26
:10E3E0001AF0ACFC3A1D744977481AF0A7FC381DA6
:10E3F000AAF80000A078022822D035E0A8F1020295
:10E4000021466D481AF09AFCA8F10200C1B26A4890
:10E4100000F075FA020A09F8022C09F8010C3246DC
:10E4200041469DE73A466649801D1AF087FCAA1DC1
:10E43000614965481AF082FCAD1DAAF80050D9E781
:10E44000E078CB2810D1607910280DD1207869466A
:10E45000FEF7C8F840B15D489DF80010102200EBAF
:10E460000110E11D1AF06AFC0020012E03D1584969
:10E47000087058490880227809F802002178564A25
:10E480004FF4167022F811002078434901E023E090
:10E490001AE001EBD00100F007020978012090405A
:10E4A000014226D120786946FEF79CF8012820D148
:10E4B0009DF80000C0EBC00202EB0B018979DC295A
:10E4C00017D2FEF756F814E03C482E3030F81610FC
:10E4D000491C20F816100CE03848343030F816107B
:10E4E000491C20F81610207819F80020521C09F851
:10E4F0000020217819F801000A2810D3C8B2694613
:10E50000FEF770F801280AD19DF80000C0EBC002A8
:10E5100002EB0B018979DC2901D2FEF7A3FB781EFF
:10E52000B0F5F97F03D8394625481AF020FC0A20B7
:10E53000EFF783FA304608F0D6FD05B03246BDE865
:10E54000F04F0021012004F01CBB2DE9F0410D46E5
:10E5500006461446022A7DD87078032811D0062872
:10E560003CD010283AD0192874D14FF00C0832272B
:10E570003178FF293ED00020FEF7DBFA0146204625
:10E5800045E07079052101EB400000F0FF084FEAFB
:10E590004807EDE7940000605C9503609891036084
:10E5A000989003608A010060801A03600F01006088
:10E5B0001001006011010060B07E03604C2100205A
:10E5C000AC3F00201A220020B42E04602C89036086
:10E5D0008520002060000060549403604FF008081C
:10E5E000062802D170793F2801D06427C0E74FF494
:10E5F0007A77BDE724B1012C04D0022C04D008E0C6
:10E60000834802E0834800E0834801781046FEF723
:10E61000AAFA204600F0AAF92A4631467F481AF0A5
:10E620008DFBE9B27D4800F06AF97C49020A4A553F
:10E630002944AD1C4870A9B22246784800F076F90A
:10E6400022464146002004F09CFA2146384604F058
:10E65000A8FA00E033E005002ED0A81EC1B2704831
:10E6600000F04DF901466E48284410F8012C10F8CE
:10E67000020C02EB002088420AD16A4E16F8260FDF
:10E6800000F074F932782946654800F04FF905E04A
:10E69000654931F81400401C21F8140029466048EF
:10E6A0001AF065FB204608F01EFD2246BDE8F04149
:10E6B0000021012004F065BA5B49891DE9E7B6E451
:10E6C0002DE9FC4781464FF4076158481AF04FFB8B
:10E6D000554800241438A0F11A0584704470047061
:10E6E000EC726C70EC70524B2C73DFF83CC15149EA
:10E6F000514AAC70204603F10C0605F1280705F1DC
:10E70000340843F8204046F8204027F810402CF801
:10E71000104028F810400C541454401CC0B2032878
:10E72000EFD3464900201E2201F164034FF4167610
:10E7300001F59D676C620C5423F8102027F81060D7
:10E74000401CC0B26428F6D3FEF73BFA45F8414FAF
:10E750003B49AC80AC71FF2008703A494FF400622D
:10E760000870394830490E390470CDE90091002312
:10E7700036A1AFF23770EDF70CFDBDE8FC8770B540
:10E7800035492E4A00200B786432C3EB031105464D
:10E790002A4E4C000BE032F8101019B1491E22F835
:10E7A000101002E0355422F81040401CC0B29842CC
:10E7B000F1D370BD70B51C4D0024284E2E3D22E0D3
:10E7C00004EB840000EBC4003044B0F80B20531C71
:10E7D000A0F80B30B2F5967F13D901EB810202EB62
:10E7E000C10131440D221AF0A9FAA87C00EB800186
:10E7F00001EBC00030440D211AF0B9FAA87C401E8C
:10E80000A874641CA4B2A97C8C42D9D370BD00004A
:10E810000F0100601001006011010060B07E036014
:10E82000AC3F0020143900207A210020A48003602E
:10E830001489036082010060972100206C8F0360BF
:10E840008001006096210020810100605363616EA9
:10E850005461736B0000000044210020E0950360C8
:10E860002DE9F041FE4D95F84F0001282AD0FD4CCE
:10E8700095F828000026E71C4FF00708022805D06D
:10E88000267095F82A00022810D01AE02078411C42
:10E8900021700A28F5D3387828B185F828802670A9
:10E8A000FEF727F8EDE785F82800F8E7A078411C87
:10E8B000A1700A2806D3B87830B185F82A80FEF70F
:10E8C00018F8A670BDE8F08185F82A00F7E702285D
:10E8D00009D8E44900224C3930B101280BD0022874
:10E8E00001D14A878A727047A1F84820DE488A74AD
:10E8F000C0F8A0217047A1F84A20CA747047F0B54B
:10E90000FF23DA4E1C46002206F5807707E0855C7F
:10E91000521C5D40EDB2D2B2735D63407C5D491E16
:10E92000C9B2F4D244EA032080B2F0BD70B50C46FF
:10E93000002A1AD10A460146CD481AF0FFF9C94EFD
:10E9400001224C3E40F22771F485CA48EBF771FB77
:10E950000024F58D04E0641CA4B20220EDF78FFDC5
:10E96000F08D002801D0AC42F5D370BD022803D849
:10E97000BD490120C1F8A0017047012080F3138830
:10E98000BD480168BD4A01F4E06111430160BFF375
:10E990004F8FFEE70120FAF703F9FAF717FBB84C9F
:10E9A00038B1002020706070A070FBF713F8FAF700
:10E9B0000DFB40F30001491C217040F34001491C4C
:10E9C00040F380006170401CA070FAF769FDFFF70A
:10E9D000D4FF2DE9FC5FA24D044628786978EA78D7
:10E9E00000EB0120A978090401EB0261084416F04C
:10E9F00005FED4F8B11088427ED104F1340114220E
:10EA00000F46A0481AF0EFF9002648B184F8476095
:10EA1000142239469B481AF091F99A48F0F7F7FA10
:10EA2000A84695F8510094F8F010DFF85C920125A3
:10EA300088420ED095480670954806709548066045
:10EA400089F8EF5094F8F01088F85110CB2008F0B6
:10EA5000EAFAB4F9AF0016F0D2FD824F4C3FB7F995
:10EA60003E10884218D0B4F9AF0016F0C8FD00235C
:10EA70001A46B7F93E1008F0EAF9B4F9AF0016F0FB
:10EA8000BEFDF887C0F307210C2008F0CCFA97F8F8
:10EA90003E100D2008F0C7FA94F8CE207B7B9A42F6
:10EAA00009D00021084608F0D2F994F8CE10797305
:10EAB000192008F0B8FA744998F8480094F8AE2084
:10EAC000CF318B46904206D105283ED11E22724896
:10EAD0001AF089F9C8B394F8AE1039B998F8230040
:10EAE000092805D00B2803D00E2801D088F848103B
:10EAF00098F84810052900E0FFE226D8072008F022
:10EB000092FA98F848A0BAF1020F1ED3BAF1050F95
:10EB100004D11E22594660481AF010F9504608F0F8
:10EB200003FA5A4806705A4806705A4806604D481B
:10EB3000801D0188827849BA0904C07841EA02211F
:10EB40000143B7F93E0008F0EDF998F8281094F861
:10EB50002600DFF848A1DFF848B181422AD04346B9
:10EB600088F82800022800D010B90020FFF7AFFE77
:10EB700093F828009846012801D0092806D18AF880
:10EB80000050002015F094FA8BF80050FDF7B1FE0C
:10EB900098F828101D2008F046FA0021E92008F016
:10EBA00042FA304898F82810C01C01703D480670A1
:10EBB0003D48068098F8291094F82700814218D023
:10EBC000434688F82900022800D010B90120FFF739
:10EBD0007EFE93F829009846072803D1FDF789FEA9
:10EBE00032480670FDF785FE98F829101E2008F0BF
:10EBF0001AFA98F82A1094F82800814222D0434645
:10EC000088F82A00022800D010B90220FFF75FFE22
:10EC100093F82A009846012801D0092806D18AF8DD
:10EC20000050022015F044FA8BF80050FDF761FE09
:10EC300098F82A101F2008F0F6F90A4898F82A10C8
:10EC4000C01C817098F8520094F8F710884205D0E3
:10EC500088F85210BF2008F0E6F9FD7028E00000A7
:10EC6000143900204C01006000002142C83E050814
:10EC700018300020003801400CED00E00400FA05D7
:10EC8000801A036020EB0260761102609701006039
:10EC900098010060B40100606A9A0360C0220020FD
:10ECA000C005006093010060D00100605821002081
:10ECB00098F8540094F8F9104FF0030A884206D0EF
:10ECC00088F85410C02008F0AEF987F803A098F82F
:10ECD000550094F8FA10884205D088F85510C420E1
:10ECE00008F0A1F9FD7098F8570094F8FC108842DC
:10ECF00006D088F85710C52008F095F987F803A0CA
:10ED000098F8520094F8F710884205D088F852100D
:10ED1000BF2008F088F9FD7098F8540094F8F910B5
:10ED2000884206D088F85410C02008F07CF987F893
:10ED300003A098F8440094F82F10884204D088F873
:10ED400044109A2008F06FF998F8450094F83010B4
:10ED5000884204D088F845109A2008F064F998F8A1
:10ED6000040094F8C510DFF84CB4884210D0481E57
:10ED7000FE280DD288F80410062008F054F998F8FF
:10ED800004008BF8000089F8F200002014F056F817
:10ED900094F8F2109BF8002091420ED069B1FF293F
:10EDA0000BD08BF8001089F8F21088F804100620B8
:10EDB00008F039F9002014F041F8FF4894F84910A0
:10EDC0000278914211D04A1EFE2A0ED2834601706B
:10EDD0009C2008F028F999F849009BF80010F6F7F4
:10EDE00092FC9BF8001089F8491094F8320094F8CE
:10EDF000081100EB0120B8F8421088420BD0A8F8A7
:10EE0000420094F83210E72008F00DF994F8081148
:10EE1000E62008F008F9B9F8BF00B7F84010B94685
:10EE200088420BD04F46C1B227F8400F162008F099
:10EE3000FAF83888010A152008F0F5F8D4F8C60069
:10EE400016F0DCFBDD4F396888420AD0D4F8C600E2
:10EE500038B116F0D3FB386013F053FB3868F0F785
:10EE6000F6FD474698F8410094F80E11DFF85083FC
:10EE7000884210D009B13C290DD387F841102220D7
:10EE800008F0D1F897F8410020B3CE4805704570DE
:10EE9000857088F8005097F8270094F82A10884267
:10EEA00004D087F82710202008F0BDF894F82C1023
:10EEB00099F80F0081421AD089F80F1097F82800AE
:10EEC00002280AD048B1072807D0012805D0092810
:10EED00003D00AE088F80060DDE7ED2008F0A3F831
:10EEE00099F80F10092008F09EF889F8035094F85B
:10EEF0002E1099F81100CB46814211D08BF81110D9
:10EF000097F82A00022806D0012804D0092802D048
:10EF100008B1072802D1532008F085F88BF803A028
:10EF200094F82B00582804D06F2807D0962807D0D3
:10EF30000EE0A548057084F82B6013E0FFF72AFD6A
:10EF400084F82B60FDF747FE9E48857488F80050D2
:10EF500094F82B004D2805D19C4884F82B6005704F
:10EF60009B48067097F8500094F8EE10B946884216
:10EF700004D089F85010D62008F055F894F82B00EA
:10EF8000632816D1934884F82B6084F8F1600670EA
:10EF9000914806709148066091480188827849BA84
:10EFA0000904C07841EA02210143BBF93E0007F0A1
:10EFB000B9FF8C4894F8F5100278914203D00170A3
:10EFC0009D2008F030F8884894F8091102789142A1
:10EFD00003D00170142008F026F8072204F1FD0187
:10EFE000824819F000FFE8B3DFF804A2DAF8000065
:10EFF000EDF708FB7D48D4F8FD106438832640F80F
:10F00000641FB4F80111818094F8031181714FF6E7
:10F01000FF77CDE9007677A3202206210120FBF7B8
:10F02000D2F9CDE90076202305221E210020FBF72E
:10F0300080F9CDE90076202305224E210020FBF740
:10F0400078F9CDE90076202305226E210020FBF718
:10F0500070F9CDE90076202305229E210020FBF7E0
:10F0600068F900E007E05748457688F80050DAF87C
:10F070000000EDF70BFB99F8630094F804114D467E
:10F08000884206D085F86310E22007F0CCFF07F035
:10F09000A3FE95F8640094F80511884206D085F81F
:10F0A0006410E32007F0BFFF07F096FE95F86500B7
:10F0B00094F80611884206D085F86510E42007F020
:10F0C000B2FF07F089FE95F8660094F807118842B0
:10F0D00006D085F86610E52007F0A5FF07F07CFE56
:10F0E00095F84F0094F80D11884206D085F84F101E
:10F0F000BDE8FC5FB22007F096BFBDE8FC9F2DE99C
:10F10000F041A0F51853483B1144C72B1AD864208E
:10F1100093FBF0F200FB1232002A7ED193FBF0F059
:10F12000C4B204EBC400354A00EB041002EBC0008B
:10F13000C822C91D19F002FE012C6ED1BDE8F041B4
:10F140002E4846E4A0F51C52103A4FF4B86701244B
:10F150001C4D1B4E1723BA421AD2B2FBF3F003FB2D
:10F160001020002859D1B2FBF3F0C7B2C7EB07104B
:10F17000234A00EB400010442D22C91D19F0DEFD8A
:10F1800000213846F1F79FFDF1F767FD2C7043E051
:10F19000A0F53052D03ABA4241D2B2FBF3F003FBB1
:10F1A0001020002839D1B2FBF3F0C0B2C0EBC0028E
:10F1B00028E032E0C40000608F000060AC00006016
:10F1C0008A010060801A03609B010060E301006017
:10F1D000E40100609701006098010060B4010060E4
:10F1E000520100608E0000609000006070390020C5
:10F1F000E80100602020202020000000761102603D
:10F200003CC5046002EB0010FB4AC91D02EB400044
:10F210002E2219F093FD6C703470BDE8F081A0F5DA
:10F220004852903AB2F5206F36D21420B2FBF0F378
:10F2300000FB1323002BF0D1B2FBF0F0C7B2C7EBF9
:10F24000C700DFF8B88300EB471202EB0800272263
:10F25000C91D19F073FD37B1012F09D0022F0DD050
:10F26000032F17D111E0E64998F81E00C87311E08A
:10F27000E248E44990F8450008700BE0DF48E249B5
:10F2800090F86C0081F8280004E0DC48DF49D0F8F1
:10F2900093000860AC70BFE7A0F57052903AB2F5E9
:10F2A000987F14D21320B2FBF0F300FB132363B951
:10F2B000B2FBF0F0C0B200EB800202EB4010D44A87
:10F2C000C91D1044252219F039FDAC71A4E7A0F541
:10F2D0007752A72A15D81520B2FBF0F300FB1323B1
:10F2E0006BB9B2FBF0F0C0B2C0EBC000C94A00EB92
:10F2F000400002EB40002A22C91D19F01FFD2C71AD
:10F300008AE7A0F57852683A432A12D81120B2FB56
:10F31000F0F300FB132353B9B2FBF0F0C0B2BE4AC6
:10F3200000EB401010442122C91D19F007FD6C713B
:10F3300072E7A0F5FA422C3AB2F5107F13D24820BA
:10F34000B2FBF0F300FB13235BB9B2FBF0F0C0B2E9
:10F35000B24A00EBC00002EB00109022C91D19F068
:10F36000EDFC2C7458E7A0F5FE426C3A5B2A14D8E9
:10F3700092FBF3F003FB102068B992FBF3F0C0B2EC
:10F38000C0EBC00202EB0010A54AC91D02EB400011
:10F390002E2219F0D3FC6C743EE7A0F5FE42C83A69
:10F3A000DF2A13D80E20B2FBF0F300FB13235BB966
:10F3B000B2FBF0F0C0B29B4AC0EBC00002EB800091
:10F3C0001C22C91D19F0BAFCEC7025E7A0F501401C
:10F3D000B138B0F5907FBFF420AF242290FBF2F358
:10F3E00002FB13035BB990FBF2F0C0B28E4A00EB54
:10F3F000C00002EBC0004822C91D19F09FFC2C760A
:10F400000AE77CB5894B0125894E5418B0F5FA6F8F
:10F410002DD0A0F5E061D3391BD0A0F5E061D13942
:10F420002ED0A0F5E061D5392DD0A0F5E061D4391A
:10F4300030D0891F1F2934D8C006B0F1504F21D1D8
:10F4400003F10A004021054619F091FCE11D40221C
:10F4500037E06079012815D108F051F87C21734814
:10F4600019F085FC3576FAF71BF8FFF793FA607907
:10F4700018703576FAF714F808F041F8FFF77DFABE
:10F48000607958707CBD6079217900EB0120A3F888
:10F4900005007CBD6079217900EB0120A3F8030011
:10F4A0007CBDA0F2FA710F2911D80007B0F1204FEE
:10F4B000F6D15E4820214A30054619F058FCE11D7E
:10F4C000202202B02846BDE8704019F037BCA0F5F4
:10F4D00000610A3924D0A0F500611639E0D1062177
:10F4E000A0F6160090FBF1F201FB12000028D7D124
:10F4F000207A8DF80000A07A8DF80100207B8DF82D
:10F500000200A07B8DF80300207C8DF80400A07C15
:10F510008DF80500684609F03BFA464805707CBD49
:10F520000C21A0F60A0090FBF1F201FB120000286A
:10F53000F5D1207A03F86A0FA07A5870207B987072
:10F54000A07BD870207C1871A07C5871207D9871A8
:10F55000A07DD871207E1872A07E5872207F98728C
:10F56000A07FD8727CBD70B5A0F51853483B6425C8
:10F57000C72B0AD893FBF5F0C1B201EBC10000EB39
:10F5800001102D4901EBC0017EE0A0F51C53103B9A
:10F590004FF4B8661724B34209D2B3FBF4F0C0B2FB
:10F5A000C0EB0010254900EB400001440EE0A0F53F
:10F5B0003053D03BB3420ED2B3FBF4F0C1B2C1EB37
:10F5C000C10000EB01100C4901EB4001B3FBF4F06A
:10F5D00004FB1032C5E0A0F54853903BB3F5206F13
:10F5E0002ED21420B3FBF0F1C9B2C1EBC10202EB81
:10F5F0004111024A33E0000045510020BA21026067
:10F6000000010060C400006014390020AC000060FC
:10F610006A1F02607488026084900260C48902607C
:10F62000089102603A350260448E0260889E036051
:10F63000801A03600F220020761102603CC504602E
:10F64000A0F57053903BB3F5987F0AD21320B3FB1B
:10F65000F0F1C9B201EB810202EB4111FE4A114403
:10F6600066E0A0F57853AC3BB3F57A5F11D293FB1B
:10F67000F5F0C0B20A21B0FBF1F101EB4100C0EBA3
:10F68000C110F64901EB001193FBF5F005FB1030BA
:10F6900066E0A0F57753A72B0BD81520B3FBF0F14C
:10F6A000C9B2C1EBC101EE4A01EB410102EB4101DC
:10F6B0003EE0A0F5FA432C3BB3F5107F09D2482079
:10F6C000B3FBF0F1C9B2E74A01EBC10102EB011152
:10F6D0002EE0A0F57853683B432B07D81120B3FBED
:10F6E000F0F1C9B201EB4111DF4AB8E7A0F5FE43E2
:10F6F0006C3B5B2B0ED893FBF4F0C1B2C1EBC100A5
:10F7000000EB0110D94901EB400193FBF4F004FB3D
:10F71000103025E0A0F5FE43C83BDF2B0DD80E20AE
:10F72000B3FBF0F1C9B2D24AC1EBC10102EB8101D6
:10F73000B3FBF0F200FB123213E0A0F50140B13848
:10F74000B0F5907F0DD2242290FBF2F1C9B2C94BE3
:10F7500001EBC10103EBC10190FBF2F302FB1300CB
:10F76000C2B231F8120070BDC349B0F5FA6F25D0AE
:10F77000A0F5E062D13A1FD0A0F5E062D23A1FD0E6
:10F78000A0F5E062D43A1DD0A0F5E062D53A1CD0D5
:10F79000B0F5FB6F1ED0A0F5E062D63A18D0111F6D
:10F7A0001F2919D8B448CA1701EBD2620A3022F0D7
:10F7B0001F02891AC9B21CE0487870470878704760
:10F7C00088787047B1F803007047B1F805007047BA
:10F7D000C8797047087A7047A0F2FA710F290BD8E0
:10F7E000A548CA1701EB12724A3022F00F02891A9B
:10F7F000C9B230F811007047A0F60A01032909D8F0
:10F800009D48CA1701EB92726A3022F00302891AEE
:10F81000C9B21AE0A0F60E01032909D89648CA1702
:10F8200001EB92726E3022F00302891AC9B20CE029
:10F83000A0F6120103290AD88F48CA1701EB927269
:10F84000723022F00302891AC9B2405C7047A0F6F8
:10F850001600052809D8884A7632062190FBF1F374
:10F8600001FB1300C0B2105C7047002070472DE907
:10F87000F34F8248CFB04FF0010B80F80CB04F9897
:10F8800003AE4FF0000970B302282DD004282BD00E
:10F890000624002049463154401C80B20628FAD381
:10F8A0005098DFF8DCA1051968780090E878A9780D
:10F8B00000EB012087B2687901900098032815D0E9
:10F8C000012813D006216F4B0C22AAF5C47C062810
:10F8D00075D00528FCD0102802F03084192802F0D9
:10F8E000098702F01EBFFFE70024D9E75098005DAA
:10F8F000305569783019029041700098032802D081
:10F90000012805D009E0019802994000887004E0C0
:10F910000198C01DC1080298817002988178C01CAE
:10F9200019F025FA0098012801D00025F8E30023FA
:10F9300041E0FA18082A19D20020DFF84CC101462C
:10F9400001EBC205C5EB051505EB4505654495F8CA
:10F950002550002D0BFA01F502D00543E8B200E076
:10F96000A843491CC9B20829EAD31FE0A2F140010B
:10F9700008291BD80020D500DFF810C10146A5F5E5
:10F9800000756A18C2EBC20808EB02120CEB4202C7
:10F9900092F82620002A0BFA01F202D00243D0B2DC
:10F9A00000E09043491CC9B20829EAD3E118314468
:10F9B0005B1CC8709BB201998B42BAD3EFE3EFE3B3
:10F9C0007819032807D804EB4501314481F80390E6
:10F9D0001AF800000DE2A0F59851EC397ED0042809
:10F9E0007DD005287CD008287BD006287AD007282F
:10F9F00079D00E2878D0092877D01A2876D01C28FC
:10FA000075D0162874D0172873D0182872D01928EA
:10FA100071D01B2870D00C286FD012286ED01328FC
:10FA20006DD00D286CD010286BD022286AD02328E6
:10FA300069D0202868D0242867D02A2866D01D28BD
:10FA40006FD0A0F57D41E83975D0A0F57D41E93949
:10FA500069D0A0F57D411BE06A1F0260068101604C
:10FA600074880260C4890260849002600891026018
:10FA70003A350260448E0260889E03600001006097
:10FA800014390020B42E04603CC5046045510020A8
:10FA9000EA3975D0A0F57D41F23972D0282871D0AD
:10FAA000292870D02B286FD05E286ED05F286DD0AB
:10FAB0002E286CD02F286BD030286AD0322869D0FD
:10FAC000332868D0312867D0622875D0632874D075
:10FAD000272873D0A0F16401052918E024E031E063
:10FAE00037E03DE044E058E05EE068E06FE072E05F
:10FAF0007AE083E08BE092E09AE0A1E0A9E0B1E057
:10FB0000B9E0C0E0C7E0CEE0D1E0D3E0D9E074D8FE
:10FB100004EB45013144504481F8039010F8510C36
:10FB200067E1D5E007E0DAE004EB45003044FB494B
:10FB300080F803905FE004EB45003044F84980F81A
:10FB4000039058E004EB45003044082180F803900E
:10FB500003E204EB45003044442180F80390FCE1CB
:10FB600004EB4500304480F803909AF80710F4E164
:10FB700004EB4500304480F803909AF80410ECE15F
:10FB8000B1E0BAE0C0E0C7E0CEE0D5E0DBE0E0E025
:10FB9000E7E0EBE0F3E0FAE001E104EB450030449C
:10FBA0000A2180F80390D8E104EB4500304480F846
:10FBB00003909AF80A10D0E1F6E0FDE003E104EBCF
:10FBC0004500304480F803909AF80B10C5E1D44802
:10FBD0007438C08F69E004EB4500D1493044743972
:10FBE00080F80390497BB8E104EB45003044CC49F0
:10FBF00080F8039022390978AFE1ECE004EB45008E
:10FC0000C7493044223980F803904978A5E104EBD4
:10FC100045003044C24980F8039022399CE104EB4E
:10FC20004500BF493044223980F80390C97894E1F7
:10FC300004EB4500304480F803909AF848108CE1BA
:10FC400004EB4500B6493044743980F80390C97B11
:10FC500083E104EB4500B2493044743980F80390E5
:10FC6000097C7AE104EB4500AD493044743980F8F1
:10FC70000390497C71E104EB4500304480F8039027
:10FC80009AF8271069E104EB4500304480F80390AE
:10FC90009AF80C1061E104EB4500304480F80390C1
:10FCA0009AF8231059E19F480088020AE5E09D4830
:10FCB00000681BE004EB450030449B4980F803904A
:10FCC00099E704EB45003044984980F8039092E7A7
:10FCD00004EB45003044964980F803908BE7904848
:10FCE000B0F80100E1E78E48D0F8010004EB4501CF
:10FCF0003144020ECA70000C7BE004EB4500304436
:10FD00008C4980F8039076E704EB4500304480F896
:10FD100003909AF8441020E104EB4500304480F849
:10FD200003909AF8451018E104EB4500304480F840
:10FD300003909AF8471010E17948743830F8581F4A
:10FD40008088084407E076487438D0E916100844E3
:10FD5000CCE7BAF8420004EB45013144030ACB700A
:10FD600047E06F487438B0F840009EE704EB450068
:10FD70006B493044743980F80390897BEDE004EBE3
:10FD80004500304480F803909AF84D10E5E004EB0C
:10FD90004500304480F803909AF84E10DDE060484A
:10FDA0007438B0F84200D6E704EB4500304480F8E0
:10FDB00003909AF85010D0E004EB450030445E49BF
:10FDC00080F8039017E704EB4500304480F8039077
:10FDD0009AF85110C1E06A280CD0A0F16B010329F8
:10FDE00010D804EB45013144504481F8039010F8D9
:10FDF0005C0C09E204EB4500304480F803909AF86B
:10FE00000E10AAE0A0F16F01032902D9091F0329EE
:10FE100008D804EB45013144504481F8039010F8B0
:10FE2000560CF1E1782835D0262836D01E2837D058
:10FE3000B0F5367F3CD0A0F50071D93922D0A0F5BD
:10FE40000071E1393CD0A0F580712B3940D0491EBA
:10FE5000642944D8C0EBC00138480844A0F580505C
:10FE6000374990F8CC0701EBD00100F007030A787E
:10FE70000BFA03F10A4000D0012204EB45013144A2
:10FE8000CA70C1E104EB4500304480F803909AF851
:10FE90005B1062E0BAF821005DE7BAF849005AE762
:10FEA00004EB4500304480F803909AF85A1054E06F
:10FEB00004EB4500304480F803909AF867104CE05A
:10FEC00004EB4500304480F803909AF8681044E051
:10FED00004EB450030441B4980F803908BE636283C
:10FEE00010D0372832D0382838D0A0F13B01022971
:10FEF0003BD804EB45013144504481F8039010F89D
:10FF0000130C81E104EB450030440F4980F8039065
:10FF100089880029BDD002211FE000008D2100202A
:10FF200074010060AC0000608F000060C4000060DD
:10FF30008E00006090010060940100609891036061
:10FF40005C95036044210020760B026004EB4500C1
:10FF50003044FF4980F8039089782DE204EB450096
:10FF60003044FB4980F8039045E65C280AD03E28DF
:10FF700010D0A0F1460109290ED80AEB400030F854
:10FF80005F0CE8E604EB4500304480F803909AF8F3
:10FF9000411011E2EF48C2E153284FD0542850D00D
:10FFA000502868D0512869D055286BD056286BD07E
:10FFB0005A2873D05B2873D0A0F50071CA3936D0A7
:10FFC000A0F50071DA3977D0A0F50071DB396FD078
:10FFD000B0F5377F6DD0A0F50071DD396AD0A0F59E
:10FFE0000071DE3967D0A0F50071DF396FD0B0F550
:10FFF000387F6DD0B0F5397F6BD0A0F50071E53951
:020000040802F0
:1000000068D0A0F50071E6396FD0A0F50071E7392E
:100010006CD0393906296AD804EB45013144504483
:10002000A0F5805081F8039090F83C0DECE004EBD3
:1000300045003044562180F80390BDE1BAF84B00EA
:1000400089E6C54890F82D00092803D00A2801D078
:10005000C24864E1C148C24942F210720088898DE9
:100060004843B0FBF2F1B0FBF2F00B0A04EB4501A0
:100070003144CB70C8E0BA48008C6CE6B848B0F8A0
:10008000440068E6B7484AE104EB45003044B6490D
:1000900080F80390AFE501E002E00DE0B3483EE1F7
:1000A00004EB4500304480F803909AF84F1083E148
:1000B0001EE03DE035E04CE09AF823000B280AD022
:1000C0000E28A5480BD0D0F88E01642220E051E024
:1000D00067E082E05CE0A048D0F84602F5E7D0F89F
:1000E000FE02F2E790FBF2F08EE0A1E0BBE0C8E098
:1000F0009AF823000B2802D00E2804D090E09648EE
:10010000D0F8740256E09448D0F82C034FF47A7279
:1001100090FBF2F10B0A04EB45013144CB70E1E7AF
:10012000F6E304EB45003044914980F8039062E522
:100130009AF823000B2805D00E28874806D0D0F85F
:10014000EA01C2E78448D0F8A202BEE7D0F85A0319
:10015000BBE79AF823000B2805D00E287E4806D06E
:10016000D0F8460226E07C48D0F8FE02CEE7D0F870
:10017000B603CBE79AF823000B2805D00E28BED192
:100180007548D0F8E403C1E77348D0F82C0311E0B8
:100190009AF823000B2843D00E2845D039E0FAE323
:1001A000FAE39AF823000B2810D00E286A4811D0E1
:1001B000D0F8A2024FF47A7290FBF2F14FEA112CC0
:1001C00004EB4501314481F803C08BE76248D0F865
:1001D0005A039BE7D0F8120498E79AF823000B28FB
:1001E00002D00E2811D014E05B484FF47A73D0F897
:1001F0008E0190FBF3F190FBF3F04FEA112C04EB2E
:100200004501314481F803C026E25348D0F8460244
:100210007CE704EB45003044494680F80390CBE08E
:100220004D48D0F8BC0171E74B48D0F874026DE737
:100230009AF823000B2812D00E28EAD146484FF432
:100240007A72D0F8A21291FBF2F091FBF2F14FEA30
:10025000102C04EB4500304480F803C0ACE03E486D
:10026000D0F8EA0152E79AF823000B2805D00E28AF
:10027000CFD13948D0F8D00248E73748D0F8180233
:1002800044E7B0F53E7F37D0A0F50071F9392BD0A7
:10029000A0F50071E93937D0A0F50071EA3935D001
:1002A000A0F50071EB3933D0B0F53B7F34D0A0F529
:1002B0000071ED392ED0A0F5407116392ED0A0F581
:1002C000407117392DD0B0F5467F2DD04C310A2919
:1002D0002DD888B2274A04EB4501314412F810307A
:1002E000CB7002EB40008CE104EB45003044224926
:1002F00080F80390497E5FE004EB450030441E49DE
:1003000080F80390097E57E01C4808E01C4806E08E
:100310001C4804E01C4802E01C4800E01C4800881F
:1003200019E51B48408816E51948808813E596288A
:100330003BD0972841D0982847D099284DD09A286B
:1003400053D09B2859D0A0F5807129392AD021E0BB
:10035000760B0260A2010060455100207609026020
:100360000001006062210020592100201E00006071
:10037000B821002020EB02603A350260AC21002059
:10038000AE210020B0210020B4210020B2210020A5
:10039000D0210020A0F5FA61642936D880B2FFF799
:1003A000E3F9D8E4BAF85800D5E404EB450030444A
:1003B00080F803909AF85210D1E304EB45003044E2
:1003C00080F803909AF85310C9E304EB45003044D9
:1003D00080F803909AF85410C1E304EB45003044D0
:1003E00080F803909AF85510B9E304EB45003044C7
:1003F00080F803909AF85610B1E304EB45003044BE
:1004000080F803909AF85710A9E3A0F5D851BC39A9
:100410007F292CD801EBD171C1F34701C007C1EB93
:10042000011000EB4001FE4872D001EB000898F883
:10043000230080BB98F92800A0F10C010A2911D9EA
:100440000B3907290BD800EBC00101EB0011F5486F
:100450000844A0F5805090F8C10D012802D098F80A
:100460002500B8E198F82500BAE14E9877E3A0F5A9
:10047000E0513C393F290FD8C9B2C1EB011101EB62
:10048000410204EB4500E6493044114480F80390F2
:1004900091F8241063E372E1A0F5E0517C393F2923
:1004A0000ED8C9B2C1EB011101EB410204EB4500CA
:1004B000DB493044114480F8039091F828104EE352
:1004C000A0F5E051BC393F290ED8C9B2C1EB0111EA
:1004D00001EB410204EB4500D1493044114480F85E
:1004E000039091F822103AE3A0F5E051FC393F293E
:1004F0000FD8C9B2C1EB011101EB410204EB450079
:10050000C7493044114480F8039091F8231026E342
:1005100045E1A0F5E8513C397F2903D9A0F29122A9
:100520007F2A46D87F2902D841F63C5101E040F2AB
:100530009121411A01EBD170C0F34700C907C0EB0C
:10054000C00101EB0011B84800EB410898F8280001
:1005500001D098B113E100283FF420AED8F81E0076
:1005600015F04CF8010E04EB450030444E90C1707C
:10057000D8F81E0015F042F8010C76E798F82D0027
:10058000A0F10C010A2911D90B3907290BD800EB6E
:10059000C00101EB0011A3480844A0F5805090F879
:1005A000C10D012802D098F8260014E198F8260021
:1005B00016E1A0F5E851BC393F290FD8C8B2C0EB0D
:1005C000C00202EB001204EB45019748314400EBF6
:1005D000420081F8039090F8220089E2A0F5E851EA
:1005E000FC393F290FD8C8B2C0EBC00101EB0011A4
:1005F0008D4800EB410004EB4501314410F82B3FDE
:10060000CB70407874E2A0F5F0517C393F290FD8C7
:10061000C8B2C0EBC00101EB0011834800EB4101FF
:1006200004EB4500304411F8283FC370497996E245
:10063000A0F5F051BC393F290FD8C8B2C0EBC002B9
:1006400002EB001204EB45017748314400EB420015
:1006500081F8039090F827004AE2A0F5F0513C3968
:100660003F290FD8C8B2C0EBC00202EB001204EB66
:1006700045016D48314400EB420081F8039090F849
:10068000290035E2A0F5F051FC393F2934D801EBBF
:10069000D171C1F34701C0074E91084616D0F8F753
:1006A0005FFA4FF47A7190FBF1F0010A04EB450018
:1006B00000EB060888F803104E98F8F751FA4FF44B
:1006C0007A7190FBF1F188F8041049E2F8F748FAE2
:1006D0004FF47A7190FBF1F0010E04EB450000EB52
:1006E000060888F803104E98F8F73AFA4FF47A7132
:1006F00090FBF1F0010CE6E7A0F5F8513C391F2919
:100700000BD84A4A04EB450131441044A0F500508F
:1007100081F8039090F8C400EAE1A0F5F8515C3943
:100720003F290BD8424A04EB450131441044A0F55F
:10073000005081F8039090F8A400D9E1A0F5F85199
:100740009C39FF2903D9A0F29112FF2A52D8FF2920
:1007500002D841F69C7101E040F29111411A01EB7F
:10076000D170C0F34700C907C0EBC00101EB4011D5
:10077000304814D001EB000898F82300A0B1D8F855
:100780001E0014F03BFF010A04EB450030444E907C
:10079000C170D8F81E0014F031FF014665E601EB88
:1007A000000898F82300D6E698F82600A0F10C017E
:1007B0000A2913D90B3907290BD800EBC00101EB2B
:1007C000001118480844A0F5805090F8C10D012888
:1007D00004D098F82400012804D01AE598F82400E1
:1007E0000128FAD004EB4500304480F8039080F8EB
:1007F00004B0B5E1A0F500519C397F291CD8C0EBAD
:10080000C00202EB40120B4804EB45013144104496
:10081000A0F5A02081F8039090F85E0868E1000040
:100820003CC50460221D026045510020C0390020F3
:10083000C55C0020BA210260A0F5045154397F291B
:100840000FD804EB45013144C0EBC00281F803909E
:1008500002EB4012FE481044A0F5A42090F85A0C78
:1008600046E1A0F50451D4397F290FD8C0EBC0026E
:1008700002EB4012F64804EB450131441044A0F568
:10088000A62081F8039090F8D70831E1A0F5045133
:100890001C39072910D8C0EBC00000EB4002ED481E
:1008A00004EB4501314400EB4200A0F5AE2081F895
:1008B000039090F887011BE1A0F504512439072922
:1008C00010D8C0EBC00000EB4002E24804EB450149
:1008D000314400EB4200A0F5AE2081F8039090F87F
:1008E000360005E1A0F504512C39072911D8C0EBD9
:1008F000C00000EB4002D74804EB4501314400EB57
:100900004200A0F5B02081F8039090F8EC0EEFE0E3
:1009100028E1A0F504513439072910D8C0EBC000F4
:1009200000EB4002CB4804EB4501314400EB4200B0
:10093000A0F5B02081F8039090F8980DD8E0A0F5CC
:1009400004513C39072910D8C0EBC00000EB40022D
:10095000C04804EB4501314400EB4200A0F5B02053
:1009600081F8039090F84F0CC2E0A0F5045144398F
:10097000072912D8C0EBC00000EB4002B54804EBD9
:100980004501314400EB4200A0F5B02081F803900E
:1009900090F8F90AACE0E9E077E1A0F504514C39B0
:1009A00003290DD800EB4012AB4804EB450131445C
:1009B0001044A0F58A2081F8039090F8530597E041
:1009C000A0F50451503903290DD800EB4012A2487C
:1009D00004EB450131441044A0F58A2081F80390CE
:1009E00090F8CE0484E0A0F5FE426C3A5B2A16D85B
:1009F0002E2092FBF0F192FBF0F300FB1320C9B222
:100A0000C1EBC103C2B203EB011104EB4500934BF0
:100A1000304403EB410180F80390895C9FE0A0F132
:100A2000C801082919D2CF280BD0CA280DD004EB51
:100A300045018B4A3144104481F8039010F8C80CEA
:100A400056E08748B0F807006AE404EB45003044FC
:100A5000834980F80390FFF77FBAA0F5B851703949
:100A60000B2907D87F4901EBC000A0F54040B0F842
:100A7000800455E4A0F5B8517C390B2907D8794991
:100A800001EBC000A0F54040B0F8240448E4A0F514
:100A9000B85188390B290FD8724901EBC000A0F575
:100AA0004040D0F8C4130A0C04EB45013144CA702D
:100AB000D0F8C003FFF71FB9A0F5D8515839312934
:100AC00007D8694901EB4000A0F58040B0F8500913
:100AD00026E4A0F51851483945F68842914209D8D4
:100AE00080B2FEF740FD04EB45013144C870000AB6
:100AF000087135E0A0F51C4040383B283FF672AE47
:100B0000C11700EB9172C2F38F0122F00302801A29
:100B10000004000C06D0012809D002280CD00328BC
:100B200014D01DE0514800EB4100008839E44F48E3
:100B300000EB4100C08B34E404EB45004B4A3044E9
:100B4000114480F8039091F83C1008E004EB450054
:100B5000464A3044114480F8039091F84B100171DB
:100B60006D1CADB201988542FEF42AAF4F9830B1AA
:100B7000022804D0042802D0052844D0D1E30098EC
:100B8000012812D00198032101EB4000C1B203A853
:100B9000FDF7B5FE0199020A06EB4101CA70087122
:100BA0004F98042813D0C8B1E8E702988078C01C99
:100BB000C1B203A8FDF7A3FE0299020A8B780DF1DA
:100BC0000F015A5402998A7804A95054E8E7019811
:100BD000F11C4200264818F0B1F8CFE752469AF8C7
:100BE0002600FDF7C3FE009892F82620012805D0C4
:100BF0000198052101EB400103A8F2E302988178F6
:100C000003A8491DF9E750981A49008840BA088599
:100C1000020A8DF80C208DF80D000198032101EBDC
:100C20004000020A8DF810208DF8110000988DF810
:100C30000E90012801988DF80F9024D004EB40020B
:100C40001446D21C03A90C4818F078F80B4817E09A
:100C5000BA21026074880260849002600891026088
:100C6000D0150060D8090160EC2A00203497036099
:100C70006A00026000010060B42E04601A220020A5
:100C8000E41C04807AE70219DAE74F98C8B1022819
:100C900051D004284FD0509800788DF80C0050980F
:100CA00040788DF80D008DF810908DF811104F9848
:100CB0008DF80E908DF80F90012815D0052826D0BC
:100CC00039E0564616F8260FFDF750FE3278082117
:100CD0005098FDF72BFE3078FDF748FE327808215A
:100CE0005098FDF723FE26E000202118509B401C61
:100CF00080B25B5C73540628F7D303AE0CF15C0C36
:100D000096E80B008CE80B00F948828713E000207E
:100D10002118DDF840C1401C80B21CF801C006F863
:100D200001C00628F4D30398186004985860059809
:100D30009860F04802800098DFF8BC83052847D00F
:100D4000A7F5D850BC384FF41071B0F5B36F34D25A
:100D50004FF4C076B04202D2E84A82F800B0A7F55C
:100D6000E8523C3AB2F5187F02D2E44A82F801B068
:100D7000A7F5F8529C3AB24202D2E04B83F802B097
:100D8000A7F504521C3A2F2A04D9A7F5FA422C3AA7
:100D90008A4202D2D94A82F804B0A7F504524C3AEA
:100DA000072A04D9A7F5FE426C3A5B2A02D8D34B36
:100DB00083F805B0D24B83F800B0032F7BD8CC4C1E
:100DC000A07E00F00101394376D0022F75D0D5E620
:100DD0003F2F74D8FEB2C6EB061000EB4001C948A5
:100DE0000C1894F823000028F1D1F7F762FEB04206
:100DF00094F92800A0F10C012EDD0A291AD90B392B
:100E000007290BD800EBC00101EB0011BE480844D4
:100E1000A0F5805090F8C10D01280BD0287900B1C1
:100E2000012018F08FFB08EB8611886230460FF026
:100E3000B2FC24E0287948B1002018F083FB08EBCD
:100E40008611886230460FF0A6FC23E00120F4E70B
:100E5000002016E0012014E00A291AD9A0F1170198
:100E600007290BD800EBC00101EB0011A64808448C
:100E7000A0F5805090F8C10D01280AD028790028EB
:100E8000E8D184F8250010F0FF0F06D04FF47A71F6
:100E900004E028790028DDD0DAE700213046F7F7B2
:100EA00024FD30460FF077FC4FF47A714843C4F8C4
:100EB0001E009249FAE35AE032E043E0FFE7403F88
:100EC0003F2F84D8F8B2C0EBC00101EB00118F486E
:100ED00000EB410090F82810F1B990F82D10A1F125
:100EE0000C020A2A12D90B3A072A0BD801EBC102CD
:100EF00002EB011284491144A1F5805191F8C11D02
:100F0000012903D0297929B1012103E02979002998
:100F1000FAD0002180F82610784880F801B02DE63C
:100F200069798AF8001028798AF80100564600206D
:100F300006F079F87178012006F075F8A07E40F08F
:100F4000010012E08007EAD469798AF80210287952
:100F50008AF803005646022006F065F8F17803206F
:100F600006F061F8A07E40F00200A07606E6062FAB
:100F700042D0082F50D00C2F53D0122F5FD0132FF8
:100F800068D01A2F78D01C2F6FD0102F6ED00D2F55
:100F90006DD0222F6CD0242F6BD02A2F6AD01D2F1A
:100FA00069D0A7F57D42E83A20D0A7F57D42E93A1D
:100FB0007DD0A7F57D42EA3A7AD0232F79D0202F31
:100FC00078D0282F77D0A7F13B02022A74D8D4B268
:100FD0000AEB0406687996F828105746814204D037
:100FE000B4B3012C69D0022C68D093E140486979F0
:100FF00074300170D12057E0697954468AF80410A2
:10100000062006F010F8424920790873414908701B
:10101000414981F8F200C8E069798AF80710082090
:1010200042E0334C6879E0736979092005F0FBFFF1
:10103000E17BED2005F0F7FF84F803B09EE52C4C32
:10104000687920746979522005F0EDFF022009E0EB
:1010500010E1FFE7264C687960746979532005F048
:10106000E2FF0320E07089E506E028E035E06BE070
:101070006FE077E089E09CE0687929791C4C00EB0F
:101080000120B4F93E108842D8D000231A4605F05A
:10109000DEFE6879297900EB0120E08729790C20B0
:1010A00005F0C1FF69790D2005F0BDFF66E587E019
:1010B00099E0ABE0BEE0D8E034E1E5E0ECE00C4CD8
:1010C0006A79637B9A42B9D00021084605F0BFFED9
:1010D0006879607369791920E6E768797F281DD0FF
:1010E0008E281FD08F28A9D0552821D046E5000092
:1010F000000100601A22002070B90260801A0360AB
:101100008A0100603CC50460221D02604551002038
:101110005F110260C400006076110260EEF7E1FC2E
:10112000FDF72BFCF848494680F81A909E20BBE753
:10113000F64981F800B02879C0EB00108100F4482E
:101140000180EEF7CEFC19E569798AF82710202096
:10115000AAE76879297900EB0120C1B28AF8231047
:101160000E20A1E769790029A0D0FF299ED0E94C83
:101170009C20217005F057FFE74D217815F8490FA5
:10118000F4F7C1FA20782870F8E4697900298DD045
:10119000FF298BD0E14C062021708AF8041005F05D
:1011A00042FFDD48217880F8F210002011F046FE61
:1011B000E4E46979012999D9D94801709D2073E740
:1011C000D14A2B79743252F8010F010C6879090465
:1011D00000EB0320084310606979D22005F023FF5B
:1011E0002979D32060E7C8496A7974312B7931F8BD
:1011F000010F02EB032280B240EA024008606979E5
:10120000D42005F010FF2979D5204DE7C54C687929
:101210002A79216800EB0220B0EB114F93D06FF3D5
:101220000F01084320606979A32005F0FCFE2979AD
:10123000A42014E0BB4C68792979226800EB0123D3
:10124000B3EB124FA0D0000400EB016091B2084450
:1012500020606979A52005F0E6FE2979A62005F031
:10126000E2FE206811F04DF988E469798AF84410AB
:101270009A2019E7C8B1022817D0072815D00128ED
:1012800013D0092811D047E078B102280DD00728E3
:101290000BD0082809D071E438B1022805D00728FE
:1012A00003D0012801D00928DED186F828000228C1
:1012B00002D12046FDF70BFB96F82800012801D04B
:1012C000092808D19849204681F800B0974981F84B
:1012D00000B012F0EDFE96F82800072806D1FBF7C3
:1012E00008FB012C02D1924981F8009016F8281FC2
:1012F00004F11D0005F097FE0021E92005F093FEA2
:10130000814930784F310855804981F800908049F3
:10131000A1F80090002CA7D17F4897F8281080F8FA
:10132000261074E25C2F1CD0A7F14602092A2DD8A2
:101330006879297900EB01200AEB470121F85F0C5D
:101340006FF04D0000EB4700297980B205F06BFE8D
:101350006FF04C0000EB4700697980B205F063FE46
:10136000EAE3697909B13C2995D35446222004F86F
:10137000411F05F058FE207830B16E49584681F87B
:1013800000B081F801B0F4E36B49B9E0532F29D0E4
:10139000502F36D0512F3FD0552F45D0562F51D0FA
:1013A0005A2F56D05B2F5ED0B7F53A7F61D02E2FE3
:1013B00067D02F2F7AD0312F71D0302F70D0622F7D
:1013C0006FD0632F6ED0272F6DD06A2F6CD0A7F10E
:1013D0006B02032A69D80AEB0700697900F85C1CE4
:1013E000E5E0FBE368792979544600EB012081B2FE
:1013F00024F84B1FB02005F016FE2088010AB1200A
:1014000052E64148B0F8441000298AD069792A7917
:1014100001EB02210184FAE16879297900EB0120CE
:101420003949A1F84400F2E16879297900EB0120FB
:10143000424980B20880424908806421B0FBF1F142
:10144000EC2031E63F4995F90500087081B2EE20A5
:101450002AE66879297900EB01203B4980B20880AF
:10146000EDF7E3FED3E169798AF84F106979B2208C
:101470001AE66879297900EB012080B20DF0B5F900
:10148000C5E16879297900EB0120AAF84200697961
:10149000E72005F0C8FD2979E62005E606E013E01F
:1014A00020E025E054E065E06AE074E0687929799D
:1014B00000EB01201449A1F840006979162005F0DD
:1014C000B2FD29791520EFE56879012807D040F2AF
:1014D000D2410D48A0F842106979EB20E4E540F2D2
:1014E000D341F6E708486979817369791720DBE50C
:1014F00069798AF850106979D62005F094FD13496E
:1015000081F8009083E10000000100609301006019
:10151000D00100608F00006076110260C40000609E
:101520008E000060AC000060C0220020C00500609A
:1015300058210020801A03608A0100606221002087
:1015400064210020592100201E00006097000060E7
:10155000FE4968790870012884D12879FC4938B19E
:101560000870FC48FC49806D0860FC4908604EE149
:101570000520F5E769798AF851106979CB2093E560
:1015800068790128BED8297900EB0120C1B28AF818
:101590000E102E2088E5A7F16F02032A02D9121F30
:1015A000032A06D80AEB0700697900F8561C3C3F6D
:1015B000B8E1782F79D0262F79D01E2F78D0A7F5D3
:1015C0004072163A61D0A7F54072173A71D0B7F55C
:1015D000467F6FD0B7F5367F6DD0A7F50072D93A48
:1015E0006AD0A7F50072E13A67D03F3A062A72D86E
:1015F000DB4C2068EBF706F868792979832500EB46
:1016000001200AEB0701A1F580514FF6FF7681F822
:101610003C0DD549D348D5A351F8642F40F8FD2F90
:101620008A88828089798171CDE90065202206212E
:101630000120F8F7C8FECDE90065202305221E2110
:101640000020F8F776FECDE90065202305224E2123
:101650000020F8F76EFECDE90065202305227E21EB
:101660000020F8F766FECDE9006520230522BD21A4
:101670000020F8F75EFEBE4981F819B0BD4981F837
:1016800000B02068EBF702F8C1E068792979BA4C1C
:1016900000EB012081B2218040F2271005F0C3FC4D
:1016A0002088010A4FF49470FEE407E0DBE013E0C9
:1016B0001FE028E03DE04CE035E050E06879297912
:1016C00000EB0120AAF8210069793D2005F0ABFC70
:1016D00029793C20E8E44DE06879297900EB012084
:1016E000AAF849006979C82005F09DFC2979C9202C
:1016F000DAE469798AF85A106979C72005F093FC11
:10170000EFF7ABFA83E0687929799B4C00EB012075
:1017100081B2618040F2291005F085FC6088010AE1
:101720004FF49570C0E469798AF85B106979E0201C
:10173000BAE468792979904C00EB012081B2A1804C
:1017400040F22B1005F06FFCA088010A4FF4967050
:10175000AAE469798AF867106979EA20A4E428790B
:10176000002891D1687902288ED88AF868006979B2
:10177000EF2099E4B7F53E7F2ED0A7F50072F93A35
:1017800022D0962F44D0982F48D0992F4CD09B2F01
:1017900055D0212F5ED0A7F5FA62642A7ED9A7F52D
:1017A000D852583A312A61D868792979734C00EBBC
:1017B000012004EB4701A1F58041A1F85009A7F5EC
:1017C000D85087380CD010E06D4869794176684967
:1017D000584681F803B0D7E3694869790176F6E79E
:1017E00094F85E100420E8F75AFFA7F5D85088381F
:1017F00004D194F86010E820E8F751FFA7F5D8501D
:101800008938AED194F862101820E8F748FF12E248
:1018100069798AF852106979BF200AE069798AF8F3
:1018200054106979C0200FE069798AF855106979F8
:10183000C42005F0F8FB474981F803B0FBE1697962
:101840008AF857106979C52005F0EDFB414803215E
:10185000C170F0E168796F2802D0582802D0EAE11F
:10186000FDF798F8474981F800B0E4E1464AA7F54A
:10187000B853703B541C0B2B11D8444800EBC700E5
:10188000A0F53B408038016801F4702101606E7959
:101890002B7906EB03260E43066015E0FEE3A7F561
:1018A000B8537C3B0B2B1AD8384800EBC700A0F587
:1018B0003B40DC38016801F4702101606B792E79BE
:1018C00003EB06230B43036002EB4700697980B208
:1018D00005F0A9FB04EB4700297980B227E4A7F5BE
:1018E000B852883A0B2A1FD8284800EBC700A0F549
:1018F0003C404038A7F5B0570188D53F89B2016018
:101900006A7941EA02410160818889B241602A799D
:1019100041EA024141606879297900F00F0001F045
:10192000F0010144B8B213E4A7F1C802072A71D844
:101930006879297900EB01211548C219C82F02F8EE
:10194000C81C2FD0C92F31D0CA2F23E094010060CA
:10195000D201006000010060A0210020D8010060D9
:10196000E8010060761102600C39002020000000C0
:10197000801A03608A010060D0210020EC2A002038
:101980003A3502609B01006074D1FFFFD809016005
:10199000D015006016D0CB2F1DD0CD2F25D0CE2F47
:1019A0002ED048E1F84A4378127802E0F64B0278EC
:1019B0005B78CDE90032CDF808908378C278417920
:1019C0008079F3E302784378EF49CDE90032CDF82E
:1019D00008908B78F2E702784378CDE90032EA4943
:1019E000CDF808908378CA78E9E702784378CDE9A2
:1019F0000032CDF80890E4498378C2784979DFE76E
:101A0000427803788DE80C028378C2784179DE4809
:101A1000D6E7FFE77F2870D800EBD070C0F3470609
:101A2000C6EB061000EB4001D8480C18D4F81E0095
:101A300013F0E4FDF8077DD094F82300DFF850A3FD
:101A400098B1F7F736F8B0420EDD08EB86176879E3
:101A5000796A5145297900EB01206CD117F072FDAC
:101A6000CC4917F094FBF861A5E0F7F722F8B042F3
:101A700094F92800A0F10C0162DD0A291DD90B3967
:101A800007290BD800EBC00101EB0011C248084444
:101A9000A0F5805090F8C10D01280ED008EB8617F4
:101AA0006879796A5145297900EB01202AD100B182
:101AB000012017F047FDF86129E008EB86176879E7
:101AC000796A5145297900EB012007D120B1002026
:101AD00017F038FDF86106E00120F9E770B1002049
:101AE00017F030FDB862AD4894F825100177304604
:101AF0000EF051FE20B1002012E070E00120EFE76F
:101B000001200DE000B1012017F01CFDB862A348D0
:101B100094F82510017730460EF03DFE0028EFD1F5
:101B200084F8250041B29D48027F91422AD080F876
:101B30001BB002E04FE038E0FEE380F81D9021E0AA
:101B40000A2917D9A0F1170107290BD800EBC0010A
:101B500001EB001190480844A0F5805090F8C10DA9
:101B6000012807D06879297910EB012008D00120DD
:101B700006E008E26879297910EB0120F7D000200F
:101B800084F8250094F8250010B14FF47A7100E034
:101B900000213046F6F7A9FE30460EF0FCFD4FF46A
:101BA0007A714843C4F81E0015E017F0CBFC794960
:101BB00017F0EDFAB86230460DF0C1F8754917F02C
:101BC000B4FA17F0E2FCC4F81E0017F0B2FC0146AC
:101BD0003046EFF746F8EFF740F8F0E3F0E3A7F50B
:101BE000E0507C383F280AD8C1B2C1EB011000EBAD
:101BF000400366486A79184480F828202BE0A7F54E
:101C0000E050BC383F2817D8C1B2C1EB011000EB3F
:101C100040025E48104490F82420012A02D16A79DB
:101C200080F822205E4A82F800B05E4A82F800B056
:101C30000122FAF76FF9BAE2A7F5E050FC383F2825
:101C400010D8C1B2C1EB011000EB40034F486A79D4
:101C5000184480F82320524B83F800B0514B83F88E
:101C600000B0E5E7A7F5E8503C387F287BD800EBCB
:101C7000D070C0F34706C6EBC60000EB06114A4819
:101C800000EB4104D4F81E0013F0B8FCF9070CD0A7
:101C9000020C29791204687902EB0122851894F963
:101CA000282052B1012A2CD034E069792A7980B2F7
:101CB00001EB022100EB014547E094F82D20A2F151
:101CC0000C030A2B13D90B3B072B0BD802EBC203D7
:101CD00003EB0213304A1A44A2F5805292F8C12D48
:101CE000012A04D000EB0120012804D006E000EB1B
:101CF0000120012802D084F826B00BE084F8269059
:101D000008E000EB01204FF47A71484313F076FCB1
:101D1000C4F81E0094F82700012816D194F82D006D
:101D2000192803D00F2801D01D280ED1D4F81E0089
:101D300013F064FC48B9102E02D21C4941F82690D9
:101D40000C2E02D21A4901F806B0284613F056FCB0
:101D50001349C4F81E00204681F801B0114981F8EA
:101D600000B027E0FFE7A7F5E850BC383F2824D8AB
:101D7000C0B2C0EBC00202EB00120B48697900EB65
:101D8000420080F8221067E0D01500603CC5046076
:101D900000007F4300007A44221D026000010060C1
:101DA000801A03608A0100604551002080390020BC
:101DB0000C300020FAF7AFF8F9E1A7F5E850FC384D
:101DC0003F2814D8C0B2C0EBC00202EB0012F848A2
:101DD000297900EB420080F82B10697980F82C10EB
:101DE000F44981F801B0F44981F800B0E2E7A7F5C1
:101DF000F0503C383F280BD8C0B2C0EBC00202EB19
:101E00000012EB48697900EB420080F8291023E0CA
:101E1000A7F5F0507C383F280ED8C0B2C0EBC00206
:101E200002EB0012E248297900EB420080F828100A
:101E3000697980F82D100FE0A7F5F050BC383F28E5
:101E400011D8C0B2C0EBC00202EB0012D8486979C9
:101E500000EB420080F82710D64A82F801B0D64A3B
:101E600082F800B0A6E7A7F5F8503C381F2804D840
:101E7000D24AC0B269791154AEE3A7F5F8505C3884
:101E80003F2804D8CE4AC0B2697911548FE1A7F532
:101E9000F8509C38FF2846D800EBD070C0F34700BC
:101EA000C0EBC00101EB4011C6480C18D4F81E006D
:101EB00013F0A4FBF9070AD02B796FF30F006A79AE
:101EC00000EB032094F82310104441B126E0697917
:101ED0002A7980B201EB022100EB01401EE094F868
:101EE0002610A1F10C050A2D13D90B3D072D0BD897
:101EF00001EBC10505EB0115B3492944A1F580515A
:101F000091F8C11D012904D002EB0321012904D05D
:101F1000C5E302EB032101297BD0BDE313F06EFB87
:101F2000C4F81E0067E3A7F500509C387F280AD844
:101F3000C0B2C0EBC00202EB4012A2486979104463
:101F400080F8221057E3A7F50450D4387F280AD828
:101F5000C0B2C0EBC00202EB40129A48697910444B
:101F600080F8231047E3A7F5045054387F280CD895
:101F7000C0B2C0EBC00202EB401292486979104433
:101F800080F8261037E388702AE3A7F504501C3840
:101F900007280AD8C0B2C0EBC00000EB40028B4853
:101FA000697900EB4200C17755E0A7F50450243869
:101FB00007280CD86979C0B201B10121C0EBC0007B
:101FC00000EB4002814800EB4200817743E0A7F537
:101FD00004502C3807280BD8C0B2C0EBC00000EB6F
:101FE00040027A48697900EB420080F8241032E020
:101FF000A7F50450343807280CD8C0B2C0EBC00095
:1020000000EB40027148697900EB420080F8201033
:1020100021E03EE3A7F504503C3807280BD8C0B2B6
:10202000C0EBC00000EB40026848697900EB420059
:1020300080F827100FE0A7F50450443807280FD880
:10204000C0B2C0EBC00000EB40026048697900EB11
:10205000420080F821105749584681F804B0BFE289
:10206000A7F5FA402C3888422CD2482290FBF2F196
:10207000CBB290FBF2F102FB1101CC1701EB5471D2
:1020800090FBF2F402FB1400C21700EB527222F034
:102090000702801AC1F3C701C0B200E025E103EBDB
:1020A000C3044B4B2A7903EB041303EB011101EB3F
:1020B00040035A706A7901F810203E49584681F869
:1020C00010B08DE2A7F504504C38032807D8C0B2F1
:1020D00000EB40123F4869791044C1770DE0A7F545
:1020E0000450503803280DD86979C0B201B10121DC
:1020F00000EB40123748104481772E49584681F84A
:1021000005B06DE2A7F5FE476C3F5B2F4FD82E213F
:1021100097FBF1F097FBF1F2C0B2C0EBC00303EB09
:10212000001001FB12712C4BC9B203EB40006A791D
:1021300042542049584681F811B051E24F98A0B35B
:1021400002284FD004284DD00528509800788DF8EB
:102150000C00509840788DF80D008DF80E908DF899
:1021600010908DF80F908DF811104FF0000056D0A0
:102170002118509B401C80B25B5C73540628F7D337
:1021800003AE0CF15C0C96E80B008CE80B001348D6
:102190008287642F57D0A7F2CB200A287ED8A8794F
:1021A000142804D800200E498CE01BE02CE176E0D6
:1021B00045510020801A03608A010060C039002068
:1021C000C55C0020BA210260221D02607488026092
:1021D000C48902608490026008910260000100607E
:1021E00020EB02605098016800918088ADF80400EF
:1021F00006216846FCF783FB010A8DF806108DF86E
:1022000007004F980028C4D1524612F8260FFCF759
:10221000ADFB127808216846FCF788FBB9E7211866
:10222000DDF840C1401C80B21CF801C006F801C0B6
:102230000628F4D3039818600498586005989860AD
:10224000FE480280A5E7FE4E307840B3A8790C28FE
:1022500011D1297A8AF81310A97A8AF81410297BE7
:102260008AF81510A97B8AF81610297C8AF81710AD
:10227000A97C8AF8181054469AF81310282004F004
:10228000D2FE217D292004F0CEFE617D2A2004F0BB
:10229000CAFEA17D2B2004F0C6FE01E01CE054E044
:1022A000E17D2C2004F0BFFE217E2D2004F0BBFE3A
:1022B00086F8009035E2509A23181A44D2790A54CD
:1022C000401CC0B2AA798242F5D8DE4880F800B03E
:1022D000DD4880F818B024E2B7F58C7F0CD0C82F09
:1022E0005ED0A7F5FA6064286BD8DDE94F3221464D
:1022F0003846FDF786F814E2A879202825D1A87A77
:10230000DC2822D3A87B297C2A7D00EB0120A97C34
:10231000090401EB02614418287B401CC0B2FAF7A3
:10232000C7FACDF8009003462A7B287A2146FAF7AF
:1023300096F9C64CC64E00E0D9E1012806D0287AAD
:102340006946FAF74FF9012816D0EAE1C14FC24BAE
:10235000A97A3878C0EBC0021A4404EB001002F8E6
:10236000011C05F115011022103816F0E7FC397830
:10237000314401F801BCD4E19DF80000B64BC0EB3C
:10238000C0021A44A97A917105F1150104EB0010FD
:10239000102216F0D3FC9DF8001006F801B0C0E141
:1023A0006879082832D1A87908280BD0287A50F00B
:1023B00080002872287B1CD040F080001BE08DE05C
:1023C000EEE124E0E87950F08000E871687A02D00C
:1023D00040F0800001E000F07F006872A87B6A7B1B
:1023E000CDE90020CDF808902B7BEA7A697A287A2B
:1023F0000AE000F07F002873287DA97D8DE80302A4
:10240000AB7C2A7C297BA87AE8F764FE89E1A7F5F2
:102410001850483845F68841884205D82146384644
:10242000509AFCF76CFE7CE1A7F59850EC3807D089
:10243000A0F5FA607F286ED8697902292AD04DE08C
:102440006879072823D1A87A297B2A7C00EB012010
:10245000A97B824C090401EB02610844C4F8010025
:10246000A87C6071297DA171FAF72CFC0346012834
:1024700001D9431EDBB2D4F80120A1796079F9F7C4
:10248000F2FF042804D003202070FAF79AFB48E1F9
:102490000220F9E700EBD070C0F34704A87A697A0C
:1024A000EA7900EB0120297A090401EB0261451861
:1024B000284613F0A3F80146C4EB041000EB4002D9
:1024C00067481044C0F81E1090F823205AB10846FF
:1024D00017F02FF801462046EEF7C3FB5A4958463D
:1024E00081F800B07CE090F92810A1F10C020A2AD2
:1024F00012D90B3A072A0BD801EBC10202EB0112E9
:1025000058491144A1F5805191F8C11D012903D00A
:10251000012D03D006E013E0012D03D0594680F8C9
:1025200025B002E0494680F8259011F0FF0F02D057
:102530004FF47A7100E000212046F6F7D6F9CDE796
:10254000A7F5E8503C387F284DD86979022943D156
:1025500000EBD070C0F34702A87A697AEB7900EB00
:102560000120297A090401EB03610844C2EBC2018E
:1025700001EB02133C4901EB430494F8281021BB02
:1025800094F82D100C2909D3C2EBC20303EB4213BC
:10259000364A1A4492F82620162A12D9A1F11702B7
:1025A000072A0BD801EBC10202EB01122D4911449D
:1025B000A1F5805191F8C11D012902D0012802D056
:1025C00004E0012802D084F826B001E084F82690C7
:1025D00013F014F8C4F81E001B49584681F801B0E6
:1025E000184908709DE0A7F5F8509C38FF2859D885
:1025F0006979022902D058461349C4E400EBD0702F
:10260000C0F34701A87A6A7AEB7900EB02202A7AB4
:10261000120402EB03621044C1EBC10202EB41124F
:102620001249541894F8231000297FF44FAC94F801
:102630002610A1F10C020A2A2CD919E01A22002036
:10264000000100608A010060801A03602C89036029
:102650006C8F03604C210020989103608D21002035
:102660003CC50460221D026045510020BA21026071
:102670000B3A072A0BD801EBC10202EB0112FE490B
:102680001144A1F5805191F8C11D012902D0012802
:1026900002D004E0012802D084F824B03EE484F89B
:1026A00024903BE4462F3CD1A879142839D1012548
:1026B0004FF03D0B4FF03C085746509804EB450156
:1026C0000E18B079717900EB012007EB4501A1F8F4
:1026D0002B00717908EB450004F0A5FCB1790BEBF8
:1026E000450004F0A0FC6D1CEDB20A2DE5D902F006
:1026F0007BFE16E04F98D0B1022818D00020694622
:10270000509A024492790A54401CC0B20428F7D36C
:1027100004216846FCF7F3F8010A8DF804108DF8DF
:102720000500D64981F80C9051B0BDE8F08F509863
:102730000721005D8DF8000068788DF801009AF897
:1027400004008DF802009AF800008DF803009AF852
:1027500001008DF804009AF802008DF805009AF83F
:1027600003008DF8060054466846FCF7C8F8020AD4
:102770008DF808004F988DF807200028D1D168788F
:102780001928CED12079A9788842CAD8E978884218
:10279000C7D314F8260FFCF7E9F822780921684618
:1027A000FCF7C4F8BDE7B548007B002802D1B44966
:1027B000FDF75DB87047B148FF21817041707047E7
:1027C00070B5AF4D04466978122951D0AB4EF28CEA
:1027D000921EFF290CD0192925D0032917D00629CC
:1027E00015D0102913D0012911D0052942D10EE0AE
:1027F000A87854283ED1E87845283BD128794D283F
:1028000038D16879432835D1A8794F2832D1D1B24F
:102810009B48FCF774F8F18C294431F8021C49BA42
:10282000814225D026E004219548FCF768F86979B3
:102830002A7901EB022181421CD1AA78E9788A42E7
:1028400001D3084600E0104600D31146844211D35C
:102850008C420FD816F060FA142190FBF1F201FBC4
:102860001200C1B2002001E0401CC0B28842FBD37C
:10287000012070BD002070BD824810B590F828007E
:10288000022801D0002807D17F48D0F8A0010022FB
:102890007A49012801D04A8510BD488D401C80B27C
:1028A00048856428F8D94A85002004F01CFCBDE85E
:1028B00010400020FCF70BB808B51920009001214A
:1028C0007248704E002480F84610DFF8C4B1DFF87B
:1028D000B0916A4D274686F8264080464FF00A0A96
:1028E0000098E9F7CCFD8BF800A0B8F81410491C4B
:1028F000A8F81410FFF7C0FF6648B0F86010A1F503
:10290000A850B33803D164480068E9F77BFE96F815
:1029100028000228E4D15B494FF4FA72BC315848D0
:1029200016F00CFAA87C2875698CE984022817D067
:10293000641CE4B2642C03D900242046FBF7C7FFD3
:102940002F7596F828000228CAD1687D0028C7D0C4
:10295000401E10F0FF006875C2D1FBF7B8FFBFE75B
:1029600099F8030099F802104C4600EB0120C0B220
:10297000FFF726FFF8B160783179FF28207804D07E
:10298000884210D0FF280ED019E0884201D0FF28DD
:1029900015D196F826000022A030C3B2114638485F
:1029A000F3F784FD0BE00020FBF7E0FFFFF703FFE8
:1029B000FFF7F9FE03E039490888401C0880002031
:1029C000FBF785FF2F750024BBE71CB52B494FF49F
:1029D00000626031CDE90001002331A1AFF2271080
:1029E000E9F7D7FB1CBD70B5244C264E012020858D
:1029F00096F82800022800D010B90020FBF767FFE6
:102A000096F82900022800D010B90120FBF75FFFDB
:102A100096F82A00022800D010B90220FBF757FFD1
:102A20000025A4F84850A5746584A4F84A50E574BC
:102A3000A584E584257565871049A5727A31E583FB
:102A4000FA200880488088800020EAF79CFBA06676
:102A50000020EAF798FB20670020EAF794FBE06685
:102A60000020EAF790FB6066257396F8280002289C
:102A700000D018BB04481BE0221D0260000100606A
:102A8000B83D002014390020000021423497036033
:102A900091010060EC2A0020C40100607A2100202E
:102AA0006D61696E73657261696C7461736B00004E
:102AB000C0F8A051A4F84850A5746584032060763E
:102AC000A075607570BDF84A517893784140F74819
:102AD000405C58405070F648405C90707047012050
:102AE0007047F44991F82A00092809D0012807D035
:102AF00091F82800092805D0012803D0FF2070474D
:102B0000022070470020704770B50446022915D88E
:102B100003D14FF04001E84D04E061B101290DD12E
:102B2000E64D40212846E7F738FB21462846BDE818
:102B30007040E7F7CABA4021E14DF3E770BD70B5C8
:102B4000E04900EBC0004418D748B0F846504FF4B5
:102B5000FA70854200D3054694F9000000F0E2FCCB
:102B6000D4F80110064600200880D4F80500294654
:102B700016F0FDF894F900003146BDE8704000F011
:102B8000E5BCC948022AA0F8461009D822B105D0F0
:102B9000012A05D10120D2E70020FCE70220FAE754
:102BA00070472DE9F0478846824602292DD8002536
:102BB00029E0C44908EBC800441894F9000000F06B
:102BC000B1FC8146D4F801000088B7490746B1F846
:102BD0004610884201D3012600E000262EB1D4F829
:102BE00005103A46B84816F0A9F894F9000049468D
:102BF00000F0ACFC16B13846BDE8F0870220E9F7DA
:102C00003EFC6D1CADB25545D3D30020F4E72DE951
:102C1000F05FA8480026DFF8B49290F82600AC4F89
:102C2000A14C012540F2255140F2277BB8B3012881
:102C30007ED1DFF888828A464046E7F7B1FA01285C
:102C400077D059464046E7F7ABFA012870D178684B
:102C5000A049401C78602576E571E08E4546095C08
:102C6000401CE0864046E7F730FAE08E218E88422D
:102C70005ED340212846E7F789FA0028F9D04021A1
:102C80002846E7F78AFA002259462846E7F7D1F99D
:102C9000E68626860120BDE8F05FFBF718BEDFF868
:102CA00020A240F225515046E7F77AFA012824D0B5
:102CB00059465046E7F774FA012876D1E5756571F3
:102CC00038688549401C3860A08E5546095C401C18
:102CD000A0865046E7F7F9F911F00DFAA08EE18DC4
:102CE000884262D3A846002742F210754021404630
:102CF000E7F74CFA002874D0ADE02571D9F8001040
:102D0000694F491C7A37C9F800103888AB464FF034
:102D1000FA0810B34FF4FA71884200D93980388824
:102D2000B4F84810634DBC35884219D9202101E020
:102D30003BE099E05046E7F730FA40F22551504623
:102D4000E7F74DFA5046E7F7C4F9B4F848106A18A7
:102D5000491CA4F84810107005E0A7F80080DEE7D1
:102D60000020FBF7B4FDB4F8480001281FD0B4F8E8
:102D70004800102103281FD0B4F84800042823D0AD
:102D8000B4F8480007282DD0B4F848000E2843D0E6
:102D9000B4F84800618C884207D3434902204C3183
:102DA000A07481F800B0A4F84860BDE8F09FA4F8D2
:102DB0002280A7F8008012E06878192802D0FF2846
:102DC00030D0F2E706201CE0E978A87801EB00207B
:102DD0000A28EAD168780628E7D10C206084607E52
:102DE00031E032E0687803280AD0062808D00128AC
:102DF00006D0052804D0102805D0A4F82280D4E7F6
:102E000008206084D1E76979092000EB41006084E3
:102E100032488079083016E06878FF28C5D1687A92
:102E2000642801D26184C0E7697B287B01F001013D
:102E300000EB0121E87AAA7A801A401C484310303E
:102E40006084388064206075AFE738467F1CBFB26D
:102E5000A842FFF44BAF002259464046E7F7E9F895
:102E6000A686E685002016E7D9F80410491CC9F8A3
:102E70000410A571B4F84A00194DB0F5F97F31D8A6
:102E8000202146464046E7F788F951463046E7F7A5
:102E9000A6F93046E7F71DF9B4F84A106A18491C3C
:102EA000A4F84A10107020E000010060C83E050838
:102EB000C83F050814390020004800400044004085
:102EC00000380140C8400508AC3F00201489036069
:102ED000208903600C32002018300020B83D00200B
:102EE000C43B00200120FBF7F2FCB4F84A000128A3
:102EF0000FD0B4F84A0004280DD0B4F84A000728CF
:102F000014D0B4F84A00A18C88428CD30220E0741B
:102F10004BE7082011E0E878A97800EB01200A28A7
:102F200092D1687806288FD10C2006E068781028A6
:102F30008AD16979092000EB4100A08435E710B5FA
:102F40000446FF2180780FF06EFA0146E0780FF01A
:102F50006AFA014620790FF066FA014660790FF0AF
:102F600062FA0146A0790FF05EFA0146E0790FF0AF
:102F70005AFA552801D0012010BD002010BD2DE9BE
:102F8000F05FDFF8FC83FF4FDFF8FC93002401269D
:102F9000FE4D4FF0550B40F2277A02280BD0002847
:102FA00075D111F0A8F840F22551F948E7F7F8F883
:102FB00001286DD0A6E011F09EF840F22551F548A9
:102FC000E7F7EEF8012832D12E72D8F80810F14850
:102FD000491CC8F80810E7F77CF8C0B280460146E3
:102FE000ED4810F0E4FC688FFA281ED2688FEB4998
:102FF0000B18401C688783F80080688F084410F81D
:10300000010C552802D181F800B06E87688F08281E
:103010000DD1087855280AD14878FF2807D1DF4814
:10302000FFF78DFF18B9BC7001E0BE706C87D94FF7
:1030300051463846E7F7B4F8012828D111F05BF87B
:10304000D749288F095C401C28873846E7F73DF8A8
:10305000288F698E884213D340213846E7F796F8C7
:103060000028F9D040213846E7F797F8002251466A
:103070003846E6F7DEFF2C876C860220FBF727FC3C
:10308000EE726E72D9F80810491CC9F808108CE667
:103090002E71D8F80010BE48491CC8F80010E7F798
:1030A00018F8C0B280460146BB4810F080FCB5F865
:1030B0004800FA2823D2B5F84800BA490B18401C3A
:1030C000A5F8480083F80080B5F84800084410F8D7
:1030D000010C552803D181F800B0A5F84860B5F877
:1030E000480008280ED1087855280BD14878FF28C9
:1030F00008D1AC48FFF723FF20B93C7002E03E70D6
:10310000A5F84840A24F51463846E7F749F801284C
:10311000BDD110F0F0FFA449A88EB846095C401C50
:10312000A8863846E6F7D1FFA88EE98D88421BD3E2
:10313000002701E07F1CBFB240214046E7F726F898
:103140000028F7D099484021A0F8547047464046DF
:10315000E7F723F8002251463846E6F76AFFAC86C7
:10316000EC850020FBF7B3FBEE756E71D9F800100B
:10317000491CC9F8001018E62DE9F05F894EDFF808
:103180000C92BC3E7E4C96F82400DFF8FCB17F4DDB
:1031900040F225514FF0090A4FF0020809F14C099D
:1031A000012738B102287DD17A48E6F7F9FF0128D6
:1031B00079D04EE17648E6F7F3FF012818D0744E37
:1031C00040F2277841463046E6F7EAFF012869D108
:1031D0007549A88E095C401CA8863046E6F775FF45
:1031E00010F089FFA88EE98D88427CD3002481E00D
:1031F0002F712068401C2060B5F84800694CB0F57C
:10320000F97F0AD86248E6F764FFB5F848106218FB
:10321000491CA5F84810107002E00020FBF757FB8E
:103220002078552829D16078FF2826D1A078012858
:1032300023D1607908BBA079F8B95D48017859B10C
:10324000077096F82800072801D186F828A0594968
:10325000A86D08605849086096F84F00002821D1F1
:1032600096F8280007280CD186F8288089F8007085
:10327000F9F73FFB0020FBF72AFB96F84F000028E8
:1032800010D1B5F84800062805D12078FF2802D1D2
:10329000607819280CD0B5F84800082802D1607869
:1032A000032801E044E044E042D1E07900283FD027
:1032B00035F8480F801EC1B23A48FBF720FB298839
:1032C0002A88214411F8011C224412F8022C01EB37
:1032D000022181422CD186F8288089F80070F9F704
:1032E00008FB002000E01CE0BDE8F05FFBF7EFBA50
:1032F000641CA4B240213046E6F748FF0028F7D00E
:103300002A484021A0F852403046E6F746FF002206
:1033100041463046E6F78DFE0020A886E885FBF79B
:10332000D6FAEF756F71DBF80010491CCBF800106E
:103330003BE52F72A068401CA060688F174CB0F569
:10334000FA7F08D21348E6F7C4FE698F6218491C59
:103350006987107002E00220FBF7B9FA96F84F0077
:1033600060BB688F062805D12078FF2802D16078DD
:10337000192827D0688F08283FD1607803281EE0DD
:1033800014890360A80000602089036000010060C8
:103390000038014000480040284F0020F43500204C
:1033A00000340020D039002018300020EC2A002002
:1033B00094010060A0210020D80100601DE01CD114
:1033C000E079D0B1688F801EC1B26748FBF797FAE9
:1033D000698F6A8F214411F8011C224412F8022CD3
:1033E00001EB0221814208D186F82A8089F8027017
:1033F000F9F77FFA0220FBF76AFA2078552828D1DE
:103400006078FF2825D1A078012822D1607900BBFF
:10341000A079F0B95548017859B1077096F82A009B
:10342000072801D186F82AA05149A86D08605149A2
:10343000086096F84F0060B996F82A00072808D16E
:1034400086F82A8089F80270F9F753FA0220FBF710
:103450003EFA494C40F2277631462046E6F7A0FE78
:1034600001287FF465AF4549288F095C401C2887F7
:103470002046E6F72AFE10F03EFE288F698E88422D
:1034800014D340212046E6F781FE0028F9D04021E0
:103490002046E6F782FE002231462046E6F7C9FDC7
:1034A0000020288768860220FBF711FAEF726F72FE
:1034B000DBF80810491CCBF8081076E430490222EA
:1034C00091F82A00022806D0012808D0092806D041
:1034D00081F8242050E681F82620FFF798BB0220CF
:1034E0004DE52749012081F82600FFF790BB2449CC
:1034F000002291F82800022806D0012808D00928C7
:1035000006D081F8242037E681F82620FFF77FBB1C
:10351000002034E51B48407C70477047184890F8FD
:10352000230070474109890001F1E021D1F8003101
:1035300000F01F02D34003F0010001239340C1F8C3
:103540008031BFF34F8FBFF3608F7047002909D0E0
:1035500000F01F02012191404009800000F1E020AD
:10356000C0F8001170470000F4350020940100609D
:10357000A0210020D8010060004800400034002055
:103580001439002000010060FBF7F7F9FEE7FBF7B4
:10359000F4F9FEE72DE9F047FE4ADFF8FC83FF4C23
:1035A0001078002688B3FE490878401CC0B2087025
:1035B000142800D91670FB4DA87800287ED0DFF8BB
:1035C000E89301287BD003287AD099F84100C0EB1A
:1035D00000108000B8F814104246491CA8F81410D6
:1035E000A8F81600698BA8F818104B1C6B83814251
:1035F00064D9518B0027491CA8F81A100120F5F74F
:10360000CFFA0020215CE9BB63E0FFE7F5F7DEFCC1
:103610000700D0D0B8F84C000025401CA8F84C009A
:10362000B8F85E004146FF2802D2401CA1F85E00B7
:1036300098F85E100420E7F732F8F80706D02078F3
:10364000012803D00020F5F78AFC0125B80707D52B
:103650006078012804D00120F5F781FC45F00205CF
:10366000780707D5A078012804D00220F5F777FC69
:1036700045F00405F5F7AAFC45EA07214246A8F8FB
:103680005A1000E02AE020B141F40041A2F85A109B
:1036900004E01DB132F84E1F491C1180C3490028B7
:1036A000B1F80110A8F8581085D02078012882D0F0
:1036B00060780128ADD0A078012802E01BE004E08A
:1036C00005E0A6D0FBF759F975E70A2082E701204B
:1036D00080E7401CC0B21A2894D337B1B8F81C1048
:1036E000491CA8F81C10F5F7DBFE99F8410020B141
:1036F0000220A8706E83BDE8F087AE70FAE72DE96E
:10370000F04F8DB06921A84815F031FBA64F002479
:103710003919204603F078FC641CE4B2042CF7D37A
:1037200000246D46291904F1A30003F06DFC641C0C
:10373000E4B2042CF6D39DF800009DF801109DF82A
:10374000032000EB01209DF80210090401EB026147
:1037500008449749421C086002D0B0F5800F0AD394
:1037600038787A78FB7800EB0220BA78120402EB02
:10377000036210440860F91D082003F045FC002492
:10378000AB460BEB040104F1A70003F03DFC641C05
:10379000E4B2042CF5D3391D062003F035FC38794A
:1037A0000125FF2800D020B929463D71062003F0ED
:1037B0003AFC8049387908707B492020273103F092
:1037C00023FC97F827000024012801D987F8274017
:1037D00075492E200E3103F017FCB87B022804D364
:1037E000BC7300212E2003F01EFC6F490E202331F4
:1037F00003F00AFC97F823000E2801D987F823501C
:103800006D4864210180C82141804FF49671818008
:103810004FF4C871C1804FF4FA7101814FF41671F1
:1038200041814FF42F7181814FF44871C1814FF470
:10383000617101824FF47A7141825B490F200A3134
:1038400003F0E2FBB87A052304265C495C4A4FF09A
:10385000060A4FF00208312807D397F82300012801
:103860004AD002284DD0042850D097F823000128D0
:1038700044D0052842D0022845D0062843D003284A
:103880004CD00A2860D0B0B3042842D0072840D0DA
:103890000C2862D0092864D00B2862D00E2862D090
:1038A00014700C70B87B10B1012800D0BC730026D6
:1038B000B94609EB060707F10F0106F12F0003F0E7
:1038C000A3FB07F1190106F1330003F09DFB07F19B
:1038D0001D0106F1370003F097FB761CF6B2042EAB
:1038E000E7D36946FE2003F08FFB9DF80000FF2818
:1038F0003DD088B370E02BE087F823300C200870AF
:103900001AE087F823A081F800A02EE0072087F8AE
:1039100023000820087082F800A0C3E70E70294E2B
:1039200082F8008096F8D70040B10320107096F816
:10393000040128B11078401C1070B3E70B70F6E753
:103940000878401C0870ADE70D7082F80080A9E788
:103950000A2008701470A5E709E081F800A0137030
:10396000A0E70B7001E00720087016709AE7552158
:10397000FE2003F058FBE5F78CFB15F0D7F915F0A6
:10398000CBF981B22B2003F04EFB15F0C5F981B2C3
:103990002C2019E0A0200020EC2A0020801A0360CF
:1039A000A12000208801006014390020D01500609B
:1039B000AC000060C40000608E970360C20000602D
:1039C000BD2000203CC5046003F02DFB15F0A4F9D8
:1039D00081B22D2003F027FB00264F46B91906F1CE
:1039E0002800133103F010FB761CF6B2062EF5D337
:1039F000F87CE0B10026397E282003F014FBF97D25
:103A0000292003F010FBB97D2A2003F00CFB797DFF
:103A10002B2003F008FB397D2C2003F004FBF97CFC
:103A20002D2003F000FB761CF6B2062EE3D3F87BC4
:103A300060B9387C50B9787C40B9B87C30B9C020C6
:103A4000F873A82038747C740320B87497F82A009F
:103A5000012807D0092805D097F82800012801D0AF
:103A6000092801D1FE48057069463D2003F0CCFAD3
:103A70000BF101013C2003F0C7FA9DF800009DF80E
:103A8000011000EB012080B2A0F57F46A7F82100CD
:103A9000FF3E00D060B94FF4FB71A7F821103D2024
:103AA00003F0C1FAB7F82100010A3C2003F0BBFA89
:103AB0006946C82003F0A8FA0BF10101C92003F000
:103AC000A3FA87F85340E749BF2003F09DFAE54980
:103AD000C020891C03F098FA97F85200022805D9F3
:103AE00087F852400021BF2003F09DFA97F8540058
:103AF000022805D987F854400021C02003F093FA2A
:103B0000D84987F85640C91CC42003F07DFAD5492E
:103B1000C520491D03F078FA97F85500022805D909
:103B200087F855400021C42003F07DFA97F857002C
:103B3000022805D987F857400021C52003F073FA01
:103B40009DF800009DF8011000EB012080B2A0F567
:103B50007F41A7F84900FF3902D008B1FF280CD1F6
:103B60004BF6C021A7F84910C82003F05CFAB7F85B
:103B70004900010AC92003F056FABA49C7200831A2
:103B800003F042FA97F85A00FF2801D187F85A400B
:103B9000B449E020093103F037FA97F85B00FF28B9
:103BA00001D187F85B40AF49EA20153103F02CFAC8
:103BB00097F86700FF2801D187F86740A949EF20EF
:103BC000163103F021FA97F86800022801D987F826
:103BD0006850A4491D202A390C9103F015FA97F872
:103BE0002800A14E80B102280ED007280CD0012851
:103BF0000AD0092808D087F8284000211D2003F0AA
:103C000012FA97F82800307096491E20293903F0DF
:103C1000FBF997F8290058B1022809D0072807D0E6
:103C2000082805D087F8294000211E2003F0FBF961
:103C30008C491F20283903F0E7F997F82A0080B152
:103C400002280ED007280CD001280AD0092808D055
:103C500087F82A4000211F2003F0E5F997F8280093
:103C6000307080492220113903F0CEF997F84100D5
:103C7000FF2805D187F841400021222003F0D3F925
:103C800097F841007949421E3B2A03D23C2087F82D
:103C9000410000E018B181F802804C8300E08C7094
:103CA00097F82300DFF8C89120B197F82800FF2883
:103CB0003FD040E087F8294097F8280060B10228FB
:103CC0000AD0012808D087F8284000211D2003F0E1
:103CD000AAF997F82800307097F82A0080B10228D6
:103CE0000ED007280CD001280AD0092808D087F860
:103CF0002A4000211F2003F096F997F82A00B0709F
:103D00005C4889F800A05C490470532003F07CF9FA
:103D100059480178FF2905D180F800A05146532069
:103D200003F081F9002003F0DEF9022003F0DBF953
:103D30006EE087F8288097F82900FF2801D187F8DE
:103D4000294097F82A00FF2802D1072087F82A0087
:103D500097F82900072801D1484804701D200C99C4
:103D600003F052F997F82800FF282BD050B302280F
:103D70000ED007280CD001280AD0092808D087F8CF
:103D8000284000211D2003F04EF997F828003070DC
:103D90006946092003F038F90BF10101ED2003F029
:103DA00033F99DF801000C281BD289F800009DF81A
:103DB0000010814224D0092907D00C2920D289F88B
:103DC00000101AE087F82880E2E70146092003F096
:103DD0002AF92B4830F85E1F491C89B20180042063
:103DE0000CE09DF800100C29E9D3092189F8001096
:103DF000084603F018F999F80010ED2003F013F9C4
:103E00001C4887F8294087F82A4004701A48047033
:103E10001449B220C91E03F0F7F897F84F00FF28A5
:103E200005D1214687F84F40B22003F0FCF897F8FF
:103E30004F0098B997F82800072805D187F82880FF
:103E400002211D2003F0EFF897F82A00072805D17A
:103E500087F82A8002211F2003F0E5F812E0000015
:103E6000C0050060663900204F01006088010060D5
:103E70000F01006010010060110100605821002056
:103E8000EC2A002017F8280F3070B878B0700020A6
:103E9000A7F8030004463E200BEB440700EB440068
:103EA000DA468146394603F0AFF83F2000EB44067E
:103EB000791C304603F0A8F879781AF8140001EB61
:103EC000002081B2FE4800EB440AA1F57F40AAF829
:103ED0002D10FF3800D079B9FA4F37F81400010AD5
:103EE000484603F0A0F817F81410304603F09BF88A
:103EF00037F81410AAF82D10641CE4B2092CCAD9A2
:103F000001F072FAEE499A20443103F07DF8EC4951
:103F10009B20453103F078F8E94E0024204686F8CE
:103F2000464003F0E0F896F823000A2806D1012065
:103F300003F0D9F83146082081F829000026D94637
:103F400009EB060706F1B30007F11801824603F0FA
:103F50005BF8387EFF2804D10021504603F063F857
:103F60003C76761CF6B20C2EEAD3DFF85CB3002662
:103F7000CA46542000EB46008146694603F044F8E7
:103F8000552000EB460007460AF1010103F03CF81A
:103F90009DF801009DF8001000EB0120A0F57F4185
:103FA000FF3930D04BF836000AEB06035BF83620B9
:103FB0001B7E03F00F0302EB03424BF83620761C06
:103FC000F6B20C2ED5D30026D3466C2000EB46006B
:103FD0008246694603F018F86D2000EB46008146E2
:103FE0000BF1010103F010F89DF801009DF800109D
:103FF00000EB0120B44901EBC607A0F57F417860D2
:10400000FF390BD013E04BF836404846002103F04F
:104010000AF83846002103F006F8C5E750460021AB
:104020007C6003F000F84846002102F0FCFF0BEB37
:1040300006007968007E761C000901EB0040F6B2AC
:1040400078600C2EC1D369460D2002F0DDFF0BF124
:1040500001010C2002F0D8FF9DF801109DF800002E
:104060004FF6FF7701EB0020B8420DD1974E4FF489
:1040700048710D20318002F0D6FFB6F90000C0F380
:104080000F210C2002F0CFFF9149192002F0BCFF54
:104090008F480178012904D904700021192002F009
:1040A000C2FF87490720483102F0AEFF844E96F8E0
:1040B0004800FF2805D186F848500121072002F06A
:1040C000B2FF96F84800052801D986F84880814952
:1040D0009C2002F099FF7F49087808B1FF2804D19D
:1040E0000D7029469C2002F09EFF6946E72002F0F1
:1040F0008BFFD8460BF10101E62002F085FF9DF809
:1041000000009DF8011000EB01200004000CA6F84F
:1041100042000BD13946A6F84270E72002F083FF37
:10412000B6F84200010AE62002F07DFF694616203B
:1041300002F06AFFC14608F10101152002F064FF98
:104140009DF800009DF80110DFF88C8100EB012044
:104150000004000CA8F8000001D0B8420BD1294699
:10416000A8F80050162002F05EFFB8F80000010A1F
:10417000152002F058FF6946EB2002F045FF9DF83C
:104180000000564D01280BD040F2D24028805449FF
:10419000172002F039FF52480178FF2907D00BE0C1
:1041A0000121EB2002F03FFF40F2D340EEE7047024
:1041B0002146172002F037FF4149D620503102F046
:1041C00023FF3F49CB20513102F01EFF96F85100EA
:1041D000FF2805D1214686F85140CB2002F023FF6D
:1041E000A24686F84D4000244D46291904F1AB0043
:1041F00002F00AFF641CE4B2042CF6D39DF8000020
:104200009DF8011000EB01229DF802009DF80310BB
:10421000000400EB01603349104408606946B02097
:1042200002F0F2FE2C46691CB12002F0EDFE9DF872
:1042300000009DF80110B84600EB012080B2A6F8FE
:104240004B0040F2FF35404500D058B92946A6F84A
:104250004B50B02002F0E7FEB6F84B00010AB12047
:1042600002F0E1FE96F823000E287AD140F22719D9
:104270006946484602F0C8FE4FF4947B611C5846DC
:1042800002F0C2FE9DF800009DF80110164F00EBF1
:10429000012080B23880404500D048B929463D8091
:1042A000484602F0C0FE3888010A584602F0BBFEBC
:1042B00040F229196946484602F0A6FE611C15E045
:1042C000143900208E970360D80901603E01006018
:1042D0000D0100608F00006040010060420100603D
:1042E0000E010060B0000060D02100204FF4957BEB
:1042F000584602F089FE9DF800009DF8011000EB81
:10430000012080B27880404500D048B929467D80A0
:10431000484602F088FE7888010A584602F083FE7B
:1043200040F22B1B6946584602F06EFE4FF4967918
:10433000611C484602F068FE9DF800009DF80110DF
:1043400000EB012080B2B880404500D048B9294632
:10435000BD80584602F067FEB888010A484602F060
:1043600062FEFE499D2002F04FFEFC4A1078FF28B5
:1043700001D0012804D8FE2111709D2002F053FEC7
:10438000F749D12002F040FEF54D28785538102825
:1043900033D86946D22002F037FE611CD32002F0E8
:1043A00033FEA11CD42002F02FFEE11CD52002F028
:1043B0002BFE9DF800009DF801109DF8032000EBF6
:1043C00001209DF80210090401EB02610844C5F8C0
:1043D0000100404511D1C5F801A00021D22002F012
:1043E00022FE0021D32002F01EFE0021D42002F084
:1043F0001AFE0021D52002F016FEDA49142002F040
:1044000003FE6946122002F0FFFD611C132002F03A
:10441000FBFD9DF800009DF8011000EBC00202EBCF
:10442000001001EB8000A0F5D051983907D044214D
:10443000122002F0F8FD0821132002F0F4FDCA4911
:10444000E22002F0E1FD96F86300FF2800D010B9E9
:10445000032086F86300C449E320491C02F0D4FD20
:1044600096F86400FF2800D010B90E2086F864008A
:10447000BD49E420891C02F0C7FD96F86500FF28BD
:1044800002D096F8630010B90B2086F86500B64993
:10449000E520C91C02F0B8FD96F86600FF2800D0A0
:1044A00010B9072086F8660002F096FC69461820CD
:1044B00002F0AAFDAD4C9DF800006946A4F8620028
:1044C000E8205E3402F0A0FD9DF80000608069469F
:1044D000042002F099FD9DF8000020800DB0BDE899
:1044E000F08F2DE9F0414FF4FB713D2002F09BFD70
:1044F00001213C2002F097FD0121062002F093FDEE
:104500000121202002F08FFD0021BF2002F08BFD51
:104510000021C02002F087FD0021C42002F083FDAD
:104520000021C52002F07FFD0021E92002F07BFD83
:1045300000219A2002F077FD00219B2002F073FDFC
:104540000024542555266C274FF06D08002104F1F6
:10455000B30002F068FD05EB4400002102F063FDAA
:1045600006EB4400002102F05EFD07EB4400002151
:1045700002F059FD08EB4400002102F054FD641CD8
:10458000E4B20C2CE2D30021222002F04CFD0021E9
:10459000E02002F048FD0121EF2002F044FD7248C6
:1045A00001246338FE2180F868409D2002F03BFD25
:1045B0000021C72002F037FDF3F707FEF5F715F8E5
:1045C0006B4900200C54401CC0B21A28FAD3694829
:1045D000032181700475BDE8F081674810B5027849
:1045E0004178807812B1FF2A03D006E029B930B1B2
:1045F00003E0FF2901D1FF2801D05F480FE05A48AE
:10460000633890F82300092804D00B2804D00E2822
:1046100004D006E059A002E05AA000E05BA0EAF74F
:10462000F6FC0DF067FF5C4908200BF0FCFA5B49D3
:1046300000200BF0F8FA5A480BF0F2FA59490C2016
:104640000BF0E8FA58490E200BF0E4FA57490F2016
:104650000BF0E0FA564910200BF0DCFA55480068E0
:104660000DF04FFF0BF071F85349082008705349C3
:104670000420087052490E20087052490320087027
:10468000EAF793FEEAF7BAFEBDE81040EAF7DFBEAC
:10469000384901208883704733490020633981F805
:1046A0004E00344908847047DFF81C8186B001262B
:1046B00088F8436000200EF0C1FB44482A4D0024D6
:1046C000633D047095F82A00414F012808D009285D
:1046D00006D095F82800012804D0092802D007E068
:1046E000022000E000200FF0E3FC3A483E70067024
:1046F000204F85F84E60DFF8E0A03C843748BC834B
:104700008AF8004004703648867006703548848008
:1047100004807C840020FAF7DAF8DFF8CCB0A946F0
:10472000324D2878012804D002286CD003286FD09D
:104730008AE0002002F0D7FC99F828004F460128B3
:1047400001D0092858D12A48048026480480094805
:1047500044842348067000204CE054E08E00006042
:10476000740100609000006077390020EC2A00207E
:10477000801A03608801006020EB0260547374614A
:104780007431300054332D4F454D000054332D4FBC
:10479000454D2D31324900008D3E0308473A03084C
:1047A0005D400308A53D0308E74C0308D53E030818
:1047B000C14F0308AC000060C2220020C4050060A5
:1047C000CD220020C505006034970360FE00006024
:1047D000C0050060C022002095210020A9200020F3
:1047E000A8000060B8000060440803600301006096
:1047F00048010060E9F73CF997F82800022800D04A
:1048000008BB00201DE0012002F06DFC1BE0FFE76B
:10481000022002F068FC99F82A004F46012801D0D6
:10482000092808D1FE480480FE488480FE4886702E
:104830000020E9F71DF997F82A00022800D010B9E6
:104840000220FAF744F82C70F848F94D42F6E06877
:10485000C189491CC18107206872288C411C2984A8
:10486000404502D389F84E602C8499F828004F46C1
:10487000092810D001280ED097F82A0009280AD05C
:10488000012808D0287B00287FF44AAF41F2883005
:10489000E9F7D3F844E70520E7F7F1FDA88BB0FB73
:1048A000F8F208FB120141B197F84E10B946012900
:1048B00017D0697B012914D0BFE097F84E0001287A
:1048C00002D0687B01280AD1287B08B9D948067034
:1048D000687B411C6973022801D9AC736C73AC838B
:1048E000ABE0C821B0FBF1F201FB1200297B0843C9
:1048F0007ED1D14F3878802810D29AF80010012943
:10490000C0EBC0011AD0CD4800EB8100817E491C6C
:10491000C9B281760A2901D98476C472B84638783A
:10492000EFF729FDC649387068790978884248D27E
:104930002B2101FB00B18A7CDAB136E0DFF8FC8282
:10494000002308EB81006A46C1788078F3F74EFEB9
:10495000401C06D005229DF800002B2100FB01B071
:10496000C2743878C0EBC00108EB81008476C6724F
:10497000D4E7D1F80520C2B94A7D521C4A758AF89D
:104980000040EBF75FF9AF496879087002E0C82092
:10499000E9F753F89AF8000020B938467F1CFFB2B7
:1049A0001428F4D3FF2188F8001068792B2100FB2C
:1049B00001B0417D052904D90168C0F8051044758E
:1049C000847268799E49401CC0B268710978884237
:1049D00000D96C7198F80000FF282ED09A49097808
:1049E00031B199F84E10012904D0697B012900E00A
:1049F00019E022D1914F8AF80040C0EBC00007EBCC
:104A000080000094914A037DB0F81710407D127821
:104A1000F1F7B1FA002807DB98F80010C1EBC101EB
:104A200007EB8101487608E098F80000C0EBC00071
:104A300007EB8000817E491C8176A88B401CA883EF
:104A4000E87A00287FF426AF784900234FF41672E5
:104A50006E3101A800940DF027FD02003FF41AAF5B
:104A6000724900236E3101A80FF056F858E6704CD9
:104A700000206E4D207060706062A0622083E07341
:104A800020740126E06285F83D606083FA20E7F734
:104A9000F6FC288808B9E4F774F96888401C688037
:104AA0006672A079800703D102F03FFAE6F709FBAE
:104AB000A079401CA071E9E730B4654B4FF47A74DB
:104AC000644A186890FBF4F092F86710C0B201F0E5
:104AD000FC0182F86710032802D8014382F86710AE
:104AE000586801F0F30190FBF4F0C0B282F867104F
:104AF000032803D841EA800082F86700986892F89A
:104B0000671090FBF4F0C0B201F0CF0182F867109B
:104B1000032803D841EA001082F86700D86892F8A9
:104B2000671090FBF4F0C0B201F03F0182F867100B
:104B3000032803D841EA801082F8670092F86710D2
:104B400030BCEA2002F06FBA424890F823000928EE
:104B500001D00B280DD1404840A10A6802604A6884
:104B60004260097A01720421A0F809103D493848D1
:104B70000860704770B500242C4D2646281990F81F
:104B80003C1001290DD105EB44010A88CB8B9A42D8
:104B900003D0CA8380F84B6003E010F84B1F491C18
:104BA000017095F84C0014280FD92F4830F8601F79
:104BB0004A1C0280E82002F036FA0A20E8F73DFF9E
:104BC0001B4985F84C6001200875641CE4B20F2C69
:104BD000D4D370BD0EB5164D0024144E6C75EC7414
:104BE0002C756C74AC74012086F84A00EC701F4878
:104BF0002C71EC834FF47A7700680DF082FC1C492D
:104C00004FF416700880FFF79FFFBB46DFF858800F
:104C1000DFF86090184F4FF00E0A58462EE0000063
:104C20003A010060B8000060A8000060349703609B
:104C300088010060C0220020FE000060B4F802601D
:104C40009600006094210020930000608F000060B7
:104C500020CB02601439002070CA026049434F4ED5
:104C600000000000E02C0020EC2A0020AC000060D6
:104C70009A2100203F420F00A9200020E7F7FFFB08
:104C8000B08B401CB08385F809A0ECF7E3FB286CDF
:104C9000A8F81000696CA8F81210484501D84945D9
:104CA00001D92C646C64F3F7E7FDF3F7AEFD00F077
:104CB00022FF04F054FBF9F77DFDEAF733FFECF730
:104CC000DEFB387808B1401E3870F3F70BFCEFF7C5
:104CD000C6FC287D012805D1F3F762FFF4F7E0FB5D
:104CE000F9F74BFEA87A01280ED1CC48017842781A
:104CF000CDE9002102948378C27841798079E6F782
:104D0000E9F9E6F7DEF9AC72F9F739FDE878012840
:104D10000CD12879401CC0B22871052806D9C0489A
:104D20000068E7F7B3FC0220E8702C71A87D3C28EE
:104D300002D2401CA87502E0AC75EBF737FAE87CAC
:104D4000012802D1FFF7CDFBEC74FFF713FFFEF74C
:104D500021FC62E770B5002805D0B24AD1798142C2
:104D600002D2491CD17170BD0020D071AE4BAF484A
:104D70009968046800F536750C1B2C601B68446844
:104D80001C1B6C608468126C141BAC60A84CC66859
:104D90002468A61BEE60C0E90013C0E9022470BDC0
:104DA00010B545F25550E3F7E3FF0520E3F7E3FFC5
:104DB0004FF47A60E3F7E2FFE3F7E3FFBDE810406A
:104DC000E3F7E4BF08B501218020E4F7FCF8802078
:104DD000ADF8000003208DF8020010208DF80300CC
:104DE00069469448E3F7E9FE08BD2DE9FC41924885
:104DF0000024924904600803E3F770FB01210D20B1
:104E0000E4F7E1F801218E48E3F762FF4FF4C04573
:104E1000ADF8005010208DF803000320894E8DF866
:104E2000020069463046E3F7C8FE29463046E3F7FC
:104E300030FF4FF4A060E3F71DFB01212020E4F7D1
:104E4000C2F84820E8F7C6FD02F0DCF87E490020F1
:104E500021F81040401C80B23228F9D301F0F3F859
:104E60004FF4E130E8F73CFC2720E5F7F7FB774DFE
:104E7000774E552858D00021DB2002F0D4F80021CD
:104E8000DC2002F0D0F80021DD2002F0CCF8002177
:104E9000DE2002F0C8F82C6000212720E5F7FFFB98
:104EA00060492620083102F0AFF869490E2023310D
:104EB00002F0AAF8E6F770F95C485A21103013F0B6
:104EC00056FFF3F782F9FEF71AFCF6F789FEF7F7BB
:104ED00054FEF4F707F9F4F77DFDF7F799F940F27E
:104EE000CF216420E5F7F8FF5A490120087006F049
:104EF000B5FA594890F80901022801D0F0F73CFBB7
:104F0000EEF7C1FCF2F778FFF2F783FFFDF76BFDD8
:104F1000524804700A2003F0A7F896F823000928E5
:104F20002FD00B282DD034E06946DB2002F06CF83E
:104F30006F46DC20791C02F067F8B91CDD2002F016
:104F400063F8F91CDE2002F05FF841490F200A31B6
:104F500002F05AF89DF800009DF801109DF803201A
:104F600000EB01209DF80210090401EB02610844E6
:104F70002860B17A422901D20A3000E0C01C2860C2
:104F80008AE70520F6F708FEF5F77CFA042004F01E
:104F900001FA2449022034310023CDE90001C20185
:104FA0002FA1AFF23550E7F7F4F8FFF716FB0C200E
:104FB000FDF70BFD0320F9F783FB1A490B20303175
:104FC0004FF40064CDE900010023224627A1AFF68B
:104FD0002710E7F7DEF8134908203831CDE9000142
:104FE0000023224626A12B48E7F7D3F80D490D20D0
:104FF0003C31CDE9000100234FF47A7226A1AFF2D3
:105000002B40E7F7C6F8052001F0DDFCF4F7FEF8C9
:10501000BDE8FC41E7F7ADBB70470000D01500606C
:105020006C210020880100601489036024970360CC
:1050300020220020001C0140580100600080000870
:105040000004300000080140EC2A00205C010060F0
:105050001439002098020060761102604F21002070
:10506000436F6D6D6F6E5F7461736B004D61737430
:1050700065725F4E6F64655F7461736B0000000062
:105080004241435F436F6E74726F6C5F7461736B08
:1050900000000000810E01086D6F6E69746F725F11
:1050A0007461736B00000000574B10B59A7B0E21A2
:1050B000824202D94FF4AF6010BD491EC9B25C5C98
:1050C0002244824217D9101A64225043E2B290FB64
:1050D000F2F0042901EBC10202EB011100EB8100A7
:1050E00004D3A0F5C870C0F30E0010BDC0F5C870A1
:1050F00040F4004010BD0029DFD148F2E83010BD77
:1051000070B51E4604001AD0012C1AD03F4E022C56
:105110002CD0032C01D0052C27D1084614F009FA15
:10512000314614F034F83A4913F0FFFF14F02DFA29
:10513000182828DC052C2FD0032C2BD02DE0C818E4
:1051400012E00846FFF7B0FF010402D5C0F30E00DD
:1051500040423049497A31B100EBC000052190FB53
:10516000F1F000F5A0703044803870BD084614F0AE
:10517000E0F9314614F00BF8274913F0D6FFBDE8EB
:10518000704014F002BA1A2807DB052C02D0032C59
:1051900002D002E0002500E00125284670BD10B5D0
:1051A00080211E4813F0E3FD1C484021803013F09D
:1051B000DEFD1A484021C03013F0D9FDBDE8104093
:1051C0002021174813F0D3BD30B5144C803C54F85F
:1051D0002030CA1A642A02DA12F1640F02DC03EBEF
:1051E00062010DE0C0EBC00202EB00150D4A02EBBC
:1051F000450292F9222002FB0311521C91FBF2F1AD
:1052000044F82010084630BDE340050800C07F4444
:1052100000004842143900200000C84260420020CB
:1052200060430020455100207FB501214120E3F774
:10523000CAFE4FF4F044ADF80C4048208DF80F0042
:1052400003208DF80E0003A9FE48E3F7B6FC0E21FB
:105250000420E3F766FD0B210420E3F762FD0C2137
:105260000420E3F75EFD0D210420E3F75AFD0094CE
:1052700000248DF804400C208DF8050001258DF8E0
:1052800006506846E3F7DCFB28208DF808008DF80F
:1052900009408DF80A508DF80B5002A8E3F7EFF89B
:1052A000E94890F82310E9480E2904D004624462CA
:1052B0008462C4627FBD046344638463C4637FBD4E
:1052C0002DE9F041E24F3868DF4EE04DE14C00053A
:1052D0001DD5F814E3F712FC96F823000E280FD022
:1052E0000020C0EBC00101EB001104EB410191F87B
:1052F0009D11192906D00F2904D01D2902D006E0DE
:105300000420EEE705EB8000016A491C0162386861
:10531000C00422D5D049888D401C88854FF4805028
:10532000E3F7ECFB96F823000E280FD00020C0EB2B
:10533000C00101EB001104EB410191F8CB111929D7
:1053400006D00F2904D01D2902D006E00420EEE784
:1053500005EB8000416A491C4162386880041ED513
:105360004FF40050E3F7CAFB96F823000E280FD045
:105370000020C0EBC00101EB001104EB410191F8EA
:10538000F911192906D00F2904D01D2902D006E0F1
:105390000420EEE705EB8000816A491C81623868D1
:1053A00040041DD54FF48040E3F7A8FB96F8230096
:1053B0000E2817D00020C0EBC00101EB001104EB58
:1053C000410191F82712192905D094F827220F2AB4
:1053D00001D01D2904D105EB8000C16A491CC162BE
:1053E000BDE8F0810420E6E770B5974C9B4D0020A6
:1053F00094F8233004EB400191F82D2091F82B1004
:10540000511A29540E2B11D1944A323202EB400129
:1054100032F810204E88B61A904A0A3222F81060EC
:105420000E8BC98A02EB4002711A9182401CC0B2F5
:105430000A28DFD370BD10B500281AD04FF47A7354
:10544000984215D26422B0FBF2F1B0FBF2F402FBF9
:105450001400824CC9B2645C6043B0FBF2F07A4A3B
:1054600002EB4101B1F82B10084480B2984200D9F8
:10547000184610BD70B50546C2B14FF47A74A24209
:1054800012D26423B2FBF3F0B2FBF3F6C0B203FB1B
:10549000162231F8101035F810004A43B2FBF3F130
:1054A000084480B2A04200D9204670BD002070BDE3
:1054B000F0B5654900256A4C6A4ECB7991F82320F6
:1054C00005280ED0684F0121022814D003281ED0D1
:1054D000012828D00E2A34D0042B32D2C6F89411D9
:1054E00031E00E2A01D0042B02D3C4F8B451F0BD30
:1054F000C6F89451F0BD0E2A04D0042B02D2C6F88F
:10550000941101E0C4F8B411C7F88C1116E00E2A0A
:1055100004D0042B02D2C6F8941101E0C4F8B411EF
:10552000C7F88C5111E00E2A04D0042B02D2C6F821
:10553000941101E0C4F8B411C7F88C51C7F8885130
:10554000F0BDC4F8B411C7F88C11C7F88811F0BDCC
:1055500046490978553910292DD844490228D1F8EF
:10556000011013D0032813D0042816D0052816D014
:10557000062816D0072816D0082816D0092816D0D5
:105580000A2816D00B2807D1080502E0480700E0DA
:10559000080700280FDB00207047C806F9E78806D7
:1055A000F7E74806F5E70806F3E7C805F1E78805D9
:1055B000EFE74805EDE701207047F0B50320FFF75E
:1055C000C7FF244A204D002310B32948A0210171B0
:1055D000322141710521817195F823000A210B28A0
:1055E00008D00E280DD082F8271282F8223282F8D5
:1055F000203217E082F8DF1282F8DA3282F8D832ED
:1056000010E082F8971382F8923382F8903309E021
:1056100095F823000B2832D00E2835D082F8273297
:10562000C2F818320220FFF793FF0321012400285B
:1056300095F8230037D01B260B282AD00E282DD012
:1056400018E000000018014014390020A04100209B
:105650001404014045510020EC2A00200C9A0360FC
:105660000000244200002142000022427401006038
:10567000A421002082F8F96182F8F44119E082F84F
:10568000DF32C2F8D032CDE782F89733C2F88833E0
:10569000C8E782F8B16282F8AC4212E082F869632E
:1056A00082F8644315E00B2809D00E280FD082F849
:1056B000F931C2F8EA3192F89D01D0B11DE082F8CB
:1056C000B132C2F8A23292F8550240B115E082F828
:1056D0006933C2F85A3392F80D0328B10DE082F80D
:1056E000551282F8504208E082F80D1382F8084300
:1056F00003E082F89D1182F898410420FFF728FF0B
:105700001927002895F823001DD01C210B2805D04F
:105710000E280BD092F8550280B14FE092F80D039D
:10572000F0B982F80D1382F8084317E092F8C50328
:1057300028BB82F8C51382F8C0431EE082F85512D8
:1057400082F8504205E00B2806D00E2813D082F8CC
:105750005532C2F8463231E082F80D33C2F8FE32DB
:105760000020C0EBC00101EB001102EB410191F8F8
:105770009D612EB108E082F8C533C2F8B6330BE064
:1057800081F89D7181F89841401CC0B20428E8D38B
:1057900095F823000E2811D10020C0EBC00101EBC9
:1057A000001102EB410191F855621EB981F8557262
:1057B00081F85042401CC0B20428EED30620FFF707
:1057C000C7FE002895F8230013D01E210B2806D011
:1057D0000E2809D082F8CB1182F8C6410FE082F87A
:1057E000831282F87E421FE082F83B1382F8364330
:1057F0001FE00B2816D00E2819D082F8CB31C2F842
:10580000BC310720FFF7A4FE002895F823001DD027
:1058100022210B2810D00E2813D082F8831282F890
:105820007E4219E082F88332C2F87432E9E782F8E6
:105830003B33C2F82C33E4E782F83B1382F836435B
:105840001FE082F8F31382F8EE431FE00B2816D016
:105850000E2819D082F88332C2F874320820FFF77C
:1058600077FE002895F823001DD021210B2810D0A9
:105870000E2813D082F8B11282F8AC4219E082F8F7
:105880003B33C2F82C33E9E782F8F333C2F8E43350
:10589000E4E782F8691382F864430FE082F8211488
:1058A00082F81C440FE00B2806D00E2809D082F89D
:1058B000B132C2F8A232F0BD82F86933C2F85A336D
:1058C000F0BD82F82134C2F81234F0BD1FB54FF498
:1058D0000040E3F70CFB01214802E3F774FB0020D2
:1058E0008DF8040000908DF805004FF46021CDF88C
:1058F0000610CDF80A000520FF4C8DF80E00694611
:105900002046E2F72BFE052301220B212046E2F779
:10591000A9FE052302220F212046E2F7A3FE05235C
:10592000032208212046E2F79DFE052304220921D7
:105930002046E2F797FE05231A460A212046E2F7A1
:1059400091FE01212046E2F735FE2046E2F74FFEA8
:105950002046E2F751FE0028FAD12046E2F753FE36
:105960002046E2F755FE0028FAD101212046E2F751
:1059700056FEFFF722FE1FBD2DE9F84301214FF42B
:105980006770E3F720FB1C20ADF800001025DB4F0B
:105990008DF8035003244FF000088DF8024069464B
:1059A0003846E3F70AF9D648D64E90F823100E2968
:1059B00015D0C079042837D2E020ADF800008DF86A
:1059C0000350D14D8DF8024069462846E3F7F5F8BB
:1059D000C0212846E3F75DF92021284638E04EF241
:1059E0004000ADF800008DF803508DF80240694684
:1059F0003046E3F7E2F84CF240013046E3F749F96C
:105A00004FF400513046E3F744F9ADF800508DF8FB
:105A100003508DF8024069463846E3F7CEF810216E
:105A20003846E3F736F915E04FF46040ADF8000072
:105A30008DF803508DF8024069463046E3F7BDF813
:105A40004FF4C0413046E3F724F94FF400413046AB
:105A5000E3F71DF9ADF800408DF803806946AB48C7
:105A6000E3F7ABF8BDE8F88370B50D46144606467B
:105A70000221E2F7D2FE0523224629463046E2F70C
:105A8000F1FD01213046E2F7CAFD02213046E2F77E
:105A9000BDFE0028F9D03046BDE87040E2F726BED2
:105AA0009B4B10B55988814201D9322010BDD98C49
:105AB000814201D25A2010BD002103EB810254889B
:105AC000844212D8D48884420FD903EB810433F87E
:105AD0002110A4885388641AC01A4443D088C01A7D
:105AE00094FBF0F00844C0B210BD491CC9B20929AA
:105AF000E3D3002010BD00B50320FFF729FD0028E7
:105B000016D07F48824B002290F823008149323B17
:105B10000B280ED091F82002012809D1588A0028BC
:105B200006D0401E0004000C588201D181F82022CA
:105B300000BD91F8D8020128FAD1588A0028F7D080
:105B4000401E0004000C5882F2D181F8D82200BD1A
:105B50002DE9F05F4FF0000BDFF89CA1D9465F46BE
:105B60005C465D465E46D84601220B215046FFF753
:105B70007BFF814401220F215046FFF775FF074448
:105B8000012208215046FFF76FFF0444012209213A
:105B90005046FFF769FF054401220A215046FFF7EE
:105BA00063FF40F24241884204D9761CF6B2A0F26B
:105BB000424008E0B0F54D7F04D2761CF6B2C0F545
:105BC0004D7000E0002083440120E7F736FF08F124
:105BD000010000F0FF08B8F1640FC5D34FF4C87896
:105BE000B9FBF8F14A4832384078FFF7EDFA8146C0
:105BF00043484FF0640A90F823000B2820D0B7FBED
:105C0000F8F10E282DD00820FFF7DEFAD046B4FBBD
:105C1000F8F107460D20FFF7D7FAB5FBF8F18246F9
:105C20000B20FFF7D1FA80460820FFF791FCDFF840
:105C3000E8C0384D0024A8B316B3BBFBF6F020E053
:105C4000B7FBF8F10C20FFF7BFFAD046B4FBF8F130
:105C500007461120FFF7B8FAB5FBF8F182460F208E
:105C6000DFE71020FFF7B0FAD046B4FBF8F10746A3
:105C70001520FFF7A9FAB5FBF8F182461320D0E70B
:105C8000002080B2FFF70CFF1D4991F823100B296B
:105C900009D00E294FF47A7100FB01F009D0C5F844
:105CA000A20215E008E04FF47A714843C5F85A03A0
:105CB0000EE0C5F8120488E0114890F823000B2884
:105CC00004D00E287FD0C5F8A24201E0C5F85A439F
:105CD0000F490B48323949782CF8119090F823007D
:105CE0000B286ED00E286DD0ACF81070084F323FE4
:105CF0007878401CC0B211E000240140001001403F
:105D0000143900200020014000080140000C01402F
:105D1000D62100204551002076090260FE4E7870A1
:105D200096F823100E297CD000F007007870072029
:105D3000FFF70EFC00B396F823000A233F22DFF89A
:105D4000DC9340F6FF710B2872D00E286FD040F61E
:105D5000B8320AFB02F0B0FBF1F013F0F3FBF049AC
:105D600013F0E3F9494613F0E0F9EE4913F00FFAA6
:105D700013F00BFCC5F874020320FFF7E9FBEA4AB5
:105D8000EA4B012100287DD040F6B83C08FB0CF01E
:105D900049F6D87CB0FBFCF8A7F8148096F823806D
:105DA000B8F10B0F72D0B8F10E0F6DD0B0FBFCF054
:105DB00095F82282B8F1000F67D0C5F81802A9E063
:105DC00001E02BE025E0C5F81244D948D8494078D5
:105DD0002C31012806D002280CD0072812D02CF82C
:105DE000109016E00888C9EB8922B2FBF0F0ACF8FD
:105DF00002000EE04988C9EB8920B0FBF1F0ACF855
:105E0000040006E08988C9EB8920B0FBF1F0ACF80A
:105E10000E00ACF8207069E703E009E0ACF81870F8
:105E200064E70C21B0FBF1F201FB12007EE714E005
:105E3000BAFBF3F040F6B8335843B0FBF1F06421FD
:105E40004843B0FBF2F013F07DFB494613F06DF9C7
:105E500013F09BFBC5F82C038EE7BAFBF3F040F67A
:105E6000B8335843B0FBF1F064214843B0FBF2F083
:105E700013F068FB494613F058F913F086FBC5F898
:105E8000E40379E742E001E017E02DE0B0FBFCF02D
:105E900095F8DA82B8F1000F02D0C5F8D00239E0E7
:105EA00097F804C0B0EB0C0000D5404297F805C04D
:105EB00060452FDD85F8D81222E0B0FBFCF095F8A4
:105EC000926316B1C5F888032EE03E79801B00D599
:105ED00040427E79B04227DD85F89013B879C0EB57
:105EE0000010800078821FE097F804C0B0EB0C002F
:105EF00000D5404297F805C060450BDD85F82012BB
:105F0000B879C0EB00108000788203E096F8230097
:105F10000E2809D07D788748082D61D2DFE805F08A
:105F2000494C555867727D8878780C2858D2DFE83C
:105F300000F006091013181B20232C2F3437C2F849
:105F4000B84101E0C2F8B811C2F8BC41C3F89041B1
:105F500018E0C2F8B84101E0C2F8B811C2F8BC11AB
:105F6000F4E7C2F8B84101E0C2F8B811C2F8BC4188
:105F700006E0C2F8B84101E0C2F8B811C2F8BC119D
:105F8000C3F89011C2F898412AE0C2F8B84101E084
:105F9000C2F8B811C2F8BC4106E0C2F8B84101E04D
:105FA000C2F8B811C2F8BC11C3F89041C2F89811F8
:105FB00016E0C3F890411CE0C3F8904124E0C0F81B
:105FC0009C410DE0C2F8BC410AE0C3F8904126E0D4
:105FD000C3F890412EE0C0F89C1101E0C2F8BC115A
:105FE00055487978405CBDE8F05FFFF761BAC3F8C7
:105FF0009011F179042902D2C0F89841DFE7C2F884
:10600000B841DFE7C3F89011F379042B02D2C0F84E
:106010009811D4E7C2F8B811D4E7C3F89011F37916
:10602000042B02D2C0F89841D5E7C2F8B841D5E7B1
:10603000C3F89011F379042B02D2C0F89811CAE783
:10604000C2F8B811CAE72DE9F04F89B001214C2000
:10605000E2F7B9FF4320ADF800001026374D8DF868
:10606000036003248DF8024069462846E2F7A5FD47
:1060700043212846E2F70DFE3020ADF80000304FF6
:106080008DF803608DF8024069463846E2F795FDC9
:1060900030213846E2F7FDFD1F480025DFF8A490C7
:1060A00090F823004FF0180B4FF080480E287BD05B
:1060B00001210520E2F790FF01210920E2F783FF8B
:1060C00001212148E2F704FE4FF47060ADF80000B2
:1060D0008DF803B08DF8024069463846E2F76DFD51
:1060E0004FF47A70ADF81800ADF81450ADF81A50AE
:1060F000ADF8165005A944464046E3F70DFA05A948
:106100004D464846E3F708FA7021ADF80410012126
:10611000ADF80610022019E01439002000007A447E
:106120000000C84200007C420000244200002242DD
:10613000A421002000002142C55C0020001801407D
:10614000000C01400008004000031800ADF80C00EE
:1061500001A92046E3F78AFA01A92046E3F7C0FA2D
:1061600001A92846E3F782FA01A92846E3F7B8FA1D
:1061700008212046E3F770FD08212046E3F772FD71
:1061800008212846E3F768FD08212846E3F76AFD61
:1061900001212046E3F768FC01212846E3F764FC6F
:1061A00009B0BDE8F08FFFE74FF4007AADF800A02A
:1061B0008DF803608DF8024069463846E2F7FDFC31
:1061C00051463846E2F765FD8020ADF800008DF8B5
:1061D00003608DF802406946FE4E3046E2F7EDFC62
:1061E00080213046E2F755FD01210520E2F7F4FE5B
:1061F00001210920E2F7E7FE0121F748E2F768FDF7
:106200004FF45060ADF800008DF803B08DF80240F7
:1062100069463846E2F7D1FC4FF47A70ADF81800C1
:10622000ADF81450ADF81A50ADF8165005A9444613
:106230004046E3F771F905A94D464846E3F76CF986
:106240007021ADF8041001210220ADF80610ADF860
:106250000C0001A92046E3F709FA01A92046E3F75B
:106260003FFA01A92846E3F701FA08212046E3F79F
:10627000F3FC08212046E3F7F5FC08212846E3F764
:10628000EBFC85E710B5012807D002280AD00846A4
:10629000FFF7D1F80446204610BD0A46CF4901F168
:1062A000280004E00A46CD49143101F12A00FFF725
:1062B000E1F8F0E72DE9F041C94D0446C94E2878D0
:1062C000CA4F2044C0EB001101EB4101314491F869
:1062D0002320C54931F810006AB197F823100E2920
:1062E00011D0FFF7A8F897F82330C149C14A0E2B07
:1062F0000ED0ACB119E0B0F5007F02D3B7F83F0083
:10630000F1E70020EFE701462046FFF7BBFFEAE791
:106310000988CB0709D0090A8C4206D1108804E00D
:106320000988012900D11088108029782144C1EB07
:10633000011101EB4101314491F8281001B900200D
:106340004FF0804264B1012C04D0AB4A022C07D03C
:10635000032C0BD1BDE8F04101461046E3F78BBD9D
:10636000BDE8F04101461046E3F783BDBDE8F0818A
:106370000EB59B4BA34900201A780978E8469F4D3B
:106380009F4E01240A4409E0C0EB001101EB410CCF
:106390009449401C6144C0B281F824408242F3D841
:1063A0003220E6F76CF88E4B00221146104693F827
:1063B00000E03BE0C0EB001303EB430C894B63446C
:1063C00093F823C0BCF1000F0DD093F82CB038F82F
:1063D00010C00BEB8B03BCEB830F0BD20CF1010C49
:1063E00028F810C008E0804B33F81030B3F5007F78
:1063F00013D216E028F81020DFF8ECC13CF810C0EA
:106400000BFB0CF303EB83039B0040F2FF3CB3FB5D
:10641000FCF338F810C0634503D904FA00F31943BC
:1064200002E004FA00F39943401CC0B27045C1D3A6
:10643000754B186881423CD01960187800274FF0DE
:10644000010AC10702D0C5F8804101E0C5F88021EA
:10645000810702D5C5F8844101E0C5F884214107D0
:1064600002D5C6F8904101E0C6F89021010702D597
:10647000C6F8944101E0C6F89421C10602D5C5F8DA
:10648000984101E0C5F89821584991F823100E2948
:1064900012D1810602D5C6F8A44101E0C6F8A421B4
:1064A00040065A4802D5C0F89C4105E0C0F89C213E
:1064B00002E0BAF1000F3ED07F1CFFB2C82F3AD9DC
:1064C00018784FF0000A5746C10702D0C5F880413E
:1064D00001E0C5F88021810702D5C5F8844101E0BB
:1064E000C5F88421410702D5C6F8904101E0C6F8FD
:1064F0009021010702D5C6F8944101E0C6F8942125
:10650000C10602D5C5F8984101E0C5F89821374980
:1065100091F823100E290ED1810602D5C6F8A441A8
:1065200001E0C6F8A4214006384802D5C0F89C41D5
:1065300001E0C0F89C210521B9FBF1F201FB1291A9
:1065400009F1010000F0FF0900297FF429AF0020C4
:10655000FFF7B0FE0120FFF7ADFE0220FFF7AAFE15
:106560000320FFF7A7FE1BE72DE9FF5F9A46914640
:106570000846DDF838B012F0DCFF254912F007FEBE
:1065800013F068F815F086F813F077F805460098D0
:1065900012F0DDFFDFF87C800E4604460022434601
:1065A00012F0E6FE13F069F80746204631461A4A13
:1065B0001A4B12F036FE04460E46384613F04AF8DF
:1065C0002246334612F046FF13F057F8014628469C
:1065D00026E000000020014000031800169A036026
:1065E000C20000603CC50460760A026014390020D5
:1065F00044010060200100600008004000002342C8
:1066000000802142BD200020C4210020000024423F
:1066100000007A4400A03140CDCCCCCCCCFCA240D0
:1066200012F02BFD13F016F80E46044600224346E6
:1066300012F09BFE05460F4620463146FD4AFE4BB2
:1066400012F096FE2A463B4612F004FF13F015F8AE
:10665000FA4D0446294612F068FD12F096FFA9F89B
:106660000000204612F0F6FF0E460446F44AF54BB1
:1066700012F07EFE13F001F8074620463146F24A3A
:10668000F24B12F0CEFD12F0F8FF0146384612F040
:106690007EFD12F0DFFF02460B460020EC4915F0AC
:1066A000DDF912F0EAFF12F0D5FFEA4AEA4B12F0E8
:1066B0005FFE12F0E2FF0446294612F036FD12F0AA
:1066C0007DFFAAF80000204612F0C4FFE34AE44B25
:1066D00012F04EFE12F0D1FF06462146E14812F0BC
:1066E0001EFD0146304612F052FD0646294612F0C4
:1066F0001CFD12F063FFABF80000304612F0AAFF59
:10670000D94ADA4B12F034FED94ADA4B12F089FD3D
:1067100012F0B3FF0446D849304612F006FD054694
:10672000009812F006FF214612F0FFFC294612F0F5
:10673000A4FC12F043FF0F990880BDE8FF9FF8B555
:10674000CE4CE078012848D0E5F794FCC0B2002890
:106750007DD1CB48CC4FCD4D90F82310C9484FF494
:106760007A720B2943D0008A90421BD995F899017F
:1067700095F89B11002895F89C0100EB01204FF043
:10678000640100FB01F07DD012F0DCFE06463946C4
:10679000A06912F0CAFC314612F0C1FC12F0F5FEFD
:1067A000C5F88E0195F8F50195F8F711002895F8D0
:1067B000F80105F5F57500EB01204FF0640100FBD1
:1067C00001F043D012F0BEFE06463946E06912F0F1
:1067D000ACFC314612F0A3FC44E0A84932201C3145
:1067E000009001230022081FE5F7A0FAAFE7008B15
:1067F00090421BD995F8510295F85312002895F84C
:10680000540200EB01204FF0640100FB01F02ED098
:1068100012F098FE06463946A06912F086FC314611
:1068200012F07DFC12F0B1FEC5F8460295F8AD02FB
:1068300095F8AF12002895F8B00205F2A22500EBFA
:1068400001204FF0640100FB01F0BBD100E00CE03F
:1068500012F078FE06463946E06912F066FC3146D1
:1068600012F00BFC12F091FE2860F8BD0AE012F065
:1068700069FE06463946A06912F057FC314612F00F
:10688000FCFBCFE712F05EFE06463946A06912F027
:106890004CFC314612F0F1FB80E7F8B54520E5F7F6
:1068A000D0F800243226754D0127744901231C318C
:1068B0000022081F0096E5F739FA00B9EF70641C52
:1068C000E4B20A2CF1D3E878012804D00020E87063
:1068D000E5F7B8FBE8706E49C0B20A308885C4E7B6
:1068E0001CB5FFF749F8FEF7F1FFFFF7D6FF07F0F9
:1068F00020FC634890F823000B2801D00E2801D11A
:10690000FEF792FC0420FEF723FE08B107F014FF07
:106910005A4D00205E4E28816881A881E881288236
:10692000B08A401CB0820220FEF712FE10B1308BFC
:10693000401C3083FFF703FF0620FEF709FE08B175
:1069400007F01EFC0420FEF703FE50B1A8781421C6
:10695000B0FBF1F201FB1201401CA87009B907F06D
:1069600001FFFFF7F5F8052C02D2641CE4B201E048
:1069700001202870E86910F0FF4FD1D012F005FE19
:1069800007B2A86912F001FE3C4A00B21032911E13
:10699000CDE900128B1E8A1F3946FFF7E5FDB5F9D8
:1069A000080012F0D4FD00223A4B12F0E1FC002264
:1069B000394B12F04FFD0022384B12F032FC12F02E
:1069C00011FE6881ACE71CB50446FFF73CFB2B4881
:1069D0004FF4FA722430CDE90040002330A1AFF229
:1069E000FF00E5F7D6FB254800232830CDE900401D
:1069F000C8222EA1AFF28760E5F7CBFB1F4900202C
:106A0000203108601CBD10B51C4986B02A4CC979DC
:106A1000002001EB41016A4603AB04EBC1010C5CB1
:106A200014540C18A47A1C54401CC0B20A28F6D383
:106A3000194643E0E17A14AE47616E400000204100
:106A4000C03FA54A945D1E40B7627FD93D176E4096
:106A50000000244076A73B4F3C7718402D211FF4BF
:106A6000EC6F834000407D44F3C81F0C3CF75E3F51
:106A7000295C8FC2F528F03F0000C841A421002006
:106A800014390020760902600000C84245510020F8
:106A9000EC2A002000002240000014400000744056
:106AA000496E7075745461736B3100004F7574706A
:106AB00075745461736B31000A4105081046F3F791
:106AC000B3FC06B010BD2DE9F0418046642791FB70
:106AD000F7F014460D4612F02CFD4D4EB06194FBBC
:106AE000F7F012F026FDF0614A484B4A4B4F90F800
:106AF000236092F8541292F8530292F9513201EB4A
:106B00000020414608EB41084FF47A7CC8EBC111E4
:106B10000B2E30D03E8A664512D9164692F899C19E
:106B200096F89C7196F89B61BCF1000F07EB062666
:106B30005FD06FF018077E4305EB8605C2F88E51D3
:106B4000354D92F8F57195F8F86195F8F75106EB27
:106B50000525E7B36FF01806754304EB8504C2F80A
:106B6000EA41ABB36FF06303584300EBC100C2F8D6
:106B70004602BDE8F0813E8B664507D94BB36FF006
:106B80001803584305EB8000C2F84602224892F8E9
:106B9000AD5290F8B03290F8AF0203EB00200DB385
:106BA0006FF01803584304EB8000C2F8A2021A48A1
:106BB00092F8094390F80C3390F80B0303EB002094
:106BC000ACB16FF06303584300EBC10002E015E085
:106BD00019E002E0C2F8FE02CBE700EBC00303EBD2
:106BE0000010CFE700EBC00303EB0010DBE76423EA
:106BF000E9E706EBC60707EB06169DE705EBC506BA
:106C000006EB0515A9E76423AEE77047704700005F
:106C1000A42100201439002045510020760902608B
:106C2000E4490120087070472DE9F0470C464860A0
:106C3000E14998461646B1F90030642293FBF2F11F
:106C400093FBF2F702FB1732002549B252B200293A
:106C50000CDA4942CBB25142C9B24FF4616253439C
:106C6000C1EB011103EB8101401A09E0CBB2D1B2B3
:106C70004FF461625343C1EB011103EB81010844FE
:106C8000DFF838A360609AF8000070B1CC48CD49B5
:106C9000B0F807000988884207D3CB4909888842A1
:106CA00003D8606800F5616060606068C74AB0FB47
:106CB000F2F1B0FBF2F702FB11014FF46162B1FB9C
:106CC000F2F0A160E760E075B1FBF2F002FB101199
:106CD0003C20B1FBF0F2A4F819102276B1FBF0F2DF
:106CE00000FB1211E1768946384612F041FCB84AA1
:106CF000B84B12F0AFFB12F094FC80B22082B8F1D6
:106D0000000F28D000F2B27140F2B552B7FBF2F298
:106D100089B28A0722D06FF4B67202FB0072A2EB2E
:106D2000900212B28907A4F81520B1F1804F02D069
:106D3000521CA4F81520A84AB4F9151000292EDD1C
:106D4000B4F81530A4F81330535DC91A6D1CA4F8BB
:106D50001510EDB2F0E700F26C71D5E76FF4B67183
:106D600001FB0071A1EB9001491C09B2A4F81510B8
:106D7000B8F1000F02D1491CA4F81510964A0C3244
:106D8000B4F9151000290ADDB4F81530A4F8133051
:106D9000535DC91A6D1CA4F81510EDB2F0E7A57487
:106DA000B8F1000F15D000F2B270208286F8009082
:106DB000207E7070E07DB070E07CF070A07C70711F
:106DC000207CA0F5FA60B0719AF800007072BDE8FE
:106DD000F08700F26C70E8E72DE9F041794D7A4CCC
:106DE00000207F4A2880208092F863307B495B1E18
:106DF00005E00E5C2F88401C3E442E80C0B28342CA
:106E0000F7DC92F8653000205B1E05E00E5C2788F9
:106E1000401C3E442680C0B28342F7DC12F8640F67
:106E20002988084428809078218808442080644874
:106E3000807900F5FA60E4F7AFF8002805D02888DB
:106E4000401C28802088401C2080BDE8F081FEB5D1
:106E50001D4616460C460746F1F792F90146381BC7
:106E6000574C584A00EBC00001EB8000B4F8071003
:106E7000128891420AD3544A1288914206D8711B53
:106E8000C1EB4112C2EB012100EB011001234C4A7E
:106E90005449FFF7C9FE6078002221788DE8070089
:106EA000A378E2786179A079E4F714F9FEBD4D4941
:106EB00010B508603F49091F002A08600DD1006A1B
:106EC000F4F74EFF00233E4A4649FFF7ADFE464920
:106ED0000120087037490420087010BD8CB0DB20F9
:106EE00000218DF800008DF8011004208DF80200BB
:106EF000FA208DF8030001208DF804108DF80500AC
:106F00008DF8081030228DF806108DF809008DF8E4
:106F100007100A206B461954401CC0B29042FAD3A5
:106F20000CB070477047704770472DE9F0472C4808
:106F30002E4990F84800022803D291F8F000012869
:106F400010D12B4D2B4EDFF8B0A02868401C2860D4
:106F5000327800273AB12949884203D937708AF834
:106F600000702F6033E74FF00109884681F8F190F7
:106F7000F1F706F9224C010E2060AE2000F053F824
:106F80002068C0F30741AD2000F04DF82088C0F321
:106F90000721AC2000F047F82178AB2000F043F83F
:106FA00020680EF02BFBC8F8CA008AF8007086F83B
:106FB0000090D6E7042200203E0100600D01006031
:106FC000D01500609A0000609C00006080510100B4
:106FD0007B14AE47E1D37640F240050848C503086C
:106FE00014390020D843002092010060761102601D
:106FF000B401006097010060980100600046050040
:10700000B0000060E3F728BB10B50C46E3F726FBA1
:107010002070012010BD10B50C460221E3F773FB70
:107020002080012010BD10B5C9B2E3F738FB012064
:1070300010BDE6F7E3BC80B2E6F7FFBCE3F7B8BBF0
:1070400030B585483221854A0170302141709379ED
:107050000A21B3FBF1F430348470B3FBF1F401FB8B
:1070600014333033C3702D2505715379B3FBF1F41C
:1070700030344471B3FBF1F401FB143330338371CA
:10708000C571D3783A25B3FBF1F430340472B3FB05
:10709000F1F401FB1433303343722023837293786D
:1070A000B3FBF1F43034C472B3FBF1F401FB1433DD
:1070B0003033037345735378B3FBF1F43034847386
:1070C000B3FBF1F401FB14333033C373057412784E
:1070D000B2FBF1F330334374B2FBF1F301FB132144
:1070E0003031817430BD2DE9F05F4FF496614FF47B
:1070F0006163DFF86C814A008C005D00CE000F01F7
:10710000DFF860C14FF416494FF4614A4FF4963BE3
:107110004FF4E13E022819D078B301286FD15248CC
:1071200090F8230004286AD0072868D00C2866D07D
:10713000082864D04D4800780C2860D2DFE800F0C1
:107140006E70727476787A7C8082847E9CF80200FD
:1071500001280BD0464800780C287BD2DFE800F0ED
:107160000E10121416181A1C2022241E98F8020061
:107170004FF000088CF80280EEE71BE0084615E0AF
:10718000104613E0184611E020460FE028460DE0B7
:1071900030460BE0384609E0484607E0504605E037
:1071A000584603E0704601E04FF46120BDE8F05F0F
:1071B000E6F71CBB9CF8000001280BD02D48007896
:1071C0000C2847D2DFE800F00D0F11131517191C1A
:1071D0002022241E98F800004FF000088CF8008050
:1071E000EEE7084616E0104614E0184612E0204686
:1071F00010E028460EE030460CE038460AE029E070
:10720000484607E0504605E0584603E0704601E076
:107210004FF46120BDE8F05FE6F762BA084615E07A
:10722000104613E0184611E020460FE028460DE016
:1072300030460BE0384609E0484607E0504605E096
:10724000584603E0704601E04FF46120BDE8F05F6E
:10725000E6F74CBBBDE8F09FF4430020D01500607A
:107260009721002082010060143900201001006085
:10727000110100600F01006010B50024642300229A
:10728000FDA1FEA001F0ADF808B1022010BDE1F7AC
:1072900078FD641CE4B20A2CF0D301D0012010BDAB
:1072A000002010BD10B5F64C04212046E1F7F1FC9A
:1072B0004FF4FA60E6F7C1FB2046BDE81040042118
:1072C000E1F7E5BC70B5EF4D40F225512846E2F7F5
:1072D00067FFED4CC0B12846E2F7FBFEC2B2B4F83E
:1072E000000440F2FF31C0F30E0088420CD2B4F823
:1072F0000004C0F30E01B4F800046318491C61F3E4
:107300000E00A4F800041A7040F224412846E2F767
:1073100047FF01280AD194F8010440F0800084F866
:1073200001042846BDE87040E2F7D3BE70BDF0B559
:107330008279002306252C2A03D0427C2C2A00D1F6
:107340000B239A1D845C2C2C61D11418A2783A2A44
:1073500011D16678303E092E0DD8B4B200222B44EC
:1073600006E09D180544521CED7801F8015B92B2CD
:10737000A242F6D349E0E6783A2E03D027793A2F95
:107380001DD044E06478303C092C40D8302A3ED3EC
:10739000392A3CD804EB84046FF02F0606EB440432
:1073A000224494B200222B4406E09D180544521C4E
:1073B0002D7901F8015B92B2A242F6D325E0647800
:1073C000303C092C23D8302A21D3392A1FD8302E1B
:1073D0001DD3392E1BD804EBC40707EB041406EBAE
:1073E000840402EB82024FF6F05606EB420222447E
:1073F00094B200222B4406E09D180544521C6D797E
:1074000001F8015B92B2A242F6D32046F0BD002003
:10741000F0BD70B5054640219C4811F0A8FC9B4C7E
:1074200015B1012D02D003E0652000E06720208027
:10743000974E1D2060803078A0807078E080B07812
:107440002081F07860810A20A081924D3079E0811E
:1074500015F86A0F208268786082A878A082E878A0
:10746000E08235F8670C20834FF42C700EF0C7F8DB
:107470006083F0790EF0C3F8A08387480068C0F3FA
:10748000072141EA002161848449097884F82410A5
:10749000010C090241EA1060A4F83900002084F8C8
:1074A0003B0035F8651CA1877D49097884F83E10BA
:1074B0007C4984F83F000120887170BD70B50024BC
:1074C000744D4FF47A7601F0F5F8A870401E032849
:1074D00008D33046E6F7B1FAE1F753FC641CE4B296
:1074E0000A2CF0D3A878032808D1BDE870404FF4E7
:1074F000FA73002260A16CA000F073BF70BD4FF45E
:10750000FA7300225CA16CA000F06BBF2DE9F0477C
:10751000644E604F0025F571B878012863D0387843
:10752000022860D050B135724FF4FA73002252A194
:1075300064A000F056FFC820E6F77FFA78784FF491
:1075400080694FF47A78012822D1002400F0C5FF29
:107550000CE0002001F019FE01464A465D4811F09A
:10756000EDFB45A1484811F00DFC38B94046E6F75F
:1075700064FA2046641CE4B20528EAD3434656A2C6
:107580003DA157A000F02DFFC820E6F756FAF5718F
:107590003878012824D1002000F069FFC820E6F7E0
:1075A0004CFA3C4900244A31A1F1400000F074FF3C
:1075B0004D4646460FE0002001F0E7FD01462A4611
:1075C000444811F0BBFB2CA12F4811F0DBFB38B96C
:1075D0003046E6F732FA2046641CE4B20528EAD3C6
:1075E000BDE8F0476AE7BDE8F08710B52D4C607A3A
:1075F000012805D1FFF78AFFF7F7CCF90020607268
:1076000010BD0B0A0370417000218170C170110A16
:107610000171427170478EB01420DFF878908DF8B8
:107620003000DFF880A04FF0000B89F802B08AF834
:1076300008B08AF809B0042389F807308AF803B043
:10764000134AAAF80AB04FF4FB70A9F80300B2F885
:107650004920A9F805200A220AA900F0C9FD00F076
:10766000A3FE4FF4FA642046E6F7E7F9FFF71AFEA7
:107670002046E6F7E2F937E04F4B000041540000A6
:1076800000140140004C0040084400201C2C046001
:1076900014390020889E0360AC0000608F000060F9
:1076A000810100600C22002041542B434950434C7F
:1076B0004F53453D3500000041542B524553544F24
:1076C0005245000041542B435753544F50534D41A2
:1076D00052540000889A036072656164790000006A
:1076E00041542B5253540000FFF7C6FD09F17601B7
:1076F000CDE908100126022802D089F802604CE08A
:107700006946DF20FFF780FC9DF80000442839D04F
:1077100018208DF80100F94AFE208DF8020010783B
:1077200010B1FF2807D00FE0517869B9917859B9A5
:10773000D17831B308E05178FF2905D19178FF293C
:1077400002D1D178FF2920D0D178102900D2103170
:107750008DF803109178102900D210318DF80410A3
:107760005178102900D210318DF80510102800D260
:1077700010308DF806000DF1010001F009F98AF8CA
:10778000036002E0089801F0BAF8052189F80210B8
:10779000002000F06CFEFFF7B9FED94801900520EB
:1077A000E6F74BF9099802280DD19AF803005446E0
:1077B000012808D1089801F0A2F884F803B0442108
:1077C000DF20FFF730FCE1F7DCFA09980228E6D168
:1077D0009AF800005446142803D984F800B0FFF743
:1077E00061FD6089411C6181B0F57A7F03D9A4F8FD
:1077F0000AB0FFF757FD99F8020002285CD049460D
:10780000012859D099F801004D4638B901F86ABFEE
:1078100081F801B081F802B085F86DB0207AA046F9
:1078200070B94FF47A730022AFF2B411B5A000F032
:10783000D8FD10B188F8086002E098F80800B8B3E5
:10784000002400F037FFA8706420E6F7F6F8E1F7AF
:1078500098FAA878032804D92046641CA4B2C82842
:10786000EFD3C82C07D3FFF751FE98F80010491C3E
:1078700088F8001093E785F800B04021A54811F082
:1078800076FAA4482021403011F071FAA248067619
:10789000F1F706FE4FF4FA730022AFF22421AFF2A3
:1078A000DC1000F09EFD6420E6F7C7F8FFF72EFE1F
:1078B000C820E6F7C2F872E784F800B0E079A24683
:1078C000D8B14FF480642146944811F050FA214613
:1078D000934811F04CFA002001F057FC0146224673
:1078E0008F4811F02BFA8D498D48FFF720FD054692
:1078F0008B4881792C296FD072E08649282260312B
:10790000089801F0D0F870B199F86A10484641B96A
:1079100090F86B1029B990F86C1011B990F86D10AF
:10792000E9B18AF80760002001F078F94FF4FA74A1
:1079300023460022AFF2C0217AA000F052FD0120C0
:1079400000F035FEE1F71DFA23460022AFF2D82100
:10795000AFF2AC2000F045FD00244D4606E08AF869
:1079600007B089F80260DEE7E1F70BFACDF800B066
:10797000B5F8051002230A466EA000F05BFE20B9A0
:107980002046641CA4B20528EED3002440F2D24560
:1079900001E0E1F7F6F9022329462A4665A00096A0
:1079A00000F048FE20B92046641CA4B20528F0D39C
:1079B000002401E0E1F7E5F90CAA0AA9012000F092
:1079C00064FE00287FF456AF2046641CA4B205284C
:1079D000BFF450AFEEE7FFE740793038C0B2029015
:1079E000002D19D0DAF814105C462944CAF8141096
:1079F000AAF80AB00298801E022876D8474908786B
:107A00001C2802D0EE2808D016E0302D14D1002218
:107A100029464248FFF74BFAD8E2487810280BD1A4
:107A2000887848B9C87838B9087928B9487918B930
:107A3000887908B9C87948B1DFF8C0C08A799CF85C
:107A40000400824208D0FF2A03D016E0F6F795FF23
:107A5000BCE2C879192810D030490520F7F707FF94
:107A6000BAF80E2055462AB136490020029B01F093
:107A700045FBEC81FFF7B9FDA8E212F0FF0F3FF4E0
:107A8000F9AEC8790B46032816D0062814D0102862
:107A90000ED0192810D001280ED002280CD00428AE
:107AA0000AD0052808D00F2806D018288AD103E06C
:107AB000197B691A0D2985D19CF82A10072915D040
:107AC000022913D09CF82810072913D0022911D0BD
:107AD0009CF829100729E9D18CF824601A4B002161
:107AE0004FF0020893F800E046E077E002218CF8BE
:107AF0002410F3E78CF82440F0E70000143900204C
:107B0000412C046041542B43575354415254534D1C
:107B100041525400929E0360801A0360A8300460B2
:107B2000889A036041542B4349504D4F44453D30A2
:107B3000000000003235352E3235352E3235352EE7
:107B400032353500B42E046044210020FE4B5B5CCE
:107B50009A4202D18CF824800CE0FC4B5B5C9A4288
:107B600002D18CF8244005E0F94B5B5C9A4201D1CC
:107B70008CF82460491CC9B27145E7D3F549022845
:107B800021D001281FD0032823D0042821D0062289
:107B90000888884641BA03A8FFF733FDAD1F9CF85B
:107BA0002420A9B203AB08F10600F6F759FBBAF896
:107BB0000E205546002A05D0E7490020029B01F01F
:107BC0009DFAEC8102E2C87A0322C01D02EBD002CA
:107BD000DEE7CA7A032000EB4202D9E7029810B12F
:107BE000012877D0F2E19AF80200E8BB8AF8026037
:107BF000D04600232A46D74903A800960AF054FC31
:107C00000246401EB0F5FF7F60D80123D14903A88A
:107C10000BF082FFD148007838B3002502E0322013
:107C2000E5F70BFF98F8051019B1CC4900250C7049
:107C300017E028466D1CEDB20A28F0D31AE040F296
:107C40002D1005FB00F1C648029B00EB410100200E
:107C5000B1F8582201F052FA0120E5F7EEFE6D1C52
:107C6000EDB298F8050001E030E003E08542E6D38C
:107C700088F80540B8F80C2032B1BA490020029BC0
:107C800001F03CFAA8F80C4098F80400F0B1002587
:107C9000C24615E040F22D1005FB00F1B24800EBA2
:107CA0004108B8F8580248B10120E5F7C6FEB8F817
:107CB000582241460020029B01F020FA6D1CEDB2D3
:107CC0009AF804008542E5D38AF804408AF8024015
:107CD0007CE1FFE79F49087864287DD18AF8066037
:107CE000002099F86AC099F86B3099F86C2099F8DF
:107CF0006DE0C5F3850516E0964901EB800191F82A
:107D00000180E0450DD191F80280984509D191F8A4
:107D10000380904505D191F80480F04501D18AF89F
:107D20000640401CC0B2A842E6D39AF806000028DC
:107D300052D00020FFF76DFBDFF828822046A8F123
:107D40004008A34688F81E0088F81F0088F8200025
:107D500088F821004846444610F86A1F24F8101F8E
:107D6000417861808178A180C078E08014227F49C9
:107D7000019810F0E3FF7E4840224146007840F031
:107D8000020084F82E000020029B01F0B7F90025C4
:107D900049E0784BC5EBC501CC18A079DC280DD2A1
:107DA0005A5CDFF8D4C10CEBD20C02F007029CF84D
:107DB00000C006FA02F21CEA020F32D0232830D0AB
:107DC000D4F8012044469C4624F8042FC2F307232C
:107DD0006380C2F3074300E0F8E0A380120EE28064
:107DE00020811CF801006081644814220178A1768A
:107DF0004178E17681782177C0786077604800EB40
:107E00000511019810F09AFF594856494022007810
:107E1000403940F0020084F83A000020029B01F053
:107E20006DF96D1CEDB2574800788542B1D300243E
:107E3000554D33E004EB8400544B00EBC4014FF08C
:107E4000080CCA18A8F80CC0595CA8F80E104B49C9
:107E500040460B7888F81E304B7888F81F308B78B6
:107E600088F82030C97888F82110D2F8051020F859
:107E7000041F0A0A42800A0C8280090EC1803C4914
:107E80004022097841F0020180F83A10354900207B
:107E90004039029B01F032F9641CE4B22878844234
:107EA000C8D300258DE02B2005FB00F138480144A4
:107EB000887CE8BB0868A8F80400020AA8F8062035
:107EC000020CA8F80820030EA8F80A308B7AA8F84C
:107ED0000C304B7AA8F80E30284B444693F800C07B
:107EE00088F81EC093F801C088F81FC093F802C03C
:107EF00084F820C0DB7884F82130C0F3072343EAFC
:107F000000236384097984F82410110241EA106087
:107F1000A4F83900142103A810F029FF4D208DF892
:107F20000C0053208DF80D0054208DF80E0000E059
:107F300045E050208DF80F003A208DF810008DF8A4
:107F40001FB0142203A925E09979036035790360F5
:107F5000A62F0020A8300460B42E0460A9200020C1
:107F6000981404605C2C0460049F036020EB0260A2
:107F700081010060989103605C95036014390020D2
:107F80002C890360442100205E210020E0950360DD
:107F900044080360019810F0D1FE0C2084F83F00E3
:107FA0008248007840F0020084F83E000120E5F7A6
:107FB00044FD40227E490020029B01F09FF86D1C89
:107FC000EDB27C4800788542FFF46DAF6420B7FBCA
:107FD000F0F100FB117050BBE0F7D3FE4FF47A7064
:107FE000E5F72BFD744CA08A401CA08200F0E8FC51
:107FF00040B1208B401C2083022189F802108AF8AE
:1080000001B014E0E08A5146401CE0829AF8010079
:10801000401CC0B28AF80100032808D3608B401CC2
:10802000608389F8026081F807B08AF801B03846A9
:108030007F1CBFB2B0F5967F7FF61CAC5E4C00276C
:10804000A08B401CA083E0F79CFE012000F0E6FD21
:10805000022803D0208C401C20840BE4E08B401CC1
:10806000E0838AF807B005E41CB50446FCF798FEE7
:1080700052490023CDE900414FF4006250A1AFF610
:108080006920E4F786F81CBD10B58CB001210220F0
:10809000E0F790FF4D4C2046E0F7E0FB4FF4167000
:1080A0000390102002904A48002101900A918020FC
:1080B00005902020CDE907104648049100908014D7
:1080C0000691099069462046E0F735FC0CB010BDDA
:1080D00070B5404D04462D1F012280212846E1F74E
:1080E000C0FF2146394C2046E0F762FC01212046C2
:1080F000E0F74BFC384E3046E0F75FFC0028FAD042
:108100003046E0F768FC00212046E0F73EFC2846B8
:10811000BDE8704000228021E1F7A3BF10B50C46F6
:108120000A4601462A4810F009FE2046FFF7D0FF14
:1081300010BD70B5002529488CB02C46057002266C
:1081400001E0E0F71EFE7B220223114624A00096E8
:1081500000F070FA20B92046641CE4B20528F0D380
:10816000DB208DF800008DF8015004208DF802000E
:10817000FA208DF8030001208DF804508DF80500D9
:108180008DF8085030228DF806508DF809008DF8D2
:1081900007500A2069460D54401CC0B29042FAD3E1
:1081A0000223002000F0AAFF0CB070BD8101006026
:1081B0001C2C046096000060EC2A00201C22002089
:1081C000574946495F7461736B00000058040240D0
:1081D000A8340460044C004000000210DE0100607E
:1081E0003137362E3232312E34322E3132350000D4
:1081F000F0B5002504460B462E460A2A02D00E7022
:108200001846F0BD002C1ED006DA4FF02D00187075
:1082100001F10103C4F1000442F210704FF00A07AB
:1082200094FBF0F252EA050C06D002F1300503F897
:10823000015B02FB1044012590FBF7F00028EFDC06
:108240001E700846F0BD302018704B1CF8E70FB4C4
:108250007FB506460AAC0FE05C2914D000F101009E
:10826000252909901DD03046E1F72FFF80213046A7
:10827000E1F78CFF0028F9D0099801780029EBD1AB
:108280007FBC5DF814FB401C099001786E2903D077
:1082900072291BD10D2100E00A213046E1F715FFBC
:1082A00013E00178642914D073290FD120CC09E0A0
:1082B0003046E1F70AFF80213046E1F767FF0028EA
:1082C000F9D06D1C29780029F2D10998401C099039
:1082D000CCE701CC0A226946FFF78AFF6D4609E028
:1082E0003046E1F7F2FE80213046E1F74FFF0028EB
:1082F000F9D06D1C29780029F2D1E6E730B50121CB
:1083000087B0C804E0F768FE01211020E0F75BFEAB
:108310004FF48060ADF8100018208DF81300032092
:10832000F74C8DF8120004A92046E0F746FCE11452
:10833000ADF8101004218DF8131004A92046E0F7C1
:108340003CFC00244FF4E1300090ADF808400C20D4
:10835000EC4DADF80440ADF80A00ADF80640ADF8BC
:108360000C4069462846E1F7E7FD012240F225511D
:108370002846E1F75EFE012240F224412846E1F75B
:1083800058FE34208DF814008DF815408DF81640F5
:1083900001208DF8170005A8E0F771F801212846A3
:1083A000E1F73DFE07B030BD38B510208DF8030071
:1083B00003208DF8020001212020E0F704FE0420B4
:1083C000D14CADF8000069462046E0F7F6FBFFF718
:1083D00095FFFFF759FE2046BDE838400421E0F73D
:1083E00056BC2DE9F0411746884602461D46C7A1F6
:1083F000C448FFF72CFF58EA070035D0C54EB6F841
:1084000000046FF30E00A6F8000496F8010420F0B3
:10841000800086F8010400243220B5FBF0F085B21C
:1084200004E03220E5F709FBE0F7ABFC96F8010425
:10843000000604D42046641CA4B2A842F1D3B6F8C6
:1084400000140020C1F30E017054B8F1000005D0F3
:10845000014627B1AF4810F095FC28B93946AD4820
:1084600010F090FC002800D00120BDE8F08140F61B
:10847000C41328B1012807D0022809D00020704772
:10848000A5A2A8A1A8A006E0A3A2A6A1A9A002E077
:10849000A1A2A4A1AAA0A4E700B59FB00B460246E2
:1084A000AAA1684611F07CFF41F2883300229DA109
:1084B0006846FFF796FF1FB000BD00B59FB00B46A2
:1084C0000246A7A1684611F06BFF41F288330022F3
:1084D00094A16846FFF785FFEDE72DE9F041CEB0A6
:1084E00064210AA810F043FCA34D002441AE2819D2
:1084F00006EB840190F86A000A22FFF779FE641CFB
:10850000E4B2042CF3D3002445AF281907EB84010F
:1085100090F86E000A22FFF76BFE641CE4B2042C94
:10852000F3D300240DF59278281908EB840190F814
:1085300072000A22FFF75CFE641CE4B2042CF3D341
:1085400048A847A9CDE9081046AACDE906724CA86B
:108550004BA9CDE9041044A843A94AAACDE90010CB
:10856000CDE90282331D41AA84A10AA811F018FFA7
:108570000AAA8DA123A811F013FF4FF47A630022F9
:1085800068A123A8FFF72DFF4EB06EE700B59FB09E
:108590000B460092024689A101A811F001FF4FF499
:1085A0007A7300225FA101A8FFF71BFF83E700B5E4
:1085B00085B008B1012200E0002286A1684611F0D2
:1085C000EFFE4FF4FA73002256A16846FFF709FF49
:1085D00005B000BDF0B5B9B00F4604461E461546BD
:1085E000642101A810F0C3FB14B1012C0BD103E0EE
:1085F0003B467CA2009502E03B467BA200957BA116
:1086000001A811F0CDFE052E06D201AB32467BA1AA
:108610001AA811F0C5FE04E001AA7DA11AA811F064
:10862000BFFE4FF47A637EA23EA11AA8FFF7D9FEDF
:1086300039B0F0BD2DE9F041BAB00C4680461E4677
:108640001546642103A8409F10F091FB8DE870004F
:10865000434665A276A103A811F0A2FE052F06D21B
:1086600003AB3A4665A11CA811F09AFE04E003AAE8
:1086700067A11CA811F094FE4FF47A6368A229A1A7
:108680001CA8FFF7AEFE3AB0EFE610B59EB04FF46F
:10869000FA740B4608B1012200E0002269A1684685
:1086A00011F07EFE234600221EA16846FFF799FEC8
:1086B0001EB010BD10B54FF4FA73002219A166A0C8
:1086C000FFF78FFED8B168A1124810F05BFB08B12C
:1086D000022010BD67A10F4810F054FB08B1032021
:1086E00010BD67A10B4810F04DFB08B1042010BD70
:1086F00066A1084810F046FB08B1052010BDCBE08C
:1087000000100140004C00400014014025730D0A88
:1087100000000000084400206E6F206368616E67EF
:10872000650000004F4B000041542B43574D4F4410
:10873000453D310041542B43574D4F44453D320098
:1087400041542B43574D4F44453D330041542B4337
:10875000574A41503D222573222C222573220000C6
:1087600041542B43574A41505F4445463D222573AF
:10877000222C222573220000889E03602225732E5E
:1087800025732E25732E2573222C2225732E2573F7
:108790002E25732E2573222C2225732E25732E252C
:1087A000732E25732200000041542B43495053542B
:1087B000415F4445463D25730000000041542B4372
:1087C000575341503D222573222C222573222C31F0
:1087D0002C25640041542B4349504D55583D256488
:1087E00000000000544350005544500022257322DD
:1087F0002C222573222C25730000000041542B43AA
:10880000495053544152543D25642C2573000000B7
:1088100041542B43495053544152543D2573000059
:10882000414C5245415920434F4E4E454354000060
:10883000222573222C222573222C25642C25642CBE
:108840002564000041542B4349505345525645522C
:108850003D25642C2573000041542B43495053544B
:1088600041545553000000005354415455533A327B
:108870000D0A00005354415455533A330D0A000079
:108880005354415455533A340D0A00005354415443
:1088900055533A350D0A0000062010BD10B50024CE
:1088A0004FF4FA732246AFF28411AFF25400FFF78F
:1088B00098FD002821D0FAA1FD4810F063FA00B11C
:1088C0000124FCA1FA4810F05DFA08B144F002045A
:1088D000FCA1F74810F056FA08B144F00404FDA1D9
:1088E000F34810F04FFA08B144F00804FDA1F04835
:1088F00010F048FA08B144F01004204610BD2DE9EC
:10890000FC41C82306460022AFF2E811F9A0FFF7A8
:1089100068FD00252C46FBA1E54810F033FA00283D
:1089200034D000F10B0300206F46195C3A2902D0C5
:10893000052D0DD00EE0022C06D19DF801109DF8FA
:10894000002001EB021171556D1CEDB200240FE007
:10895000222911D0A1F13002092A01D83A5505E0A7
:10896000A1F16102052A03D857393955641CE4B2D4
:10897000401CC0B22828D8D3022C06D19DF8010093
:108980009DF8001000EB011070550120BDE8FC813E
:1089900010B592B0817844790379C2788DE81E00D1
:1089A00043780278DBA104A811F0FAFC4FF47A7343
:1089B0000022AFF2902104A8FFF713FD12B010BD02
:1089C00038B54FF4FA730022AFF2A821DBA0FFF70D
:1089D00008FD0024DDA1B64810F0D4F918B100213B
:1089E000DD4D0C3007E0DDA1B14810F0CBF90028D7
:1089F00000D0022038BD425C222A2ED02B19641CE4
:108A0000491CC9B29A72E4B23C29F4D33C292AD059
:108A10000028EFD000211530425C2C2A20D0491CC0
:108A2000C9B20529F8D305291DD000210A466C4694
:108A3000835C5BB12D2B18D0303B092B02D86354DB
:108A4000491CC9B2521CD2B2052AF1D301290ED059
:108A500002290FD0032916D023E00844401CD5E793
:108A60000844401CDFE7002038BD0021EAE79DF8FC
:108A7000000015E09DF800009DF8011000EB80005B
:108A800001EB40000CE09DF80010642041439DF88C
:108A9000010000EB800001EB40009DF8021008444B
:108AA0002872012038BD2DE9FE4316464FF4FA79AD
:108AB0000F4680464B460022AFF29831A9A0FFF73F
:108AC00090FC00252C46AAA1794810F05BF90028FB
:108AD00072D00021C01D33E0425C2E2A02D0032D4B
:108AE00025D026E0012C04D0022C05D0032C0CD07C
:108AF00019E09DF8002015E09DF800209DF8013058
:108B000002EB820203EB42020CE09DF8003064228B
:108B100053439DF8012002EB820203EB42029DF8D1
:108B200002301A447A556D1CEDB2002406E0222A68
:108B300008D0303A0DF80420641CE4B2491CC9B2D4
:108B4000B142C9D3012C04D0022C05D0032C0CD087
:108B500019E09DF8000015E09DF800009DF8011057
:108B600000EB800001EB40000CE09DF80010642059
:108B700041439DF8010000EB800001EB40009DF8AF
:108B80000210084478554B460022AFF2684159A0C4
:108B9000FFF727FC00252C465AA1454810F0F2F8B3
:108BA000002839D0002201AF0B3026E0815C3A2941
:108BB00003D0052D0FD010E02EE0022C07D19DF838
:108BC00005109DF8043001EB031108F805106D1C29
:108BD000EDB200240FE0222911D0A1F13003092BBE
:108BE00001D83B5505E0A1F16103052B03D85739A6
:108BF0003955641CE4B2521CD2B2B242D6D3022C14
:108C000007D19DF805009DF8041000EB011008F84D
:108C10000500FFF7D5FE0120BDE8FE832DE9FF47E3
:108C200080464FF47A730022AFF2085152A0FFF74A
:108C3000D8FB00268DF802608DF801603446B146FD
:108C40008DF8006050A11A4810F09CF800281FD041
:108C5000002101AB6D46401D425C2E2A19D0032E27
:108C600001D3222A09D0022C14D8303A2A55641C88
:108C7000E4B2491CC9B22829EED3DFF814A128298F
:108C800009D0012C08D0022C07D0032C06D0C6E056
:108C900074E17FE03BE1A2E0A7E0A9E0B1E00000E1
:108CA0002B4349505354415455533A302C00000043
:108CB000084400202B4349505354415455533A31F2
:108CC0002C0000002B4349505354415455533A3221
:108CD0002C0000002B4349505354415455533A3310
:108CE0002C0000002B4349505354415455533A34FF
:108CF0002C00000041542B4349505354414D4143F3
:108D00003F0000002B4349505354414D41433A2208
:108D10000000000041542B4349505354414D4143FE
:108D20005F4445463D2225783A25783A25783A250C
:108D3000783A25783A2578220000000041542B43E8
:108D4000574A41505F4355523F0000002B43574A5A
:108D500041505F4355523A00889E036062757379B3
:108D60000000000041542B434946535200000000CC
:108D700053544149502C220041542B4349505354E1
:108D8000415F4355523F00003A69703A22000000AB
:108D9000EC2A0020012C04D0022C05D0032C0CD08E
:108DA00019E09DF8002015E09DF800209DF8014095
:108DB00002EB820204EB42020CE09DF800406422C8
:108DC00054439DF8012002EB820204EB42029DF81D
:108DD000024022449A55761CF6B2002449E7BAF8BC
:108DE0003010491CAAF8301020E19DF8000015E071
:108DF0009DF800009DF8011000EB800001EB4000A1
:108E00000CE09DF80010642041439DF8010000EB48
:108E1000800001EB40009DF8021008449855F94E7F
:108E2000B8F1000F1BD09DF8041096F86A0081423B
:108E300011D19DF8050096F86B1088420BD19DF872
:108E4000060096F86C10884205D19DF8070096F848
:108E50006D10884206D00198C6F86A0022E1019898
:108E6000C6F86A008DF8029000278DF801903C4604
:108E70008DF80090E4A1E7480FF084FF00287DD032
:108E8000002102AB0A30425C2E2A16D0032F01D3F8
:108E9000222A09D0022C3AD8303A2A55641CE4B26E
:108EA000491CC9B22829EED328292BD0012C2FD058
:108EB000022C30D0032C37D044E0012C04D0022CFB
:108EC00005D0032C0CD019E09DF8002015E09DF88A
:108ED00000209DF8014002EB820204EB42020CE00C
:108EE0009DF80040642254439DF8012002EB820269
:108EF00004EB42029DF802402244DA557F1CFFB287
:108F00000024CDE7BAF83210491CAAF832108DE0DF
:108F10009DF8000015E09DF800009DF8011000EBA1
:108F2000800001EB40000CE09DF8001064204143FC
:108F30009DF8010000EB800001EB40009DF802105D
:108F40000844D855B8F1000F1DD09DF8080096F8D8
:108F50007210884211D19DF8090096F8731088426A
:108F60000BD19DF80A0096F87410884205D19DF83F
:108F70000B0096F87510884208D000E057E0029880
:108F8000C6F872008EE00298C6F872008DF8029062
:108F900000278DF801903C468DF800909EA19D48D9
:108FA0000FF0F0FE002842D0002103AB0A30425CF3
:108FB0002E2A16D0032F01D3222A09D0022C35D80D
:108FC000303A2A55641CE4B2491CC9B22829EED3B0
:108FD00028292BD0012C2DD0022C2ED0032C35D0BB
:108FE00042E0012C04D0022C05D0032C0CD019E057
:108FF0009DF8002015E09DF800209DF8014002EB4F
:10900000820204EB42020CE09DF8004064225443CB
:109010009DF8012002EB820204EB42029DF802401F
:109020002244DA557F1CFFB20024CDE7002004B0B3
:10903000BDE8F0879DF8000015E09DF800009DF860
:10904000011000EB800001EB40000CE09DF80010E7
:10905000642041439DF8010000EB800001EB4001DA
:109060009DF802000844D855B8F1000F1CD09DF8B7
:109070000C0096F86E10884211D19DF80D0096F8FC
:109080006F1088420BD19DF80E0096F87010884240
:1090900005D19DF80F0096F87110884207D003980B
:1090A000C6F86E000220C2E70398C6F86E000120E1
:1090B000BDE710B54FF4FA7423460022AFF69C11B9
:1090C00058A0FFF78EF9002808D0234659A2AFF622
:1090D000AC11BDE8104058A0FFF783B910BD10B522
:1090E0004FF47A70E4F7A9FC56A15748FFF7AFF8A0
:1090F000BDE810404FF4FA70E4F79FBCF0B50E469F
:10910000002440F22621ADF5177D1F4615468A4200
:1091100021D850B13246AFF6FC014B48FFF797F823
:109120000220E4F78AFC01242DE0052F06D2134625
:109130003A4646A1684611F033F903E048A1684673
:1091400011F02EF968460FF02FFE0104090C02D031
:10915000B1F5077F03D900200DF5177DF0BD6846F6
:10916000FEF7DCFF0220E4F768FC29463046FEF7F4
:10917000D5FF0120E4F761FC2648B0F800146FF336
:109180000E01A0F800142046E6E72DE9F041214D3C
:1091900007460026B5F800046FF30E00A5F800049A
:1091A00095F8010420F0800085F8010440F20241A6
:1091B00028460FF0DCFD002404E00A20E4F73DFC23
:1091C000DFF7DFFD95F80104000604D42046641C97
:1091D000A4B26428F1D3B5F800140020C1F30E0145
:1091E00068540FB10B4E09E021A10A480FF0CAFDE7
:1091F00020B11FA107480FF0C5FD06463046BDE867
:10920000F0810000889E03603A6761746577617938
:109210003A220000084400203A6E65746D61736B59
:109220003A22000041542B4349504D4F44453D31B3
:10923000000000003E00000041542B4349505345BC
:109240004E4400002B2B2B00004C004041542B437C
:10925000495053454E443D25642C25640D0A0000B9
:1092600041542B43495053454E443D25640D0A005B
:109270002B495044000000004D49C0EBC00010B520
:1092800001EB40010E224B480FF058FD4948D0F841
:109290000500BDE810400047704710B50020E3F717
:1092A00072FF43491839486101200870BDE8104039
:1092B0000020E1E7704708B53226FFF7EEFF642093
:1092C000E4F7BBFB3A4C3B4D4FF0FF37183C3946B7
:1092D0006069E4F71FF8012838D1374800231422C9
:1092E00069460068E3F789FF01280CD1D5F8011021
:1092F000BDF800008847687B10B1E3F767FAE060CB
:10930000D5F809008047207801281CD1A078401C9E
:10931000C0B2A0700A2804D3D5F809008047002005
:10932000A070687B78B1E3F751FA2061E168411AD7
:10933000687B00EB4002C2EBC010B1EBC00F02D360
:109340000020FFF799FF6069E3F72FFF3046E3F74E
:1093500096F8BCE716490020183948707047144940
:1093600010B51839C87801280FD10879134A10F0C0
:10937000010F00F10100C0B208714FF0000405D0E8
:10938000C2F88041322800D9CC7010BD0123C2F848
:109390008031F7E71CB506494FF4C0721039CDE9AA
:1093A0000001002306A1AFF2F100E2F7F2FE1CBDBE
:1093B000F801006000370460F800006000002142FE
:1093C0004D656E755461736B0000000030B5C1EBE4
:1093D000C10404EB41110023FD4C1A460D19A918D4
:1093E000497DA1F120045F2C01D3012300E003B1EA
:1093F00020218154521CD2B2082AF0D300210172DC
:1094000030BDF44A10B592F8FF3092F8FE20521E9B
:10941000D2B2012B03D013B1022B03D006E0402AB5
:1094200002D303E0802A01D2012400E00024002CB2
:1094300001D14FF0FF03037001D14FF000020A7019
:1094400010BD70B50120E24D0346002103EB43043B
:109450006218D2B2C2EBC20606EB42122A44527D17
:1094600032B1202A04D0FF2A02D0581CC0B203E037
:10947000491CC9B20329EBD35B1CDBB2082BE4D334
:1094800070BD2DE9FC41FFF7DCFFD34E0446F079B7
:10949000A04201D30020F07101F0A5F941F20617B6
:1094A0004FF6FF75CDE900578046CCA36E228A2186
:1094B0000120F0F788FFCDE90057C8A399228A213F
:1094C0000120F0F780FFCDE90057C4A3C4228A2110
:1094D0000120F0F778FF4146C248FFF777FF08F117
:1094E0000100C1B2BF480930FFF770FF08F1020068
:1094F000C1B2BC481230FFF769FF83272B46B94A37
:10950000722102200097F1F77DF8B64A2B46093206
:109510009D2102200097F1F775F8B24A2B461232CE
:10952000C82102200097F1F76DF82146F079F1F794
:109530007FFCF079BDE8FC41F1F7ACBCFEB58320BF
:10954000F0F770FDA44C0027611DE7712772677268
:10955000E77027716771A771481EFFF752FFA14896
:1095600083264FF6FF7540F81B7F9FA34760078156
:10957000A771CDE9005600220A210120F0F723FF50
:10958000CDE900569CA332220A210120F0F71BFFEF
:10959000CDE9005694A324220A210120F0F713FFFD
:1095A000CDE9005690A341220A210120F0F70BFFDC
:1095B0002079012803D058B1022810D019E0607931
:1095C000C0EBC00101EB00108F4901EB40000DE042
:1095D00060798E49C0EB001000EB400005E0607937
:1095E000C0EBC00101EB401079490844153001F08F
:1095F00000F9ED21CDE9001541F20610002302909B
:109600001A462421F020F1F75CF882498048642250
:10961000086069218620F1F7ACFE6422942186203F
:10962000F1F7A7FE6422BF218620F1F7A2FEFFF723
:1096300028FF794C0021C1EBC10202EB011200208E
:1096400004EBC203C0EBC00202EB00129D5CFF2DD5
:1096500000D19F54401CC0B20828F3D3491CC9B2A2
:109660000429E8D3FEBD70B50546144608460FF040
:10967000F1FFB5B1012D18D0022D1AD0032D1CD049
:10968000042D1ED0052D20D0062D02460B4620D0DD
:1096900062A1204610F084FE0020215C20291ED10A
:1096A00019E00B4602465EA1F3E70B4602465EA1B7
:1096B000EFE70B4602465EA1EBE70B4602465EA1D2
:1096C000E7E70B4602465EA1E3E70B4602465EA1D2
:1096D000DFE75FA1DDE7401CC0B20928DDD3C0F1A0
:1096E0000901CAB2A0EB5001CBB2002105E0451838
:1096F0005E18655D491CA555C9B29142F7D398180B
:10970000C0B2202102E02154401CC0B20928FAD383
:1097100070BD2DE9F04F87B001F065F807460146AE
:1097200003A8FFF753FE082203A92E480FF05BFBA6
:109730002C4E83244FF6FF7568B10398306004986F
:1097400070609DF8140030722B4632467221022060
:109750000094F0F757FF07F1010909F0FF0103A892
:10976000FFF734FE1F48082203A909300FF03BFB26
:1097700080B10398C6F809000498C6F80D009DF85A
:1097800014007074174A2B4609329D210220009460
:10979000F0F738FF07F1020808F0FF0103A8FFF710
:1097A00015FE1048082203A912300FF01CFB70B1FF
:1097B000039846F8120F049870609DF81400094A47
:1097C00030721232C8212B460220009444E045E05A
:1097D000BA2102607611026025220020202020207C
:1097E000000000000E3704602020202020202020D0
:1097F00020202020202000002020202020202020A9
:109800002020202000000000455100203CC50460BD
:10981000E0200020DC2000201441026025660000CA
:1098200025392E306600000025392E3166000000F3
:1098300025392E326600000025392E3366000000DF
:1098400025392E346600000025392E3566000000CB
:1098500025392E3666000000F0F7D4FE3946012087
:10986000F0F7F0FF09F0FF010220F0F7EBFF08F03E
:10987000FF010320F0F7E6FFDFF858B49BF85B0028
:1098800030B14FF48976012807D0022811D02DE09D
:10989000F1F750FBF1F794FA28E041F20610AFF22D
:1098A000A803CDE90050ED2200210120F0F78BFD47
:1098B00001E0F1F73FFBCDE90064062300222D21F2
:1098C00048200294F0F7FDFECDE900645423002205
:1098D0002D2148200294F0F7F4FECDE90064A22384
:1098E00000222D2148200294F0F7EBFE694601A8E2
:1098F000FFF787FDF8499DF804004FF0010A0A7947
:10990000824204D14A799DF800309A4205D008710C
:109910009DF80000487181F806A091F804904E79F6
:1099200088798846002728B388F80670AFF2481374
:10993000CDE9005400220A210120F0F744FDAFF2E6
:109940004813CDE9005432220A210120F0F73BFDF3
:10995000AFF26C13CDE9005424220A210120F0F764
:1099600032FDAFF27C13CDE9005441220A210120DF
:10997000F0F729FD64224FF47A71B9F1010F06D096
:10998000B9F1000F70D0B9F1020F6ED076E0C6EBDE
:10999000C600D24B00EB061003EB400696F82800F9
:1099A000012821D088F803A098F80500C0EBC00179
:1099B00001EB001003EB4000153000F01AFFCDE979
:1099C0000054C74B00221E210120F0F7ABFD96F892
:1099D0002600002896F82D007ED0012833D00228DA
:1099E0007BD0032825D026E088F8037096F82D0058
:1099F000042804D0032809D01B280ED012E0D6F882
:109A00001E0090FBF2F001B20122BDE0D6F81E006C
:109A100090FBF2F001B20022B6E0D6F81E0090FBF7
:109A2000F2F0C7E0D6F81E00642290FBF1F001B21C
:109A3000AAE0ACA308E004287ED005287DD00A283F
:109A40007CD00B287BD0BAE0322211E0022877D0FC
:109A5000032876D0042875D0052874D00A2873D03E
:109A60000B2803D0A1A3EFE70FE043E0A0A300225F
:109A7000CDE900540A210120F0F7A5FC98F8080070
:109A8000464600287ED01421B0E0C6EB0610994966
:109A900000EB4000461896F82300012824D088F8EF
:109AA00003A098F80500C0EB001000EB400008444C
:109AB000153000F09EFECDE90054894B00221E2196
:109AC0000120F0F72FFD96F82500002896F92800D0
:109AD0000DD0012873D001E009E06FE0022870D0BA
:109AE0000328A8D184A3AFE788F80370C6E701284C
:109AF000B8D0ABE7C6EBC600814B00EB4610C618EA
:109B000096F82300012824D088F803A098F80500CF
:109B1000C0EBC00101EB40101844153000F069FEA5
:109B2000CDE900546E4B00221E210120F0F7FAFC13
:109B300096F82400002808E045E046E047E048E0C9
:109B400049E04AE04BE04CE04DE096F82600C0D1F9
:109B5000CDE788F8037096F8260002283FF44FAF4F
:109B600001283FF453AF052812D0042817D0172836
:109B70001CD018287FF442AFD6F81E0090FBF1F0FD
:109B800001B200E031E002220020F1F76CFE75E73F
:109B9000D6F81E00052290FBF1F001B2F4E7D6F8EA
:109BA0001E00042290FBF1F001B2EDE7D6F81E0092
:109BB00090FBF1F001B20622E6E700E001E051A3DC
:109BC00042E751A340E752A33EE753A33CE754A327
:109BD0003AE754A338E755A336E756A334E757A32B
:109BE00032E759A330E75AA32EE70521B078814226
:109BF00002D2377037720CE0401CB070307842F2FD
:109C00000B28012809D0022814D003282FD00428BB
:109C100055D0F07801285BD09EE0F078012806D17D
:109C2000CDE900542E4B00221E21F0F77BFCCDF82D
:109C3000008092E0F078012806D1CDE90054284B4D
:109C400000221E21F0F76EFC254A2B461B3A72219A
:109C500002200094F0F7D6FCCDF80080204A2B4675
:109C6000123A9D210220F0F7CDFC00941BE0F07821
:109C7000012806D1CDE90054194B00221E21F0F72E
:109C800051FC174A2B461B3A722102200094F0F730
:109C9000B9FC134A2B46123A9D2102200094F0F79A
:109CA000B1FCCDF800800E4A2B46093AC8210220AB
:109CB000F0F7A8FC9BF823000B2860D061E0F07857
:109CC000012849D1CDE900580022054B1E2153E05F
:109CD0004BE00000143900202522002045510020CF
:109CE0002937046053545241540000004F46460047
:109CF0004C4F57003CC5046053544152540000007F
:109D0000BA2102604F4E00004F50454E0000000047
:109D1000454E41424C454400414C41524D000000EB
:109D20004F4343004849474800000000434C4F530D
:109D30004544000053544F50000000004449534133
:109D4000424C4544000000004E4F524D414C000033
:109D5000554E4F434300000000942B46FB4A7221AE
:109D60000220F0F74FFC009478E7F84BCDE900545F
:109D70001B3300221E210120F0F7D4FBECE700F09A
:109D800045FDF349887802281BD005282FD00628E6
:109D90002DD0F04A00230097CDE901541A2108463E
:109DA000F0F745FCDFF8B0934FF01C0899F800007D
:109DB000F0B3B07A10F0010F00F10100B0721AD0C8
:109DC00024E0087A462803D20023E44A0097E3E718
:109DD000502803D20023E24A0097DDE75A284FF0CB
:109DE0000003009701D2DF4AD6E7DF4AD4E7002319
:109DF000DE4A0097D0E7CDF80080CDE9015400237A
:109E0000DB4A1A210D20F0F712FC09E0CDF80080A2
:109E1000CDE9015400231A461A210D20F0F751FC18
:109E2000DFF850A39AF8000088B3B07AC00700E0CA
:109E300013E000D0F772F07A10F0010F00F101008A
:109E4000F0720CD0CDF80080CDE901540D23CA4A40
:109E50001A211846F0F7EBFB0BE0B772D6E7CDF806
:109E60000080CDE901540D2300221A211846F0F795
:109E700028FC99F8001009B189F800709AF80010D0
:109E8000002901D08AF8007007B0BDE8F08FFFE725
:109E9000F772E4E70246C2EBC20303EB0212B74BD0
:109EA0000020014603EBC202C1EBC10303EB011327
:109EB000D35C002B05D0401C491CC9B2C0B2082994
:109EC000F2D370472DE9F05F0F46AD498146002679
:109ED0000878AC4C15464FF0010B4FF47A7A042801
:109EE00022D0401E8846022878D800F07CFC98F8E2
:109EF00000100844C0EBC00101EB4010044414F80A
:109F0000010C273C6538022869D8C1B2884608464A
:109F1000FFF7C0FF994BC8EBC80707EB08110025F6
:109F2000524603EBC10751E0002A57D1C8780128F7
:109F300054D1934881F806B009794079012903D0BA
:109F4000022911D0F1B192E0C0EBC00101EB001188
:109F50008D4800EB410090F8261019B1002180F8DF
:109F6000261084E00121FAE7C0EBC00101EB4010AC
:109F7000204490F8241019B1002180F8241076E0D4
:109F80000121FAE7C0EB001101EB41027F490A44CD
:109F900092F8251039B1002182F8251001B15146FF
:109FA000EEF7A3FC63E00121F6E7D4F81E10C5EB41
:109FB000C50391FBF2F103EB05133B44B3F81530F5
:109FC000994201D12E4603E06D1CEDB28542ECD3DF
:109FD000B9F1000F28D0761CF5B210E04DE026E074
:109FE0002946404600F035FC38B1C5EBC50000EB12
:109FF00005103844B0F8150011E06D1CEDB2082DC5
:10A00000EED334E0751EE9B2404600F022FC50B1B8
:10A01000C6EBC60000EB0610384430F8020C4FF4D3
:10A020007A7148431CE0EEB2002EEBD11FE094F8A9
:10A03000230048B1B9F1000F15D0D4F81E005449DF
:10A0400088420CDA38440BE0002D16D194F8240035
:10A0500018B1002084F8240009E00120FAE700206C
:10A06000C4F81E0003E054F81E0FC01B20604949CD
:10A0700081F802B0484981F800B0BDE8F09F70B5A2
:10A08000C0F30121C0F3802201290AD04FF47A7174
:10A090003B4C00252346A5702678DB78042E03D0A0
:10A0A00006E042F21071F3E7012B01D02570257212
:10A0B000C0B20A2815D2DFE800F0142905141514DF
:10A0C0001414377A207A08B101200EE0207830B1DC
:10A0D000042804D0012801D0401E10E093B90320C9
:10A0E000207070BD207A18B10020BDE87040E9E60C
:10A0F000207830B1032804D0042805D0401CC0B219
:10A10000EEE70BB10420EBE70120E9E7207830B15E
:10A11000002AE6D1207A28B10020207270BDE079B3
:10A12000401C3DE00120F8E7207828B1002AF5D155
:10A13000207A50B1257270BDFFF783F9E17909B13A
:10A1400081422BD3401EC0B22AE02EE00E370460BD
:10A15000889E03608039050805010060181F050806
:10A1600060240508A8290508F02E050838340508DC
:10A17000D019050804010060741C05081441026030
:10A1800025220020BA210260455100203CC5046010
:10A19000583E0F00801A03608A010060491EC8B251
:10A1A000E071BDE87040FFF76CB9257070BD257295
:10A1B000BDE870400120FFF75FB82DE9F05F8046F1
:10A1C000002500F010FB0446FA4890F823000B2805
:10A1D00027D0DFF8E4E3DFF8E4B30023DFF8E0C3DF
:10A1E000F84AF948DFF8E493F94901264FF47A7701
:10A1F000B8F1080F77D018DCB8F1000F74D0B8F1BF
:10A20000010F72D0B8F1020F21D0B8F1040F6BD159
:10A210009A468B700B78A3F10108B8F1020F7CD934
:10A22000D3E04046BDE8F05F29E7B8F1090F75D0EB
:10A23000B8F5817F73D0B8F5827F55D19A468B707F
:10A240000B78A3F10108B8F1020F69D9BDE08B705A
:10A2500091F80080C246A8F10108B8F1020F7DD83C
:10A2600004EB0A02C2EBC20808EB4212024412F8E5
:10A27000018CA8F16508B8F1020F70D808F0FF0052
:10A28000FFF708FEDFF848E3804600209EF8001044
:10A29000E1462144C1EBC10202EB4112CA4911441B
:10A2A0001AE011F8013C51F8092CC3EBC30C0CEB7C
:10A2B000031C09EBCC03C0EBC00C92FBF7F20CEBD8
:10A2C000001C6344A3F5A043B3F87D379A4201D143
:10A2D000054603E0401CC0B24045E2D3CA46DFF861
:10A2E000E892F0465AE063E255E270E298F8000026
:10A2F0002044C0EBC00101EB401101EB090010F854
:10A30000010CC0EBC00101EB00110AEBC100C5EB71
:10A31000C50101EB0517384403E02CE15EE28BE058
:10A32000B2E1A0F591400EF03FFDA0B398F8000017
:10A330002044C0EBC00101EB401101EB090010F813
:10A34000010CC0EBC00101EB00110AEBC100384465
:10A35000A0F5A04090F88007FF2801E035E020E05C
:10A360001AD098F800002044C0EBC00101EB401166
:10A37000494411F8010CC0EBC00202EB00120AEBD9
:10A38000C200C5EBC50202EB05121044A0F5A040C7
:10A39000B0F8940761E1FFE76D1CEDB2072DA5D37E
:10A3A000F5E112F8040C002870D052F8090C704541
:10A3B00008DA00F57A70D5E002F8036CE7E102F8FC
:10A3C000033CE4E142F8093CE1E18E710B79012B99
:10A3D00003D0022B10D0EBB1D9E14879C0EBC0011A
:10A3E00001EB001002EB400090F82610002970D01D
:10A3F000002180F82610CAE14979C1EBC10202EBC5
:10A400004111084490F8241000297CD0002180F8E4
:10A410002410BCE14879C0EB001101EB41024A4431
:10A4200092F8251000296FD0002182F8251001B183
:10A430003946EEF75AFAAAE18B7091F80080C246CD
:10A44000A8F10108B8F1020FBFD804EB0A02C2EB71
:10A45000C20808EB4212024412F8018CA8F1650808
:10A46000B8F1020F73D808F0FF00FFF713FDDFF813
:10A4700060E1804600209EF80010E1462144C1EBD7
:10A48000C10202EB4112504911441BE06DE011F88A
:10A49000013C51F8092CC3EBC30C0CEB031C09EB7A
:10A4A000CC03C0EBC00C92FBF7F20CEB001C634436
:10A4B000A3F5A043B3F87D379A4201D1054603E0E6
:10A4C000401CC0B24045E2D3CA46DFF8FC90F046DB
:10A4D00039E067E198F800002044C0EBC00101EBCF
:10A4E000401101EB090010F8010CC0EBC00101EBB9
:10A4F00000110AEBC100C5EBC50101EB051738449B
:10A50000A0F5914001E04FE150E10EF04DFCC0B1EB
:10A5100098F800002044C0EBC00101EB401101EBB2
:10A52000090010F8010CC0EBC00101EB00110AEBAF
:10A53000C1003844A0F5A04090F88007FF287FF4C0
:10A5400010AF6D1CEDB2072DC4D320E1FFE712F868
:10A55000040C50B152F8090C7045BFF633AF42F20B
:10A560001071084442F8090C11E112F8030C00289C
:10A570007FF425AF20E7E218C2EBC20303EB4212DF
:10A58000024412F8013C653B022B72D88246D8B2D5
:10A59000FFF780FCDFF838E0804600209EF80010CE
:10A5A000E1462144C1EBC10202EB411202EB0A0178
:10A5B0002BE0000014390020583E0F00801A036081
:10A5C0001441026045510020BA2102603CC504607C
:10A5D0002522002011F8013C51F8092CC3EBC30CD3
:10A5E0000CEB031C09EBCC03C0EBC00C92FBF7F2A5
:10A5F0000CEB001C6344A3F5A043B3F87D379A42EB
:10A6000001D1054603E0401CC0B24045E2D3D0462C
:10A6100077462AE038782044C0EBC00101EB4011B6
:10A6200001EB080010F8010CC0EBC00101EB0011B8
:10A6300009EBC100C5EBC50101EB05110844A0F50C
:10A640009040AE380EF0B0FB68B138782044C0EBD3
:10A65000C00101EB4011414479E04FF47A7250435C
:10A6600041F8090C93E06D1EEDB2002DD2D18EE0C1
:10A67000FFE712F8040CE8B352F8090DA0F57A7060
:10A6800084E002F803AC82E0E218C2EBC20303EB01
:10A690004212024412F8013C653B022B6ED88246FE
:10A6A000D8B2FFF7F7FBDFF8E8E1804600209EF81C
:10A6B0000010E1462144C1EBC10202EB411202EB62
:10A6C0000A011CE011F8013C51F8092CC3EBC30C42
:10A6D0000CEB031C09EBCC03C0EBC00C92FBF7F2B4
:10A6E0000CEB001C6344A3F5A043B3F87D379A42FA
:10A6F00003D100E050E0054603E0401CC0B24045F5
:10A70000E0D35746F04636E098F800002044C0EB0E
:10A71000C00101EB4010384410F8010CC0EBC0013F
:10A7200001EB001109EBC100C5EBC50101EB0511FF
:10A730000844A0F59040AE380EF036FBC8B198F84A
:10A7400000002044C0EBC00101EB4010C11911F81A
:10A75000010CC0EBC00202EB001209EBC200C5EB1A
:10A76000C50202EB05121044A0F5A040B0F8660740
:10A7700073E76D1EEDB2002DC6D108E012F8040C8F
:10A7800050B152F8090DA0F51C5010381060414826
:10A790008BF80260067070E412F8030C00287FF456
:10A7A00070AF09E6012124E6012130E601213CE6F3
:10A7B000C8780128087804D0032804D2401C087007
:10A7C00002E00428FAD30E704E708B7055E4C879FD
:10A7D000401CC871BDE8F05FFEF753BEBDE8F05FF6
:10A7E0000120FEF749BD2A48C07900EB4000C0B205
:10A7F00070472949026841F81B2F42684A60007A75
:10A800000872254900201B314872704770B5204DF1
:10A81000287A18B12C780CB1032C00D90024687A5E
:10A82000844215D040B100F028F801464BF69C63F5
:10A8300064228620F0F764FD4CB1204600F01DF83C
:10A8400001464FF2245364228620F0F759FD6C72C2
:10A8500070BDC0EBC00202EB0010104A02EBC0005A
:10A86000C1EBC10202EB01110844407818B1FF2886
:10A8700001D00120704700207047012803D0022832
:10A8800003D0BF20704769207047942070470000B4
:10A89000252200208A0100600E3704601441026006
:10A8A00070B585488549864C0078012538B1012866
:10A8B00008D00022022809D003280FD00FE091F819
:10A8C000C50001E091F82C00A08008E091F8260076
:10A8D000092803D0012801D0A58000E0A280F0F76C
:10A8E0009CFBFCF790F8A57070BD10B5744C86B059
:10A8F0006078401C00F001006070C00704D00020A8
:10A90000EFF77BFD06B010BD6B4801786C4880887E
:10A91000E9B183224FF6FF7301291ED0022929D005
:10A920000329EFD1072801D90720A080A088654915
:10A93000C0EBC0000844016802918188ADF80C109A
:10A940008079CDE900328DF80E0002AB18E001B23B
:10A9500020220020F0F781FBD4E7052801D2052052
:10A9600002E0092801D90920A080A0885649C0EB3F
:10A97000C000DFE7CDE9003208B154A300E055A3E1
:10A98000C22200210120EFF71EFDBBE72DE9F041B7
:10A990004B4B4A4D514C9A88D1B248B101260128FF
:10A9A00018D002282ED0032800D11970BDE8F081FC
:10A9B00021710620FCF737FB49492079087085F89A
:10A9C000F20085F8C50060790028EFD1BDE8F041BC
:10A9D00008F034BA434F0920397085F82C10FCF781
:10A9E00022FB3978ED20FCF71EFB3F48067094F8F7
:10A9F0002800022801D00028D8D1BDE8F04100206D
:10AA0000F3F765BF7AB10220988084F8280085F8B2
:10AA100026000020F3F75BFF94F82800012807D0F8
:10AA2000092805D007E09E8084F8286085F8266014
:10AA3000002009F03DFBF1F75CFF94F828101D2081
:10AA4000FCF7F1FA0021E920FCF7EDFA2749002094
:10AA5000087027490880A9E770B5C4B21648254A8E
:10AA6000174B0078092C00EB400102EBC1029988DA
:10AA700012D2DFE804F0111405110B1111111200AC
:10AA8000B2F91400884207DD491C04E0B2F916004F
:10AA9000884201DA491E998070BD012007E0022832
:10AAA00003D8FFF773FF002001E019700320BDE811
:10AAB0007040FEF7E1BB0000AB2100207611026080
:10AAC0004C020060BE4105086A4105084D4F4442F2
:10AAD000555300004241434E4554000014390020B4
:10AAE000C40000600F01006003010060930100607A
:10AAF000D00100600A41050810B5484900200870DF
:10AB0000F0F78BFABDE81040FBF77DBF444928B150
:10AB1000012805D0022807D0002070470879704727
:10AB2000404890F82C0070474879704730B53B4852
:10AB300085B0007878B183243A494FF6FF75012833
:10AB400012D002282FD003280CD13748374900787B
:10AB5000C0EBC00017E0FFF7D9FF01B220220020B0
:10AB6000F0F77BFA05B030BD91F82C20501F072874
:10AB700013D2DFE800F004040404041204002B499B
:10AB8000C2EBC20054390844016802918188ADF8D3
:10AB90000C1080798DF80E0003E025A102A80FF0BB
:10ABA000FFFB02AB06E091F8260001280AD0092835
:10ABB00008D021A3CDE90054C22200210120EFF7E3
:10ABC00002FCCFE71EA3F5E7B0E71549C0B291F844
:10ABD00023100B2907D1022802D0042802D002E05A
:10ABE000042000E002200D4A0928117814D2DFE881
:10ABF00000F013100513091313130E00032904D2D8
:10AC0000491C01E009B1491E1170FBF7FCBE002090
:10AC100000E00220FEF730BB70470000AB210020AF
:10AC200014390020761102604C020060BE41050814
:10AC300076616C20256400004D4F4442555300005E
:10AC40004241434E455400007FB58320EFF7EAF9B7
:10AC5000F74E83244FF6FF75F07830700020707047
:10AC600053208DF8080043208DF8090048208DF806
:10AC70000A00F04802AB00220078CDE900543130E0
:10AC80008DF80B0020208DF80C0050210120EFF7EB
:10AC900049FC307880B1012810D0022810D0032858
:10ACA00010D0042810D0052810D0062810D007286E
:10ACB00010D0082810D017E0DFA30EE0DFA30CE0CF
:10ACC000DFA30AE0DFA308E0DFA306E0DFA304E0E0
:10ACD000DFA302E0DFA300E0DFA3CDE900541822E8
:10ACE00050210120EFF71EFCCDE90054DBA33022F8
:10ACF00000210120EFF716FC42F20B26CDE90056A9
:10AD0000D7A3482200210120EFF70CFCCDE9005425
:10AD1000D2A3602200210120EFF704FCCDE9005608
:10AD2000CFA3782200210120EFF7FCFBCDE90054EE
:10AD3000CAA3902200210120EFF7F4FBCDE90056D1
:10AD4000C7A3A82200210120EFF7ECFBCDE90054B6
:10AD5000C2A3C02200210120EFF7E4FBCDE9005699
:10AD6000BFA3D82200210120EFF7DCFB7FBD2DE936
:10AD7000FF5FBC49AE4D4FF0830608784FF6FF7772
:10AD800000F00100401C0870C00701D0B6A323E00A
:10AD9000287880B1012810D0022810D0032810D0C4
:10ADA000042810D0052810D0062810D0072810D06D
:10ADB000082810D017E0A0A30EE0A0A30CE0A0A3E9
:10ADC0000AE0A0A308E0A0A306E0A0A304E0A0A3DB
:10ADD00002E0A0A300E0A0A3CDE900761822502154
:10ADE0000120EFF79FFBDFF848A20024A9460AF1F3
:10ADF000040A4FF00A0830250AF1200B8D4800782C
:10AE000000EBC0019C4800EB011199F8000001EB38
:10AE1000001111F8140001EB440149780A2902D20B
:10AE20008DF808500BE00C290DD84246B1FBF2F327
:10AE300030338DF80830B1FBF8F308FB13113031D3
:10AE40008DF8091003E08DF808508DF809503A216B
:10AE50008DF80A100A2802D28DF80B500BE03B281F
:10AE60000DD84146B0FBF1F230328DF80B20B0FB2B
:10AE7000F8F208FB120030308DF80C0003E08DF87A
:10AE80000B508DF80C5000208DF80D00CDE90076A8
:10AE90000AEB840002AB42880BEB8400018801209E
:10AEA000EFF740FB641CE4B2082CA7D3BDE8FF9F7A
:10AEB00070B55F4CC1B20025207809290BD2DFE8BC
:10AEC00001F00A17050A0B0A0A0A1100082801D224
:10AED000401C05E0257070BD08B1401E00E0082050
:10AEE000207070BD8320EFF79DF8E570022002E02E
:10AEF000E07065700420BDE87040FEF7BDB91CB578
:10AF00004B4883214FF6FF72007888B1012811D099
:10AF1000022818D0032818D0042818D0052818D0E3
:10AF2000062818D0072818D008280BD14AA302E019
:10AF300041A300E041A3CDE90021182250210120C6
:10AF4000EFF7F0FA1CBD3EA3F5E73EA3F3E73EA3FF
:10AF5000F1E73EA3EFE73EA3EDE73EA3EBE72DE9E4
:10AF6000FF5F4049DFF8C8E0DFF8C4A008784FF081
:10AF70003A0700F00100401C0870C2072D483E4906
:10AF80004FF0000C4FF083084FF6FF790EF1040EDE
:10AF90004FF00A064FF0300514D000789AF80120DF
:10AFA00000EBC00001EB00109AF8001000EB011359
:10AFB00022F00100195C184440780A287ED28DF8EE
:10AFC00008508FE01A4F0024C346F0462437194832
:10AFD000007800EBC001284800EB01109AF800103F
:10AFE00000EB011111F8140001EB440149780A2922
:10AFF00002D28DF808500AE017290CD8B1FBF6F2FE
:10B0000030328DF80820B1FBF6F206FB1211303118
:10B010008DF8091003E08DF808508DF809503A2199
:10B020008DF80A100A2829D28DF80B5031E0000063
:10B03000520200604C0200604D6F6E005475730048
:10B04000576564005475720046726900536174005C
:10B0500053756E0045783100457832004F4E000040
:10B060004F4646004D020060202020202020202056
:10B070002020202020000000C48902603B280CD83A
:10B08000B0FBF6F130318DF80B10B0FBF6F106FB9A
:10B09000110030308DF80C0003E08DF80B508DF866
:10B0A0000C5000208DF80D00CDE9009B08EB8400CA
:10B0B00002AB428807EB8400018800E007E0012032
:10B0C000EFF730FA641CE4B2082C80D3EEE61728C0
:10B0D0000CD8B0FBF6F330338DF80830B0FBF6F344
:10B0E00006FB130030308DF8090003E08DF808509E
:10B0F0008DF809508DF80A700A2905D230318DF883
:10B100000B508DF80C1012E03B290CD8B1FBF6F077
:10B1100030308DF80B00B1FBF6F006FB101030302C
:10B120008DF80C0003E08DF80B508DF80C508DF865
:10B130000DC0D1074FF0200012D08DF80B008DF814
:10B140000C005008CDE900980EEB800102AB4A8854
:10B15000BB4901EB800001880120EFF7E3F9A5E688
:10B160008DF808008DF80900EBE7C0B209280BD272
:10B17000DFE800F00A07070A070A0A0A05000320A9
:10B1800000E00520FEF778B87047AE4810B5AC4A2D
:10B190000078AD4B243A00EBC00003EB00131046DF
:10B1A00051780078CC0703EB001021F0010102D0A8
:10B1B000405C907010BD08444078FAE72DE9FF5FCD
:10B1C000A249DFF87C92DFF878E20878A9F120093B
:10B1D00000F00100401C0870C2079A489A494FF0DD
:10B1E0003A074FF0000C4FF083084FF6FF7B4FF00B
:10B1F0000A064FF03005A9F1040A14D000789AF835
:10B20000012000EBC00001EB00109AF8001000EBE9
:10B21000011322F00100195C184440780A286DD20D
:10B220008DF8085075E00024774686489AF801208A
:10B230000078D30700EBC001834800EB01109AF8B7
:10B24000001000EB011010F8141000EB44004078DF
:10B2500009D0B4EB520F01D19AF802100A2808D293
:10B260008DF8085010E0B4EB520FF7D19AF80200B5
:10B27000F4E717280CD8B0FBF6F230328DF808202E
:10B28000B0FBF6F206FB120030308DF8090003E047
:10B290008DF808508DF809503A208DF80A000A29D7
:10B2A00005D230318DF80B508DF80C1012E03B298F
:10B2B0000CD8B1FBF6F030308DF80B00B1FBF6F096
:10B2C00006FB101030308DF80C0003E08DF80B50A9
:10B2D0008DF80C5000208DF80D00CDE900B809EB79
:10B2E000840002AB428807EB840001880120EFF75D
:10B2F00019F9641CE4B2082C97D3D7E517280CD8A9
:10B30000B0FBF6F330338DF80830B0FBF6F306FBF4
:10B31000130030308DF8090003E08DF808508DF8E7
:10B3200009508DF80A700A2905D230318DF80B507A
:10B330008DF80C1012E03B290CD8B1FBF6F0303040
:10B340008DF80B00B1FBF6F006FB101030308DF8D5
:10B350000C0003E08DF80B508DF80C508DF80DC0EB
:10B36000D1074FF0200011D08DF80B008DF80C00A4
:10B370005008CDE900B809EB80010EEB80004A8847
:10B38000018802AB0120EFF7CDF88FE58DF80800BA
:10B390008DF80900ECE72A4A30B4C0B20023243A01
:10B3A000092812D2DFE800F011250511131111113F
:10B3B00021005078C007907802D03B2804D201E0E9
:10B3C000172801D2401C0CE0937030BC70475078B5
:10B3D000C007907802D030B1401E02E00028FBD1B7
:10B3E00017209070F1E73B20FBE730BC0420FDF70D
:10B3F00043BF1449144C50780978C50701EBC101CB
:10B4000004EB01140E4920F00105A1F12401097893
:10B4100004EB0111947805D04C550F2805D2401C3F
:10B42000507003E029444C70F7E75370084901203D
:10B430000870084908740848006830BCE1F726B96C
:10B44000760200604C020060C48902604D02006018
:10B450008A010060801A0360E801006010B5FF4CAB
:10B4600001202070E0F7ACF808B12A2812D1FC487E
:10B47000007808B102202070FA49002001F0FAF8A3
:10B4800020710020A070FF21F74A61702178A2F896
:10B490005210E07010BDF54890F8230001280FD03D
:10B4A00005280DD002280BD0062809D0042807D083
:10B4B000072805D00C2803D0032801D0082804D180
:10B4C000E6480078012800D1C8E770472DE9F04F21
:10B4D00085B00C460546302903D3012005B0BDE8F0
:10B4E000F08F0A2601274FF030084FF031094FF056
:10B4F000410A4FF0440B182C4FF01402DCA16846AF
:10B500003DD20DF01BFC07EB54000A280AD3B0FB18
:10B51000F6F130318DF80710B0FBF6F106FB1100A3
:10B52000303003E08DF8078009EB54008DF80800F7
:10B53000E00721D08DF809B04FF47A70B5FBF0F137
:10B5400030318DF80310B5FBF0F100FB1151642090
:10B55000B1FBF0F130318DF80410B5FBF0F100FBD8
:10B560001150B0FBF6F030308DF80500B5FBF6F069
:10B5700006FB105030302BE08DF809A0DCE70DF011
:10B58000DDFBA4F1180000EBD07107EB61000A2885
:10B590000ADB90FBF6F130318DF8071090FBF6F1E5
:10B5A00006FB1100303003E08DF8078009EB6100E5
:10B5B0008DF80800E0071ED08DF809B054208DF8F2
:10B5C000030049208DF804004D208DF805005F2010
:10B5D0008DF8060004EBC400A94900EBC41001EB90
:10B5E00080001322694601F053F800287FF476AFFB
:10B5F0009A494C7072E78DF809A0DFE72DE9F04712
:10B60000964E82469946307815460C46022802D05E
:10B610000120BDE8F087307908B10020F9E7DFF8B4
:10B620006482C821D8F80000E1F774FE0028F0D049
:10B63000012D12D0012000EB4400C5B27078A84261
:10B640000DD029465046FFF741FF40B10024D8F8FD
:10B650000000E1F7AAFD2046DBE76000EDE705EB1F
:10B66000C50000EBC511864800EB81044946204621
:10B6700001F083FA0027B0B129465046FFF726FFB4
:10B680002046494601F079FA0500B07800F1010042
:10B69000B07000D1B770B078052803D9B770052015
:10B6A000E4F70AFFA5B96D4B4FF4C875B770204693
:10B6B0000C332A46744901F08DF82A4672497348C2
:10B6C0000DF03CFB7249894502D1204601F04CFA4D
:10B6D0000124BCE72DE9FF4F8246604883B0002675
:10B6E0000178DDF840801F463546B146022905D075
:10B6F0000120C3F80090C8F8000009E0BAF1180F63
:10B7000006D2DDE90412914202D88346007910B1D5
:10B71000002007B0E3E65B48C8210068E1F7FAFDC6
:10B720000028F6D00AF11800C1B20020FFF7CEFEC3
:10B730000446C7F800904FF400715348C8F80090D1
:10B740000DF015FB3CB1002000904E480068E1F779
:10B750002CFD0098DDE71198C409B4F5005F04DB07
:10B7600048480068E1F721FDD2E70AEBCA0101EB86
:10B77000CA10434901EB800043F260310844019054
:10B780006102019801F0F9F940B9344B4FF40072AD
:10B790000C333D49019801F01DF810B100200090D4
:10B7A00058E011997F20A1F1010E00EBC4127245FF
:10B7B0004ED2D2B1344901EB80010968B9B3354B9F
:10B7C000DFF8D4C00B44634522D300EBC410401E05
:10B7D000002801DD921E3A600120841E06460546BF
:10B7E000C8F80000CBF8089034E056EA050002D013
:10B7F000012D04D009E04846C7F8009003E00AF1A3
:10B800000100C7F80090C8F800004FF0FF34E9E7E6
:10B81000059B994205D225B902F1010A0125CBF811
:10B820000890049B994200D216B1012E0AD00FE075
:10B8300001263A60012D03D1AAEB0202C8F80020CC
:10B84000CBF80890012D03D1A81E0446CBF8089030
:10B85000401EAAD5641E93D520E000009802006027
:10B860002220002033370460EC2A00201439002005
:10B87000303A2F202020202020202E62696E0000E8
:10B88000613904609820002021A00460380A01601A
:10B89000708E010080F6B6A5815E9216DBF8080076
:10B8A00000287FF452AF01200090019801F05CF96C
:10B8B0004BE72DE9FF5F634F9346884638780228AF
:10B8C00003D0012004B0BDE8F09FBBF1010F0ED002
:10B8D000012101EB4800C4B204F118000026C1B2F6
:10B8E0003046FFF7F3FD28B10D284ED0A5E04FEA12
:10B8F0004800F0E7ECF744FC534905460844534937
:10B900004FF0000988422CD2514850F824008100A1
:10B9100004EBC40000EBC4124E4800EB820243F279
:10B9200060301044824601F028F9D0B94A48454BAE
:10B930004949C0F86E505046103304226E3100F071
:10B94000E9FF58B1B878401CC0B2B870052808D9D2
:10B9500087F802900520E4F7AFFD02E087F8029037
:10B96000012604EBC40000EBC4113A4800EB81054A
:10B9700043F26030284401F0F7F87EB300262146F8
:10B980000098FFF7A3FD30B157E034490320387029
:10B9900081F8C20051E0DFF8C8A02846BAF81410B8
:10B9A000491CAAF81410039901F0E7F8B8B1BAF8E5
:10B9B00016005546401CAAF8160021460098FFF7CD
:10B9C00085FDB8780421401CC0B2B870698505288F
:10B9D00033D987F802900520E4F76EFD2DE0BAF820
:10B9E000180008EBC801401CAAF8180001EB081069
:10B9F0001C494FF4C87401EB4011174887F80290B6
:10BA0000BBF1010F224600F16E0001D001F5C871B3
:10BA10000DF094F90B4B10492846103322466E3135
:10BA200000F078FF104903988842284602D101F0BF
:10BA30009BF801E001F04CF80126304642E7012076
:10BA400070470000980200607FF6B6A57F5E9216F0
:10BA5000D809016061390460B39F04607611026007
:10BA6000EC2A0020C80B0160708E010010B518B9D7
:10BA7000DFF7A6FD002800D0012010BD0020704790
:10BA800070B514460D460BB148B901E0042070BDF5
:10BA90001A4621462846DFF762FE0028F7D001202B
:10BAA00070BD2DE9F0411D0016460F464FF01F04F2
:10BAB00001D070B902E00420BDE8F0812A46314689
:10BAC0003846DFF780FE30B1641E14F0FF04F5D174
:10BAD00008B10120F0E70020EEE708B1012070472F
:10BAE00039B1012905D0022905D0032906D0042047
:10BAF0007047002070474FF4007000E0082010806D
:10BB0000F7E7002070470FF073BF0FF09BBD0000F8
:10BB10002DE9F041D0F82A500F460446BD422FD0FF
:10BB2000217904F12E08F1B1607801232A464146BB
:10BB3000FFF7B7FFF8B900202071D4F81E00D4F841
:10BB40001A100844A8420ED9E6780AE0D4F81A0080
:10BB50000123054460782A464146FFF7A2FF761E7E
:10BB6000F6B2012EF2D85FB1607801233A46414621
:10BB7000FFF786FF10B10120BDE8F081C4F82A70FC
:10BB80000020F9E72DE9F04104460021FFF7C0FF4E
:10BB9000050057D1207803284DD16079E8B30026FD
:10BBA00004F12E00C4F82A604FF4007231460746B3
:10BBB00001F007FE552084F82C02AA2084F82D02FB
:10BBC000522084F82E0084F82F00612284F830205F
:10BBD000412084F83100722184F8121284F8131283
:10BBE00084F8140284F81522D4F80E0084F81602A2
:10BBF000010A84F81712010C84F81812000E84F858
:10BC00001902D4F80A0084F81A02010A84F81B12F7
:10BC1000010C84F81C12000E00E00CE084F81D02F8
:10BC200054F8122F012314F8110C3946FFF739FF8D
:10BC300004F80D6C123C002260781146FFF74DFFAE
:10BC400000B10125284697E7D0F81620891E921EDC
:10BC50008A4201D800207047D0F82620807801FB66
:10BC6000002070472DE9F0410D460446022903D318
:10BC7000D4F81600A84201D801207DE720780128D9
:10BC800004D0022828D003283BD132E0D4F81E008B
:10BC900005EB550600EB56212046FFF739FF80BB28
:10BCA000C6F308002044761C90F82E70D4F81E00CD
:10BCB00000EB56212046FFF72BFF10BBC6F3080010
:10BCC0002044E90790F82E0047EA002001D000093F
:10BCD00052E7C0F30B004FE7D4F81E0000EB15212C
:10BCE0002046FFF715FF60B9E8B204EB4000C08DB5
:10BCF00042E7D4F81E0000EBD5112046FFF708FFFD
:10BD000010B14FF0FF3037E740F2FF1000EA850036
:10BD1000204410F82E1FC27841EA026182784078F0
:10BD2000120442EA0020014321F0704024E72DE98B
:10BD3000F04716460D460446022903D3D4F81600F0
:10BD4000A84202D80220BDE8F087207806F0FF085C
:10BD50004FF00109012807D0022839D0032849D023
:10BD6000022084F80490EEE7D4F81E0005EB550796
:10BD700000EB57212046FFF7CBFE0028F1D1C7F397
:10BD8000080020442E30E90703D0017868F31F1122
:10BD900000E03146017084F80490D4F81E007F1C46
:10BDA00000EB57212046FFF7B3FE0028D9D1C7F397
:10BDB000080121442E31EA0702D0C6F3071205E03C
:10BDC0000A78C6F3032302F0F0021A430A70C8E7A8
:10BDD000D4F81E0000EB15212046FFF799FE00283D
:10BDE000BFD1E9B204EB4101320A81F82E8081F81B
:10BDF0002F20B6E7D4F81E0000EBD5112046FFF740
:10BE000087FE0028ADD140F2FF1101EA85012144EF
:10BE10004FF0704391F8312003EA0262324301F897
:10BE20002E2F130A4B70130C8B70120ECA7098E7EA
:10BE30002DE9F0410F460546022919D3D5F8160021
:10BE4000B84215D900264FF001081FE039462846B0
:10BE5000FFF708FF04001DD0012C09D0601C09D099
:10BE6000002239462846FFF762FF060012D103E0A0
:10BE700002260FE001260DE0D5F80E00411C04D08B
:10BE8000401CC5F80E0085F805802746D5F8160039
:10BE9000B842DBD830466FE62DE9F0410F00064688
:10BEA00005D0FFF7DFFE02280AD2012064E6D6F8AB
:10BEB0000A501DB1D6F81600A84206D8012504E0A4
:10BEC000D6F816108142F1D83D462C46D6F8160019
:10BED000641CA04202D80224022D0AD32146304617
:10BEE000FFF7C0FE38B1411CE0D00128DED0AC42E3
:10BEF000ECD1002040E66FF0704221463046FFF75B
:10BF000016FF30B957B1224639463046FFF70FFFCA
:10BF100020B101280ED0012420462DE6C6F80A40A3
:10BF2000D6F80E00411CF7D0401EC6F80E000120C6
:10BF30007071F1E74FF0FF34EEE770B50D46C18048
:10BF400081680446012922D02068D0F816208A4250
:10BF50001DD929B90278032A05D1D0F8221011B1D0
:10BF60008078060119E0E1600189A9420FD9D0F873
:10BF7000220018E02068FFF775FE0146401C08D03B
:10BF8000022904D32068D0F81600884203D8022082
:10BF900070BD012070BDA81B85B2B542EAD2E16038
:10BFA0002068FFF751FE00EB15102061206805F0B6
:10BFB0000F012E2202EB411108446061002070BD88
:10BFC0002DE9F0410446C0880E46401C07043F0C92
:10BFD0002ED0206960B3390762D1401C2061E1682E
:10BFE000206829B18278521E12EA171F04D057E048
:10BFF0000089B8421CD953E0FFF734FE05460128FA
:10C000001AD9681C33D02068D0F81610A94241D83C
:10C0100076B1E168FFF740FF05000BD0012D0BD092
:10C02000681C24D020680021FFF772FDF8B905E0F4
:10C030000420A1E507209FE502209DE520684FF43C
:10C04000007200212E3001F0BCFB20682946FFF76A
:10C05000FBFD216800264FF00108C1F82A000FE01F
:10C0600080F8048020680021FFF752FD08B101200C
:10C0700082E5206850F82A1F491C761C0160F6B240
:10C0800020688178B142EBD82168D1F82A10891B49
:10C09000C0F82A10E56020682946FFF7D5FD206129
:10C0A000E780206807F00F012E2202EB41110844BF
:10C0B0006061002060E510B50446042015E02068AA
:10C0C000FFF726FDB0B96269117861B1E52904D0A6
:10C0D0002E2902D0D17A09070ED500212046FFF77C
:10C0E0006FFF10B106E0042004E021690029E6D1C9
:10C0F000002801D00021216110BD70B50546002146
:10C10000FFF71BFF0EE029692868FFF701FD040017
:10C110001FD168690078E52807D030B10121284691
:10C12000FFF74EFF0400EED013E029692868FFF7FF
:10C13000EFFC04000DD16E6920220021304601F091
:10C1400040FBA9690B22304601F033FB296801202E
:10C150000871204670BD10B50446C188FFF7EDFE9A
:10C1600000280BD121692068FFF7D2FC002805D1F7
:10C170006269E521117022680121117110BD2DE95C
:10C18000F04789460C6800E0641C21782F29FBD019
:10C190005C29F9D085690B222021284601F011FB8A
:10C1A0000020024617464FF0080CE15D7F1C202955
:10C1B0002ED92F292CD05C292AD02E2901D06045D8
:10C1C0000AD3BCF1080F30D12E292ED108209106B8
:10C1D0004FF00B0C0A0EE8E7802926D2FEA300E000
:10C1E0005B1C1E7816B18E42FAD11EE0A1F141030C
:10C1F000192B02D842F0020207E0A1F16103192BCA
:10C2000003D8203942F00102C9B22954401CCCE7BE
:10C210003C44C9F80040202901D8042100E0002155
:10C2200018B12878E52802D003E006208BE5052028
:10C230002870BCF1080F01D19006020E02F0030035
:10C24000012801D141F01001C2F38100012801D180
:10C2500041F00801E972002075E530B5036901F18C
:10C26000090263B340690024035D202B07D0052B2E
:10C2700000D1E523641C02F8013B082CF4D3037AB7
:10C28000202B0BD02E2302F8013B0823C45C202C6A
:10C2900004D05B1C02F8014B0B2BF7D3C37A0B7253
:10C2A000037FC47F457F43EA0463847F240444EA18
:10C2B000052423430B60038B8B80C08AC880002039
:10C2C000107030BD73B50446019908782F2801D04D
:10C2D0005C2801D1491C01910025A56001980078D6
:10C2E000202805D200212046FFF727FE65617CBD8E
:10C2F00001A92046FFF743FF0028F8D1204601F0AE
:10C3000078FAA169C97A28B10428F0D14907EED496
:10C3100005207CBD4907FCD46169C87AC006F7D501
:10C32000206801F055FAA060E2E710B504460A461D
:10C330004078012304F12E01FFF7A2FB08B103208E
:10C3400010BDB4F82C02A0F52A41553901D00220C5
:10C3500010BD94F8640094F8671094F8652040EAE2
:10C36000016194F86600000440EA022001439E48FF
:10C37000B0EB012F0DD014F8801FE278637841EA0A
:10C380000261A278120442EA03221143B0EB012FAA
:10C3900001D1002010BD012010BD2DE9F047154648
:10C3A0000A4601680B78303B092B02D84C783A2CAE
:10C3B00005D000230026166023B10B20C3E4891C9E
:10C3C0000160F7E7894804688CB11460207820B1D7
:10C3D0006078FFF753FBC1070BD02670B14630469B
:10C3E0006670FFF743FBC10708D00320ABE40C20C5
:10C3F000A9E40DB1400704D40020A4E41DB1400716
:10C4000001D50A209FE4002631462046FFF78DFF24
:10C41000012812D104F5F670017900294ED0017A75
:10C42000C27A41EA0266817A407A090441EA002030
:10C43000064331462046FFF778FF032801D0E8BBCA
:10C4400001E001207FE4B4F83900B0F5007F6DD140
:10C45000B4F8440068B994F8520094F8551094F870
:10C46000532040EA016094F85410090441EA022183
:10C470000843C4F81A0094F83E108446E17001297C
:10C4800001D0022952D194F83B500CFB01F0A57069
:10C49000A5B16A1E154249D1B4F83F202281110787
:10C4A00044D1B4F8411079B994F84E1094F8513051
:10C4B00041EA036194F850301B0400E036E094F840
:10C4C0004F7043EA07231943A38F7BB31F1807EB71
:10C4D0001217B9422AD3C91BB1FBF5F131B30125BB
:10C4E00040F6F678414500D302254FF6F6784145EF
:10C4F00000D30325891CC4F816103744C4F82670ED
:10C500003344C4F81E30032D12D07AB11844C4F855
:10C510002200022D20D001F0010001EB410100EBCF
:10C52000510000F2FF10BCEB502F17D20D200AE48F
:10C53000002AFBD194F85A0094F85D2094F85B30FF
:10C5400040EA026094F85C20120442EA032210439D
:10C55000C4F822008800E4E74800E2E74FF0FF302B
:10C56000C4F80E004F46C4F80A90032D66D16771D7
:10C57000B4F85E0001238219C4F81220607804F137
:10C580002E01FFF77DFAB8BBB4F82C02A0F52A41C2
:10C59000553953D194F82E0094F8311094F82F2087
:10C5A00040EA016094F83010090441EA022108438E
:10C5B0000F49884242D194F8120294F8151294F867
:10C5C000132240EA016094F81412090441EA02219E
:10C5D00008430849884210E0222A2B2C3A3B3C3D74
:10C5E0003E3F5B5D7C7F000000464154B00200602E
:10C5F000525261417272416120E01FD194F81A02D7
:10C6000094F81D1294F81B2240EA016094F81C1261
:10C61000090441EA02210843C4F80A0094F816020A
:10C6200094F8191294F8172240EA016094F818124D
:10C63000090441EA02210843C4F80E00FE492570AE
:10C640000888401C0880E080C4F82A702771D3E66F
:10C6500010B5016829B10A781AB1CA888088824267
:10C6600001D0092010BD4878FFF708FAC007F9D0BB
:10C67000032010BD08B10B207047EF4B1B1D00229B
:10C68000186800B1027001B10A700020196070478B
:10C690002DE9F7478BB007000ED04FF0000802F0ED
:10C6A0001F06C7F8008026F0010269460CA8FFF7B4
:10C6B00074FE050003D08BE009200EB0B6E507A894
:10C6C000069068460C99FFF7FDFD059C050001D119
:10C6D00004B9062516F01C0F4BD055B1042D03D11B
:10C6E0006846FFF70AFD0546059C46F0080645B179
:10C6F0006EE0E07A10F0110F45D1700701D50825E2
:10C7000066E0300745D5FFF7FCF9A073010AE17335
:10C71000010C2174000E607484F80B8084F81C8076
:10C7200084F81D8084F81E8084F81F8021460098BC
:10C7300001F04EF881460021204601F052F80099A0
:10C740000120B9F1000F087121D000984946D0F8B6
:10C750002AA0FFF76DFB05003AD10099A9F101006D
:10C76000C1F80A0051460098FFF7D2F9051E0CD017
:10C770002EE06DBBE07AC10601D5042528E0B107A3
:10C7800003D5C00701D0072522E0300701D546F0C8
:10C79000200600982146D0F82A00F8613C62BE715C
:10C7A000009801F015F83861207FE17F627F40EA50
:10C7B0000160A17F090441EA02210843F860C7F83B
:10C7C0000880C7F81880009838600098C088B88042
:10C7D000284672E72DE9F05F894600219A46164601
:10C7E00004461960FFF734FF002803D1A079010641
:10C7F00002D50220BDE8F09FC00708D0E068A1681C
:10C8000004F1240B401A864200D906467EE0072038
:10C81000F0E7A068C10561D122689178491E01EA5C
:10C82000502111F0FF0709D1F8B161691046FFF7F7
:10C8300019FA02281BD3411C48D060616169206845
:10C84000FFF702FA98B100EB0708750A25D02068B7
:10C850007A1981788A4200D9CD1BEBB240784246E2
:10C860004946FFF70DF988BB06E02069E1E7A079AA
:10C8700040F08000A071BCE7A07940060BD5A1690B
:10C88000A1EB0800A84206D209EB40204FF4007249
:10C89000594600F08EFF6D022EE0A26942451BD082
:10C8A000A07940060AD52068012359464078FFF751
:10C8B000F8F858B9A07920F04000A0712068012351
:10C8C000424640785946FFF7DBF828B1A07940F09E
:10C8D0008000A07101208DE7C4F818802089C0F382
:10C8E0000800C0F50075B54200D9354601192A4641
:10C8F0004846243100F05DFFA068A9442844A060A8
:10C90000DAF800004119761BCAF80010002E80D119
:10C9100000206FE72DE9F84F894600219B46164617
:10C9200004461960FFF794FEDFF810A120B1012240
:10C93000AAF82C20BDE8F88FA079010603D50221C2
:10C94000AAF82C1063E0800704D40321AAF82C1065
:10C950000720EFE7E06804F1240182190091824288
:10C9600069D3A4E0A068C1056AD122689178491E04
:10C9700001EA502111F0FF050BD1C8B161691046E1
:10C98000FFF78AFA002856D001281AD0411C1AD085
:10C990006061A07940061CD52068A2690123407817
:10C9A0000099FFF77EF880B10621AAF82C105AE012
:10C9B00020690028E8D100211046FFF76DFA2061B8
:10C9C000E0E704211DE00521EFE7A07920F0400019
:10C9D000A07161692068FFF737F988B100EB05089D
:10C9E000770A2ED02068EA1981788A4200D94F1B35
:10C9F000FBB2407842464946FFF753F880BB08E057
:10CA00000721AAF82C10A07940F08000A071022024
:10CA100090E7A169A1EB0800B8420AD209EB4021D6
:10CA20004FF40072009800F0C4FEA07920F040009E
:10CA3000A0717D0231E03DE0AC020060EC2A0020F4
:10CA400019E0A169414514D0A068E168884210D27C
:10CA500020680123424640780099FFF711F840B161
:10CA60000820AAF82C00A07940F08000A0710120D5
:10CA700060E7C4F818802089C0F30800C0F500758D
:10CA8000B54200D9354620442A464946243000F0B4
:10CA900090FEA07940F04000A071A068A94428440D
:10CAA000A060DBF800004119761BCBF80010002EC7
:10CAB0007FF458AFA068E168884200D9E060A079AF
:10CAC000092140F02000A071AAF82C10002031E7C5
:10CAD00070B50446FFF7BCFD00280ED1A1798A0687
:10CAE0000BD548060ED52068A2690123407804F1D1
:10CAF0002401FEF7D6FF08B1012070BDA07920F017
:10CB00004000A071E1692068FFF702F80028F4D125
:10CB1000256AE87A40F02000E872207B2877A08917
:10CB2000000A6877E068000CA877E068000EE877F4
:10CB30002169284600F055FEFEF7E3FFA875010ABB
:10CB4000E975010C2976000E68760020A874E87457
:10CB5000A07920F02000A0712168012008712068D0
:10CB6000BDE87040FFF70EB810B50446FFF7B0FF00
:10CB7000002801D10021216010BD2DE9F0410D46B2
:10CB80000446FFF765FD5FEA000803D1A0790106BE
:10CB900002D50220BDE8F081E168A94202D28007F7
:10CBA00000D40D46A0680027A760FDB122689178E7
:10CBB0004E0268B1691E401EB1FBF6F1B0FBF6F300
:10CBC000994205D3711E8843A0602D1A61690CE05B
:10CBD000216949B900211046FFF75EF90146012895
:10CBE00040D0481C4FD021616161D9B927E0A079BC
:10CBF0008007206805D5FFF74FF9010004D13546BD
:10CC000012E0FFF72FF80146481C3CD0012929D932
:10CC10002068D0F81600884224D96161A068AD1B55
:10CC20003044A060B542E2D8A0682844A060E8057E
:10CC300005D02068FFF708F8A0B100EB5527208940
:10CC4000C00527D0A269BA4224D0A07904F12405F6
:10CC5000400610D52068012329464078FEF721FFC1
:10CC600088B904E0A07940F08000A07191E7A07934
:10CC700020F04000A071206801233A464078294600
:10CC8000FEF7FEFE28B1A07940F08000A0710120DF
:10CC900080E7A761A068E168884204D9E060A079D4
:10CCA00040F02000A071404674E773B584B00400E2
:10CCB00008D00146002205A8FFF76FFB2568002673
:10CCC00018B11CE0092006B070BDC4F818D0204689
:10CCD0000599FFF7F7FA70B9616931B1C87AC006F2
:10CCE0000FD5284600F074FDA060E888A0800021E0
:10CCF0002046FFF722F9042803D00028E3D026605D
:10CD0000E1E70520FBE7FEB50E460446FFF7A0FC71
:10CD1000002816D1B6B1C4F818D02046FFF7CBF9D9
:10CD20000025042813D000280BD131462046FFF7F8
:10CD300094FA00212046FFF743F9042801D1256128
:10CD40000020FEBD00212046FFF7F7F8FEBD25615B
:10CD5000EBE733B58BB00D46002269460BA8FFF711
:10CD60001CFB04000FD107A8069068460B99FFF73B
:10CD7000A9FA040007D1059820B129466846FFF7B3
:10CD80006CFA00E0062420460DB030BD2DE9F74FC7
:10CD900014468A46002221466846FFF7FEFA2568B7
:10CDA0005FEA00085BD1D5F81670D5F80E00B91E01
:10CDB000884202D8CAF8000051E095F8009000249B
:10CDC000B9F1010F02D0D5F81E6017E002263146F6
:10CDD0002846FEF747FF411C03D0012803D028B1A5
:10CDE00005E0012000E0022080462FE0641CD5F819
:10CDF0001600761C8642EAD328E059B93146761CE3
:10CE00002846FEF785FE5FEA00081FD105F12E00D7
:10CE10004FF40071B9F1020F0DD00278C37890F889
:10CE200001C042EA036283781B0443EA0C231A43DD
:10CE3000120106D006E0028802B9641C801C891E1B
:10CE400002E0641C001D091F7F1ED6D1C5F80E40EC
:10CE5000B9F1030F01D101206871CAF800404046C2
:10CE6000BDE8FE8F70B5040004D0FFF7F1FB0500AC
:10CE700002D040E0092070BDA179080601D5022545
:10CE800039E0880701D4072535E0E268A0688242CE
:10CE900031D9E06041F02001A17150B16169206891
:10CEA000FEF7E0FE0646401C0BD0012E0BD065B10C
:10CEB0001DE021692068FEF7BBFF054600202061C8
:10CEC00014E0012513E0022511E02068D0F81610C7
:10CED000B14210D961696FF07042FEF728FF05007A
:10CEE00005D120683146FEF7A3FF05461DB1A079A4
:10CEF00040F08000A071284670BD71B591B001224C
:10CF0000694611A8FFF749FA040044D10EA806901B
:10CF100068461199FFF7D6F904003CD1059E56B139
:10CF2000F07AC00700D007243146009800F050FC8A
:10CF3000054614B12FE00624F6E7F07AC0061AD5AC
:10CF4000022D01D2022426E01C22694607A800F027
:10CF500030FC022107A80995FEF7EFFF04001AD163
:10CF600007A8FFF7A8F8040003D0042C03D014B1DD
:10CF700011E007240FE06846FFF7EDF804000AD13E
:10CF80002DB129460098FEF753FF040003D1009805
:10CF9000FEF7F8FD044612B0204670BD2DE9F14FB2
:10CFA0008CB0FEF7AEFD0646012269460CA8FFF7DD
:10CFB000F4F9040009D109A8069068460C99FFF716
:10CFC00081F9040002D0042C02D097E0082495E0F7
:10CFD00000210098FEF760FF5FEA00084FF00004B0
:10CFE00003D0B8F1010F02D002E0072400E00224D0
:10CFF000B8F1FF3F01D014B166E0012464E00021E4
:10D000000098FEF785FD04005ED141460098FEF7CA
:10D010001BFE009D07462E354FF400720021284666
:10D0200000F0CFFB0B222021284600F0CAFB2E2463
:10D030002C701020E872F0B20890A875C6F3072093
:10D040000790E875C6F3074B85F818B04FEA166AE3
:10D0500085F819A04146284600F0C3FB05F12000E1
:10D0600020222946064600F0A4FB85F821400098BE
:10D0700002990278032A04D1D0F82200884200D114
:10D080000021304600F0ADFB00984FF00109867892
:10D0900013E000980021C0F82A7080F804907F1CEB
:10D0A0000098FEF735FD04000ED14FF40072002108
:10D0B000284600F086FB761EF6B2002EE9D16846BF
:10D0C000FFF71BF8040004D041460098FEF7B0FEBD
:10D0D00014E005981021C172089981750799C175EE
:10D0E00080F818B080F819A0414600F07AFB00994A
:10D0F00081F804900098FEF745FD04460DB02046E7
:10D10000BDE8F08F37B58AB015460C460122694656
:10D110000AA8FFF742F9002816D107A8069068462A
:10D120000A99FFF7CFF800280ED1059868B105F0ED
:10D130002702C17A144091430C43C4720099012024
:10D1400008710098FEF71EFD1EE606201CE613B5CA
:10D150008AB00C46012269460AA8FFF71EF900288A
:10D1600019D107A8069068460A99FFF7ABF800287E
:10D1700011D1059888B1A1798175E188090AC17535
:10D1800021790176A188090A417600990120087168
:10D190000098FEF7F7FC0CB010BD0620FBE733B596
:10D1A00099B00C46012202A919A8FFF7F6F8002849
:10D1B00053D10298099016A8089002A81999FFF770
:10D1C00081F8002849D10798F0B300F10B0115222E
:10D1D00010A800F0EEFA1C2202A909A800F0E9FA52
:10D1E000214609A8FFF76EF878B3042835D109A8BD
:10D1F000FEF783FF002830D10E9C13220DF142016F
:10D2000004F10D0000F0D5FA9DF84000012540F032
:10D210002000E072029805710B990498884232D080
:10D22000E07AC0062FD52146029800F0D1FA0146D7
:10D230000298FEF709FD010013D00298FEF768FC82
:10D24000029901F14E0201E006E008E0002804D155
:10D2500050782E2807D016E004201BB030BD0820DF
:10D26000FBE70220F9E70878032806D10B98D1F8EC
:10D270002210884201D1002100E00B99104600F0F5
:10D28000B0FA0298057102A8FEF765FF0028E4D104
:10D290000298FEF777FCE0E72DE9F74F86B01546D8
:10D2A00010B10B2009B02BE70798012802D8681E9F
:10D2B000054201D01320F5E7F848046844B1002086
:10D2C00020700390FEF7D2FBC10703D00320E9E7EB
:10D2D0000C20E7E7400701D50A20E3E704AA012173
:10D2E0000398FEF7FAFB00287ED1049980297BD3AE
:10D2F000079808B1002000E03F208046A1EB08011C
:10D3000004917DB94FF4FA60B1FBF0F20020E44BD8
:10D3100000E0401C33F810509542FAD8E04A16322B
:10D3200032F81050680A5FEA000912D0B9F1800F94
:10D3300001D980208146B1FBF9F0012640F6F67252
:10D34000904200D302264FF6F672904203D3032692
:10D3500020E00120EEE7032E1CD0012E22D0400059
:10D36000001D00F2FF10470A01252020834608EB2C
:10D37000050A0AEB0700584400EB09020090A2EBF3
:10D38000080088423FD801AA03210398FEF7A5FBB5
:10D3900098B90DE040F2072202EB8000470A2025F1
:10D3A0000020E3E700EB4000401C4008C01CD8E729
:10D3B000019810B1B0F5004F01D9012001900099FA
:10D3C0000144401E491E81430098081A0190032E13
:10D3D0000FD007440498411BCA1BA2EB0B02B2FBFF
:10D3E000F9F10091022E00E0D3E005D0032E06D023
:10D3F0000BE005448244EDE740F6F67201E04FF69B
:10D40000F672914201D20E204CE7012E03D0022E7B
:10D4100003D00C2007E0012005E0B0F5803F01D2E9
:10D42000042000E006200590079808B1F0203BE0BA
:10D4300004F12E004FF400720021029000F0C1F9B7
:10D4400004F5F6700121417081700022C2700599C7
:10D450000171FE214171049B08EB030143F6C16396
:10D46000B1FBF3F13F2343EA910C019180F806C030
:10D47000C171037242728272C272049901730A0A04
:10D4800042730A0C8273090EC173552084F82C0272
:10D49000AA2084F82D02DDE9021001230022FEF704
:10D4A00000FB002875D1F8202E3402904FF4007252
:10D4B0000021204600F085F90B227AA1204600F0D9
:10D4C00078F90021E1720220207384F80D90A57391
:10D4D000280AE07301202074032E0BD040026074F0
:10D4E000000AA0740498B0F5803F05D2E074000AE9
:10D4F00020750CE00020F2E784F82000020A84F88E
:10D500002120020C84F82220000E84F823000298C7
:10D5100060753F20207600206076FF21A176E076BE
:10D5200084F81C804FEA182060774FEA1840A077F3
:10D530004FEA1860E077FEF7E4FA80212922019093
:10D54000032E27D084F82700030A84F82830030C20
:10D5500084F82930000E84F82A00A775380AE0758F
:10D5600084F8241084F82620132251A104F12B0002
:10D5700000F01FF9552084F8FE01AA2084F8FF016D
:10D580000123424621460398FEF78BFA002889D1F1
:10D5900033E082E084F84300030A84F84430030C4B
:10D5A00084F84530000E84F8460084F82470380A68
:10D5B00084F82500380C84F82600380E84F82700FB
:10D5C000022084F82C00002084F82D0084F82E001E
:10D5D00084F82F00012384F8303084F831000623CA
:10D5E00084F8323084F8330084F8401084F8422004
:10D5F000132234A104F14700BAE7032E06D1012318
:10D6000008F1060221460398FEF74BFA55464FF003
:10D61000000A4FF400720021204600F0D2F8029870
:10D620000190032E12D0012E0ED06FF0FF010143A6
:10D63000019121700198000A60700198000CA0709F
:10D640000198000EE07018E02349F0E760F0FF0059
:10D65000019020700198000A60700198000CA07081
:10D660000198000EE070FF2020716071A071E071E0
:10D6700020726072A0720F20E0722A466D1C012396
:10D6800021460398FEF70DFA38B94FF400720021D5
:10D69000204600F096F801202AE065E0B002006024
:10D6A000F6410508EBFE904D53444F53352E3000A4
:10D6B0004E4F204E414D45202020204641542020F1
:10D6C000202020004E4F204E414D45202020204656
:10D6D000415433322020200000FFFF002A466D1CF9
:10D6E000012321460398FEF7DCF9E8BB0198401CB2
:10D6F0000190B842F2D30AF101005FEA000A88D033
:10D70000032E09D05F462A466D1C0123214603984B
:10D71000FEF7C7F940BB01E04F46F4E77F1EF2D1A8
:10D72000032E3CD15220207060706122A2704121F2
:10D73000E170722084F8E40184F8E50184F8E611D0
:10D7400084F8E7210098401E84F8E801010A84F873
:10D75000E911010C84F8EA11000E84F8EB010220B3
:10D7600084F8EC01002000E021E084F8ED0184F869
:10D77000EE0184F8EF01552084F8FE01AA2084F818
:10D78000FF01012308F1010221460398FEF789F900
:10D79000012308F1070221460398FEF782F90022CF
:10D7A00011460398FEF799F900283FF484AD012053
:10D7B00078E503E011F8013B00F8013B521EF9D275
:10D7C0007047C9B201E000F8011B521EFBD270473E
:10D7D0000246488B1278032A02D1898A40EA014026
:10D7E000704781760A0AC2760A0C0275090E4175E5
:10D7F00070472DE9F04104460021FEF79EFB00280A
:10D8000020D100254FF4FA766D1CADB2B54219D87F
:10D8100021692068FEF77CF9002813D161690A7834
:10D820007AB1CA7A120711D4A2690B2300275B1EB2
:10D830000AD311F8017B12F801CBB7EB0C07F6D035
:10D8400004E00420BDE8F081002FFBD00021204639
:10D85000FEF7B6FB0028D7D0F4E7008840BA70473F
:10D860000188827849BA0904C07841EA0221084354
:10D870007047F5E770B50546FF20002331240FE01F
:10D88000EA5C50400822060602D584EA400000E027
:10D890004000521EC0B212F0FF02F4D15B1C9BB2DA
:10D8A0008B42EDD370BD10B51446FFF7E3FFA042E5
:10D8B00002D04FF0FF3010BD002010BDF0B505467E
:10D8C000080A287002201F4616466970002419E0D5
:10D8D00036F81410090A2954401C80B216F81410A6
:10D8E0002954401C1FFA80FC05EB0C000221801E0D
:10D8F000FFF7C0FF05F80C000CF1010C641C1FFAC7
:10D900008CF0E4B2BC42E3D3F0BD2DE9F0410E4609
:10D9100002EB420189B290B088466D460A4629461C
:10D9200000F0C7F8002818D10024274612E0281973
:10D93000844682780221FFF7B6FF00280DD1285DCA
:10D94000F0557F1CB8B29CF801103154401CE41C07
:10D9500087B2A4B24445EAD3002010B0BDE8F081FC
:10D9600070B515460C46FFF7D0FF00280CD108E033
:10D9700034F81030190241EA132124F81010401C29
:10D98000C0B2A842F4D3002070BD38B504460023CD
:10D990001A466846FFF792FF02226946204600F0C9
:10D9A00068F838BD10B588B00446DBB26846FFF7AA
:10D9B00085FF02466946204600F05BF808B010BDBE
:10D9C000F8B51D461446074600231A466846069ECB
:10D9D000FFF774FF02226946384600F04AF8002833
:10D9E00008D114B1204600F026F9324629463846BF
:10D9F000FFF7B6FFF8BD08B5009313460022FFF706
:10DA0000DFFF08BD70B5054607244FF0FF3600F074
:10DA1000FAF825FA04F0C00702D000F0CBF801E0D4
:10DA200000F0D9F8052000F006F900F0B7F805205D
:10DA300000F001F900F06AF878B9641E64B2002CB5
:10DA4000E5DA00F0E0F800F0B5F8052000F0F3F8B2
:10DA500000F0A4F800F05AF808B1304670BD00F0AC
:10DA6000CEF808B1012400E0002400F0CCF82046F4
:10DA700070BD2DE9F04116460F460446DCF7F8FC70
:10DA80006006000EFFF7BEFF05000DD1002409E07F
:10DA9000385DFFF7B7FF050002D0DCF706FD03E0B5
:10DAA000641CA4B2B442F3D3DCF7FFFC2846BDE803
:10DAB000F0812DE9F04115460F460446DCF7D8FC0D
:10DAC000012000EB4400C0B2FFF79CFF040003D02C
:10DAD000DCF7EBFC2046EAE700246E1E09E0B442C6
:10DAE00001DA012000E0002000F021F83855641C24
:10DAF000A4B2AC42F3D3DCF7D8FC0020D7E710B5D2
:10DB000000F04CF8BDE8104000F054B810B56424A3
:10DB100007E000F08CF808B1002010BD052000F0EF
:10DB20008AF8641E14F0FF04F3D1FF2010BD70B515
:10DB30000646002500F03EF80724052000F07BF89B
:10DB400000F02CF8FFF7E2FFF8B900F058F808B140
:10DB5000012100E00021A1402943CDB200F053F89B
:10DB6000641E64B2002CE8DA16B100F034F801E06B
:10DB700000F020F8052000F05EF800F00FF8052016
:10DB800000F059F8FFF7C2FF08B1FF2070BD00F0A8
:10DB90003AF800F00FF8284670BD000008B50820DC
:10DBA000ADF8000004208DF8030069462348DBF738
:10DBB00004F808BD08B50420ADF800008DF8030096
:10DBC00069461E48DAF7F9FF08BD10B5FFF7F2FF06
:10DBD000BDE81040E2E738B50420ADF800001020A1
:10DBE0008DF803000320154C8DF80200694620468D
:10DBF000DAF7E3FF04212046DBF74BF838BD0421B8
:10DC00000E48DBF730B838B50820ADF8000010201A
:10DC10008DF803000320094C8DF802006946204668
:10DC2000DAF7CBFF08212046DBF733F838BD0821AF
:10DC30000248DBF718B8DFF7E1BE0000000801403A
:10DC400070B5FE4C05464FF0FF362078012806D10E
:10DC50002A8904F120015820FFF782FE08B13046DE
:10DC600070BD284600F0B0F90020207070BD30B5BE
:10DC7000F24A04460020936901469A8807E0186832
:10DC800050F82100057BA54203D0491CC9B28A4245
:10DC9000F5D88A4200D1002030BD70B5FFF7E7FF0C
:10DCA000A8B105680446418958206D1DFFF76DFE37
:10DCB00000280ED12846FFF7BEFF2089002808D093
:10DCC000DE49012008702046BDE87040B8E74FF0FB
:10DCD000FF3070BD1CB5044600202080012000905C
:10DCE00001ABD74A42F232015820FFF769FE002803
:10DCF00007D1BDF804002080B0F5544F02D04FF09A
:10DD0000FF301CBD00201CBD10B50120FFF7AFFF88
:10DD100050B141895820FFF738FE002803D1C74988
:10DD200001200870002010BD4FF0FF3010BD70B50D
:10DD300005460C460120FFF79AFF50B1FFF780FF20
:10DD4000002805D1BD48018C2980408C208000200E
:10DD500070BD4FF0FF3070BD70B505460C46012018
:10DD6000FFF79BFF002805D1B448018C2980408C27
:10DD70002080002070BDC7E708B56946FFF7D7FFD0
:10DD800008BD08B56946FFF7E7FF08BDBCE708B561
:10DD900001466846FFF7CBFF08BD08B50146684657
:10DDA000FFF7DAFF08BD70B50546A6480C460078B7
:10DDB000FFF773FF002805D1A048018C2980408C13
:10DDC0002080002070BD9F4810B50078FFF74FFFFE
:10DDD00050B141895820FFF7D8FD002803D1974959
:10DDE00001200870002010BD4FF0FF3010BD70B54D
:10DDF000054694480C460078FFF739FF50B1FFF70D
:10DE00001FFF002805D18D48018C2980408C20807F
:10DE1000002070BD4FF0FF3070BD10B504460220E9
:10DE2000FFF73BFF002806D18448006A5FEA3040D4
:10DE3000206001D0002010BD4FF0FF3010BD38B57C
:10DE4000010CADF80010ADF802004FF0FF3450B1F6
:10DE50000320FFF70CFF30B1418902236A465820A6
:10DE6000FFF7A0FD38BD204638BD10B5044616208A
:10DE7000FFF713FF002803D17048008C208000209A
:10DE800010BD31B54FF0FF34BDF8000058B16E48F9
:10DE90000078FFF7ECFE30B1418901236A46582033
:10DEA000FFF780FD38BD204638BDF8B5044663480D
:10DEB00000256E1E007CC0F34210012807D1634884
:10DEC0000078FFF7D4FE10B1B4F57A3F01D930469F
:10DED000F8BD5F490022A4FB013605FB016104FB8C
:10DEE00002110A0242EA1361ADF8001041890123D0
:10DEF0006A465820FFF756FDF8BD5648006870473F
:10DF0000582070474D4A137C0380108A000B08701C
:10DF1000002070474949D1E90221C0E900210020D1
:10DF200070470020B9E6F8B5444C0020434EE4E9C0
:10DF300008003070FFF7E3FD0320009023464FF404
:10DF4000FA7243F282615820FFF73AFD00283AD175
:10DF500003202546002135F81120130243EA12223E
:10DF600025F81120491C89B28142F4D32088226807
:10DF7000C0F3072141EA00212079030443EA12405B
:10DF8000C0F3072280B242EA002061F31F406168BB
:10DF9000234609BA090C41EA0041000CC6E9021007
:10DFA000012000904FF47A7242F22F015820FFF7BF
:10DFB00007FD002807D1204600F04EF8002802D1C6
:10DFC000BDE8F840ADE7F8BD2DE9F0470489054606
:10DFD00060000DF00DFD06460021184806E000EB3C
:10DFE0004102128C26F81120491C09B2A142F6DB2D
:10DFF00029896FF00309491E0CB20027804616E0FC
:10E0000028896968021B09EB8200095836F8140058
:10E01000096829B18847014608EB4700018402E0FE
:10E0200008EB47010884641E7F1C24B23FB2002C19
:10E03000E6DA3046BDE8F0470DF004BB104800209A
:10E04000605B030035420508344205083642050886
:10E0500000894100342200202DE9F0470388DFF8D1
:10E0600078901E49DFF878A0A9F81030C9F8181088
:10E07000002103F4704C03F0E00703F01F0623E0D7
:10E08000DAF8000050F821400020A58918E0A268C5
:10E0900032F8102002F47048E0450FD15FEAC3580F
:10E0A0000CD402F0E008B84508D102F01F02B242D9
:10E0B00004D80020C9F81840BDE8F087401C00B221
:10E0C0008542E4DC491C09B2BAF804208A42D7DC54
:10E0D0004FF0FF30F0E70000104800202442050810
:10E0E000C8440508F8B501210420DAF76CFF0820C0
:10E0F000ADF8000010244C4E8DF8034003258DF838
:10E10000025069463046DAF758FD08213046DAF702
:10E11000BEFD0420ADF800008DF803408DF80250DC
:10E1200069463046DAF749FD04213046DAF7AFFD9B
:10E13000F8BD30B53D4D012087B0A870687000244F
:10E1400008E0641C142C02D90020687006E06420EA
:10E15000DFF773FCFFF7E7FE0028F2D168780028AC
:10E160000CD005A904A8FFF7CDFE6846FFF7D2FE44
:10E1700003A902A8FFF717FEFFF7D3FE07B030BDD3
:10E1800038B52A4C607800284AD0FFF7F4FD002506
:10E1900060BB6420DFF751FC6846FFF7EDFD28BB4C
:10E1A000234A2078BDF80010042822F8101002D26B
:10E1B000401C20701AE00021084632F81030401C44
:10E1C000C0B219440528F8D30520B1FBF0F0194975
:10E1D00080B2A08091F8232017490B2A4FF47A725D
:10E1E00000FB02F01DD0C1F8BC012570E0884FF49F
:10E1F0006161401C80B2B0FBF1F2E08001FB1200D3
:10E20000A0F560610F3903D108480830FFF705FE1B
:10E21000A078012804D1FFF784FE002800D1A57062
:10E2200038BDC1F87402E0E7000801407C220020FC
:10E2300022A20460143900204551002008B50021B5
:10E2400042F2B112684600F029FB0246694662209C
:10E25000FFF70FFC002804D14FF47A70FFF7EBFCB6
:10E26000002008BDFEB514460D46064600214EF6B8
:10E270000542684600F012FB024669466220FFF73D
:10E28000F8FB002815D106226946622000F08AFBBF
:10E2900000B200280DD16846FFF7DFFA30806E46E5
:10E2A000B01CFFF7DAFA2880301DFFF7D6FA20807D
:10E2B0000020FEBD7CB514460D4601AA6946FFF755
:10E2C000D1FF002810D1BDF8000045F2735148433A
:10E2D000FE4901EB50302860BDF8040043F2D40140
:10E2E0004843400B206000207CBD08B5002143F668
:10E2F0008672684600F0D2FA024669466220FFF74D
:10E30000B8FB002803D1F248FFF795FC002008BDB8
:10E3100038B50446002142F21832684600F0BEFAD1
:10E32000024669466220FFF7A4FB002810D14FF493
:10E330007A70FFF780FC02226946622000F032FB0F
:10E3400000B2002804D16846FFF787FA2080002039
:10E3500038BD38B504466846FFF7DAFF002807D114
:10E36000BDF8000045F273514843400B2060002087
:10E3700038BD1CB50446002142F21D42684600F03B
:10E380008DFA01462246684600F0B4FA82B2694628
:10E390006220FFF76EFB002804D14FF47A70FFF77C
:10E3A0004AFC00201CBD45F6DE714843000CE0E746
:10E3B00038B50446002142F22232684600F06EFA77
:10E3C000024669466220FFF754FB002810D14FF443
:10E3D0007A70FFF730FC02226946622000F0E2FA10
:10E3E00000B2002804D16846FFF737FA20800020E9
:10E3F00038BD1CB50446002142F22742684600F0B1
:10E400004DFA01462246684600F074FA82B2694627
:10E410006220FFF72EFB002804D14FF47A70FFF73B
:10E420000AFC00201CBD1CB5044600214FF46042CC
:10E43000684600F033FA01462246684600F05AFA70
:10E4400082B269466220FFF714FB002804D14FF422
:10E450007A70FFF7F0FB00201CBD7CB50C4605462A
:10E46000002143F22F62684600F018FA01462A465E
:10E47000684600F03FFA82B269466220FFF7F9FA77
:10E4800000280FD19348FFF7D6FB0222694662208D
:10E4900000F088FA00B2002804D16846FFF7DDF9E1
:10E4A000208000207CBD38B50446002142F21332A2
:10E4B000684600F0F3F9024669466220FFF7D9FA90
:10E4C000002810D14FF47A70FFF7B5FB022269469D
:10E4D000622000F067FA00B2002804D16846FFF716
:10E4E000BCF92080002038BD1CB50446002142F252
:10E4F0001642684600F0D2F901462246684600F00E
:10E50000F9F982B269466220FFF7B3FA002804D114
:10E510004FF47A70FFF78FFB00201CBD08B5002177
:10E5200042F2AC12684600F0B9F902466946622030
:10E53000FFF79FFA08BD38B5044600214EF2B842F5
:10E54000684600F0ABF9024669466220FFF791FA8F
:10E55000002810D14FF47A70FFF76DFB0222694654
:10E56000622000F01FFA00B2002804D16846FFF7CD
:10E5700074F92080002038BD08B5002143F21562EF
:10E58000684600F08BF9024669466220FFF771FA8F
:10E59000002803D15048FFF74EFB002008BDFEB510
:10E5A00014460D460646002143F28262684600F09A
:10E5B00075F9024669466220FFF75BFA002819D117
:10E5C0004FF47A70FFF737FB06226946622000F0AD
:10E5D000E9F900B200280DD16846FFF73EF9308016
:10E5E0006E46B01CFFF739F92880301DFFF735F96A
:10E5F00020800020FEBD38B50446002143F2396278
:10E60000684600F04BF9024669466220FFF731FA8E
:10E6100000280FD13148FFF70EFB02226946622025
:10E6200000F0C0F900B2002804D16846FFF715F9E0
:10E630002080002038BD08B5002143F232626846D0
:10E6400000F02CF9024669466220FFF712FA002812
:10E6500003D12148FFF7EFFA002008BD08B50021DB
:10E6600043F24662684600F019F9024669466220A4
:10E67000FFF7FFF9002804D144F62060FFF7DBFA2A
:10E68000002008BD08B5002142F29D12684600F046
:10E6900005F9024669466220FFF7EBF9002803D12D
:10E6A0000F48FFF7C8FA002008BD08B5002142F264
:10E6B0009612684600F0F2F8024669466220FFF7BB
:10E6C000D8F9002811D14CF250300BE03850FFFF40
:10E6D00020A10700801A060000350C0080969800E3
:10E6E000404B4C00FFF7A7FA002008BD08B50021F9
:10E6F00043F2E062684600F0D1F8024669466220C3
:10E70000FFF7B7F9002804D14FF47A70FFF793FAB6
:10E71000002008BD08B5002143F2F662684600F00B
:10E72000BDF8024669466220FFF7A3F944F620606F
:10E73000FFF781FA002008BD10B5FFF7E0F9F8F700
:10E7400065FAF8F762FAFFF7DAF9FFF7E3FFFFF788
:10E75000CCFDFFF783FF284900204870BDE810403A
:10E76000FFF76CBDFEB5244C00256078012809D068
:10E770006A4601A902A8FFF79DFDC8B12078401C98
:10E7800020701DE0FFF7B1FD4FF47A763046DFF7D9
:10E7900054F91B4A19491088FFF75FFE3046DFF72E
:10E7A0004CF9FFF74BFD3046DFF747F96570FEBDCA
:10E7B000BDF8080020B12570DDE90021F8F783F9E4
:10E7C0002078104E05280AD9B08F0022401CB0874F
:10E7D00011461046F8F777F92570FFF7ADFF20785E
:10E7E000F0876420DFF729F9FEBD034A012151704B
:10E7F000034908807047000088220020FE21002085
:10E80000DC010060EC2A002070B50546FF200023E3
:10E8100031240FE0EA5C50400822060602D584EA63
:10E82000400000E04000521EC0B212F0FF02F4D1DE
:10E830005B1C9BB28B42EDD370BD10B51446FFF745
:10E84000E3FFA04201D0012010BD002010BDF0B5B3
:10E850000546080A287002201F46164669700024E3
:10E8600019E036F81410090A2954401C80B216F831
:10E8700014102954401C1FFA80FC05EB0C000221E7
:10E88000801EFFF7C1FF05F80C000CF1010C641CA1
:10E890001FFA8CF0E4B2BC42E3D3F0BD130A435438
:10E8A000491C89B24254491C88B2704770B504466D
:10E8B000100E6054491C88B2110C2154401C86B2C1
:10E8C000A01915460221801EFFF79EFFA055761C59
:10E8D000B0B2290A2154401C80B202212554401CA8
:10E8E00085B26019801EFFF78FFF60556D1CA8B2BE
:10E8F00070BDDBE730B50446100A6054491C88B28D
:10E9000002212254401C85B26019801EFFF77CFF53
:10E9100060556D1CA8B230BD92B2EBE770B50446ED
:10E92000100E6054491C88B2110C2154401C85B251
:10E93000601916460221801EFFF766FF60556D1CA8
:10E94000A8B2310A2154401C80B202212654401C36
:10E9500085B26019801EFFF757FF60556D1CA8B285
:10E9600070BDF0B505469C461746D80701D0042077
:10E97000F0BD002412E0385D6854491C88B2391992
:10E9800049782954401C86B2A8190221801EFFF73D
:10E990003BFFA855761CA41CB1B2A4B26445EAD3CF
:10E9A0000846F0BD2DE9F0410D46510801EB41014B
:10E9B0008EB2D10702D00420BDE8F081324629464C
:10E9C000FFF777F80028F7D10024274612E028192E
:10E9D000844682780221FFF730FF0028ECD1285DC1
:10E9E000E8557F1CB8B29CF801102954401CE41C67
:10E9F00087B2A4B2B442EAD30020DDE708B1BC4B31
:10EA0000036011B1BA4808380860002A02D0B8483B
:10EA1000001F10607047412801D20120704700207C
:10EA20007047B44800787047B349085C401C704791
:10EA3000B249084410F8010C70472DE9F0410C462A
:10EA40000746FFF7F5FF94B3552121804FF0FF36BD
:10EA5000C4F802600025A57104212172C2B22946C2
:10EA60000120DFF719FBC4F8090084F86452D4F8D8
:10EA70006542E4B16F202080C4F80260A5710820CF
:10EA8000207204F10900064607F01EFB0022114621
:10EA9000304607F022FB00220121304607F01DFB23
:10EAA00000220221304607F018FB84F864523846F1
:10EAB000BDE8F041E0F744BF10B50C460346002224
:10EAC000FFF7B6FF402B08D2C1B20120DFF77AF87A
:10EAD0000146204607F0B6FB0246104610BD2DE960
:10EAE000F043ADF51B7D8146DDE9A254984608460A
:10EAF000FFF79EFF0227FE1E4F2A2CD008DC1C2A9F
:10EB00001CD0242A27D04B2A0DD04D2A08D110E042
:10EB1000512A48D0552A20D06F2A28D0752A4ED0A5
:10EB20002F7020205AE002460021484602F0B5FF2F
:10EB30004DE0C1B20120DFF745F803E0C1B201208A
:10EB4000DEF79AFF0146684607F07CFB69464846B7
:10EB500003F060F83BE0002136E0C2B20021012062
:10EB6000DFF79AFA0146484603F005FA2FE096A827
:10EB700007F0AAFA0022114696A807F0AEFA002282
:10EB8000012196A807F0A9FA0022022196A807F011
:10EB9000A4FA0022032196A807F09FFA96A94846F6
:10EBA00002F00AFF13E0C1B20120DFF703FA08B157
:10EBB000012100E00021484602F035FE07E0C1B225
:10EBC0000120DFF7A1F80146484603F027F90028A5
:10EBD00006DBB8F1FF3F03D02F70322020703046A3
:10EBE0000DF51B7DBDE8F08370B5ADF5187D0446CD
:10EBF000D0F8641200256A460C3002F0F9F80222BF
:10EC0000002803DA84F86922252008E0E0888228B9
:10EC10000BD0A068401C08D084F86922322084F808
:10EC20006A0200200DF5187D70BDD4F80200FFF7D0
:10EC3000FFFE0146E0880926512847D007DC02ABD9
:10EC40001C2838D024280AD04D2808D128E055287F
:10EC50000CD0672803D06F2801D0752813D084F812
:10EC60006922202084F86A022846DBE79DF802002A
:10EC700004282FD1CAB2DDF8033094F868120120BD
:10EC8000DFF755FE31E09DF80200092822D1CAB213
:10EC90009DF8033094F868120120DFF72EFD24E080
:10ECA0009DF80200072815D1CAB294F86812012015
:10ECB000E0F73FF919E09DF8020007280AD1CAB22F
:10ECC00094F868120120DFF7C3FD0EE09DF8020002
:10ECD000012804D084F8692284F86A62C4E79DF8A8
:10ECE0000320C9B20120E0F7E8F80125BCE70000E5
:10ECF000D8440508E4020060EC220020EC24002047
:10ED000008B1FA4B036011B1F84808380860002ACE
:10ED100002D0F648001F10607047412801D2012040
:10ED2000704700207047F24800787047F149085C4E
:10ED3000401C7047F049084410F8010C7047F8B5C2
:10ED400000218DF800100C46C0B26946ECF798FF20
:10ED50009DF800100220E0F71AFB06469DF800001F
:10ED6000402813D2E54DE1B29DF800200220DFF7E4
:10ED700093F9A84207D0E1B29DF800200220DFF706
:10ED80008BF9064602E0641C102CECD33046F8BD2B
:10ED90002DE9F0410546C1B200240220E0F7F7FA60
:10EDA0000746402D11D2D54EEAB2E1B20220DFF77C
:10EDB00073F9B04206D0EAB2E1B20220DFF76CF993
:10EDC000074602E0641C102CEED33846BDE8F08103
:10EDD0002DE9F04100240546264640280DD2C74FB4
:10EDE000EAB2E1B20220DFF757F9B84204F10104B8
:10EDF00001D0264601E0102CF2D33046E6E70B4660
:10EE000010B5002140280CD25AB1102A09D8062A80
:10EE100007D0521EC0B2D1B202460220DFF787FDF2
:10EE20000121084610BD10B5002240280CD259B16E
:10EE3000102909D8062907D0C2B2491EC9B2AF4B62
:10EE40000220DFF774FD0122104610BD10B50C46FC
:10EE500003460022FFF76EFF402B08D2C1B202200A
:10EE6000DEF7B0FE0146204607F0ECF902461046F8
:10EE700010BD2DE9FF4FADF51B7D8246DDE9A89859
:10EE800000241F4626460846FFF754FF05469D9876
:10EE90004FF0FF3B51285AD00CDC4B281BD004DC30
:10EEA0001C2823D0242811D14FE04D2819D04F28F9
:10EEB0000CD128E0682870D004DC552825D05728CC
:10EEC00004D159E06F2824D075284CD0022089F84D
:10EED00000002021A2E02A460121504602F0DDFD7B
:10EEE0008BE0E9B20220DEF76DFE03E0E9B202201A
:10EEF000DEF7C2FD0146684607F0A4F969465046B0
:10EF000002F088FE79E0012132E02846FFF740FF59
:10EF100090E096A807F0D8F80022114696A807F0CE
:10EF2000DCF80022012196A807F0D7F80022022180
:10EF300096A807F0D2F80022032196A807F0CDF892
:10EF400096A9504602F038FD57E0002110E0E9B2E2
:10EF50000220DFF72FF808B1012100E00021504620
:10EF600002F061FC49E0E9B20220DEF7CDFE014685
:10EF7000504602F053FF40E087B1781C13D0102FA9
:10EF800048D8EAB200210220DFF786F85B498842C0
:10EF90002DD1504602F07BFC2FE047E01021504677
:10EFA00002F00BFF29E0EAB2F1B20220DFF774F8B9
:10EFB0005249884204D10AEB040002F068FC09E0DF
:10EFC000EAB2F1B20220DFF767F801460AEB04006B
:10EFD00002F0D1FF0444B4F5167F03DA761C102E3C
:10EFE000E1D30BE0052189F80010122116E0EAB206
:10EFF00000210220DFF750F81CE00446002C10DB53
:10F000009D9857280DD07F1C0BD0022089F8000056
:10F01000322103E0022089F800002A2188F800103C
:10F020005C460DF51F7D2046BDE8F08FE9B2022059
:10F03000E0F7ADF90146504602F09DFFDDE72DE90E
:10F04000F043ADF5197D0446D0F8641200256A46F8
:10F050000C3001F0CDFE02274FF02508002804DA1D
:10F0600084F8697284F86A820AE0E08857280CD034
:10F07000A068401C09D084F86972322084F86A02C2
:10F0800000200DF5197DBDE8F083D4F80200FFF7EC
:10F0900051FE0646E08804F26A235A1E09214FF009
:10F0A0002809512855D00DDC02AB4B284CD004DC8C
:10F0B0001C2875D0242811D146E04D2856D04F2861
:10F0C0000CD141E0682876D004DC552818D05728A8
:10F0D00004D139E06F2837D0752852D084F869728E
:10F0E000202084F86A022846CBE700000445050882
:10F0F0008A2200206C2300206C25002000007F4322
:10F100009DF8020004280CD00021684604F096FF08
:10F110000500E8D094F868123046FFF784FE0546F3
:10F120000BE094F86822DDF803103046FFF767FE25
:10F13000054694F86802062806D0002DD3D184F83D
:10F14000697284F86A82CEE784F8697284F86A92F8
:10F15000C9E70121684604F071FF0500C3D09DF89E
:10F160000320F1B20220DFF7A8FEBCE79DF8020001
:10F17000072824D1F2B294F868120220DFF7D9FEF2
:10F1800028E09DF80200092819D19DF80330F2B259
:10F1900094F868120220DFF7B0FA1BE000E00AE002
:10F1A0009DF8020007280AD1F2B294F868120220F2
:10F1B000DFF74EFB0EE09DF80200042804D084F82F
:10F1C000697284F86A128EE7DDF80320F1B202203A
:10F1D000E0F76EF8012586E708B1F84B036011B13E
:10F1E000F64808380860002A02D0F448001F106072
:10F1F0007047F349084410F8010C704710B50C46ED
:10F2000003460022FFF7F5FF802B08D2C1B2002091
:10F21000DEF7D8FC0146204607F014F802461046F7
:10F2200010BD812801D20120704700207047E548B9
:10F2300000787047E449085C401C70472DE9F041B4
:10F24000002705463C46802811D2E04EEAB2E1B2E2
:10F250000020DEF721FFB04206D0EAB2E1B2002082
:10F26000DEF71AFF074602E0641C102CEED3384686
:10F27000BDE8F0812DE9F0410024054626468028AE
:10F280000DD2D24FEAB2E1B20020DEF705FFB8425C
:10F2900004F1010401D0264601E0102CF2D33046DF
:10F2A000E6E710B50B460021144680280AD24CB17F
:10F2B000102C07D8062C05D0C2B221460020DFF75B
:10F2C00036FB0121084610BD10B5002280280BD264
:10F2D00051B1102908D8062906D0C2B2C9B2BB4B19
:10F2E0000020DFF724FB0122104610BD2DE9F04F6E
:10F2F000ADF51B7D8246DDE9A49800241F46264615
:10F300000846FFF776FF05464FF0FF3B512A59D0DC
:10F310000CDC4B2A1BD004DC1C2A23D0242A11D15C
:10F320004EE04D2A19D04F2A0CD128E0682A6FD020
:10F3300004DC552A25D0572A04D158E06F2A23D05F
:10F34000752A4BD0022089F8000020219FE0024658
:10F350000221504602F0A1FB8BE0C1B20020DEF793
:10F3600031FC03E0C1B20020DEF786FB01466846AF
:10F3700006F068FF6946504602F04CFC79E0022135
:10F3800031E0FFF75BFF72E096A806F09DFE0022D9
:10F39000114696A806F0A1FE0022012196A806F0CB
:10F3A0009CFE0022022196A806F097FE002203216F
:10F3B00096A806F092FE96A9504602F0FDFA58E093
:10F3C000002110E0C1B20020DEF7F4FD08B10121F8
:10F3D00000E00021504602F026FA4AE0C1B20020C7
:10F3E000DEF792FC0146504602F018FD41E087B17D
:10F3F000781C13D0102F46D80021EAB20846DEF759
:10F400004BFE724988422DD1504602F040FA30E05E
:10F4100045E01021504602F0D0FC2AE0EAB2F1B2F9
:10F420000020DEF739FE6949884204D10AEB040066
:10F4300002F02DFA09E0EAB2F1B20020DEF72CFE6C
:10F4400001460AEB040002F096FD0444B4F5167F71
:10F4500003DA761C102EE1D30CE0052189F80010A8
:10F46000122114E00021EAB20846DEF715FE01463B
:10F4700016E00446002C0DDB7F1C0BD0022189F81E
:10F480000010322103E0022089F800002A2188F8C8
:10F4900000105C460DF51B7D2046BDE8F08F002175
:10F4A000504602F068FDE4E72DE9F0410446ADF571
:10F4B000187D16460F460025D0F80200FFF799FE8A
:10F4C0008046FFF7AEFE60B1D4F864126A4604F1DC
:10F4D0000C0001F08DFC0221002806DA397025208D
:10F4E0000BE0012038701F2007E0E088572809D082
:10F4F000A268521C06D039703220307000200DF501
:10F50000187DB5E6092251284ED00DDC02AB4B2800
:10F5100067D004DC1C282DD024280DD161E04D28B3
:10F520001CD04F2808D15CE0552808D0572858D067
:10F530006F2856D0752829D03970202053E09DF8C7
:10F540000200042802D0397032704DE094F868222D
:10F55000DDF803104046FFF7A4FE40E09DF80200EE
:10F56000072825D108F0FF0294F868120020DFF781
:10F57000E0FC34E09DF80200072819D108F0FF02F2
:10F5800094F868120020DFF763F928E09DF8020084
:10F5900009280DD19DF8033008F0FF0294F8681295
:10F5A0000020DFF7AAF81AE09DF8020009280FD022
:10F5B00084F8691284F86A2216E0000038450508CC
:10F5C000EC250020E5020060EC23002000007F43D2
:10F5D0009DF8032008F0FF010020DFF76EFC0125F5
:10F5E00002E0397028203070284688E72DE9F04184
:10F5F0000C460746FFF7FDFD94B3552121804FF0DF
:10F60000FF360025C4F80260A57104212172C2B240
:10F6100029462846DEF740FDC4F8090084F8645204
:10F62000D4F86542E4B16F202080C4F80260A5716F
:10F630000820207204F10900064606F045FD00226C
:10F640001146304606F049FD00220121304606F001
:10F6500044FD00220221304606F03FFD84F864524A
:10F660003846BDE8F041E0F799B9000030B50378BD
:10F670000C780022A34221D1072B09D9072307E0E8
:10F6800084188D1864786D78AC4217D1521CD2B2B0
:10F690009A42F5D302890B899A420FD1A2B1837A9B
:10F6A0008A7A93420AD1072B00D90723002209E066
:10F6B00084188D18E47AED7AAC4201D0002030BD78
:10F6C000521CD2B29A42F3D3012030BDFD49FE4A0A
:10F6D0000AE00B78DB0706D0D1F80130834202D173
:10F6E0000020087070471F319142F2D9704770B501
:10F6F0000020821EF349F44C0BE00B7803F0070363
:10F70000012B05D1D1F81B30934201D81A46084687
:10F710001F31A142F1D980254FF4616688B9E949CA
:10F720000BE00B7803F00703032B05D1D1F81B3056
:10F73000934201D81A4608461F31A142F1D9002848
:10F7400002D00570C0F81B6070BD41F6E161DD4874
:10F7500009F00DBB10B5DB480022DB4B0DE0017852
:10F76000CC0705D0890702D4D0F81B1001B902706C
:10F770000178090600D502701F309842EFD910BDFC
:10F7800030B5D04BD04C19E01D78ED0715D0D3F82B
:10F790000150854211D1187884070BD43AB140F05A
:10F7A000040018704FF0FF30C3F81B0030BD20F08C
:10F7B00004001870C3F81B1030BD1F33A342E3D9F7
:10F7C00030BD70B513460D460022BE4CBE4915E053
:10F7D0002678F60711D0D4F8016086420DD1207842
:10F7E00080070DD4122204F10901184609F0A6FA87
:10F7F000D4F805000122286002E01F348C42E7D9CA
:10F80000104670BD2DE9F0410F4680460026AD4CF4
:10F81000AD4D11E0207800F0030001280BD14146E6
:10F8200004F1090006F0BEFB28B117B1D4F80100BD
:10F830003860012602E01F34AC42EBD93046BDE807
:10F84000F0812DE9F0470E460546914600219D4C7A
:10F850004FF461679C4824E02278D20720D0D4F886
:10F860000120AA421CD11222494604F1090009F0E4
:10F8700065FAC4F8056020789449820709D44207E4
:10F8800002D54FF0FF3104E0020702D5C4F81B7027
:10F8900001E0C4F81B1020F002002070BDE8F087E2
:10F8A0001F348442D8D90029F8D1864C4FF0010882
:10F8B00003E02278D20708D01F348442F9D9002906
:10F8C000ECD1FFF714FF0400E8D084F80080C4F8FE
:10F8D0000150C4F805601222494604F1090009F0FC
:10F8E0002DFAC4F81B70D9E72DE9F0410F461346F5
:10F8F00005460026734C74491FE02078C0071BD0D2
:10F90000D4F80100A84217D12078800712D401262C
:10F91000122204F10901184609F010FAD4F8050082
:10F9200038602078010705D520F00800207067486E
:10F93000C4F81B00304682E71F348C42DDD9614891
:10F9400003244FF4616604E0027812F0810F05D0C1
:10F950001F308842F8D9FFF7CAFE20B10470C0F802
:10F960000150C0F81B60002069E770B50D461346D2
:10F97000544C554919E02278D20715D0D4F801200B
:10F98000824211D11222194604F1090009F0D6F978
:10F99000C4F80550207820F002002070400702D4FF
:10F9A0004A48C4F81B0070BD1F348C42E3D970BDB7
:10F9B00070B50E46014600201546FF2914D2414A73
:10F9C000C1EB41118C18217801F0030101290BD101
:10F9D000122204F10901184609F0B0F954F8010F98
:10F9E000306060682860012070BD00203549364ACB
:10F9F00006E00B7803F00303012B00D1401C1F31FC
:10FA00009142F6D97047F0B5ADF5177D0646002551
:10FA10002C4C2D4F22E0207800F0030001281CD14F
:10FA2000D4F801207019082102F037F80544B4F821
:10FA30001110701902F0C1F9E27C054412B104F111
:10FA4000140102E0627A04F10A01684606F03AFD08
:10FA50007019694602F046F805441F34BC42DAD9F1
:10FA60000DF5177D2846F0BD2DE9F04FADF5197D58
:10FA70008146002701F114000D46B846969006F025
:10FA800023FB00221146969806F027FB0022012155
:10FA9000969806F022FB00220221969806F01DFBA4
:10FAA000A86AC0F5167B0020E862FFF79EFF5FEAB8
:10FAB000000A21D0686A0123082802D1C5F83DA0B8
:10FAC0006B6305E02CA20460EEC00460805101006D
:10FAD000D5F83D0000280CDA6A6B511C014401295D
:10FAE00003DAC5F83D206B6303E069634042C5F863
:10FAF0003D00686B504504D900200DF5197DBDE827
:10FB0000F08FD5F83D100144491E9791514501D918
:10FB1000CDF85CA23D4C012600E01F34217801F0B5
:10FB200003010129F9D106E014F81F1B01F00301BC
:10FB3000012900D1761CB042F6D198963AE0BBF18B
:10FB4000110F05D201220221969806F0C6FA34E080
:10FB5000D4F8012009EB0700082101F09EFF804640
:10FB600007EB0802B4F8111002EB090002F025F9C6
:10FB7000E27C804412B104F1140102E0627A04F1E3
:10FB80000A01684606F09EFC07EB080101EB09003C
:10FB9000694601F0A7FF4044ABEB000B0744B046B9
:10FBA000E86A761C401CE86214F81F0F00F003009E
:10FBB0000128F9D197988642C1D99898012804D193
:10FBC00001220021969806F088FAD04504D101223E
:10FBD0001146969806F081FA38468EE730B50B4903
:10FBE00000240B4B0FE00A7812F0810F0AD0520765
:10FBF00008D4D1F81B20824203D3121AC1F81B206B
:10FC000000E00C701F319942EDD930BD2CA2046088
:10FC1000EEC004601E2802D2FE4A42F8201070474F
:10FC2000FD49486070470B2803D2FA4A783242F8FF
:10FC30002010704730B500210A460C4628281CD2F7
:10FC4000F54B10335D5C854203D1F2480DE0012293
:10FC500013E0491C1E29F5DB7CB9EF4B00212E3344
:10FC60005C5C844206D1EB48783050F821000028D3
:10FC7000EDD102E0491C0B29F2DB104630BD70B516
:10FC80000023044618461370282C07D2E24D103585
:10FC9000EE5CA64203D101200B60107070BD5B1CAE
:10FCA0001E2BF5DB0028F9D1DB4B00222E339D5CA7
:10FCB000A54202D101200A6070BD521C0B2AF6DB5E
:10FCC00070BD1D2814D2DFE800F00F0F0F13130FC3
:10FCD00013130F0F130F1313130F0F0F130F0F1314
:10FCE0000F13130F130F0F00CA4AA43242F820104B
:10FCF0007047C21E1B2A13D2DFE802F00E0E120E4E
:10FD00000E12120E120E0E0E1212120E12120E12EF
:10FD10000E0E120E12120E00BE4AA43242F820102D
:10FD200070471E2802D2BD4A42F820107047BA49D7
:10FD300088607047B849C86070472DE9F0470446AD
:10FD4000DDE9088900781E46C0F3C00010702078F5
:10FD50001546C0F38000507020780F46C0F3400075
:10FD60009070607801F0C0FBC5F80300607801F086
:10FD7000D6FBC5F80700A078E8722978032021B1E6
:10FD8000E0782873207968730520215C401C31706D
:10FD90002218391AC8F80020A9F80010BDE8F08729
:10FDA0009D48408870479C49488070479A48007831
:10FDB00070479949087070472DE9F0418EB0804630
:10FDC0004FF000000790089009900A90ADF81800D5
:10FDD00002901D4616460C008DF8100005908DF817
:10FDE0000C000B900C9073D0217801F0F0021211EE
:10FDF000062A22D2DFE802F0034CD2D621FC06A963
:10FE000005A8CDE9000104AB07AA31462046FFF75B
:10FE100094FF9DF810000C2810D00E2817D00F2842
:10FE20001ED0102825D012282CD0009507AB4246B2
:10FE3000BDF81810059804F011F914E1009507AB0E
:10FE40004246BDF81810059803F0ACFF0BE1009591
:10FE500007AB4246BDF81810059804F044FF02E1D4
:10FE6000009507AB4246BDF81810059804F032F82B
:10FE7000F9E0009507AB4246BDF81810059805F06B
:10FE80009FF8F0E0002D6CD165490A20087068E009
:10FE900061788DF81010B11EA31C9DF8102089B256
:10FEA0000593ADF81810082A45D125B1012D1FD0B2
:10FEB000022D1DD0D7E0052E05D11878DF2802D1FC
:10FEC0005878FD2805D04246184603F0DFFF32E09F
:10FED000D3E0DFF7E9FD5349012008700598524946
:10FEE0008078C0EB001080000880DFF7FAFD22E088
:10FEF0000090019001AB6A4689B2059807F010FDA9
:10FF000010F0FF0709D002F0F9FA009988421ED3D9
:10FF100002F0F4FA0199884219D82946434807F0BB
:10FF200057FA4FF0FF3000900198401C00D017B9ED
:10FF30000020E8F7C9F99DF81000072809D0042827
:10FF40000FD0092814D0062819D0F8B18BE00098FA
:10FF5000EFE72B464246BDF81810059808F030FB35
:10FF600081E02B46424631462046E6F79FFA7AE08A
:10FF70004246BDF81810059808F0F9FA73E04246B9
:10FF8000BDF81810059808F0CBFA6CE02B464246F5
:10FF9000BDF81810059803F056FD64E0A0788DF8C0
:10FFA000100060E0C1F3C001022001B10420215C17
:10FFB000401C27188DF81010301A81B29DF81000DF
:10FFC0000597ADF818100C2804D0122809D01A286B
:10FFD00049D106E02A4631462046E5F7E4FD42E0F5
:10FFE00006E03346224638460095E6F755F83AE0F3
:10FFF000A07803268DF81000122805D1E01C0021FE
:020000040803EF
:1000000001F0E6FB00B10426A01902AA03A901F041
:1000100035FB0DE010C10460E80200602CC20460F2
:10002000A920002093010060D0010060775F0020CC
:100030000644A0190CAA029901F0CDFE0644A019AD
:1000400002AA03A901F01AFB0644A0190BAA0299FF
:1000500001F0C1FE9DF810103044122903D1204454
:10006000002101F0CBFB40F239104543044840F237
:10007000722100EB450008F07AFE0EB0BDE8F08179
:10008000055D002008B1B64B036011B1B4480838D3
:100090000860002A02D0B2480C381060704741282E
:1000A00001D20120704700207047AE4800787047A9
:1000B000AD49085C401C70477047AC49084410F8D3
:1000C000010C7047002070470020704700B5FFF713
:1000D000F4FF402802D2A64A0021115400BD2DE9A8
:1000E000F0410C460746FFF7E8FFCCB355212180CD
:1000F0004FF0FF36C4F802600025A5710921217276
:10010000C2B229460320DDF7C7FF09F057FAC4F849
:10011000090084F86452D4F865420CB36F20208043
:10012000C4F80260A5710820207204F10900064697
:1001300005F0CAFF00221146304605F0CEFF00222E
:100140000121304605F0C9FF00220221304605F0AA
:10015000C4FF00220321304605F0BFFF84F864523B
:100160003846BDE8F041DFF702BC0020704710B50B
:100170000C4603460022FFF7A0FF402B08D2C1B275
:100180000320DDF71FFD0146204606F05BF802461E
:10019000104610BD2DE9F043ADF51B7D8146DDE92C
:1001A000A25498460846FFF788FF0227FE1E4F2AF2
:1001B0002AD008DC1C2A1AD0242A5BD04B2A0BD068
:1001C0004D2A06D10EE0542A56D0552A1ED06F2A49
:1001D00028D02F70202047E002460321484601F036
:1001E0005CFC3AE0C1B20320DDF7ECFC03E0C1B2F5
:1001F0000320DDF741FC0146684606F023F8694616
:10020000484601F007FD28E0032107E0C2B20021C3
:100210000320DDF741FF09F0D1F92FE0484601F056
:10022000FDFD1AE096A805F04FFF0022114696A8A2
:1002300005F053FF0022012196A805F04EFF002291
:10024000022196A805F049FF0022032196A805F097
:1002500044FF96A9484601F0AFFB002806DBB8F141
:10026000FF3F03D02F703220207030460DF51B7DEC
:10027000BDE8F0830021D1E7DFF77BFA0146CDE747
:10028000F0B5ADF5197D0446D0F8641200256A4634
:100290000C3000F0ADFD02262527002804DA84F892
:1002A000696284F86A7207E0A068401C08D084F88C
:1002B0006962322084F86A0200200DF5197DF0BDD4
:1002C000E0884F2845D008DC1C2842D0242840D0A4
:1002D0004B283ED04D280BD13BE004F26A235A1E36
:1002E000512814D054281DD0552805D06F2830D05F
:1002F00084F8696220202FE00921684603F09EFE01
:1003000005002BD0DDF80300012827D91BE00121CF
:10031000684603F093FE050020D0D4F80200FFF7F2
:10032000CCFE1BE00921684603F088FE050015D0CD
:10033000DDF80300022806D29DF80310D4F802006D
:10034000DFF72BFA0AE084F86962002584F86A7204
:1003500004E084F86962282084F86A022846ACE741
:100360005C4505088B2200202C2300202C25002032
:10037000A4C2046008B1F34B036011B1F14808381E
:100380000860002A02D0EF480C38106070478128BE
:1003900001D20120704700207047EB480078704779
:1003A000EA49085C401C7047E949084410F8010C10
:1003B000704710B50C4603460022FFF7F5FF802B6F
:1003C00008D2C1B20920DDF7FDFB0146204605F049
:1003D00039FF0246104610BD2DE9F04100260546C2
:1003E0003446802813D2DB4FEAB2E1B20920DDF7B0
:1003F00053FEB84208D0EAB2E1B20920DDF74CFE64
:1004000009F0DCF8C6B202E0641C102CECD33046D4
:10041000BDE8F0812DE9F04FADF51B7D9846DDE993
:10042000A4A906460B4600240846FFF7BDFF054673
:100430004FF0FF3B512A5AD00CDC4B2A17D004DC7A
:100440001C2A1FD0242A0DD14FE04D2A15D04F2A47
:1004500008D124E0542A4FD0552A22D0572A52D00E
:100460006F2A26D002208AF800002021A4E01A4634
:100470000521304601F011FB5CE0C1B20920DDF737
:10048000A1FB03E0C1B20920DDF7F6FA0146684698
:1004900005F0D8FE6946304601F0BCFB4AE0052174
:1004A0002DE0C2B200210920DDF7F6FD09F086F843
:1004B00024E096A805F008FE0022114696A805F053
:1004C0000CFE0022012196A805F007FE0022022161
:1004D00096A805F002FE0022032196A805F0FDFD76
:1004E00096A9304601F068FA24E0002107E00021D7
:1004F000304601F098F91DE0DFF79FF901463046DC
:1005000001F08CFC16E00027B8F1000F14D0B8F110
:10051000FF3F16D0B8F1100F4AD8A8F10104EAB293
:10052000E1B20920DDF7B8FD8A49884237D130466B
:1005300001F0ADF9044623E01021304601F03DFC06
:10054000F8E7EAB239460920DDF7A6FD814988427D
:1005500003D1301901F09BF90AE0EAB239460920CB
:10056000DDF79AFD09F02AF8C1B2301901F056FC06
:100570000444B4F5167F0DDA7F1CFFB2102FE0D3D0
:10058000002C1CDBB8F1FF3F19D002208AF80000D4
:10059000322111E005218AF8001012210CE0EAB2A4
:1005A000E1B20920DDF778FD09F008F8C1B2A6E74D
:1005B00002208AF800002A2189F800105C460DF517
:1005C0001B7D2046BDE8F08F2DE9F0470446ADF5D0
:1005D000187D15460E460027D0F80200FFF7D7FE1B
:1005E00088B1D4F864126A4604F10C0000F000FCF3
:1005F0004FF002084FF0250A002808DA86F800803C
:1006000085F800A00DE0012030701F2008E0E08890
:1006100057280BD0A068401C08D086F800803220F4
:10062000287000200DF5187DBDE8F087D4F8020091
:10063000FFF7BAFE8146E08809214F287CD009DC0B
:1006400002AB1C284BD0242876D04B2874D04D28E0
:1006500008D138E0512826D0542852D0552805D04A
:100660006F2869D086F80080202068E09DF802009D
:1006700009281CD1DDF80300012807D0DDF80300AC
:1006800020B186F8008085F800A059E09DF80300AD
:1006900008F058FF034609F0FF0294F86812092099
:1006A000DEF745F92BE09DF80200012803D086F81B
:1006B0000080297044E09DF8032009F0FF01092023
:1006C000DEF7FBFB1BE09DF8020007280BD109F0C9
:1006D000FF0294F868120920DEF72BFC0FE09DF86A
:1006E0000200072804D084F8698284F86A1227E09F
:1006F00009F0FF0294F868120920DEF7A9F8012733
:100700001EE004F26A235A1E0921684603F096FC93
:10071000070015D0DDF80300022807D29DF803106A
:10072000D4F80200DFF79CF80AE005E084F869825B
:10073000002784F86AA203E086F800802820287049
:1007400038466FE788450508210300606C240020C7
:100750006C26002000007F4308B1F94B036011B103
:10076000F7482C300860002A02D0F548001F1060BE
:100770007047412801D20120704700207047F1489E
:1007800000787047F049085C401C7047EF49084406
:1007900010F8010C7047F8B500218DF800100C46D8
:1007A000C0B26946EBF77AFA9DF800100420DEF734
:1007B000EEFD08F003FFC5B29DF80000402815D2F9
:1007C000E34EE1B29DF800200420DDF765FCB04265
:1007D00009D0E1B29DF800200420DDF75DFC08F0AF
:1007E000EDFEC5B202E0641C102CEAD32846F8BD29
:1007F0002DE9F041C5B2002429460420DEF7C7FDEB
:1008000008F0DCFEC6B2402D13D2D14FE1B22A4629
:100810000420DDF741FCB84208D0E1B22A460420AA
:10082000DDF73AFC08F0CAFEC6B202E0641C102CE8
:10083000ECD33046BDE8F08110B50C4603460022EB
:10084000FFF7A4FF402B08D2C1B20420DDF7BAF9AC
:100850000146204605F0F6FC0246104610BD2DE983
:10086000FF4FADF51B7D0746DDE9A8A9002498469A
:1008700026460846FFF78AFF05469D984FF0FF3B46
:10088000512859D010DC2E287ED006DC04287CD0DC
:100890001C2827D0242815D14CE04B2817D04D28F0
:1008A0001BD04F280ED123E068286FD006DC5428D7
:1008B0004ED055281ED0572804D14EE06F281DD0A9
:1008C000752875D002208AF800002021A6E02A466B
:1008D0000421384601F0E1F88EE0E9B20420DDF7AA
:1008E00071F903E0E9B20420DDF7C6F80146A5E09E
:1008F00004217EE02846FFF77BFF2CE096A805F058
:10090000E3FB0022114696A805F0E7FB0022012137
:1009100096A805F0E2FB0122022196A805F0DDFB76
:100920000122032196A805F0D8FB96A9384601F0CC
:1009300043F861E000215CE0E9B20420DDF73AFB16
:1009400008B1012100E00021384600F06CFF53E0BF
:100950002846DEF741FF01464BE0B8F1000F16D004
:10096000B8F1FF3F18D0B8F1100F53D8A8F1010427
:10097000EAB2E1B20420DDF78FFB7549884230D13D
:10098000384600F084FF37E057E054E04EE0102195
:10099000384601F012FA2FE0EAB2F1B20420DDF796
:1009A0007BFB6B49884204D1381900F070FF0BE0E3
:1009B0004CE0EAB2F1B20420DDF76EFB08F0FEFD78
:1009C000C1B2381901F02AFA0444B4F5167F03DAEB
:1009D000761C102EE0D310E005218AF800101221B9
:1009E0001CE0EAB2E1B20420DDF756FB08F0E6FDB8
:1009F000C1B2384601F012FA0446002C11DB9D9872
:100A000057280ED0B8F1FF3F0BD002208AF8000023
:100A1000322103E002208AF800002A2189F8001020
:100A20005C460DF51F7D2046BDE8F08FE9B204203D
:100A3000DEF7ADFCDAE747A100E047A1684605F024
:100A400001FC6946384601F0E5F8D5E7E9B2042033
:100A5000DDF75AF97FE72DE9F043ADF5197D04463E
:100A6000D0F8641200256A460C3000F0C1F9022764
:100A70004FF02509002804DA84F8697284F86A9234
:100A80000AE0E08857280CD0A068401C09D084F800
:100A90006972322084F86A0200200DF5197DBDE8E4
:100AA000F083D4F80200FFF771FE0646E08804F2F6
:100AB0006A2328215A1E4FF0090C512879D011DCE5
:100AC00002AB2E2869D006DC042866D01C286ED024
:100AD000242817D161E04B285FD04D2876D04F28CD
:100AE00010D15AE0672858D006DC542879D0552810
:100AF0000FD0572806D150E0682873D06F284CD00B
:100B000075287CD084F86972202084F86A0228460F
:100B1000C3E79DF80200092820D00021684603F0B1
:100B20008DFA0500F3D094F86802A0B3102832D8EB
:100B3000401EC1B2064BF2B20420DDF7F8FEE6E734
:100B4000B04505088C220020AC230020AC250020F5
:100B500000007F436F6E00006F66660094F8688245
:100B6000B8F1000F1ED0B8F1100F1BD8B8F1060F66
:100B700013D0DDF80300012814D89DF80300A8F174
:100B8000010808F0DFFC0346F2B208F0FF01042080
:100B9000DDF7CDFE52E064E00BE084F8697284F882
:100BA0006A12B4E784F8697284F86A92AFE71BE0CE
:100BB0000CE00121684603F041FA0500A7D09DF83A
:100BC0000320F1B20420DEF778F9A0E79DF80200D7
:100BD000072825D1F2B294F868120420DEF7A9F9AB
:100BE0002CE02DE018E00AE09DF80200072817D15C
:100BF000F2B294F868120420DDF72AFE1EE09DF898
:100C0000020009280CD19DF80330F2B294F8681262
:100C10000420DDF772FD11E09DF80200092804D0E0
:100C200084F8697284F86AC271E7DDF8030008F09D
:100C300089FC0246F1B20420DEF73AFB012566E7A3
:100C40000921684603F0FAF90500AAD0DDF803008F
:100C5000022806D29DF80310D4F80200DEF7D0FD7A
:100C600055E700259EE7000030B404460020002927
:100C70000FD0002C0DD08A780D2A0AD2DFE802F0BE
:100C8000070B10161C22292E33383E4348002270D1
:100C9000012030BC7047C978204630BC00F0C3BD8D
:100CA000D1F80310204630BC01F087B8D1F803100A
:100CB000204630BC01F02DB9D1F80310204630BCDD
:100CC00001F059B951F8032F20464B6830BC01F0B0
:100CD00070B9204630BCC91C00F004BF204630BCAF
:100CE000C91C00F097BF204630BCC91C00F064BE90
:100CF000D1F80310204630BC01F090B8204630BC3B
:100D0000C91C01F0F3B9204630BCC91C01F07DB903
:100D1000D1F80520B1F80310204630BC00F0BDBE6C
:100D20002DE9FC411C4617460D46002698B394B3A6
:100D30000D2D52D2DFE805F051070C11161B2025AE
:100D40002A30353A4000104600F09BFDE0704CE040
:100D5000E21C394600F0C5FF2CE0E21C394601F0E8
:100D600087F827E0E21C394601F0D1FA22E0E21CC4
:100D7000394601F013FB1DE0E21C394600F0F3FE9A
:100D800018E0E21C394600F07CFF13E0E21C394613
:100D900000F0A6FD0EE021E0E21C394601F01BF850
:100DA00008E0E21C394601F0C9F903E0E21C3946CB
:100DB00001F051F9064610E00021ADF80010019154
:100DC00001AB6A46394600F02EFE0646BDF800002B
:100DD000A4F803000198C4F8050036B92DB1012D1F
:100DE00003D0062D01D01020A0703046BDE8FC8154
:100DF0002DE9FC414FF000061446050037468DF8FA
:100E0000006001961CD0DCB12878000718D4277048
:100E100001AA6946284600F031FC78B19DF800101F
:100E20000646A170A8192346019AFFF779FFA17819
:100E3000102901D0064401E04FF0FF36C4F85A7281
:100E40003046D3E72DE9FC410027FA4D14468DF8D2
:100E500000703E46019708B185E8830054B3696885
:100E600041B32A68A868135C1B0723D41044277079
:100E700001AB6A4600F03BFCD0B1A9680A18AA6031
:100E80006968081A68609DF80010012902D0019B6A
:100E900083420DD8A170286823461044019AFFF7B9
:100EA0003FFFA9680144A9606968081A01266860C3
:100EB000C4F85A72304699E703004FF000000BD097
:100EC0000D2909D2DFE801F008080707070707071F
:100ED000070707070700104670477CB54FF000046E
:100EE00005008DF80440009410D0287800070DD438
:100EF0006A4601A9284600F0C1FB38B1044628190A
:100F00009DF80410009AFFF7D7FF044420467CBDEB
:100F100030B404460020002A57D0002C55D09378D6
:100F20000D2B52D2DFE803F0070B10161C222A2FDC
:100F300034393F444900204630BC00F0ACBCD27884
:100F4000204630BC00F075BCD2F80320204630BCEF
:100F500000F017BFD2F80320204630BC00F0E7BFF6
:100F6000D2F80320204630BC01F015B852F8030F28
:100F700053680246204630BC01F02CB8204630BCF5
:100F8000D21C00F0CEBD204630BCD21C00F05DBEAD
:100F9000204630BCD21C00F022BDD2F803202046EF
:100FA00030BC00F049BF204630BCD21C01F0ACB8C8
:100FB000204630BCD21C01F036B8D2F80530B2F869
:100FC0000320204630BC00F057BD62E602461020E8
:100FD000982A45D019DC352A3AD00ADC022A26D0D4
:100FE000262A21D101292DD002291DD003291BD168
:100FF00019E0662A2CD0842A16D119B3012923D0EE
:10100000022910D003290FD11CE0D32A23D0D42ADF
:1010100003D0D62A01D0DA2A06D121B1012902D083
:10102000022901D101E002207047042070470929FC
:10103000FCD2DFE801F0070709060506060B0B00E6
:10104000F4E7F0E70C207047092070470120704753
:101050000029FCD1F6E70029F4D00129F7D1F1E706
:101060000529F4D2DFE801F0060605040300DCE7F9
:10107000D9E7EBE7EBE770B50C0003464FF000054E
:101080000FD073B161781046FFF7A0FF102805D28A
:10109000617822461846FFF73BFF05460020C4F85A
:1010A0005A02284670BD2DE9FC414FF000040600AD
:1010B000984615460F4620468DF80040019432D0E0
:1010C00065B3317809072ED501212970C5F85A0278
:1010D00001AA6946304600F0D1FA040023D0BC4290
:1010E00005D89DF80010304600F088FB10B1012CA7
:1010F00018D018E09DF8001069704046FFF766FFB1
:10110000A870102807D2264401462B463046019A83
:10111000FFF706FE01E0019808B1044403E04FF038
:10112000FF3400E00024204660E67CB54FF0000468
:10113000164605008DF80040019418D02878000765
:1011400015D501AA6946284600F098FA78B10446F8
:101150009DF800103046FFF739FF0146102804D2F1
:101160002819019AFFF7A8FE00E0019804442046E0
:101170007CBD0346002000290AD0002B08D0087847
:1011800020B148780A4601461846C1E618466BE584
:10119000704770B50C4605004FF0010647D094B378
:1011A000A078A870A0780D283CD2DFE800F03C07BA
:1011B0000A0A0A0F181D220A272D3200E078E8706B
:1011C00031E0D4F80300C5F803002CE0D4F80300A4
:1011D000D4F80710C5F80300C5F8071023E0E11C98
:1011E000E81C05F0BCF91EE0E11CE81C05F04CF819
:1011F00019E0E11CE81C04F0C6FF14E0E11CE81C47
:1012000005F0B5FB0FE012E0E11CE81C05F0BCFBAB
:1012100009E0B4F80300A5F80300D4F80500C5F808
:10122000050000E00026D4F85A02C5F85A023046FC
:1012300070BD0000240300602DE9FC5F0027064616
:101240008DF8007001970078934600F007008846FB
:10125000062840D1304601AA694600F00FFA9DF8F1
:101260000090044601254FF0FF3A305D00F0070181
:1012700006290CD0C143490714D00007A8EB04018C
:1012800006EB04001AD55A46FFF74FFF18E0301955
:1012900001AA694600F0F2F99DF800204A450FD1F5
:1012A0006D1C09E0301901AA694600F0E7F99DF8C4
:1012B00000204A4504D16D1EEDB201E0FFF70DFE9E
:1012C000044415B1002802DD0744444501D95746BE
:1012D00001E0002DC9D13846BDE8FC9FF0B58DB0C6
:1012E0004FF0000614000F460296354603967BD059
:1012F000102879D20125A0700D2810D2DFE800F067
:1013000095073A121A212A2F353A40638C000022A1
:101310001146384607F040FE10B10120E07084E02D
:10132000E67082E000221146384607F035FEC4F828
:1013300003007AE0002138460BF0F2F808F09DF93E
:10134000F5E7002138460BF0EBF8C4F80300C4F8C9
:1013500007106AE03946E01C05F0D9F803E0394689
:10136000E01C04F06FFF05465FE00025E01C04F080
:10137000ABFE5AE000221146384607F045FED6E79C
:101380000BA909A8CDE9000108AB07AA2DA1384691
:1013900007F040FD032802D004280AD044E0099851
:1013A000C3B20898C2B2079881B2E01C05F0CDF92B
:1013B0003BE00798A4F80300089860710998A071B1
:1013C0000B98E07131E00AA906A8CDE9000105AB50
:1013D00004AA20A1384607F01DFD042805D00328E3
:1013E0000CD0022811D01FE021E00498E07005988D
:1013F0002071069860710A98A07116E00498E07058
:10140000059820710698607104E00498E0700598D2
:1014100020716671A67108E003AB02AA11A13846DB
:1014200007F0F8FC022805D00025C4F85A620DB078
:101430002846F0BD0298A4F803000398C4F80500FC
:10144000F3E700002534642F2533642F2533643AF5
:10145000253364002533643A2533643A2533642EFA
:10146000253364002534643A2537640002460020A1
:10147000022A1ADB042A01DA102016E0082A01DA0F
:10148000202012E0102A01DA30200EE0202A01DAB2
:1014900040200AE0402A02DA4FF0500005E002D175
:1014A0004FF0600001E04FF07000322903DD802929
:1014B00002DC40F001007047CE2902DC40F002005F
:1014C0007047B1F5F07F02DC40F003007047B1F5E2
:1014D000806F02DC40F00400704740F2C452914239
:1014E000FADC40F005007047014601F0F0010020F1
:1014F0000911082906D2DFE801F0050406080A0CE4
:101500000E100220704704207047082070471020FA
:1015100070472020704740207047412070470146A7
:10152000002001F00F01062905D2DFE801F00305D4
:1015300007090C0F3220704780207047CE2070477B
:101540004FF4F07070474FF48060704740F2C45021
:10155000704770B50124002505700AB10822027099
:1015600002780E2903D842EA0111017004E042F02A
:10157000F0020270417002240178042B02D8194352
:1015800001701AE041F005010170FD2B02D80355EE
:10159000641C12E0B3F5803F07D2FE210155641CA4
:1015A00099B2204400F008FE06E0FF210155641CBA
:1015B0002044194600F022FE0444204670BD082352
:1015C000012203700E2903D843EA0111017003E0E0
:1015D000F822027041700222017841F00601017088
:1015E000104670470823012203700E2903D843EAEE
:1015F0000111017003E0F8220270417002220178AB
:1016000041F0070101701046704710B503460120F4
:101610001A780F24B4EB121F04D109B1587808705E
:10162000022010BD0029FCD012090A7010BD03462B
:1016300010B5002000290AD018780F24B4EB101F31
:1016400006D1022904D30AB158781070022010BDC7
:101650000AB100091070012010BD007800F00700E9
:10166000062801D000207047012070470078C04351
:10167000400701D000207047012070477CB5144618
:101680000546FFF7C2FF2A7802F00701052903D0BB
:10169000002306291FD021E0295CFF2905D0FE295F
:1016A0000DD004B12160401C7CBD461CA81901A9C5
:1016B00000F0ADFD3044002CF6D0019909E0461C45
:1016C000A819694600F07DFD3044002CECD0BDF82F
:1016D000001021607CBD0CB123607CBDD243520759
:1016E00002D0002CF5D17CBD002CF5D17CBDF8B525
:1016F0001C460E460546FFF79AFF002814DD2B789E
:10170000311A03F00702052A03D00021062A27D048
:1017100029E02A5CFF2A08D0FE2A12D01ED2E9B1A5
:1017200004B1226000F10100F8BD052916D3461C62
:10173000A819694600F06BFD3044002CF4D00099E4
:101740000FE003290AD3461CA819694600F039FDA9
:101750003044002CE8D0BDF8001002E00020F8BDB5
:101760000CB12160F8BDDB435B0703D0002CF9D03E
:101770002260F8BD002CF4D1F8BD38B50D4600222A
:1017800004468DF800206946FFF73FFF20780007E8
:1017900005D59DF80000A84201D1012038BD0020E8
:1017A00038BD78B5054600200E468DF80000144679
:1017B00069462846FFF729FF20602878000705D5ED
:1017C0009DF80000B04201D1012078BD002078BD15
:1017D00038B50D46002204468DF800206946FFF713
:1017E00014FF207800F00700062805D19DF80000BE
:1017F000A84201D1012038BD002038BD38B50D46C2
:10180000002204468DF800206946FFF7FEFE20788E
:10181000C043400705D19DF80000A84201D1012036
:1018200038BD002038BD002301B101230022012171
:101830008FE670B51446012305461A46FFF789FE68
:101840002C54401C70BD014600200978002900D0AE
:101850000120704778B51546002604466A46009672
:10186000FFF79FFF50B10098205C10B10120287055
:1018700000E02E700098401C009078BD4FF0FF30C3
:10188000FAE701004FF0000000D00120704700236C
:101890001A4619465DE6002301225AE60146002059
:1018A000CA0700D080208A0701D540F040004A07CF
:1018B00001D540F020000A0701D540F01000CA060B
:1018C00001D540F008008A0601D540F004004A0620
:1018D00001D540F00200090601D540F00100704733
:1018E0002DE9F041074600250E4690462C4610464D
:1018F00004F0EAFBBEB1761E0F2E14D8012509E0D4
:10190000785D6D1CFFF7CAFF0246E1B2404604F065
:1019100023FC641CB442F3D33878F1B200F0070220
:10192000404604F023FC2846BDE8F08177B581B03D
:10193000164604469DF80810FFF71FFF68B12046C1
:101940006A4602A9FFF79AFE0546601932460099D9
:10195000FFF7C6FF284404B070BD4FF0FF30FAE730
:101960002DE9F041064688460025084604F0DFFBD5
:1019700080B1404604F0DDFB0746404604F0D7FB4B
:10198000C7F1010100EBC100C0B2C0F10800307026
:1019900001240DE00020307001240BE02946404670
:1019A00004F0D1FBFFF77AFF6D1C3055EDB2641CDB
:1019B000BD42F3D32046B7E770B506460D4608464C
:1019C00004F0B7FB431C002208213046FFF7C1FD9D
:1019D000044630192946FFF7C3FF204470BD70B597
:1019E00006460C461546104604F0A3FB431C012294
:1019F00021463046FFF7ADFD044630192946FFF772
:101A0000AFFF204470BD38B50C460021009115464B
:101A1000694600F0FCFB0099890D21800099C1F313
:101A20001501296038BD30B41446042902D030BCF9
:101A300000207047214630BC1A46E4E7F8B504465A
:101A40000020164600901D4620466A46FFF7A9FE74
:101A500040B100982A4620443146FFF7D4FF009950
:101A6000084401E04FF0FF300090F8BD0B461146EE
:101A700063F39F5100F0C2BB2DE9F0411D461646AD
:101A8000074604230122FFF764FD044638192A465D
:101A90003146FFF7EBFF204446E770B50446401C93
:101AA000FFF7E4FF0546034600220C212046FFF71E
:101AB00050FD284470BD2DE9F0414FF00005064669
:101AC0000F002C460CD0084604F03DFD0546384674
:101AD00004F03FFD02E0015D3155641CAC42FADBCD
:101AE000284621E770B506460D004FF0000015D0DE
:101AF000084604F028FD0346002206213046FFF781
:101B000028FD0446284604F01EFD2044B0F5167F4B
:101B100005D230192946FFF7CEFF204470BD0020C2
:101B200070BD70B505000C4616464FF0000017D08A
:101B3000002E15D0104604F006FD03460122214672
:101B40002846FFF706FD0446304604F0FCFC20441E
:101B5000B0F5167F05D228193146FFF7ACFF2044B7
:101B600070BD002070BD70B513460D460A46014693
:101B70000024184604F0A6FC00B12C46204670BD97
:101B800077B581B0054600200090164628469DF89E
:101B90000810FFF7F2FD70B128466A4602A9FFF768
:101BA0006DFD044629193046009A04F08BFC20B1E3
:101BB0000098044401E04FF0FF342046CBE670B5B6
:101BC0000400049D05F101000BD0884209D8227061
:101BD000002103E05A5C6618491C7270A942F9D3CF
:101BE00070BD002070BDF8B506460F46084604F0EB
:101BF00039FB0546384604F03BFB0446384604F002
:101C00003DFB024623464FF4167130460095FFF720
:101C1000D6FFF8BD2DE9F04107460E46084604F010
:101C200021FB451C2B46002207213846FFF791FC7B
:101C300004462844B0F5167F05DA38193146FFF717
:101C4000D2FF204470E600206EE62DE9F041074601
:101C50000C461646104604F005FB451C2B46012297
:101C600021463846FFF775FC04462844B0F5167F38
:101C700005DA38193146FFF7B6FF204454E6002054
:101C800052E670B50C4616460178421C0025631ECC
:101C9000304604F0AFFA00B12546284670BD77B54E
:101CA00081B0054600200090164628469DF8081091
:101CB000FFF763FD88B128466A4602A9FFF7DEFCFC
:101CC0000446009B2A19295D3046521C5B1E04F015
:101CD00091FA20B10098044401E04FF0FF3420460F
:101CE00039E638B50C464FF000011500ADF800108C
:101CF00008D0012C08D0022C09D0032C0ED0042CC3
:101D000010D01160204638BD00781060FAE76946AF
:101D100000F057FABDF800002860F3E7114600F024
:101D200060FAEFE7114600F072FAEBE777B581B0A1
:101D3000164604469DF80810FFF71FFD60B12046C7
:101D40006A4602A9FFF79AFC0546601932460099D7
:101D5000FFF7C7FF2844FEE54FF0FF30FBE5FF2902
:101D600002D8017001207047B1F5803F02D289B2DC
:101D700000F022BAB1F1807F01D200F02BBA00F05E
:101D80003DBA70B514460646FF2A01D801230AE081
:101D9000B4F5803F01D2022305E0B4F1807F01D287
:101DA000032300E004230122FFF7D3FB054670194B
:101DB0002146FFF7D4FF284470BD70B50446401C8F
:101DC000FFF7CDFF05460346002202212046FFF71C
:101DD000C0FB284470BD38B51446002200926A4604
:101DE000FFF77FFF002C01D00099216038BD7CB542
:101DF00016460446FFF7C1FC60B120466A4601A9B9
:101E0000FFF73CFC0546601932460099FFF7E3FFF7
:101E100028447CBD4FF0FF307CBDA0E770B5044680
:101E2000401CFFF7FAFF0546034600220921204621
:101E3000FFF78FFB284470BD70B514460646FF2A95
:101E400001D801230AE0B4F5803F01D2022305E066
:101E5000B4F1807F01D2032300E004230122FFF7C5
:101E600078FB054670192146FFF7D7FF284470BD5F
:101E700010B50C464AB1012C09D0022C0BD0032C12
:101E80000DD0042C0FD000201060204610BD11464C
:101E900000F0D1F9F9E7114600F0E0F9F5E7114655
:101EA00000F0F4F9F1E7114600F00FFAEDE777B52D
:101EB00081B0164604469DF80810FFF75EFC60B13D
:101EC00020466A4602A9FFF7D9FB0546601932464B
:101ED0000099FFF7CDFF28443DE54FF0FF303AE58C
:101EE00001F18002FF2A02D849B200F0A1B901F540
:101EF0000042B2F5803F02D209B200F0AAB9AD4A61
:101F00006FF07F430A449A4201D200F0B8B900F062
:101F1000D3B970B50446401CFFF7E2FF05460346FF
:101F2000002203212046FFF714FB284470BD70B542
:101F3000064602F180001446FF2801D801230FE075
:101F400004F50040B0F5803F01D2022308E0994833
:101F50006FF07F422044904201D2032300E004232B
:101F600001223046FFF7F5FA054670192146FFF7C2
:101F7000B7FF284470BD70B50A460446411C1046A0
:101F800000F0E6F905460346002204212046FFF74B
:101F9000E0FA284470BD70B51546064604230122B8
:101FA000FFF7D7FA04463119284600F0D1F920444A
:101FB00070BD70B515460446821C1946284600F0CF
:101FC000FAF905460346002205212046FFF7C1FA2B
:101FD000284470BD2DE9F04115461E4607460823EA
:101FE0000122FFF7B6FA04463A192846314600F0B6
:101FF000E2F9204498E40A7802704A7842708A78BC
:102000008270C978C1700420704770B50446401CC6
:10201000FFF7F1FF0546034600220B212046FFF79C
:1020200098FA284470BD70B5144605460423012271
:10203000FFF78FFA0346E8182146FFF7DCFF184444
:1020400070BD02780A7042784A7082788A70C078CF
:10205000C870042070470B46042906D00021117077
:10206000D17051709170184670471146E9E738B544
:102070000D4604466946FFF7C8FA9DF800000B2894
:1020800002D04FF0FF3038BD601C2946FFF7D9FF62
:10209000401C38BD38B50446002015460090204647
:1020A0006A46FFF77EFB38B1009829462044FFF7C7
:1020B000C8FF0099084401E04FF0FF30009038BDA0
:1020C0000A8840F26C739A4202D3A2F26C7201E069
:1020D000FF2A08D802708A784270CA78827009791B
:1020E000C170042070474FF0FF30704770B5044650
:1020F000401CFFF7E5FF0546034600220A21204663
:10210000FFF727FA284470BD70B51546064604232C
:102110000122FFF71EFA044630192946FFF7D0FFC7
:10212000204470BD027802F26C720A8042788A7094
:102130008278CA70C0780871042070470B46042961
:1021400006D00021D170917011711180184670472E
:102150001146E7E738B50D4604466946FFF755FADC
:102160009DF800000A2802D04FF0FF3038BD601CF7
:102170002946FFF7D7FF401C38BD38B5044600207C
:102180001546009020466A46FFF70BFB38B10098D1
:1021900029462044FFF7C6FF0099084401E04FF0AC
:1021A000FF30009038BD20230370417082700320FF
:1021B00070470000FFFF7F000A0A02704170022092
:1021C000704729B1027812020A80407802430A80DF
:1021D000022070470A0C02700A0A427081700320C4
:1021E000704749B1027812040A60437842EA032238
:1021F0000A60807802430A60032070470A0E02706A
:102200000A0C42700A0A8270C1700420704769B1DA
:10221000027812060A60437842EA03420A60837831
:1022200042EA03220A60C07802430A600420704731
:1022300001700120704751B10278120602D56FF08B
:10224000FF0200E000220A60007802430A600120D9
:1022500070470A0A027041700220704769B1027823
:10226000120601D5214A00E000220A60037842EA02
:1022700003220A60407802430A60022070470A0C79
:1022800002700A0A427081700320704791B102788F
:10229000120602D54FF07F4200E000220A60037868
:1022A00042EA03420A60437842EA03220A608078E5
:1022B00002430A60032070470A0E02700A0C427043
:1022C0000A0A8270C1700420704769B10278120650
:1022D0000A60437842EA03420A60837842EA0322B2
:1022E0000A60C07802430A60042070470000FFFFC4
:1022F000C37863F30702837863F30F22437800788F
:1023000063F3174260F31F6204200A6070470429D8
:1023100003D000230846136070471146E8E777B5FD
:1023200081B0164604469DF80810FFF726FA60B102
:1023300020466A4602A9FFF7A1F905466019314611
:10234000FFF7D6FF284404B070BD4FF0FF30FAE726
:10235000020E0A70020C4A70020A8A70C8700420C9
:10236000704710B5047864F30702447864F30F22D1
:10237000847864F31742C47864F31F62047964F3C9
:102380000703447964F30F238479C07964F3174316
:1023900060F31F63C1E90023082010BD10B40C4690
:1023A000082905D00021C2E90011204610BC704761
:1023B00010BC1146D5E71070030A5370030C9370DC
:1023C000000ED0701171080A5071080C9071080E3F
:1023D000D0710820704777B581B0164604469DF845
:1023E0000810FFF7CAF958B120466A4602A9FFF75C
:1023F00045F9054660193146FFF7B3FF2844A2E7C7
:102400004FF0FF309FE700280CD000290AD04A681F
:10241000C0F801204988A0F80510062101700021AC
:10242000018181727047414081EA410080EA810068
:1024300080EAC10080EA011080EA411080EA811040
:1024400080EAC11101F0FE00C1F30021484070474D
:10245000CAB24240080A80EA022080EAC20080EA4A
:10246000023080EA121102F00F00414081EAC010F0
:1024700080B2704738B50546049C002044B1012C59
:102480000CD0022C0FD128460094DDF776FC09E031
:1024900000200090284601F07EF903E028460094D1
:1024A000DDF794FC80B238BD30B40446029B0020B6
:1024B0002BB1012B08D1204630BCDDF7F6BC2046FD
:1024C00030BC002301F083B930BC704729B1012929
:1024D00001D0022903D1DDF77BBD01F0DEB97047E1
:1024E00029B1012901D0022903D1DDF74ABD01F04C
:1024F000C4B97047F849002008707047F648406832
:10250000704701460120B1F5800F04D2F24A5160B4
:10251000F24A1160704700207047EF4949688142D4
:1025200001D10120704700207047DCF709BE10B5CB
:10253000FCF77DFE441CFDF730FF0444FCF771FA04
:102540000444FCF7F0FB0444FEF719F90444FDF7DA
:10255000ACFD044401F0C7FF044401F07DFE0444D7
:1025600002F0D3FD044402F0BCFE204410BD2DE96E
:10257000F041002415460E460746012805D10820E3
:102580003060D5480124406828607F1E002C6FD140
:102590007F1EFCF74CFE874205D202203060384691
:1025A000FCF748FE4BE03F1AFDF7F7FE874205D2E5
:1025B000052030603846FDF7F3FE40E03F1AFCF797
:1025C00030FA874205D2002030603846FCF72CFAFA
:1025D00035E03F1AFCF7A7FB874205D201203060A7
:1025E0003846FCF7A3FB2AE03F1AFEF7C8F88742FB
:1025F00005D2042030603846FEF7C4F81FE03F1AC9
:10260000FDF753FD874205D2032030603846FDF7C1
:102610004FFD14E03F1A01F066FF874205D21120FA
:102620003060384601F062FF09E03F1A01F014FE05
:10263000874207D206203060384601F010FE0124A0
:10264000286015E03F1A02F060FD874205D2802025
:102650003060384602F05CFDF1E73F1A02F055FDAC
:10266000874205D213203060384602F038FEE6E794
:102670002046BDE8F08138B5994C6079A179401CBD
:10268000C2B2E378974801F26C7104F05EF8002062
:10269000009023786278A178934804F08EF9607AEC
:1026A00000B10120DCF7D0FDBDE83840DCF7FEBD0D
:1026B00010B50446FFF7DFFF8A49086820600879F3
:1026C000207189480068C4F8050010BD10B5FFF7F7
:1026D000D2FFBDE81040DCF7E5BDDCF7B8BD2DE961
:1026E000FF4FADF51D7D00240646DDE9AAA79A94AB
:1026F0009F987949994625469B944FF0FF3B4D287A
:1027000052D022DC3E2877D010DC1E2875D006DCA3
:102710000B2873D00C285AD01C283CD1F9E02C2867
:1027200053D038286BD0392835D100E1492867D0FB
:1027300006DC3F2875D0402874D046282BD141E0D4
:102740004B282DD04C2826D182E0792833D010DCBC
:1027500062283ED006DC4F2829D0602851D061285D
:1027600019D13AE06B2871D0702822D0782812D184
:1027700025E05E49B0F57A7F69D006DC8B282AD047
:102780009B283DD0D12806D162E0A0F54070E93801
:1027900074D0012873D002208AF8000020208FE036
:1027A0004A680821304665E0DBF731FE05E0082184
:1027B0008DE009788BE0DCF71CFD0146AAE0DCF730
:1027C000BFFCBBE0DCF718FDF7E749A1A2E04AA196
:1027D000A0E00121D6E00C21D4E096A803F074FC1F
:1027E000E8B2FDF727FA0246E9B296A803F075FCB5
:1027F0006D1C282DF4D324E065E084E07EE091E0B8
:102800007FE096A803F060FCE9B2002296A803F0EE
:1028100064FC6D1C332DF7D32F4C4FF480650834C6
:102820000CE089E08CE0D4F8060030B1804720B19C
:102830002178012296A803F050FC36342088A84263
:10284000F1D396A93046FFF7B7F815E03EE07AE0FD
:10285000FFF76DFE8046B9F1000F11D0B9F1FF3FCF
:1028600010D09BAA9AA94846FFF781FE20B3DDE964
:102870009A123046FFF711F9044673E07FE080E0DA
:1028800041467FE0012514E09BAA9AA92846FFF75C
:102890006EFEDDE99A123019FFF7FFF80444204478
:1028A000B0F5167F04DB362038706FF001046DE060
:1028B0006D1C4545E8D955E002208AF800002A2021
:1028C00038705C4662E04FF416715BE003213046DD
:1028D000FFF7A4FAD0E7000030030060AC0000600E
:1028E000D0150060B8200020BE000060EC2A002057
:1028F000302E382E30000000312E30004EF6602190
:1029000040E000213EE04FF416713046FDF77BF8C1
:10291000B2E7FEA1684603F095FC69463046FFF732
:1029200079F9A9E7FD493046FFF7E0FBA4E7FC4948
:102930003046FFF76AFB9FE700F097FF014621E072
:1029400000F097FFFAE788463019B8F8001069439D
:10295000FFF733FA04442044B0F5167FA3DA6D1C68
:10296000052DF1D9002C11DB9F984C280ED0B9F120
:10297000FF3F0BD002208AF800003220A0E74988F0
:1029800000E0C98C3046FFF718FA75E70DF5217D98
:102990002046BDE8F08F70B5ADF5187D0446D0F83F
:1029A000641200256A460C30FEF722FA022325261F
:1029B000002804DA84F8693284F86A620AE0E08860
:1029C0004C280BD0A168491C08D084F86932322009
:1029D00084F86A0200200DF5187D70BD092202A955
:1029E0004D2865D00DDC402831D005DC69463828FB
:1029F00066D0392814D16BE0462851D04B280FD12E
:102A000015E0B0F57A7F10D004DC78283ED0792824
:102A100006D133E0A0F54070E93867D0012865D0D1
:102A200084F86932202084F86A022846D3E79DF8AA
:102A300002000C2850D1BDF80300082819D1DDF898
:102A40000500FFF75EFDA0B19DF805000EE09DF8C2
:102A50000200022840D1DDF80300401EFD2808D8FE
:102A60009DF80340204600F0E6FE2046DDF76FF8B3
:102A700040E084F8693284F86A62D6E79DF8020083
:102A80000728D2D10846DCF7BAFB33E09DF80200F4
:102A90000228CAD1BDF8030080B2DCF7C6FB29E0EA
:102AA0009DF802000728C0D10846DCF7B3FB21E0FF
:102AB0009DF8020007280FD10846DCF7A8FA19E0B4
:102AC0009DF802000A2807D1C81CDCF7C6FB0BE002
:102AD0009DF802000B2804D084F8693284F86A2239
:102AE000A3E7C81CDCF7D0FB05469EE79DF8020073
:102AF00002289AD1012598E72DE9F047044600887D
:102B00000027022528269046894612285DD2DFE854
:102B100000F009370E242E194A5C535C5C5C5C5C47
:102B20005C5C5C40D4F80200FBF775FF19E0D4F858
:102B30000200FCF776FBA8B3424649462046FCF764
:102B4000B3FC41E0D4F80200FDF721FC50B342464B
:102B500049462046FDF738FD36E0D4F80200FDF77F
:102B60009EFAF8B184F8695284F86A622DE0D4F8CC
:102B70000200FDF7FEFDA8B12046FDF76CFF23E043
:102B8000D4F80200FCF7C9F860B12046FCF757FA08
:102B90001AE0D4F8020001F0A0FC18B1204601F0C0
:102BA000F8FD11E011E0D4F8020001F04FFB60B134
:102BB000204601F0DBFB07E0D4F80200FFF7ADFC94
:102BC00018B12046FFF7E7FE07463846BDE8F08714
:102BD0000120704753484068704710B5514A0C4671
:102BE000014652680020914207D1DBF710FC0146F4
:102BF0002046BDE8104003F025BB10BD08B14A4B8C
:102C0000036011B148485C300860002A02D0464891
:102C10007030106070472DE9F04104464FF0FF38E6
:102C2000008800F0B5F805004FF001064FF01F07CF
:102C30000CD0D5F80E1049B1D4F80200884728B15D
:102C40002146284600F0B1F8804601E026756775F8
:102C500040460EE510B50C46014600202060A060FD
:102C60002061084600F094F840B1D0F81E302BB136
:102C700004F1100204F1080120469847206808B1C9
:102C800000F07CF86060A06808B100F077F8E060C0
:102C9000206908B100F072F8606110BD10B500F055
:102CA00077F8002801D0D0F8220010BD70B5154685
:102CB0000E46002400F06CF830B1D0F812201AB1A2
:102CC0002946304690470446204670BD2DE9F04322
:102CD000ADF5197D002690460F4681469696FFF782
:102CE00026FC0546012433E097AA96A92046FFF763
:102CF0003EFC60B3969880B200F04AF838B3D0F842
:102D0000122022B36946979890470FE04261636EA4
:102D100065742050726F647563740000B8200020E1
:102D2000BE00006030030060EC45050878B16946DC
:102D3000484603F0D6FA50B101260FB19698386094
:102D4000B8F1000F06D09799C8F8001002E0641C93
:102D5000AC42C9D90DF5197D3046BDE8F08370B598
:102D60000D46002480B200F013F828B1D0F80E20F0
:102D70002846904700B10124204670BD002110B9BB
:102D800004E0001D491C0268521CFAD10846704735
:102D9000024629484FF4806302E0914204D0363065
:102DA00001889942F9D3002070472DE9FC4105467E
:102DB000CC684FF0FF30E4B10A69D2B1CA8802236F
:102DC00032264B2A17D04F2A2DD0D5F81670002F57
:102DD0000DD00B7501F115034E75581ECDE900039A
:102DE0008B68D5F81650D1F802102046A847BDE8E8
:102DF000FC810020FBE78A68521C02D00B754E75DF
:102E0000F5E70888082802D0D1F8022004E00A4A31
:102E1000083A5268C1F80220014602B02046BDE8D7
:102E2000F041FEF73ABE8A68521CE7D10988204675
:102E3000BDE8FC41FEF7F2BF38030060F74810B56B
:102E4000002101714171C17141728172831D416222
:102E50001A7822F02B021A70F14A1278C272F14AE3
:102E600012784273012202738182017201F043F9E8
:102E7000012010BD70470022FF2911D001230370EB
:102E8000417001214318491C5A700729FADB02815D
:102E9000827200214318491CDA720729FADB704755
:102EA00002704270EDE7F0B5DF4D0446002128784E
:102EB00089B0022815D0012813D0032811D0042886
:102EC0000FD0DA480025012602788AB10570002368
:102ED00005AA6946D64804F051FA80B2267009B0B6
:102EE000F0BDF1F7D5FB21462878E2F757FDF6E76C
:102EF000D04F387850B1F1F7CBFB0022501E3D7017
:102F0000014604F02EFB082002210AE0CA4802789C
:102F10004AB10570C9480021007804F0F3FC0B2089
:102F200007212170DBE7C64F387850B1F1F7B0FBCD
:102F30003D700022C349C44805F076FA267014207B
:102F4000CDE70846CBE72DE9F043ADF5197D88467E
:102F50005521A09D8DF85812FF218DF859121F465A
:102F600091464FF6FF7600248DF85A02FFF75BFA80
:102F7000014640468DF85B82FFF755FA0146484608
:102F80008DF85C92FFF74FFA0146280A8DF85D0232
:102F9000FFF749FA0146E8B28DF85E02FFF743FAFF
:102FA000C0438DF85F023DB90EE0385D3146FFF752
:102FB0004FFA641C0646A4B2AC42F6D3F0438DF837
:102FC0006002000A8DF8610201F080F8012001F032
:102FD00076F8B5B1DDE99601CDE900012A4639461A
:102FE00002A805F0ABFE0DEB0500BDF860120181F3
:102FF0000A35A9B2684601F082F80DF5197DBDE8E1
:10300000F083082196A8F6E72DE9F843834D0024C4
:103010008DF8004028794FF0010805F1280748B1E4
:103020004FF00209012828D0AE1D022860D00328E5
:1030300029D139E101F075F840B101F05CF8287A46
:10304000FF2801D2401C2872BDE8F883514668462B
:1030500001F069F80028F7D001F04DF8287AFF2830
:1030600001D2401C28729DF80000552801D185F836
:10307000048085F804803870E6E701F024F85A28C7
:1030800002D9E5F7ACFB64E101F04BF838B101F08F
:1030900032F8287AFF28F6D2401C287259E15146AE
:1030A000684601F040F80028CED001F024F8287AD4
:1030B000FF2801D2401C28729DF80000FF21FF2844
:1030C00006D0552808D0032809D0192807D00CE0CD
:1030D0006C822970797005E085F80480B4E76C8211
:1030E0002970787085F80490AEE7E5F762FB30E16F
:1030F00000F0E9FF5A2872D801F013F800286FD1C8
:1031000003E0307840F00100CCE05146684601F021
:103110000AF8002898D000F0EEFF287AFF2801D2A4
:10312000401C2872688A60B101282FD04FF0030834
:10313000022838D0032854D004285FD005286CD04A
:10314000FCE029789DF80000FFF76DF928709DF8E4
:1031500000006872397855290CD17978FF2909D196
:10316000072807D900F0C7FF287AFF2801D2401CA2
:1031700028722C719DF80000B8703878FF2802D1B1
:10318000787819286FD0A5F812805DE729789DF826
:103190000000FFF748F928709DF80000E871F8700A
:1031A000A5F8129050E729789DF80000FFF73BF949
:1031B00028701B4C9DF80000A8722178884201D22B
:1031C000F1F76AFAA87A2178884202D1E5F7DBFAAA
:1031D00001E0E5F770F99DF800003871D3E767E08A
:1031E0006EE029789DF80000FFF71DF928709DF822
:1031F00000000102A982787104200CE029789DF872
:103200000000FFF710F92870A98A9DF8000001441A
:10321000A982B8710520688216E717E09022002085
:10322000C40000608E000060C1050060C005006041
:1032300048480020C02200209D210020D2010060CB
:10324000C1220020BE000060B82000209DF80000D0
:10325000F8710621F848EBF752FBF979BA7901EBDE
:103260000221814202D1F0F758F9EDE629789DF864
:103270000000FFF7D8F82870552806D0E5F799FA2E
:10328000307840F00100307001E7A88AF0B3E98A95
:10329000884253D86C824FF6FF7028821CE7307842
:1032A00040F00200307054E000F00DFF5A2804D9BD
:1032B000307840F001003070E3E600F032FF40B1BA
:1032C00000F019FF287AFF28BFF41BAF401C2872BA
:1032D00017E75146684600F026FF00289CD000F012
:1032E0000AFF287AFF2801D2401C2872698AA88A1E
:1032F00081420CD2298A9DF80000FFF7A9F82882A4
:10330000688A6A6A9DF80010115408E01BE008D131
:10331000298A9DF80000FFF79BF82882688A401CE4
:1033200079E7401C8142A0D1298A9DF80000FFF76F
:103330008FF8A0F570412882B83904D0307840F079
:1033400001003070D1E6E879E97A8842A7D0FF28F9
:10335000A5D02C7178E62DE9FC5FB74E0024283EFD
:1033600006F1060BF178707B491C401CB1FBF0F2B2
:1033700000FB1211F27A01F0FF09511CB1FBF0F3CE
:1033800000FB1311C9B20091B178B0464B1CB3FBDE
:10339000F0F500FB1530C0B2019096F805C09BF81F
:1033A00000000025012798F80AE020F004034FF000
:1033B000040ABCF1090F7DD2DFE80CF0051260AD04
:1033C000DEEFEEEDEC00B270F27032203062777119
:1033D00023F0030001248BF8000000F08CFED7E1FD
:1033E00000F071FEB0F5FA7F09D3E5F7F8F9357210
:1033F000062070719BF8000020F00300B2E09BF8FB
:1034000000005F46C10702D0E5F7D3F99EE18107CE
:10341000E5D5717A07292AD2DFE801F0040F2921C6
:1034200029191500F179FF2921D0757020F00600C7
:1034300038700220707101241CE000950023F27A9C
:10344000B17A022011E040F0200038700FE040F027
:1034500020003870F079FF2809D00820DDE0B08A1C
:103460000090F27AB17A0420736AFFF76CFD7079EC
:103470000828B4D0387820F002006AE18DF80450B2
:1034800001A8FFF710FD30839DF8041079B30229DD
:1034900008D10090694BF27AFF210620FFF753FD17
:1034A00086F805A09DF8040007280DD001280BD050
:1034B000032500E06BE1032811D0042818D005286B
:1034C00016D0062814D01CE0308B00905B4BF27AAB
:1034D000FF210620FFF737FD86F805A011E0E2F78F
:1034E00060FC0146308B0090554BF27A05E00CE011
:1034F000308B0090514BF27AF17B0520FFF723FDD2
:1035000075717078401C707042E1307B70700124DE
:1035100086F805A03CE100F0D6FDB0F5937F04D914
:10352000E5F75DF9307B707008E09BF800005A46C3
:10353000C10706D020F001008BF8000086F805A036
:103540009BE08107E0D5F179F37A994206D1717A4F
:1035500004290AD006290BD0072906D077711078E4
:1035600020F002008BF8000087E086F805A0F6E75F
:1035700040F020001070F8E7737896F80CC06345AF
:1035800002D20220707178E0430707D4914205D13E
:1035900000993AE0E3E08CE05EE040E0336A312BF2
:1035A00015D243072448A0F12800006A00F1010069
:1035B00005D5009B994202D075703062E1E7306218
:1035C000002318460095FFF7BEFCF56119E04B4655
:1035D000894519D140070CD50199F17000230120CC
:1035E0000095FFF7B0FCF07AB070C6E907570720E6
:1035F00013E0F270002318460095FFF7A4FCC6E91B
:1036000007573572052008E01946F17000230120A4
:103610000095FFF798FCF56107207071B8E000F0A5
:1036200052FD5F2804D8307A042814D9777124E039
:10363000F06938B1019930E0B822002048480020F4
:10364000055D0020F76100950023F27AB1781846F5
:10365000FFF779FC35729BE0B04602EB82014FF434
:10366000FA7000EB410600F02EFDB04207D298F848
:103670000810042902D988F80570012488E098F818
:103680000B004FF4FF7100EB8000464601EB400752
:1036900000F019FDB8427BD20099F170009500232B
:1036A000F27A0120FFF74FFCF07AB070F5613562D5
:1036B000B2E7800720D5F079904202D1707A0228D3
:1036C00008D0777101249BF8001021F002018BF8DB
:1036D00000105DE08BF8003086F802E035720023C0
:1036E000714618460095FFF72EFCF07AF0703562AF
:1036F0000520F5617071E6E700F0E5FC5F2803D86E
:103700009BF80000C00743D09BF800005F464107CC
:1037100004D5022075707071012417E0B178F27A37
:10372000914209D03572002318460095FFF70BFC33
:103730000520F561707109E0494691450BD0F170A3
:10374000002301200095FFF7FEFBF561387820F09B
:10375000010038701CE040F004003870D9E7000721
:103760000DD5308B0090564BB17B0620FFF7EBFB5D
:103770009BF8001021F008018BF8001005E00023F1
:10378000714607200095FFF7DEFB77719BE77771A5
:103790002046BDE8FC9F70B51C4613460646494DC1
:1037A000049A002072B949782878224661F30410FF
:1037B00028701946424805F0C1FAA81F04837178A1
:1037C00081732046297841F00801297070BD2DE9E8
:1037D000F0413C4C0026A41F0746606A08B96162AC
:1037E000E282384D2878810708D4C00706D1FFF758
:1037F0000BFC2878810701D4C00702D0207918B1CA
:103800000BE020790028F2D12F48E17A007881423C
:1038100003D8FFF7A0FD0028FBD12878810607D543
:1038200020F020002870A68A01203870A07A7870D5
:103830003046BDE8F0812349891F4873704722490B
:103840000978884206D81F49891FC8724A7B90426E
:1038500000D9487370471B48801FC07A7047002802
:1038600002D01849891F087370471648801F007BD3
:1038700070471448801F407B704701220270114A34
:103880000021921FD27A427001810A468172431848
:10389000491CDA720729FADB7047002100280DD095
:1038A00001220270FF2242704FF6FF720281002255
:1038B00082724318491CDA720729FADB704700004C
:1038C00048480020962200208E000060002803D087
:1038D00001684068081A70470020704700B502462A
:1038E000002A05D01046FFF7F1FFD168884201D1C8
:1038F000012000BD002000BD00B502460B46002A95
:1039000008D01046FFF7E2FFD268101A984201D3A0
:10391000012000BD002000BD00B5002804D0FFF745
:10392000D5FF08B1002000BD012000BD002808D04F
:103930004168C268B1FBF2F302FB13118068405C7E
:1039400070470020704700B5024600231046FFF77D
:10395000E3FF50B95068D168B0FBF1F301FB1300ED
:1039600091680B5C5068401C5060184600BD70B5F3
:1039700003460C461846FFF7A9FF904200D91046AF
:10398000824210D902460EE05968DD68B1FBF5F6B7
:1039900005FB16119D68695C5D686D1C5D600CB16E
:1039A00004F8011B401E0028EED1104670BD70B512
:1039B00003460D460024002B06D01846FFF78EFF65
:1039C00020B1002000F074FB204670BD1868DA6852
:1039D000B0FBF2F102FB110099680D541868401C0D
:1039E00018600124F0E7F0B504460D46164600279E
:1039F00031462046FFF780FF90B175B910E020688E
:103A0000E168B0FBF1F201FB1200A26815F8011B9E
:103A100011542068401C2060761E002EEFD1012733
:103A20003846F0BD002801D0016841607047002889
:103A300008D0002906D0002A04D000230360436088
:103A40008160C26070472DE9F04188B00026804651
:103A5000059606A814460F46009003960496ADF806
:103A6000186005AB04AA03A9404603F063F9BDF84A
:103A70001810942917D00025401C28D0DDE9030137
:103A80002246FBF7DEFE21780122F8B2012911D08F
:103A900006291CD1BDF8181094291FD08DE84500C7
:103AA00043462A460FE00D2F01D0FF25E4E798F8A2
:103AB0000C50E1E7BDF8181094290BD0CDE90006B1
:103AC00002966278434621460398E4F73AFC08B030
:103AD000BDE8F0810090CDE90162F2E7CDE9000296
:103AE00043460292DDE710B586B0002101910291B4
:103AF0000391ADF8101004A91446009103AB02AA7B
:103B000001A903F017F9002804DDDDE901012246CF
:103B1000FBF72BFF06B010BD2DE9F04188B00E4633
:103B20000746984615461421684605F020F90020FE
:103B30000590069007903078012827D105AB3A46CA
:103B40006946304603F00FFA04469DF816004FF61A
:103B5000FF7100281AD1002C18DDAC4216DCBDF82C
:103B60000800B0B1884214D0DCF707FABDF808109D
:103B7000884203D19DF80A0006280AD0B8F1010F47
:103B80000FD078782A463146E1F781FF08B0BDE8CA
:103B9000F081281B82B2311943463846FCF70CF9F4
:103BA000F4E729463046E1F732FFEFE72DE9FF4120
:103BB000804608880C461E4617464FF0FF350528FC
:103BC0005BD006DC052810D2DFE800F0677B479B5E
:103BD0008B00112871D004DC06286FD0082804D18E
:103BE0000BE013286BD080286AD0012010701F20B2
:103BF000187004B02846BDE8F081D4F80200A1494D
:103C0000884202D0D4F8020003E0FEF777FCC4F843
:103C10000200FEF782FC0028EBD0E288A2F580705B
:103C2000733808D0CDE90076A368D4F80210404676
:103C3000FEF755FDB4E0002001900290039003AA26
:103C400002A901A8FEF7DAFF03980090DDE901233D
:103C50002146404604F00FFDA2E0D4F80200FBF735
:103C6000E0FA0028C5D0CDE90076A368E288D4F850
:103C700002104046FBF73AFB92E0D4F80200FCF752
:103C800086FB0028B5D0CDE90076A368E288D4F899
:103C900002104046FCF7BEFB82E0D4F80200FAF7BF
:103CA000BAFE0028A5D0CDE90076A368E288D4F852
:103CB00002104046FAF713FF72E032E041E060E0A4
:103CC0004FE0D4F80200FBF728F8002891D0CDE9A6
:103CD0000076A368E288D4F802104046FBF7C9F8E2
:103CE0005EE0D4F80200FCF744FD002881D0CDE965
:103CF0000076A368E288D4F802104046FCF7AFFDD6
:103D00004EE0D4F80200FCF7CAF9002884D0CDE9CF
:103D10000076A368E288D4F802104046FCF73AFA2D
:103D20003EE0D4F8020000F0D8FB00289AD0CDE99C
:103D30000076A368E288D4F80210404600F0ECFB5D
:103D40002EE0D4F8020000F081FA00288AD0CDE9F4
:103D50000076A368E288D4F80210404600F095FA95
:103D60001EE0D4F8020001F0CAF900288AD0CDE99B
:103D70000076A368E288D4F80210404601F0E4F926
:103D80000EE0D4F8020001F0AFFA00288AD0CDE9A5
:103D90000076A368E288D4F80210404601F011FBD7
:103DA000054626E72DE9F04F91B080460120DDF869
:103DB00068A08DF83C001F200F468DF840001E467D
:103DC000934651460AA8FEF78BFB0022114607A82E
:103DD00003F0BAF840F239110AFB01F02A4907ABA7
:103DE00001EB40040AAA5946204603F02AF805468A
:103DF000307810B1F17A60193FE001AA39464046A7
:103E000003F0BBF90028F17A04EB050002DA012384
:103E1000002234E0804601AA03F00EFA814605EB49
:103E20000900204410AB0FAA01A9FFF7BFFE07004D
:103E300009D4E91901EB0900204403F024FA09EB45
:103E4000070108440CE010F1020F14D09DF8400067
:103E50000090F17A40469DF83C300C2202F0D4F8F4
:103E60002B18224607A95846CDF800A0FEF702FB02
:103E700011B0BDE8F08FF17A40460123042202F030
:103E80005DF8EDE7FFFF3F00055D00207CB50022F7
:103E90000092019201AB6A4603F042FD0B4D0124F2
:103EA00048B1401C08D0FEF729FB0099884204DB8A
:103EB000019A904201DC2C707CBDB1F5800FFBD2E1
:103EC000034901988842F6D27CBD0000C00500601D
:103ED000FFFF3F002DE9F0438BB01E460B4601214A
:103EE0008DF804101F2191468DF80810129F594A31
:103EF000194603F0A4FD8046394606A8FEF7F0FAFD
:103F00000022114603A803F01FF840F2391052496D
:103F1000784301EB400403AB06AA4946204602F071
:103F200090FF0546B8F1000F04DC60190123F17A17
:103F3000002205E0307830B1F17A601901230422C3
:103F400001F0FCFF70E04348008805283AD006DC09
:103F500005285FD2DFE800F0222A1C322E0011284B
:103F600020D004DC062833D0082853D104E01328DD
:103F70003AD080284ED12FE002AA01A93548FEF799
:103F8000BBFD2EE0F17A60190F22FEF70CF94BE031
:103F900002AA01A92F48FBF787FA22E02D48FAF779
:103FA00023FE1EE02B4800F0F4FB1AE02948FBF743
:103FB00046F816E02748FCF74EFD12E02548FCF7CE
:103FC0005FF90EE002AA01A92248FCF7FDFA08E019
:103FD000204800F0CBF904E002AA01A91D4801F035
:103FE000FBF80028CED115E002AA01A9194801F07A
:103FF000A4FA28B1F17A60190F22FEF7D4F809E08B
:104000009DF808000090F17A60199DF804300F22A5
:1040100001F0FAFF9DF808000090F17A60199DF810
:1040200004300F2201F0F0FF2B18224603A9484666
:104030000097FEF71FFA0BB0BDE8F08310B50446F9
:104040000120A4788C4204D00221002011700921A3
:10405000197010BDBA4A0020055D0020F0B589B086
:104060001F460E9E1546314604A8FEF739FA002277
:10407000114601A802F068FF01AB04AA29460B48CB
:1040800002F0DFFE044640F23910084A604302EBBA
:104090004000F97A092203F039F82318034A01A9EC
:1040A00028460096FEF7E6F909B0F0BD055D002050
:1040B00025494FF4007201F50070FFF7B8BC00B15C
:1040C0000120D9F7D5BC21480088704710B5EFF71B
:1040D00021FA052809D0062809D0072809D002208E
:1040E0001A490A888242FCD310BD0620F8E7042052
:1040F000F6E70320F4E7154900200880704770B503
:104100000C460546EEF7EDFC401C06D0EEF7E9FC48
:10411000024621462846EAF709FC0C49002008809F
:1041200070BD0020704770B5054600240848FFF7B1
:10413000F3FB28B91DB10648FFF705FC28700124E0
:10414000204670BD70470000284D0020C205006069
:10415000284F00202DE9F0418AB00F4680461546D1
:10416000114604A8FEF7BCF90022114601A802F08E
:10417000EBFE40F239103049684301EB400401ABDB
:1041800004AA4146204602F05CFE2C490646A019CE
:104190003A460978E3F711FA3318224601A9404656
:1041A0000095FEF767F90AB0BDE8F0812DE9F04708
:1041B0008AB0894682461646114604A8FEF790F951
:1041C0000022012101A802F0BFFE40F23910DFF801
:1041D0006880704308EB400401AB04AA51462046B6
:1041E00002F02FFE074603F03CFA050001D103F070
:1041F000BFF92946E0194A46E3F7D9F807445EB902
:104200000F483A46017821F00801017041460D48F7
:1042100004F094FD0C48077022463B4601A9504625
:104220000096FEF727F9002803DD28460AB0BDE80E
:10423000F0876FF00100F9E7055D0020A320002062
:104240009622002048480020AE200020052801D2F8
:104250000120704700207047974800787047401C45
:104260007047401E704710B50C46014600204A1E9C
:10427000042909D2D1B20620D9F7A4FC0146204670
:10428000BDE8104001F0DEBF10BD2DE9FF4FADF5D8
:104290001B7D491EDDE9A898002407460D464FF016
:1042A000020A4FF0FF3B4D2A14D006DC172A35D006
:1042B0001C2A16D04B2A04D107E04F2A1ED0552ABB
:1042C00020D089F800A0202148E00A460621FDF709
:1042D000E4FB04E0C9B20620D9F774FC05E004460B
:1042E00034E0C9B20620D9F7C7FB0146684601F0A1
:1042F000A9FF69463846FDF78DFCF0E70621FDF77A
:104300008DFDECE7CAB200210620D9F7C5FE05F005
:1043100055F901463846FDF750FDE0E7002610E06C
:10432000E9B2324698A8DAF7B7F9DDE99801CDE9A4
:104330009601381996AA0021FDF7E6FE761C044482
:10434000F6B2E8B2DAF745F9B042E9D8002C08DB5A
:104350009E98401C05D089F800A0322188F80010F2
:104360005C460DF51F7D2046BDE8F08F2DE9F0413C
:104370000446007B0026ADF51A7D00074FF00207CA
:104380001CD4D4F864126A4604F10C00FCF730FD2A
:10439000002803DA84F86972252008E0E088822882
:1043A0000CD0A068401C09D084F86972322084F8CF
:1043B0006A0200200DF51A7DBDE8F081D4F80250A4
:1043C000E08809216D1E4F280ED009DC172822D065
:1043D00002AB1C2847D0242806D04D2804D137E052
:1043E00051284BD0552806D084F86972202084F8D3
:1043F0006A023046DEE79DF80200042842D19DF8AB
:10440000030005F09FF80346EAB294F8681206200C
:10441000DAF78DFA41E0D4F86402052190FBF1F05F
:1044200000F0FF080027E8B2DAF7F0F800260CE009
:10443000E01998A90D30FDF775FEDDE99812E8B294
:10444000DAF725FE761CF6B27F1D4645F0D324E050
:104450009DF80200072815D1EAB294F868120620E8
:10446000DAF767FD19E09DF8020007280AD1EAB2E1
:1044700094F868120620DAF7EBF90EE09DF80200D6
:10448000012804D084F8697284F86A12B1E79DF8B3
:104490000320E9B20620DAF710FD0126A9E708B1EA
:1044A000064B036011B1054808380860002A02D0A5
:1044B0000248001F10607047C4050060744605087C
:1044C00008B1FC4B036011B1FA4808380860002AB3
:1044D00002D0F8480C3810607047092801D201203A
:1044E000704700207047F44800787047401C7047C0
:1044F000401E704710B50C46014600204A1E082990
:1045000009D2D1B20520D9F75DFB01462046BDE8AE
:10451000104001F097BE10BD2DE9FF4FADF2347D84
:104520000446491EDDF83C070026DDF86CB79946C5
:104530000D464F2841D010DC262873D006DC1C28FD
:104540002ED020286FD0242817D118E13628F4D097
:104550004B2818D04D2810D11BE06728F5D006DC79
:1045600051283BD055282AD0582806D10CE16F2875
:104570007ED07B2839D0AE28E7D0DDF8681702203E
:1045800008702021C2E00A4611212046FDF785FA75
:1045900004E0C9B20520D9F715FB05E006469FE007
:1045A000C9B20520D9F768FA014699A801F04AFE78
:1045B00099A92046FDF72EFBF0E71121E0E0CAB2F1
:1045C00000210520D9F768FD00F0FF400AE0012135
:1045D00000E000212046FDF726F9DFE7C9B20520FB
:1045E000D9F7E8FC0028F4D0F1E7B9F1000F79D051
:1045F000B9F1FF3F4FF0090A0BD0B9F1070F7DD891
:10460000A9F1010820460021FCF7D9FF0746002642
:104610005AE00027A0190021FCF7D1FF00EB0608A3
:1046200000261FE05EE07AE0F3B2FAB2E9B20DF2E2
:10463000BC40D9F7F7FE4FF419720DF2BC41684641
:1046400004F07CFB8DF806A0F2B2F9B2E8B2D9F71B
:10465000E0FECDF8070004EB0800694603F086FA97
:104660008044761CF9B2E8B2D9F707FFB04200E007
:1046700063E0D9DC04EB08000021FCF7B3FF7F1CEA
:1046800000EB0806072FC5DB2AE0F3B208F0FF02B3
:10469000E9B20DF2BC40D9F7C5FE4FF419720DF224
:1046A000BC41684604F04AFB8DF806A0F2B208F05F
:1046B000FF01E8B2D9F7ADFECDF80700E019694671
:1046C00003F054FA0744761C08F0FF01E8B2D9F76A
:1046D000D4FEB042D9DCE0190021FCF783FFC619F3
:1046E000002E17DBB9F1FF3F14D0DDF83C077B2823
:1046F00010D0DDF868170220087000E001E03221D8
:1047000004E0DDF86817022008702A218BF80010F9
:104710004FF0FF360DF2447D3046BDE8F08FA42106
:10472000FF2021706070A070E07020716171A07135
:10473000E071207260720A26D4E70DF5E46001F0A2
:10474000C3FC002211460DF5E46001F0C6FC002216
:1047500001210DF5E46001F0C0FC002202210DF5FD
:10476000E46001F0BAFC002203210DF5E46001F0E1
:10477000B4FC0DF5E4612046FDF71EF90EE70021BB
:104780002046FDF74BFB09E70A212046FDF715FB04
:1047900004E72DE9F0470446007B0025010704F1FA
:1047A0000C00ADF59A6D4FF0020680461AD4D4F88D
:1047B000641202AAFCF71CFB002803DA84F8696281
:1047C000252008E0E08882280CD0A068401C09D091
:1047D00084F86962322084F86A0200200DF59A6D2F
:1047E000BDE8F087D4F80270E08809217F1E4F28C9
:1047F00025D011DC04AB262821D006DC1C287CD077
:1048000020287BD0242815D119E0362828D04B2821
:1048100015D04D280ED184E0672810D006DC512831
:104820006DD055280DD0582804D108E06F2806D047
:104830007B2816D084F86962202084F86A02284612
:10484000CCE79DF80A00012876D19DF80B0004F012
:1048500079FE0346FAB294F868120520DAF767F891
:1048600092E04FF000094D464FF0070A40E004EB9C
:10487000050898F80C000E2807D00F280DD0B6FBBD
:10488000FAF10AFB116098BB18E00026F8B249461D
:10489000DAF7C7FB6D1CADB22AE0B6FBFAF16D1C6E
:1048A0000AFB1160ADB218BB09F1010000F0FF096D
:1048B00000261DE098460508C222002008F10C00E1
:1048C0009AA903F073F998F81100912818D0B6FB53
:1048D000FAF2FF219DF86902CDE90001AD1DADB2EC
:1048E0009DF86832F8B24946DAF7B6FBF61DF6B223
:1048F000D4F86402A842BADC46E01EE038E027E0C3
:10490000B6FBFAF298F812109DF86902CDE90001A1
:104910009DF86832F8B24946DAF79EFBED1DADB25C
:10492000E4E79DF80A00072816D1FAB294F8681255
:104930000520DAF7FEFA27E00EE09DF80A000728C6
:104940000AD1FAB294F868120520D9F781FF1BE06A
:104950009DF80A00012804D084F8696284F86A127C
:104960006DE79DF80B20F9B20520DAF7A6FA0BE007
:1049700006494046FDF7EEFB04492044491D0C3032
:10498000FDF7E8FB0028EBDD012558E7C3220020F6
:104990002DE9FF4F8FB09A461E9F93465FEA0009AC
:1049A00037D002F05EFE060037D039460AA8FDF780
:1049B00097FD0022012107A802F0C6FA40F2391043
:1049C000DFF8D08007FB00F108EB410407AB0AAA2F
:1049D0004946204602F035FAADF804B00546CDF858
:1049E00006A01C98ADF80A001D980390601901AA52
:1049F000314602F09FFB05441099A8B288421ED2AE
:104A00000090234607AA4946304602F068FE3FB1AF
:104A10000DE0002013B0BDE8F08F02F0A9FD12E018
:104A200041462A461C4804F089F91C480570224674
:104A30002B4607A948460097FDF71CFD03E03046CA
:104A400002F0A4FD00263046E4E72DE9F0478AB0E5
:104A50008A46DDE9127680461D469146142103A858
:104A600004F085F900200446089003AA08A94046EE
:104A7000FAF7A7FE50B10898CDE9005781B2029627
:104A80004B46524603A8FFF783FF04460AB0204670
:104A9000BDE8F087055D002048480020AE200020DA
:104AA0002DE9FF4FADF52B7D9B460346002089463F
:104AB0000646A990DDF8E4A2BC9F9CAAA9A91846C5
:104AC000FAF77FFEF0B302F0CCFD06003FD0394686
:104AD000A4A8FDF705FD00220121A1A802F034FAE7
:104AE00040F23910DFF8288107FB00F108EB4104A0
:104AF000A1ABA4AA9CA9204602F0A3F90546ADF8F3
:104B00000490AD98CDF80600ADF80AB0BB98CDF88A
:104B100068A20390524604A8B89904F00FF9BA9815
:104B20008DF86C02601901AA314602F03DFF054480
:104B3000A99885421DD2A8B200902346A1AA9CA99B
:104B4000304600E003E002F0CAFD1FB109E002F0C8
:104B50000FFD12E041462A462E4804F0EFF82E4899
:104B6000057022462B46A1A99CA80097FDF782FC60
:104B700003E0304602F00AFD00260DF52F7D304699
:104B8000BDE8F08F2DE9FF4FADF51B7D0E46DDE949
:104B9000A84BDDE9AA7A4FF41678414605A8DDF85E
:104BA000B09204F0E4F8002504212A46042E09D02E
:104BB000052E07D0032E05D0A17022706170C4F8B5
:104BC000037009E00920A07017F0FF4000D0012019
:104BD000C4F803002270617005AF3CB1781921461A
:104BE000FCF7C7FA411941450FDA0544CDE90075D4
:104BF000CDF808B0CDE903A9DDE99D2331469B98A6
:104C0000FFF74EFF0DF51F7DBAE70020FAE7000021
:104C1000055D002048480020AE2000202DE9F04F1F
:104C200016468846834687B01C469A68D988E1486C
:104C300003F04CF9054603464246DE4958460096C5
:104C400003F0ADFB36276FF0010988B301208DF822
:104C500018001F208DF819002088ADF80400D4F842
:104C60000200CDF80600E088ADF80A00A0680390C5
:104C7000D04804904FF41670059001A8FDF7CBFFC3
:104C800000281CDA811C14D0C11C12D09DF81920F8
:104C90009DF81810C74803F04DF9824608EB05024D
:104CA0005346C4495846009603F079FB00B114E01E
:104CB00016E09DF81910617307B0BDE8F08F08EB9E
:104CC00005010A18921CB2420ADA01EB0B030246F4
:104CD000B849184603F00FF9824605EB0A00EBE7E6
:104CE00067734846E8E72DE9FF4F95B000258346F6
:104CF0002C46A84610A82299FDF7F2FB0022114687
:104D00000DA802F021F9229840F239114843AA492E
:104D10000DAB01EB400010AA0B90179902F091F82F
:104D20000C901898007828B136208DF811006FF09B
:104D30000108F5E01898C17ADDE90B0286183046C3
:104D400003F0A7F80446169801AA411B0BEB0500D7
:104D500003F010F8002871DB284487B2BDF8040086
:104D6000082808D1DDF806009449884203D1FDF7F0
:104D7000C5FBCDF8060001A98E4803F094F8034660
:104D80004FF416700090304622468A4903F007FB24
:104D90000004000CC8D00444169801AAC11B0BEBF8
:104DA000070003F020F8002848DBBDF80A1038445B
:104DB00087B2082907D0692905D0502903D0A1F569
:104DC0008070733870D103980025401C25D0794835
:104DD000039A03F07BF805464FF4167930462B46CC
:104DE00022467449CDF8009003F0D9FA0004000C73
:104DF0009AD02C44322202216E4803F09BF80546DB
:104E000030462B4622466B49CDF8009003F0C7FA96
:104E10000004000C88D02C445BE08946BDF80400F7
:104E200005A9FDF717FF00204946B9F1080F06D084
:104E300069290AD0B9F1500F09D009E083E0089937
:104E4000069808440A99084402E0069800E0089889
:104E50005FEA000A6ED03AE004443AE0DDF828C088
:104E6000089B06994A464FF0FF30B9F1080F05D06C
:104E7000692A16D0B9F1500F17D01BE08D4201D22C
:104E8000059915E0CA18AA4202D9681A079905E0DF
:104E900002EB0C03AB420DD90999A81A51F8200076
:104EA00008E08D42ECD305E044E09D4202D2079930
:104EB00051F82500ADF80A00A1B2304601AB4FF41D
:104EC0001672FFF7ABFE00283DDD04446D1C55450E
:104ED000C4D30BEB07000121FCF790FC00283FF442
:104EE0005BAF7F1CBDB2334803F041F803464FF47B
:104EF00016700090304622462E4903F050FA000406
:104F0000000C87D0044416988542FFF41CAF189813
:104F1000D0F80700A042FFF607AFB8F1000F3DD070
:104F200018F1020F11D0B8F1FF3F1CD018F1030F98
:104F300027D033E0A1B2304601AB4FF41672FFF731
:104F40006DFE002888DC8046E7E79DF8110000F040
:104F5000E1FF02461898C17ADDE90B0318440123EA
:104F600000F0ECFF19E09DF81100009018989DF8F2
:104F70001030C17ADDE90B0210440E2201F044F832
:104F80000BE09DF8110002F0A1F802461898C17AD2
:104F9000DDE90B03184402F0B9F804460C980DA99A
:104FA0002318229800900B9A1798FDF763FA19B00E
:104FB00083E60000E4C20460055D0020FFFF3F00BF
:104FC0002DE9F04FADF5277D0646012000248DF830
:104FD00090021F208DF89402DDF8C0A2187899463F
:104FE00093468846274620B136208DF86E02A51ECE
:104FF0002FE0A8EB040081B2301901AA03F040F8B9
:10500000051E25DD2C4430190121641CFCF7E0FB52
:10501000D8B1A8EB040081B2301901AA03F07BF8E3
:10502000051E15DD2C44A5AAA4A901A8FDF764FD61
:1050300040B130190121FCF7E1FB0028E9D0641CE4
:105040003FB902E00127BD1E03E04445D1DB00E08B
:10505000012751469FA8FDF743FA002211469CA85C
:1050600001F072FF40F239110AFB01F020499CABBC
:1050700001EB40049FAA5946204601F0E2FE064695
:10508000002027B3A91C04D0691C0ED0ED1C13D03E
:1050900022E09DF86E0200F03DFF024699F80B10E9
:1050A000A019012300F04AFF16E099F80B10A0198F
:1050B00001AA03F032F90FE09DF86E0202F006F843
:1050C000024699F80B10A01902F020F804E099F8B4
:1050D0000B10A01903F017F9331822469CA9584663
:1050E000CDF800A0FDF7C6F90DF5277DBDE8F08FDE
:1050F000055D0020002801D06C49016070470B2835
:1051000001D201207047002070476948007870473D
:10511000401C7047401E704710B500210A2804D279
:10512000C2B20A20D8F7B8FF0146084610BD10B534
:105130000A2807D2C2B20B4600210A20D9F7F7FB92
:10514000012010BD002010BD2DE9F043ADF5177D05
:105150000746DDE99E54481E022699464FF0FF3867
:105160004B2A08D04D2A0CD04F2A0FD0552A12D0E6
:105170002E7020202AE0024680213846FCF78DFC64
:105180001DE0C1B20A20D8F71DFD10E0802138468D
:10519000FCF744FE13E0042806D0FFF7BDFF0146EC
:1051A0003846FCF7E8FE0AE00420DAF7D4FC0146B2
:1051B000684601F047F869463846FCF72BFD0028A1
:1051C00006DBB9F1FF3F03D02E703220207040463D
:1051D0000DF5177DBDE8F0832DE9F0410446D0F8C8
:1051E0000200ADF5187D401E15460E46002780468C
:1051F000FFF785FF68B1D4F864126A4604F10C0029
:10520000FBF7F6FD01004FF0020006D530702520B7
:105210000BE0012030701F2007E0E288572A0AD0F7
:10522000A168491C07D030703220287000200DF58D
:10523000187DBDE8F081092302A94D2A21D0552A05
:1052400004D03070202028703846F0E7B8F1040F01
:1052500004D09DF8021004290BD003E09DF8022031
:10526000072A02D030702B70EEE70420DAF799FCA1
:1052700019E094F86822DDF803104046FFF757FF65
:1052800011E09DF80220072A04D084F8690284F80E
:105290006A32D9E794F868020B46014608F0FF022B
:1052A0000020D9F746FE0127CEE70000CC460508CE
:1052B000CD22002008B1CF4B036011B1CD4824307E
:1052C0000860002A02D0CB48001F106070470146DA
:1052D000C9480078421C914200D208467047401CE1
:1052E0007047C5480078704700B5FFF7F0FFC24926
:1052F0000978491C884201D2012000BD002000BD70
:1053000010B50123FFF7E3FFBB490978884207D2B4
:10531000C2B200210B20D8F7BFFE04F04FF90346BC
:10532000184610BD70B50D460026FFF7D0FFB249F4
:105330000446097888420FD275B1E0B2DAF7AEFAC6
:10534000A84209D3284604F0FDF80346E2B2002142
:105350000B20D9F7ECFA0126304670BD70B50D462A
:105360000026FFF7B4FFA4490446097888420BD20F
:1053700055B1E0B2DAF792FAA84205D36D1EE9B250
:10538000E0B2DAF7B2FA0646304670BD2DE9F041D8
:1053900016460C4607460025FFF799FF96490978FF
:1053A00088420BD254B1C0B2DAF778FAA04205D3E2
:1053B000611E012532463846DAF7B5FA2846BDE8BF
:1053C000F0812DE9F04FADF51B7D8146DDE9A48626
:1053D0001D46924600240846FFF779FF02465046D4
:1053E000BAF14D0F1DD009DC1C281FD0242847D04E
:1053F0004A2861D0BAF14B0F09D10DE04F2822D0D5
:10540000552822D06E2846D0BAF16F0F21D0022045
:1054100088F80000202088E013214846FCF73DFB77
:1054200037E0D1B20B20D8F7CDFB03E0D1B20B208F
:10543000D8F722FB0146684600F004FF694648465B
:10544000FCF7E8FB25E013211BE01046FFF758FFAF
:105450001BE096A800F038FE0022114696A800F046
:105460003CFE0022012196A800F037FE0022022116
:1054700096A800F032FE96A94846FCF79DFA08E08F
:1054800000214846FCF7CAFC03E001464846FCF709
:1054900094FC044631E07DB1681C104610D0FFF743
:1054A00016FF0446C0B2DAF7F9F9A84239D3294603
:1054B0002046FFF753FFBDE7D0B2DAF7EFF9E4E794
:1054C000FFF705FF8346012711E039465846FFF7ED
:1054D00045FF0146684600F0B5FE09EB0400694649
:1054E000FCF798FB0444B4F5167F15DA7F1C0BF02B
:1054F000FF00DAF7D3F9B842E7D2002C18DBBAF193
:105500006E0F15D0BAF1570F12D06D1C10D00220BB
:1055100088F80000322008E0052188F800101220E9
:1055200003E0022088F800002A2030704FF0FF349A
:105530000DF51B7D2046BDE8F08F2DE9F0430446B4
:10554000ADF5197D15460E464FF00008D0F8020063
:10555000FFF7BDFED4F864126A4604F10C00FBF7B5
:1055600047FC02274FF02509002803DA377085F839
:1055700000900AE0E0886E280CD057280AD0A16875
:10558000491C07D037703220287000200DF5197D96
:10559000BDE8F0834F2827D006DC1C2824D024281F
:1055A00022D04A2806D11FE0552806D06E281BD0ED
:1055B0006F2819D03770202018E004F26A235A1E91
:1055C00002216846FEF73AFD5FEA00080FD0DDF8D9
:1055D0000310D4F80200FFF7A5FE5FEA000806D129
:1055E000377085F8009002E0377028202870404618
:1055F000CCE70000E4460508C50500607047704729
:105600002DE9F04708220025431EDCB26308FE4E58
:10561000FE4F7688A7F1280C2A2E7DD3032B52D873
:105620004FF0640903EB031307F5B07606EB43066E
:10563000338C8B4204D307EBC4004068BDE8F0878D
:1056400033888B4202D857F83400F7E7082337E055
:1056500036F8138088451ED8A3F1010A36F81AA03F
:105660008A4518D35B1E5A1C36F8135036F81220A0
:10567000AA1A002AE2D0681A00FB09F090FBF2F0A7
:1056800003FB09015CF82400484390FBF9F057F84C
:1056900034100844D2E702B9012502EBD27252104D
:1056A000884501D9134400E09B1A002B02DC57F80F
:1056B0003400C3E7102B03DB07EBC4004068BDE7F1
:1056C000002DC5D0B8E06426D04AFA3213888B4248
:1056D00002D357F83400B1E7B2F864308B4257D8A0
:1056E00007EBC4004068A9E7538E8B4229D21923E7
:1056F00032F8138088451FD803F1010832F818806A
:10570000884519D35D1C32F8158032F81350A8EB88
:105710000502002A92D000E03DE0481B704390FB58
:10572000F2F003FB06015CF82400484390FBF6F01E
:1057300057F83410084481E75B1CDBB2322BD7D317
:1057400026E0002332F8138088451DD803F10108B4
:1057500032F81880884517D35D1C32F8158032F86E
:105760001350A8EB0502002A94D0481B704390FB0D
:10577000F2F003FB06015CF82400484390FBF6F0CE
:1057800057F83410084459E75B1CDBB2192BD9D306
:10579000002DA9D050E04FF064099C4E03EB031399
:1057A000503606EB4306338C8B4203D307EBC40021
:1057B000406843E733888B4202D857F834003DE70E
:1057C000082337E036F8138088451ED8A3F1010A74
:1057D00036F81AA08A4518D35B1E5A1C36F81350A7
:1057E00036F81220AA1A002AA5D0681A00FB09F080
:1057F00090FBF2F003FB09015CF82400484390FBA6
:10580000F9F057F83410084418E702B9012502EB03
:10581000D2725210884501D9134400E09B1A002B24
:1058200002DC57F8340009E7102B03DB07EBC40058
:10583000406803E7002DC5D00020FFE62DE9F041C8
:105840000C4601210022143800B2C0EB0010704B4E
:10585000C0EBC000C51801EB410005EB4003093364
:10586000B3F90000FFF7CBFEA04207D1D3F8020046
:10587000FFF7C4FEBDE8F04103F05BBE33F9060C50
:10588000FFF7BDFEA04207D153F8040CFFF7B6FEA8
:10589000BDE8F04103F04DBEB3F90000FFF7AFFEE5
:1058A000A04208DD33F9060CFFF7A9FEA04202DA98
:1058B000491E09B203E0491C09B20E29CBDD0F29AC
:1058C0002FDB002000EB400305EB430309331F8867
:1058D00017B9D3F8023013B1521CD2B205E008B99F
:1058E000521CD2B2012800D10022401CC0B21028A4
:1058F000E8D3B2B1093502EB420005EB4000B5F93F
:10590000001030F9062C914205DDD5F80200BDE803
:10591000F04103F00EBE50F8040CBDE8F04103F076
:1059200008BE01EB410005EB40050935B5F906005D
:10593000FFF765FE0146B5F90000FFF760FE081AA3
:1059400007B2DFF8D08097B1B5F90000FFF757FE36
:10595000201A03F0EEFD414603F0E7FB044638460B
:1059600003F0E7FD0146204603F011FC0646A86857
:10597000FFF744FE0146D5F80200FFF73FFE081A84
:1059800003F0D7FD014611F0FF4F10D0304603F071
:10599000CCFB414603F0FBFB0446D5F80200FFF7C1
:1059A0002DFE03F0C6FD214603F067FB0646304698
:1059B000BDE8F0812DE9F05F00260127164C124862
:1059C00040882A2800D304274FF0040BDFF84C80CE
:1059D000DFF83C904FF0000A59E23046E3F795F8C3
:1059E000002859D0E3F72FF8B0426ED994F82D0073
:1059F000A0F11401042916D894F9230001110FD045
:105A0000000908F8060023E0760B02603C47050811
:105A1000384F002000007A4445510020C55C00202A
:105A200008F806B014E094F82810B1B30B2840D061
:105A300011283ED0132840D010283ED00D2840D049
:105A400012283ED0092841D00A283FD008F806B0D5
:105A500094F8230000F00F0018F8061040EA011037
:105A600084F82300E2F7F5FFB0426ED984F824A051
:105A700084F825A084F82AA04EB1FA4918F8060047
:105A80008A5D904203D088553046E2F729FF94F9A9
:105A90002700F8B1012870D0F6E1FFE794F9230060
:105AA000011103D0000908F80600D1E708F806B094
:105AB000CEE7022008F80600CAE7032008F806002F
:105AC000C6E7012008F80600C2E7D1E1052008F882
:105AD0000600BDE794F82D0000284FD03046E2F7CD
:105AE00000FF054694F9280010B101283BD06BE176
:105AF00014F8230F00F0F0002070A07A233CA0F1EE
:105B00000C010A2908D8B5EB472F01D9012100E083
:105B1000002184F8261007E0B5EB472F01D30121BF
:105B200000E0002184F826101738072807D8B5EBC5
:105B3000472F01D3012000E0002084F8260094F8CC
:105B4000260018B14FF47A7001E07AE10020FFF7E7
:105B500055FDC4F81E0094F8260010B14FF47A7574
:105B600032E1002530E114F8230F00F0F00020703E
:105B7000A07A233C1E2839D201E05BE137E1DFE85F
:105B800000F0350F0F0F0F0F0F0F0F36365E6A70D4
:105B900077F47E7E84649494949494F4353535F34C
:105BA0003046E2F79EFE07EB4701C1EBC711B0EBB1
:105BB000C10F08D994F8230000F0F00040F0010074
:105BC00084F823000CE03046E2F78BFE142807D25D
:105BD00094F8230000F0F00040F0020084F8230065
:105BE000A9B294F82D00FFF70BFD0546DEE0304624
:105BF000E2F777FEB0F57A6F08D994F8230000F049
:105C0000F00040F0010084F8230011E03046E2F794
:105C100068FE07EBC70101EB0711B0EB410F07D29C
:105C200094F8230000F0F00040F0020084F8230014
:105C3000A9B294F82D00FFF7E3FC0546B6E0B5FBEA
:105C4000F7F0E2F75AFE0546B0E0B5FBF7F0E2F7F1
:105C50007DFE0546AAE084484543B5FBF7F0850A7A
:105C6000A4E044F620604543B5FBF7F0850A9DE0CB
:105C700044F620604543B5FBF7F0850A96E07A4884
:105C80004543B5FBF7F0850A90E0B5FBF7F0CC286B
:105C900001D200258AE0B5FBF7F07349CC384843C0
:105CA0004FF44C71B0FBF1F580E0284603F04AFC5C
:105CB000054618F80600052820D13046E2F711FE07
:105CC000B0F57A6F08D994F8230000F0F00040F0A6
:105CD000010084F8230011E03046E2F702FE07EBF2
:105CE000C70101EB0711B0EB410F07D294F8230075
:105CF00000F0F00040F0020084F8230094F82D003A
:105D00001438C0EB0010C0EBC0004844007AEF2804
:105D10002CD0384603F016FC0146284603F037FA2B
:105D200003F04CFC01463046E2F733FE6421B0FB41
:105D3000F1F003F007FC03F028FC01B294F82D0009
:105D4000FFF77CFD494903F0F0F903F037FC054605
:105D500094F82D001438C0EB0010C0EBC00048448C
:105D6000007AEF2815D021E01CE016E0384603F059
:105D7000E9FB0146284603F00AFA03F01FFC01463E
:105D80003046E2F706FE0A21B0FBF1F003F0DAFB41
:105D9000D1E76420B5FBF0F508E03046E2F7E0FE1D
:105DA000054603E03046E2F7ADFF054694F82900CA
:105DB00080B194F82C0094F82B1000EB01206FF0C8
:105DC0001801484305EB80052846FFF717FCC4F887
:105DD0001E0059E094F82C0094F82B1000EB0120E1
:105DE00000EBC00101EB001005EB8005ECE794F837
:105DF000230000F0F00084F82300E2F72AFEB0420E
:105E000010D93046E2F76DFDB0FBF7F040F6B8313F
:105E1000484340F2FF31B0FBF1F0FFF7EFFBC4F86D
:105E20001E0031E03046E2F75CFDFFF7E7FBC4F807
:105E30001E0029E094F8230000F0F00084F823000D
:105E400022E03046E2F797FFF0B984F824A084F806
:105E500025A084F82AA094F8230000F0F00084F82C
:105E6000230011E0E55C0020A086010000007A44D8
:105E700084F824A084F825A084F82AA094F82300AC
:105E800000F0F00084F82300761CF6B22E34402E89
:105E9000FFF4A3ADBDE8F09F2DE9F04100251C4CB7
:105EA0000026012730E0E2F7D1FDA84223D9E2F72E
:105EB00000FEA84205D92734A670E670267104F8C2
:105EC000276994F8280008B9C4F81E602846E2F74C
:105ED0007EFF01280BD004F8296F6670A670293C5C
:105EE000E2F7E7FDA8420CD884F8277009E02846BD
:105EF000E2F740FF05E02734A670E670267104F84B
:105F000027796D1CEDB22D34402DCCD3BDE8F08146
:105F10003CC50460014600203339052905D2DFE87D
:105F200001F0030507090B000120704702207047AC
:105F300003207047042070474020704710B50024AC
:105F400038B10BB1712300E070230370417082708F
:105F50000324204610BD10B5002429B10AB10178F0
:105F600011700BB140781870204610BD10B500229A
:105F7000002816D0002914D00B7803708B188418D1
:105F80005B78521C6370072AF8DB0A8902818A7ADF
:105F9000827200228B188418DB7A521CE372072A63
:105FA000F8DB10BD70B5002288422BD004890B8924
:105FB0009C4221D1837A8D7AAB421DD1072B09D91E
:105FC000072307E085188E18ED7AF67AB54213D1CB
:105FD000521CD2B29A42F5D3A4B903780A789342FC
:105FE0000AD1072B00D90723002209E084188D1855
:105FF00064786D78AC4201D0002070BD521CD2B2E2
:106000009A42F3D3012070BD70B50400049E4FF096
:1060100000000DD0502020706170A270E01C194665
:10602000FBF7FCFEC51C60193146FBF7F7FE284460
:1060300070BDFEB5044600201E4617468DF80000D0
:106040000190029000291DD0204601AA6946FBF765
:1060500015FB05469DF80000092812D1601902AA17
:106060000199FBF7B8FE05440FB10298387060192A
:1060700001AA6946FBF702FB05449DF800000928C8
:1060800001D00020FEBD601902AA0199FBF7A3FE12
:106090002844002EF6D002993170FEBD70B5002460
:1060A000DDE9045602290CD90AB1047814700BB149
:1060B00042781A7033462A46801C891EFFF7B9FFC2
:1060C0000446204670BD00000022027011464318AD
:1060D000491C5A700F29FADB704770B5CB080125AF
:1060E0000F2B11D206784C1CA64200D204705B42E2
:1060F00001EBC30300EBD1009D404178EBB20AB144
:10610000194300E09943417070BD30B5044600204A
:10611000CA080123782909D25542224401EBC5015E
:106120008B405278D9B20A4200D0012030BD0078AD
:106130007047014600200978002903D0491EC1F3A9
:10614000C400401C704702004FF0000003D00F292C
:1061500001D250184078704703004FF0000004D07F
:106160000F2902D2581842700120704703004FF0E7
:10617000000003D0C2EBC100187001207047002856
:1061800000D07820704710B5002258B151B10A787C
:10619000027000228B1884185B78521C63700F2ADF
:1061A000F8D30122104610BD70B5002200B3047868
:1061B0000B789C421CD17F2C1AD8E30804F007040A
:1061C000C4F10805FF24EC4006E085188E186D78B0
:1061D0007678B5420CD1521C9A42F6DB1844194429
:1061E0004078497820402140884201D1012070BD8B
:1061F000002070BDF0B5002510B3002404600171CB
:1062000040F251218B421BD84D1C4FF000018AB146
:10621000461D994208D2D0F800C0575C0CF80670B1
:1062200007687F1C076001E047187C71491CA94280
:10623000EFD304E04218491C5471A942FAD3012556
:106240002846F0BD70B505460C0003D0084602F0A4
:10625000ABFD00E00020034622462846BDE8704022
:106260000021C7E701004FF0000000D00868704728
:1062700001004FF0000000D0481D704701004FF0B2
:10628000000000D00879704730B504460D46084636
:10629000FFF7E8FF03462846FFF7EAFF02462846D5
:1062A000FFF7ECFF01462046BDE83040A2E730B5DD
:1062B000A8B1A2B1137993B913688B420FD200230E
:1062C0001C4608E015689D4203D9D5186D79C55460
:1062D00000E0C4545B1C8B42F4D3012030BD00208D
:1062E00030BD70B503460020E1B1BBB10C681A683F
:1062F000944212D10A791D79AA420ED101200022BE
:1063000007E08D189E186D797679B54200D000208F
:10631000521C944201D90028F3D170BD096804E0F1
:10632000012070BD002BFCD019680029F8D070BD89
:1063300070B50E0005464FF000041AD00846ADB106
:1063400002F032FD2968884217D12879A8B90124C2
:10635000002006E02B18325C5B799A4200D00024C2
:10636000401C814209D9002CF4D106E002F01CFD4A
:1063700001E015B1006800B90124204670BD70B578
:10638000002388B1046840F251251444AC420BD874
:10639000451D06E00668CC5C74550468641C046006
:1063A0005B1C9342F6D30123184670BD02004FF0E8
:1063B000000005D040F25123994201D8116001201C
:1063C000704701004FF0000001D040F251207047AB
:1063D00002004FF0000001D011710120704730B56C
:1063E00002004FF0000013D0107900284FF0010098
:1063F0000ED11368002140F252248B4208D955185F
:106400006D79203D5F2D00D30020491CA142F4D3BB
:1064100030BDF0B5461871B3022541E002785AB399
:10642000802A3CD30323B3EB921F34D17E4B9B5C79
:10643000994230D310F8014FC91AB5EB941F2AD1F5
:10644000062B2AD2DFE803F02903070C111912F0FA
:106450003E0F20D023E0E02A1FD1A2061BD51CE06E
:10646000F02A1AD104F0300203E0F82A15D104F022
:1064700038020AB111E015E00DE0FE2A0BD0FF2A28
:1064800009D0FC2A09D104F03C02F2E710F8012FF0
:10649000B5EB921F01D00020F0BD5B1EF6D1401C71
:1064A000B042BBD30120F0BD10B50179002406290C
:1064B00006D221B950F8051BFFF7ABFF00B101244C
:1064C000204610BDF0B50025F8B1002440F252235B
:1064D00004609A4219D881B10023051D0AE006D252
:1064E0000768CE5C7E550668761C066001E0C6181B
:1064F00034715B1C9342F2D306E000EB010201F120
:10650000010114719942F8D301252846F0BD30B538
:10651000464B00221C88464B1B781C4440F25223F9
:106520009C4202D20123046009E000210160084678
:1065300030BD8C5C8518521C2C71046892B2944258
:10654000F7D8184630BD01004FF0000000D00868B1
:10655000704701004FF0000000D0081D704710B5D3
:1065600003460C460846FFF7EEFF02462046FFF7BB
:10657000F0FF0146BDE810401846A3E710B5002320
:106580006AB160B114688C4209D3002103E053184A
:106590001B794354491C13688B42F8D8136818467A
:1065A00010BD70B5002388B1046840F25225144430
:1065B000AC420BD8051D06E00668CC5C7455046837
:1065C000641C04605B1C9342F6D30123184670BD23
:1065D00002004FF0000005D040F25223994201D84A
:1065E00011600120704701004FF0000001D040F21F
:1065F0005220704730B50022A0B199B103680C68F1
:10660000A3420FD140F25224A34207D90AE08418D2
:106610008D1824792D79AC4204D1521C9342F6D8BE
:10662000012030BD002030BD46490508AA200020C9
:10663000A420002081070CD16421B0FBF1F201FB02
:10664000120141B94FF4C871B0FBF1F201FB120025
:1066500008B1002070470120704730B58DB00C465E
:1066600005463422F949684602F068FB0023022CF3
:1066700005D12846FFF7DEFF08B11D2304E0601EA8
:106680000B2801D81DF824300DB0184630BD70B568
:10669000154606460024FFF7E0FF40F26C718E427B
:1066A00004D318B115B1854200D80124204670BD2D
:1066B00010B5002128B1C27881780088FFF7E7FF84
:1066C0000146084610BD2DE9F04117460E468046AA
:1066D0000025FFF7DCFF58B1012406E021464046C3
:1066E000FFF7BBFF641C0544E4B2B442F6D33D445B
:1066F0002846BDE8F0812DE9F04116460F460546D3
:106700000024FFF7C4FFA0B140F26C7308E0184604
:1067100004F26D14FFF78EFF00B1641C5B1C9BB28A
:10672000AB42F4D3324639462846FFF7CCFF044447
:10673000641E2046DDE710B5FFF7DDFF0721B0FB43
:10674000F1F201FB1200401C10BD70B516460D465B
:10675000040008D02580A670E3701A46314628460A
:10676000FFF7E9FF207170BD2DE9FC478946002144
:10677000924604468DF804108DF8001001AF6E4665
:106780000125884606E029464846FFF766FF241A99
:106790006D1CEDB229464846FFF75FFFA042F2D3D9
:1067A00008EB0400C0B207B13D7006B130709DF82F
:1067B00000309DF8042049465046FFF7C6FFBDE86B
:1067C000FC8710B5002128B1C27881780088FFF7D6
:1067D0007AFF0146084610BD10B5002128B1C278E5
:1067E00081780088FFF787FF0146084610BD3EB557
:1067F00000220C46ADF808208DF804208DF800200A
:106800006B4601AA02A900F029FA9DF800309DF814
:106810000420BDF808102046FFF797FF3EBD002179
:1068200060B10278182A09D242783C2A06D28278CE
:106830003C2A03D2C078642800D201210846704760
:1068400010B50C46FFF734FF28B12046FFF7E7FFED
:1068500008B1012010BD002010BD02004FF0000063
:106860000CD000290AD010880B88C01A06D1907865
:106870008B78C01A02D1D078C978401A70470200CC
:106880004FF0000010D000290ED010780B78C01AFD
:106890000AD150784B78C01A06D190788B78C01AFC
:1068A00002D1D078C978401A704730B50D460446F9
:1068B000FFF7D3FF002804D1A91DA01DBDE830407B
:1068C000DDE730BD30B502004FF000001AD00029DE
:1068D00018D0148840F66B05AC4204D00B88AB424C
:1068E00001D0E01A0ED19378FF2B04D08C78FF2CC6
:1068F00001D0181B06D1D278FF2A03D0C978FF290E
:1069000000D0501A30BD10B502004FF0000020D06A
:1069100000291ED01378FF2B04D00C78FF2C01D057
:10692000181B16D15478FF2C04D04B78FF2B01D0C4
:10693000E01A0ED19478FF2C04D08B78FF2B01D075
:10694000E01A06D1D278FF2A03D0C978FF2900D0F7
:10695000501A10BD30B50D460446FFF7B3FF0028AE
:1069600004D1A91DA01DBDE83040CCE730BD0028F2
:1069700009D0002907D00A8802808A788270CA78F4
:10698000C270097901717047002809D0002907D029
:106990000A7802704A7842708A788270C978C17029
:1069A000704710B50B460446891D801DFFF7ECFFAC
:1069B0002046BDE810401946D9E710B50028029CD2
:1069C00003D0017042708370C47010BD002913D0D1
:1069D000002A11D000280FD0137883715378C37127
:1069E00093780372D27842720A8802808A78827021
:1069F000CA78C2700979017170472DE9F047904655
:106A0000DDE90965DDF82C90089F8C4604000FD065
:106A1000A4F800C084F80280E3701A46414660463C
:106A2000FFF789FE2071A771E671257284F809903D
:106A3000BDE8F08710B5002128B182784178007850
:106A400000F04BF90146084610BD0000484A050811
:106A5000002128B101784078C1EB011100EB8101E0
:106A600088B270472DE9F0410E460446027AC1799A
:106A7000807900F032F93C27B0FBF7F52046FFF7AC
:106A8000ABFE4FF4B46296FBF2F10844A1EB0111A6
:106A900001EB410116EB41112DD54942A94204D920
:106AA000C1F5B4612944401E09E0691AB1FBF2F254
:106AB0001044A2EB021202EB420201EB4211C1EBC5
:106AC00001118D004FF46163B5FBF3F3DBB26FF09E
:106AD000E00603FB06F605EB0615B5FBF7F5A21D70
:106AE00004F10701EDB200D0137001B10D70214621
:106AF000BDE8F0417BE62944D8E70021D0B1028807
:106B0000A2F500636B3B15D18278FF2A12D1C278BF
:106B1000FF2A0FD10279FF2A0CD18279FF2A09D1ED
:106B2000C279FF2A06D1027AFF2A03D1407AFF28D0
:106B300000D10121084670470021B8B10288A2F5B2
:106B400000636B3B11D082780C2A0ED8C2781F2AC2
:106B50000BD88279FF2A08D0C279FF2A05D0027AA1
:106B6000FF2A02D0407AFF2800D101210846704751
:106B7000002806D040F66B010180FF218170C170B2
:106B800001717047002804D0FF21017041708170AD
:106B9000C170704700B5020005D0FFF7E9FF901DF6
:106BA0005DF804EBEEE700BD70B506000D464FF052
:106BB00000000AD0002D08D03046FBF797FA0446B3
:106BC0003019A91DFBF721FA204470BD2DE9F041D1
:106BD000040017460E464FF000000FD0002F0DD0D6
:106BE0002046FAF7ECFC054660193946FFF7DCFF52
:106BF000054460193146FAF7F5FC284479E52DE99A
:106C0000F0410F460546FBF7A5FA411C4FF0FF3651
:106C100008D004462819B91DFBF729FA411C01D0F8
:106C2000204466E5304664E52DE9F04114460F4600
:106C30000546FAF7CDFD4FF0FF3668B1681C2146D6
:106C4000FFF7DDFF411C07D00C4628193946FAF73B
:106C5000D5FD08B1601C4CE530464AE52DE9F0470A
:106C60001F46012590468946044640F26C76AA46A6
:106C700040F26D134FF4B67C0EE03046FFF7DAFCBD
:106C800008B19C4212D03046A4F26D14FFF7D2FC3A
:106C900000B1641E761CB6B26445EED806E0294603
:106CA0003046FFF7DAFC241A6D1CEDB22946304657
:106CB000FFF7D3FCA042F2D90AEB0400C0B2B9F14D
:106CC000000F01D0A9F80060B8F1000F01D088F8DA
:106CD0000050002F00D03870AAE6C0EB001001EB86
:106CE0008000C0EB001002EB800070472DE9F041FE
:106CF0000400069E984617464FF0000018D010205A
:106D00002070002060700A46A01C0821FAF7C5FE1A
:106D1000851C60193946FBF750F805446019414657
:106D2000FBF77CF8054460193146FBF746F8284428
:106D3000BDE8F0812DE9F04786B004460020DDF87B
:106D4000389090460E46ADF8000001908DF808008E
:106D5000039004901D46204603AA02A9FAF78EFC70
:106D600007469DF808004FF0FF3A0C284BD1E01978
:106D700001AA6946FAF747FE0744BDF80000082853
:106D800041D10EB101983060E01903AA02A9FAF7C7
:106D900075FC3E189DF80800022834D1A01904AAF9
:106DA0000399FAF79EFF0644B8F1000F02D0049948
:106DB000C8F80010A01903AA02A9FAF75FFC06445C
:106DC0009DF8080009281ED1A01904AA0399FBF711
:106DD00002F806440498042815D205B12860A019C9
:106DE00003AA02A9FAF74AFC35189DF80800022800
:106DF00009D1601904AA0399FAF773FF049928448A
:106E0000B1F5803F03D3504606B0BDE8F087B9F135
:106E1000000FF9D0A9F80010F6E7000000280FD005
:106E200000290DD00A7802704A7842708A78827000
:106E3000CA78C2708A888280CA88C280097A017240
:106E400070472DE9F0474FF00004984616460F466C
:106E50000500A14675D0B8F1000F72D098F8000077
:106E600028700020687098F8020008B180206870CF
:106E70002FB1388918B1687840F0200068703EB1B1
:106E8000308928B1B07A18B1687840F0080068708D
:106E900098F8010018B1687840F00400687098F81C
:106EA0000310687801F00301084368700224BFB141
:106EB0003989A9B1A81CFBF77FF9801CB97A29543C
:106EC000441CB87A48B90BE007EB0900C07A285592
:106ED00009F1010000F0FF09641CB97A4945F3D8B3
:106EE000BEB13189A9B1B07A98B12819FBF764F91C
:106EF0000444B07A2855B07A641C50B1002005E0F3
:106F00003118401CC97A2955C0B2641CB17A81423B
:106F1000F6D82FB1388918B198F808002855641CA4
:106F200098F8020068B198F804002855B8F80400F1
:106F3000641C802805D3B8F806102819FBF73CF923
:106F400004442046BDE8F08700280BD041700121A1
:106F50000170002181704FF480738380C180C27002
:106F6000FF21017270472DE9FC5F4FF00004994644
:106F70001746884605002646A246ADF80040ADF803
:106F800004407DD0B9F1000F7AD0297889F800103B
:106F900068780224C10989F8021068784FF0FF3B35
:106FA000C0F3800189F80110687800F0030189F8C6
:106FB00003106878800620D5A81C01A9FBF701F909
:106FC000841C285D641CB8F1000F05D0BDF80420B6
:106FD000A8F8082088F80A00F0B1072831D809E09D
:106FE000295D641CB8F1000F02D008EB0602D172D3
:106FF000761CF6B28642F3D30EE0B8F1000F0BD048
:10700000A8F808A0504688F80AA008EB0601761CEC
:10701000F6B2C872072EF8D3687801072A481FD540
:107020000121017028196946FBF7CBF80444295D5A
:10703000641C1FB1BDF800003881B97221B3072963
:1070400002D95846BDE8FC9F002006E02A5D641C7A
:107050000FB13B18DA72401CC0B28842F6D313E07D
:1070600097B180F800A038895146A0F57F42FF3AD9
:1070700000D03981B97200203A18401CD17200E06A
:107080001BE0C0B20728F7D3BDF8040020B1295D8A
:1070900089F80810641C01E089F808A099F802003A
:1070A00060B1285D641CA9F8040080280AD328195F
:1070B00009F10601FBF785F8044403E04FF4807101
:1070C000A9F804102046BDE74800006001460020F2
:1070D0003B390A2907D2DFE801F00507090B0D0F3C
:1070E00011131517012070470220704703207047C5
:1070F000042070470520704706207047072070471E
:10710000082070470920704740207047002320B1B5
:10711000602303704170827003231846704710B5D6
:10712000002429B10AB1017811700BB140781870B0
:10713000204610BD70B5040016460D464FF0000005
:107140001AD0207040F2C451FAF790F96070A5701F
:107150000C20E07032880425B2F5806F06D2D6F894
:107160000230201D0021FAF787FC051DF288601906
:107170000121FAF761FE284470BD2DE9F04385B086
:107180004FF000050F46064614008DF8005001959B
:10719000ADF8085003956FF0020904953FD0072F12
:1071A00002D23F2050753EE030460021FAF7E5FA62
:1071B0004FF03E0890B1701CA21C02A9FAF723FC04
:1071C000451CBDF808002080701901AA6946FAF72D
:1071D00055FA05449DF80000012802D084F8158076
:1071E00021E0701903AA0199FAF7F5FD0544039807
:1071F000E080BD421BD2701901AA6946FAF73EFA37
:1072000005449DF800000228E8D1BD42E6D270197D
:1072100004AA0199FAF765FD05440498A060BD42EF
:1072200008D241206075484605B0BDE8F0834FF0B4
:10723000FF30F3E72846F7E770B5040016464FF035
:1072400000001FD03020207061700C20A070D6F894
:1072500002303288E01C0021FAF70EFCC51CF288CF
:1072600060190121FAF7E8FDB2680544501C04D00A
:1072700060190221FAF785FD054460190321FAF728
:107280009EF9284470BD02004FF0000003D0032196
:107290001046FAF7A7B970472DE9F04106004FF004
:1072A00000051746284611D03046FFF7C5FF0446B3
:1072B00004E0F868405D3055641C6D1C3869A842D4
:1072C000F7DC30190321FAF78DF92044BDE8F0818D
:1072D0002DE9F041044686B000200F468DF80000ED
:1072E0000190ADF808000390014604901546204631
:1072F000FAF743FA4FF0FF3898B3601CAA1C02A9B2
:10730000FAF781FB461CBDF808002880A01901AAE5
:107310006946FAF7B3F906449DF8000001282BD11D
:10732000A01903AA0199FAF756FD06440398E880CC
:10733000A01901AA6946FAF7A1F99DF800100229DF
:1073400010D0C5F80880A0190321FAF741FA40B11E
:10735000761CA019E860B81B401E2861384606B0AC
:10736000B4E709E00644A01904AA0199FAF7B9FCA8
:1073700006440498A860E6E74046F0E7F0B587B019
:107380000E46054614461F46194601A8FBF7A8F805
:1073900039463046FBF79AF8002211462046FFF79F
:1073A000D3FD234601AA31462846FFF74AFD04468D
:1073B000FBF7BBF80646FBF7A1F8014628190323A3
:1073C0004FF416720096FFF791FC204407B0F0BD11
:1073D00030B589B00C460B46054606AA01A9FFF751
:1073E000CDFF03462A4606A901A80094FBF742F800
:1073F00009B030BDF0B587B005461C4617461046AB
:107400000C9EFEF7B3FD314601A8FBF769F8002298
:1074100011462046FFF798FD234601AA3946284623
:10742000FFF70FFD0446FBF780F80646FBF766F80A
:107430000146281903234FF416720096FFF756FCF5
:107440002044C3E730B589B014460092054606AB28
:1074500001AAFFF7CFFF03462A4606A901A8009418
:10746000FBF708F8C4E700002DE9F0478AB0894629
:10747000824690461D46194604A8FBF731F80022C3
:10748000114601A8FFF760FD40F2391105FB01F03C
:10749000344F01AB07EB400404AA51462046FFF7E6
:1074A000D0FC0646A0194246494600F0A9F9064418
:1074B00035B9394632462C4801F040FC2B4806705D
:1074C0002246334601A950460095FAF7D3FF0AB089
:1074D000BDE8F08770B586B00D46064614461146E5
:1074E0006846FAF7F3FF23462A4631466846FFF717
:1074F000BBFF06B070BDF0B587B00D46064614461A
:1075000011466846FAF7E2FF0020ADF808009DF842
:1075100004008DF814009DF803008DF815009DF807
:1075200002008DF816009DF801008DF817009DF8F7
:1075300006008DF818009DF805008DF8190000214F
:107540006A4605A85718435C491C7B700629F9DB7D
:1075500023462A4631466846FFF786FF07B0F0BD4E
:1075600082E7B7E7055D002048480020AE200020F4
:107570000020A14B024640F24B11414303EB410175
:10758000401C0A71CA70FF28F5DB704710B500F087
:107590001FF9FF2808D2002140F24B125043964AAF
:1075A00002EB40000171C17010BD2DE9F0470025CC
:1075B000DFF844820746A94640F24B1005FB00F66F
:1075C00008EB4604217901291ED1B4F80100B84224
:1075D00006D9C01B0004000CA4F8010002D013E07F
:1075E000A4F80190F8F7E2FB18F81610884209D9C0
:1075F000F8F7D6FBA4F8010018F81600401C08F8AC
:10760000160001E084F804906D1CFF2DD4D3BDE872
:10761000F0870020784A014640F24B134B4302EBBF
:107620004303DB781BB1491CFF29F5D370470120C8
:10763000704710B50020704B014640F24B124A4390
:1076400003EB4202D4781CB912790AB9401CC0B2CB
:10765000491CFF29F1D310BD00B90120674908700A
:1076600070472DE9F04700273D46FFF7D2FF78B37A
:10767000DFF88491614E4FF00108307800F0A8F8EF
:10768000FF281CD101250020FF214A4640F24B1360
:10769000434302EB4303DB78C3B1401CFF28F5D31F
:1076A000FF2918D040F24B10414309EB41043778D1
:1076B000E77000202071F8F773FBA4F80100307820
:1076C000401C10F0FF00307003D004E0C1B2E7E7C7
:1076D00003E086F80080002DCFD0384697E72DE9EB
:1076E000F0470024089E1F469046894600288ED009
:1076F00000F06EF8FF288AD240F24B1250433E4A07
:10770000012102EB40052971002102F81010F8F761
:1077100047FBA5F8010005E0385D2919641C81F8D4
:107720002000A4B2B442F7D3C5F8926205F1170065
:107730004146FFF773FB681D4946BDE8F047FEF779
:1077400015BC64E72DE9F0470024089E1F469046CB
:107750008946254600B300F03BF8FF281CD240F2D2
:107760004B114843244901EB4005B5F892023080A3
:1077700005E0281990F820003855641CA4B2308820
:10778000A042F6D805F117014046FFF747FB691DF7
:107790004846FEF7EBFB0125284638E710B50124E3
:1077A00000F016F8FF2800D20024204610BD10B5C6
:1077B000002400F00DF8FF2808D240F24B11484396
:1077C0000D4901EB4000007900B90124204610BDAD
:1077D00010B50021084AFF2440F24B134B4302EB43
:1077E0004303DB78834201D1CCB202E0491CFF297C
:1077F000F2D3204610BD00007CD00460CE220020D1
:1078000070B5040016464FF0000017D0102020700D
:10781000082060700220420591420FD2002E0DDB3D
:1078200096420BDA0A46A01C0021FAF7AAFA851C38
:10783000601932460121FAF7A4FA284470BD2DE9F7
:10784000F04104001E4615464FF000001FD01020E6
:107850002070082060700220420591420FD2002D56
:107860000DDB95420BDA0A46A01C0021FAF789FAD3
:10787000871CE0192A460121FAF783FA3844DF21F0
:107880002154401CFD212154401C2654401CBDE8BD
:10789000F0812DE9F0478AB08946824615464FF0BF
:1078A000FF36114604A8FAF71BFE0022114601A874
:1078B000FFF74AFB40F23910DFF8E08005FB00F1EA
:1078C00008EB410401AB04AA51462046FFF7B9FA80
:1078D00007463246E0194B461146FFF7B0FF3E1807
:1078E00035B9414632462E4801F028FA2D48067037
:1078F0002246334601A950460095FAF7BBFD0AB06F
:10790000BDE8F08730B585B005460C466846FAF705
:10791000DDFD224629466846FFF7BBFF05B030BDB6
:107920002DE9FE43044600201E4617468DF8000050
:1079300001900290002922D0204601AA6946F9F759
:107940009DFE05469DF800004FF0FF39B0B9601963
:1079500002AA0199FAF7C5F9054402984FF4800884
:10796000404501D207B13860601901AA6946F9F7AC
:1079700085FE05449DF80000012802D04846BDE878
:10798000FE83601902AA0199FAF7ABF9029928441B
:107990004145F4D2002EF2D03160F0E7055D0020C1
:1079A00048480020AE2000202DE9F04115460F4642
:1079B00004004FF000063FD0002020704FF41671F5
:1079C000F9F754FD6070A7700F20E070D5F8023011
:1079D0002A88201D0021FAF74FF8061DEA88A01911
:1079E0000121FAF729FAAA680644501C04D0A0190C
:1079F0000221FAF7C6F90644A0190321F9F7DFFDC1
:107A00003118002004E02A180B18127BE254401CA5
:107A1000D5F864228242F6DCD5F864024618A01933
:107A20000321F9F7DFFD95F86822064422B1A01979
:107A30000421FAF7A6F906443046BDE8F0812DE9A5
:107A4000F04786B04FF0000714465FEA010805468C
:107A50008DF800700197ADF8087003973E460497C3
:107A60007FD0002C7DD028460021F9F786FE4FF00C
:107A7000FF3AB0B3681CA21C02A9F9F7C4FF471C67
:107A8000BDF808002080E81901AA6946F9F7F6FD5B
:107A900007449DF8000001282ED1E81903AA019996
:107AA000FAF799F907440398E080E81901AA6946B2
:107AB000F9F7E4FD9DF80010022913D0C4F808A0DE
:107AC000E81981460321F9F783FE50B10398A8EB2A
:107AD000070182B24846F9F7AFFBC4F864027F1C85
:107AE00013E009E00744E81904AA0199FAF7F9F844
:107AF00007440498A060E3E7504606B0BDE8F0876D
:107B0000B819A119285C0873761CD4F86402B04235
:107B1000F6DCD4F8640203210744E819F9F76EFE95
:107B200078B110207F1C84F86802474519D2E81903
:107B300001AA6946F9F7A2FD9DF80010042903D0B7
:107B40000FE06FF00100D8E73844284404AA0199F7
:107B5000FAF7C7F807460498411E0F2903D884F89E
:107B600068023846C9E76FF00400C6E770B50E46F4
:107B70000546FAF74AFA04462819311DF9F774F850
:107B8000204470BD2DE9F04117460E460446F9F732
:107B900016FD054660193946FFF7E8FF05446019F0
:107BA0003146F9F71FFD2844BDE8F0812DE9F04189
:107BB0000E460446FAF75BFA4FF0FF35002808DD61
:107BC0000746E019321D4FF40061F9F711F900285A
:107BD00001DC2846E8E73844E6E72DE9F0411446A1
:107BE0000F460546F9F7F4FD4FF0FF3668B1681C03
:107BF0002146FFF7DBFF002807DD441C2819394622
:107C0000F9F7FCFD08B1601CCEE73046CCE770B553
:107C100004000D464FF0000009D020704FF416719B
:107C2000F9F724FC6070A5700E20E070042070BD90
:107C300070B505004FF000000BD013460A46002136
:107C40002846F9F719FF044628190121F9F7B7FC6E
:107C5000204470BD70B5164605004FF000040CD0EE
:107C60000A460021FAF7E8F80446701C05D02819E6
:107C700032460121FAF785F80444204670BD02001F
:107C80004FF0000003D001211046F9F7ABBC70475C
:107C90002DE9F04186B00F4680461E46002411466D
:107CA00001A8FFF7B4FF0346224601A9404600970A
:107CB00000F075FB00285AD0044655E0D6F8023093
:107CC0003288002101A8F9F7D7FE0346224601A910
:107CD0004046009700F063FB002848D0044401218F
:107CE00001A8F9F76CFC0346224601A9404600971B
:107CF00000F055FB00283AD02518D6F8064021E0C0
:107D00002288002101A8FAF797F803462A4601A91C
:107D10004046009700F043FB002828D0D4F802200A
:107D20000544501C0DD0012101A8FAF72AF803469A
:107D30002A4601A94046009700F031FB002816D0E2
:107D40000544E468002CDBD1012101A8F9F74AFCC5
:107D500003462A4601A94046009700F020FB002870
:107D600005D0D6F80A602C18002EA7D1204606B000
:107D7000BDE8F0812DE9F84305004FF000001446FE
:107D8000ADF800001FD000291DD0002C1BD06FF0D3
:107D90000208052902D23F20607317E0284600211F
:107DA000F9F7EBFC3E2780B1681CA21C6946F9F785
:107DB0002AFE461CBDF800002080A8190121F9F711
:107DC00007FD10B1701CBDE8F88367734046FAE701
:107DD00010B5002428B121B10121F9F70FFD00B140
:107DE0000124204610BD2DE9FF474FF000060F4645
:107DF000050014468DF8006001960296039646D061
:107E0000EFB3E4B328784FF03E0800076FF00209A3
:107E100002D482F80D802EE0284601AA6946F9F7BF
:107E20002DFC06469DF8000018BB01994FF03F0855
:107E30007018B8421DD2A81902AAF9F7CCFF06445F
:107E40000298E0804FF0FF30A060A85D01071ED5CA
:107E5000C04340071BD0A81901AA6946F9F70EFCD8
:107E60009DF80010012912D1019906447018B842FA
:107E700006D384F80D80484604B0BDE8F08706E0DC
:107E8000A81903AAF9F72DFF06440398A06030460D
:107E9000F2E7002228B13022027041700E21817079
:107EA00003221046704770B505004FF000000CD05B
:107EB000D1F802300A8800212846F9F7DDFD044692
:107EC00028190121F9F77BFB204470BD70B51646D7
:107ED00005004FF000040CD00A460221F9F7ACFF70
:107EE0000446701C05D0281932460321F9F749FFD2
:107EF0000444204670BD2DE9F04106004FF000001B
:107F000090460F46054614D030460421F9F757FB3A
:107F100004463019B84205D1444405E0785D305537
:107F2000641C6D1C4545F9D330190421F9F75AFB3F
:107F300020441DE72DE9F041040016460F464FF09E
:107F4000000013D020460521F9F739FB05466019DA
:107F50003946F9F763FF054460193146F9F75EFFCA
:107F6000054460190521F9F73DFB284400E70200AC
:107F70004FF0000003D001211046F9F733BB7047E2
:107F8000F8B504004FF000001D461646ADF800009D
:107F90001BD0002919D0002E17D0002D15D0204657
:107FA0000021F9F7EAFB4FF0FF3778B1601C2A4651
:107FB0006946F9F728FD451CBDF8000030806019BE
:107FC0000121F9F705FC08B1681CF8BD3846F8BD79
:107FD00010B5002428B121B10121F9F70FFC00B13F
:107FE0000124204610BD2DE9FF474FF000051E4635
:107FF0009046894604008DF800500195029503953E
:1080000032D0B9F1000F2FD0B8F1000F2CD05EB3F1
:1080100020784FF0FF37000709D5204601AA6946AE
:10802000F9F72CFB05469DF80000022801D03846E0
:1080300022E7601902AA0199F9F7CDFE05440298DA
:10804000A8F800004D450ED2605D01070BD5C04376
:10805000400708D0601901AA6946F9F70FFB9DF89F
:108060000010032902D03760284605E7054460194F
:1080700003AA0199F9F735FE054403983060F3E748
:108080002DE9FF4706004FF000000F4614468DF81B
:10809000000001900290ADF80C004FF03F086FF027
:1080A000020A35D0052F33D98CB3304601AA694670
:1080B000F9F7E4FA85B29DF800004FF03E0910BBD5
:1080C000AF4220D9781B87B2042F19D3701902AAA6
:1080D00003A9F9F798FC284485B2BDF80C0020806C
:1080E0000298C4F80200781B10EA1A4004D07019F4
:1080F0000121F9F76DFB30B1284604B0BDE8F087E7
:1081000084F86A8201E084F86A925046F5E7FFE756
:1081100082F86A82F9E72DE9FE4F05004FF0000072
:10812000894614468DF80000019006466FF0020A59
:10813000029078D0B9F1000F75D0002C73D0411E99
:10814000A160102184F86812C4F86402284601AACC
:108150006946F9F793FA07469DF800004FF03E088C
:1081600090B9E81902AA0199F9F735FE0744029877
:10817000E080E81901AA6946F9F780FA07449DF8FA
:108180000000012803D010E084F86A824CE0E8196E
:1081900002AA0199F9F7A5FD07440298A060E81921
:1081A00001AA6946F9F76AFA07449DF80000022817
:1081B000EAD1E819401EF9F750FA0028E4D07F1EF2
:1081C000E288A9EB0701E819F9F736F8C4F8640268
:1081D0007F1C04E0B819A119285C0873761CD4F838
:1081E0006402B042F6DCD4F8640201AAC619A819E8
:1081F0006946F9F743FA06449DF80000022805D0C5
:10820000A819401EF9F732FA0028BDD1A81901AA11
:108210006946F9F733FA06449DF80000032805D0B3
:10822000701EBDE8FE8F0BE05046FAE7A81902AABF
:108230000199F9F756FD0299304484F86812F0E785
:108240003F2082F86A02EFE770B504000D464FF058
:10825000000009D020704FF41671F9F707F960702B
:10826000A5701020E070042070BD70B505004FF0BF
:1082700000000BD013460A4600212846F9F7FCFB04
:10828000044628190121F9F79AF9204470BD02002B
:108290004FF0000003D001211046F9F7A3B9704751
:1082A0002DE9F0414FF000040F460600254627D087
:1082B000FA880021F9F7C0FDBA680446501C04D0C2
:1082C00030190121F9F75DFD044430190221F9F755
:1082D00076F9044404E07819007B3055641C6D1C69
:1082E000D7F86402A842F6DC30190221F9F77AF9CE
:1082F00097F8682204441AB130190321F9F741FDB7
:108300002046BDE8F081002228B120220270417091
:108310001021817003221046704770B50400154685
:108320004FF000003AD05020207061701020A070F3
:10833000E01C0021F9F743F9C61C95F86912A01951
:10834000F9F76CFD064495F86A12A019F9F766FD75
:108350000644A0190021F9F745F90644A0190121A6
:10836000F9F72DF90644D5F802302A88A019002122
:10837000F9F782FB0644EA88A0190121F9F75CFDB0
:10838000AA680644501C04D0A0190221F9F7F9FC90
:108390000644A0190121F9F725F9304470BD10B544
:1083A0001C46029B9B1AA34205D31044224600F0B0
:1083B000C5FC204610BD002010BD00002DE9F0478F
:1083C0008AB08946824690461D46194604A8FAF7A7
:1083D00087F80022114601A8FEF7B6FD40F23911D8
:1083E00005FB01F04B4F01AB07EB400404AA5146DB
:1083F0002046FEF726FD0646A0194246494600F0F3
:108400002DFA064435B939463246434800F096FC09
:10841000424806702246334601A950460095FAF7B5
:1084200029F80AB0BDE8F08770B586B00D4606465B
:10843000144611466846FAF749F823462A4631465B
:108440006846FFF7BBFF06B070BD2DE9F0418EB066
:108450000F4680461546114601A8FAF737F8294617
:1084600009A8FAF73DF80022114606A8FEF76CFDB0
:1084700040F23910274E684306EB400406AB09AAC8
:1084800001A92046FEF7DDFC20443A46414600F0B3
:10849000E1F9074635B9024631461F4800F04EFC67
:1084A0001E48077022463B4606A901A80095F9F729
:1084B000E1FF0EB0BDE8F08170B586B0054603A8B7
:1084C000FAF7F6F8FAF709F908B1012400E00024F8
:1084D000FAF7FCF8064603A96846FEF762FA314649
:1084E0006846FEF7BFFA24B16FF03B016846FEF71D
:1084F000B9FA68462A46411DFFF7A7FFA3E73EB534
:1085000004466846FAF7D4F868462246411DFFF74C
:108510008BFF3EBD055D002048480020AE200020B6
:1085200070B586B0044605AB03AA00F09BF900289D
:108530001BDD2078A42818D16079B42815D1607883
:108540006438C6B21D488671A1784171E278C27064
:10855000A3798370E5794570247A04700020009532
:10856000CDE901403046D2F7B5FD06B070BD70B51B
:1085700086B0044605AB03AA00F074F90028F4DDC8
:108580002078A428F1D16079B428EED160786438DD
:10859000C6B20A488671A1784171E278C270A379A7
:1085A0008370E5794570247A047000200095CDE948
:1085B00001403046D2F78EFDD7E70000D0150060AD
:1085C00010B5ADF5187D1C466A4600F0B3FA0028D8
:1085D00013DD0098401C0CD00198401C09D0F9F71D
:1085E0008DFF0099884208D3F9F788FF01998842E6
:1085F00003D82146684600F003F80DF5187D10BD3C
:1086000030B5ADF5197D0446002097909890207AFA
:108610000D4680B104F1090098AA97A90446FAF71B
:1086200055FB00281AD0F9F769FF9799009589B290
:108630002346989A10E0D4F80B10B4F8090001AA68
:10864000FAF734FB002809D0F9F758FF0095D4F861
:108650000B20B4F8091001AB00F0F6F90DF5197D07
:1086600030BD002110B904E0001D491C0268521CF5
:10867000FAD1084670472DE9FF4F81B080460024AB
:108680000D4627460398FFF7ECFF81460498FFF755
:10869000E8FF83460E98FFF7E4FF824609EB0B01E3
:1086A0005144B9F1030F00D3C91E6DB1E86858B148
:1086B000286948B10090E8880223A0F580707338DB
:1086C00006D02B752020A8E0002005B0BDE8F08F73
:1086D000A86840B1421C0AD0884274D80026B9F17B
:1086E000030F68D86AE04046F9F767FB8DE0B9F1FF
:1086F000030F19D81AE0039850F827104F2912D009
:108700004B2910D04D290ED008EB0400F9F786FB59
:1087100004440098844206DB052028751220687501
:108720004FF0FF3402E07F1C4F45E4D3BBF1000F54
:108730000FD000260BE0049850F8261008EB040038
:10874000F9F76CFB04440098844207DA761C5E4516
:10875000F1D3BAF1000F63D0002612E0052028758E
:10876000122068754FF0FF34F3E70E9850F826108A
:1087700008EB0400F9F752FB04440098844203DA42
:10878000761C5645F1D34BE005202875122044E0B5
:10879000039951F827104F290CD04B290AD04D29A5
:1087A00008D0761CB04205D108EB0400F9F736FB7F
:1087B000044602E07F1C4F45EAD33CBBBBF1000FEF
:1087C00013D000200EE026E0A968761CB14208D143
:1087D000049951F8201008EB0400F9F71FFB044638
:1087E00002E0401C5845EFD384B9BAF1000F17D00E
:1087F00000200DE0A968761CB14208D10E9951F80D
:10880000201008EB0400F9F709FB044608E0401CBF
:108810005045EFD304E02B752A2068754FF0FF34E4
:10882000204652E770B504001E464FF0000010D0FD
:10883000002A0ED0002E0CD0102020706170A01CD9
:108840001146F9F753FC851C60193146F9F7DDFB39
:10885000284470BD13460A460921E3E713460A4639
:108860000621DFE72DE9FC41044600201E4617469D
:108870008DF80000019000291FD0002F1DD0002E80
:108880001BD0204601AA6946F8F7F8FE05469DF878
:1088900000004FF0FF380A280ED160193946F9F769
:1088A00041FC0544601901AA6946F8F7E7FE054452
:1088B0009DF800000B2802D04046BDE8FC816019FD
:1088C0003146F9F7BEFB2844F7E7F0B5ADF5177D63
:1088D00014460F460646002547E0207810B10128CF
:1088E00010D040E0052F08D3D4F80330B4F80120AD
:1088F00070190021F9F7C0F834E06FF001000DF5B0
:10890000177DF0BDB4F8090008B1E07A00E06078A6
:10891000C01D874227D370190121F8F750FE054486
:10892000B4F809107019F9F748FA0544B4F80900C9
:10893000A0F57F41FF3904D030B1E27A04F10C0197
:1089400004E00022114601E06278A11C6846FDF7B0
:10895000B9FD70196946F9F7C5F805447019012188
:10896000F8F740FE0544D4F81340002CB5D1284652
:10897000C5E72DE9F043ADF5197D002514460646FF
:10898000A8468DF8585297956FF00109989557E0D1
:10899000771900213846F8F7F0FE58B184F80080C6
:1089A0003846E31C621C0021F9F748F8002826DB52
:1089B000054443E038460121F8F7DFFEF8B1012015
:1089C00020706D1C701997AA96A9F8F757FE0544F8
:1089D0009DF85802022812D1701998AA9799F9F7B0
:1089E00080F99899A4F809100544701997AA96A9D6
:1089F000F8F744FE05449DF85802062804D048467E
:108A00000DF5197DBDE8F0836A4630469799F9F770
:108A1000AAF805446846FDF796FD78B1B4F8090058
:108A20006A464FF0070128B104F10C00FDF7A6FDDE
:108A3000E07203E0A01CFDF7A1FD6070D4F81340C4
:108A4000002CA5D12846DBE72DE9F047ADF5287DC0
:108A50000F46B09D81469A4690462946A2A8F9F74E
:108A60003FFD29469AA8F9F731FD002211469FA83B
:108A7000FEF76AFA40F239101349684301EB4004EB
:108A80009FABA2AA9AA92046FEF7DBF9064608206A
:108A9000ADF80400CDF80690ADF80A70514604A870
:108AA000CDF80C80FDF7F0FBA01901A900F0BCF88F
:108AB000331822469FA99AA80095F9F7DBFC0DF51B
:108AC000287DBDE8F0870000055D002070B5050039
:108AD0000C464FF000002CD0002C2AD0102028701B
:108AE000072068700226226871058A420FD26068EA
:108AF00000280CDB88420ADAA81C0021F9F741F9AA
:108B0000861C6268A8190121F9F73BF90644207A0E
:108B100030B1A81904F109020321F9F796F807E02A
:108B2000D4F80B30B4F80920A8190221F8F7A4FFF3
:108B3000304470BD2DE9FF47002614460546B04677
:108B40008DF8006001960296ADF80C60002965D0A2
:108B5000002C63D028460021F8F70FFE4FF0FF3AB3
:108B6000E8B3284601AA6946F8F788FD0646A81921
:108B700002AA0199F9F7B5F8064402984FF4800962
:108B8000484500D22060A81907460121F8F7F5FDF5
:108B900030B3384601AA6946F8F770FD0644A819B3
:108BA00002AA0199F9F79DF806440298484500D2B7
:108BB0006060AF1902213846F8F7DFFDD0B184F8C4
:108BC0000880384601AA6946F8F758FD0644A819F6
:108BD00004F10B0203A9F8F716FF064401E005E0D3
:108BE00020E0BDF80C00A4F8090017E05046C4F8D6
:108BF00000A0DDE738460321F8F7BFFD90B1012062
:108C00002072384601AA6946F8F738FD0644A819CB
:108C100004F109020199F9F734F80644304604B02A
:108C2000BDE8F0875046FAE770B504000D464FF0F6
:108C3000000018D0002D16D0102020700120607088
:108C4000D5F802202988A01CF8F727FF861CAA68FF
:108C5000E988A019F8F721FF0644A01905F10C01D5
:108C6000F8F7D8FF304470BDFEB504460020154625
:108C70008DF800000190ADF80800471E89B385B358
:108C8000204601AA6946F8F7F9FC06469DF800005F
:108C90000C2826D1A019AA1C02A9F8F7B4FE064494
:108CA000BDF808002880A01901AA6946F8F7E6FC7B
:108CB00006449DF800000C2813D1A01905F1080204
:108CC00002A9F8F7A0FE0644BDF80800E880A01944
:108CD00001AA6946F8F7D2FC06449DF8000007286F
:108CE00001D03846FEBDA01905F10C020199F8F734
:108CF000C8FF3044FEBD30B44FF0FF3328B10478D4
:108D0000102C02D14478012C02D030BC1846704798
:108D1000801C30BC891EA7E70649074A08685043F3
:108D200043F2390210440860400870470149086066
:108D300070470000D02200206D4EC64140EA01037A
:108D40009B0703D009E008C9121F08C0042AFAD201
:108D500003E011F8013B00F8013B521EF9D27047C5
:108D6000D2B201E000F8012B491EFBD2704700226D
:108D7000F6E710B513460A4604461946FFF7F0FF1A
:108D8000204610BD30B505462A460B4612F8010BA9
:108D900013F8014B08B1A042F8D01CB1002802D052
:108DA0006D1CF1E7284630BD421C10F8011B00295C
:108DB000FBD1801A704710B5002200E0521C835C82
:108DC0008C5CA34201D1002BF8D1D8B2E1B2401A99
:108DD00010BDCBB203E00178994203D0401C521E73
:108DE000F9D20020704730B504460020034600E069
:108DF0005B1C934203D2E05CCD5C401BF8D030BDDD
:108E0000034611F8012B00F8012B002AF9D118466E
:108E1000704700000FB400B58DB010A909900B90F9
:108E200000914FF0FF300A9000200C90054806900A
:108E3000054807906A4609A80F9900F0FFFC0DB09D
:108E40005DF814FB59980308779803082DE9FF5F34
:108E50001D464FF0FF3BD5E9014691465F464FF076
:108E60000008A9697F1C01988847296A82468847BB
:108E70000028F6D1BAF1FF3F0CD024F4C064002ED4
:108E800019DD600614D5BAF12B0F09D0BAF12D0FF8
:108E90000ED103E0584604B0BDE8F09F44F480646E
:108EA000A9697F1C01988847761E8246002E02DD44
:108EB000BAF1300F03D0B9F1000F26D032E0A96922
:108EC000761E44F400747F1C019888478246002E69
:108ED00005DDBAF1780F06D0BAF1580F03D0B9F119
:108EE000000F10D01EE0B9F1000F02D0B9F1100F41
:108EF00018D1A969761E24F400747F1C0198884754
:108F00008246102002E0082000E00A20814609E0A5
:108F100008FB0908A969761E44F400747F1C0198B7
:108F200088478246002E05DD4946504600F071FC18
:108F30000028EDDAE96901988847A00502D46FF0AE
:108F40000100A8E7E00725D1600613D5600502D52A
:108F5000C8F1000000E0404629680A1D2A6009683F
:108F6000220501D5087015E0220701D5088011E01F
:108F700008600FE02868011D29600068210502D5FE
:108F800080F8008006E0210702D5A0F8008001E00B
:108F9000C0F8008038467EE72DE9F04791460F463D
:108FA00080460446002614F8015B2DB100F024FC35
:108FB0000068405DC007F6D12B2D02D02D2D18D0B2
:108FC000641E4A463946204600F066FC27B13968DF
:108FD000A14201D1C7F8008071054FF002040BD502
:108FE0004042002803DD01F003FA0460A007BDE859
:108FF000F08746F48066E4E70028F8DA01F0F8F933
:1090000004606FF00040F2E72DE9F05F93460F46F1
:1090100080460446002601F0EBF9D0F80090824625
:1090200014F8015B2DB100F0E7FB0068405DC0075C
:10903000F6D12B2D02D02D2D1AD0641E0021CAF896
:1090400000105A463946204600F026FC014627B15A
:109050003868A04201D1C7F80080DAF80000022881
:1090600009D0CAF80090700505D54842BDE8F09FC8
:1090700046F48066E2E70846F8E7F0B480EA0102C9
:10908000D40F4200B2EB410F02D20246084611460D
:109090004A0042D0C30DDDB2C1F3C752AD1A202D34
:1090A00035DAC1F3160141F4000204B15242C5F1B0
:1090B000200602FA06F12A411044B3EBD05F23D018
:1090C000C4B1012DA0EBC35009DCF0BC4FF000424D
:1090D00002EAC352DBB200F5000000F084BC40009D
:1090E00000F1807000EBC350A0F1807040EAD170B5
:1090F000490009E0490841EAC071A0EBC35000F5FE
:109100000000400800EBC350F0BC00F063BC6142BB
:10911000012202EB4101001BF6E7F0BC704781F031
:109120000041AAE780F00040A7E780EA010210B5FD
:1091300002F00043400022D04A001FD0010E01EB94
:109140001261C0F35600C2F3560240F4000042F42C
:109150000002A0FB022000047F39140400D0401C50
:1091600050EA124001D44000491EC2B20C0604EB82
:10917000D010401C4008802A02D003E0002010BD1F
:1091800020F00100002900DA0020184310BD30B49F
:1091900080EA010202F0004530F0004221F0004078
:1091A00013D090B1C30DD40DC2F31601C0F3160055
:1091B000E41A41F4000140F400027D34914201D3ED
:1091C000641C00E04900002C02DA30BC002070472B
:1091D0004FF400000023914201D3891A0343400851
:1091E0004FEA4101F7D151B1914202D14FF0004114
:1091F00005E002D24FF0010101E06FF0010103EB45
:10920000C450284430BC00F0E5BB420005D0C0F398
:10921000C7525242914201DC0020704700EBC1501E
:1092200070472DE9FE4F804681EA0300C00F0C46CF
:10923000009021F0004123F00045B8EB0200A94165
:1092400005D24046214690461C460B46024623F076
:109250000040104347D0270DC7F30A00C3F30A515B
:109260000290401A019040286BDAC3F3130040F4D7
:10927000801B0098924620B10023D2EB030A63EBD7
:109280000B0B01985946C0F14002504600F082FA9B
:1092900006460D4650465946019A00F09AFA10EBE0
:1092A00008006141002487EA115284EAE7731A43F7
:1092B00040D0009A62B3019A012A4FEA075215DCA6
:1092C000001B61EB02014FF0004202EA0752CDE9B8
:1092D0000042001C41F5801132462B4600F0C0FBD5
:1092E00003B0BDE8F08F40462146F9E7001B61EB73
:1092F0000201001C41F5801300185B412018A2F503
:10930000001747EB030140EAD570B6196D4111E033
:109310006D084FEA360645EAC0754FEA0752001B52
:1093200061EB0201001C41F5801149084FEA300051
:109330000019514132462B4603B0BDE8F04F00F012
:1093400080BB0098012240000023D0EB020263EBB7
:10935000E073009821464FEAE074B8EB000061EB3F
:109360000401E9E783F000435BE781F0004158E73F
:109370002DE9FE4F81EA030404F0004421F000418E
:1093800000944FF0000B23F0004350EA01045ED03C
:1093900052EA03045BD0C3F30A54C1F30A552C44C8
:1093A000A4F2F3340194A0FB0254C1F3130141F47D
:1093B0008011C3F3130343F4801301FB024400FB49
:1093C000034E840A970A44EA815447EA8357A4FB70
:1093D000076802958D0A05FB07854FEA932C04FB6D
:1093E0000C542705029D4FEA065847EA1637B5EB9D
:1093F00008056EEB070C870E920E47EA811742EACA
:109400008312A7FB0201B6EB0B0164EB00042B0DEA
:1094100043EA0C335E1844EB1C50DA465146E7FB36
:109420000201C5F313044FEA0B3343EA14534FEA26
:109430000432019C43EA0603A4F10C040294009C4C
:10944000CDE900B400F00CFB03B0BDE8F08F0020C4
:109450000146F9E72DE9F04D81EA030404F0004BE1
:1094600021F0004514464FF0000A23F0004150EA75
:10947000050220D054EA01021DD0C5F30A57024666
:10948000C5F31303C1F31300C1F30A5640F480156A
:1094900043F48013A7EB0608101BD64608F2FD38EC
:1094A00073EB050002D308F1010801E092185B415B
:1094B000B8F1000F03DA00200146BDE8F08D00206E
:1094C0004FF48011064684460EE0171B73EB050728
:1094D00005D3121B63EB050306434CEA010C490854
:1094E0004FEA300092185B4150EA0107EDD152EA91
:1094F000030012D082EA040083EA0501084305D084
:10950000101BAB4106D20122002306E000224FF0DF
:10951000004302E06FF0010253101AEB06004CEB1F
:10952000085110EB0A0041EB0B01BDE8F04D00F0D3
:1095300088BAC10F80EAE0700844CA079623002168
:1095400000F051BA96230022114600F04CBA0EB535
:10955000C10F80EAE0700844CA07002140F233439B
:109560008DE80E000A460B4600F07AFA03B000BD03
:109570000EB540F2334102910021CDE900110A46B7
:109580000B4600F06DFA03B000BD00F0004220F081
:109590000040C10DC0F3160040F400007F2901DA3D
:1095A00000207047962903DCC1F19601C84001E014
:1095B00096398840002AF4D04042704720F000409D
:1095C000C10DC0F3160040F400007F2901DA00202D
:1095D0007047962903DCC1F19601C840704796395F
:1095E0008840704770B5C1F30A5201F0004500246D
:1095F000C1F3130140F2FF3341F480119A4201DAC2
:10960000002070BD40F233439A42A2F2334203DCA1
:10961000524200F0CEF800E090402C43F1D040429E
:1096200070BDC1F30A5210B5C1F3130140F2FF330C
:1096300041F480119A4201DA002010BD40F2334318
:109640009A42A2F2334203DC524200F0B2F810BD5B
:10965000904010BD00F0004230F000400AD0C10D33
:1096600001F56071C0F3160042EA0151C2084007DB
:109670001143704700200146704701F0004330B4A9
:1096800021F0004150EA010206D00A0DA2F56072F5
:10969000C1F31301002A02DC30BC00207047440FE4
:1096A00044EAC104C100E01830BC00EBC25000F035
:1096B00091B90000002801DBC0F10040002901DB66
:1096C000C1F1004181427047A0E8004FF0C040F86E
:1096D00004DB01B5AFF30080BDE8024001C100200A
:1096E000704700F12C080C4658F8040DAFF30080C9
:1096F00058F8040D8546200008BF012038E9F00025
:1097000018E9004F704730B50B4601460020202273
:10971000012409E021FA02F59D4205D303FA02F57E
:10972000491B04FA02F52844151EA2F10102F1DCDE
:1097300030BD2DE9F05F0546002092469B468846E5
:109740000646814640241BE02846414647462246BD
:1097500000F02FF853465A46C01A914110D31146D3
:109760001846224600F016F82D1A67EB01084F46FE
:1097700022460120002100F00DF817EB00094E41B0
:10978000201EA4F10104DFDC484631462A46434648
:10979000BDE8F09F202A04DB203A00FA02F1002005
:1097A00070479140C2F1200320FA03F3194390401F
:1097B0007047202A04DB203A21FA02F0002170478A
:1097C00021FA02F3D040C2F1200291400843194629
:1097D0007047202A06DBCB17203A41FA02F043EA11
:1097E000E07306E041FA02F3D040C2F1200291405A
:1097F000084319467047000000487047444D05086B
:1098000010B50446FFF7F8FF0068005D00F00100A6
:1098100010BD3A2800D2303820F02002412A01D36E
:10982000A2F13700884201D34FF0FF3070470000AB
:10983000026811441378016018467047D1600449EA
:1098400051610449116200211161114600F018BAFA
:109850003198030801980308426842B1016811F881
:10986000013B23B1521EC0E9001218467047012186
:10987000C160881E704742685AB1C368016843B925
:1098800083688B4205D0491E521CC0E9001200209B
:1098900070474FF0FF3070472DE9F05F8246007847
:1098A000002715468B460AF10104B946302801D03D
:1098B0009DB113E014F8010B0127782803D0582834
:1098C00001D045B10AE00DB1102D07D100271025B8
:1098D00014F8010B02E0082500E00A250026B04636
:1098E0000EE005FB080005FB06F1012701EB104621
:1098F0001FFA80F8B6F5803F00D3B94614F8010B83
:109900002946FFF786FF0028EBDABBF1000F05D0F0
:109910000FB1641E00E05446CBF80040B9F1000FCF
:1099200006D000F065FD02210160C81EBDE8F09F71
:1099300048EA0640FAE700000FB4002300B589B0FA
:109940000CA900910B996FF00042CB601E4B06935F
:109950001E4B07930423CDE901321D4A08920246AB
:109960006B46002000F0B8FB09B05DF814FB70B541
:1099700086B006464FF0FF300091CDE9010100208E
:1099800015460C4604903246694604A8FFF7D4FFFA
:1099900002460498211825B108B1084600E0204687
:1099A0002860049800280DD0002A02DD0098884223
:1099B00008D0081B0094CDE901043246694604A88A
:1099C000FFF7BAFF06B070BD5998030877980308EF
:1099D000019803080029A8BF7047401C490008BF30
:1099E00020F00100704710B4B0FA80FC00FA0CF0CF
:1099F00050EA010404BF10BC704749B1CCF1200407
:109A000021FA04F411FA0CF118BF01212143084393
:109A1000A3EB0C01CB1D4FEA00614FEA102042BFBF
:109A2000002010BC704700EBC35010440029A4BFB5
:109A300010BC7047401C490008BF20F0010010BC5A
:109A4000704710B5141E73F1000408DA401C41F190
:109A5000000192185B411A4301D120F0010010BDB2
:109A60002DE9F04D92469B4611B1B1FA81F202E028
:109A7000B0FA80F220329046FFF78CFE04460F4683
:109A800040EA0A0041EA0B0153465A46084313D004
:109A9000114653EA010019D0C8F140025046FFF7C1
:109AA00088FE05460E46504659464246FFF772FE6E
:109AB000084305D0012004E020463946BDE8F08D7A
:109AC0000020054346EAE0762C4337430A986305B5
:109AD000E40AA0EB08000022FD0A44EA47540A30D9
:109AE00002D500200146E9E7010510196941DDE9C9
:109AF000084500196941BDE8F04DA2E770B521F0B5
:109B0000004303430CD0C1F30A550024D5EB0405F0
:109B100064EB0403D617AD1AB34102DB0020014603
:109B200070BD201841EB025170BD2DE9F04D0023AE
:109B30001A461B1A8A4103DB00200146BDE8F08D5E
:109B4000C1F30A52C1F3130141F480154FF0000B29
:109B5000D10702D100186D41521E0027044640F281
:109B6000FF11384601EB620A3E468046024600205D
:109B70004FF48011FFF71DFEC2197141BB1846EB6F
:109B80000100B4EB030C75EB000C04D3E41A65EB95
:109B9000000517460E46241908F101006D41804664
:109BA0003428E3DDF91946EB0600091BA84103D26E
:109BB0004FF0FF32134601E0002213461BEB070073
:109BC00046EB0A51BDE8F04DFFF73BBFC1F30A5227
:109BD000C1F3130140F2FF3341F480119A4202DADB
:109BE00000200146704740F233439A42A2F23342CA
:109BF00002DC5242FFF7DDBDFFF7CCBD30B5041EDD
:109C000071F1000404DB4FF00044404264EB0101B9
:109C1000141E73F1000405DB1C464FF00043524252
:109C200063EB04038B4208BF824230BD30B5041E93
:109C300071F1000404DB4FF00044404264EB010189
:109C4000141E73F1000405DB1C464FF00043524222
:109C500063EB0403994208BF904230BD064C074DA8
:109C600006E0E06840F0010394E8070098471034EC
:109C7000AC42F6D3CEF760FA504D0508904D05087A
:109C80002DE9F34F8BB04FF0000801F10C000C46AA
:109C90004FF0010B46460DF1080A0190626901215F
:109CA00001989047051E2DD0252D2CD0216A88477C
:109CB000C0B16269012101989047216A8847002854
:109CC000F7D1411E62690198904700E0761CA169B6
:109CD0000B988847216A88470028F7D1E1690B98DB
:109CE0008847DBE7A1690B9888470746A84201D15E
:109CF000761CD3E7E1690B9888477F1C02D1B8F145
:109D0000000F6FD047E1002762693D463946019850
:109D100090472A2804D162690121019890470125C2
:109D2000DFF888926269012101989047A0F1300123
:109D30000A290AD24F45E5DC07EB870100EB410712
:109D4000303FDFD445F01005ECE7E90601D46FF0B1
:109D500000476C280AD04C2814D0682815D06A28EF
:109D60000DD074281CD07A281AD01DE06269012118
:109D7000019890476C2802D045F0040514E045F0A6
:109D800002050DE045F020050AE062690121019815
:109D90009047682802D045F0080505E045F40065C5
:109DA0006269012101989047C4E9015765283DD0B7
:109DB00019DC58287AD00CDC452837D004DC25285B
:109DC00026D0412831D131E046282FD047282CD148
:109DD0002CE05B2877D0612828D063287CD06428C9
:109DE00023D15AE0D1E06F2848D008DC66281DD086
:109DF00067281BD0692821D06E2816D127E070284B
:109E000045D0732868D0752847D078280DD14DE00B
:109E1000A1690B988847054625283FF469AFE16999
:109E20000B9888476D1C3FF46AAFB4E023466A463E
:109E30006FF001000B9900F04FF99FE045F04000F2
:109E40006060A80723464FF0000236D43EE0E807E2
:109E50007FF447AF2068011D21600068290501D506
:109E600006701BE7290701D5068017E7A90703D568
:109E7000F117C0E9006111E706600FE745F0400007
:109E80006060A80723464FF0080216D41EE040F693
:109E90000E0125EA0100606016E045F040006060B8
:109EA000A80723464FF00A0207D40FE045F0400010
:109EB0006060A80708D5234610226FF001000B99B7
:109EC000AFF300805AE007E0234610226FF0010054
:109ED0000B99FEF7BBFF51E04FF000094F464B4690
:109EE000632802D05B2807D041E02079C00601D466
:109EF0000120A06001273AE06269012101989047A2
:109F00005E2805D14FF001096269494601989047E2
:109F1000216939B900210A46534643F82120491CDA
:109F20000829FADBB0B3216969B9C11700EBD16226
:109F300053110AEB830122F01F02821A01200B68E1
:109F4000904003430B6062690121019890475D28AE
:109F5000E8D1B9F1000F09D00020514651F8202076
:109F6000D24341F82020401C0828F7DB02AB2246F0
:109F700000976FF001000B99AFF3008000280CDA16
:109F8000401C08D1BBF1000F05D04FF0FF300DB0E1
:109F9000BDE8F08FFFE74046F9E7E90701D108F196
:109FA000010806444FF0000B78E60000CCCCCC0C46
:109FB0002DE9FF4F087883B09946FF2805D0491C4A
:109FC0002D2804D00024002008E000200BE001240C
:109FD000F9E700EB800003EB4000491C0B78FF2BF6
:109FE000F7D104B1404200230293147819461D466C
:109FF0002D2C01D02B2C04D1521C2D2C13D000243D
:10A000000294AA461478FF2C0FD00A25A3FB0578EA
:10A0100001FB05814FF0000C03FB0C11521CE319EE
:10A020004AEB0101EEE70124EAE7814453EA01002B
:10A0300002D019F5C87F06DA03980021C0E90011A3
:10A0400007B0BDE8F08F0025AE4E2F46DFF8B8828E
:10A05000184600F05DF9CDE90001B9F1000002DA1F
:10A06000C9F1000400E004460023A74A1AEB030BE1
:10A0700042EB045A12E0E00707D02A46334638463E
:10A080004146FFF775F9074688462A46334610468B
:10A090001946FFF76DF905460E466410002CEAD10B
:10A0A000DDE90001B9F1000F5A46534606DAFFF721
:10A0B000D1F93A464346FFF7CDF905E0FFF758F9E5
:10A0C0003A464346FFF754F9029A0AB181F000413B
:10A0D000039AC2E90001B3E72DE9FF4F1F468DB097
:10A0E000D7E901464FF0FF382E2045464FF00009D2
:10A0F0000B90B9696D1C0E988847396A824688476B
:10A100000028F6D1BAF1FF3F0AD024F4D064002E23
:10A1100011DDBAF12B0F08D0BAF12D0F0BD102E0EF
:10A12000404611B08DE744F48064B9696D1C0E9807
:10A1300088478246761E6946600501D52D2000E0DD
:10A140002B208DF8000001F1010B0DF1200809E032
:10A15000B9696D1C0E98884782460F9844F40074C4
:10A16000761E0560002E02DDBAF1300FF0D00B999B
:10A170008A453ED144F0800406E00F99681CA9F19D
:10A18000010944F400740860B9696D1C761E0E98CC
:10A19000884782463028F0D02BE00B998A4505D1BC
:10A1A000200603D444F08004761E18E0504600F0E8
:10A1B00029FD08B30DF11301761E44F400748B459C
:10A1C00008D2AAF130000BF8010B200607D5A9F13F
:10A1D000010003E0200602D409F101008146A00538
:10A1E00002D50F99681C0860B9696D1C0E988847E4
:10A1F0008246002ED1DC53E0002E51DDBAF1650F0E
:10A2000002D0BAF1450F4BD1A00549D5B9696D1CF3
:10A2100024F44074761E0E9888478246002E0CDD8A
:10A220002B2804D0BAF12D0F07D144F48074B969FA
:10A230006D1C0E9888478246761EE00501D52D21BB
:10A2400000E02B2108F8011BCDF82C8021E00DF156
:10A250002901761E44F4007488450CD2AAF130001E
:10A2600010F0FF0088F8000002D10B99884509D949
:10A2700008F1010806E0E00501D5244801E042F2BA
:10A280000F708146B9696D1C0E98884782460F98F9
:10A290000560002E04DD504600F0B4FC0028D6D145
:10A2A000F9690E988847FF208BF8000088F80000B5
:10A2B0000020069007904B466A4608A906A8FFF7BB
:10A2C00077FEA00502D46FF001002AE714F0240FF6
:10A2D0000AD0E00714D1DDE906123868031D3B609F
:10A2E0000068C0E900120BE0DDE90601FFF7C5F9DF
:10A2F0000146E00704D13868021D3A600068016039
:10A3000028460EE7000014400000F03FF1D8FFFFA0
:10A310000EB540F2334202920022CDE900221346EC
:10A32000FFF79EFB03B000BD70B58C1810F8015B01
:10A3300015F0070301D110F8013B2A1106D110F8DE
:10A34000012B03E010F8016B01F8016B5B1EF9D1E2
:10A350002B0705D40023521E0DD401F8013BFAE768
:10A3600010F8013BCB1A921C03E013F8015B01F8D3
:10A37000015B521EF9D5A142D8D3002070BD000068
:10A380000FB4054B10B503A9044A029800F042FC33
:10A3900010BC5DF814FB0000C3D600081900006073
:10A3A0000FB4084B10B504A902AA039800F032FCC0
:10A3B000044602A9002000F0B0FF204610BC5DF862
:10A3C00014FB00001BB30308490050EAC12018BF6A
:10A3D00004204A0D18BF40F0010040F2FF72B2EBBA
:10A3E000515F08BF40F00200012808BF05207047F8
:10A3F00000487047CC0500602DE9F74F144694B033
:10A400000021C4E902111599079121F00045C949BD
:10A410008D4206DC1599C4E9000117B00020BDE8A3
:10A42000F08FC549DFF814A3A9423CDD0799C44E5B
:10A430000029C44FC44A1599534619DDFEF792FF0F
:10A44000554506D0C14AC24BFEF78CFFC4E9000156
:10A450000AE04FF0D352BE4BFEF784FF32463B4634
:10A46000FEF780FFC4E9000117B00120BDE8F08FBE
:10A47000FEF7D7FE554506D0B44AB54BFEF7D1FEE0
:10A48000C4E900010AE04FF0D352B14BFEF7C9FE18
:10A4900032463B46FEF7C5FEC4E9000117B04FF057
:10A4A000FF30BDE8F08FAB49A942159978DB21F068
:10A4B000004183468846A84AA84BFEF759FF002270
:10A4C000A74BFEF7AEFEFFF78DF80990FFF73FF8B8
:10A4D00006460F469C4A5346FEF74AFF43465A46F5
:10A4E000FEF743FF80468A46984A994B30463946E4
:10A4F000FEF73EFF2A0D01250B9242465346FEF71A
:10A5000034FF032DC4E9000139D00B98C1F30A517F
:10A51000401A05EB45111139814230DA9148C346A2
:10A52000784400EB0510CDF80CA00C90D0E9002386
:10A5300030463946FEF71CFF02460B460491069052
:10A5400058460399FEF70EFF80468A4602460B46A0
:10A5500058460399FEF706FF049B069AFEF702FF92
:10A5600083460C9803913946D0E902233046FEF722
:10A57000FFFE5A46039BFEF7F5FE6D1CBDE70798EC
:10A580000028A2BF099817B0BDE8F08F616881F07C
:10A5900000416160099817B04042BDE8F08FFFE7C5
:10A5A00084461598C1F31301C0F30A50A0F2F530A8
:10A5B0004FEA601800F01F06C6F12000139000203B
:10A5C0000690079041F4801E05206D4676B1664ADC
:10A5D00008EB00017A4452F8213002EB8101B340CC
:10A5E0004A68139922FA01F1194305E05F4908EB23
:10A5F0000002794451F82210A1FB0E27A1FB0C1395
:10A600001A449A4234BF0123002303EB070A05EBE7
:10A610008003D3E901B70F448F4234BF01210021E9
:10A6200093448B4411B1934502D903E0934501D281
:10A63000012100E00021C3E901B7514445F8201091
:10A64000011EA0F10100C1DC0298059F00F100503D
:10A65000800F12900298DDE903568000FEF777FF25
:10A66000834628460D91FEF783FF6FF01D02FFF72A
:10A6700045FACDE90E013046FEF77AFF6FF03D0254
:10A68000FFF73CFA80468A463846FEF771FF6FF0C6
:10A690005D02FFF733FA0746424653461191FEF733
:10A6A000C0FDDDE90E23FEF7BCFD5A460D9BFEF70B
:10A6B000B8FD00250E465A4628460D9BFEF752FE71
:10A6C000DDE90E23FEF74EFE42465346FEF74AFEF4
:10A6D0003A46119BFEF749FEDFF898A0244A5346FC
:10A6E000FEF746FE07468846234A244B3146284655
:10A6F000FEF73EFE3A464346FEF793FD0746884680
:10A700004FF0A842534631462846FEF731FE3A46FE
:10A710004346FEF786FD159A12F0004F04D0129AB8
:10A7200081F0004152421292C4E90001129817B020
:10A73000BDE8F08FFB21E93F7CD90240FB21F93FC6
:10A740007370032E8A19A33B000040543163621AD0
:10A7500061B4D03DFB21394183C8C96D305FE43F0E
:10A760000000E03FACA6010028A601000AA60100F7
:10A77000182D4454FB21F93D3326A611460B113CFC
:10A780002DE9FF4D21F0004807460C46B8F1795FEE
:10A7900008DAFEF727FF002801BF0020324904B085
:10A7A000BDE8F08D3A46234610461946FEF7E0FD17
:10A7B000054602462D480E460B460621784400F019
:10A7C0005DF82A463346FEF7D3FDDDE902238246D3
:10A7D0008B4638462146FEF7CBFD04460F465246CF
:10A7E0005B4628463146FEF7C3FD22463B46FEF750
:10A7F000B9FD07468A464FF0FF3228463146FFF73B
:10A800007DF91B4A90450ADA3A465346FEF7AAFDFF
:10A8100004B00022BDE8F04D134BFEF7A6BD154A6B
:10A820004245A8BFA8F500154FF00004B8BF124D6F
:10A8300022462B46FEF796FD0646884622462B46C4
:10A8400000200949FEF78EFD04460D463A46534660
:10A8500030464146FEF786FD04B022462B46BDE851
:10A86000F04DFEF782BD00000000F03FD8A30100CC
:10A870003333D33F0000E93F0000D23F2DE9F041E0
:10A880004F1E00EBC7010446D1E9000115461E46E4
:10A8900037F006020DD02A463346FEF769FD7F1ECB
:10A8A00004EBC703D3E90023FEF7BBFC37F0060235
:10A8B000F1D1022F25D0042F13D0062F18BFBDE8E9
:10A8C000F0812A463346FEF753FDD4E90A23FEF70A
:10A8D000A8FC2A463346FEF74BFDD4E90823FEF7D1
:10A8E000A0FC2A463346FEF743FDD4E90623FEF7D3
:10A8F00098FC2A463346FEF73BFDD4E90423FEF7D5
:10A9000090FC2A463346FEF733FDD4E90223FEF7D6
:10A9100088FC2A463346FEF72BFDD4E90023BDE828
:10A92000F041FEF77EBC00002DE9FF4D054621F009
:10A93000004084B00C46B0F1795F0BDA2846FFF78F
:10A9400043FD042808BF00F07DF8284608B02146E2
:10A95000BDE8F08D2A460B461046FEF709FD064677
:10A960000F462A462346FEF703FD804626488A46C0
:10A9700032463B4605217844FFF780FF8346109816
:10A98000029160B3214A224B40465146FEF7F0FC4B
:10A99000CDE900015A4640465146029BFEF7E8FCCD
:10A9A00082468846DDE906014FF0FF32FFF7A6F840
:10A9B00052464346FEF7D6FC32463B46FEF7D8FCED
:10A9C000DDE90623FEF7CEFCDDE90023FEF7CAFC35
:10A9D00008B02A462346BDE8F04DFEF7C6BC0B463C
:10A9E0005A4630463946FEF7C3FC084A084BFEF784
:10A9F00018FC42465346FEF7BBFC08B02A462346E5
:10AA0000BDE8F04DFEF70DBC1EA30100495555559C
:10AA10005555C5BF0022134610460149FEF71ABD21
:10AA20000000F03FFEF7FDBB002213461046114622
:10AA3000FEF710BD40F2013200204FF0E041FFF779
:10AA40005DB80000024A00201107FFF757B8000068
:10AA500001FDFFFF02E008C8121F08C1002AFAD159
:10AA600070477047002001E001C1121F002AFBD18E
:10AA7000704700000149086070470000CC05006085
:10AA80002DE9FF5F82B00021DDE90430020DDDF821
:10AA900040B0034318D044F61050A2F2FF324243B4
:10AAA0001514119801281FD0A5EB0B00401C5FEA7C
:10AAB000000A4FF000064E4FDFF83891B04650467E
:10AAC00015D5CAF1000413E0119801244AA3012806
:10AAD00001D16FEA0B010298119AC0E90031C0E977
:10AAE000024206B0BDE8F09FCBF10000DFE704466C
:10AAF0000021404A491842EB0450CDE9001012E011
:10AB0000E00707D032463B4640464946FEF730FC58
:10AB10008046894632463B4610461946FEF728FCD9
:10AB200006460F466410002CEAD1DDE90401DDE998
:10AB30000023BAF1000F06DAFEF71AFC42464B4634
:10AB4000FEF716FC05E0FEF785FC42464B46FEF795
:10AB500081FC04460E460022284BFFF767F803D815
:10AB60004FF0FF30014607E00022254B20463146DA
:10AB7000FEF757FBFFF72AF8102409E0002C0ADB48
:10AB80000A220023FEF7D5FD039B30321A55641EBE
:10AB900050EA0102F2D1641C039AC4F11103144477
:10ABA000119A012A03D0012208430DD10AE008437B
:10ABB00004D000204FF0110B119072E7A3EB0B05AE
:10ABC0006D1E0DE05B4504DD4FF0000205F101054F
:10ABD00004E003DA4FF00002A5F10105002AECD0F1
:10ABE00002981199C0E90231C0E9004579E70000F7
:10ABF000000014400000F03F300000000000F0436F
:10AC00000000E03F30380A2801D2012070470020C0
:10AC1000704700002DE9FF4F95B09A4688460646DA
:10AC20000025EEE1252877D100242746F94A0121A5
:10AC3000039400E0044316F8013F203B01FA03F0BF
:10AC40001042F7D130782A2811D06FF02F033078D6
:10AC5000A0F13002092A16D8039A44F0020402EB4C
:10AC6000820203EB42021044761C0390EFE758F88F
:10AC7000042B0392002A03DA504244F40054039058
:10AC800044F00204761C30782E2816D116F8010FF5
:10AC900044F004042A280DD06FF02F023078A0F180
:10ACA0003003092B09D807EB870302EB4303C718CE
:10ACB000761CF3E758F8047B761C30786C280FD0AC
:10ACC00006DC4C2817D068280DD06A2814D104E07F
:10ACD000742810D07A280FD10DE044F400140AE053
:10ACE00044F4801401E044F440147278824202D1AA
:10ACF00004F58014761C761C307866280BD013DCA3
:10AD0000582877D009DC002875D04528F6D0462889
:10AD1000F4D047281AD193E118E0632835D064288D
:10AD200079D0652812D18BE1702873D008DC6728B0
:10AD3000F1D069286FD06E280DD06F2806D1ACE015
:10AD400073282CD0752874D0782853D05246179980
:10AD500090476D1C54E1C4F30250022809D0032827
:10AD60000DD0D8F8001004280DD00D6008F10408AB
:10AD700046E1D8F80010EA17C1E90052F6E7D8F822
:10AD800000100D80F2E70D70F0E718F8041B8DF845
:10AD9000001000208DF80100EB46012003E058F878
:10ADA00004BB4FF0FF3061074FF0000102D40DE00B
:10ADB00009F101018946B9420FDA8145F8DB1BF838
:10ADC00009100029F4D108E009F101018946814206
:10ADD000FADB1BF809100029F6D103985346A0EBC3
:10ADE000090721463846179A00F080FA284400EBFC
:10ADF000090507E044E008E10DE01BF8010B5246AD
:10AE000017999047B9F10109F7D2534621463846C0
:10AE1000179AF2E039E00A21C4F302524FF0000B16
:10AE20000091022A06D058F8040BC117032A09D052
:10AE30000AE023E008F1070020F00702F2E802012F
:10AE4000904605E000B2C117042A01D140B2C117F3
:10AE5000002906DA0A460021404261EB02012D2258
:10AE600002E0220504D52B228DF80420012203E004
:10AE7000E20701D02022F7E7914657E00A2100E0DF
:10AE800010214FF0000B00910BE010214FF0000B50
:10AE900044F004040827009103E008204FF0000B61
:10AEA0000090C4F30252022A05D058F8040B002186
:10AEB000032A08D008E008F1070020F00702F2E8B2
:10AEC0000201904603E080B2042A00D1C0B24FF0E4
:10AED000000922072AD53278702A07D0DDF800C091
:10AEE0008CF0100C5CEA0B0C05D00EE040228DF8C3
:10AEF0000420012208E050EA010306D030238DF837
:10AF000004308DF8052002229146009B83F008034F
:10AF100053EA0B030AD150EA010201D1620705D5B9
:10AF200030228DF804204FF001097F1E3278582A14
:10AF300004D039A20C920CAA02920BE03BA2F9E7D2
:10AF40005B46009AFEF7F5FB0C9B9B5C029A521E37
:10AF50000292137050EA0102F2D1029804A9081A71
:10AF600000F1200B600702D524F4803400E00127B3
:10AF70005F4502DDA7EB0B0000E0002000EB0B01BA
:10AF8000009003984944401A0390E00306D45346C6
:10AF90002146179A039800F0A9F90544002706E016
:10AFA00001A85246C05D179990476D1C7F1C4F4504
:10AFB000F6DBE0030CD553462146179A039800F0C0
:10AFC00095F9054404E030205246179990476D1CCE
:10AFD0000099481E00900029F5DC08E002980299CB
:10AFE00052460078491C0291179990476D1CBBF19D
:10AFF0000001ABF1010BF1DC5BE100F065F9054408
:10B00000761C307800287FF40DAE19B02846BDE8D4
:10B01000F08F0000092801003031323334353637E3
:10B020003839616263646566000000003031323394
:10B030003435363738394142434445460000000034
:10B04000600700D4062708F1070020F00700F0E8A9
:10B050000223804603F0004C5FEA0C0001D097A069
:10B0600009E0200501D596A005E0E00701D095A0F4
:10B0700001E0AFF24C001390307823F000436528D4
:10B080000CD006DC452809D046281DD047287FD1A2
:10B090003BE0662818D067287AD136E00021112FCE
:10B0A00001DB112000E0781CCDE9000104A90CA807
:10B0B000FFF7E6FCDDE90D010C9A4FF0000B07F1FC
:10B0C0000109109200914EE04FF000400097CDE949
:10B0D000011004A90CA8FFF7D3FCDDE90D020C9BBD
:10B0E0000F994FF0000B91461093009211B9791C03
:10B0F00000EB0109B7EB090003D4C0F1FF3B07F1F6
:10B100000109A9EB0700019042E0012F00DA0127B5
:10B110000021112F01DD112000E03846CDE90001AA
:10B1200004A90CA8FFF7ACFCDDE90D010C9A009115
:10B130004FF0000BB946109221070FD4009A4A45F0
:10B1400003DA914601E0A9F10109B9F1010F05DD2A
:10B15000109AA9F10101515C3029F4D0B84202DA09
:10B1600010F1040F03DA0121CDE9011010E00028ED
:10B1700003DC8344A9EB000102E0411C494500DDEA
:10B180008946A0EB0B00401C01904FF0004002905C
:10B19000200705D40198484502DB4FF0FF300190AD
:10B1A00000208DF84B0002980DF14B07B0F1004FD5
:10B1B00025D002200C902B200D90029800280CDA4C
:10B1C000404202902D200D9007E00A210298FEF7E0
:10B1D0009AFA3031029007F8011D0C99481E0C9024
:10B1E0000029F2DC02980028EFD1791E0D98087032
:10B1F000307800F0200040F0450007F8020D11A85B
:10B20000C01BC01D02901398007800B1012000EB14
:10B210000901019801EBE071029801440398401A7A
:10B22000401E0390E00306D453462146179A039824
:10B2300000F05CF805441398007818B1524617994D
:10B2400090476D1CE00323D553462146179A039877
:10B2500000F04CF805441BE0BBF1000F07DB009841
:10B26000584504DD1098179910F80B0001E0179964
:10B2700030205246904701980BF1010B401E05F11A
:10B280000105019004D12E205246179990476D1C5C
:10B29000B9F10001A9F10109DEDC05E017F8010BA5
:10B2A0005246179990476D1C0299481E029000293A
:10B2B000F4DC53462146179A03989EE62D000000C1
:10B2C0002B000000200000002DE9F041044600257D
:10B2D0001E461746880404D405E039462020B047AE
:10B2E0006D1C641EF9D52846BDE8F0812DE9F041BA
:10B2F000044600251E469046C80301D5302700E0CD
:10B300002027880404D505E041463846B0476D1C27
:10B31000641EF9D52846BDE8F0810A68531C0B600D
:10B320001070704700B5244B21F0004287B09A425C
:10B33000DCBF0022134629DD204B9A4208D140B9D8
:10B340004FF00100FFF796FBFFF76EFB07B000BD63
:10B3500003DBCCF752FF07B000BD02AAFFF74CF8A1
:10B3600010F0030104BF0DF1080C9CE80F000DD094
:10B37000012001290ED0022914D00DF1080C0090F3
:10B380009CE80F00FFF7D0FA07B000BDFFF7F8F90F
:10B3900007B000BD0DF1080C00909CE80F00FFF70E
:10B3A000C3FA05E00DF1080C9CE80F00FFF7E8F97F
:10B3B00007B081F0004100BDFB21E93F0000F07FB4
:10B3C0002DE9F04D894BCE0F21F0004784B00546A2
:10B3D0000C469F4230D38648874211D3C7F31300EF
:10B3E000284305D004B02846BDE8F04DCCF705BF92
:10B3F000002E1ABF00200146284604B0BDE8F08D9B
:10B400007C4A2846FEF712FC07D20220FFF732FBE7
:10B4100004B0BDE8F04DFFF70DBB774A774B2846E7
:10B420002146FEF7EBFB07D20220FFF723FB04B017
:10B43000BDE8F04DFFF706BB7148B84248D27148ED
:10B44000874215D27048784400EBC6002146D0E907
:10B4500000232846FDF786FFCDE900016B487844BC
:10B4600000EBC600D0E900ABC6F10100861B26E068
:10B47000674A684B28462146FDF77AFF664A7A44B8
:10B4800002EBC603D3E90023FDF7CBFEFEF7AAF8D3
:10B490000646FEF75CF807468846604A604BFDF7B3
:10B4A00067FF2A462346FDF760FFCDE900015D4AAC
:10B4B0005D4B38464146FDF75BFF82468B46DDE932
:10B4C000000152465B46FDF74DFF05460C4618E06D
:10B4D0005648874214D2564A564B28462146FDF715
:10B4E000A0FE554E00223346FEF7A0FB08D204B062
:10B4F000334628462146BDE8F04D0022FDF791BEB7
:10B5000000262A46234610461946FDF731FF80469D
:10B5100002464A480F460B4605217844FFF7AEF92C
:10B5200042463B46FDF724FF2A462346FDF71DFF12
:10B5300007468846E6B302460B4600204FF080419E
:10B54000FDF710FFCDE902013A4643462846214661
:10B55000FDF70EFFDDE90223FDF77CFF52465B4657
:10B56000FDF703FFDDE90023FDF7FCFE0022324B6F
:10B57000FDF7FBFE6FF47F729642A2BF01EB06510E
:10B5800004B0BDE8F08D4FF07A5202EB0652114440
:10B590002B4AFEF7B3FA04460D46FEF715FF0428C2
:10B5A00008BFFFF74FFA204604B02946BDE8F08DEA
:10B5B000FFE700224FF08043FDF7D4FE82460E469F
:10B5C0003A46434628462146FDF7D2FE52463346C8
:10B5D000FDF740FF2A462346FDF7C4FE04B00022D3
:10B5E000BDE8F04D144BFDF7C0BE0000422E864072
:10B5F0000000F07FEF39FAFE51302DD5104987C099
:10B60000422ED63FB2A2F03F469601003E96010080
:10B61000FE822B654715F73FFE9501000000E0FE16
:10B62000422EE63F763C7935EF39EA3D0000303E68
:10B630009C7500883CE4377E0000F03F9295010045
:10B6400018FCFFFF10B5002821D0114B0022001F6D
:10B65000196803E0814203D80A4649680029F9D1F4
:10B6600052B11368841A9C4204D1006818441060D7
:10B67000104602E0506000E0186039B102680B1A11
:10B68000934203D10B681A4402604968416010BDBF
:10B69000C80500602DE9F04DC84A002490B09142E1
:10B6A00005DA21F00043934201D805D120B110B052
:10B6B000BDE8F04DCCF7A1BDB1F5801F1BDA53EA10
:10B6C000000209D0002911DA0120FFF7D3F910B0E8
:10B6D000BDE8F04DFFF7A8B90220FFF7CBF9FFF75F
:10B6E00099F910B081F00041BDE8F08D6FF035049C
:10B6F0003622FEF703FA04EB2152C1F31308B049D6
:10B70000A2F2FF33414401F4801282F07F6103EB27
:10B71000225281F04051009241EA08010022A94BD7
:10B72000FDF720FE044608F10200A74EC0F3130007
:10B730000D467E44032867D2D6E900232046FEF753
:10B740005DFA1ED10098002802BFD6E9000110B0B2
:10B75000BDE8F08DFDF7FBFE07460C469B4A9C4B6F
:10B76000FDF706FE06460D469A4A9B4B3846214693
:10B77000FDF7FEFD10B032462B46BDE8F04DFDF75B
:10B7800050BD4FF05532954B20462946FDF7F0FD50
:10B790000022934BFDF7E9FD06460F4622462B4655
:10B7A00010461946FDF7E4FD32463B46FDF7E0FD45
:10B7B000064600980F46F0B1FDF7C9FE80468A465E
:10B7C000824A834BFDF7D4FD32463B46FDF7CDFD63
:10B7D00022462B46FDF7C6FD05460C467D4A7E4BAC
:10B7E00040465146FDF7C4FD10B02A462346BDE849
:10B7F000F04DFDF7B7BD0B4610B032462046294646
:10B80000BDE8F04DFDF7AEBD00224FF0804320466D
:10B81000FDF707FD02460B4620462946FDF71AFEB6
:10B8200006460F460098FDF792FECDE90401324628
:10B830003B4610463946FDF79BFD0C9069480C9A33
:10B840004044019009910B461046FDF791FD824658
:10B85000024665488B46C8F151080B4608F5D728C3
:10B8600003217844FFF70AF852465B46FDF780FD56
:10B870000A905E480D9152465B4604217844FEF7DB
:10B88000FDFF099B0C9AFDF773FD844601980D9B03
:10B8900040EA080860460A9AFDF7C3FC834608910F
:10B8A000B8F1000F4EDD4FF0FF3220462946FEF77B
:10B8B00025F922462B46FDF75BFD804600988A4617
:10B8C00060B3DDE90401414A414BFDF751FD0991A7
:10B8D00000905A4640465146089BFDF7A2FC32466E
:10B8E0003B46FDF745FD099B009AFDF79AFC424651
:10B8F0005346FDF73AFD22462B46FDF733FD04463D
:10B900000D46DDE90401334A334BFDF731FD10B03C
:10B9100022462B46BDE8F04DFDF724BD5A46404671
:10B92000089BFDF77EFC32463B46FDF721FD424673
:10B930005346FDF71AFD10B022462B46BDE8F04DE8
:10B94000FDF713BD009840B3DDE904011F4A204B09
:10B95000FDF70EFD80468A465A4620462946089B3A
:10B96000FDF700FD32463B46FDF702FD42465346D9
:10B97000FDF7F8FC22462B46FDF7F4FC04460D4685
:10B98000DDE90401134A144BFDF7F2FC10B0224626
:10B990002B46BDE8F04DFDF7E5BC0B465A46204668
:10B9A0002946FDF7DFFC32463B46FDF7E1FC10B0CF
:10B9B00022462B46BDE8F04DFDF7D7BC0000F07FD6
:10B9C000645F09000000F03F92940100763C7935F5
:10B9D000EF39EA3D0000E0FE422EE63F5555D53FE7
:10B9E0000000E03F86EBF9FF7292010070920100C7
:10B9F000F0B50B30154D20F007010024144A0FE07C
:10BA000003688B420BD38B4205D95E1A43184768F3
:10BA1000C3E9006700E04368136002C004E0021D50
:10BA200010680028ECD12046002802D1286808B10F
:10BA30000020F0BD064A07481060074A121A22F09B
:10BA40000702C0E9002401202860D7E7D4220020A3
:10BA5000C8050060F4610020F06300202DE9F04D7E
:10BA60001D460C4698B0174621F0004123F00043D4
:10BA7000002814BF4FF0010C4FF0000C0CEB440CED
:10BA8000FE4A0CEB02064FEA620C66452BD33E00E1
:10BA900018BF012606EB45061644F94A964222D302
:10BAA000F84A53EA070C02D0944205D148B918B0BD
:10BAB00000201146BDE8F08D002808BF4FF0000CB3
:10BAC00001D04FF0010C0CEB440212F5001F0AD814
:10BAD000002F14BF4FF0010C4FF0000C0CEB45028F
:10BAE00012F5001F07D918B03A462B462146BDE88B
:10BAF000F04DFEF797BF0022DFF88CA3002CB8BFF3
:10BB0000534526DADFF884C36345A8BF022220DA52
:10BB1000DFF870C39C451CDCDFF874C30CEB235CBE
:10BB2000BCF1140F08DDCCF1340627FA06FC0CFA40
:10BB300006F6BE420DD108E05FB9CCF1140623FA37
:10BB400006FC0CFA06F69E4203D10CF00102C2F18B
:10BB5000020251EA000C19D1002D17DA002C18BF8F
:10BB6000022A01D0012A07D00220FEF783FF18B075
:10BB7000BDE8F04DFEF74EBF0220FEF77BFFFEF75B
:10BB800049FF18B081F00041BDE8F08DB7F1000C1D
:10BB90006CD1534525D104F1804212F5801201BFCA
:10BBA00000280020B74918B008BFBDE8F08DB5489F
:10BBB000884207DC002DA1BF6046294618B0BDE8C9
:10BBC000F08D07E0281E05DA80F0004118B06046CD
:10BBD000BDE8F08DAF497944D1E9000118B0BDE866
:10BBE000F08DDFF8A0C2634525D1002D1FDA19B111
:10BBF000514512D1D8B909E0002840F0EC82A24AA0
:10BC0000214618B062F31E01BDE8F08D00202146E8
:10BC100018B060F31E01BDE8F08D08DA18B02346B5
:10BC2000BDE8F04D024600206146FDF713BC18B098
:10BC30002146BDE8F08D514518DAB5F1804F0DD0A1
:10BC4000A5F1005CBCF1FF5C10D1B4F1000C0DDB80
:10BC500018B06146BDE8F04D00F03CBC234618B07A
:10BC60000246BDE8F04D1946FDF782BB060024F000
:10BC7000004C3BD1D9B1514533D1002C06DD002D0C
:10BC8000A1BF0020514618B0BDE8F08D002C01DDA9
:10BC9000002D1BDB002C13DA002D11DB012A4FF0E5
:10BCA000000014BF78497C4918B0BDE8F08D022A25
:10BCB00018BF002C0AD0012A08D1002C06DA0AE0AD
:10BCC000002CB8BF002D11DA012A04D0002018B0D2
:10BCD0000146BDE8F08D18B000204FF00041BDE8EE
:10BCE000F08DA1F14050B0F17F601AD0012000EB3F
:10BCF000E47050EA020421D0624C521E4FF0000B57
:10BD0000104304BF4FF0000B644C654883427CDD58
:10BD1000644A654893421FDD884217DB002D25DB0E
:10BD200037E0002C00DA4AB1022A0CBF01204FF0A4
:10BD3000FF3018B0BDE8F04DFDF709BC0120FEF75B
:10BD400099FE18B0BDE8F04DFEF76EBE4D4A8A422E
:10BD500002DC002D0ADC1CE0814202DA002D18DA38
:10BD600004E0484B994220DD002D12DD0220FEF751
:10BD700081FEFEF75FFE05460E46002253465846FA
:10BD80002146FDF7F5FA18B066F31E012846BDE816
:10BD9000F08D0220FEF76EFEFEF754FE0A462146A5
:10BDA00018B062F31E01BDE8F08D002230466146F6
:10BDB000FDF7D8FA80460E466FF00102FDF79EFEB1
:10BDC0004FF05532394BFDF7D0FA42463346FDF776
:10BDD000CFFA0022364BFDF7C8FA82464246334678
:10BDE000049110461946FDF7C3FA5246049BFDF72D
:10BDF000BFFA8A4600904FF0C0422E4B4046314673
:10BE0000FDF7B6FA2C4A2B4B00E027E0CDE90601FE
:10BE100051460098FDF7ACFA82460191274A284B1B
:10BE200040463146FDF7A4FA5246019BFDF79AFAC7
:10BE300082460B4602460591DDE90601FDF7F1F960
:10BE4000DDE90623002688463046FDF78BFA524688
:10BE5000059BFDF78AFA024600F07EB90020B1F595
:10BE6000801F07DA352230466146FDF747FE064659
:10BE70006FF0340000EB215024E00000FFFF1F00B2
:10BE8000FFFF0F000000F03F0000F07F0000404384
:10BE900001FCFFFFEE8F01000000F0FF0000F0BF8B
:10BEA0000000E0410000F043FFFFEF3F5555D53F54
:10BEB0000000E03F4715F73FFE822B6544DF5DF849
:10BEC0000BAE543EA0F2FF300190C1F3130040F0DE
:10BED0007F6141F040510291FE498842D8BF002065
:10BEE00004DDFD498142C8BF012001DD0D9008E05D
:10BEF00000200D900198401C01900298A0F5801040
:10BF000002900299F54878440B910D9900EBC1001D
:10BF1000D0E900230F9330460A920B99FDF722FADD
:10BF2000CDE90601DDE90A2130460F9BFDF779F9DD
:10BF300002460B460020EA49FDF78CFA05910246BD
:10BF40000B460090DDE90601FDF712FA1490E54872
:10BF50008A464FF0000878440299006812904FF02A
:10BF6000005040EA61010D980F9B01EB804000F505
:10BF7000002109910A9A1298FDF7F4F932460B9BB9
:10BF8000FDF7F3F942465346FDF7F2F906460291F2
:10BF900040465146099B129AFDF7EAF9DDE906236E
:10BFA000FDF7E3F93246029BFDF7DCF9059B009AA9
:10BFB000FDF7DEF90091149A049053461046194695
:10BFC000FDF7D6F906460246C7480B460291062100
:10BFD0007844FEF753FCCDE90510029B324610462B
:10BFE0001946FDF7C5F9DDE90532FDF7C1F90591FF
:10BFF0000646534640461946149AFDF712F9009B2F
:10C00000049AFDF7B5F93246059BFDF70AF9CDE92B
:10C0100005104246534610461946FDF7A9F900227D
:10C02000B24B02910A90FDF7FCF8DDE90532FDF70D
:10C03000F8F80E464246AD4B4046FDF793F9029B99
:10C040000A9AFDF78FF9DDE90532FDF78EF94246D0
:10C0500002910A90334610465146FDF789F9CDE921
:10C0600006015346149A02990A98FDF781F98A4607
:10C0700002903346424600990498FDF779F95346F9
:10C08000029AFDF7CEF882460B4602460591DDE99D
:10C090000601FDF7C6F8DDE90623002088460646BE
:10C0A000FDF760F95246059BFDF75FF9824609915D
:10C0B0004FF060428E4B30464146FDF759F90490EF
:10C0C00006918C4A8A4B50460999FDF751F98246F0
:10C0D0000291894A894B30464146FDF749F952465B
:10C0E000029BFDF79EF8864B7B440D9A03EBC2033F
:10C0F000D3E90023FDF795F80E9007910198FDF71D
:10C1000026FA0591DDE9061382460E9A0498FDF79A
:10C1100088F87C4A7A440D9B02EBC303D3E90023E1
:10C1200000930292FDF77DF85246059BFDF779F8E2
:10C130000026884652463046059BFDF713F9009BC2
:10C14000029AFDF70FF9069B049AFDF70BF9079B7E
:10C150000E9AFDF70AF9024600200B460290384677
:10C160002946FDF705F9824601912B4638461946C6
:10C17000029AFDF7F7F832464346FDF7F9F85246C2
:10C18000019BFDF74EF807468A463246434629464C
:10C190000298FDF7EDF805460E463A465346FDF780
:10C1A00040F8594A8846914221DBA8EB020353EA42
:10C1B000000210D12A463346FDF7D4F8CDE9040138
:10C1C000524A534B38465146FDF72BF8DDE904231C
:10C1D000FDF72CFD21D20220FEF74CFCFEF72AFCD5
:10C1E0000A46214618B062F31E01BDE8F08D494BA6
:10C1F00028F000429A4210D3474A08EB020353EA60
:10C2000000027FF4C6AD2A463346FDF7ABF83A4646
:10C210005346FDF70BFD7FF6BCAD0022019228F0DE
:10C2200000403E493E4A01EB2051824223DA481C3D
:10C230004FF4801121FA00F040443A4AC0F30A5109
:10C240007A44394BA1F2FF31CB4020EA0303C0F31B
:10C25000130040F48010C1F11401C840126801902D
:10C26000B8F1000FBCBF4042019028463146FDF7AF
:10C2700079F805460E462A46334638465146FCF7BD
:10C28000D0FF4FF000084246284B40460591FDF78D
:10C290006FF8CDE90601264A264B40460599FDF781
:10C2A00067F8009102902A46334640460599FDF70B
:10C2B00059F83A465346FDF758F81F4A1F4BFDF709
:10C2C00057F8009B029AFCF7ACFF074688460246E7
:10C2D0000B4635E08E9803007AB60B00068C010001
:10C2E0000000F03F6E8C01006C8B010000000840E4
:10C2F00009C7EE3FFD033ADCF5015B14E02F3EBEBB
:10C30000448A0100088A010000009040FE822B65EB
:10C310004715973C00CC904000346F3F01FCFFFF75
:10C320000000E03F84890100FFFF0F00432EE63F3D
:10C33000396CA80C615C20BEEF39FAFE422EE63F54
:10C34000DDE90601FCF76DFFDDE9062305460E4633
:10C35000FDF708F83A464346FDF707F80F462A4628
:10C360003346009010461946FDF702F88246024611
:10C370002E4888460B4605217844FEF77FFA524640
:10C380004346FCF7F5FF2A463346FCF7EEFF8046AE
:10C390008A463B4628463146009AFCF7E9FF3B4671
:10C3A000009AFCF73EFF0691009000224FF0804378
:10C3B00040465146FCF7D6FF0F460C904246534686
:10C3C00028463146FCF7D4FF3B460C9AFDF742F86D
:10C3D000069B009AFCF7C6FF2A463346FCF7C2FFCD
:10C3E0000022134BFCF7C1FF054601980E4601EBF6
:10C3F00000510815002810DC28463146019AFDF747
:10C400007DFBFDF7E1FF042808BFFEF71BFB284674
:10C410003146019AFDF772FB05460B4618B02A46D5
:10C4200058462146BDE8F04DFCF7A2BFF487010055
:10C430000000F03F00B5254B21F0004287B09A4242
:10C4400003DC0022134600922BE0214B9A4208D1D4
:10C4500040B94FF00100FEF70DFBFEF7E5FA07B01B
:10C4600000BD03DBCBF7C9FE07B000BD02AAFDF794
:10C47000C3FF10F003014FF001000DD0012914D0CB
:10C4800002291AD00DF1080C9CE80F00FEF778F98C
:10C4900007B081F0004100BD0DF1080C00909CE850
:10C4A0000F00FEF741FA07B000BD0DF1080C9CE843
:10C4B0000F00FEF765F907B000BD0DF1080C009004
:10C4C0009CE80F00FEF730FAE2E70000FB21E93FAD
:10C4D0000000F07F2DE9F04106460F46FDF725FBF1
:10C4E000041E0D4618BF0120284320F00040C0F173
:10C4F0007F6000F1E040C00F0ED0301C18BF01205B
:10C50000384320F00040C0F17F6000F1E040C00FF0
:10C5100004BF0120FEF7AEFA20462946BDE8F081AF
:10C5200000B583B00A460021CDE9001101466846F6
:10C53000FDF71DFADDE9000103B000BD00030306AD
:10C5400001040602050003051F1C1F1E1F1E1F1FDE
:10C550001E1F1E1F53455420504F494E54000000CB
:10C5600000000000000000000046414E20535045EE
:10C570004544000000000000000000000000535986
:10C580005354454D204D4F4445000000000000002D
:10C5900000000053455400000000000046414E00DA
:10C5A000000000000053595300000000000040400C
:10C5B000801008041005020C10101008080000007C
:10C5C000E80C05085C1305083C130508B0190508BC
:10C5D0005265766572736520414320737570706C87
:10C5E00079206973206465746563746564204241D1
:10C5F000434E4554204D5354502069732064657454
:10C600006563746564200000000000000000000005
:10C61000000000000000000000000000000000001A
:10C62000000000000000000000000000000000000A
:10C6300000000000000000000000000000000000FA
:10C6400000000000000000000000000000000000EA
:10C6500000000000000000000000000000000000DA
:10C6600000000000000000000000000000000000CA
:10C6700000000000000000000000000000000000BA
:10C6800000000000000000000000000000000000AA
:10C69000000000000000000000000000000000009A
:10C6A000000000000000000000000000000000008A
:10C6B000000000000000000000000000000000007A
:10C6C000000000000000000000000000000000006A
:10C6D0000000000000000010110000000000000039
:10C6E0000000000000000000000000000062C9ED32
:10C6F000DEAC370000000000000000000000000079
:10C7000000000000A4FEFFFFFFFFFF5B0000000031
:10C710000000000000000000000000A2FFFFFFFF7B
:10C72000FFFFFFFF3C0000000000000000000000D1
:10C73000000040FDFFFFFFFFFFFFFFFFFF060000BF
:10C7400000000000000000000000F6FFFFFFFFFFF8
:10C75000FFFFFFFFFF7F000000000000000000005F
:10C760000050FFFFFFFFFFFFFFFFFFFFFFFF07007E
:10C77000000000000000000000F4FFFFFFFFFFFFCB
:10C78000FFFFFFFFFFFF4F00000000000000000060
:10C7900010FEFFFFFFFFFFFFFFFFFFFFFFFFDF01B7
:10C7A0000000000000000000A0FFFFFFFFFFFFFFF0
:10C7B000FFFFFFFFFFFFFF09000000000000000077
:10C7C000F5FFFFFFFFFFFFFFFFFFFFFFFFFFFF3F43
:10C7D0000000000000000000FCFFFFFFFFFFFFEF74
:10C7E000FEFFFFFFFFFFFFBF000000000000006032
:10C7F000FFFFFFFFFFFF6C1242F9FFFFFFFFFFFF8C
:10C8000003000000000000C0FFFFFFFFFF7F0000EB
:10C810000030FDFFFFFFFFFF09000000000000F4F3
:10C82000FFFFFFFFFF0600000000D2FFFFFFFFFF3A
:10C830001E000000000000FAFFFFFFFF9F00000045
:10C84000000030FEFFFFFFFF5F000000000010FE51
:10C85000FFFFFFFF1D000000000000F7FFFFFFFFCC
:10C86000AF000000000050FFFFFFFFFF06000000C8
:10C87000000000D1FFFFFFFFEF0100000000A0FF5C
:10C88000FFFFFFDF0100000000000070FFFFFFFF5F
:10C89000FF0400000000D1FFFFFFFF8F0000000039
:10C8A00000000020FEFFFFFFFF0700000000F3FF75
:10C8B000FFFFFF3F0000000000000000FBFFFFFF44
:10C8C000FF0B00000000F6FFFFFFFF0C0000000060
:10C8D00000000000F6FFFFFFFF1D00000000FAFF50
:10C8E000FFFFFF080000000000000000F4FFFFFF52
:10C8F000FF3F00000000FCFFFFFFFF0500000000FD
:10C9000000000030FEFFFFFFFF5F00000010FEFF91
:10C91000FFFFFF0200000000000000E3FFFFFFFF39
:10C92000FF7F00000030FFFFFFFFDF00000000007E
:10C93000000040FEFFFFFFFFFF9F00000050FFFFD1
:10C94000FFFFBF00000000000000E4FFFFFFFFFF4B
:10C95000FFBF00000070FFFFFFFF8F00000000001E
:10C960000040FEFFFFFFFFFFFFCF00000090FFFF32
:10C97000FFFF6F000000000000F4FFFFFFFFFFFF5C
:10C98000FFDF010000A0FFFFFFFF5F0000000000CD
:10C9900050FFFFFFFFFFFFFFFFEF010000C0FFFFA1
:10C9A000FFFF3F0000000000F5FFFFFFFFFFFFFF5C
:10C9B000FFFF020000C0FFFFFFFF2F00000000503C
:10C9C000FFFFFFFFFFFFFFFFFFFF030000D0FFFFA0
:10C9D000FFFF2E00000000F5FFFFFFFFFFFFFFFF3E
:10C9E000FFFF040000E1FFFFFFFF1E00000060FFEB
:10C9F000FFFFFFFFFFFFFFFFFFFF040000E1FFFF5E
:10CA0000FFFF1E000000F6FFFFFFFFFFDFFCFFFF40
:10CA1000FFFF050000E2FFFFFFFF1D000060FFFFBA
:10CA2000FFFFFFFF2DFAFFFFFFFF050000F2FFFFF2
:10CA3000FFFF0D0000F6FFFFFFFFFFDF02FAFFFF21
:10CA4000FFFF050000F2FFFFFFFF0D0070FFFFFF7B
:10CA5000FFFFFF2D00FAFFFFFFFF050000F2FFFFC1
:10CA6000FFFF0D00F7FFFFFFFFFFDF0200FAFFFFF0
:10CA7000FFFF050000F2FFFFFFFF0D70FFFFFFFF4C
:10CA8000FFFF2C0000FAFFFFFFFF050000F2FFFF91
:10CA9000FFFF0DF7FFFFFFFFFFCF010000FAFFFFD1
:10CAA000FFFF050000E2FFFFFFFF8DFFFFFFFFFF1D
:10CAB000FF1C000000FBFFFFFFFF040000E1FFFF81
:10CAC000FFFFFFFFFFFFFFFFCF01000000FBFFFFA5
:10CAD000FFFF040000E1FFFFFFFFFFFFFFFFFFFF7D
:10CAE0001C00000000FCFFFFFFFF030000D0FFFF61
:10CAF000FFFFFFFFFFFFFFCF0100000000FCFFFF73
:10CB0000FFFF020000C0FFFFFFFFFFFFFFFFFF1C52
:10CB10000000000010FDFFFFFFEF010000C0FFFF5D
:10CB2000FFFFFFFFFFFFBF010000000020FEFFFF2F
:10CB3000FFDF010000A0FFFFFFFFFFFFFFFF1B0063
:10CB40000000000030FFFFFFFFCF00000090FFFF5C
:10CB5000FFFFFFFFFFBF01000000000050FFFFFFCD
:10CB6000FFBF00000070FFFFFFFFFFFFFF1B000083
:10CB70000000000070FFFFFFFF9F00000060FFFF4C
:10CB8000FFFFFFFFBF0100000000000090FFFFFF5C
:10CB9000FF7F00000040FFFFFFFFFFFF0B000000D2
:10CBA00000000000C0FFFFFFFF4F00000020FEFF5D
:10CBB000FFFFFFAF0000000000000000E1FFFFFFEB
:10CBC000FF2F00000000FDFFFFFFFF0B0000000033
:10CBD00000000000F4FFFFFFFF0D00000000FAFF5F
:10CBE000FFFFFF0A0000000000000000F8FFFFFF49
:10CBF000FF0A00000000F7FFFFFFFF1E000000001B
:10CC000000000000FDFFFFFFFF0700000000F4FF31
:10CC1000FFFFFF5F0000000000000040FFFFFFFF7C
:10CC2000FF0300000000E1FFFFFFFFAF0000000076
:10CC3000000000A0FFFFFFFFDF0100000000A0FFD9
:10CC4000FFFFFFFF03000000000000F2FFFFFFFFF7
:10CC50009F000000000060FFFFFFFFFF0A000000D0
:10CC6000000000FAFFFFFFFF4F000000000020FE61
:10CC7000FFFFFFFF5F000000000050FFFFFFFFFF0E
:10CC80001D000000000000FBFFFFFFFFEF0400009D
:10CC90000000E3FFFFFFFFFF08000000000000F5B9
:10CCA000FFFFFFFFFF5E00000050FEFFFFFFFFFFE2
:10CCB00002000000000000D1FFFFFFFFFFFF5B123A
:10CCC00052FAFFFFFFFFFFAF00000000000000600E
:10CCD000FFFFFFFFFFFFFFEFFEFFFFFFFFFFFF2F45
:10CCE0000000000000000010FDFFFFFFFFFFFFFF3E
:10CCF000FFFFFFFFFFFFFF08000000000000000033
:10CD0000F5FFFFFFFFFFFFFFFFFFFFFFFFFFDF015B
:10CD10000000000000000000A0FFFFFFFFFFFFFF7A
:10CD2000FFFFFFFFFFFF4F000000000000000000BA
:10CD300010FDFFFFFFFFFFFFFFFFFFFFFFFF0700EB
:10CD4000000000000000000000E3FFFFFFFFFFFF06
:10CD5000FFFFFFFFFF9F0000000000000000000039
:10CD60000040FEFFFFFFFFFFFFFFFFFFFF09000086
:10CD700000000000000000000000D3FFFFFFFFFFE5
:10CD8000FFFFFFFF7F000000000000000000000028
:10CD9000000010F9FFFFFFFFFFFFFFCF03000000BF
:10CDA000000000000000000000000030EAFFFFFF6C
:10CDB000FFFFCF05000000000000000000000000A1
:10CDC000000000002096DCEECD7A03000000000099
:10CDD0000000000000000000000000000000101132
:10CDE0000100000000000000000000000000000042
:10CDF0000000000000000000000000000000000033
:10CE00000000000000000000000000000000000022
:10CE10000000000000000000000000000000000012
:10CE20000000000000000000000000000000000002
:10CE300000000000000000000000000000000000F2
:10CE400000000000000000000000000000000000E2
:10CE500000000000000000000000000000000000D2
:10CE600000000000000000000000000000000000C2
:10CE700000000000000000000000000000000000B2
:10CE800000000000000000000000000000000000A2
:10CE90000000000000000000000000000000000092
:10CEA0000000000000000000000000000000000082
:10CEB0000000000000000000000000000000000072
:10CEC0000000000000000000000000000000000062
:10CED0000000000000000000000000000000000052
:10CEE0000000000000000000000000000000000042
:10CEF0000000000000000000000000000000000032
:10CF00000000000000000000000000000000000021
:10CF10000000000000000000000000000000000011
:10CF20000000000000000000000000000000000001
:10CF300000000000000000000000000000000000F1
:10CF400000000000000000000000000000000000E1
:10CF500000000000000000000000000000000000D1
:10CF600000000000000000000000000000000000C1
:10CF700000000000000000000000000000000000B1
:10CF800000000000000000000000000000000000A1
:10CF90000000000000000000000000000000000091
:10CFA0000000000000000000000000000000000081
:10CFB0000000000000000000000000000000000071
:10CFC0000000000000000000000000000000000061
:10CFD0000000000000000000000000000000000051
:10CFE00000000000000000000000000000000043FE
:10CFF0004444440200000000000000000000000063
:10D00000000000000000A1FFFFFFFF0A0000000079
:10D010000000000000000000000000000050FDFFC4
:10D02000FFFFFF09000000000000000000000000FA
:10D030000000000000F8FFFFFFFFFF0900000000F4
:10D04000000000000000000000000000C3FFFFFF20
:10D05000FFFFFF09000000000000000000000000CA
:10D0600000000060FEFFFFFFFFFFFF09000000005F
:10D070000000000000000000000020FAFFFFFFFF9A
:10D08000FFFFFF090000000000000000000000009A
:10D090000000D5FFFFFFFFFFFFFFFF0900000000BA
:10D0A00000000000000000000091FFFFFFFFFFFFF5
:10D0B000FFFFFF090000000000000000000000006A
:10D0C00030FCFFFFFFFFFFFFFFFFFF090000000034
:10D0D0000000000000000000F7FFFFFFFFFFFFFF60
:10D0E000FFFFFF090000000000000000000000B288
:10D0F000FFFFFFFFFFFFFFFFFFFFFF090000000032
:10D1000000000000000040FEFFFFFFFFFFFFFFFFE9
:10D11000FFFFFF090000000000000000000060FFAA
:10D12000FFFFFFFFFFFFFFFFFFFFFF090000000001
:10D1300000000000000020FEFFFFFFFFFFFFFFFFD9
:10D14000FFFFFF090000000000000000000000FBDE
:10D15000FFFFFFFFFF9FF9FFFFFFFF090000000037
:10D1600000000000000000F7FFFFFFFFFF06F8FFD0
:10D17000FFFFFF090000000000000000000000F3B6
:10D18000FFFFFFFF3C00F8FFFFFFFF09000000006A
:10D1900000000000000000D0FFFFFF9F0100F8FF2B
:10D1A000FFFFFF09000000000000000000000090E9
:10D1B000FFFFEF060000F8FFFFFFFF09000000007F
:10D1C0000000000000000050FFFF3C000000F8FFDE
:10D1D000FFFFFF0900000000000000000000001039
:10D1E000FE9F01000000F8FFFFFFFF0900000000A4
:10D1F0000000000000000000FB0600000000F8FF37
:10D20000FFFFFF0900000000000000000000000018
:10D21000450000000000F8FFFFFFFF0900000000CC
:10D220000000000000000000000000000000F8FF07
:10D23000FFFFFF09000000000000000000000000E8
:10D24000000000000000F8FFFFFFFF0900000000E1
:10D250000000000000000000000000000000F8FFD7
:10D26000FFFFFF09000000000000000000000000B8
:10D27000000000000000F8FFFFFFFF0900000000B1
:10D280000000000000000000000000000000F8FFA7
:10D29000FFFFFF0900000000000000000000000088
:10D2A000000000000000F8FFFFFFFF090000000081
:10D2B0000000000000000000000000000000F8FF77
:10D2C000FFFFFF0900000000000000000000000058
:10D2D000000000000000F8FFFFFFFF090000000051
:10D2E0000000000000000000000000000000F8FF47
:10D2F000FFFFFF0900000000000000000000000028
:10D30000000000000000F8FFFFFFFF090000000020
:10D310000000000000000000000000000000F8FF16
:10D32000FFFFFF09000000000000000000000000F7
:10D33000000000000000F8FFFFFFFF0900000000F0
:10D340000000000000000000000000000000F8FFE6
:10D35000FFFFFF09000000000000000000000000C7
:10D36000000000000000F8FFFFFFFF0900000000C0
:10D370000000000000000000000000000000F8FFB6
:10D38000FFFFFF0900000000000000000000000097
:10D39000000000000000F8FFFFFFFF090000000090
:10D3A0000000000000000000000000000000F8FF86
:10D3B000FFFFFF0900000000000000000000000067
:10D3C000000000000000F8FFFFFFFF090000000060
:10D3D0000000000000000000000000000000F8FF56
:10D3E000FFFFFF0900000000000000000000000037
:10D3F000000000000000F8FFFFFFFF090000000030
:10D400000000000000000000000000000000F8FF25
:10D41000FFFFFF0900000000000000000000000006
:10D42000000000000000F8FFFFFFFF0900000000FF
:10D430000000000000000000000000000000F8FFF5
:10D44000FFFFFF09000000000000000000000000D6
:10D45000000000000000F8FFFFFFFF0900000000CF
:10D460000000000000000000000000000000F8FFC5
:10D47000FFFFFF09000000000000000000000000A6
:10D48000000000000000F8FFFFFFFF09000000009F
:10D490000000000000000000000000000000F8FF95
:10D4A000FFFFFF0900000000000000000000000076
:10D4B000000000000000F8FFFFFFFF09000000006F
:10D4C0000000000000000000000000000000F8FF65
:10D4D000FFFFFF0900000000000000000000000046
:10D4E000000000000000F8FFFFFFFF09000000003F
:10D4F0000000000000000000000000000000F8FF35
:10D50000FFFFFF0900000000000000000000000015
:10D51000000000000000F8FFFFFFFF09000000000E
:10D520000000000000000000000000000000F8FF04
:10D53000FFFFFF09000000000000000000000000E5
:10D54000000000000000F8FFFFFFFF0900000000DE
:10D550000000000000000000000000000000F8FFD4
:10D56000FFFFFF09000000000000000000000000B5
:10D57000000000000000F8FFFFFFFF0900000000AE
:10D580000000000000000010111111111111F9FF2D
:10D59000FFFFFF1A1111111111000000000000E23D
:10D5A000EEEEEEEEEEEEFFFFFFFFFFEFEEEEEEEE45
:10D5B000EE040000000000F2FFFFFFFFFFFFFFFF8F
:10D5C000FFFFFFFFFFFFFFFFFF040000000000F26E
:10D5D000FFFFFFFFFFFFFFFFFFFFFFFFFFFFFFFF5B
:10D5E000FF040000000000F2FFFFFFFFFFFFFFFF4E
:10D5F000FFFFFFFFFFFFFFFFFF040000000000F23E
:10D60000FFFFFFFFFFFFFFFFFFFFFFFFFFFFFFFF2A
:10D61000FF040000000000F2FFFFFFFFFFFFFFFF1D
:10D62000FFFFFFFFFFFFFFFFFF040000000000F20D
:10D63000FFFFFFFFFFFFFFFFFFFFFFFFFFFFFFFFFA
:10D64000FF040000000000F2FFFFFFFFFFFFFFFFED
:10D65000FFFFFFFFFFFFFFFFFF040000000000F2DD
:10D66000FFFFFFFFFFFFFFFFFFFFFFFFFFFFFFFFCA
:10D67000FF040000000000E2FFFFFFFFFFFFFFFFCD
:10D68000FFFFFFFFFFFFFFFFFF040000000000F2AD
:10D69000FFFFFFFFFFFFFFFFFFFFFFFFFFFFFFFF9A
:10D6A000FF040000000000B2BBBBBBBBBBBBBBBBED
:10D6B000BBBBBBBBBBBBBBBBBB03000000000000D4
:10D6C000000000000000000000000000000000005A
:10D6D000000000000000000000000000000000004A
:10D6E000000000000000000000000000000000003A
:10D6F000000000000000000000000000000000002A
:10D700000000000000000000000000000000000019
:10D710000000000000000000000000000000000009
:10D7200000000000000000000000000000000000F9
:10D7300000000000000000000000000000000000E9
:10D7400000000000000000000000000000000000D9
:10D7500000000000000000000000000000000000C9
:10D7600000000000000000000000000000000000B9
:10D7700000000000000000000000000000000000A9
:10D780000000000000000000000000000000000099
:10D790000000000000000000000000000000000089
:10D7A0000000000000000000000000000000000079
:10D7B0000000000000000000000000000000000069
:10D7C0000000000000000000000000000000000059
:10D7D0000000000000000000000000000000000049
:10D7E0000000000000000000000000000000000039
:10D7F0000000000000000000000000000000000029
:10D800000000000000000000000000000000000018
:10D810000000000000000000000000000000000008
:10D8200000000000000000000000000000000000F8
:10D8300000000000000000000000000000000000E8
:10D8400000000000000000000000000000000000D8
:10D8500000000000000000000000000000000000C8
:10D8600000000000000000000000000000000000B8
:10D8700000000000000000000000000000000000A8
:10D880000000000000000000000000000000000098
:10D890000000000000000000000000000000000088
:10D8A0000000000000000000000000000000000078
:10D8B0000000000000000000000000000000000068
:10D8C0000000000000000000000000000000000058
:10D8D0000000000000001011010000000000000026
:10D8E00000000000000000000000000030A7DCEE97
:10D8F000CD7A0300000000000000000000000000DE
:10D9000000000071FCFFFFFFFFFFCF1600000000CA
:10D910000000000000000000000060FDFFFFFFFFAE
:10D92000FFFFFFCF04000000000000000000000027
:10D930000020FBFFFFFFFFFFFFFFFFFF8F00000046
:10D94000000000000000000000E5FFFFFFFFFFFFF8
:10D95000FFFFFFFFFF0900000000000000000000C3
:10D9600070FFFFFFFFFFFFFFFFFFFFFFFF8F0000C4
:10D970000000000000000000F8FFFFFFFFFFFFFFB6
:10D98000FFFFFFFFFFFF0500000000000000008018
:10D99000FFFFFFFFFFFFFFFFFFFFFFFFFFFF1D0078
:10D9A00000000000000000F7FFFFFFFFFFFFFFFF88
:10D9B000FFFFFFFFFFFF7F0000000000000020FFCF
:10D9C000FFFFFFFFFFFFFFFFFFFFFFFFFFFFEF0175
:10D9D00000000000000000FAFFFFFFFFFFFFFFFF55
:10D9E000FFFFFFFFFFFFFF0600000000000000E256
:10D9F000FFFFFFFFFFEFBCDCFFFFFFFFFFFFFF0BA1
:10DA00000000000000000080FFFFFFFFBF250010A6
:10DA1000B4FFFFFFFFFFFF2E00000000000000101A
:10DA2000FDFFFFDF0500000000F9FFFFFFFFFF5FC4
:10DA30000000000000000000F5FFFF2B00000000C8
:10DA400000A0FFFFFFFFFF8F0000000000000000AC
:10DA5000B0FFAF00000000000020FEFFFFFFFFBF8F
:10DA6000000000000000000030FF0A00000000007D
:10DA70000000F9FFFFFFFFCF0000000000000000E2
:10DA800000CA0000000000000000F4FFFFFFFFDFFD
:10DA90000100000000000000002100000000000064
:10DAA0000000E1FFFFFFFFEF0200000000000000A8
:10DAB00000000000000000000000C0FFFFFFFFFFAB
:10DAC0000200000000000000000000000000000054
:10DAD0000000A0FFFFFFFFFF0200000000000000A9
:10DAE0000000000000000000000090FFFFFFFFFFAB
:10DAF0000200000000000000000000000000000024
:10DB0000000090FFFFFFFFFF020000000000000088
:10DB100000000000000000000000A0FFFFFFFFEF7A
:10DB200001000000000000000000000000000000F4
:10DB30000000B0FFFFFFFFDF010000000000000059
:10DB400000000000000000000000C0FFFFFFFFCF4A
:10DB500000000000000000000000000000000000C5
:10DB60000000E1FFFFFFFFBF000000000000000019
:10DB700000000000000000000000F3FFFFFFFF8F27
:10DB80000000000000000000000000000000000095
:10DB90000000F6FFFFFFFF5F000000000000000034
:10DBA00000000000000000000000FAFFFFFFFF2F50
:10DBB0000000000000000000000000000000000065
:10DBC0000020FEFFFFFFFF0C00000000000000002F
:10DBD00000000000000000000070FFFFFFFFFF09D1
:10DBE0000000000000000000000000000000000035
:10DBF00000D0FFFFFFFFFF04000000000000000056
:10DC0000000000000000000000F6FFFFFFFFDF0043
:10DC10000000000000000000000000000000000004
:10DC200010FDFFFFFFFF7F0000000000000000006C
:10DC3000000000000000000070FFFFFFFFFF2E004B
:10DC400000000000000000000000000000000000D4
:10DC5000E1FFFFFFFFFF09000000000000000000DF
:10DC60000000000000000000F9FFFFFFFFFF0200BE
:10DC70000000000000000000000000000000004064
:10DC8000FFFFFFFFFF9F00000000000000000000FA
:10DC900000000000000000D1FFFFFFFFFF2E00008A
:10DCA000000000000000000000000000000000F87C
:10DCB000FFFFFFFFFF070000000000000000000062
:10DCC00000000000000040FFFFFFFFFFCF0000004A
:10DCD0000000000000000000000000000000D1FF74
:10DCE000FFFFFFFF3F0000000000000000000000F9
:10DCF000000000000000FAFFFFFFFFFF0800000027
:10DD00000000000000000000000000000060FFFFB5
:10DD1000FFFFFFCF00000000000000000000000037
:10DD20000000000000E2FFFFFFFFFF3E00000000D8
:10DD300000000000000000000000000000FCFFFFE9
:10DD4000FFFFFF06000000000000000000000000D0
:10DD50000000000090FFFFFFFFFFAF000000000089
:10DD6000000000000000000000000000F5FFFFFFC1
:10DD7000FFFF1D0000000000000000000000000088
:10DD800000000020FEFFFFFFFFFF03000000000077
:10DD90000000000000000000000000C0FFFFFFFFC7
:10DDA000FF6F000000000000000000000000000005
:10DDB000000000F8FFFFFFFFFF0900000000000067
:10DDC0000000000000000000000040FFFFFFFFFF18
:10DDD000CF00000000000000000000000000000074
:10DDE0000000E2FFFFFFFFFF2E0000000000000028
:10DDF00000000000000000000000FBFFFFFFFFFF2D
:10DE0000050000000000000000000000000000000D
:10DE10000070FFFFFFFFFF8F000000000000000008
:10DE2000000000000000000000F4FFFFFFFFFF0BF8
:10DE300000000000000000000000000000000000E2
:10DE400010FDFFFFFFFFDF010000000000000000E9
:10DE50000000000000000000B0FFFFFFFFFF4F00C8
:10DE600000000000000000000000000000000000B2
:10DE7000F7FFFFFFFFFF05000000000000000000AB
:10DE80000000000000000030FFFFFFFFFFEF878869
:10DE9000888888888888887878010000000000D108
:10DEA000FFFFFFFFFFFFFFFFFFFFFFFFFFFFFFFF82
:10DEB000FF010000000000FAFFFFFFFFFFFFFFFF70
:10DEC000FFFFFFFFFFFFFFFFEF010000000010FE5C
:10DED000FFFFFFFFFFFFFFFFFFFFFFFFFFFFFFFF52
:10DEE000EF010000000010FEFFFFFFFFFFFFFFFF3C
:10DEF000FFFFFFFFFFFFFFFFEF010000000010FE2C
:10DF0000FFFFFFFFFFFFFFFFFFFFFFFFFFFFFFFF21
:10DF1000EF010000000010FEFFFFFFFFFFFFFFFF0B
:10DF2000FFFFFFFFFFFFFFFFEF010000000010FEFB
:10DF3000FFFFFFFFFFFFFFFFFFFFFFFFFFFFFFFFF1
:10DF4000EF010000000010FEFFFFFFFFFFFFFFFFDB
:10DF5000FFFFFFFFFFFFFFFFEF010000000010FECB
:10DF6000FFFFFFFFFFFFFFFFFFFFFFFFFFFFFFFFC1
:10DF7000EF010000000010FEFFFFFFFFFFFFFFFFAB
:10DF8000FFFFFFFFFFFFFFFFEF010000000010FF9A
:10DF9000FFFFFFFFFFFFFFFFFFFFFFFFFFFFFFFF91
:10DFA000FF010000000010BABBBBBBBBBBBBBBBBCF
:10DFB000BBBBBBBBBBBBBBBBAB01000000000000DD
:10DFC0000000000000000000000000000000000051
:10DFD0000000000000000000000000000000000041
:10DFE0000000000000000000000000000000000031
:10DFF0000000000000000000000000000000000021
:10E000000000000000000000000000000000000010
:10E010000000000000000000000000000000000000
:10E0200000000000000000000000000000000000F0
:10E0300000000000000000000000000000000000E0
:10E0400000000000000000000000000000000000D0
:10E0500000000000000000000000000000000000C0
:10E0600000000000000000000000000000000000B0
:10E0700000000000000000000000000000000000A0
:10E080000000000000000000000000000000000090
:10E090000000000000000000000000000000000080
:10E0A0000000000000000000000000000000000070
:10E0B0000000000000000000000000000000000060
:10E0C0000000000000000000000000000000000050
:10E0D0000000000000000000000000000000000040
:10E0E0000000000000000000000000000000000030
:10E0F0000000000000000000000000000000000020
:10E10000000000000000000000000000000000000F
:10E1100000000000000000000000000000000000FF
:10E1200000000000000000000000000000000000EF
:10E1300000000000000000000000000000000000DF
:10E1400000000000000000000000000000000000CF
:10E1500000000000000000000000000000000000BF
:10E1600000000000000000000000000000000000AF
:10E17000000000000000000000000000000000009F
:10E18000000000000000000000000000000000008F
:10E19000000000000000000000000000000000007F
:10E1A000000000000000000000000000000000006F
:10E1B000000000000000000000000000000000005F
:10E1C000000000000000000000000000000000004F
:10E1D000000000000010111100000000000000000D
:10E1E000000000000000000000001074B9DDEEDE49
:10E1F000BC5801000000000000000000000000000A
:10E200000062EBFFFFFFFFFFFFFFAE040000000016
:10E210000000000000000000A5FEFFFFFFFFFFFF61
:10E22000FFFFFFAF02000000000000000000003010
:10E23000FFFFFFFFFFFFFFFFFFFFFFFF6E0000007C
:10E240000000000000000030FFFFFFFFFFFFFFFFA6
:10E25000FFFFFFFFFF07000000000000000000308C
:10E26000FFFFFFFFFFFFFFFFFFFFFFFFFF6F00004C
:10E270000000000000000030FFFFFFFFFFFFFFFF76
:10E28000FFFFFFFFFFFF0300000000000000003061
:10E29000FFFFFFFFFFFFFFFFFFFFFFFFFFFF0C0080
:10E2A0000000000000000030FFFFFFFFFFFFFFFF46
:10E2B000FFFFFFFFFFFF6F000000000000000030C5
:10E2C000FFFFFFFFFFFFFFFFFFFFFFFFFFFFCF008D
:10E2D0000000000000000030FFFFFFFFFFFFFFFF16
:10E2E000FFFFFFFFFFFFFF04000000000000003001
:10E2F000FFFFFFBE79454496FDFFFFFFFFFFFF08CC
:10E300000000000000000030FFDF480100000000B6
:10E3100060FEFFFFFFFFFF0B000000000000003069
:10E320009E0400000000000000D2FFFFFFFFFF1E60
:10E3300000000000000000100100000000000000CC
:10E340000040FFFFFFFFFF3F000000000000000053
:10E3500000000000000000000000FBFFFFFFFF4F77
:10E3600000000000000000000000000000000000AD
:10E370000000F5FFFFFFFF5F00000000000000004D
:10E3800000000000000000000000F2FFFFFFFF5F40
:10E39000000000000000000000000000000000007D
:10E3A0000000E1FFFFFFFF5F000000000000000031
:10E3B00000000000000000000000D0FFFFFFFF5F32
:10E3C000000000000000000000000000000000004D
:10E3D0000000D0FFFFFFFF4F000000000000000022
:10E3E00000000000000000000000E1FFFFFFFF3F11
:10E3F000000000000000000000000000000000001D
:10E400000000F2FFFFFFFF1E000000000000000000
:10E4100000000000000000000000F4FFFFFFFF0C00
:10E4200000000000000000000000000000000000EC
:10E430000000F8FFFFFFFF090000000000000000DF
:10E4400000000000000000000010FDFFFFFFFF05BE
:10E4500000000000000000000000000000000000BC
:10E460000080FFFFFFFFEF01000000000000000040
:10E47000000000000000000000F5FFFFFFFF8F001C
:10E48000000000000000000000000000000000008C
:10E4900070FFFFFFFFFF2E000000000000000000E3
:10E4A0000000000000000051FCFFFFFFFFFF06001E
:10E4B0000000000000000000000082888888C9FE7B
:10E4C000FFFFFFFFFFAF00000000000000000000A2
:10E4D0000000F3FFFFFFFFFFFFFFFFFFFF1B000038
:10E4E00000000000000000000000F3FFFFFFFFFF3E
:10E4F000FFFFFFFFBF010000000000000000000060
:10E500000000F3FFFFFFFFFFFFFFFFEF070000002A
:10E5100000000000000000000000F3FFFFFFFFFF0D
:10E52000FFFFFF9F0100000000000000000000004E
:10E530000000F3FFFFFFFFFFFFFFFFFFBF0400002E
:10E5400000000000000000000000F3FFFFFFFFFFDD
:10E55000FFFFFFFFFFAF0100000000000000000010
:10E560000000F3FFFFFFFFFFFFFFFFFFFFFF3D0086
:10E5700000000000000000000000F3FFFFFFFFFFAD
:10E58000FFFFFFFFFFFFEF020000000000000000A0
:10E590000000F3FFFFFFFFFFFFFFFFFFFFFFFF1C78
:10E5A00000000000000000000000B2BBBBBBDCFEAE
:10E5B000FFFFFFFFFFFFFF8F0000000000000000D3
:10E5C0000000000000000041C7FFFFFFFFFFFFFF4A
:10E5D0000200000000000000000000000000000039
:10E5E00000C4FFFFFFFFFFFF090000000000000064
:10E5F00000000000000000000000F8FFFFFFFFFF28
:10E600001E000000000000000000000000000000EC
:10E61000000080FFFFFFFFFF5F0000000000000020
:10E620000000000000000000000000FBFFFFFFFFF3
:10E630009F0000000000000000000000000000003B
:10E64000000000F3FFFFFFFFCF000000000000000C
:10E650000000000000000000000000C0FFFFFFFFFE
:10E66000EF010000000000000000000000000000BA
:10E6700000000080FFFFFFFFFF020000000000001D
:10E68000000000000000000000000060FFFFFFFF2E
:10E69000FF03000000000000000000000000000078
:10E6A00000000050FFFFFFFFFF030000000000001C
:10E6B000000000000000000000000050FFFFFFFF0E
:10E6C000FF03000000000000000000000000000048
:10E6D00000000050FFFFFFFFFF03000000000000EC
:10E6E000000000000000000000000070FFFFFFFFBE
:10E6F000FF02000000000000000000000000000019
:10E70000000000A0FFFFFFFFEF010000000000007D
:10E710000000000000000000000000D0FFFFFFFF2D
:10E72000DF0000000000000000000000000000000A
:10E73000000000F4FFFFFFFFAF000000000000003A
:10E740000000000000000000000000FBFFFFFFFFD2
:10E750008F0000000000000000000000000000002A
:10E76000000070FFFFFFFFFF4F00000000000000EF
:10E7700000000000000000000000F6FFFFFFFFFFA8
:10E780001E0000000000000000000000000000006B
:10E790000092FFFFFFFFFFFF0A000000000000B82B
:10E7A000581300000000001094FEFFFFFFFFFFFF62
:10E7B00004000000000000F9FFEFBD9A8888A8EB74
:10E7C000FFFFFFFFFFFFFFCF00000000000000F988
:10E7D000FFFFFFFFFFFFFFFFFFFFFFFFFFFFFF5FE9
:10E7E00000000000000000F9FFFFFFFFFFFFFFFF38
:10E7F000FFFFFFFFFFFFFF0B00000000000000F91C
:10E80000FFFFFFFFFFFFFFFFFFFFFFFFFFFFEF0225
:10E8100000000000000000F9FFFFFFFFFFFFFFFF07
:10E82000FFFFFFFFFFFF4F0000000000000000F9A6
:10E83000FFFFFFFFFFFFFFFFFFFFFFFFFFFF0500E1
:10E8400000000000000000F9FFFFFFFFFFFFFFFFD7
:10E85000FFFFFFFFFF4E000000000000000000F976
:10E86000FFFFFFFFFFFFFFFFFFFFFFFFBF020000F3
:10E8700000000000000000F9FFFFFFFFFFFFFFFFA7
:10E88000FFFFFFDF0600000000000000000000FAAC
:10E89000FFFFFFFFFFFFFFFFFFFFCF16000000009D
:10E8A00000000000000000B5FDFFFFFFFFFFFFFFBD
:10E8B000EF8B0300000000000000000000000000DB
:10E8C000215487A9BBBB9A57130000000000000029
:10E8D0000000000000000000000000000000000038
:10E8E0000000000000000000000000000000000028
:10E8F0000000000000000000000000000000000018
:10E900000000000000000000000000000000000007
:10E9100000000000000000000000000000000000F7
:10E9200000000000000000000000000000000000E7
:10E9300000000000000000000000000000000000D7
:10E9400000000000000000000000000000000000C7
:10E9500000000000000000000000000000000000B7
:10E9600000000000000000000000000000000000A7
:10E970000000000000000000000000000000000097
:10E980000000000000000000000000000000000087
:10E990000000000000000000000000000000000077
:10E9A0000000000000000000000000000000000067
:10E9B0000000000000000000000000000000000057
:10E9C0000000000000000000000000000000000047
:10E9D0000000000000000000000000000000000037
:10E9E0000000000000000000000000000000000027
:10E9F0000000000000000000000000000000000017
:10EA00000000000000000000000000000000000006
:10EA100000000000000000000000000000000000F6
:10EA200000000000000000000000000000000000E6
:10EA300000000000000000000000000000000000D6
:10EA400000000000000000000000000000000000C6
:10EA500000000000000000000000000000000000B6
:10EA600000000000000000000000000000000000A6
:10EA70000000000000000000000000000000000096
:10EA80000000000000000000000000000000000086
:10EA90000000000000000000000000000000000076
:10EAA0000000000000000000000000000000000066
:10EAB0000000000000000000000000000000000056
:10EAC0000000000000000000000000000000000046
:10EAD0000000000000000000000000000000000036
:10EAE0000000000000000000000000000000000026
:10EAF0000000000000000000000000000000000016
:10EB000000000000000000B2BBBBBBBBBBBB0800E9
:10EB1000000000000000000000000000000000F8FD
:10EB2000FFFFFFFFFFFF0B000000000000000000E0
:10EB300000000000000010FEFFFFFFFFFFFF0A00C3
:10EB4000000000000000000000000000000060FF66
:10EB5000FFFFFFFFFFFF0B000000000000000000B0
:10EB6000000000000000D0FFFFFFFFFFFFFF0B00D1
:10EB70000000000000000000000000000000F5FFA1
:10EB8000FFFFFFFFFFFF0B00000000000000000080
:10EB9000000000000000FCFFFFFFFFFFFFFF0B0075
:10EBA0000000000000000000000000000040FFFF27
:10EBB000FFFFFFFFFFFF0B00000000000000000050
:10EBC0000000000000A0FFFFFFFFFFFFFFFF0B00A2
:10EBD00000000000000000000000000000F3FFFF44
:10EBE000FFFFFFFFFFFF0B00000000000000000020
:10EBF0000000000000F9FFFFFFFFFFFFFFFF0B0019
:10EC000000000000000000000000000020FEFFFFE8
:10EC1000FFFFFFFFFFFF0B000000000000000000EF
:10EC20000000000080FFFFFFFFFFFFFFFFFF0B0062
:10EC3000000000000000000000000000E1FFFFFFF6
:10EC4000FFDEFFFFFFFF0B000000000000000000E0
:10EC500000000000F6FFFFFFFFB8FFFFFFFF0B0003
:10EC6000000000000000000000000000FDFFFFFFAA
:10EC7000EFC2FFFFFFFF0B000000000000000000DC
:10EC800000000050FFFFFFFF9FC0FFFFFFFF0B00D2
:10EC90000000000000000000000000C0FFFFFFFFB8
:10ECA0002FC0FFFFFFFF0B0000000000000000006E
:10ECB000000000F4FFFFFFFF0AC0FFFFFFFF0B0093
:10ECC0000000000000000000000000FAFFFFFFFF4E
:10ECD00003C0FFFFFFFF0B0000000000000000006A
:10ECE000000030FFFFFFFFBF00C0FFFFFFFF0B0072
:10ECF0000000000000000000000090FFFFFFFF4F39
:10ED000000C0FFFFFFFF0B0000000000000000003C
:10ED10000000E2FFFFFFFF0C00C0FFFFFFFF0B0042
:10ED200000000000000000000000F8FFFFFFFF05EA
:10ED300000C0FFFFFFFF0B0000000000000000000C
:10ED40000010FEFFFFFFDF0000C0FFFFFFFF0B0012
:10ED500000000000000000000060FFFFFFFF6F00E8
:10ED600000C0FFFFFFFF0B000000000000000000DC
:10ED700000D0FFFFFFFF1D0000C0FFFFFFFF0B00E3
:10ED8000000000000000000000F5FFFFFFFF07008B
:10ED900000C0FFFFFFFF0B000000000000000000AC
:10EDA00000FCFFFFFFEF010000C0FFFFFFFF0B00B3
:10EDB000000000000000000040FFFFFFFF8F000088
:10EDC00000C0FFFFFFFF0B0000000000000000007C
:10EDD000B0FFFFFFFF2E000000C0FFFFFFFF0B0092
:10EDE0000000000000000000F3FFFFFFFF0900002B
:10EDF00000C0FFFFFFFF0B0000000000000000004C
:10EE0000F9FFFFFFFF02000000C0FFFFFFFF0B0044
:10EE10000000000000000020FEFFFFFFAF00000028
:10EE200000C0FFFFFFFF0B0000000000000000809B
:10EE3000FFFFFFFF3F00000000C0FFFFFFFF0B00D0
:10EE400000000000000000E1FFFFFFFF0B000000DA
:10EE500000C0FFFFFFFF0B0000000000000000F6F5
:10EE6000FFFFFFFF0400000000C0FFFFFFFF0B00DB
:10EE700000000000000000FDFFFFFFCF00000000C9
:10EE800000C0FFFFFFFF0B0000000000000050FF6C
:10EE9000FFFFFF5F0000000000C0FFFFFFFF0B004F
:10EEA000000000000000C0FFFFFFFF0C000000009A
:10EEB00000C0FFFFFFFF0B00000000000000F4FF98
:10EEC000FFFFFF060000000000C0FFFFFFFF0B0078
:10EED000000000000000FBFFFFFFDF01000000005A
:10EEE00000C0FFFFFFFF0B00000000000030FFFF2D
:10EEF000FFFF7F000000000000C0FFFFFFFF0B00CE
:10EF0000000000000090FFFFFFFF1E000000000057
:10EF100000C0FFFFFFFF0B000000000000E2FFFF4A
:10EF2000FFFF07000000000000C0FFFFFFFF0A0016
:10EF30000000000000F8FFFFFFFF898888888888AC
:10EF400088E8FFFFFFFF8D888887060000FAFFFF33
:10EF5000FFFFFFFFFFFFFFFFFFFFFFFFFFFFFFFFC1
:10EF6000FFFF0C0000FAFFFFFFFFFFFFFFFFFFFFA7
:10EF7000FFFFFFFFFFFFFFFFFFFF0B0000FAFFFF98
:10EF8000FFFFFFFFFFFFFFFFFFFFFFFFFFFFFFFF91
:10EF9000FFFF0B0000FAFFFFFFFFFFFFFFFFFFFF78
:10EFA000FFFFFFFFFFFFFFFFFFFF0B0000FAFFFF68
:10EFB000FFFFFFFFFFFFFFFFFFFFFFFFFFFFFFFF61
:10EFC000FFFF0B0000FAFFFFFFFFFFFFFFFFFFFF48
:10EFD000FFFFFFFFFFFFFFFFFFFF0B0000FAFFFF38
:10EFE000FFFFFFFFFFFFFFFFFFFFFFFFFFFFFFFF31
:10EFF000FFFF0B0000FAFFFFFFFFFFFFFFFFFFFF18
:10F00000FFFFFFFFFFFFFFFFFFFF0B0000FAFFFF07
:10F01000FFFFFFFFFFFFFFFFFFFFFFFFFFFFFFFF00
:10F02000FFFF0B0000FAFFFFFFFFFFFFFFFFFFFFE7
:10F03000FFFFFFFFFFFFFFFFFFFF0B0000FAFFFFD7
:10F04000FFFFFFFFFFFFFFFFFFFFFFFFFFFFFFFFD0
:10F05000FFFF0C00004344444444444444444444BB
:10F0600044E5FFFFFFFF4C44444403000000000060
:10F07000000000000000000000E0FFFFFFFF0A00AA
:10F080000000000000000000000000000000000080
:10F0900000E1FFFFFFFF0B00000000000000000088
:10F0A000000000000000000000E1FFFFFFFF0B0078
:10F0B0000000000000000000000000000000000050
:10F0C00000E1FFFFFFFF0B00000000000000000058
:10F0D000000000000000000000E1FFFFFFFF0B0048
:10F0E0000000000000000000000000000000000020
:10F0F00000E1FFFFFFFF0B00000000000000000028
:10F10000000000000000000000E1FFFFFFFF0B0017
:10F1100000000000000000000000000000000000EF
:10F1200000E1FFFFFFFF0B000000000000000000F7
:10F13000000000000000000000E1FFFFFFFF0B00E7
:10F1400000000000000000000000000000000000BF
:10F1500000E1FFFFFFFF0B000000000000000000C7
:10F16000000000000000000000E1FFFFFFFF0B00B7
:10F17000000000000000000000000000000000008F
:10F1800000D1FFFFFFFF0A000000000000000000A8
:10F19000000000000000000000E1FFFFFFFF0B0087
:10F1A000000000000000000000000000000000005F
:10F1B00000A1BBBBBBBB08000000000000000000BA
:10F1C000000000000000000000000000000000003F
:10F1D000000000000000000000000000000000002F
:10F1E000000000000000000000000000000000001F
:10F1F000000000000000000000000000000000000F
:10F2000000000000000000000000000000000000FE
:10F2100000000000000000000000000000000000EE
:10F2200000000000000000000000000000000000DE
:10F2300000000000000000000000000000000000CE
:10F2400000000000000000000000000000000000BE
:10F2500000000000000000000000000000000000AE
:10F26000000000000000000000000000000000009E
:10F27000000000000000000000000000000000008E
:10F28000000000000000000000000000000000007E
:10F29000000000000000000000000000000000006E
:10F2A000000000000000000000000000000000005E
:10F2B000000000000000000000000000000000004E
:10F2C000000000000000000000000000000000003E
:10F2D000000000000000000000000000000000002E
:10F2E000000000000000000000000000000000001E
:10F2F000000000000000000000000000000000000E
:10F3000000000000000000000000000000000000FD
:10F3100000000000000000000000000000000000ED
:10F3200000000000000000000000000000000000DD
:10F3300000000000000000000000000000000000CD
:10F3400000000000000000000000000000000000BD
:10F3500000000000000000000000000000000000AD
:10F36000000000000000000000000000000000009D
:10F37000000000000000000000000000000000008D
:10F38000000000000000000000000000000000007D
:10F39000000000000000000000000000000000006D
:10F3A000000000000000000000000000000000005D
:10F3B000000000000000000000000000000000004D
:10F3C000000000000000000000000000000000003D
:10F3D000000000000000000000000000000000002D
:10F3E000000000000000000000000000000000001D
:10F3F000000000000000000000000000000000000D
:10F40000BABBBBBBBBBBBBBBBBBBBBBBBBBBBB0800
:10F410000000000000000010FEFFFFFFFFFFFFFFE5
:10F42000FFFFFFFFFFFFFF0B0000000000000010C8
:10F43000FDFFFFFFFFFFFFFFFFFFFFFFFFFFFF0AD3
:10F440000000000000000010FDFFFFFFFFFFFFFFB6
:10F45000FFFFFFFFFFFFFF0A000000000000001099
:10F46000FDFFFFFFFFFFFFFFFFFFFFFFFFFFFF0AA3
:10F470000000000000000010FDFFFFFFFFFFFFFF86
:10F48000FFFFFFFFFFFFFF0A000000000000001069
:10F49000FDFFFFFFFFFFFFFFFFFFFFFFFFFFFF0A73
:10F4A0000000000000000010FDFFFFFFFFFFFFFF56
:10F4B000FFFFFFFFFFFFFF0A000000000000001039
:10F4C000FDFFFFFFFFFFFFFFFFFFFFFFFFFFFF0A43
:10F4D0000000000000000010FDFFFFFFFFFFFFFF26
:10F4E000FFFFFFFFFFFFFF0A000000000000001009
:10F4F000FDFFFFFFFFFFFFFFFFFFFFFFFFFFFF0A13
:10F500000000000000000010FDFFFFFFFFFFFFFFF5
:10F51000FFFFFFFFFFFFFF0B0000000000000010D7
:10F52000FDFFFFFFCFBBBBBBBBBBBBBBBBBBBB08BC
:10F530000000000000000010FDFFFFFF4F00000072
:10F5400000000000000000000000000000000010AB
:10F55000FDFFFFFF5F000000000000000000000052
:10F560000000000000000010FDFFFFFF5F00000032
:10F57000000000000000000000000000000000107B
:10F58000FDFFFFFF5F000000000000000000000022
:10F590000000000000000010FDFFFFFF5F00000002
:10F5A000000000000000000000000000000000104B
:10F5B000FDFFFFFF5F0000000000000000000000F2
:10F5C0000000000000000010FDFFFFFF5F000000D2
:10F5D000000000000000000000000000000000101B
:10F5E000FDFFFFFF5F0000000000000000000000C2
:10F5F0000000000000000010FDFFFFFF5F000000A2
:10F6000000000000000000000000000000000010EA
:10F61000FDFFFFFF5F000000000000000000000091
:10F620000000000000000010FDFFFFFF5F00000071
:10F6300000000000000000000000000000000010BA
:10F64000FDFFFFFF5F000000000000000000000061
:10F650000000000000000010FDFFFFFF5F00000041
:10F66000000000000000000000000000000000108A
:10F67000FDFFFFFF4F000000000000000000000041
:10F680000000000000000010FDFFFFFFCFBBBBAB80
:10F6900078240000000000000000000000000010BE
:10F6A000FDFFFFFFFFFFFFFFFFFF9C0400000000C6
:10F6B0000000000000000010FDFFFFFFFFFFFFFF44
:10F6C000FFFFFFCF05000000000000000000001059
:10F6D000FDFFFFFFFFFFFFFFFFFFFFFFBF02000077
:10F6E0000000000000000010FDFFFFFFFFFFFFFF14
:10F6F000FFFFFFFFFF5E00000000000000000010A1
:10F70000FDFFFFFFFFFFFFFFFFFFFFFFFFFF050004
:10F710000000000000000010FDFFFFFFFFFFFFFFE3
:10F72000FFFFFFFFFFFF3F00000000000000001090
:10F73000FDFFFFFFFFFFFFFFFFFFFFFFFFFFDF01F9
:10F740000000000000000010FDFFFFFFFFFFFFFFB3
:10F75000FFFFFFFFFFFFFF09000000000000001097
:10F76000FDFFFFFFFFFFFFFFFFFFFFFFFFFFFF2F7B
:10F770000000000000000010FEFFFFFFFFFFFFFF82
:10F78000FFFFFFFFFFFFFF9F0000000000000000E1
:10F7900043444444444465C9FEFFFFFFFFFFFFEFBD
:10F7A0000100000000000000000000000000000058
:10F7B00072FDFFFFFFFFFFFF0600000000000000DA
:10F7C00000000000000000000091FFFFFFFFFFFFAE
:10F7D0000A0000000000000000000000000000001F
:10F7E0000000F8FFFFFFFFFF0D0000000000000019
:10F7F00000000000000000000000B0FFFFFFFFFF5E
:10F800002F000000000000000000000000000000C9
:10F81000000030FFFFFFFFFF4F000000000000006E
:10F820000000000000000000000000FBFFFFFFFFE1
:10F830006F00000000000000000000000000000059
:10F84000000000F7FFFFFFFF7F0000000000000046
:10F850000000000000000000000000F4FFFFFFFFB8
:10F860008F00000000000000000000000000000009
:10F87000000000F2FFFFFFFF9F00000000000000FB
:10F880000000000000000000000000E1FFFFFFFF9B
:10F890009F000000000000000000000000000000C9
:10F8A000000000E1FFFFFFFF9F00000000000000DC
:10F8B0000000000000000000000000E1FFFFFFFF6B
:10F8C0009F00000000000000000000000000000099
:10F8D000000000F2FFFFFFFF8F00000000000000AB
:10F8E0000000000000000000000000F4FFFFFFFF28
:10F8F0006F00000000000000000000000000000099
:10F90000000000F7FFFFFFFF4F00000000000000B5
:10F910000000000000000000000000FBFFFFFFFFF0
:10F920002F000000000000000000000000000000A8
:10F93000000030FFFFFFFFFF0D000000000000008F
:10F9400000000000000000000000A0FFFFFFFFFF1C
:10F950000A0000000000000000000000000000009D
:10F960000000F6FFFFFFFFFF0500000000000000A1
:10F9700000000000000000000060FFFFFFFFFFEF3D
:10F980000100000000000020000000000000000056
:10F9900010F9FFFFFFFFFF9F00000000000000D1F3
:10F9A0008C35010000000030D8FFFFFFFFFFFF3F54
:10F9B00000000000000000D1FFFFCE9B8888B9FD49
:10F9C000FFFFFFFFFFFFFF0A00000000000000D163
:10F9D000FFFFFFFFFFFFFFFFFFFFFFFFFFFFEF0244
:10F9E00000000000000000D1FFFFFFFFFFFFFFFF4E
:10F9F000FFFFFFFFFFFF6F0000000000000000D1CD
:10FA0000FFFFFFFFFFFFFFFFFFFFFFFFFFFF0A00FA
:10FA100000000000000000D1FFFFFFFFFFFFFFFF1D
:10FA2000FFFFFFFFFFCF010000000000000000D13A
:10FA3000FFFFFFFFFFFFFFFFFFFFFFFFFF1C0000B7
:10FA400000000000000000D1FFFFFFFFFFFFFFFFED
:10FA5000FFFFFFFFAF01000000000000000000D129
:10FA6000FFFFFFFFFFFFFFFFFFFFFFFF070000009B
:10FA700000000000000000D1FFFFFFFFFFFFFFFFBD
:10FA8000FFFFFF3B0000000000000000000000E15D
:10FA9000FFFFFFFFFFFFFFFFFFFF4B000000000025
:10FAA0000000000000000080ECFFFFFFFFFFFFFFF1
:10FAB000BE27000000000000000000000000000061
:10FAC000104276A8BBBB8A4601000000000000007F
:10FAD0000000000000000000000000000000000026
:10FAE0000000000000000000000000000000000016
:10FAF0000000000000000000000000000000000006
:10FB000000000000000000000000000000000000F5
:10FB100000000000000000000000000000000000E5
:10FB200000000000000000000000000000000000D5
:10FB300000000000000000000000000000000000C5
:10FB400000000000000000000000000000000000B5
:10FB500000000000000000000000000000000000A5
:10FB60000000000000000000000000000000000095
:10FB70000000000000000000000000000000000085
:10FB80000000000000000000000000000000000075
:10FB90000000000000000000000000000000000065
:10FBA0000000000000000000000000000000000055
:10FBB0000000000000000000000000000000000045
:10FBC0000000000000000000000000000000000035
:10FBD0000000000000000000000000000000000025
:10FBE0000000000000000000000000000000000015
:10FBF0000000000000000000000000000000000005
:10FC000000000000000000000000000000000000F4
:10FC100000000000000000000000000000000000E4
:10FC200000000000000000000000000000000000D4
:10FC300000000000000000000000000000000000C4
:10FC400000000000000000000000000000000000B4
:10FC500000000000000000000000000000000000A4
:10FC60000000000000000000000000000000000094
:10FC70000000000000000000000000000000000084
:10FC80000000000000000000000000000000000074
:10FC90000000000000000000000000000000000064
:10FCA0000000000000000000000000000000000054
:10FCB0000000000000000000000000000000000044
:10FCC0000000000000000000000000000000000034
:10FCD0000000000000000000000000000000000024
:10FCE0000000000000000000000000000000000014
:10FCF0000000000000000000000000000000000004
:10FD00000000000000000000106498BABBBBBB1AE2
:10FD10000000000000000000000000000000008360
:10FD2000ECFFFFFFFFFFFF1E0000000000000000CF
:10FD3000000000000010C6FFFFFFFFFFFFFFFF1DD8
:10FD400000000000000000000000000000D6FFFFDF
:10FD5000FFFFFFFFFFFFFF1D00000000000000008D
:10FD600000000000B3FFFFFFFFFFFFFFFFFFFF1DCD
:10FD7000000000000000000000000050FEFFFFFF38
:10FD8000FFFFFFFFFFFFFF1D00000000000000005D
:10FD9000000000F7FFFFFFFFFFFFFFFFFFFFFF1D5A
:10FDA0000000000000000000000070FFFFFFFFFFE8
:10FDB000FFFFFFFFFFFFFF1D00000000000000002D
:10FDC0000000F6FFFFFFFFFFFFFFFFFFFFFFFF1D2C
:10FDD00000000000000000000030FFFFFFFFFFFFF9
:10FDE000FFFFFFFFFFFFFF1D0000000000000000FD
:10FDF00000C0FFFFFFFFFFFFFFFFFFFFFFFFFF1E32
:10FE0000000000000000000000F7FFFFFFFFFFFF01
:10FE1000FFDF9B8888888707000000000000000043
:10FE200020FEFFFFFFFFFFFF6B020000000000004D
:10FE3000000000000000000080FFFFFFFFFFFF3B0D
:10FE400000000000000000000000000000000000B2
:10FE5000E1FFFFFFFFFF7F00000000000000000047
:10FE60000000000000000000F7FFFFFFFFFF05009B
:10FE70000000000000000000000000000000000082
:10FE8000FCFFFFFFFF7F00000000000000000000FB
:10FE90000000000000000030FFFFFFFFFF0B00002C
:10FEA00000000000000000000000000000000080D2
:10FEB000FFFFFFFFFF030000000000000000000044
:10FEC00000000000000000C0FFFFFFFFAF000000C7
:10FED000000000000000000000000000000000F230
:10FEE000FFFFFFFF4F0000000000000000000000C7
:10FEF00000000000000000F5FFFFFFFF1D000000F4
:10FF0000000000000000000000000000000000F9F8
:10FF1000FFFFFFFF0A0000000000000000000000DB
:10FF200000000000000000FCFFFFFFFF07000000D2
:10FF3000000000000000000000000000000010FEB3
:10FF4000FFFFFFFF040000000000000000000000B1
:10FF500000000000000030FFFFFFFFEF0200000084
:10FF6000000000000000000000000000000050FF42
:10FF7000FFFFFFDF000000000000000000000000A5
:10FF800000000000000070FFFFFFFFCF0000309670
:10FF9000BAAB79140000000000000000000090FFE0
:10FFA000FFFFFFAF0094FDFFFFFFFFEF5A000000CF
:10FFB000000000000000A0FFFFFFFF9FB4FFFFFF55
:10FFC000FFFFFFFFFF3B0000000000000000C0FF3C
:10FFD000FFFFFFEFFFFFFFFFFFFFFFFFFFFF070038
:10FFE000000000000000D0FFFFFFFFFFFFFFFFFF4A
:10FFF000FFFFFFFFFFFF9F00000000000000E1FF88
:020000040804EE
:10000000FFFFFFFFFFFFFFFFFFFFFFFFFFFFFF08F7
:10001000000000000000E1FFFFFFFFFFFFFFFFFF08
:10002000FFFFFFFFFFFFFF5F000000000000F2FF87
:10003000FFFFFFFFFFFFFFFFFFFFFFFFFFFFFFEFE0
:10004000010000000000F3FFFFFFFFFFFFFFFFFFC5
:10005000FFFFFFFFFFFFFFFF080000000000F3FFAE
:10006000FFFFFFFFFFFFFFFFFFFFFFFFFFFFFFFFA0
:100070002E0000000000F3FFFFFFFFFFFFFFFFFF68
:10008000FFFFFFFFFFFFFFFF7F0000000000F4FF06
:10009000FFFFFFFFFFFFAE5754B7FFFFFFFFFFFF5C
:1000A000CF0000000000F4FFFFFFFFFFFF6C010026
:1000B0000000C3FFFFFFFFFFFF0300000000F4FF8D
:1000C000FFFFFFFF5D000000000000FBFFFFFFFFE0
:1000D000FF0600000000F4FFFFFFFFAF010000007B
:1000E000000000D1FFFFFFFFFF0A00000000F4FF47
:1000F000FFFFFF4F0000000000000050FFFFFFFF68
:10010000FF0C00000000F4FFFFFFFF5F0000000095
:1001100000000000FDFFFFFFFF1E00000000F3FFD6
:10012000FFFFFF5F0000000000000000F9FFFFFF7D
:10013000FF2F00000000F3FFFFFFFF5F0000000043
:1001400000000000F5FFFFFFFF4F00000000F3FF7D
:10015000FFFFFF6F0000000000000000F3FFFFFF43
:10016000FF4F00000000E2FFFFFFFF7F00000000E4
:1001700000000000E2FFFFFFFF5F00000000E1FF62
:10018000FFFFFF8F0000000000000000E1FFFFFF05
:10019000FF6F00000000D0FFFFFFFFAF0000000076
:1001A00000000000E1FFFFFFFF6F00000000B0FF54
:1001B000FFFFFFBF0000000000000000E1FFFFFFA5
:1001C000FF5F00000000A0FFFFFFFFDF0100000055
:1001D00000000000E1FFFFFFFF4F0000000080FF74
:1001E000FFFFFFFF0200000000000000F3FFFFFF21
:1001F000FF3F0000000050FFFFFFFFFF0500000071
:1002000000000000F5FFFFFFFF2F0000000030FF9F
:10021000FFFFFFFF0900000000000000F8FFFFFFE4
:10022000FF1E0000000010FEFFFFFFFF0D0000009A
:1002300000000000FCFFFFFFFF0C0000000000FBBF
:10024000FFFFFFFF4F00000000000040FFFFFFFF27
:10025000FF090000000000F8FFFFFFFFBF000000E3
:10026000000000B0FFFFFFFFFF050000000000F4EA
:10027000FFFFFFFFFF050000000000F6FFFFFFFF8C
:10028000EF020000000000D1FFFFFFFFFF3E000073
:10029000000040FFFFFFFFFFBF00000000000080E4
:1002A000FFFFFFFFFFEF05000000F7FFFFFFFFFF6D
:1002B0005F00000000000030FFFFFFFFFFFFCF578F
:1002C00054D8FFFFFFFFFFFF1D00000000000000EB
:1002D000FBFFFFFFFFFFFFFFFFFFFFFFFFFFFFFF32
:1002E0000600000000000000F4FFFFFFFFFFFFFF1B
:1002F000FFFFFFFFFFFFFFDF010000000000000025
:10030000B0FFFFFFFFFFFFFFFFFFFFFFFFFFFF4FFC
:10031000000000000000000020FEFFFFFFFFFFFFC5
:10032000FFFFFFFFFFFFFF090000000000000000CB
:1003300000F6FFFFFFFFFFFFFFFFFFFFFFFFCF0103
:1003400000000000000000000090FFFFFFFFFFFF23
:10035000FFFFFFFFFFFF1D00000000000000000086
:100360000000FAFFFFFFFFFFFFFFFFFFFFCF0200CC
:100370000000000000000000000080FFFFFFFFFF02
:10038000FFFFFFFFFF190000000000000000000059
:10039000000000D5FFFFFFFFFFFFFFFF5D00000033
:1003A000000000000000000000000010D7FFFFFF69
:1003B000FFFFFF6C010000000000000000000000D3
:1003C000000000000084CBEDDEAC37000000000030
:1003D000000000000000000000000000000000110C
:1003E00011000000000000000000000000000000FC
:1003F00000000000000000000000000000000000FD
:1004000000000000000000000000000000000000EC
:1004100000000000000000000000000000000000DC
:1004200000000000000000000000000000000000CC
:1004300000000000000000000000000000000000BC
:1004400000000000000000000000000000000000AC
:10045000000000000000000000000000000000009C
:10046000000000000000000000000000000000008C
:10047000000000000000000000000000000000007C
:10048000000000000000000000000000000000006C
:10049000000000000000000000000000000000005C
:1004A000000000000000000000000000000000004C
:1004B000000000000000000000000000000000003C
:1004C000000000000000000000000000000000002C
:1004D000000000000000000000000000000000001C
:1004E000000000000000000000000000000000000C
:1004F00000000000000000000000000000000000FC
:1005000000000000000000000000000000000000EB
:1005100000000000000000000000000000000000DB
:1005200000000000000000000000000000000000CB
:1005300000000000000000000000000000000000BB
:1005400000000000000000000000000000000000AB
:10055000000000000000000000000000000000009B
:10056000000000000000000000000000000000008B
:10057000000000000000000000000000000000007B
:10058000000000000000000000000000000000006B
:10059000000000000000000000000000000000005B
:1005A000000000000000000000000000000000004B
:1005B000000000000000000000000000000000003B
:1005C000000000000000000000000000000000002B
:1005D000000000000000000000000000000000001B
:1005E000000000000000000000000000000000000B
:1005F0000000000000000000000000000000A1BB9F
:10060000BBBBBBBBBBBBBBBBBBBBBBBBBBBBBBBB3A
:10061000AB0100000000E1FFFFFFFFFFFFFFFFFF56
:10062000FFFFFFFFFFFFFFFFEF0100000000D1FF12
:10063000FFFFFFFFFFFFFFFFFFFFFFFFFFFFFFFFCA
:10064000DF0100000000D1FFFFFFFFFFFFFFFFFF02
:10065000FFFFFFFFFFFFFFFFDF0100000000D1FFF2
:10066000FFFFFFFFFFFFFFFFFFFFFFFFFFFFFFFF9A
:10067000DF0100000000D1FFFFFFFFFFFFFFFFFFD2
:10068000FFFFFFFFFFFFFFFFDF0100000000D1FFC2
:10069000FFFFFFFFFFFFFFFFFFFFFFFFFFFFFFFF6A
:1006A000DF0100000000D1FFFFFFFFFFFFFFFFFFA2
:1006B000FFFFFFFFFFFFFFFFDF0100000000D1FF92
:1006C000FFFFFFFFFFFFFFFFFFFFFFFFFFFFFFFF3A
:1006D000DF0100000000D1FFFFFFFFFFFFFFFFFF72
:1006E000FFFFFFFFFFFFFFFFDF0100000000D1FF62
:1006F000FFFFFFFFFFFFFFFFFFFFFFFFFFFFFFFF0A
:10070000DF0100000000D1FFFFFFFFFFFFFFFFFF41
:10071000FFFFFFFFFFFFFFFFEF0100000000E1FF11
:10072000FFFFFFFFFFFFFFFFFFFFFFFFFFFFFFFFD9
:10073000BF00000000003044444444444444444466
:10074000444444FAFFFFFFFF6F0000000000000078
:100750000000000000000000000000FDFFFFFFFFA0
:100760002E0000000000000000000000000000005B
:10077000000050FFFFFFFFFF0A0000000000000024
:1007800000000000000000000000A0FFFFFFFFFFCE
:100790000500000000000000000000000000000054
:1007A0000000E1FFFFFFFFEF01000000000000007C
:1007B00000000000000000000000F6FFFFFFFF9FA8
:1007C0000000000000000000000000000000000029
:1007D0000000FBFFFFFFFF4F0000000000000000D3
:1007E00000000000000000000020FEFFFFFFFF1DD2
:1007F00000000000000000000000000000000000F9
:100800000070FFFFFFFFFF08000000000000000075
:10081000000000000000000000C0FFFFFFFFFF031A
:1008200000000000000000000000000000000000C8
:1008300000F3FFFFFFFFCF000000000000000000FA
:10084000000000000000000000F8FFFFFFFF7F0035
:100850000000000000000000000000000000000098
:1008600000FDFFFFFFFF2F00000000000000000060
:10087000000000000000000040FFFFFFFFFF0B0032
:100880000000000000000000000000000000000068
:1008900090FFFFFFFFFF06000000000000000000C7
:1008A0000000000000000000E1FFFFFFFFEF02007A
:1008B0000000000000000000000000000000000038
:1008C000F5FFFFFFFFAF0000000000000000000088
:1008D0000000000000000000FAFFFFFFFF5F0000C3
:1008E00000000000000000000000000000000020E8
:1008F000FEFFFFFFFF1E00000000000000000000E0
:100900000000000000000060FFFFFFFFFF09000083
:10091000000000000000000000000000000000C017
:10092000FFFFFFFFFF0400000000000000000000C8
:1009300000000000000000F3FFFFFFFFDF010000E8
:10094000000000000000000000000000000000F8AF
:10095000FFFFFFFF8F00000000000000000000000C
:1009600000000000000000FDFFFFFFFF3F0000004F
:10097000000000000000000000000000000040FF38
:10098000FFFFFFFF0C00000000000000000000005F
:1009900000000000000090FFFFFFFFFF07000000C5
:1009A0000000000000000000000000000000D1FF77
:1009B000FFFFFFFF02000000000000000000000039
:1009C000000000000000F5FFFFFFFFBF0000000077
:1009D0000000000000000000000000000000FAFF1E
:1009E000FFFFFF6F0000000000000000000000009B
:1009F000000000000010FEFFFFFFFF2E00000000BF
:100A00000000000000000000000000000060FFFF88
:100A1000FFFFFF0A000000000000000000000000CF
:100A20000000000000B0FFFFFFFFFF050000000016
:100A300000000000000000000000000000F2FFFFC6
:100A4000FFFFEF01000000000000000000000000B8
:100A50000000000000F7FFFFFFFF9F000000000004
:100A600000000000000000000000000000FCFFFF8C
:100A7000FFFF4F0000000000000000000000000029
:100A80000000000030FFFFFFFFFF1D00000000001E
:100A900000000000000000000000000080FFFFFFD9
:100AA000FFFF080000000000000000000000000040
:100AB00000000000D1FFFFFFFFFF03000000000067
:100AC000000000000000000000000000F4FFFFFF35
:100AD000FFCF000000000000000000000000000048
:100AE00000000000FAFFFFFFFF7F00000000000091
:100AF000000000000000000000000010FEFFFFFFEB
:100B0000FF2F0000000000000000000000000000B7
:100B100000000060FFFFFFFFFF0B0000000000006F
:100B20000000000000000000000000B0FFFFFFFF19
:100B3000FF060000000000000000000000000000B0
:100B4000000000F2FFFFFFFFEF02000000000000C6
:100B50000000000000000000000000F7FFFFFFFFA2
:100B6000AF000000000000000000000000000000D6
:100B7000000000FCFFFFFFFF5F000000000000001E
:100B80000000000000000000000030FFFFFFFFFF3A
:100B90001E00000000000000000000000000000037
:100BA000000080FFFFFFFFFF0900000000000000C1
:100BB00000000000000000000000D0FFFFFFFFFF6A
:100BC0000400000000000000000000000000000021
:100BD0000000F4FFFFFFFFDF010000000000000045
:100BE00000000000000000000000F9FFFFFFFF8F81
:100BF00000000000000000000000000000000000F5
:100C00000010FEFFFFFFFF3F00000000000000009B
:100C100000000000000000000050FFFFFFFFFF0C7D
:100C200000000000000000000000000000000000C4
:100C300000A0FFFFFFFFFF07000000000000000012
:100C4000000000000000000000E2FFFFFFFFFF02C5
:100C50000000000000000000000000000000000094
:100C600000F6FFFFFFFFBF000000000000000000D3
:100C7000000000000000000000FBFFFFFFFF6F000E
:100C80000000000000000000000000000000000064
:100C900030FFFFFFFFFF2F000000000000000000FA
:100CA000000000000000000050BBBBBBBBBB080045
:100CB0000000000000000000000000000000000034
:100CC0000000000000000000000000000000000024
:100CD0000000000000000000000000000000000014
:100CE0000000000000000000000000000000000004
:100CF00000000000000000000000000000000000F4
:100D000000000000000000000000000000000000E3
:100D100000000000000000000000000000000000D3
:100D200000000000000000000000000000000000C3
:100D300000000000000000000000000000000000B3
:100D400000000000000000000000000000000000A3
:100D50000000000000000000000000000000000093
:100D60000000000000000000000000000000000083
:100D70000000000000000000000000000000000073
:100D80000000000000000000000000000000000063
:100D90000000000000000000000000000000000053
:100DA0000000000000000000000000000000000043
:100DB0000000000000000000000000000000000033
:100DC0000000000000000000000000000000000023
:100DD0000000000000000000000000000000000013
:100DE0000000000000000000000000000000000003
:100DF00000000000000000000000000000000000F3
:100E000000000000000000000000000000000000E2
:100E100000000000000000000000000000000000D2
:100E200000000000000000000000000000000000C2
:100E300000000000000000000000000000000000B2
:100E400000000000000000000000000000000000A2
:100E50000000000000000000000000000000000092
:100E60000000000000000000000000000000000082
:100E70000000000000000000000000000000000072
:100E80000000000000000000000000000000000062
:100E90000000000000000000000000000000000052
:100EA0000000000000000000000000000000000042
:100EB0000000000000000000000000000000000032
:100EC0000000000000000000000000000000000022
:100ED00000000000000000111100000000000000F0
:100EE0000000000000000000000000002096DBEE83
:100EF000DEBC5902000000000000000000000000FD
:100F000000000040EBFFFFFFFFFFFFBE05000000F9
:100F10000000000000000000000030FBFFFFFFFFAA
:100F2000FFFFFFFFCF0400000000000000000000F2
:100F30000000F7FFFFFFFFFFFFFFFFFFFF8F000035
:100F400000000000000000000080FFFFFFFFFFFF27
:100F5000FFFFFFFFFFFF090000000000000000008E
:100F600000F8FFFFFFFFFFFFFFFFFFFFFFFF9F00F6
:100F7000000000000000000050FFFFFFFFFFFFFF28
:100F8000FFFFFFFFFFFFFF06000000000000000062
:100F9000E1FFFFFFFFFFFFFFFFFFFFFFFFFFFF1E60
:100FA0000000000000000000F9FFFFFFFFFFFFFF4F
:100FB000FFFFFFFFFFFFFF8F000000000000002089
:100FC000FFFFFFFFFFFFFFFFFFFFFFFFFFFFFFEF41
:100FD0000100000000000080FFFFFFFFFFEF7A45E7
:100FE00064D9FFFFFFFFFFFF05000000000000D0F5
:100FF000FFFFFFFFFF2900000000E5FFFFFFFFFFED
:101000000A000000000000F3FFFFFFFF7F00000068
:10101000000020FEFFFFFFFF0D000000000000F7B2
:10102000FFFFFFFF0A000000000000F5FFFFFFFFC9
:101030002E000000000000FAFFFFFFFF0300000089
:10104000000000C0FFFFFFFF3F000000000000FCA9
:10105000FFFFFFDF0000000000000080FFFFFFFF38
:101060004F000000000000FDFFFFFFBF0000000078
:1010700000000060FFFFFFFF4F000000000010FEB7
:10108000FFFFFFAF0000000000000050FFFFFFFF68
:101090004F000000000010FEFFFFFFAF0000000047
:1010A00000000060FFFFFFFF3F000000000010FE97
:1010B000FFFFFFBF0000000000000070FFFFFFFF08
:1010C0002F000000000010FDFFFFFFEF01000000F7
:1010D000000000A0FFFFFFFF1E000000000000FD59
:1010E000FFFFFFFF04000000000000D1FFFFFFFF33
:1010F0000C000000000000FBFFFFFFFF0B000000E2
:10110000000000F4FFFFFFFF09000000000000F9ED
:10111000FFFFFFFF5F000000000000FBFFFFFFFF7D
:1011200005000000000000F6FFFFFFFFEF030000D6
:10113000000050FFFFFFFFEF01000000000000F281
:10114000FFFFFFFFFF2D00000000D1FFFFFFFF9F0B
:1011500000000000000000B0FFFFFFFFFFDF040001
:101160000000FBFFFFFFFF3F0000000000000060E9
:10117000FFFFFFFFFFFF6F0000A0FFFFFFFFFF0B60
:101180000000000000000010FDFFFFFFFFFFFF2A2E
:1011900010FBFFFFFFFFFF03000000000000000046
:1011A000F6FFFFFFFFFFFFEFD7FFFFFFFFFF8F00FF
:1011B0000000000000000000C0FFFFFFFFFFFFFF76
:1011C000FFFFFFFFFFFF0B0000000000000000001A
:1011D00020FEFFFFFFFFFFFFFFFFFFFFFFDF01001C
:1011E000000000000000000000F5FFFFFFFFFFFF10
:1011F000FFFFFFFFFF2D00000000000000000000C7
:101200000070FFFFFFFFFFFFFFFFFFFFDF02000097
:1012100000000000000000000000F7FFFFFFFFFFDC
:10122000FFFFFFFF1C0000000000000000000000A6
:10123000000060FEFFFFFFFFFFFFFFFF5D000000FB
:101240000000000000000000000000F7FFFFFFFFAB
:10125000FFFFFFFFFF07000000000000000000008C
:10126000000060FEFFFFFFFFFFFFFFFFFF8F00009A
:1012700000000000000000000000F7FFFFFFFFFF7C
:10128000FFFFFFFFFFFF090000000000000000005B
:101290000080FFFFFFFFFFFFFFFFFFFFFFFF7F005B
:1012A000000000000000000000F7FFFFFFFFFFFF4D
:1012B000FFFFFFFFFFFFFF04000000000000000031
:1012C00050FFFFFFFFFFFFFEFFFFFFFFFFFFFF1DC0
:1012D0000000000000000000E2FFFFFFFFFF9F7121
:1012E000FFFFFFFFFFFFFF8F000000000000000076
:1012F000FBFFFFFFFFFF0700C3FFFFFFFFFFFFEF45
:101300000200000000000050FFFFFFFFFF6F000021
:1013100010F9FFFFFFFFFFFF08000000000000C002
:10132000FFFFFFFFFF0600000070FFFFFFFFFFFF52
:101330001D000000000000F5FFFFFFFF9F00000000
:101340000000F6FFFFFFFFFF4F000000000000FA63
:10135000FFFFFFFF1D000000000070FFFFFFFFFF09
:101360008F000000000010FEFFFFFFFF06000000DE
:10137000000000FAFFFFFFFFCF000000000050FF59
:10138000FFFFFFDF01000000000000E2FFFFFFFFA2
:10139000EF010000000090FFFFFFFF8F0000000042
:1013A00000000080FFFFFFFFFF0300000000B0FF10
:1013B000FFFFFF4F0000000000000030FFFFFFFFB5
:1013C000FF0400000000D0FFFFFFFF2E0000000020
:1013D00000000000FDFFFFFFFF0500000000E1FF2F
:1013E000FFFFFF1D0000000000000000FBFFFFFFEB
:1013F000FF0500000000F2FFFFFFFF0D00000000EE
:1014000000000000FAFFFFFFFF0500000000F2FFF0
:10141000FFFFFF0D0000000000000000FAFFFFFFCB
:10142000FF0500000000F2FFFFFFFF1E00000000AC
:1014300000000000FBFFFFFFFF0400000000E2FFD0
:10144000FFFFFF3F0000000000000010FDFFFFFF56
:10145000FF0300000000E1FFFFFFFF7F000000002E
:1014600000000040FFFFFFFFEF0100000000C0FF91
:10147000FFFFFFDF00000000000000A0FFFFFFFFF4
:10148000CF0000000000A0FFFFFFFFFF09000000E9
:10149000000000F5FFFFFFFF9F000000000070FF4D
:1014A000FFFFFFFF8F000000000050FFFFFFFFFF66
:1014B0005F000000000030FFFFFFFFFFFF4C010056
:1014C0000030FAFFFFFFFFFF1E000000000000FDDC
:1014D000FFFFFFFFFFFFAD88A8FCFFFFFFFFFFFF3F
:1014E00008000000000000F7FFFFFFFFFFFFFFFF05
:1014F000FFFFFFFFFFFFFFEF02000000000000E121
:10150000FFFFFFFFFFFFFFFFFFFFFFFFFFFFFF8F5B
:101510000000000000000060FFFFFFFFFFFFFFFF73
:10152000FFFFFFFFFFFFFF1D0000000000000000A5
:10153000FBFFFFFFFFFFFFFFFFFFFFFFFFFFFF03BB
:101540000000000000000000C1FFFFFFFFFFFFFFE1
:10155000FFFFFFFFFFFF5F00000000000000000032
:1015600020FCFFFFFFFFFFFFFFFFFFFFFFEF050076
:10157000000000000000000000A1FFFFFFFFFFFFD0
:10158000FFFFFFFFFF3C0000000000000000000024
:101590000000C5FFFFFFFFFFFFFFFFFF7E01000010
:1015A0000000000000000000000000B5FFFFFFFF8A
:1015B000FFFFFF7C010000000000000000000000B1
:1015C0000000000052B9DCEEDE9C36000000000096
:1015D00000000000000000000000000000001011EA
:1015E00001000000000000000000000000000000FA
:1015F00000000000000000000000000000000000EB
:1016000000000000000000000000000000000000DA
:1016100000000000000000000000000000000000CA
:1016200000000000000000000000000000000000BA
:1016300000000000000000000000000000000000AA
:10164000000000000000000000000000000000009A
:10165000000000000000000000000000000000008A
:10166000000000000000000000000000000000007A
:10167000000000000000000000000000000000006A
:10168000000000000000000000000000000000005A
:10169000000000000000000000000000000000004A
:1016A000000000000000000000000000000000003A
:1016B000000000000000000000000000000000002A
:1016C000000000000000000000000000000000001A
:1016D000000000000000000000000000000000000A
:1016E00000000000000000000000000000000000FA
:1016F00000000000000000000000000000000000EA
:1017000000000000000000000000000000000000D9
:1017100000000000000000000000000000000000C9
:1017200000000000000000000000000000000000B9
:1017300000000000000000000000000000000000A9
:101740000000000000000000000000000000000099
:101750000000000000000000000000000000000089
:101760000000000000000000000000000000000079
:101770000000000000000000000000000000000069
:101780000000000000000000000000000000000059
:101790000000000000000000000000000000000049
:1017A0000000000000000000000000000000000039
:1017B0000000000000000000000000000000000029
:1017C0000000000000000000000000000000000019
:1017D00000000000000010110100000000000000E7
:1017E00000000000000000000000000030A7DCEE58
:1017F000CD7A04000000000000000000000000009E
:1018000000000060FCFFFFFFFFFFDF17000000008B
:101810000000000000000000000050FCFFFFFFFF80
:10182000FFFFFFEF060000000000000000000000C6
:101830000000F9FFFFFFFFFFFFFFFFFFAF00000009
:10184000000000000000000000B1FFFFFFFFFFFFED
:10185000FFFFFFFFFF0B0000000000000000000082
:1018600010FCFFFFFFFFFFFFFFFFFFFFFFAF0000C8
:101870000000000000000000B0FFFFFFFFFFFFFFBF
:10188000FFFFFFFFFFFF0700000000000000000057
:10189000F9FFFFFFFFFFFFFFFFFFFFFFFFFF3F001D
:1018A0000000000000000040FFFFFFFFFFFFFFFF00
:1018B000FFFFFFFFFFFFBF0000000000000000D19E
:1018C000FFFFFFFFFFFFFFFFFFFFFFFFFFFFFF0423
:1018D00000000000000000F6FFFFFFFFFFFFFFFF1A
:1018E000FFFFFFFFFFFFFF0B00000000000000FDF7
:1018F000FFFFFFFFFFDF5854C7FFFFFFFFFFFF2F72
:1019000000000000000050FFFFFFFFFFFF17000076
:1019100000E5FFFFFFFFFF8F000000000000A0FFB9
:10192000FFFFFFFF5F0000000030FEFFFFFFFFCF63
:10193000000000000000E1FFFFFFFFFF06000000C5
:101940000000F5FFFFFFFFFF030000000000F5FFB0
:10195000FFFFFFBF000000000000B0FFFFFFFFFF20
:10196000070000000000F8FFFFFFFF4F000000002D
:10197000000040FFFFFFFFFF0A0000000000FBFF28
:10198000FFFFFF0D00000000000000FDFFFFFFFF54
:101990000D0000000010FDFFFFFFFF090000000028
:1019A000000000F9FFFFFFFF2F0000000020FEFFF6
:1019B000FFFFFF0500000000000000F5FFFFFFFF34
:1019C0005F0000000030FFFFFFFFFF03000000008A
:1019D000000000F2FFFFFFFF7F0000000040FFFF5C
:1019E000FFFFFF0200000000000000D1FFFFFFFF2B
:1019F0009F0000000050FFFFFFFFEF01000000000C
:101A0000000000C0FFFFFFFFBF0000000050FFFF0D
:101A1000FFFFEF0100000000000000A0FFFFFFFF3C
:101A2000CF0000000050FFFFFFFFEF0100000000AB
:101A300000000090FFFFFFFFDF0100000050FFFFEC
:101A4000FFFFFF020000000000000070FFFFFFFF2B
:101A5000EF0100000040FFFFFFFFFF030000000058
:101A600000000060FFFFFFFFFF0200000030FFFFEB
:101A7000FFFFFF060000000000000060FFFFFFFF07
:101A8000FF0300000020FFFFFFFFFF090000000030
:101A900000000050FFFFFFFFFF0300000010FEFFEB
:101AA000FFFFFF0D0000000000000050FFFFFFFFE0
:101AB000FF0300000000FCFFFFFFFF5F00000000CD
:101AC00000000040FFFFFFFFFF0400000000FAFFDE
:101AD000FFFFFFDF0100000000000091FFFFFFFF9C
:101AE000FF0400000000F7FFFFFFFFFF1B000000E6
:101AF000000050FCFFFFFFFFFF0400000000F3FFA9
:101B0000FFFFFFFFCF0400000051FBFFFFFFFFFFBF
:101B1000FF0400000000D0FFFFFFFFFFFFBF57548E
:101B2000A7FEFFFFFFFFFFFFFF040000000080FF94
:101B3000FFFFFFFFFFFFFFFFFFFFFFFFFFFFFFFFB5
:101B4000FF040000000020FFFFFFFFFFFFFFFFFF7B
:101B5000FFFFFFFFFFFFFFFFFF030000000000FA91
:101B6000FFFFFFFFFFFFFFFFFFFFFFFFFFFFFFFF85
:101B7000FF030000000000F2FFFFFFFFFFFFFFFF79
:101B8000FFFFFFFFFFFFFFFFFF03000000000070EB
:101B9000FFFFFFFFFFFFFFFFFFFFFFFFFFFFFFFF55
:101BA000FF02000000000000FAFFFFFFFFFFFFFF41
:101BB000FFFFFFFFFFFFFFFFEF010000000000003D
:101BC000B0FFFFFFFFFFFFFFFFFFFFFFFFFFFFFF74
:101BD000DF0100000000000000F9FFFFFFFFFFFF32
:101BE000FFFFFFEFFFFFFFFFCF000000000000003E
:101BF0000050FDFFFFFFFFFFFFFFBF94FFFFFFFF50
:101C0000BF00000000000000000051EBFFFFFFFFDD
:101C1000FF9D04A0FFFFFFFF9F00000000000000E9
:101C20000000002075A9BB8A360000B0FFFFFFFF4F
:101C30008F00000000000000000000000000000015
:101C4000000000D0FFFFFFFF6F0000000000000059
:101C50000000000000000000000000E1FFFFFFFFA7
:101C60003F00000000000000000000000000000035
:101C7000000000F3FFFFFFFF1E0000000000000057
:101C80000000000000000000000000F6FFFFFFFF62
:101C90000C00000000000000000000000000000038
:101CA000000000FAFFFFFFFF090000000000000035
:101CB0000000000000000000000000FDFFFFFFFF2B
:101CC000060000000000000000000000000000000E
:101CD000000040FFFFFFFFFF0200000000000000C7
:101CE00000000000000000000000A0FFFFFFFFCF89
:101CF00000000000000000000000000000000000E4
:101D00000000F3FFFFFFFF8F000000000000000055
:101D100000000000000000000000FBFFFFFFFF4F7D
:101D200000000000000000000000000000000000B3
:101D30000080FFFFFFFFFF0D00000000000000001B
:101D4000000000000000000000F7FFFFFFFFFF079A
:101D50000000000000000000000000000000000083
:101D6000A2FFFFFFFFFFEF020000000000000000E5
:101D70000000000000000072FEFFFFFFFFFF9F0059
:101D80000000000000000000000000000031A6FE7E
:101D9000FFFFFFFFFFFF2E0000000000000000B269
:101DA000BBBBBBBBDCFEFFFFFFFFFFFFFFFF08006D
:101DB00000000000000000F3FFFFFFFFFFFFFFFF38
:101DC000FFFFFFFFFFDF010000000000000000F345
:101DD000FFFFFFFFFFFFFFFFFFFFFFFFFF3F0000D1
:101DE00000000000000000F3FFFFFFFFFFFFFFFF08
:101DF000FFFFFFFFFF06000000000000000000F3EF
:101E0000FFFFFFFFFFFFFFFFFFFFFFFF8F0000004F
:101E100000000000000000F3FFFFFFFFFFFFFFFFD7
:101E2000FFFFFFFF0800000000000000000000F3BB
:101E3000FFFFFFFFFFFFFFFFFFFFFF6F000000003E
:101E400000000000000000F3FFFFFFFFFFFFFFFFA7
:101E5000FFFFCF030000000000000000000000F3BF
:101E6000FFFFFFFFFFFFFFFFFFEF07000000000085
:101E700000000000000000F3FFFFFFFFFFFFFFFF77
:101E8000CF1700000000000000000000000000F379
:101E9000FFFFFFFFFFFFEF8B0300000000000000CB
:101EA00000000000000000B2BBBBBBAB89571300B1
:101EB0000000000000000000000000000000000022
:101EC0000000000000000000000000000000000012
:101ED0000000000000000000000000000000000002
:101EE00000000000000000000000000000000000F2
:101EF00000000000000000000000000000000000E2
:101F000000000000000000000000000000000000D1
:101F100000000000000000000000000000000000C1
:101F200000000000000000000000000000000000B1
:101F300000000000000000000000000000000000A1
:101F40000000000000000000000000000000000091
:101F50000000000000000000000000000000000081
:101F60000000000000000000000000000000000071
:101F70000000000000000000000000000000000061
:101F80000000000000000000000000000000000051
:101F90000000000000000000000000000000000041
:101FA0000000000000000000000000000000000031
:101FB0000000000000000000000000000000000021
:101FC0000000000000000000000000000000000011
:101FD0000000000000000000000000000000000001
:101FE00000000000000000000000000000000000F1
:101FF00000000000000000000000000000000000E1
:1020000000000000000000000000000000000000D0
:1020100000000000000000000000000000000000C0
:1020200000000000000000000000000000000000B0
:1020300000000000000000000000000000000000A0
:102040000000000000000000000000000000000090
:102050000000000000000000000000000000000080
:102060000000000000000000000000000000000070
:102070000000000000000000000000000000000060
:102080000000000000000000000000000000000050
:102090000000000000000000000000000000000040
:1020A0000000000000000000000000000000000030
:1020B0000000000000000000000000000000000020
:1020C0000000000000000000000000000000000010
:1020D0000000000000000000000000000000000000
:1020E00000000000000000000000000000000000F0
:1020F00000000000000000000000000000000000E0
:1021000000000000000000000000000000000000CF
:1021100000000000000000000000000000000000BF
:1021200000000000000000000000000000000000AF
:10213000000000000000000000000000000000009F
:10214000000000000000000000000000000000008F
:10215000000000000000000000000000000000007F
:10216000000000000000000000000000000000006F
:10217000000000000000000000000000000000005F
:10218000000000000000000000000000000000004F
:10219000000000000000000000000000000000003F
:1021A000000000000000000000000000000000002F
:1021B000000000000000000000000000000000001F
:1021C000000000000000000000000000000000000F
:1021D00000000000000000000000000000000000FF
:1021E00000000000000000000000000000000000EF
:1021F00000000000000000000000000000000000DF
:1022000000000000000000000000000000000000CE
:1022100000000000000000000000000000000000BE
:1022200000000000000000000000000000000000AE
:10223000000000000000000000000000000000009E
:10224000000000000000000000000000000000008E
:10225000000000000000000000000000000000007E
:10226000000000000000000000000000000000006E
:10227000000000000000000000000000000000005E
:10228000000000000000000000000000000000004E
:10229000000000000000000000000000000000003E
:1022A000000000000000000000000000000000002E
:1022B000000000000000000000000000000000001E
:1022C000000000000000000000000000000000000E
:1022D00000000000000000000000000000000000FE
:1022E00000000000000000000000000000000000EE
:1022F00000000000000000000000000000000000DE
:1023000000000000000000000000000000000000CD
:1023100000000000000000000000000000000000BD
:1023200000000000000000000000000000000000AD
:10233000000000000000000000000000000000009D
:10234000000000000000000000000000000000008D
:10235000000000000000000000000000000000007D
:10236000000000000000000000000000000000006D
:10237000000000000000000000000000000000005D
:10238000000000000000000000000000000000004D
:10239000000000000000000000000000000000003D
:1023A000000000000000000000000000000000002D
:1023B000000000000000000000000000000000001D
:1023C000000000000000000000000000000000000D
:1023D00000000000000000000000000000000000FD
:1023E00000000000000000000000000000000000ED
:1023F00000000000000000000000000000000000DD
:1024000000000000000000000000000000000000CC
:1024100000000000000000000000000000000000BC
:1024200000000000000000000000000000000000AC
:10243000000000000000000000000000000000009C
:10244000000000000000000000000000000000008C
:10245000000000000000000000000000000000007C
:1024600000A1BBBBBBBBBBBBBBBBBBBBBBBB030004
:10247000000000000000000000F1FFFFFFFFFFFF71
:10248000FFFFFFFFFFFF040000000000000000004E
:1024900000E1FFFFFFFFFFFFFFFFFFFFFFFF040063
:1024A000000000000000000000E1FFFFFFFFFFFF51
:1024B000FFFFFFFFFFFF040000000000000000001E
:1024C00000E1FFFFFFFFFFFFFFFFFFFFFFFF040033
:1024D000000000000000000000E1FFFFFFFFFFFF21
:1024E000FFFFFFFFFFFF04000000000000000000EE
:1024F00000E1FFFFFFFFFFFFFFFFFFFFFFFF040003
:10250000000000000000000000E1FFFFFFFFFFFFF0
:10251000FFFFFFFFFFFF04000000000000000000BD
:1025200000E1FFFFFFFFFFFFFFFFFFFFFFFF0400D2
:10253000000000000000000000E1FFFFFFFFFFFFC0
:10254000FFFFFFFFFFFF040000000000000000008D
:1025500000E1FFFFFFFFFFFFFFFFFFFFFFFF0400A2
:10256000000000000000000000D1EEEEEEEEEEEE06
:10257000EEEEEEEEEEEE04000000000000000000C3
:10258000001011111111111111111111111100006F
:10259000000000000000000000000000000000003B
:1025A000000000000000000000000000000000002B
:1025B000000000000000000000000000000000001B
:1025C000000000000000000000000000000000000B
:1025D00000000000000000000000000000000000FB
:1025E00000000000000000000000000000000000EB
:1025F00000000000000000000000000000000000DB
:1026000000000000000000000000000000000000CA
:1026100000000000000000000000000000000000BA
:1026200000000000000000000000000000000000AA
:10263000000000000000000000000000000000009A
:10264000000000000000000000000000000000008A
:10265000000000000000000000000000000000007A
:10266000000000000000000000000000000000006A
:10267000000000000000000000000000000000005A
:10268000000000000000000000000000000000004A
:10269000000000000000000000000000000000003A
:1026A000000000000000000000000000000000002A
:1026B000000000000000000000000000000000001A
:1026C000000000000000000000000000000000000A
:1026D00000000000000000000000000000000000FA
:1026E00000000000000000000000000000000000EA
:1026F00000000000000000000000000000000000DA
:1027000000000000000000000000000000000000C9
:1027100000000000000000000000000000000000B9
:1027200000000000000000000000000000000000A9
:102730000000000000000000000000000000000099
:102740000000000000000000000000000000000089
:102750000000000000000000000000000000000079
:102760000000000000000000000000000000000069
:102770000000000000000000000000000000000059
:102780000000000000000000000000000000000049
:102790000000000000000000000000000000000039
:1027A0000000000000000000000000000000000029
:1027B0000000000000000000000000000000000019
:1027C0000000000000000000000000000000000009
:1027D00000000000000000000000000000000000F9
:1027E00000000000000000000000000000000000E9
:1027F00000000000000000000000000000000000D9
:1028000000000000000000000000000000000000C8
:1028100000000000000000000000000000000000B8
:1028200000000000000000000000000000000000A8
:102830000000000000000000000000000000000098
:102840000000000000000000000000000000000088
:102850000000000000000000000000000000000078
:102860000000000000000000000000000000000068
:102870000000000000000000000000000000000058
:102880000000000000000000000000000000000048
:102890000000000000000000000000000000000038
:1028A0000000000000000000000000000000000028
:1028B0000000000000000000000000000000000018
:1028C0000000000000000000000000000000000008
:1028D00000000000000000000000000000000000F8
:1028E00000000000000000000000000000000000E8
:1028F00000000000000000000000000000000000D8
:1029000000000000000000000000000000000000C7
:1029100000000000000000000000000000000000B7
:1029200000000000000000000000000000000000A7
:102930000000000000000000000000000000000097
:102940000000000000000000000000000000000087
:102950000000000000000000000000000000000077
:102960000000000000000000000000000000000067
:102970000000000000000000000000000000000057
:102980000000000000000000000000000000000047
:102990000000000000000000000000000000000037
:1029A0000000000000000000000000000000000027
:1029B0000000000000000000000000000000000017
:1029C0000000000000000000000000000000000007
:1029D00000000000000000000000000000000000F7
:1029E00000000000000000000000000000000000E7
:1029F00000000000000000000000000000000000D7
:102A000000000000000000000000000000000000C6
:102A100000000000000000000000000000000000B6
:102A200000000000000000000000000000000000A6
:102A30000000000000000000000000000000000096
:102A40000000000000000000000000000000000086
:102A50000000000000000000000000000000000076
:102A60000000000000000000000000000000000066
:102A70000000000000000000000000000000000056
:102A80000000000000000000000000000000000046
:102A90000000000000000000000000000000000036
:102AA0000000000000000000000000000000000026
:102AB0000000000000000000000000000000000016
:102AC0000000000000000000000000000000000006
:102AD00000000000000000000000000000000000F6
:102AE00000000000000000000000000000000000E6
:102AF00000000000000000000000000000000000D6
:102B000000000000000000000000000000000000C5
:102B100000000000000000000000000000000000B5
:102B200000000000000000000000000000000000A5
:102B30000000000000000000000000000000000095
:102B40000000000000000000000000000000000085
:102B50000000000000000000000000000000000075
:102B60000000000000000000000000000000000065
:102B70000000000000000000000000000000000055
:102B80000000000000000000000000000000000045
:102B90000000000000000000000000000000000035
:102BA0000000000000000000000000000000000025
:102BB0000000000000000000000000000000000015
:102BC0000000000000000000000000000000000005
:102BD00000000000000000000000000000000000F5
:102BE00000000000000000000000000000000000E5
:102BF00000000000000000000000000000000000D5
:102C000000000000000000000000000000000000C4
:102C100000000000000000000000000000000000B4
:102C200000000000000000000000000000000000A4
:102C30000000000000000000000000000000000094
:102C40000000000000000000000000000000000084
:102C50000000000000000000000000000000000074
:102C60000000000000000000000000000000000064
:102C70000000000000000000000000000000000054
:102C80000000000000000000000000000000000044
:102C90000000000000000000000000000000000034
:102CA0000000000000000000000000000000000024
:102CB0000000000000000000000000000000000014
:102CC0000000000000000000000000000000000004
:102CD00000000000000000000000000000000000F4
:102CE00000000000000000000000000000000000E4
:102CF00000000000000000000000000000000000D4
:102D000000000000000000000000000000000000C3
:102D100000000000000000000000000000000000B3
:102D200000000000000000000000000000000000A3
:102D30000000000000000000000000000000000093
:102D40000000000000000000000000000000000083
:102D50000000000000000000000000000000000073
:102D60000000000000000000000000000000000063
:102D70000000000000000000000000000000000053
:102D80000000000000000000000000000000000043
:102D90000000000000000000000000000000000033
:102DA0000000000000000000000000000000000023
:102DB0000000000000000000000000000000000013
:102DC0000000000000000000000000000000000003
:102DD00000000000000000000000000000000000F3
:102DE00000000000000000000000000000000000E3
:102DF00000000000000000000000000000000000D3
:102E000000000000000000000000000000000000C2
:102E100000000000000000000000000000000000B2
:102E200000000000000000000000000000000000A2
:102E30000000000000000000000000000000000092
:102E40000000000000000000000000000000000082
:102E50000000000000000000000000000000000072
:102E60000000000000000000000000000000000062
:102E70000000000000000000000000000000000052
:102E80000000000000000000000000000000000042
:102E90000000000000000000000000000000000032
:102EA0000000000000000000000000000000000022
:102EB0000000000000000000000000000000000012
:102EC0000000000000000000000000000000000002
:102ED00000000000000000000000000000000000F2
:102EE00000000000000000000000000000000000E2
:102EF00000000000000000000000000000000000D2
:102F000000000000000000000000000000000000C1
:102F100000000000000000000000000000000000B1
:102F200000000000000000000000000000000000A1
:102F30000000000000000000000000000000000091
:102F40000000000000000000000000000000000081
:102F50000000000000000000000000000000000071
:102F60000000000000000000000000000000000061
:102F70000000000000000000000000000000000051
:102F80000000000000000000000000000000000041
:102F90000000000000000000000000000000000031
:102FA0000000000000000000000000000000000021
:102FB0000000000000000000000000000000000011
:102FC0000000000000000000000000000000000001
:102FD00000000000000000000000000000000000F1
:102FE00000000000000000000000000000000000E1
:102FF00000000000000000000000000000000000D1
:1030000000000000000000000000000000000000C0
:1030100000000000000000000000000000000000B0
:1030200000000000000000000000000000000000A0
:103030000000000000000000000000000000000090
:103040000000000000000000000000000000000080
:103050000000000000000000000000000000000070
:103060000000000000000000000000000000000060
:103070000000000000000000000000000000000050
:103080000000000000000000000000000000000040
:103090000000000000000000000000000000000030
:1030A0000000000000000000000000000000000020
:1030B0000000000000000000000000000000000010
:1030C0000000000000000000000000000000000000
:1030D00000000000000000000000000000000000F0
:1030E00000000000000000000000000000000000E0
:1030F00000000000000000000000000000000000D0
:1031000000000000000000000000000000000000BF
:1031100000000000000000000000000000000000AF
:10312000000000000000000000000000000000009F
:10313000000000000000000000000000000000008F
:10314000000000000000000000000000000000007F
:10315000000000000000000000000000000000006F
:10316000000000000000000000000000000000005F
:10317000000000000000000000000000000000004F
:10318000000000000000000000000000000000003F
:10319000000000000000000000000000000000002F
:1031A000000000000000000000000000000000001F
:1031B000000000000000000000000000000000000F
:1031C00000000000000000000000000000000000FF
:1031D00000000000000000000000000000000000EF
:1031E00000000000000000000000000000000000DF
:1031F00000000000000000000000000000000000CF
:1032000000000000000000000000000083008300B8
:103210008300830083008300830083008300830096
:103220008300830083008300830083008300830086
:103230008300830083008300830083008300830076
:103240008300830083008300830083008300830066
:103250008300830083008300830083008300830056
:1032600083008300830083008300EC5255A555A59D
:10327000EC5283008300830083008300830083007B
:103280008300830096B5FFFFFFFFFFFFFFFF96B5AA
:1032900083008300830083008300830083000C5B32
:1032A000FFFF9AD6A731E8319AD6FFFFEC52830090
:1032B0008300830083008300830055A5FFFF8621E0
:1032C00083008300A731FFFF55A58300830083009F
:1032D00083008300830055A5FFFF862183008300C0
:1032E000A731FFFF55A5830083008300830083007F
:1032F00083000C5BFFFF9AD68621A7319AD6FFFF89
:103300000C5B8300830083008300830083008300C1
:1033100096B5FFFFFFFFFFFFFFFF96B58300830019
:103320008300830083008300830083008300EC52CA
:1033300055A555A5EC5283008300830083008300CC
:103340008300830083008300830083008300830065
:103350008300830083008300830083008300830055
:103360008300830083008300830083008300830045
:103370008300830083008300830083008300830035
:103380008300830083008300830083008300830025
:103390008300830000000000000000000000000027
:1033A000000000000000000000000000000000001D
:1033B000000000000000000000000000000000000D
:1033C00000000000000000000000000000000000FD
:1033D00000000000000000000000000000000000ED
:1033E00000000000000000000000000000000000DD
:1033F00000000000000000000000000000000000CD
:1034000000000000000000000000000000000000BC
:1034100000000000000000000000000000000000AC
:10342000000000000000000000000000000000009C
:10343000000000000000000000000000000000008C
:10344000000000000000000000000000000000007C
:10345000000000000000000000000000000000006C
:10346000000000000000000000000000000000005C
:1034700000000000000000000000540500000000F3
:10348000F80F00000000F80F00000000F80F000027
:103490000000F80F00000000F80F00000000F80F17
:1034A00000000000F80F00000000F80B0000000012
:1034B000F80B00000000F40B00000000F40B00000B
:1034C0000000F40B00000000F40B00000000F40BFF
:1034D00000000000F40B00000000F40B00000000EE
:1034E000F40B00000000A006000000000000000037
:1034F0000000900100000000F40B00000000FC1F21
:1035000000000000FC1F00000000F80F0000000099
:10351000E0060000000000000000000000000000C5
:10352000000000000000000000000000000000009B
:10353000000000000000000000000000000000008B
:10354000000000000000000000000000000000007B
:1035500000500554010000F41FFC0B0000F41FFC98
:10356000070000F01FFC070000F00FF8070000F054
:103570000FF8070000F00FF8070000E00FF8030055
:1035800000E00FF80300009006A401000000000016
:10359000000000000000000000000000000000002B
:1035A000000000000000000000000000000000001B
:1035B000000000000000000000000000000000000B
:1035C00000000000000000000000000000000000FB
:1035D00000000000000000000000000000000000EB
:1035E00000000000000000000000000000000000DB
:1035F00000000000000000000000000000000000CB
:1036000000000000000000000000000000000000BA
:1036100000000000000000000000000000000000AA
:10362000000000000000000000000000000000009A
:103630000000000000401A80090000C02FD01F00C9
:1036400000C01FD00F0000C01FE00F0000C01FE02F
:103650000B0000D01FE00B0080FFFFFFFF0280FF88
:10366000FFFFFF0280FFFFFFFF0200E55FF557014C
:1036700000E00BF4070000E00BF4030000F00BF493
:10368000030000F007F8030090FAABFEAB00E0FF88
:10369000FFFFFF00E0FFFFFFFF0090F99BFE6600C9
:1036A00000F403FC010000F802FD010000F802FD37
:1036B000010000F802FD000000FC02FD000000A473
:1036C00001590000000000000000000000000000A0
:1036D00000000000000000000000000000000000EA
:1036E00000000000000000000000000000000000DA
:1036F000000000000000000000000000003F00008B
:103700000000403F00000000402F00000000946FC8
:1037100001000090FFFF1F0000F8FFFF1F0000FDE9
:10372000FFFF1F0000FFD75F090040FFD10B000023
:1037300080FFD00B000080FFE10B000040FFE70797
:10374000000000FFFF07000000FDFF6F000000F415
:10375000FFFF02000080FFFF1F000000F8FF3F0096
:103760000000F8FABF000000F8D1BF000000FC81A3
:10377000FF000000FC80BF004001FCD0BF00806F54
:10378000FEF97F0080FFFFFF1F0080FFFFFF0700A3
:1037900040FEFFBF01000050BF05000000003F00D9
:1037A000000000403F00000000402F0000000040EB
:1037B0002F000000000000000000000000000000DA
:1037C00000000000000000000000000000000000F9
:1037D000000000000000000000540100500100FE45
:1037E0001F00F40380FF7F00FC01D05FBF00BE001C
:1037F000E00BBD403F00E007FDC01F00E007FDE01B
:103800000B00E00BBDF40300D0AF7FFC010080FF94
:103810002FBE000000FE4B3F00000050C01F000004
:103820000000E00B00000000F40700000000FC01B5
:1038300000000000BE901A0000407FFCBF0000C0E6
:103840002FFEFF0100E04F7FF80200F4872FF40302
:1038500000FC822FF40300FE802FF403407F403FE2
:10386000F802C02F00FFFE01E00F00FDBF00600660
:1038700000E41B0000000000000000000000000049
:103880000000000000000000000000000000000038
:103890000000000000000000000000000000000028
:1038A0000000000000000000000000000000000018
:1038B0000000540000000080FF1B000000F4FFBF68
:1038C000000000FCFFFF010000FD47FE020000FEBB
:1038D00001FD030000FF00FC030000FF00FC0300EB
:1038E00000FE01FE020000FD83FF010000FCFB7FE3
:1038F000000000F4FF1F000000E0FF02000000F8DD
:10390000FF01690000FEFF03FF0080FFFD0BFF00C9
:10391000D07FF42FBF00D02FE0BFBF00E02F80FF8B
:103920007F00E02F00FF3F00E02F00FC2F00D0BF02
:1039300000F82F00C0FFAAFFBF0040FFFFFFFF01FC
:1039400000FDFF6FFE070090BF0654060000000058
:103950000000000000000000000000000000000067
:103960000000000000000000000000000000000057
:103970000000000000000000000000000000000047
:1039800000000000000000000000540500000000DE
:10399000F80F00000000F80F00000000F80F000012
:1039A0000000F80B00000000F40B00000000F40B16
:1039B00000000000F40B00000000F40B0000000009
:1039C0006006000000000000000000000000000091
:1039D00000000000000000000000000000000000E7
:1039E00000000000000000000000000000000000D7
:1039F00000000000000000000000000000000000C7
:103A000000000000000000000000000000000000B6
:103A100000000000000000000000000000000000A6
:103A20000000000000000000000000000000000096
:103A30000000000000000000000000000000000086
:103A40000000000000000000000000000000000076
:103A50000000000000000000000000000050000016
:103A6000000000F40100000000FD0700000040FF1E
:103A700002000000C0BF00000000E03F00000000A6
:103A8000F41F00000000FC0B00000000FD0300001C
:103A90000000FF0100000040FF0000000080BF00A8
:103AA000000000C07F00000000C03F00000000D008
:103AB0003F00000000D02F00000000D02F000000C9
:103AC00000D02F00000000D02F00000000D03F00E9
:103AD000000000D03F00000000C07F000000008018
:103AE000BF0000000040FF0000000000FF010000D8
:103AF0000000FE0300000000FD0700000000F81FAA
:103B000000000000F02F00000000D0BF0000000007
:103B100040FF0200000000FE0700000000F8020065
:103B2000000000A0000000000000000000000000F5
:103B3000000000000100000000800B00000000F009
:103B40002F00000000E0BF0000000080FF01000027
:103B50000000FE0700000000FC0B00000000F41F46
:103B600000000000E03F00000000C07F00000000F7
:103B700080BF0000000040FF0000000000FF0100C7
:103B8000000000FE0200000000FE0200000000FD38
:103B90000200000000FD0200000000FD0200000025
:103BA00000FD0200000000FD0200000000FE020017
:103BB000000000FE0100000000FF0000000040BF08
:103BC00000000000C07F00000000D03F00000000A7
:103BD000F01F00000000F80F00000000FD070000CB
:103BE0000040FF02000000D0BF00000000F02F00E6
:103BF000000000D00B0000000040020000000000A8
:103C000000000000000000000000000000000000B4
:103C10000000500100000000F00700000000F00765
:103C200000000024F007090000BCE1831F0000FE33
:103C3000E7E73F0000F9FFFF1B000090FFBF010016
:103C40000000FE2F000000D0FFFF020000FDFFFF7C
:103C50002F0000FDE6E32F0000B8F0470F0000142E
:103C6000F00705000000F00700000000F00700006A
:103C70000000000000000000000000000000000044
:103C80000000000000000000000000000000000034
:103C90000000000000000000000000000000000024
:103CA0000000000000000000000000000000000014
:103CB0000000000000000000000000000000000004
:103CC00000000000000000000000000000000000F4
:103CD00000000000000000000000000000000000E4
:103CE00000000000000000000000000000000000D4
:103CF00000000000000000000000000000000000C4
:103D000000000000000000000000000000000000B3
:103D100000000000600600000000F40B000000003E
:103D2000F40B00000000F40B00000000F40B000096
:103D30000000F40B00000000F40B000080AAFAAFB2
:103D4000AA00C0FFFFFFFF01C0FFFFFFFF0180AA25
:103D5000FAAFAA000000F40B00000000F40B000012
:103D60000000F40B00000000F40B00000000F40B56
:103D700000000000F40B00000000600600000000DE
:103D80000000000000000000000000000000000033
:103D90000000000000000000000000000000000023
:103DA0000000000000000000000000000000000013
:103DB0000000000000000000000000000000000003
:103DC00000000000000000000000000000000000F3
:103DD00000000000000000000000000000000000E3
:103DE00000000000000000000000000000000000D3
:103DF00000000000000000000000000000000000C3
:103E000000000000000000000000000000000000B2
:103E100000000000000000000000000000000000A2
:103E20000000000000000000000000000000000092
:103E300000000000E40600000000FD0F000000008C
:103E4000FE2F00000000FD3F00000000FC3F0000CE
:103E50000000F43F00000000E02F00000000E02F11
:103E600000000000F00F00000040FD07000000F41B
:103E7000FF02000000F86F00000000A40500000031
:103E80000000000000000000000000000000000032
:103E90000000000000000000000000000000000022
:103EA0000000000000000000000000000000000012
:103EB0000000000000000000000000000000000002
:103EC00000000000000000000000000000000000F2
:103ED00000000000000000000000000000000000E2
:103EE00000000000000000000000000000E0FFFFF4
:103EF000030000E0FFFF030000F0FFFF030000A04D
:103F0000AAAA02000000000000000000000000005B
:103F100000000000000000000000000000000000A1
:103F20000000000000000000000000000000000091
:103F30000000000000000000000000000000000081
:103F40000000000000000000000000000000000071
:103F50000000000000000000000000000000000061
:103F60000000000000000000000000000000000051
:103F70000000000000000000000000000000000041
:103F80000000000000000000000000000000000031
:103F90000000000000000000000000000000000021
:103FA0000000000000000000000000000000000011
:103FB0000000000000000000000000000000000001
:103FC00000000000000000000000000000000000F1
:103FD00000000000000000000000000000000000E1
:103FE00000000000E40600000000FD1F00000000CB
:103FF000FE3F00000000FE3F00000000FE3F00000A
:104000000000FD1F00000000E406000000000000AA
:1040100000000000000000000000000000000000A0
:104020000000000000000000000000000000000090
:104030000000000000000000000000000000000080
:10404000000000000000000000000040150000001B
:1040500000C07F00000000D02F00000000F01F0013
:10406000000000F40B00000000F80700000000FD55
:104070000300000000FE0200000000FF000000003E
:1040800040BF00000000C07F00000000D02F0000F3
:104090000000E01F00000000F40F00000000F80B1B
:1040A00000000000FC0300000000FD020000000012
:1040B000FF0100000040BF00000000807F00000002
:1040C00000D03F00000000E02F00000000F00F00D3
:1040D000000000F80B00000000FC0700000000FDDD
:1040E0000200000000FE0100000040FF0000000090
:1040F00080BF00000000401500000000000000002C
:1041000000000000000000000000000000000000AF
:10411000000000000000000000000000000000009F
:104120000000000000000000000000000000F96B2B
:10413000000000D0FFFF020000F4FFFF0B0000FCB6
:10414000AFFE2F0000FE07E07F0040FF01C0BF0070
:1041500080FF0080FF0080BF0090FF01C07F00F45F
:10416000FF01D07F00FEFF02D03FD0FFFF02D03F13
:10417000F87FFE02D07FFE0BFE02D0FFFF01FE02A1
:10418000D0FF7F00FE01C0FF0B00FF01C0FF014018
:10419000FF0080FF0080BF0040FF01C07F0000FFE4
:1041A00007E03F0000FDAFFE1F0000F8FFFF0B001F
:1041B00000D0FFFF01000040FA1B000000000000DB
:1041C00000000000000000000000000000000000EF
:1041D00000000000000000000000000000000000DF
:1041E00000000000000000000000000000000000CF
:1041F00000000000000000000000000000000000BF
:10420000000000000000501900000000F92F00001D
:104210000090FF2F000000F9FF2F000000FFFF2F8C
:10422000000000FEE72F0000007DE02F00000004EA
:10423000E02F00000000E02F00000000E02F000051
:104240000000E02F00000000E02F00000000E02F41
:1042500000000000E02F00000000E02F0000000040
:10426000E02F00000000E02F00000000E02F000021
:104270000000E02F00000054E56F550000FEFFFF36
:10428000BF0000FEFFFFBF0000FEFFFFBF00009960
:10429000AAAA660000000000000000000000000064
:1042A000000000000000000000000000000000000E
:1042B00000000000000000000000000000000000FE
:1042C00000000000000000000000000000000000EE
:1042D0000000000000000000000000000040FA2B79
:1042E000000000E4FFFF010000FDFFFF070000FEEB
:1042F000AFFF0F0000FC01FD1F00002400F42F00A1
:10430000000000F02F00000000F02F00000000F07F
:104310002F00000000F41F00000000F80F00000054
:1043200000FE0700000040FF02000000D0FF000078
:104330000000F47F00000000FD1F00000040FF07A8
:10434000000000D0FF01000000F42F00000000FD7D
:104350006FA6660000FFFFFFBF0000FFFFFFBF006A
:1043600000FFFFFFBF000099AAAA6600000000003E
:10437000000000000000000000000000000000003D
:10438000000000000000000000000000000000002D
:10439000000000000000000000000000000000001D
:1043A000000000000000000000000000000000000D
:1043B000000000000094FE1B000000FDFFFF010054
:1043C00000FDFFFF070000BDAAFF0F00000400F87A
:1043D0001F00000000F01F00000000F01F000000A0
:1043E00000F01F00000000F80F00000040FE070072
:1043F00000C0FFBF010000C0FFBF010000C0FFFF01
:104400000B00004055FE2F00000000E07F00000080
:1044100000C0BF0000000080BF00000000C0BF005F
:10442000000000D07F00000000F43F0000AAAAFFB7
:104430002F0000FEFFFF0B0000FEFFFF010000FE4B
:10444000FF1A000000000000000000000000000053
:10445000000000000000000000000000000000005C
:10446000000000000000000000000000000000004C
:10447000000000000000000000000000000000003C
:104480000000000000000000000000000000406686
:1044900002000000D0FF07000000E0FF070000005E
:1044A000F4FF07000000FCFF07000000FEFA070011
:1044B0000040FFF8070000C07FF8070000E02FF879
:1044C000070000F00FF8070000F807F8070000FDEC
:1044D00002F8070000FF01F8070080BF00F807009E
:1044E000D03F00F80700E0FFFFFFFF02E0FFFFFF03
:1044F000FF02E0FFFFFFFF0290AAAAFEAB0200004E
:1045000000F80700000000FC0700000000F80700AA
:10451000000000FC07000000006402000000000032
:10452000000000000000000000000000000000008B
:10453000000000000000000000000000000000007B
:10454000000000000000000000000000000000006B
:10455000000000000000000000000000000000005B
:10456000000000000064AAAA0A0000FCFFFF1F0070
:1045700000FCFFFF1F0000FCFFFF1F0000FCABAAB8
:104580000A0000FC0300000000FC0300000000FC27
:104590000300000000FC0300000000FCAB1A000058
:1045A00000FCFFFF010000FCFFFF0B0000A8EAFF7A
:1045B0001F00000000F93F00000000E07F00000045
:1045C00000D07F00000000D07F00000000D07F00FE
:1045D000000000E03F00000000F82F0000A9AAFF43
:1045E0000F0000FEFFFF070000FEFFBF000000F904
:1045F000BF060000000000000000000000000000F6
:1046000000000000000000000000000000000000AA
:10461000000000000000000000000000000000009A
:10462000000000000000000000000000000000008A
:104630000000000000000000000000000000005525
:1046400009000000E4FF1F000040FFFF1F0000D032
:10465000FFFF1F0000F4BF56050000FC1F00000014
:1046600000FD0700000000FE0200000000FF010046
:10467000000040FFA56A000040FFFFFF070040FF69
:10468000FFFF2F0040FFBFFE7F0080FF06E0BF005E
:1046900080FF0080FF0040FF0040FF0140FF01401D
:1046A000FF0140FF0140FF0000FF0280FF0000FE0D
:1046B00007D0BF0000FCAFFA3F0000F4FFFF1F006F
:1046C00000D0FFFF06000000F96B000000000000B2
:1046D00000000000000000000000000000000000DA
:1046E00000000000000000000000000000000000CA
:1046F00000000000000000000000000000000000BA
:1047000000000000000000000000000000000000A9
:104710000000000040A6AAAA660040FFFFFFBF00FD
:1047200040FFFFFFBF0040FFFFFFBF0040AAAAFA03
:104730007F00000000E03F00000000F42F000000B8
:1047400000F80F00000000FD0B00000000FE030059
:10475000000040FF0200000080FF00000000C0BF1A
:1047600000000000E07F00000000F02F00000000CB
:10477000F81F00000000FC0B00000000FE07000016
:104780000000FF0200000080FF01000000C0BF0029
:10479000000000E07F00000000F02F000000006437
:1047A00015000000000000000000000000000000F4
:1047B00000000000000000000000000000000000F9
:1047C00000000000000000000000000000000000E9
:1047D00000000000000000000000000000000000D9
:1047E0000000000000000000000000000040FA6F20
:1047F000000000E0FFFF070000F8FFFF1F0000FDC2
:104800005BF93F0000FE02D07F0000FF01C07F0087
:1048100000FF01C07F0000FE02D03F0000FD1BF43E
:104820001F0000F8BFFE0B0000F0FFFF0200008039
:10483000FFBF00000090FFFF070000F4BFFF1F0054
:1048400000FD0BF93F0000FF02E07F0040FF00C0C9
:10485000BF0040FF0080BF0040FF0080BF0040FF5E
:1048600002D07F0000FFAFFA3F0000FDFFFF1F00F6
:1048700000F4FFFF07000040FA6B0000000000009A
:104880000000000000000000000000000000000028
:104890000000000000000000000000000000000018
:1048A0000000000000000000000000000000000008
:1048B00000000000000000000000000000000000F8
:1048C000000000000040FA6B000000E0FFFF020063
:1048D00000FCFFFF0B0000FEAFFE1F0040FF02F4D4
:1048E0002F0080FF00E03F00C0BF00D07F00C07FEE
:1048F00000C0BF00C0BF00C0BF0080FF0080BF007D
:1049000080FF02E4BF0040FFAFFFBF0000FDFFFFDC
:10491000BF0000F4FFFFBF000040AAC67F000000F8
:1049200000D07F00000000E03F00000000F02F00FA
:10493000000000FD0F000054A5FF070000FEFFFF70
:10494000020000FEFF7F000000FEFF0B0000005988
:104950001500000000000000000000000000000042
:104960000000000000000000000000000000000047
:104970000000000000000000000000000000000037
:104980000000000000000000000000000000000027
:104990000000000000000000000000000000000017
:1049A0000000000000000000000000000000000007
:1049B00000000000000000000000000040000000B7
:1049C0000000F40B00000000FD1F00000000FD2FA0
:1049D00000000000FD2F00000000FC1F0000000090
:1049E000E4060000000000000000000000000000DD
:1049F00000000000000000000000000000000000B7
:104A000000000000400000000000F40B0000000067
:104A1000FD1F00000000FD2F00000000FD2F000022
:104A20000000FC1F00000000E40600000000000081
:104A30000000000000000000000000000000000076
:104A40000000000000000000000000000000000066
:104A50000000000000000000000000000000000056
:104A60000000000000000000000000000000000046
:104A70000000000000000000000000000000000036
:104A80000000000000000000000000000000000026
:104A900000000000400000000000F40B00000000D7
:104AA000FD1F00000000FD2F00000000FD2F000092
:104AB0000000FC1F00000000E406000000000000F1
:104AC00000000000000000000000000000000000E6
:104AD000000000000000000000000000E4060000EC
:104AE0000000FC1F00000000FD2F00000000FD3F43
:104AF00000000000F87F00000000F07F00000000D0
:104B0000D03F00000000D02F00000000E01F000098
:104B10000000F90B000000F4FF02000000F46F0039
:104B2000000000A4050000000000000000000000DC
:104B30000000000000000000000000000000000075
:104B40000000000000000000000000000000000065
:104B50000000000000000000000000000000000055
:104B600000000000000000900000000000F40200BF
:104B7000000000FE0B00000080FF07000000E0FFC7
:104B800001000000FD2F00000040FF0B000000E0CE
:104B9000FF01000000F87F00000000FE0B00000095
:104BA00000FE1F00000000F87F00000000D0FF01A1
:104BB00000000040FF0B00000000FD2F000000007F
:104BC000E0FF0100000080FF0700000000FE0B0076
:104BD000000000F40200000000900000000000004F
:104BE00000000000000000000000000000000000C5
:104BF00000000000000000000000000000000000B5
:104C000000000000000000000000000000000000A4
:104C10000000000000000000000000000000000094
:104C20000000000000000000000000000000000084
:104C30000000000000000000000000000000000074
:104C40000000000000000000000000000000000064
:104C50000000000000555555150000FFFFFF7F00C4
:104C600000FFFFFF7F0000FFFFFF7F00005555554D
:104C700015000000000000000000000000000055CA
:104C80005555150000FFFFFF7F0000FFFFFF7F006D
:104C900000FFFFFF7F000055555515000000000084
:104CA0000000000000000000000000000000000004
:104CB00000000000000000000000000000000000F4
:104CC00000000000000000000000000000000000E4
:104CD00000000000000000000000000000000000D4
:104CE00000000000000000000000000000000000C4
:104CF00000000000000000000000000000000000B4
:104D000000000000000000000000000000000000A3
:104D10000000000000800200000000E00B00000026
:104D200000F42F00000000E4FF0100000080FF07F6
:104D300000000000FE1F00000000F4BF00000000A3
:104D4000D0FF0200000000FE0B00000000F87F0012
:104D5000000000F87F00000000FE0B000000D0FF04
:104D600002000000F4BF00000000FE1F00000080F1
:104D7000FF07000000E4FF01000000F42F00000026
:104D800000E00B00000000800200000000000000B6
:104D90000000000000000000000000000000000013
:104DA0000000000000000000000000000000000003
:104DB00000000000000000000000000000000000F3
:104DC000000000000000000000400500000000D0CE
:104DD000FF06000000D0FF6F000000D0FFFF0100C1
:104DE0000090FEFF0700000040FF0F00000000F8E9
:104DF0001F00000000F42F00000000F02F00000052
:104E000000F02F00000000F81F00000055FE0F000A
:104E10000000FEFF07000000FEFF01000000FE1B77
:104E200000000000FE0100000000FE010000000084
:104E3000FE0100000000540000000000000000001F
:104E40000000680000000000FF0200000040FF07B3
:104E500000000040FF0700000040FF0200000000CB
:104E6000B900000000000000000000000000000089
:104E70000000000000000000000000000000000032
:104E80000000000000000000000000000000000022
:104E90000000000000000000000000000000000012
:104EA0000000405500000000F8FF06000040FFFF32
:104EB0001F0000D0BFEA3F0000F01F40BF0000F815
:104EC0000700FE0100FD0200FC0200FE0000F802E7
:104ED000407F0000F403803FE4ABF607802FFDFF26
:104EE000F207C01FFFFFF207D04FBFFDF107E08FB1
:104EF0003FFCF107E0CB2FFDF107F0CB2FFDF107D1
:104F0000F0C71FFDF007F0D71FFEF407F0D71FFE14
:104F1000F403F0D71FFEF802F0D71FBFF802F0C766
:104F2000AFFFFE01F08BFFFFBF00E04BFFF62F004D
:104F3000E00F69900600D00F00000000D02F0000A5
:104F40000000C03F0000000040BF0000010000FF63
:104F500006E4030000FDFFFF030000F4FFFF020072
:104F60000040FE6B00000000000000000000000098
:104F70000000000000000000000000000000000031
:104F8000000000000000951500000000FE3F00003A
:104F90000000FF7F00000040FFBF00000080FFBF57
:104FA00000000080BFFF010000D03FFF010000D0E3
:104FB0002FFE020000E01FFD030000F00FFD0700C0
:104FC00000F40BFC0B0000F80BF80F0000FC07F4DA
:104FD0001F0000FD03F02F0000FE02E02F0000FE86
:104FE0006AEA3F0000FFFFFF7F0040FFFFFFBF00B6
:104FF00080FFFFFFFF00C07F0040FF01D03F004067
:10500000FF02E02F0000FF03F01F0000FE079009E1
:105010000000590600000000000000000000000031
:105020000000000000000000000000000000000080
:105030000000000000000000000000000000000070
:105040000000000000000000000000000000000060
:1050500000000000000000000000000000996A1538
:10506000000000FFFFFF020000FFFFFF0F0000FF36
:10507000FFFF2F0000FF01F93F0000FF01E07F006C
:1050800000FF01D07F0000FF01D03F0000FF01E0E2
:105090002F0000FF01F91F0000FFFFFF060000FFC7
:1050A000FFFF060000FFFFFF2F0000FF55F97F0004
:1050B00000FF01D0FF0000FF0180FF0000FF014062
:1050C000FF0100FF0180FF0000FF01D0FF0000FF93
:1050D00001F4BF0000FFFFFF3F0000FFFFFF1F00C4
:1050E00000FFFFFF020000996A15000000000000A9
:1050F00000000000000000000000000000000000B0
:10510000000000000000000000000000000000009F
:10511000000000000000000000000000000000008F
:10512000000000000000000000000000000000007F
:10513000000000000000A4FF1A000000FEFF7F0036
:1051400000D0FFFF7F0000F4FFAB7F0000F86F008E
:10515000640000FD0B00000000FE0300000040FFA3
:105160000200000040FF0100000080FF000000007E
:1051700080FF0000000080FF0000000080FF0000B2
:10518000000080FF0000000080FF0100000080FFA1
:105190000100000040FF0200000000FF07000000C7
:1051A00000FE0F00000000FD7F41790000F8FFFFC6
:1051B0007F0000E0FFFF7F000040FFFF7F00000056
:1051C000A4BF060000000000000000000000000076
:1051D00000000000000000000000000000000000CF
:1051E00000000000000000000000000000000000BF
:1051F00000000000000000000000000000000000AF
:1052000000000000000000000000000040A65A0559
:10521000000080FFFFBF000080FFFFFF070080FF4E
:10522000FFFF1F0080BF40FD3F0080BF00E07F0008
:1052300080BF00C0FF0080BF0080FF0180BF004032
:10524000FF0180BF0040FF0180BF0000FF0280BF60
:105250000000FF0280BF0000FF0280BF0000FF02CD
:1052600080BF0040FF0180BF0040FF0180BF008081
:10527000FF0080BF00D0BF0080BF00F47F0080BF70
:1052800040FE2F0080FFFFFF0B0080FFFFFF0100AB
:1052900080FFFF2F000040A6560100000000000024
:1052A00000000000000000000000000000000000FE
:1052B00000000000000000000000000000000000EE
:1052C00000000000000000000000000000000000DE
:1052D00000000000000000000000000000000000CE
:1052E000000000000064AAAA190000FCFFFF3F00B4
:1052F00000FCFFFF2F0000FCFFFF2F0000FC5B55B0
:10530000150000FC0700000000FC0700000000FC86
:105310000700000000FC0700000000FC0700000080
:1053200000FCFFFF1F0000FCFFFF1F0000FCFFFF51
:105330001F0000FCABAA190000FC0700000000FCE5
:105340000700000000FC0700000000FC0700000050
:1053500000FC0700000000FC5B55150000FCFFFF8F
:105360002F0000FCFFFF2F0000FCFFFF3F00006448
:10537000AAAA1900000000000000000000000000C0
:10538000000000000000000000000000000000001D
:10539000000000000000000000000000000000000D
:1053A00000000000000000000000000000000000FD
:1053B0000000000000000000000000000064AAAA35
:1053C000190000FCFFFF2F0000FCFFFF2F0000FC76
:1053D000FFFF2F0000FC5B55050000FC07000000EC
:1053E00000FC0700000000FC0700000000FC0700B4
:1053F000000000FC0700000000FCAB6A060000FC97
:10540000FFFF0F0000FCFFFF0F0000FCFFFF0F007D
:1054100000FC0700000000FC0700000000FC070083
:10542000000000FC0700000000FC0700000000FC7A
:105430000700000000FC0700000000FC070000005F
:1054400000FC0700000000640600000000000000EF
:10545000000000000000000000000000000000004C
:10546000000000000000000000000000000000003C
:10547000000000000000000000000000000000002C
:10548000000000000000000000000000000000001C
:10549000000000000000A4FF1A000040FFFFBF0052
:1054A00000E0FFFFBF0000F8FFEBBF0000FD2F0092
:1054B000A40000FF0700000040FF0200000080FF82
:1054C00000000000C0BF00000000D07F000000000E
:1054D000D07F40AAAA00D07F40FFFF00D07F40FFCE
:1054E000FF00D07F40AAFF00D07F0040FF00D0BF68
:1054F0000040FF00C0BF0040FF0080FF0140FF00F0
:1055000040FF0340FF0000FE1F40FF0000FCFFEAD9
:10551000FF0000F4FFFFFF000080FFFFBF0000005E
:10552000E9BF0600000000000000000000000000CD
:10553000000000000000000000000000000000006B
:10554000000000000000000000000000000000005B
:10555000000000000000000000000000000000004B
:105560000000000000000000000000004066004055
:10557000660080BF0040FF0080BF0040BF0080BFCA
:105580000040FF0080BF0040FF0080BF0040FF00E0
:1055900080BF0040FF0080BF0040FF0080BF004090
:1055A000FF0080BF5595FF0080FFFFFFFF0080FFD9
:1055B000FFFFFF0080FFFFFFFF0080FFAAAAFF00A0
:1055C00080BF0040FF0080BF0040FF0080BF004060
:1055D000FF0080BF0040FF0080BF0040FF0080BF91
:1055E0000040FF0080BF0040FF0080BF0040BF00C0
:1055F00080BF0040FF0040660040660000000000E1
:10560000000000000000000000000000000000009A
:10561000000000000000000000000000000000008A
:10562000000000000000000000000000000000007A
:10563000000000000000000000000000000000006A
:10564000000000000099AAAA190000FEFFFF3F0019
:1056500000FEFFFF3F0000FEFFFF2F000000F80BE1
:1056600000000000F80B00000000F80B0000000034
:10567000F80B00000000F80B00000000F80B000021
:105680000000F80B00000000F80B00000000F80B11
:1056900000000000F80B00000000F80B0000000004
:1056A000F80B00000000F80B00000000F80B0000F1
:1056B0000000F80B00000000F80B000000FEFFFFE8
:1056C0002F0000FEFFFF3F0000FEFFFF3F0000999C
:1056D000AAAA19000000000000000000000000005D
:1056E00000000000000000000000000000000000BA
:1056F00000000000000000000000000000000000AA
:105700000000000000000000000000000000000099
:105710000000000000000000000000000064AA6A11
:10572000060000FCFFFF0B0000FCFFFF0B0000FC6D
:10573000FFFF0B00000000F80B00000000F80B005A
:10574000000000F80B00000000F80B00000000F85B
:105750000B00000000F80B00000000F80B00000038
:1057600000F80B00000000F80B00000000F80B0030
:10577000000000F80B00000000F80B00000000F82B
:105780000B00000000F80B00000000FD07000019EE
:1057900000FE070000FDEAFF020000FDFFFF000021
:1057A00000FDFF6F000000A4FF06000000000000E5
:1057B00000000000000000000000000000000000E9
:1057C00000000000000000000000000000000000D9
:1057D00000000000000000000000000000000000C9
:1057E00000000000000000000000000000000000B9
:1057F0000000000000990140960000FF01D0FF006A
:1058000000FF01F03F0000FF01F81F0000FF01FD55
:105810000B0000FF01FF030000FF81FF010000FFFC
:10582000D1BF000000FFF12F000000FFF51F0000B6
:1058300000FFFE07000000FFFF03000000FFFF075E
:10584000000000FFF90F000000FFF52F000000FF2F
:10585000E17F000000FFC1FF000000FF41FF0200E8
:1058600000FF01FE070000FF01FD1F0000FF01F81F
:105870002F0000FF01F0BF0000FF01D0FF010099E1
:105880000140960100000000000000000000000040
:105890000000000000000000000000000000000008
:1058A00000000000000000000000000000000000F8
:1058B00000000000000000000000000000000000E8
:1058C000000000000000000000000000006406006E
:1058D000000000F80B00000000F80B00000000F8CA
:1058E0000B00000000F80B00000000F80B000000A7
:1058F00000F80B00000000F80B00000000F80B009F
:10590000000000F80B00000000F80B00000000F899
:105910000B00000000F80B00000000F80B00000076
:1059200000F80B00000000F80B00000000F80B006E
:10593000000000F80B00000000F80B00000000F869
:105940005B55150000F8FFFF7F0000F8FFFF7F00A8
:1059500000F8FFFF7F000064AAAA260000000000F4
:105960000000000000000000000000000000000037
:105970000000000000000000000000000000000027
:105980000000000000000000000000000000000017
:105990000000000000000000000000000000000007
:1059A0000000000040560150650040FF03E0BF00CA
:1059B00040FF07F0BF0040FF07F4BF0080FF0BF877
:1059C000BF0080FF0FFCBF0080EF1FFDFE0080AF17
:1059D0002FBEFE00806F3F7EFD00802F7F3FFD00C9
:1059E000802FBE2FFD00C02FFE1FFD01C02FFD0F19
:1059F000FD01C02FFC0BFD01C01FF807FD01C01FFA
:105A0000F403FD01C01FA002FD01D01F0000FD0135
:105A1000D01F0000FD02D01F0000FD02D01F0000BB
:105A2000FD02D01F0000FC02D01F0000FC02900904
:105A300000009401000000000000000000000000D1
:105A40000000000000000000000000000000000056
:105A50000000000000000000000000000000000046
:105A60000000000000000000000000000000000036
:105A7000000000000000000000000000409601004F
:105A8000690080FF0700FF0080FF0B00FF0080FF20
:105A90000F00FF0080FF2F00FF0080FF3F00FF008E
:105AA00080FF7F00FF0080BFFF00FF00807FFE01BE
:105AB000FF00807FFD02FF00807FFC07FF00807FEA
:105AC000F80BFF00807FF41FFF00807FE02FFF00B6
:105AD000807FD03FFF00807F807FFE00807F40FF7F
:105AE000FF00807F00FFFF00807F00FDFF00807FC0
:105AF00000FCFF00807F00F8FF00807F00F0FF00C7
:105B0000807F00E0FF00406600506500000000005C
:105B10000000000000000000000000000000000085
:105B20000000000000000000000000000000000075
:105B30000000000000000000000000000000000065
:105B40000000000000000000000000000000000055
:105B5000000000000000F96B000000D0FFFF06000D
:105B600000F4FFFF1F0000FDFFFF3F0000FF1BF4DC
:105B70007F0040FF01D0FF0080BF0080FF01C07F99
:105B80000040FF01D07F0000FF02D03F0000FE0276
:105B9000E03F0000FE02E03F0000FE03E03F0000A7
:105BA000FE03E03F0000FE02D03F0000FE02D07F77
:105BB0000000FF02D07F0040FF01C0BF0080FF0057
:105BC00080FF01D0BF0040FF1BF47F0000FEFFFFFD
:105BD0002F0000F8FFFF0B0000E0FFFF0200004075
:105BE000FA6B000000000000000000000000000050
:105BF00000000000000000000000000000000000A5
:105C00000000000000000000000000000000000094
:105C10000000000000000000000000000000000084
:105C200000000000000000000000000000996A056C
:105C3000000000FFFFBF010000FEFFFF0B0000FFA0
:105C4000FFFF2F0000FF02F97F0000FF01D0BF001F
:105C500000FF0180FF0000FF0140FF0000FF014046
:105C6000FF0000FF0180FF0000FF01C0BF0000FF38
:105C700001E47F0000FFAAFE2F0000FFFFFF0B00E2
:105C800000FFFFFF020000FFFF1B000000FF0200FB
:105C9000000000FF0100000000FF0100000000FF05
:105CA0000100000000FF0100000000FE01000000F4
:105CB00000FF020000000099010000000000000049
:105CC00000000000000000000000000000000000D4
:105CD00000000000000000000000000000000000C4
:105CE00000000000000000000000000000000000B4
:105CF00000000000000000000000000000000000A4
:105D0000000000000000F96B000000D0FFFF06005B
:105D100000F4FFFF1F0000FDFFFF3F0000FF1BF42A
:105D2000BF0040FF01C0FF0080FF0080FF01C07F77
:105D30000040FF02D07F0000FF02D03F0000FE02C3
:105D4000E03F0000FE02E03F0000FE03E03F0000F5
:105D5000FE03E03F0000FE02D03F0000FE02D07FC5
:105D60000000FF02D0BF0040FF01C0FF0080FF0025
:105D700080FF02D0BF0000FF5BF93F0000FDFFFF86
:105D80001F0000F8FFFF070000D0FFBF0100000068
:105D9000F91B00000000F40B00000000F41F40009D
:105DA0000000F0BFFA010000D0FFFF07000080FFF5
:105DB000FF07000000F9BF010000004005000000DF
:105DC00000000000000000000000000000000000D3
:105DD00000000000000000000000000000996A05BB
:105DE000000000FFFFBF010000FFFFFF070000FFF2
:105DF000FFFF1F0000FF01F92F0000FF01F03F002F
:105E000000FF01E03F0000FF01D03F0000FF01E084
:105E10003F0000FF01F82F0000FFAAFF0B0000FF6A
:105E2000FFFF020000FFFF2F000000FFFF7F0000C8
:105E300000FF91FF010000FF01FF020000FF01FDD4
:105E4000070000FF01FC0B0000FF01F81F0000FF2E
:105E500001F42F0000FF01E07F0000FF01D0BF0030
:105E600000FF01C0FF010099014055010000000042
:105E70000000000000000000000000000000000022
:105E80000000000000000000000000000000000012
:105E90000000000000000000000000000000000002
:105EA00000000000000000000000000000000000F2
:105EB000000000000000F9AF060000E0FFFF0F0047
:105EC00000F8FFFF0F0000FDBFFA0F0000FF070002
:105ED000090040FF0200000040FF0100000040FFF9
:105EE0000200000000FF1B00000000FEFF02000097
:105EF00000FCFF6F000000F4FFFF02000040FFFF06
:105F00000F000000E4FF2F00000000FE7F000000F3
:105F100000E0BF00000000D0BF00000000C0BF00D4
:105F2000000000D07F00401600F47F0080FFABFF30
:105F30002F0080FFFFFF0B0080FFFFFF020000E942
:105F4000FF1A000000000000000000000000000038
:105F50000000000000000000000000000000000041
:105F60000000000000000000000000000000000031
:105F70000000000000000000000000000000000021
:105F800000000000000000000000000040A6AAAAD7
:105F9000AA00C0FFFFFFFF0180FFFFFFFF0180FF9E
:105FA000FFFFFF010000F80F00000000F80B0000E9
:105FB0000000F80B00000000F80B00000000F80BD8
:105FC00000000000F80B00000000F80B00000000CB
:105FD000F80B00000000F80B00000000F80B0000B8
:105FE0000000F80B00000000F80B00000000F80BA8
:105FF00000000000F80B00000000F80B000000009B
:10600000F80B00000000F80B00000000F80B000087
:106010000000F80F0000000064060000000000000F
:106020000000000000000000000000000000000070
:106030000000000000000000000000000000000060
:106040000000000000000000000000000000000050
:106050000000000000000000000000000000000040
:106060000000000040660000660080BF0040FF00A6
:1060700080BF0040FF0080BF0040FF0080BF0040A5
:10608000FF0080BF0040FF0080BF0040FF0080BFD6
:106090000040FF0080BF0040FF0080BF0040FF00C5
:1060A00080BF0040FF0080BF0040FF0080BF004075
:1060B000FF0080BF0040FF0080BF0040FF0080BFA6
:1060C0000040FF0080BF0040FF0080BF0040BF00D5
:1060D00040FF0080BF0040FF02D07F0000FEAFFA0B
:1060E0002F0000FDFFFF0F0000E4FFFF0200004053
:1060F000FA6B00000000000000000000000000003B
:10610000000000000000000000000000000000008F
:10611000000000000000000000000000000000007F
:10612000000000000000000000000000000000006F
:1061300000000000000000000000000060150000EA
:106140006405F03F0000FD07E07F0000FE03D07F04
:106150000000FF02C0BF0040FF0180FF0040FF00C1
:1061600040FF0180BF0000FF02C07F0000FE03D09F
:106170003F0000FE07E02F0000FD07F01F0000FCBD
:106180000BF41F0000F80FF40F0000F41FF80B00D1
:1061900000F02FFC070000E03FFD030000D03FFEB1
:1061A000020000C07FFE01000080BFFF0000004031
:1061B000FFBF00000040FF7F00000000FE3F000026
:1061C0000000FE2F000000009815000000000000F5
:1061D00000000000000000000000000000000000BF
:1061E00000000000000000000000000000000000AF
:1061F000000000000000000000000000000000009F
:10620000000000000000000000000000000000008E
:106210000000000090090000A401E01F0000F80346
:10622000E01F0000F802E01F0000F802D01F00008D
:10623000F802D01F0000FC02D01F0000FC02D01F9B
:106240005001FC02D01FF007FC02D01FF40BFC0130
:10625000C02FF80FFC01C02FF81FFD01C02FFD2F2C
:10626000FD01C02FFD3FFD01C02F7E7FFD01802F6E
:106270003F7EFD00806F2FBEFD0080AF1FFDFD0043
:1062800080EF0FFCFE0080FF0BF8FF0080FF07F49B
:10629000BF0040FF03F0BF0040FF02E0BF004056D8
:1062A0000150650000000000000000000000000038
:1062B00000000000000000000000000000000000DE
:1062C00000000000000000000000000000000000CE
:1062D00000000000000000000000000000000000BE
:1062E0000000000000000000000000009065004079
:1062F0009601D0FF00C0FF0140FF01D07F0000FFEA
:1063000003F03F0000FD0BF41F0000F80FFC0B0032
:1063100000F02FFE070000E07FFF020000C0FFFF3B
:1063200000000040FF7F00000000FE2F0000000082
:10633000FD1F00000000FE2F00000040FF7F000056
:106340000080FFFF000000D0BFFF020000F02FFE22
:10635000070000F81FFD0B0000FC0BF81F0000FEFB
:1063600007F43F0040FF02E0BF00C0FF01D0FF0183
:10637000E0BF0080FF035015000055020000000040
:10638000000000000000000000000000000000000D
:1063900000000000000000000000000000000000FD
:1063A00000000000000000000000000000000000ED
:1063B00000000000000000000000000000000000DD
:1063C00000000000501900005502E07F0000FE03AD
:1063D000C0BF0040FF0180FF0180BF0000FF02D06E
:1063E0007F0000FE03E02F0000FC0BF41F0000F80C
:1063F0000FF80B0000F02FFD070000E03FFE020049
:1064000000C0BFFF01000080FFBF00000000FF7F51
:1064100000000000FE2F00000000FC1F0000000034
:10642000F80B00000000F80B00000000F80B000063
:106430000000F80B00000000F80B00000000F80B53
:1064400000000000F80B00000000F80F0000000042
:1064500064060000000000000000000000000000D2
:10646000000000000000000000000000000000002C
:10647000000000000000000000000000000000001C
:10648000000000000000000000000000000000000C
:106490000000000000000000000000000099AAAA0F
:1064A000660000FFFFFFBF0000FFFFFFBF0000FF0F
:1064B000FFFFBF000099AAFA7F00000000F82F003C
:1064C000000000FD0B00000000FF0700000080FF3F
:1064D00001000000D0BF00000000F03F00000000FD
:1064E000F81F00000000FD0B00000000FF0300008B
:1064F0000080FF01000000D0BF00000000F03F005E
:10650000000000F81F00000000FD0B00000000FF6D
:10651000ABA9660040FFFFFFBF0040FFFFFFBF00C9
:1065200040FFFFFFBF0040A6AAAA660000000000CF
:10653000000000000000000000000000000000005B
:10654000000000000000000000000000000000004B
:10655000000000000000000000000000000000003B
:10656000000000405555000000C0FFFF010000C0C2
:10657000FFFF010000C0FFFF010000C07F0000001E
:1065800000C03F00000000C03F00000000C03F000E
:10659000000000C03F00000000C03F00000000C03D
:1065A0003F00000000C03F00000000C03F000000AE
:1065B00000C03F00000000C03F00000000C03F00DE
:1065C000000000C03F00000000C03F00000000C00D
:1065D0003F00000000C03F00000000C03F0000007E
:1065E00000C03F00000000C03F00000000C03F00AE
:1065F000000000C03F00000000C03F00000000C0DD
:106600003F00000000C03F00000000C03F0000004D
:1066100000C03F00000000C0BFAA01000080FFFFD3
:10662000010000C0FFFF01000040555501000000BF
:10663000000000000000000000000000000000005A
:1066400000550000000000FF0100000000FD0200F6
:10665000000000FC0700000000F80B00000000F044
:106660000F00000000E01F00000000D03F0000000D
:1066700000807F0000000040BF0000000000FF011C
:1066800000000000FE0200000000FC03000000000B
:10669000F80B00000000F40F00000000E01F0000F5
:1066A0000000D02F00000000C07F0000000080BF6D
:1066B0000000000000FF0000000000FE02000000DB
:1066C00000FD0300000000F80700000000F40B00CC
:1066D000000000F01F00000000E02F00000000C0DC
:1066E0003F0000000080BF0000000040FF000000ED
:1066F0000000550000000000000000000000000045
:106700000000000000000000000000000000000089
:10671000000000405515000000E0FFBF000000E051
:10672000FFBF000000E0FFBF0000000040BF00000E
:10673000000040BF0000000040BF0000000040BF5C
:106740000000000040BF0000000040BF000000004B
:1067500040BF0000000040BF0000000040BF00003C
:10676000000040BF0000000040BF0000000040BF2C
:106770000000000040BF0000000040BF000000001B
:1067800040BF0000000040BF0000000040BF00000C
:10679000000040BF0000000040BF0000000040BFFC
:1067A0000000000040BF0000000040BF00000000EB
:1067B00040BF0000000040BF0000000040BF0000DC
:1067C000000040BF00000090EABF000000E0FFBFF3
:1067D000000000E0FFBF0000005055550000000021
:1067E00000000000000000000000000000000000A9
:1067F0000000000000000000000000000000500148
:1068000000000000F80B00000000FD1F0000000069
:10681000FF3F000000407FBF000000C01FFD0100DF
:1068200000E00BFC020000F407F4070000F802E0AF
:106830000F0000FD01D02F0000BF00807F00402A24
:106840000000AA000000000000000000000000009E
:106850000000000000000000000000000000000038
:106860000000000000000000000000000000000028
:106870000000000000000000000000000000000018
:106880000000000000000000000000000000000008
:1068900000000000000000000000000000000000F8
:1068A00000000000000000000000000000000000E8
:1068B00000000000000000000000000000000000D8
:1068C00000000000000000000000000000000000C8
:1068D00000000000000000000000000000000000B8
:1068E00000000000000000000000000000000000A8
:1068F0000000000000000000000000000000000098
:106900000000000000000000000000000000000087
:106910000000000000000000000000000000000077
:106920000000000000000000000000000000000067
:106930000000000000000000000000000000000057
:106940000000000000000000000000000000000047
:106950000000000000000000000000000000000037
:106960000000000000000000000000000000000027
:10697000000000000000A4AAAAAAAA06F4FFFFFFD4
:10698000FF0BF4FFFFFFFF0BA4AAAAAAAA060000B0
:1069900000000000000000000000000000000000F7
:1069A00000550100000000FE0B00000000F43F0055
:1069B00000000080FF0000000000FE070000000053
:1069C000540500000000000000000000000000006E
:1069D00000000000000000000000000000000000B7
:1069E00000000000000000000000000000000000A7
:1069F0000000000000000000000000000000000097
:106A00000000000000000000000000000000000086
:106A10000000000000000000000000000000000076
:106A20000000000000000000000000000000000066
:106A30000000000000000000000000000000000056
:106A40000000000000000000000000000000000046
:106A50000000000000000000000000000000000036
:106A60000000000000000000000000000000000026
:106A70000000000000000000000000000000000016
:106A80000000000000000000000000000000000006
:106A900000000000000000000000000000000000F6
:106AA00000000050AA5A000000F8FFFF020000FC9E
:106AB000FFFF0F0000FCAAFE2F00001800E03F00BF
:106AC000000000D03F00000000D03F00000054EA6A
:106AD0003F000090FFFF3F0000F8FFFF3F0000FD78
:106AE000AFEA3F0000FF02D03F0040FF01D03F006F
:106AF00040FF01E03F0040FF02F83F0000FFABFF16
:106B00003F0000FEFFAF3F0000F8FF8B3F0000900A
:106B1000BF41150000000000000000000000000060
:106B20000000000000000000000000000000000065
:106B30000000000000000000000000000000000055
:106B40000000000000000000000000000000000045
:106B500000550000000000FE0200000000FE0100E1
:106B6000000000FE0100000000FE0100000000FE29
:106B70000100000000FE0100000000FE416A00006C
:106B800000FEF5FF070000FEFEFF1F0000FEFFFFF6
:106B90003F0000FE7FE47F0000FE0FC0BF0000FE4C
:106BA0000380FF0000FE0240FF0100FE0140FF01E4
:106BB00000FE0140FF0100FE0140FF0100FE014018
:106BC000FF0000FE0180FF0000FE01D0BF0000FEBC
:106BD00001F47F0000FEABFE2F0000FEFFFF0B0064
:106BE00000FEFFFF020000A4FE1B000000000000EA
:106BF0000000000000000000000000000000000095
:106C00000000000000000000000000000000000084
:106C10000000000000000000000000000000000074
:106C20000000000000000000000000000000000064
:106C30000000000000000000000000000000000054
:106C40000000000000000000000000000000000044
:106C50000000000090AA06000000FEFF2F00008048
:106C6000FFFF2F0000E0FFFF2F0000F87F41290009
:106C700000FC1F00000000FD0700000000FE0300F4
:106C8000000000FE0200000000FF0200000000FF04
:106C90000200000000FE0300000000FE07000000EC
:106CA00000FD0F00000000FC6F00140000F4FFEB7B
:106CB0002F0000E0FFFF2F000040FFFF2F0000002B
:106CC000E4BF06000000000000000000000000001B
:106CD00000000000000000000000000000000000B4
:106CE00000000000000000000000000000000000A4
:106CF0000000000000000000000000000000000094
:106D0000000000401500000000D07F00000000D00F
:106D10007F00000000D07F00000000D07F00000056
:106D200000D07F00000000C07F000000A4EA7F00C8
:106D30000080FFFF7F0000F4FFFF7F0000FCBFFE2C
:106D40007F0000FE0BD07F0040FF02C07F0040FFAD
:106D500001D07F0080BF00D07F0080BF00D07F00C7
:106D6000C0BF00D07F00C0BF00D07F0080BF00C088
:106D70007F0080BF00E07F0080FF01F47F0040FFC4
:106D800002FD7F0000FEEFFF7F0000FDFFAF3F0030
:106D900000F4FF8B7F000090BF4115000000000051
:106DA00000000000000000000000000000000000E3
:106DB00000000000000000000000000000000000D3
:106DC00000000000000000000000000000000000C3
:106DD00000000000000000000000000000000000B3
:106DE00000000000000000000000000000000000A3
:106DF0000000000000000000000000000000000093
:106E000000000000A41A00000080FFFF020000E064
:106E1000FFFF0B0000F8AFFE1F0000FD07E03F0082
:106E200000FE02C07F0000FF0180BF0040FF5595BB
:106E3000BF0040FFFFFFBF0040FFFFFFBF0040FF5C
:106E4000AAAA6A0040FF0000000040FF0100000005
:106E500000FF0200000000FE0B00000000FCBFAAC3
:106E60002E0000F4FFFF2F0000D0FFFF2F000000D6
:106E7000E9BF1A0000000000000000000000000050
:106E80000000000000000000000000000000000002
:106E900000000000000000000000000000000000F2
:106EA00000000000000000000000000000000000E2
:106EB000000000545500000080FFFF010000E0FFCB
:106EC000FF010000F8FFFF010000FC1F5000000060
:106ED000FD0700000000FE0200000000FE020000AE
:106EE0000000FE0200000000FE02000040A6FEAA14
:106EF0006600C0FFFFFFBF00C0FFFFFFBF0080AA0A
:106F0000FFABAA000000FE0200000000FE0200002D
:106F10000000FE0200000000FE0200000000FE0271
:106F200000000000FE0200000000FE020000000061
:106F3000FE0200000000FE0200000000FE02000051
:106F40000000FE02000000009901000000000000A7
:106F50000000000000000000000000000000000031
:106F60000000000000000000000000000000000021
:106F70000000000000000000000000000000000011
:106F80000000000000000000000000000000000001
:106F900000000000000000000000000000000000F1
:106FA00000000000000000000000000000000000E1
:106FB00000000000A956550000D0FFFFFF0100F4BB
:106FC000FFFFFF0100FC5BFDFF0100FD02F00F0071
:106FD00000FE01E01F0000FE01E01F0000FE01E0D6
:106FE0001F0000FD02F41F0000FCAFFE0B0000F4C8
:106FF000FFFF020000FDFFBF000000FE540500007F
:1070000000BF0000000000FF0100000000FFFFAA19
:10701000010000FDFFFF2F0000F8FFFFBF0000FE92
:1070200056E9FF0040FF0040FF0180BF0000FF0164
:10703000C0BF0080FF0080FF06E4BF0040FFFFFFED
:107040002F0000FDFFFF0B000090FE6B0000000012
:107050000000000000000000000000000000000030
:1070600000550000000000FE0200000000FE0100CC
:10707000000000FE0100000000FE0100000000FE14
:107080000100000000FE0100000000FE416A000057
:1070900000FEF5FF070000FEFEFF1F0000FEFFFFE1
:1070A0002F0000FE7FF43F0000FE0FD03F0000FEE7
:1070B00003D07F0000FE02D07F0000FE01D07F00E1
:1070C00000FE01D07F0000FE01D07F0000FE01D055
:1070D0007F0000FE01D07F0000FE01D07F0000FE97
:1070E00001D07F0000FE01D07F0000FE01D03F00F4
:1070F00000FF02D07F00009901801A00000000000C
:10710000000000000000000000000000000000007F
:10711000000000000000000000000000000000006F
:10712000000000000000000000000000000000005F
:1071300000000000000000000000900600000000B9
:10714000F41F00000000F82F00000000FC2F0000DA
:107150000000F41F00000000900600000000000086
:10716000000000545505000000FCFF1F000000FC5B
:10717000FF1F000000FCFF1F00000000F01F0000C8
:107180000000F01F00000000F01F00000000F01FD2
:1071900000000000F01F00000000F01F00000000D1
:1071A000F01F00000000F01F00000000F01F0000B2
:1071B0000000F01F00000000F01F000000AAFABF4E
:1071C0006A0000FEFFFFBF0000FEFFFFBF00009946
:1071D000AAAA6600000000000000000000000000F5
:1071E000000000000000000000000000000000009F
:1071F000000000000000000000000000000000008F
:10720000000000000000000000000000000000007E
:10721000000000A40100000000FD0700000000FFC6
:107220000B00000000FF0B00000000FE0700000044
:1072300000A40100000000000000005455550100AA
:1072400000FEFFFF070000FEFFFF070000FEFFFF3C
:107250000700000000FD0700000000FC0700000020
:1072600000FC0700000000FC0700000000FC070015
:10727000000000FC0700000000FC0700000000FC0C
:107280000700000000FC0700000000FC07000000F1
:1072900000FC0700000000FC0700000000FC0700E5
:1072A000000000FC0700000000FC0700000000FDDB
:1072B0000700000000FE0300400640FF020040BF40
:1072C000EAFF010040FFFFBF000040FFFF1F00007A
:1072D00000E9BF0100000000000000000000000005
:1072E000000000000000000000540100000000FE4B
:1072F0000200000000FE0200000000FE020000008C
:1073000000FE0200000000FE0200000000FE02007D
:10731000000000FE0240550000FE02E0BF0000FE3B
:1073200002F82F0000FE02FD0B0000FE42FF0200EB
:1073300000FEC2FF000000FEF27F000000FEFA1F08
:10734000000000FEFF07000000FEFF0B000000FE33
:10735000FA1F000000FEF27F000000FED2FF0000D6
:1073600000FE42FF020000FE02FE0B0000FE02FCD7
:107370001F0000FE02F47F0000FE02D0FF01009912
:107380000140950100000000000000000000000026
:1073900000000000000000000000000000000000ED
:1073A00000000000000000000000000000000000DD
:1073B00000000000000000000000000000000000CD
:1073C00000545505000000FCFF1F000000FCFF1FDB
:1073D000000000FCFF1F00000000F01F0000000084
:1073E000F01F00000000F01F00000000F01F000070
:1073F0000000F01F00000000F01F00000000F01F60
:1074000000000000F01F00000000F01F000000005E
:10741000F01F00000000F01F00000000F01F00003F
:107420000000F01F00000000F01F00000000F01F2F
:1074300000000000F01F00000000F01F000000002E
:10744000F01F000000AAFABF6A0000FEFFFFBF00A5
:1074500000FEFFFFBF000099AAAA6600000000001E
:10746000000000000000000000000000000000001C
:10747000000000000000000000000000000000000C
:1074800000000000000000000000000000000000FC
:1074900000000000000000000000000000000000EC
:1074A00000000000000000000000000000000000DC
:1074B00000000000000000000000000000000000CC
:1074C000000040056A801A00D08FFFF17F00D0EFE6
:1074D000FFFAFF00D0FFFEBFFF01D0BFF42FFD0178
:1074E000D07FF40FFD02D02FF40BFD02D01FF40764
:1074F000FD02D02FF407FD02D01FF407FD02D01FBC
:10750000F407FD02D01FF407FD02D01FF407FD02AF
:10751000D01FF407FD02D01FF407FD02D01FF407AF
:10752000FD02D01FF407FD01D02FF40BFD028019DE
:10753000600698010000000000000000000000004C
:10754000000000000000000000000000000000003B
:10755000000000000000000000000000000000002B
:10756000000000000000000000000000000000001B
:10757000000000000000000000000000000000000B
:1075800000000000000000000000000000000000FB
:10759000000000000000000000000055406A0000EC
:1075A00000FEF4FF070000FEFDFF1F0000FEFFFFCE
:1075B0002F0000FE7FF43F0000FE0FD03F0000FED2
:1075C00003D07F0000FE02D07F0000FE01D07F00CC
:1075D00000FE01D07F0000FE01D07F0000FE01D040
:1075E0007F0000FE01D07F0000FE01D07F0000FE82
:1075F00001D07F0000FE01D07F0000FE01D03F00DF
:1076000000FF02D07F00009901801A0000000000F6
:10761000000000000000000000000000000000006A
:10762000000000000000000000000000000000005A
:10763000000000000000000000000000000000004A
:10764000000000000000000000000000000000003A
:10765000000000000000000000000000000000002A
:10766000000000000000000000000000000000001A
:1076700000000000A51A00000090FFFF020000F4C7
:10768000FFFF0B0000FDFFFF2F0000FE1BF47F003B
:1076900040FF02D0BF0080FF0080FF0080BF00409D
:1076A000FF01C0BF0040FF01C07F0040FF01C0BF1D
:1076B0000040FF01C0BF0040FF0080FF0080FF00CE
:1076C00040FF01C0BF0000FF07F47F0000FEBFFEC7
:1076D0002F0000F8FFFF0B0000E0FFFF020000405A
:1076E000FA6B000000000000000000000000000035
:1076F000000000000000000000000000000000008A
:107700000000000000000000000000000000000079
:107710000000000000000000000000000000000069
:107720000000000000000000000000000000000059
:107730000000000000000000000000000000000049
:10774000000000000000000000000055406A00003A
:1077500000FEF4FF070000FEFDFF1F0000FEFFFF1C
:107760003F0000FE7FE47F0000FE0FC0BF0000FE70
:107770000380FF0000FE0240FF0100FE0140FF0108
:1077800000FE0140FF0100FE0140FF0100FE01403C
:10779000FF0000FE0180FF0000FE01D0BF0000FEE0
:1077A00001F47F0000FEABFE2F0000FEFFFF0B0088
:1077B00000FEFFFF020000FEFB1B000000FE0100B8
:1077C000000000FE0100000000FE0100000000FEBD
:1077D0000100000000FE0100000000FF02000000A8
:1077E0000055010000000000000000000000000043
:1077F0000000000000000000000000000000000089
:107800000000000000000000000000000000000078
:107810000000000000000000000000000000000068
:1078200000000000A46A25000080FFFF7F0000F434
:10783000FFFF7F0000FCBFFE7F0000FE0BD07F003B
:1078400040FF02C07F0040FF01D07F0080BF00D01A
:107850007F0080BF00D07F00C0BF00D07F00C0BFCE
:1078600000D07F0080BF00C07F0080BF00E07F00AD
:1078700080FF01F47F0040FF02FD7F0000FEEFFF6C
:107880007F0000FDFFEF7F0000F4FFCB7F00009042
:10789000BFC17F00000000D07F00000000D07F004B
:1078A000000000D07F00000000D07F00000000D06A
:1078B0003F00000000D07F000000004015000000E5
:1078C00000000000000000000000000000000000B8
:1078D00000000000000000000000000000000000A8
:1078E0000000000000000000000000000000000098
:1078F00000000000000000000000005401A9010089
:1079000000FCD3FF0F0000FCF6FF3F0000FCFFFB74
:107910007F0000FCBFC0BF0000FC2F80FF0000FC08
:107920000B40FF0000FC0740AA0000FC070000001D
:1079300000FC0700000000FC0700000000FC07003E
:10794000000000FC0700000000FC0700000000FC35
:107950000700000000FC0700000000FC070000001A
:1079600000FC0700000000640200000000000000AE
:107970000000000000000000000000000000000007
:1079800000000000000000000000000000000000F7
:1079900000000000000000000000000000000000E7
:1079A00000000000000000000000000000000000D7
:1079B00000000000000000000000000000000000C7
:1079C00000000000000000000000000000000000B7
:1079D00000000000A56A01000090FFFF0B0000F40A
:1079E000FFFF0B0000FCAFEA0B0000FD07000500E5
:1079F00000FE0300000000FD0B00000000FDBF01C1
:107A0000000000F8FF6F000000E0FFFF06000040EC
:107A1000FEFF1F00000090FF2F00000000F43F0059
:107A2000000000E03F00000500F02F0000AE55FD13
:107A30001F0000FDFFFF0B0000FEFFFF020000A47F
:107A4000FF6B0000000000000000000000000000CC
:107A50000000000000000000000000000000000026
:107A60000000000000000000000000000000000016
:107A70000000000000000000000000000000000006
:107A80000000000000000000000000000000A40052
:107A900000000040FF0000000040FF000000004028
:107AA000FF0000000040FF0000004095FF5515005A
:107AB000D0FFFFFF3F00D0FFFFFF3F00D0FFFFFFE1
:107AC0002F000040FF0000000040FF0000000040C9
:107AD000FF0000000040FF0000000040FF00000029
:107AE0000040FF0000000040FF0000000040FF00D9
:107AF00000000040FF0000000040FF0000000040C8
:107B0000FF0200000000FFAB2A000000FEFF3F0064
:107B10000000F8FF3F00000090FE2A000000000077
:107B20000000000000000000000000000000000055
:107B30000000000000000000000000000000000045
:107B40000000000000000000000000000000000035
:107B50000000000000000000000000000000000025
:107B60000000000000000000000000000000000015
:107B70000000000000000000000000000000000005
:107B8000000000550040150000FF01D03F0000FE3E
:107B900001D03F0000FE01D03F0000FE01D03F00B9
:107BA00000FE01D03F0000FE01D03F0000FE01D0EA
:107BB0003F0000FE01D03F0000FE01D03F0000FE6C
:107BC00001D03F0000FE01D03F0000FE01E03F0079
:107BD00000FE02F43F0000FE03FD3F0000FDEFFF4A
:107BE0003F0000FCFFAF3F0000F4FF8B3F00009020
:107BF000BF41150000000000000000000000000070
:107C00000000000000000000000000000000000074
:107C10000000000000000000000000000000000064
:107C20000000000000000000000000000000000054
:107C30000000000000000000000000000000000044
:107C40000000000000000000000000000000000034
:107C5000000000000000000000005015000054016A
:107C6000E07F0000FE03C0BF0000FF0180FF004076
:107C7000FF0040FF0180BF0000FF02C07F0000FE48
:107C800003D03F0000FD07E02F0000F80BF40F00C9
:107C900000F40FF80B0000F01FFC070000E02FFDC0
:107CA000030000D03FFE02000080BFFF0100004043
:107CB000FFBF00000000FF7F00000000FE3F00004B
:107CC0000000FD2F0000000064050000000000001F
:107CD00000000000000000000000000000000000A4
:107CE0000000000000000000000000000000000094
:107CF0000000000000000000000000000000000084
:107D00000000000000000000000000000000000073
:107D10000000000000000000000000000000000063
:107D20000000000000000000000000000000000053
:107D30000000500500005001F00F0000F807E01FA0
:107D40000000F803E01F0000F803E01F0000FC0241
:107D5000D02F5001FC02D02FF40BFC02D02FF80FD3
:107D6000FD01C03FF81FFD01803FFC2FFD00803F5B
:107D7000FD3FFE00807FBE7FBE0040BF3FBEBE0015
:107D800040FF2FFEBF0040FF2FFD7F0000FF1FFCC4
:107D90007F0000FE0BF87F0000FE0BF43F0000594F
:107DA000029015000000000000000000000000002C
:107DB00000000000000000000000000000000000C3
:107DC00000000000000000000000000000000000B3
:107DD00000000000000000000000000000000000A3
:107DE0000000000000000000000000000000000093
:107DF0000000000000000000000000000000000083
:107E00000000000000000000000040550000550088
:107E100080FF0180FF0100FF03D07F0000FD0BF019
:107E20002F0000F81FF80F0000F03FFD070000D002
:107E3000BFFF02000040FFFF00000000FE7F0000C7
:107E40000000FC2F00000000FE7F00000040FFFF4C
:107E5000000000D0BFFF020000F03FFE070000F866
:107E60001FFC1F0000FD0BF42F0040FF02E0BF00CD
:107E7000C0FF01C0FF0190650040560100000000F6
:107E800000000000000000000000000000000000F2
:107E900000000000000000000000000000000000E2
:107EA00000000000000000000000000000000000D2
:107EB00000000000000000000000000000000000C2
:107EC00000000000000000000000000000000000B2
:107ED00000000000000000000000000000000000A2
:107EE0000000501500005401E07F0000FE03C0BFF9
:107EF0000000FF0180FF0040FF0040FF0180BF0045
:107F000000FF02D07F0000FE03E03F0000FD07F00D
:107F10002F0000F80BF40F0000F40FF80B0000F036
:107F20001FFC070000E03FFD030000D03FFE020001
:107F30000080BFFF00000040FFBF00000000FF7F87
:107F400000000000FE3F00000000FD1F00000000D8
:107F5000FC0F00000000FD0B00000000FE0300000D
:107F60000080FF01000090F9BF000000D0FF2F004B
:107F70000000D0FF0B000000D0AF010000000000A7
:107F800000000000000000000000000000000000F1
:107F900000000000000000000000000000000000E1
:107FA00000000000000000000000000000000000D1
:107FB00000000000000000000000005455551500AE
:107FC00000FDFFFF2F0000FDFFFF2F0000FDFFFF62
:107FD0002F000099A6FE1F00000000FE0700000011
:107FE00040FF02000000D0BF00000000F03F000092
:107FF0000000F81F00000000FE0B00000040FF0220
:10800000000000D0FF00000000F07F00000000F83A
:108010006F55150000FDFFFF3F0000FEFFFF3F0012
:1080200000FEFFFF3F000099AAAA1900000000000F
:108030000000000000000000000000000000000040
:108040000000000000000000000000000000000030
:108050000000000000000000000000000000000020
:108060000000000000400500000000FE0B000000C2
:10807000D0FF0B000000F0FF0B000000F41F000019
:108080000000F80700000000FC0300000000FC03F3
:1080900000000000FC0300000000FC0300000000E2
:1080A000FC0300000000FC0300000000FC020000D4
:1080B0000000FD0200000094FF01000000FE7F00B0
:1080C000000000FE1F00000000FEBF000000004096
:1080D000FF0100000000FD0200000000FC020000A3
:1080E0000000FC0300000000FC0300000000FC0393
:1080F00000000000FC0300000000FC030000000082
:10810000FC0300000000FC0300000000F807000072
:108110000000F81F00000000F0BF0A000000D0FFC0
:108120000B00000040FE0B000000005405000000A2
:10813000000000000000F40B00000000F40B000041
:108140000000F40B00000000F40B00000000F40B32
:1081500000000000F40B00000000F40B0000000021
:10816000F40B00000000F40B00000000F40B000012
:108170000000F40B00000000F40B00000000F40B02
:1081800000000000F40B00000000F40B00000000F1
:10819000F40B00000000F40B00000000F40B0000E2
:1081A0000000F40B00000000F40B00000000F40BD2
:1081B00000000000F40B00000000F40B00000000C1
:1081C000F40B00000000F40B00000000F40B0000B2
:1081D0000000F40B00000000F40B00000000F40BA2
:1081E00000000000F40B00000000F40B0000000091
:1081F000F40B00000000F40B00000000F40B000082
:108200000000A406000000000000000000000000C4
:10821000000000500100000000F46F00000000F4B6
:10822000FF01000000F4FF0700000000FD0B00004C
:108230000000F40F00000000E01F00000000E01F3D
:1082400000000000E01F00000000E01F0000000030
:10825000E01F00000000E01F00000000E01F000021
:108260000000D02F00000000C0BF1500000040FE3D
:108270003F00000000F93F00000040FF2F00000019
:10828000C0BF00000000D02F00000000E01F000071
:108290000000E01F00000000E01F00000000E01FE1
:1082A00000000000E01F00000000E01F00000000D0
:1082B000E01F00000000E01F00000000F00F0000C1
:1082C0000000F80B000000A4FF07000000F4FF020C
:1082D000000000F47F0000000054050000000000D2
:1082E000000000000000000000000000000000008E
:1082F000000000000000000000000000000000007E
:10830000000000000000000000000000000000006D
:10831000000000000000000000000000000000005D
:10832000000000000000000000000000000000004D
:10833000000000400100000000F82F00000000FFD6
:10834000BF00F80280FFFF07FC02C0BFFE1FFE0156
:10835000D01FF4FFFF01D01FD0FFBF00500540FE2B
:108360002F00000000A40600000000000000000034
:1083700000000000000000000000000000000000FD
:1083800000000000000000000000000000000000ED
:1083900000000000000000000000000000000000DD
:1083A00000000000000000000000000000000000CD
:1083B00000000000000000000000000000000000BD
:1083C00000000000000000000000000000000000AD
:1083D000000000000000000000000000000000009D
:1083E000000000000000000000000000000000008D
:1083F000000000000000000000000000000000007D
:10840000000000000000000000000000000000006C
:10841000000000000000000000000000000000005C
:10842000000000000000000000F0070000F007005E
:1084300000F0070000F0030000F0030000F003006C
:1084400000F0030000E0030000E0030000E0030090
:1084500000E0020000E00300005001000000000006
:1084600000E0020000F4070000F4070000E0020052
:1084700000000000000000000000000000000000FC
:108480000000000000000000402F7E00402F7D0013
:10849000402F7D00402F7D00001F7D00001F7D00CC
:1084A00000051400000000000000000000000000B3
:1084B00000000000000000000000000000000000BC
:1084C00000000000000000000000000000000000AC
:1084D000000000000000000000000000000000009C
:1084E0000000000000000000000000000029A400BF
:1084F000002DF400002EB800002EB800A0BFFE0A28
:10850000F0FFFF0B906FBE05001F7C00401F7C003A
:10851000400F3D00A4AFBE02F8FFFF03945F7E0151
:10852000800B2E00800B2E00800B2E0080061A0080
:10853000000000000000000000000000000000003B
:108540000000050000400F0000400B0000E46B003D
:1085500040FFFF00D0FFFB00E0CB4300F0C303006F
:10856000F0D70200E0FF0200C0FF1B0000FEBF00CA
:1085700000F4FF0100F0FD0300F0F00300B4F0038D
:10858000A0B5F902F0FFFF01F0FF7F0050BE06002A
:1085900000780000003C0000003D000000000000EA
:1085A0000000000000010000D02F400BF47EC00747
:1085B000B8B8E00278B4F400B8B47C00F47E2D00C2
:1085C000E02F1F0040850B0000D0030000F00100E9
:1085D00000B8A801007DFE07005E9F0B408F4B0B8B
:1085E000C0874B0BE0428B0BF400FF076800B9011A
:1085F000000000000000000000000000000000007B
:10860000000000000000000000F9060040FF1F000D
:10861000D05F3F00D0077E00E0077E00D0073F001C
:10862000C0DF1F0040FF070040FF0000D0FFD10760
:10863000F0F7D307F4E1EB03F881FF02F801FF0143
:10864000F802FD01F4ABFF02E0FFFF0B40FE861ACB
:10865000000000000000000000000000000000001A
:10866000000000000000000000F0070000F0030020
:1086700000F0030000E0030000E0030000E003005E
:1086800000400100000000000000000000000000A9
:1086900000000000000000000000000000000000DA
:1086A00000000000000000000000000000000000CA
:1086B00000000000000000000000000000000000BA
:1086C000000000000000180000007E0000402F00A5
:1086D00000D00F0000E0070000F4020000F80000E6
:1086E00000BD0000007D0000007E0000003E000094
:1086F000003E0000003E0000003E0000007E000042
:10870000007D000000BD000000F8010000F4020040
:1087100000E0070000D00F0000802F0000000000E4
:108720000000000000090000002F000000BE000053
:1087300000F8010000F0030000D00B0000C00F00A3
:1087400000801F0000402F0000002F0000003E00AE
:1087500000003E0000003E0000003E0000002F0030
:1087600000402F0000801F0000C00F0000D00B0051
:1087700000F0030000F8010000BE0000000000004F
:10878000000000000000000000E0020040E04200A5
:1087900080D3E200D0EFFE0140FE6F0000F80B0036
:1087A00040FFBF00D0EBFA0180D2A20000E002003F
:1087B0000090020000000000000000000000000027
:1087C00000000000000000000000000000000000A9
:1087D0000000000000000000000000000000000099
:1087E0000000000000000000000000000000000089
:1087F00000000000000000000000000000E0020097
:1088000000E0030000E0030000E0030050E5570132
:10881000F4FFFF07F4FFFF0750E5570100E00300F6
:1088200000E0030000E0030000E00300005001004E
:108830000000000000000000000000000000000038
:108840000000000000000000000000000000000028
:108850000000000000000000000000000000000018
:108860000000000000000000000000000000000008
:1088700000000000000000000000000000A0010057
:1088800000F4070000F80B0000F40B0000D00B0010
:1088900000D00B0000E0030040FE010000000000DB
:1088A00000000000000000000000000000000000C8
:1088B00000000000000000000000000000000000B8
:1088C000000000000000000000000000005515003E
:1088D00000FF7F0000FF7F00005515000000000032
:1088E0000000000000000000000000000000000088
:1088F0000000000000000000000000000000000078
:108900000000000000000000000000000000000067
:108910000000000000000000000000000000000057
:108920000000000000000000000000000000000047
:1089300000000000000000000000000000E0020055
:1089400000F80B0000F80B0000F80B0000E002003C
:108950000000000000000000000000000000000017
:1089600000000000000000000000F4020000F80118
:108970000000BC0000007D0000003E0000402F0011
:1089800000801F0000C00B0000D0070000E00300C3
:1089900000F4020000F8010000BC0000007D0000AF
:1089A000003E0000402F0000801F0000C00B0000B0
:1089B000D0070000F0030000A0010000000000004C
:1089C00000000000000000000000000000E81B00A4
:1089D00040FFBF00C0AFFE01E00BF802F003F00360
:1089E000F402F407F402FE07F4D1FF0BF4F5DB0BFD
:1089F000F4FFD10BF42FD007F40BE007F003F003E2
:108A0000E00BF802D0AFFE0040FF7F0000F91B0032
:108A10000000000000000000000000000000000056
:108A200000000000000000000000000000900600B0
:108A300000F90B0090FF0B00E0EF0B00D0D60B000D
:108A400040D00B0000D00B0000D00B0000D00B007A
:108A500000D00B0000D00B0000D00B0000D00B00AA
:108A600000D00B00D0FFFF03D0FFFF0390AAAA02A3
:108A700000000000000000000000000000000000F6
:108A800000000000000000000000000000F91B00D2
:108A900080FF7F00D0AFFF008006FD010000F801DD
:108AA0000000F8010000FC010000BD0000407F0054
:108AB00000C02F0000E00B0000F8020000BE000024
:108AC000803F0000D0FFFF02E0FFFF0390AAAA0250
:108AD0000000000000000000000000000000000096
:108AE00000000000000000000000000040FE0A003E
:108AF000C0FF7F00C0AABF000000FD000000F80119
:108B00000000FC000000BE0000E92F0000FE6F0026
:108B10000095FF010000F8020000F0030000F403DC
:108B20000000F80290AAFF01D0FF7F00D0FF0600EE
:108B30000000000000000000000000000000000035
:108B400000000000000000000000000000806A003B
:108B500000D07F0000E07F0000F47F0000BC7D00BB
:108B6000007E7D00402F7D00801F7D00D00B7D00AA
:108B7000E0037D00F456BE05F8FFFF0BF8FFFF0B86
:108B80006465BE0500007D0000007D0000006900F6
:108B900000000000000000000000000000000000D5
:108BA00000000000000000000000000080AAAA00F1
:108BB000C0FFFF00C0FFFF00C05B5500C00B0000FE
:108BC000C00B0000C05F0500C0FF2F00C0FFFF000A
:108BD0000000FD010000F8020000F4020000F402B1
:108BE0000000FC0190AABF00D0FF2F0090BF06003C
:108BF0000000000000000000000000000000000075
:108C00000000000000000000000000000050AA006A
:108C100000F8FF0000FEAA00806F0000C00F0000F7
:108C2000D00B0000E0570500E0FFBF00F0FFFF029F
:108C3000F01BF803F003F007E007E007E007E007A8
:108C4000D00BF403C0AFFE0140FFBF0000F81B00D3
:108C50000000000000000000000000000000000014
:108C6000000000000000000000000000A0AAAA020E
:108C7000F0FFFF03E0FFFF035055F9020000FC0185
:108C80000000BD0000007F0000402F0000801F009A
:108C900000D00F0000E00B0000F4030000F8020019
:108CA00000FC010000BE0000007F0000402A000020
:108CB00000000000000000000000000000000000B4
:108CC00000000000000000000000000000F91B0090
:108CD00040FFBF00D05FF901D007F402E007F002C7
:108CE000D00BF801C07FBE0040FF2F0000FD2F0019
:108CF00040BFFF00D01FFD02E007F403E003F003D4
:108D0000E007F403E06FFE0280FFBF0000F91B00E4
:108D10000000000000000000000000000000000053
:108D200000000000000000000000000000F91B002F
:108D300080FF7F00D0AFFE00F007F801F003F402DF
:108D4000F402F402F403F003F00BF903D0FFFF0385
:108D500080FFFF030054F5020000F4020000FC0154
:108D60000050BF00D0FF3F00D0FF0B00906A010011
:108D700000000000000000000000000000000000F3
:108D800000000000000000000000000000000000E3
:108D900000000000000000000000000000E00200F1
:108DA00000F40B0000F80B0000F407000050010075
:108DB0000000000000000000000000000050010062
:108DC00000F4070000F80B0000F40B0000E00200C4
:108DD0000000000000000000000000000000000093
:108DE0000000000000000000000000000000000083
:108DF00000000000000000000000000000E0020091
:108E000000F40B0000F80B0000F407000050010014
:108E100000000000000000000000000000900100C1
:108E200000F4070000F40B0000F00F0000D00F006A
:108E300000C00B0000E0070040FE01000000000041
:108E40000000000000000000000000000000000022
:108E50000000000000000000000028000000BE002C
:108E600000C07F0000F40B0000FD020040BF0000C6
:108E7000D01F0000D02F000040BF000000F8070006
:108E800000E01F0000807F000000BE0000002800FE
:108E900000000000000000000000000000000000D2
:108EA00000000000000000000000000000000000C2
:108EB00000000000000000000000000000000000B2
:108EC0000000000090AAAA01E0FFFF0290AAAA01F8
:108ED000000000000000000090AAAA01E0FFFF02CD
:108EE00090AAAA010000000000000000000000009D
:108EF0000000000000000000000000000000000072
:108F00000000000000000000000000000000000061
:108F10000000000000000000000A0000403F0000C8
:108F200000FE010000F8070000E01F0000807F0045
:108F30000000FD020000FE0100807F0000E01F0035
:108F400000FD020040BF0000402F000000090000AB
:108F50000000000000000000000000000000000011
:108F6000000000000000000000BE010000FE1F0025
:108F700000FA7F000040FF000000FD010000FC013E
:108F80000000FC010000FE0000F87F0000F81B005C
:108F900000F8010000F8000000A40000000000003C
:108FA00000B4000000FD020000FD020000B400005B
:108FB00000000000000000000000000000000000B1
:108FC000000000000000050000E46F0000FDFF014C
:108FD000006FE403800FD007D007800BE002400B46
:108FE000F0E16B0FF4F87F0FB4BC6E0FB83D6E0F5D
:108FF000782E6E0F782E5E0F7C2E5F0B7C2E5F0B13
:1090000078AEAF0778FDFF03B8B8B901B80000002B
:10901000F4010000F0021000D05B790000000000B5
:1090200000000000000000000000000000A40A0092
:1090300000F80F0000FC1F0000BD2F00007E2F0075
:10904000002F3F00402F7E00401FBD00800FFD001D
:10905000C00BFC01D00BF801E0FFFF02E0FFFF03B3
:10906000F067F907F401E00BF801D00FA800800ABF
:1090700000000000000000000000000000000000F0
:1090800000000000000000000000000090AA1A008C
:10909000E0FFBF00E0ABFF01E007F802E007F402E9
:1090A000E007F402E007F801E0AB7F00E0FF7F009B
:1090B000E09BFE02E007F403E007E007E007F007AB
:1090C000E007F803E0ABFF02E0FFBF0090AA160044
:1090D0000000000000000000000000000000000090
:1090E00000000000000000000000000000A4BF011C
:1090F00000FDFF0240FFFA02C06F4001D00F0000E8
:10910000E00B0000F0070000F0070000F003000093
:10911000F0030000F0070000E0070000E00F00008F
:10912000D02F400180FFFA0200FEFF0200E4AF01F1
:10913000000000000000000000000000000000002F
:10914000000000000000000000000000A0AA0600CF
:10915000F0FF6F00F0ABFF00F002FD02F002F4033D
:10916000F002E007F002E007F002E00BF002E00B93
:10917000F002E00BF002E007F002F007F002F40367
:10918000F002FD01F0EBBF00F0FF2F00A0AA0100EC
:1091900000000000000000000000000000000000CF
:1091A00000000000000000000000000080AAAA01EA
:1091B000C0FFFF01C0AFAA01C00F0000C00F000038
:1091C000C00F0000C01F0000C0FFFF00C0FFFF0075
:1091D000C06F5500C00F0000C00F0000C00F00009E
:1091E000C00F0000C0AFAA01C0FFFF0180AAAA0102
:1091F000000000000000000000000000000000006F
:1092000000000000000000000000000080AAAA008A
:10921000C0FFFF01C0AFAA00C00F0000C00F0000D8
:10922000C00F0000C00F0000C06F5500C0FFFF005E
:10923000C0FFBF00C01F0000C00F0000C00F000033
:10924000C00F0000C00F0000C00F0000800A000027
:10925000000000000000000000000000000000000E
:1092600000000000000000000000000000A4AF01AA
:1092700000FEFF0380FFFA03D02F4001E00B000047
:10928000F0030000F4020000F442AA02F442FF03DB
:10929000F442FA03F402E003F403E003F007E0030E
:1092A000E01FE003C0FFFA0340FFFF0300E4AF014B
:1092B00000000000000000000000000000000000AE
:1092C000000000000000000000000000A002A0025A
:1092D000F003E003F003E003F003E003F003E00336
:1092E000F003E003F057E503F0FFFF03F0FFFF0397
:1092F000F09BF603F003E003F003E003F003E00368
:10930000F003E003F003E003F003E003A002A00297
:10931000000000000000000000000000000000004D
:1093200000000000000000000000000090AAAA0158
:10933000D0FFFF0190FAAB0100F0030000F0030042
:1093400000F0030000F0030000F0030000F0030051
:1093500000F0030000F0030000F0030000F0030041
:1093600000F0030090FAAB01D0FFFF0190AAAA0120
:1093700000000000000000000000000000000000ED
:1093800000000000000000000000000080AA6A0049
:10939000C0FFBF0080AABE000000BD000000BD00ED
:1093A0000000BD000000BD000000BD000000BD00C9
:1093B0000000BD000000BD000000BD000000BD00B9
:1093C00040007F00C0AB3F00C0FF1F0040FE060012
:1093D000000000000000000000000000000000008D
:1093E0000000000000000000000000009006A00641
:1093F000E007F802E007FD00E0077F00E0872F00AC
:10940000E0C70F00E0E70700E0FB0200E0FF01001B
:10941000E0FB0700E0E70B00E0C71F00E0473F006C
:10942000E007BE00E007FD01E007F8039006A00694
:10943000000000000000000000000000000000002C
:10944000000000000000000000000000801A000082
:10945000801F0000801F0000801F0000801F000090
:10946000801F0000801F0000801F0000801F000080
:10947000801F0000801F0000801F0000801F000070
:10948000801F000080FFFF0280FFFF0280AAAA0267
:1094900000000000000000000000000000000000CC
:1094A000000000000000000000000000A006A40270
:1094B000F00FF803F01FFC03F01FFD03F02EEE0386
:1094C000F03DDF07F07DDB07F0F8CB07F4F4C707CA
:1094D000F4F0C307F4F0C207F490C107F400C0072A
:1094E000F400C00BF400C00BF400C00BA400800615
:1094F000000000000000000000000000000000006C
:10950000000000000000000000000000A00A90021F
:10951000F01FD007F02FD007F03FD007F07FD00723
:10952000F0BED007F0FAD107F0F6D207F0E2D30789
:10953000F0D2D707F0C2DB07F082EF07F002FF0797
:10954000F002FE07F002FD07F002FC07A002A402F1
:10955000000000000000000000000000000000000B
:1095600000000000000000000000000000E81B00F8
:1095700040FFBF00C0BFFF01E00BF803F003F0079E
:10958000F402E00BF402D00BF801D00BF801D00B81
:10959000F801D00BF802D00BF402E007F403F00757
:1095A000E00BF802D0BFFF0180FF7F0000F91B0035
:1095B00000000000000000000000000000000000AB
:1095C00000000000000000000000000090AA06005B
:1095D000D0FF7F00D0AFFF01D007F803D007F00322
:1095E000D007E007D007F007D007F403D007FD024B
:1095F000D0FFBF00D0FF2F00D05B0100D0070000DC
:10960000D0070000D0070000D0070000900600003F
:10961000000000000000000000000000000000004A
:1096200000000000000000000000000000E81B0037
:1096300040FFBF00C0BFFF01E00BF803F003F007DD
:10964000F402E00BF402D00BF801D00BF801D00BC0
:10965000F801D00BF802D00BF402E007F407F00792
:10966000E01FF902D0FFFF0140FF7F0000F90B006F
:1096700000E0030000E00B0500D0FF0B000000003D
:1096800000000000000000000000000090AA06009A
:10969000E0FF7F00E0ABFF00E007FD01E007F8021C
:1096A000E007F802E007FC01E09BBF00E0FF1F00BD
:1096B000E0FF0F00E0872F00E0077F00E007BE001B
:1096C000E007FC01E007F802E007F4039006A006BB
:1096D000000000000000000000000000000000008A
:1096E00000000000000000000000000000E96B0026
:1096F00040FFBF00D0BFBA00E00B4000E007000011
:10970000E00B0000D0BF010080FF1B0000FE7F00C7
:1097100000E4FF010000FD020000F4030000F40378
:109720006000F802F0ABFF01F0FF7F0090FE1A002E
:109730000000000000000000000000000000000029
:10974000000000000000000000000000A0AAAA061F
:10975000F4FFFF07A0FAAB0600F0030000F00300DF
:1097600000F0030000F0030000F0030000F003002D
:1097700000F0030000F0030000F0030000F003001D
:1097800000F0030000F0030000F0030000A002005E
:1097900000000000000000000000000000000000C9
:1097A000000000000000000000000000A002A00275
:1097B000F003E007F002E007F003E007F003E00742
:1097C000F003E007F003E007F003E007F003E00731
:1097D000F003E007F003E007F003E007F003F00315
:1097E000E007F402D06FFE0180FFBF0000F91B000C
:1097F0000000000000000000000000000000000069
:10980000000000000000000000000000A801800A25
:10981000F802D00FF402D00BF003E007E007F003EA
:10982000E00BF402D00BF801C01FF800801FBC0051
:10983000402FBD00403F7E00007E3E0000BE2F0056
:1098400000FD1F0000FC1F0000F80F0000A4060030
:109850000000000000000000000000000000000008
:10986000000000000000000000000000A400400A0A
:10987000F800800BF800800BF400800BF400800BE4
:10988000F490810BF4E08307F4F0C707F4F0C70706
:10989000F4F4CB07F079DF07F03DDF07F02EEE0799
:1098A000F01FFD03F00FFC03F00BF803A006A40269
:1098B00000000000000000000000000000000000A8
:1098C000000000000000000000000000A402A0064C
:1098D000F007F403D00FFC01C01FBD00403F7F0024
:1098E00000FE2F0000FD1F0000F80B0000F4070031
:1098F00000FC0F0000FD2F00007F3F00802FBE0006
:10990000D00FFD01E00BF802F403F407A802A00A4F
:109910000000000000000000000000000000000047
:10992000000000000000000000000000A801800A04
:10993000F402E00BF007F003D00BF802C01FFC00AC
:10994000402FBD00003F3E0000BE2F0000FC1F0066
:1099500000F80B0000F0070000F0030000F0030027
:1099600000F0030000F0030000F0030000A002007C
:1099700000000000000000000000000000000000E7
:1099800000000000000000000000000090AAAA02F1
:10999000E0FFFF03E0FFFF020000FD010000BE004A
:1099A00000403F0000C01F0000E00B0000F0070077
:1099B00000F8020000FD0000007F0000802F000082
:1099C000D01F0000E0FFFF03F0FFFF03A0AAAA02E0
:1099D0000000000000000000000000000000000087
:1099E000000000000059150000FE2F0000FD2F00B0
:1099F000007D0000007D0000007D0000007D000073
:109A0000007D0000007D0000007D0000007D000062
:109A1000007D0000007D0000007D0000007D000052
:109A2000007D0000007D0000007D0000007D000042
:109A3000007D0000007D000000BD2A000000000045
:109A40000000000000000000D0070000C00B000074
:109A5000801F0000402F0000003E0000007D00003D
:109A600000BC000000F8010000F4020000E0030068
:109A700000D0070000C00B0000801F0000402F0036
:109A800000003E0000007D000000BC000000F80166
:109A90000000F4020000E00300009002000000005B
:109AA0000000000000550A0000FF1F0000FE1F001C
:109AB00000401F0000401F0000401F0000401F002A
:109AC00000401F0000401F0000401F0000401F001A
:109AD00000401F0000401F0000401F0000401F000A
:109AE00000401F0000401F0000401F0000401F00FA
:109AF00000401F0000401F0000EA1F00000000009F
:109B000000000000000000000000000000A00200B3
:109B100000F4070000B80F00002D1F00001F3D00DB
:109B2000800BBC00C007F401E002E00250004001DD
:109B30000000000000000000000000000000000025
:109B40000000000000000000000000000000000015
:109B50000000000000000000000000000000000005
:109B600000000000000000000000000000000000F5
:109B700000000000000000000000000000000000E5
:109B800000000000000000000000000000000000D5
:109B900000000000000000000000000000000000C5
:109BA00000000000000000000000000000000000B5
:109BB0000000000000000000A8AAAA1A000000008F
:109BC0000000000000000000D01F0000407F0000E7
:109BD00000F801000050010000000000000000003B
:109BE0000000000000000000000000000000000075
:109BF0000000000000000000000000000000000065
:109C00000000000000000000000000000000000054
:109C10000000000000000000000000000000000044
:109C20000000000000000000000000000000000034
:109C300000000000000000000050010080FF2F0025
:109C4000C0FFFF008005FD010000F4020050F50296
:109C500000FEFF0280FFFF02D01FF402E007F402C3
:109C6000E007FD02E0AFFF02C0FFFB0240BEA10122
:109C700000000000000000000000000000000000E4
:109C80000000000000000000D0070000D007000026
:109C9000D0070000D0070000D0070500D0D77F0014
:109CA000D0FBFF01D0BFFE02D01FF403D00BE007B2
:109CB000D007E007D007E007D007E007D007F003A0
:109CC000D007F802D0AFFE01D0FF7F0080FE1A005F
:109CD0000000000000000000000000000000000084
:109CE0000000000000000000000000000000000074
:109CF00000000000000000000000150000E4FF006C
:109D000000FEFF0140BFEA01C02F0000D00F00009D
:109D1000D00B0000D00B0000D00B0000D00F0000D3
:109D2000C02F400040FFFA0100FEFF0100E4AF0039
:109D30000000000000000000000000000000000023
:109D400000000000000000000000F4020000F40227
:109D50000000F4020000F4020040F50200F9FF02E6
:109D600040FFFF02D06FF902E00BF402F003F402AF
:109D7000F003F402F402F402F003F402F003F80238
:109D8000E00BFE02D0AFFF0280FFFB0200BEA1018C
:109D900000000000000000000000000000000000C3
:109DA00000000000000000000000000000000000B3
:109DB00000000000000000000040010000F92F003A
:109DC00040FFBF00C01FF901D007F402E007F00315
:109DD000E0FFFF03F0FFFF03E0575501E00700003D
:109DE000D00B0000C0BFA90140FFFF0100E8AF0198
:109DF0000000000000000000000000000000000063
:109E000000000000000054000080FF0700E0FF0792
:109E100000F45B0600F8020000F8010000F8010001
:109E200050F95501F0FFFF03F0FFFF0350F9550112
:109E300000F8010000F8010000F8010000F801003E
:109E400000F8010000F8010000F8010000A4010082
:109E50000000000000000000000000000000000002
:109E600000000000000000000000000000000000F2
:109E700000000000000000000050010000FDFF078E
:109E800080FFFF07C01FBD01D007F800D007F80111
:109E9000D00BF800806FBE0080FF2F00D057050068
:109EA000E0030000E0AF1A0080FFFF01D0AFFE0327
:109EB000F003E007F402E007F05BF90300000000A4
:109EC0000000000000000000D0070000D0070000E4
:109ED000D0070000D0070000D0070500D0D77F00D2
:109EE000D0FBFF00D0BFFE01D01FF402D00BF40264
:109EF000D007F402D007F402D007F402D007F4022E
:109F0000D007F402D007F402D007F4029006A401AF
:109F10000000000000000000000000000000000041
:109F2000000000000040010000E0070000F00B000E
:109F300000E00700004001000000000080FF070073
:109F4000C0FF070040E6070000E0070000E0070050
:109F500000E0070000E0070000E0070000E0070065
:109F600000E0070090FAAB02D0FFFF0390AAAA021C
:109F700000000000000000000000000000000000E1
:109F8000000000000000140000007F000040BF003F
:109F900000007F000000140000000000D0FF7F00E0
:109FA000D0FF7F0040657E0000007E0000007E0044
:109FB00000007E0000007E0000007E0000007E00A9
:109FC00000007E0000007E0000007E0000007E0099
:109FD00000007E0010403F00E0E62F00000000007F
:109FE0000000000000000000D00B0000D00B0000BB
:109FF000D00B0000D00B0000D00B0000D00BF802FB
:10A00000D00BFD01D04B7F00D0CB1F00D0EB0B005D
:10A01000D0FF0200D0FF0300D0EB0B00D0CB2F000D
:10A02000D04B7F00D00BFE00D00BFC029006A406A4
:10A030000000000000000000000000000000000020
:10A04000000000000000000080FF0700C0FF0700C4
:10A0500040E6070000E0070000E0070000E007001E
:10A0600000E0070000E0070000E0070000E0070054
:10A0700000E0070000E0070000E0070000E0070044
:10A0800000E0070090FAAB02D0FFFF0390AAAA02FB
:10A0900000000000000000000000000000000000C0
:10A0A00000000000000000000000000000000000B0
:10A0B000000000000000000000105000B4BDF802D5
:10A0C000F4FFFE07F4E7DB07F4E2C70BF4E1C20B91
:10A0D000F4E0C20BF4E1C20BF4E0C20BF4E0C20BFB
:10A0E000F4E0C20BF4E0C20BF4E1C20BA4908206D0
:10A0F0000000000000000000000000000000000060
:10A10000000000000000000000000000000000004F
:10A11000000000000000000000000500D0D37F0018
:10A12000D0FBFF00D0BFFE01D01FF402D00BF40221
:10A13000D007F402D007F402D007F402D007F402EB
:10A14000D007F402D007F402D007F4029006A4016D
:10A1500000000000000000000000000000000000FF
:10A1600000000000000000000000000000000000EF
:10A1700000000000000000000050010000F92F0066
:10A1800080FFBF00D0AFFE02E00BF403F003E00756
:10A19000F402E007F402E007F403E007F003F00341
:10A1A000E00BF802D0BFFF0180FF7F0000F91B0029
:10A1B000000000000000000000000000000000009F
:10A1C000000000000000000000000000000000008F
:10A1D000000000000000000000000500D0D37F0058
:10A1E000D0FBFF01D0BFFE02D01FF403D00BE0076D
:10A1F000D007E007D007E007D007E007D007F0035B
:10A20000D007F802D0AFFE01D0FF7F00D0FF1A00C8
:10A21000D0070000D0070000D007000000000000B9
:10A22000000000000000000000000000000000002E
:10A2300000000000000000000040010000F9FF02E3
:10A2400040FFFF02D06FF902E00BF402F003F402CA
:10A25000F003F402F402F402F003F402F003F80253
:10A26000E00BFE02D0AFFF0280FFFB0200BEF50252
:10A270000000F4020000F4020000F40200000000FC
:10A2800000000000000000000000000000000000CE
:10A29000000000000000000000000400808BBF00F0
:10A2A000C0EBFF02C0BFF903C02FE003C01FE007EF
:10A2B000C00F0000C00F0000C00F0000C00F000062
:10A2C000C00F0000C00F0000C00F0000800A000097
:10A2D000000000000000000000000000000000007E
:10A2E000000000000000000000000000000000006E
:10A2F00000000000000000000040050000F97F00A1
:10A3000080FFBF00C01F5400D00F0000C06F0000CE
:10A3100080FF1B0000FE7F000090FF010000FD0198
:10A320000000F801D056FE01D0FF7F0080FE1A0029
:10A33000000000000000000000000000000000001D
:10A3400000000000000000000000000000A4000069
:10A3500000BD000000BC000000BD0000F4FFFF01D4
:10A36000F4FFFF0154FE550100BC000000BD0000D9
:10A3700000BD000000BD000000BD000000BD0000E9
:10A3800000FC000000FCAA0100F4FF010090BF01E6
:10A3900000000000000000000000000000000000BD
:10A3A00000000000000000000000000000000000AD
:10A3B000000000000000000000000000D007F402D0
:10A3C000D007F402D007F402D007F402D007F40259
:10A3D000D007F402D007F402D007F402D007F80245
:10A3E000D00BFE02D0AFFF0280FFFB0200BEA10136
:10A3F000000000000000000000000000000000005D
:10A40000000000000000000000000000000000004C
:10A41000000000000000000000000000F802D00B67
:10A42000F403E007E007F003D00BF402C00FF801DB
:10A43000801FFC00402FBD00003F7E00007E2F00EB
:10A4400000BD1F0000FC0F0000F80B0000A006007C
:10A4500000000000000000000000000000000000FC
:10A4600000000000000000000000000000000000EC
:10A47000000000000000000000000000B800800F95
:10A48000F800800FF800800BF451810BF4E1C30752
:10A49000F4F1C707F0F5CB07F0BADF03E07EEF0376
:10A4A000E03FFE02E02FFD02D01FFD02900AA8014E
:10A4B000000000000000000000000000000000009C
:10A4C000000000000000000000000000000000008C
:10A4D000000000000000000000000000F007E0079E
:10A4E000D00FF802802FFD00007F7E0000FD2F00BE
:10A4F00000F80F0000F40B0000FC1F0000BE3F003E
:10A50000402FBE00C01FFC01E00BF403A402A00614
:10A51000000000000000000000000000000000003B
:10A52000000000000000000000000000000000002B
:10A53000000000000000000000000000F802D00B46
:10A54000F403E007E007F003D00BF402C00FF801BA
:10A55000801FFC00402FBD00003F7E00007E2F00CA
:10A5600000FD1F0000FC0F0000F80B0000F40700C6
:10A5700000F4020000FC0100A4BF00000000000085
:10A5800000000000000000000000000000000000CB
:10A59000000000000000000000000000D0FFFF01EC
:10A5A000D0FFFF0180AAFF0000007F0000802F0085
:10A5B00000D00F0000F4070000FC010000BE000006
:10A5C000403F0000D0FFFF01D0FFFF0190AAAA0189
:10A5D000000000000000000000000000000000007B
:10A5E000000000000000000000000000000000006B
:10A5F000000000000000000000000000000000005B
:10A60000000000000000000000000000000000004A
:10A61000000000000000000000000000000000003A
:10A62000B400400F00B400000B00B000000B00B0FD
:10A6300000000B00B000000B00B000000B00500049
:10A64000000000A000400F00F400000A000000001D
:10A650000000000000000000000000005E07E07441
:10A66000004E07E074004E07D074000401000000A3
:10A6700000000000000000000000000000000000DA
:10A6800000000000000000000000000000000000CA
:10A690000000000000000000000080A1001C0BD0A2
:10A6A000B1001D07E4FA82FF3FE4BA014D07E074F0
:10A6B000004E03F8BEC1FF1FF479018B03B03800D0
:10A6C000CB036028000000000000000000000040F4
:10A6D00000001C00C000406E00FE0BF4BF80D700DD
:10A6E000380A80A700F80B00FF01D07F00F40F00AC
:10A6F000FB01341E40E381751FF8BF80FF07E01B9C
:10A70000002800C002001C000000000000100040F3
:10A710001F38FCC2C2350D4CA3C07507EC3A80DF70
:10A7200002500D00A000400700380AC0FA01DD29E0
:10A73000A08D03D734389DC2C21F18B4000000009A
:10A74000000000000000000000000000B800E02F42
:10A7500040DB037478408707743C00EB02E00F0095
:10A760003E00F4C781BB1D3CEFC1D21F2CFCC0438F
:10A770000BB8FE41FF2FD08B02000000000000004C
:10A780000000000000000000B400000B00B000005A
:10A790000B00B000000B00500000000000000000A3
:10A7A00000000000000000000000000000000000A9
:10A7B0000000000000000000000000000000000099
:10A7C000000020008007003D00E001000F00B40001
:10A7D0008007003C00C002002D00D001001D00D009
:10A7E00001002D00D002002C00C003007800400BB7
:10A7F00000F000001E00D0030000000000800000F8
:10A800001D00D003007800400B00E001001D00D0C7
:10A8100002002C00C00300380080030038008003D1
:10A82000003C00C002002D00D001000E00B40080EA
:10A8300007003D000000000000000000B000000B19
:10A84000006709F4FB00FD06801F00FE07B4FA0054
:10A850006209000B00600000000000000000000022
:10A8600000000000000000000000000000000000E8
:10A8700000000000000000000000000000000000D8
:10A8800000000000000B00B000000B00B000545BA3
:10A8900080FF2FF8FF42B505000B00B000000B0051
:10A8A000B0000005000000000000000000000000F3
:10A8B0000000000000000000000000000000000098
:10A8C0000000000000000000000000000000000088
:10A8D00000000000000600F400801F00F401001ECC
:10A8E00000E000400B007E000000000000000000BF
:10A8F0000000000000000000000000000000000058
:10A90000000000000000501500FE07E07F00540129
:10A910000000000000000000000000000000000037
:10A920000000000000000000000000000000000027
:10A930000000000000000000000000000000000017
:10A94000000000000000000000000000000B00F804
:10A9500001801F00F801000B000000000000000053
:10A960000000000000000000000E00F000400B009E
:10A9700074008003002C00D002001E00E000000BD9
:10A980000074008007003800C002001D00E00100D4
:10A990000F00B000400700780040020000000000F7
:10A9A000000000000000801F00FE07F0FA400B1FAF
:10A9B00078E081032E3CF8C2E32F6CDFC27F2CFCD1
:10A9C000D1820B1D78E0410B0FF4BA00FE07801B0B
:10A9D0000000000000000000000000000000000077
:10A9E0000000000A00F801E01F40FF01741E00E0B3
:10A9F00001001E00E001001E00E001001E00E00159
:10AA0000000E00E001F4FF41FF1FA4AA01000000B6
:10AA10000000000000000000000000000000801F97
:10AA200000FF07F4BE00460B00F000000F00B4006A
:10AA3000400B007C00D002001F00B800D003001EB5
:10AA400000F4FF41FF1FA4AA010000000000000065
:10AA500000000000000000000000A01B00FF07B085
:10AA6000BE00400B00B000400B007800E802D02F81
:10AA700000E40B00F001001E00E001000F64BE4086
:10AA8000FF07F41B000000000000000000000000B1
:10AA9000000000000000006900E007007F00F407EC
:10AAA000807B006D07E075004F07B4788043077C1A
:10AAB00079C1FF2FFCFF42991B00740080070064DE
:10AAC0000000000000000000000000000000000086
:10AAD0000000A06A00FF0BF0BF005B01B000000B9C
:10AAE00000F00500FF03F0BF00800F00F001001E22
:10AAF00000F000400FA4BE40FF03E40B0000000084
:10AB0000000000000000000000000000000000A99C
:10AB100000F80BD0AB001F00B400400B007419808C
:10AB2000FF07F8FF804B1F78D081072D74D0410BB1
:10AB30001EF0FA00FE07801F000000000000000069
:10AB400000000000000000000000A4AA81FF1FF820
:10AB5000FF01550F00B400800B007800C003002DEA
:10AB600000E001000F00B4008007007800C003007F
:10AB70002D00A00100000000000000000000000007
:10AB8000000000000000802F00FE0BF4F540070ECF
:10AB900074E0400B0FF0BA00FD02C02F00EE0BB4C2
:10ABA000F440071E78E081071EF4FA00FF0B902F97
:10ABB0000000000000000000000000000000000095
:10ABC0000000801F00FE07F4BA80070F38E0800302
:10ABD0001E78E0814B1FF4FF01FE1F40E501000FCE
:10ABE00000B400D00BF43F40FF01A40600000000B9
:10ABF0000000000000000000000000000000000055
:10AC00000000000000000000000B00F400801F00A6
:10AC1000F40000050000000000000000000500F442
:10AC200000801F00F400000B000000000000000086
:10AC30000000000000000000000000000000000014
:10AC400000000000000B00F400801F00F40000056D
:10AC50000000000000000000000600F400401F009B
:10AC6000F401001E00E001000F007E000000000063
:10AC700000000000000000000000000000000002D2
:10AC8000007800E007401F00BC00E002400F00F425
:10AC900001003D00800B00F002007D0080070020D5
:10ACA00000000000000000000000000000000000A4
:10ACB0000000000000000000000000000000000094
:10ACC00000A4AA40FF0FA4AA000000000040AA0AA6
:10ACD000F4FF40AA0A00000000000000000000008D
:10ACE0000000000000000000000000000000000064
:10ACF0000000000000000900E001007D00800F005E
:10AD0000F002007D00400F00B800D007001F00B81F
:10AD100000E003001E0080000000000000000000B2
:10AD200000000000000000006D00D02F00F90700B7
:10AD3000BC00400B00F400400B00B800F807801F77
:10AD400000780080030024000000003400C00700E9
:10AD50007C00400300000000000000000000000034
:10AD600000000400F407C0FF002D1EB0C0420728F9
:10AD7000388083E33AACBFC3A937DC79C39D36DCA6
:10AD800069C39D3ADCADC2ED2EDCFFC1790B1C001E
:10AD9000C002003800405B07000000000000000017
:10ADA0000000401A00F801802F00FC02D03E009DF8
:10ADB00003E078004E07F0B4004B0BB4F040FF1FE7
:10ADC000F8FF815B1E3CD0C2023D188002000000EB
:10ADD0000000000000000000000000000000A41AB5
:10ADE00040FF07B4FE40470F74E040070F74B440C3
:10ADF000EB07F47F409B0F74E041071D74E04107AF
:10AE00001FB4FE40FF07A41A00000000000000006D
:10AE10000000000000000000000040BE00FC1FE039
:10AE2000EB011F04B400800B00780080070078005D
:10AE30008007007800800700B400401F04E0EB01A9
:10AE4000FD1F40BE000000000000000000000000E8
:10AE5000000000000000A80A80FF03B8BE80430F76
:10AE600038E081032D38D082032D38D082032D386D
:10AE7000D082031E38E081430FB87E80FF02A8060F
:10AE800000000000000000000000000000000000C2
:10AE90000000A0AA00FF0FF0AA000F00F000000FB2
:10AEA00000F00000FF0BF0BF005F05F000000F0096
:10AEB000F000000F00F0AA00FF0FA0AA00000000A1
:10AEC0000000000000000000000000000000A0AA38
:10AED00000FF0FF0AA000F00F000000F00F00000CC
:10AEE0005F05F0BF00FF0BF000000F00F000000F47
:10AEF00000F000000F00A0000000000000000000B3
:10AF00000000000000000000000040BE00FD1FF037
:10AF1000EB411F14B8008007003C00C0831A3CFCC2
:10AF2000C1831E3CD081071D78D0411F1DF0FB015D
:10AF3000FD1F40AF00000000000000000000000006
:10AF4000000000000000249081071D78D081071DBB
:10AF500078D081031D78E581FF1FF8FF815B1E38E3
:10AF6000D081071D78D081071D78D081071D2490DE
:10AF700001000000000000000000000000000000D0
:10AF80000000A4AA40FF0FA4AF00B000000B00B067
:10AF900000000B00B000000B00B000000B00B00080
:10AFA000000B00B000A4AF40FF0FA4AA00000000F7
:10AFB0000000000000000000000000000000A06A87
:10AFC00000FF07A07A0040070074004007007400EB
:10AFD00040070074004007007400400700780081BB
:10AFE00007B03E00FF02E00B000000000000000080
:10AFF0000000000000000000000064A041071F7472
:10B00000B4408707742C40E701740F40BB00F4077D
:10B0100040BB00741E40D702743C40870774F44064
:10B02000071F64A0010000000000000000000000F5
:10B03000000000000000A000000F00F000000F0062
:10B04000F000000F00F000000F00F000000F00F013
:10B0500000000F00F000000F00F0FF00FF1FA0AA8B
:10B0600000000000000000000000000000000000E0
:10B07000000064A0810B1FF8F4814F1FF8F9819E36
:10B080001EA8DEC1FA2D6CCFC2B62C2CCBC2622C0E
:10B090002CC0C2022C2CC0C2022C1880020000005E
:10B0A00000000000000000000000000000006490AC
:10B0B000810F1DF8D1811F1DF8D2813F1DB8D781A6
:10B0C000771D38DB81E31D38ED81D31F38FC818388
:10B0D0001F38F481431F28A0010000000000000079
:10B0E00000000000000000000000801F00FE07F4C8
:10B0F000FE400B1F78E0C2032D3CD0C2032D2CD0A4
:10B10000C2032D3CD0C2032D78E0810B1FF4BE009A
:10B11000FE07801F0000000000000000000000008B
:10B12000000000000000A41A40FF07F4FE40471F83
:10B1300074E041071D74E041071EB4F440FF0BF4B6
:10B140002F405B007400400700740040070064005B
:10B1500000000000000000000000000000000000EF
:10B160000000802F00FE07F0FE400B1F78D0C203C6
:10B170002D3CD0C2022D2CD0C2032D3CD0C2032DB9
:10B1800078E0814B1FF4BF00FE07801F00B0000075
:10B190005F01E02F00000000000000000000A41A82
:10B1A00040FF07B4BE40470F74F040070F74B4402F
:10B1B000EB07F42F40FF01743D40C7077478404708
:10B1C0000B74F040071E64900100000000000000B6
:10B1D00000000000000000000000806F00FE0BF483
:10B1E000BB400B047800800B00F40200FF01D07F0D
:10B1F00000E40F00F801001E00E041410FB8BE80DE
:10B20000FF07E41B00000000000000000000000039
:10B21000000000000000A8AAC1FF2FA8AF01B000E5
:10B22000000B00B000000B00B000000B00B00000ED
:10B230000B00B000000B00B000000B00F000000A93
:10B2400000000000000000000000000000000000FE
:10B250000000289081031D38D081031D38D0810360
:10B260001D38D081031D38D081031D38D081031DC6
:10B2700078D081071EF4FA00FF07801F000000004D
:10B280000000000000000000000000000000288016
:10B29000C2033C3CD082071D78E0410B0EB4F000A5
:10B2A0000F0BF0B4005E07E07900AD03D03E00FC68
:10B2B00002801F00F801400A0000000000000000AA
:10B2C000000000000000000000001880C202382CBE
:10B2D00080C2022C2CC0C2622C2CCBC2F22C6CCFB0
:10B2E000C2F62DACDE829A2EF8F9814F1FF8F48158
:10B2F0000B1F64A00100000000000000000000001F
:10B30000000000000000289081071FB4F4004F0BDC
:10B31000E07900FD03C02F00F801400F00F801C0E4
:10B320002F00ED03E078404F0BB8F0C1072E2890B6
:10B33000020000000000000000000000000000000B
:10B3400000002880C2032D78E0410B0FF0B4004EBE
:10B3500007D03900FD02801F00F801400F00B00047
:10B36000000B00B000000B00B000000A000000005D
:10B370000000000000000000000000000000A4AA7F
:10B3800041FF1FF4FF01400F007800C003002D00B3
:10B39000E001400F007800C003002D00E001400FE5
:10B3A00000F8FF81FF1FA4AA0100000000000000B8
:10B3B0000000000000401600FC03C02F002C00C05D
:10B3C00002002C00C002002C00C002002C00C002B1
:10B3D000002C00C002002C00C002002C00C00200A3
:10B3E0002C00C002002C00C00200BC0200000000C3
:10B3F000000000400700B000000F00E001001D0049
:10B40000C002003C008007007400000B00E0000058
:10B410001E00D001002C008003007800400B00B01B
:10B4200000000E00D00100180000000000501900BC
:10B43000FD02D02F00D002002C00C002002C00C062
:10B4400002002C00C002002C00C002002C00C00230
:10B45000002C00C002002C00C002002C00C0020022
:10B460002C00E902000000000000000000000006BF
:10B4700000F400801F009C02D038004A0770B080A2
:10B48000031E144000000000000000000000000047
:10B4900000000000000000000000000000000000AC
:10B4A000000000000000000000000000000000009C
:10B4B000000000000000000000000000000000008C
:10B4C000000000000000000000000000000000007C
:10B4D00000000000000000000080AA2A0000000018
:10B4E000000000400F00E0020078000005000000AE
:10B4F000000000000000000000000000000000004C
:10B50000000000000000000000000000000000003B
:10B51000000000000000000000000000000000002B
:10B52000000000000000000000005000E02F00FFBD
:10B530000B60F400000E00F500FD0FF0FF400B0E55
:10B5400078E080470FF4FE00FF0ED0960000000068
:10B550000000000000000000000000400700740030
:10B560004007007400404700747E40FF0BF4FB412D
:10B570001F1EB4D041072D74D042071D74E041074F
:10B580001FB4BA40FF07E01B0000000000000000ED
:10B5900000000000000000000000000000000000AB
:10B5A0000000400140BF00FD0BE0AB001F00B400F5
:10B5B000400B00B400400B00F400001F04E0BB008F
:10B5C000FD0F406E000000000000000000000000C1
:10B5D00000000000000E00E000000E00E000500E31
:10B5E00080FF00FE0FF4F5400B0E78E080070E3868
:10B5F000E080030E78F0808B0FF4FE00FF0ED097F2
:10B60000000000000000000000000000000000003A
:10B61000000000000000000000005000802F00FE2D
:10B620000BF0F540071E74E081FF1FF8FF815705FE
:10B630007400400B00F0A600FE0F80AF0000000079
:10B64000000000000000000000005000D01F00FFBC
:10B6500002F41540070078008007407905F8FF8163
:10B66000FF1F94570078008007007800800700785B
:10B670000080070078004006000000000000000085
:10B6800000000000000000000000000000000000BA
:10B6900000005000D0FF02FE2FB0B440070B74B082
:10B6A000400B0BF07A00FF027405400700F41A000B
:10B6B000FF0BF4FA81072D38D0815B1F00000000DA
:10B6C000000000400700740040070074004047007D
:10B6D000747E40FF0BF4FB401F0FB4E040070E7474
:10B6E000E040070E74E040070E74E0400B0E64A0CB
:10B6F0000000000000000000000000000000050045
:10B70000F000401F00F0000005000000F00F00FFF7
:10B7100000500F00F000000F00F000000F00F000DC
:10B72000000F00F000A4AF41FF1FA4AA0100000019
:10B730000000000000000000000014008007007CF2
:10B740000080070014000000F47F40FF07507900DC
:10B75000800700780080070078008007007800806C
:10B760000700780080070078008007003C80E7022F
:10B7700000000000000000400B00B400400B00B4CB
:10B7800000400B00B4F0418B0BB47C40D702B40FE7
:10B7900040BF00F40B40EB01742D40CB07B4B84020
:10B7A0004B1F64A00100000000000000000000002A
:10B7B00000000000FF00F00F00F500000F00F00097
:10B7C000000F00F000000F00F000000F00F000007C
:10B7D0000F00F000000F00F000A4AF41FF1FA4AA6B
:10B7E0000100000000000000000000000000000058
:10B7F000000000000000000000000000ECF7C0FFA7
:10B800001FBCEFC2F32C2CCBC2B22C2CCBC2B22C5F
:10B810002CCBC2B22C2CCBC2B22C1886020000005A
:10B820000000000000000000000000000000000018
:10B830000000000000004000747E40FB0BF4FB4061
:10B840001F0FB4E040070E74E040070E74E040079D
:10B850000E74E0400B0E64A0000000000000000029
:10B8600000000000000000000000000000000000D8
:10B8700000005000802F00FE0BF4FA800B1E78D0E1
:10B8800081032D38D082031D78E0810B1FF4BE00A8
:10B89000FE07801F00000000000000000000000004
:10B8A0000000000000000000000000000000400058
:10B8B000747E40FB0BF4FB411F1EB4D041072D7476
:10B8C000D042071D74E041071FB4BA40FF07F41BC4
:10B8D0004007007400400700000000000000000066
:10B8E00000000000000000000000500080FF00FE8B
:10B8F0000FF4F5400B0E78E080070E38E080030E61
:10B9000078F0808B0FF4FE00FF0ED0E700000E00F1
:10B91000E000000E00000000000000000000000039
:10B920000000000000004001B07D00FB0FF0E701C7
:10B930001F1DF0D0010B00B000000B00B000000B89
:10B9400000B000000F00A000000000000000000098
:10B9500000000000000000000000000000000000E7
:10B9600000005000807F00FE07F051400B00F40102
:10B9700000BF01D07F00E00B00F400000F64B9406D
:10B98000FF07E01B000000000000000000000000B6
:10B990000000000000004002003C00C003003C002A
:10B9A000F8FFC0FF0FE45B003C00C003003C00C098
:10B9B00003003C00C00300380080AB00F40F00BE61
:10B9C0000000000000000000000000000000000077
:10B9D00000000000000000000000000074E04007CC
:10B9E0000E74E040070E74E040070E74E040070E4E
:10B9F00074F0408B0FF4FE00FF0ED09700000000A3
:10BA00000000000000000000000000000000000036
:10BA100000000000000000003CC0C2072D78E0419B
:10BA20000B0EB4F0004F0BE074009D07D03A00FC01
:10BA300002801F00F401400A000000000000000026
:10BA400000000000000000000000000000000000F6
:10BA5000000000001C80C302382C80C2522C2CCB6A
:10BA6000C2F62C68DF81FB1EF8EA819F1FF4F540C7
:10BA70004F0FA4A000000000000000000000000024
:10BA800000000000000000000000000000000000B6
:10BA900078D0410B0FF0B500AD07C02F00F8014082
:10BAA0001F00F802D03F009E07F0F4800B1F689043
:10BAB0000200000000000000000000000000000084
:10BAC0000000000000000000000000003CC0C207B1
:10BAD0002D78E0410B0EB4F0004F0BE074009D0791
:10BAE000D03A00FC02801F00F401400F00B4008037
:10BAF00007403E00000000000000000000000000C1
:10BB00000000000000000000F4BF40FF0FA0BE00D6
:10BB10008007002D00E001400F007800D003002EC8
:10BB200000F4FF40FF0FA4AA000000000000000086
:10BB30000000000000005400D00B006F00B0004077
:10BB40000700740040070074004007007800E40319
:10BB5000401F00E403007800400700740040070025
:10BB600074004007007400000B00F006000A00B0EB
:10BB700000000B00B000000B00B000000B00B00094
:10BB8000000B00B000000B00B000000B00B0000084
:10BB90000B00B000000B00B000000B00B000000B69
:10BBA00000B000000B00B0000000000000500000DA
:10BBB0003F00E00B00B000000E00E000000E00E0CF
:10BBC00000000E00E00100BD00800F00BD00E0019C
:10BBD000000E00E000000E00E000000E00E000009B
:10BBE0000F00B9000000000000000000000000008D
:10BBF0000000000000000000000000000000000045
:10BC00001E00F88782BF2D2CFF81D11F0064000029
:10BC10000000000000000000000000000000000024
:10BC20000000000000000000000000000000000014
:10BC30000000000000000000000000000000000004
:10BC400000000000000000000000000000000000F4
:10BC500000000000000000000000000000000000E4
:10BC600000000000000000000000000000000000D4
:10BC700000002E00002E00001E00001E00001E000E
:10BC8000001E00001E00001E00001E00001E00001E
:10BC90001E00001E00000500000000001D00002F17
:10BCA00000002F00001D0000000000000000000048
:10BCB000000000000000000000D0F201D0F200D02F
:10BCC000F200D0F200D0E200D0E2004050000000CC
:10BCD0000000000000000000000000000000000064
:10BCE0000000000000000000000000000000000054
:10BCF0000000000000000000000000000000000044
:10BD000000000000808201C0D301C0D201C0D20176
:10BD1000E4FB0AF8FF0BE4E606C0E100D0E100D046
:10BD2000E100E8FA06FCFF07E4F601E0B000E0B04D
:10BD300000E0B400A060000000000000000000006F
:10BD400000000000100000380000380040BE01D0A4
:10BD5000FF02F0FF02B41C00B81C00B81D00F41F65
:10BD600000F06F00D0FF0100FE0300EE0700CB07DC
:10BD700000CB0764DB03F8FF02F8FF00901B0040D4
:10BD800003004003008003000000000000004000AA
:10BD900000F4020AF847072C87031CC7021CD700CF
:10BDA000BCB700F47600503800001D00000E000003
:10BDB000970180F707C07A0BD0380EB0280E743880
:10BDC0000B3CF40718E00200000000000000000037
:10BDD000000000000000000000801F00E07F00F075
:10BDE000B900B4F000B4F000F4B400F07E00D02F3D
:10BDF00000D00B00F04F07B85E073CBD073CFC03CA
:10BE00003CF4027CF002F8FA03F4FF0B905B0A00AA
:10BE10000000000000000000000000000000000022
:10BE200000001E00001E00001E00001E00001E007C
:10BE3000001E0000040000000000000000000000E0
:10BE400000000000000000000000000000000000F2
:10BE500000000000000000000000000000000000E2
:10BE600000000000000000500000F00000B80000DA
:10BE70003D00002E00000F00400B008007008007EF
:10BE800000C00300C00300C00300C00300C00300E3
:10BE9000C00700800700800B00400B00001F00005F
:10BEA0002E00007D0000B8000000000000008001AE
:10BEB00000D00300C00700400F00001E00002D004E
:10BEC000007C0000780000B40000B40000B4000062
:10BED000B40000B40000B40000B40000B400007866
:10BEE00000003C00002D00001E00400F00800700F5
:10BEF000000000000000000000001D00000D00A078
:10BF00008D02F0EE0290BF01403F00D0FF01F0EE45
:10BF100002608D01001D00001900000000000000FB
:10BF20000000000000000000000000000000000011
:10BF30000000000000000000000000000000000001
:10BF400000000000000000000000000000000000F1
:10BF5000001E00001E00001E00001E00546E01F8AE
:10BF6000FF07F8FF07546E01001E00001E00001EB0
:10BF700000001E000004000000000000000000009F
:10BF800000000000000000000000000000000000B1
:10BF900000000000000000000000000000000000A1
:10BFA0000000000000000000000000000000000091
:10BFB000000900002F00403F00003E00003D00004F
:10BFC0002C00001E00D00F00000000000000000048
:10BFD0000000000000000000000000000000000061
:10BFE000000000000000000000000000405500D0EC
:10BFF000FF00D0FF004055000000000000000000DE
:10C000000000000000000000000000000000000030
:10C010000000000000000000000000000000000020
:10C020000000000000000000000000000000000010
:10C030000000000000000000000000000000000000
:10C04000001E00002F00403F00002F00001E0000D7
:10C0500000000000000000000000000000000000E0
:10C060000000C00300D00200E00100F00000B400B6
:10C0700000B400007800003C00002D00001E00000D
:10C080000F00400B00400B00800700C00300D002EF
:10C0900000E00100F00000B00000B4000024000047
:10C0A000000000000000000000000000406E00D012
:10C0B000FF01E0FA02F4D003B4800778D00778F4E7
:10C0C0000B38FC0B786F0BF84B0BF8420BB8800762
:10C0D000B88007F4D003F0FA02D0FF00406F0000F0
:10C0E0000000000000000000000000000000000050
:10C0F00000000000002900403F00E02F00F42E0067
:10C10000702D00102D00002D00002D00002D0000CE
:10C110002D00002D00002D00002D00002D00F0FF4F
:10C1200007F0FF07A0AA06000000000000000000C2
:10C13000000000000000000000000000806F00E030
:10C14000FF00F0FE01A0E00200D00200D00200E0FB
:10C150000200F00100F40000BC00003E00401F009F
:10C16000C00B00E00300F4FF07F4FF07A4AA0200DD
:10C1700000000000000000000000000000000000BF
:10C1800000000000902F00F0FF00A0F90100E00285
:10C1900000D00200E00200F00180BE00C0BF0040FD
:10C1A000F90200D00300C00700C00700D003A0F9C7
:10C1B00002F4FF00F42B000000000000000000006B
:10C1C00000000000000000000000000000A80000C7
:10C1D000FD0000FE0000FF0040EB0080E700D0F211
:10C1E00000E0F100F0F00074F00078F505FCFF0BC2
:10C1F000FCFF0B54F90600F00000F00000A0000066
:10C20000000000000000000000000000000000002E
:10C2100000000000A0AA01F0FF02E0FF02E05500CC
:10C22000E00000E00000E01600E0BF00E0FF0200D8
:10C23000E40300D00300C00300D00300E002A0F933
:10C2400001F0BF00E01B0000000000000000000043
:10C2500000000000000000000000000000A40140F9
:10C26000FF02C0AF01E00600F00100F40000B415C9
:10C2700000F4FF01F4FF03F4D107B48007B4800792
:10C28000B48007F0C107E0EB03D0FF01406E00006F
:10C29000000000000000000000000000000000009E
:10C2A00000000000A4AA02F4FF07F4FF0750D50322
:10C2B00000E00200F00100F40000B800007C000083
:10C2C0003D00002E00001E00400F00400B008007C4
:10C2D00000D00700900200000000000000000000F5
:10C2E000000000000000000000000000406E00D0D0
:10C2F000FF01F0E602B4C003B4C003F0D102E0F7DE
:10C3000001D0BF0080BF00D0FB02F0E103B4C00742
:10C31000B48007B4C007F4EA03E0FF01806F0000B7
:10C32000000000000000000000000000000000000D
:10C3300000000000406F00E0FF00F4FA02B4D002F9
:10C3400078C00378C007B8C007F8D107F4FF07E04A
:10C35000FF0740D50300D00300E00200F801F0BF62
:10C3600000F02F00A0060000000000000000000008
:10C3700000000000000000000000000000000000BD
:10C380000000000000000000001D00002F00003F22
:10C3900000002E000004000000000000000000006B
:10C3A000000400002E00003F00002F00001D0000D0
:10C3B000000000000000000000000000000000007D
:10C3C000000000000000000000000000000000006D
:10C3D000001D00002F00003F00002E0000040000A0
:10C3E0000000000000000000000900002F00003FD6
:10C3F00000003E00003D00003C00002E00900F00B9
:10C40000000000000000000000000000000000002C
:10C41000000000000000900000F40100BC00003E9D
:10C4200000801F00D00700F40200F00200D00B00D3
:10C43000401F00007E0000F80100F00100500000E5
:10C4400000000000000000000000000000000000EC
:10C4500000000000000000000000000000000000DC
:10C46000000000000000A0AA02F4FF03A0AA02003E
:10C470000000000000A0AA02F4FF03A0AA0200002E
:10C4800000000000000000000000000000000000AC
:10C49000000000000000000000000000000000009C
:10C4A0000000000000800100D00300D00B00402FEE
:10C4B00000007D0000F80100E00300F00200F80039
:10C4C000007E00401F00D00B00D002008000000062
:10C4D000000000000000000000000000000000005C
:10C4E00000C01B00C07F0080FF0000F40100E002DC
:10C4F00000D00200E00200F40140FF00407F004055
:10C500000B00400B00000600000000000B00800F35
:10C5100000800F00000B0000000000000000000081
:10C5200000000000000000140000BE0080FF02D0E8
:10C530008707E04107B0000B74000E38AD0E78BFDE
:10C540000E6CBB0EACB30EAC720EDC760EDC760E4F
:10C55000DC760A9CBB0B9CFF076CD7012C000038D3
:10C560000000780000F4E50000000000000000007A
:10C5700000000000002A00403F00407F00807F0054
:10C58000C0BB00C0B600D0F200D0F101E0E101F084
:10C59000E002F0D002F4FF03F4FF07B8D9073880B7
:10C5A0000B3C400F28400A00000000000000000083
:10C5B000000000000000000000000000A46A00F479
:10C5C000FF01F4FA02B4D003B4C003B4D003B4E062
:10C5D00002F4FA00F4FF01F4F903B4C007B48007D1
:10C5E000B48007B4D007F4FA03F4FF01A46A000092
:10C5F000000000000000000000000000000000003B
:10C600000000000000FE0280FF03D0EF03E0020103
:10C61000F40100F40000B80000B80000B80000B851
:10C620000000B80000F40000F40100F00201E0EFA7
:10C6300003C0FF0300BE0200000000000000000075
:10C64000000000000000000000000000A41A00F834
:10C65000BF00F8FE0278E00378C007788007788092
:10C660000B78800B78800B78800B78800B788007B4
:10C6700078D00778E002B8FE01F87F00A41A000025
:10C6800000000000000000000000000000000000AA
:10C6900000000000A0AA02E0FF03E0AA02E00100FF
:10C6A000E00100E00100E00100E0FF02E0FF02E045
:10C6B0005601E00100E00100E00100E00100E0AA15
:10C6C00002E0FF03A0AA020000000000000000003A
:10C6D000000000000000000000000000A0AA01E02F
:10C6E000FF02E0AA01E00100E00100E00100E0013A
:10C6F00000E05601E0FF01E0FF01E00100E0010081
:10C70000E00100E00100E00100E00100A001000004
:10C710000000000000000000000000000000000019
:10C720000000000000BE0280FF07E0EF07F00205F6
:10C73000F40000B8000078000078A4067CF8077CBC
:10C74000E407788007B88007B88007F48107E0EB3A
:10C7500007D0FF0740BE01000000000000000000FD
:10C76000000000000000000000000000648006B827
:10C770008007B88007B88007B88007788007B89529
:10C7800007F8FF07F8FF07B8D907788007B88007D0
:10C79000B88007B88007B88007B8800764800600B3
:10C7A0000000000000000000000000000000000089
:10C7B00000000000A0AA02F0FF03A0BF02001E00BC
:10C7C000001E00001E00001E00001E00001E0000D3
:10C7D0001E00001E00001E00001E00001E00A0BF64
:10C7E00002F0FF03A0AA0200000000000000000009
:10C7F000000000000000000000000000A0AA01F0FE
:10C80000FF01A0FA0100E00100E00100E00100E00A
:10C810000100E00100E00100E00100E00100E001B2
:10C8200000F00110F400B0BE00F07F00901B00008B
:10C8300000000000000000000000000000000000F8
:10C8400000000000A48006F4D003B4E002B4F400B9
:10C85000B4B800B47C00B42E00F41F00F40F00B490
:10C860001E00B43D00B47C00B4B800B4F401B4E0E0
:10C8700002F4D007A48006000000000000000000C1
:10C88000000000000000000000000000900100E037
:10C890000100E00100E00100E00100E00100E00132
:10C8A00000E00100E00100E00100E00100E0010023
:10C8B000E00100E00100E0FF03E0FF03A0AA0200A6
:10C8C0000000000000000000000000000000000068
:10C8D00000000000A49002F4D107F4E107F8F20789
:10C8E000F8B207B8B707787B07786F07386F073853
:10C8F0005E07384E0B38490B38400B3C400B3C0070
:10C900000B3C000B28000A000000000000000000A3
:10C91000000000000000000000000000A44006F835
:10C920008107F84207F84307F84707B84B07B84FA5
:10C9300007784E07785E07786D0778BC0778B807E8
:10C9400078F40778F00778E00778E007649006004D
:10C9500000000000000000000000000000000000D7
:10C9600000000000406E00D0FF01F0FB02F4D10790
:10C97000B8800778800B7C400B7C400B7C400B7CA4
:10C98000400B7C400B78800BB88007F4D003F0FBA1
:10C9900002E0FF00406F0000000000000000000007
:10C9A000000000000000000000000000A02A00F4C9
:10C9B000FF01F4FA02B4D007B4C007B48007B48012
:10C9C00007B4C007F4E003F4FF01F4BF00F415005E
:10C9D000B40000F40000B40000F40000A000000067
:10C9E0000000000000000000000000000000000047
:10C9F00000000000406E00D0FF01F0FB03F4D107FF
:10CA0000B8800778800B7C400B7C400B7C400B7C13
:10CA1000400B7C400B78800BB8C007F4E103F0FFBB
:10CA200002D0FF00402F00001E00002E0500FD0B6D
:10CA3000000000000000000000000000A42A00F434
:10CA4000FF00F4FE02B4E002B4D003B4D003B4E0BB
:10CA500002F4F901F47F00F43F00B4B800B4F4002C
:10CA6000B4F001B4E002B4D003B4C007A48006005F
:10CA700000000000000000000000000000000000B6
:10CA80000000000040BE00D0FF01F0EB01F44101C6
:10CA9000B40000F40100F40700E06F0080FF010023
:10CAA000FE0200E40300D00700C00714D003F8FA28
:10CAB00002F8FF01E46F0000000000000000000029
:10CAC000000000000000000000000000A4AA06F81A
:10CAD000FF0BA4BF06001E00001E00001E00001E6B
:10CAE00000001E00001E00001E00001E00001E00B0
:10CAF000001E00001E00001E00001E0000190000A5
:10CB00000000000000000000000000000000000025
:10CB1000000000006440067880077880077880076E
:10CB20007880077880077880077880077880077892
:10CB30008007788007788007B88007B4C003F4EADC
:10CB400002E0FF01806F0000000000000000000014
:10CB500000000000000000000000000028000A7C27
:10CB6000400F78800BB88007B4C007F4C003F0D141
:10CB700002E0D102E0E201D0E201D0F300C0B70050
:10CB800080BB00807F00407F00403F00002A000003
:10CB90000000000000000000000000000000000095
:10CBA0000000000028000A3C000F2C000B3C000B8A
:10CBB0003C000B3C090B381D0B381E0B382E0B7834
:10CBC0007F07787B07B8B707B8B207F8F207F8E134
:10CBD00007F8D107A4900600000000000000000044
:10CBE000000000000000000000000000688006B89F
:10CBF000D007F4E102E0F201D0F600C0BF00807F70
:10CC000000402F00002F00403F0080BF00D0FB00FD
:10CC1000E0F201F0E102F4D003B8C00B68800A0032
:10CC20000000000000000000000000000000000004
:10CC30000000000028400A7C800BB4C007F4D00339
:10CC4000E0E102D0F201D0F70080BB00407F00405D
:10CC50003F00002E00001E00001E00001E00001EEF
:10CC600000001E000019000000000000000000008D
:10CC7000000000000000000000000000A4AA02F470
:10CC8000FF07F4FF0300E00200F00100B800007CA1
:10CC900000003D00002E00400F00800B00C0070088
:10CCA000E00200F00100F4FF07F4FF07A4AA060069
:10CCB00000000000000000000000000000004056DE
:10CCC0000080BF0080BF0080070080030080030059
:10CCD0008003008003008003008003008003008045
:10CCE00003008003008003008003008003008003B2
:10CCF00000800300800300800300800300806B003D
:10CD0000000000000000000000B40000F00000E09F
:10CD10000100D00200C00300800700400700400B64
:10CD200000000F00001E00002D00003C00007800F5
:10CD300000740000B40000F00000E00100D0020028
:10CD4000C0030080070040060000000000004025EE
:10CD500000D07F00C07F00007800007800007800DD
:10CD6000007800007800007800007800007800006B
:10CD700078000078000078000078000078000078E3
:10CD800000007800007800007800007800807E00C5
:10CD9000000000000000000000000000001900007A
:10CDA0002F00403F00807700C0F200E0E101B0D0EA
:10CDB0000274800310000100000000000000000069
:10CDC0000000000000000000000000000000000063
:10CDD0000000000000000000000000000000000053
:10CDE0000000000000000000000000000000000043
:10CDF0000000000000000000000000000000000033
:10CE00000000000000000000000000000000000022
:10CE100000000000000000000000000000A8AA0AB6
:10CE2000000000000000000000F00200D0070040F9
:10CE30000F000005000000000000000000000000DE
:10CE400000000000000000000000000000000000E2
:10CE500000000000000000000000000000000000D2
:10CE600000000000000000000000000000000000C2
:10CE700000000000000000000000000000000500AD
:10CE8000D0BF00E0FF0160E00200C00300D40380D7
:10CE9000FF03E0FF03F4D103B4C003B4E003F4FAEA
:10CEA00003F0EF03908B0200000000000000000080
:10CEB000000000000000000000B40000F40000B416
:10CEC0000000B40000B41000B4BD00F4FF02F4EBA5
:10CED00003F4C207F48007B48007F48007B4800726
:10CEE000B4C007B4D003F4FA02F4FF00A06F00004E
:10CEF0000000000000000000000000000000000032
:10CF0000000000000000000000000000000014000D
:10CF100000FE02C0FF02D09B02E00200F00100F41C
:10CF20000000F40000F40000F00100F00201E0EF66
:10CF300002C0FF0200BE010000000000000000006F
:10CF400000000000000000000000C00300C003005B
:10CF5000C00300C00300D40380FF03D0FF03F0D65A
:10CF600003F4C003B8C00378C00378C00378C003DB
:10CF7000B8D003F4F003F4FF03E0EF03808B02006A
:10CF800000000000000000000000000000000000A1
:10CF9000000000000000000000000000000004008D
:10CFA00040BF00D0FF01E0E202F0C003B48007F40C
:10CFB000FF07F4FF07B45501B40000F40100E09B43
:10CFC00002D0FF0340BE010000000000000000008E
:10CFD00000000000000000400000F80700FE0B0009
:10CFE0006F05000F00400F00000B00545F01F8FFB9
:10CFF00007F8FF07545F01000B00400B00400B00D7
:10D00000400B00400B00400B00400F00000A0000E6
:10D010000000000000000000000000000000000010
:10D0200000000000000000000000000000000500FB
:10D0300080FF0BE0FF0BF0E102B0D002B4D002F0B1
:10D04000D002E0FA01E0BF00B01900B40000F46AB9
:10D0500000E0FF02F0EA07B48007788007F8E507F0
:10D06000000000000000000000B40000F40000B464
:10D070000000B40000F41000B4BD00F4FF02F4EBB3
:10D0800002F4D203F4C003B4C003F4C003B4C00379
:10D09000B4C003B4C003B4C003F4C003A080020052
:10D0A000000000000000000000000000000000047C
:10D0B00000002E00002E00002E00000400000000E2
:10D0C000E02F00F02F00502E00002D00002D00005A
:10D0D0002D00002D00002D00002D00002D00A0BF10
:10D0E00002F4FF07A0AA02000000000000000000F8
:10D0F00000000000000000500000F40000F40100F7
:10D10000F400005000000000F0FF00F0FF0050F9B4
:10D110000000F00000F00000F00000F00000F0005F
:10D1200000F00000F00000F00000F00000F000004F
:10D13000F00000B400B4BE000000000000000000D9
:10D1400000F00000F00000F00000F00000F000002F
:10D15000F0D007F0F002F0F400F07C00F02E00F0C8
:10D160001F00F01F00F03E00F07C00F0F400F0F033
:10D1700002F0E007A08006000000000000000000B0
:10D18000000000000000000000E02F00F02F005021
:10D190002E00002D00002D00002D00002D00002D80
:10D1A00000002D00002D00002D00002D00002D009E
:10D1B000002D00002D00A0BF02F4FF07A0AA02006E
:10D1C000000000000000000000000000000000005F
:10D1D000000000000000000000000000000041000E
:10D1E000A8DB03F8FF07B8BE0B381D0B381D0B3842
:10D1F0001D0B381D0B381D0B381D0B381D0B381D32
:10D200000B3C1D0B28190600000000000000000068
:10D21000000000000000000000000000000000000E
:10D220000000000000001000B4BD00B4FF02F4EBE9
:10D2300002F4D203F4C003B4C003F4C003B4C003C7
:10D24000B4C003B4C003B4C003F4C003A0800200A0
:10D2500000000000000000000000000000000000CE
:10D2600000000000000000000000000000000400BA
:10D2700080BF00E0FF01F0FA03F4D007B880077820
:10D280008007788007788007B8C007F4D103F0FBE7
:10D2900002E0FF01406F00000000000000000000FD
:10D2A000000000000000000000000000000000007E
:10D2B0000000000000001000B4BD00B4FF02F4EB59
:10D2C00003F4C207F48007B48007F48007B4800732
:10D2D000B4C007B4D003F4FA02F4FF00F46F00B452
:10D2E0000000B40000B400000000000000000000D6
:10D2F000000000000000000000000000000014001A
:10D3000080FF03D0FF03F0D603F4C003B8C0037856
:10D31000C00378C00378C003B8D003F4F003F4FF6F
:10D3200003E0EF0380CB0300C00300C00300C00391
:10D3300000000000000000000000000000000000ED
:10D340000000000000001000E0F901F0FE03E0DB47
:10D3500007E08307E08107E00100E00100E0010051
:10D36000E00100E00100E00100F00100A001000088
:10D3700000000000000000000000000000000000AD
:10D380000000000000000000000000000000140089
:10D3900080FF01E0FF01F04201F00100F00600E033
:10D3A0006F0080FF0100F90200E00200D002A0E55A
:10D3B00002F0FF01A06F000000000000000000006C
:10D3C0000000000000000000000000004006008097
:10D3D0000B00800B00800B00F8FF02FCFF03949B06
:10D3E00001400700800B00800B00800B00800B00C9
:10D3F000800B00800B0040AF0200FF0300F9020029
:10D40000000000000000000000000000000000001C
:10D41000000000000000000000000000000000000C
:10D42000B4C003F4C003B4C003B4C003B4C003B4B5
:10D43000C003B4C003B4C003B4D003F4F003F0FFDE
:10D4400003E0EF03808B02000000000000000000FA
:10D4500000000000000000000000000000000000CC
:10D4600000000000000000007C400B78800BB480BE
:10D4700007F4C003F0D102E0E101D0E201D0F300F3
:10D48000C0B700807F00407F00003F00001A00000E
:10D49000000000000000000000000000000000008C
:10D4A000000000000000000000000000000000007C
:10D4B0002C000E2C000F3C000B3C090B381E0B38C7
:10D4C0002E0B786F07B87F07B4BB07F4F603F4F2AE
:10D4D00003F4E203A091020000000000000000003D
:10D4E000000000000000000000000000000000003C
:10D4F0000000000000000000B88007F4D103E0E263
:10D5000002D0F70080BF00403F00003F00407F0096
:10D51000C0BB00D0F201F0E102F4D0076880060041
:10D5200000000000000000000000000000000000FB
:10D5300000000000000000000000000000000000EB
:10D540007C400B78800BB48007F4C003F0D102E07C
:10D55000E101D0E201D0F300C0BB00807F00407F3A
:10D5600000003F00002E00001F00400F00E40700F5
:10D5700000000000000000000000000000000000AB
:10D580000000000000000000F0FF02F0FF02A0FA1F
:10D590000200F40000B800003D00002E00400F0023
:10D5A000C00700D00300F0FF02F0FF03A0AA0200B2
:10D5B000000000000000000000000000000000501B
:10D5C0000000F80100BD01001E00000E00000F0069
:10D5D000000F00000F00000F00400F00E00700F0F8
:10D5E0000200E00700400B00000F00000F00000FDA
:10D5F00000000F00000F00000E00001E0000BD0024
:10D60000001900001E00001E00001E00001E000089
:10D610001E00001E00001E00001E00001E00001E56
:10D6200000001E00001E00001E00001E00001E0064
:10D63000001E00001E00001E00001E00001E000054
:10D640001E00001E00001E0000000000000050012F
:10D6500000E00B00901F00001E00002D00002D00B8
:10D66000002D00002D00002D00003C0000F80200FD
:10D67000F00300F802003C00002D00002D00002DFA
:10D6800000002D00002D00002D00001E00901F0046
:10D69000000000000000000000000000000000008A
:10D6A000000000000000000000000000000000007A
:10D6B00000E00200F40B0BB85F0B3CFE0728F803F8
:10D6C00000A00100000000000000000000000000B9
:10D6D00000000000000000008300830083008B42F4
:10D6E000F68CB8A58300830083008300F68C9CBE73
:10D6F0009CBE9CBE830083008300F68C9CBE9CBEB7
:10D7000094848B42830083008B429CBE9CBE8B42E0
:10D710008300830083008300F68C9CBE9484830086
:10D720008300830083008300B8A59CBE8B428300E6
:10D7300083008300830083008300830083008300D1
:10D7400083008300830083008300830083008300C1
:10D7500083008300830083008300830083008300B1
:10D7600083008300830083008300830083008300A1
:10D770008300830083008300B8A59CBE8B42830096
:10D780008300830083008300F68C9CBE9484830016
:10D7900083008300830083008B429CBE9CBE8B422F
:10D7A00083008300830083008300F68C9CBE9CBEB4
:10D7B00094848B428300830083008300F68C9CBE9C
:10D7C0009CBE9CBE830083008300830083008B4249
:10D7D000F68CB8A583008300830083008300830058
:10D7E0008300830083008300830083008300830021
:10D7F0008300830083008300830083008300830011
:10D8000083008B429CBEB8A5830083008300830005
:10D81000830094849CBEF68C830083008300830085
:10D820008B429CBE9CBE8B42830083008B429484BF
:10D830009CBE9CBEF68C8300830083009CBE9CBE75
:10D840009CBEF68C8300830083008300B8A5F68C11
:10D850008B4283008300830083008300B8A5F68C8D
:10D860008B42830083008300830083009CBE9CBEA8
:10D870009CBEF68C83008300830083008B429484DB
:10D880009CBE9CBEF68C83008300830083008300D3
:10D890008B429CBE9CBE8B4283008300830083002E
:10D8A000830094849CBEF68C8300830083008300F5
:10D8B00083008B429CBEB8A5830083008300830055
:10D8C0008300830083008300830083008300830040
:10D8D000830083008300830048D90408BCDF040868
:10D8E00030E604089CDF040810E6040884EC040811
:10D8F000A4EC040818F304088CF9040800000508D7
:10D9000074060508F8F204086CF90408E0FF04083E
:10D9100054060508C80C05084A616E004665620099
:10D920004D617200417072004D6179004A756E0060
:10D930004A756C0041756700536570004F63740051
:10D940004E6F760044656300000000000000000098
:10D9500000000000000000001111000000000000A5
:10D9600000000000000000000000000000000000B7
:10D970000000000000000000000073CADEEDAC48AB
:10D980000100000000000000000000000000000096
:10D9900000000000000000000000000030D8FFFF81
:10D9A000FFFFFFFFAE0400000000000000000000C9
:10D9B0000000000000000000000000000000002047
:10D9C000F9FFEFBC7877CAFEFFBF0400000000003B
:10D9D0000000000000000000000000000000000047
:10D9E000000000F8FFAF260000000041E9FFAF0192
:10D9F0001000000000000000000000000000000017
:10DA0000000000000000B1FF9F02000000000000C5
:10DA100010E8FF0CE603000000000000000000001A
:10DA200000000000000000000030FDCF03000000F7
:10DA3000000000000010EA52FF1E0000000000007D
:10DA400000000000000000000000000000E3FF09EB
:10DA50000000000000000000000000F5FF060000CC
:10DA600000000000000000000000000000000000B6
:10DA700010FD6F000000000000000000000060FFCB
:10DA80005F00000000000000000000000000000037
:10DA900000000000B0FF06000000000000000000D1
:10DAA0000000F6FF251D000000000000000000003F
:10DAB0000000000000000000F89F000000000000CF
:10DAC000000000413460FF6FE0BF00000000000074
:10DAD000000000000000000000000020FF0C860095
:10DAE000000000000000C6FD2FF5FF0690FF0600B5
:10DAF0000000000000000000000000000000009096
:10DB0000FF03FB0A0000000000B1FFFF51FF5F00B0
:10DB100000FD0D00000000000000000000000000FB
:10DB2000000000F29F30FF9F0000000010FCFF2F5C
:10DB3000F5FF25AF01F66F000000000000000000B7
:10DB400000000000000000F82F40FFFF050000006B
:10DB500050EFFF52FF5FF2FF0AC0CF00000000004D
:10DB60000000000000000000000000FD0A40FFFF70
:10DB70001E000000B0FF2FF5FF15FEFFAF70FF0382
:10DB8000000000000000000000000000000030FF66
:10DB90000640FFFF8F000000B0FF52FF5FF3FFFF62
:10DBA0005C20FF07000000000000000000000000F3
:10DBB000000070EF0240FFFFDF010000C02FF5FF03
:10DBC000068777340000FC0B000000000000000016
:10DBD000000000000000A0CF0030FFFFFF08005051
:10DBE000FE52FF6F000000000000F90D0000000071
:10DBF00000000000000000000000C0BF0000FDFFAA
:10DC0000FF2F00F52FF5FF06000000000000F72EA3
:10DC10000000000000000000000000000000E18F94
:10DC20000000F9FFFFBF00FF51FF5F000000000090
:10DC30000000F44F000000000000000000000000A1
:10DC40000000E17F0000F3FFFFFF491FF5FF2504FF
:10DC5000000000000000F44F000000000000000081
:10DC6000000000000000E17F0000B0FFFFFFDF5276
:10DC7000FF5FF204000000000000F44F000000000D
:10DC800000000000000000000000E17F000010FE26
:10DC9000FFFF2FF5FF15FF04000000000000F44F08
:10DCA0000000000000000000000000000000C0AF05
:10DCB000000000D3FFFF52FF5FF1FFBF0000000034
:10DCC0000000F62F0000000000000000000000002F
:10DCD0000000B0CF00000000D62EF5FF25EFFEFFBC
:10DCE000090000000000F91D000000000000000015
:10DCF00000000000000080EF010000000050FF6FF6
:10DD00003004FBFF5F0000000000FB0B0000000080
:10DD10000000000000000000000040FF04000000C0
:10DD200000F6FF060010FEFFAF0000000010FE0826
:10DD3000000000000000000000000000000010FED5
:10DD40000900000060FF6F000060FFFFBF000000DF
:10DD50000050FF0400000000000000000000000070
:10DD6000000000FA1E000000F6FF060000D0FFFFD2
:10DD7000BF00000000B0DF00000000000000000055
:10DD800000000000000000F47F000060FF6F000052
:10DD900000F7FFFFBF00000000F47F00000000005C
:10DDA0000000000000000000000000B0EF0100F6DD
:10DDB000FF06000020FFFFFF5F00000000FB1E00C9
:10DDC0000000000000000000000000000000004013
:10DDD000FF0A60FF6F000000B0FFFFFF0D000000B2
:10DDE00060FF0800000000000000000000000000CC
:10DDF00000000000FA0EF6FF06000000F5FFFFFF2E
:10DE000006000000F2DF010000000000000000003A
:10DE10000000000000000000C152FF6F0000000081
:10DE2000FCFFFF7F00000010FD3F0000000000002D
:10DE300000000000000000000000000000F5FF06E8
:10DE400000000050FFFFFF09000000C1FF060000B6
:10DE500000000000000000000000000000000000C2
:10DE600060FF5F0000000080FFFF6D00000030FDDC
:10DE70009F00000000000000000000000000000003
:10DE800000000000F4FF259E000000D0FF8D01007F
:10DE90000000F6FF09000000000000000000000084
:10DEA0000000000000000000906FD0FF6D0000B186
:10DEB0006C00000000B4FF6F0000000000000000D4
:10DEC000000000000000000000000000000410FB43
:10DED000FF7C020000000010B6FFDF03000000001E
:10DEE0000000000000000000000000000000000032
:10DEF00000000060FDFFCF79444496EBFFEF18006F
:10DF00000000000000000000000000000000000011
:10DF1000000000000000000060FCFFFFFFFFFFFFAB
:10DF2000DF180000000000000000000000000000FA
:10DF30000000000000000000000000000030B7ED0D
:10DF4000FFFFDF8B04000000000000000000000065
:10DF500000000000000000000000000000000000C1
:10DF600000000020444412000000000000000000F7
:10DF700000000000000000000000000000000000A1
:10DF80000000000000000000000000000000000091
:10DF90000000000000000000000000008300A4005A
:10DFA000E50825116619A721C82909324A3A8B428A
:10DFB000AC42ED4A2E536F5BB063D16B00000000A2
:10DFC000000000000000000000000000111100002F
:10DFD0000000000000000000000000000000000041
:10DFE000000000000000000000000000000073CAF4
:10DFF000DEEDAC4801000000000000000000000061
:10E000000000000000000000000000000000000010
:10E0100020D8FFFFFFFFFFFFAE040000000000005C
:10E0200000000000000000000000000000000000F0
:10E0300000000020F9FFEFBC7877CAFEFFBF0400A4
:10E0400000000000000000000000000000000000D0
:10E0500000000000000000F7FFAF260000000041B4
:10E06000E9FFAF0100000000000000000000000018
:10E0700000000000000000000000B1FF9F0200004F
:10E080000000000010E7FF3D00000000000000005D
:10E090000000000000000000000000000030FDCF84
:10E0A00003000000000000000010FAFF050000005F
:10E0B0000000000000000000000000000000000060
:10E0C00000E3FF080000000000000000000060FF07
:10E0D0006F000000000000000000000000000000D1
:10E0E0000000000010FD6F000000000000000000B4
:10E0F000000000E3FF03000000000000000000003B
:10E100000000000000000000B0FF0600000000005A
:10E110000000000000000030FE1E000000000000B3
:10E12000000000000000000000000000F78F000069
:10E13000000000000000004134000001F5BF0000B5
:10E1400000000000000000000000000000000020AF
:10E15000FF0C8600000000000000C6FDFFAD0510AA
:10E1600090FF06000000000000000000000000001A
:10E1700000000090FF03FB0A0000000000B1FFFF59
:10E18000FFFFBF0400FD0D000000000000000000C4
:10E1900000000000000000F29F30FF9F0000000020
:10E1A00010FCFFFFFFFFFFAF01F66F000000000053
:10E1B0000000000000000000000000F82F40FFFFFA
:10E1C0000500000050FFFFFFFFFFFFFF0AC0CF0068
:10E1D000000000000000000000000000000000FD42
:10E1E0000A40FFFF1E000000B0FFFFFFFFFFFFFF20
:10E1F000AF70FF03000000000000000000000000FE
:10E20000000030FF0640FFFF8F000000B0FFFFFF5F
:10E21000FFFFFFFF5C20FF07000000000000000080
:10E2200000000000000070EF0240FFFFDF0100006F
:10E23000C0FF9C47647878340000FC0B00000000AD
:10E2400000000000000000000000A0CF0030FFFF31
:10E25000FF080060FEFF0600000000000000F90D4E
:10E260000000000000000000000000000000C0BF2F
:10E270000000FDFFFF2F00F6FFFF6F000000000011
:10E280000000F72E00000000000000000000000069
:10E290000000E18F0000F9FFFFBF10FEFFFFEF015C
:10E2A000000000000000F44F00000000000000002B
:10E2B000000000000000E17F0000F3FFFFFF49FFC6
:10E2C000FFFFFF04000000000000F44F000000000A
:10E2D00000000000000000000000E18F0000B0FF1F
:10E2E000FFFFDFFFFFFFFF03000000000000F44F0F
:10E2F0000000000000000000000000000000E17FBE
:10E30000000010FEFFFFFFFFFFFFFF040000000002
:10E310000000F44F000000000000000000000000BA
:10E320000000C0AF000000D2FFFFFFFBFFFFFFBFF8
:10E33000000000000000F62F0000000000000000B8
:10E34000000000000000B0CF00000000C6FF6D60BC
:10E35000FEDFFEFF090000000000F91D00000000C4
:10E360000000000000000000000080EF010000003D
:10E37000003300004104FBFF5F0000000000FB0BC6
:10E38000000000000000000000000000000050FF3E
:10E3900004000000000000000010FEFFAF000000BD
:10E3A0000010FE0800000000000000000000000057
:10E3B000000010FE09000000000000000060FFFFE8
:10E3C000BF0000000060FF0400000000000000002B
:10E3D00000000000000000FA1E0000000000000025
:10E3E00000D0FFFFBF00000000B0DF000000000011
:10E3F0000000000000000000000000F47F000000AA
:10E400000000000000F7FFFFBF00000000F47F00E5
:10E41000000000000000000000000000000000B04C
:10E42000EF0100000000000020FFFFFF6F00000070
:10E4300000FB1E00000000000000000000000000C3
:10E4400000000040FF0A000000000000B0FFFFFFD6
:10E450000D00000060FF0800000000000000000048
:10E460000000000000000000FA6F00000000000043
:10E47000F5FFFFFF06000000F2DF010000000000D2
:10E48000000000000000000000000000D1FF0300B9
:10E4900000000000FCFFFF7F00000000FD3F0000C7
:10E4A000000000000000000000000000000000006C
:10E4B00030FF3E0000000050FFFFFF09000000C0D9
:10E4C000FF06000000000000000000000000000047
:10E4D0000000000000F5EF0500000080FFFF6D0068
:10E4E000000020FD9F000000000000000000000070
:10E4F00000000000000000000060FF9F000000D04E
:10E50000FF8D01000000F6FF090000000000000080
:10E510000000000000000000000000000000E3FF19
:10E520006D0000B16C00100000B4FF6F000000002F
:10E5300000000000000000000000000000000000DB
:10E54000000010FBFF7C020000000010B6FFDF039C
:10E5500000000000000000000000000000000000BB
:10E560000000000000000060FDFFCF79444496EBFE
:10E57000FFEF0800000000000000000000000000A5
:10E5800000000000000000000000000060FCFFFF31
:10E59000FFFFFFFFDF170000000000000000000089
:10E5A000000000000000000000000000000000006B
:10E5B0000030B7EDFFFFDF8B04000000000000001B
:10E5C000000000000000000000000000000000004B
:10E5D0000000000000000020444412000000000081
:10E5E000000000000000000000000000000000002B
:10E5F000000000000000000000000000000000001B
:10E60000000000000000000000000000000000000A
:10E610008300E3004409C50926128712071B681B03
:10E62000C9234A24AB2C0C2D8C35ED356E3ECF3EE4
:10E6300000000000000000000000000000000000DA
:10E6400011110000000000000000000000000000A8
:10E6500000000000000000000000000000000000BA
:10E66000000042657777672400000000000000008A
:10E67000000000000000000000000000000000009A
:10E68000000000001074888888888888570200007D
:10E69000000000000000000000000000000000007A
:10E6A00000000000000000108588886744446587EA
:10E6B0008868020000000000000000000000000068
:10E6C00000000000000000000000008488681300C3
:10E6D00000000021758858000000000000000000C4
:10E6E0000000000000000000000000000000608842
:10E6F000580100000000000010748827000000008E
:10E700000000000000000000000000000000000009
:10E7100000108768020000000000000000108588DB
:10E7200003000000000000000000000000000000E6
:10E7300000000000008188050000000000000000CB
:10E7400000003088380000000000000000000000D9
:10E7500000000000000000000087380000000000FA
:10E76000000000000000008288020000000000009D
:10E7700000000000000000000000000060880300AE
:10E7800000000000000000000000002088170000CA
:10E790000000000000000000000000000000000079
:10E7A000845800000000000000000020220000004B
:10E7B000836800000000000000000000000000006E
:10E7C000000000108807430000000000000063877D
:10E7D000885703005088030000000000000000007C
:10E7E00000000000000000508802860500000000C4
:10E7F00000608888888868020087070000000000A1
:10E80000000000000000000000000081581088583F
:10E8100000000000008688888888885800833800B7
:10E820000000000000000000000000000000008464
:10E8300018208888030000003088888888888888A5
:10E8400005706800000000000000000000000000EB
:10E8500000000087062088881700000060888888EC
:10E860008888888858408802000000000000000066
:10E870000000000000002088032088884800000075
:10E88000608888888888888836108804000000009E
:10E89000000000000000000000004088012088887F
:10E8A0007800000060885724324434120000860645
:10E8B0000000000000000000000000000000507890
:10E8C000001088888804003087880300000000005A
:10E8D00000008507000000000000000000000000AC
:10E8E00000006068000087888818008388883800E6
:10E8F000000000000000841800000000000000007C
:10E9000000000000000071480000858888680088C9
:10E9100088887800000000000000822800000000C5
:10E920000000000000000000000071480000818825
:10E9300088882588888888020000000000008228D6
:10E9400000100100000000000000000000007148FD
:10E950000000608888887888888888020000000025
:10E9600000008238DBFEEFBD09000000000000005F
:10E97000000071480000108888888888888888028C
:10E9800000000000000082FDFFFFFFFFCF0000003D
:10E990000000000000007058000000718888888620
:10E9A00088888868000000000000E3FFFFFFFFFF89
:10E9B000FF9E0000000000000000606800000000F2
:10E9C0007388373087788788050000000000FEFFD5
:10E9D000FFFFFFFFFFFF090000000000000040787C
:10E9E00001000000001100002002868828000000BD
:10E9F00000D0FFFFFFFFFFFFFFFF9E0000000000B1
:10EA0000000020880200000000000000000087884D
:10EA10006800000000FBFFFFFF0BA0FFFFFFDF000F
:10EA2000000000000000008705000000000000005A
:10EA3000003088886800000090FFFFFFFF0900FE9B
:10EA4000FFFFFF0A00000000000000851700000023
:10EA5000000000000070888868000000B0FFFFFF21
:10EA6000DF9009FCFFFFFF0C0000000000000082A7
:10EA70004800000000000000008488886800000052
:10EA8000D0FFFFFFCFC00BFAFFFFFF0E000000001A
:10EA900000000060780100000000000010888888F5
:10EAA00038000000E0FFFFFFAFD00DF9FFFFFF9F30
:10EAB00000000000000000208805000000000000A9
:10EAC0006088888807000000F0FFFFFF0EE00ED08E
:10EAD000FFFFFFAF000000000000000085380000CD
:10EAE000000000008388888803000000F9FFFFFF12
:10EAF0000CFAAFB0FFFFFFAF000000000000000005
:10EB0000708802000000000086888848000000002D
:10EB1000F7FFFFFF0ADBAD90FFFFFFAF0000000033
:10EB20000000000020882800000000208888880558
:10EB300000000060E8FFFFFF01000000FEFFFF0E85
:10EB40000000000000000000008388030000004077
:10EB50008888370000001087D8FFFFDF90CCBC0901
:10EB6000FCFFFF0D0000000000000000003088588E
:10EB700000000070884700000000838895FFFFBFF9
:10EB8000B0FFFF0AF9FFFF0A0000000000000000CC
:10EB9000000072883700006036000000006288388C
:10EBA00000FCFFBFDAFFFFADFAFFEF00000000003E
:10EBB00000000000000010868847010000000010DF
:10EBC0006388780200E0FFFFFFFFFFFFFFFFAF0059
:10EBD0000000000000000000000000308788684549
:10EBE00022225376887804000090FFFFFFFFFFFF8A
:10EBF000FFFF0B000000000000000000000000000C
:10EC00003086888888888888781400000000E9FFAA
:10EC1000FFFFFFFFFFBF000000000000000000003A
:10EC20000000000000206487888878460200000009
:10EC3000000090FDFFFFFFFFEF0A00000000000052
:10EC4000000000000000000000000010222201006F
:10EC500000000000000000A0ECFFFFDE0B00000041
:10EC600000000000000000000000000000000000A4
:10EC700000000000000000000000000000A9AA0041
:10EC800000000000830044090612C71AA9236A2461
:10EC90002C2D0D36CF3E2321E349A46A449305B4BD
:10ECA000C5DC85FD00000000000000000000000041
:10ECB0000000000000000000000000000000000054
:10ECC0000000000000000000000000000000000044
:10ECD0000000000000000000007358000000000069
:10ECE0000000000000000000000000000000000024
:10ECF00000000000000000000000000090FFFF1C6A
:10ED00000000000000000000000000000000000003
:10ED100000000000000000000000000000000000F3
:10ED2000F9FFFECF0100000000000000000000001D
:10ED300000000000000000000000000000000000D3
:10ED400000000030FF2B91FF0700000000000000D2
:10ED500000000000000000000000000000000000B3
:10ED60000000000000000070FF0200FD0B0000002A
:10ED70000000000000000000000000000000000093
:10ED8000000000000000000000000070EF0100FB28
:10ED90000B00000000000000000000000000000068
:10EDA00000000000000000000000000000000070F3
:10EDB000EF0100FB0B00000000000000000000005D
:10EDC0000000000000000000000000000000000043
:10EDD00000000070EF0100FB0B00000000000000CD
:10EDE0000000000000000000000000000000000023
:10EDF0000000000000000070EF0100FB0B000000AD
:10EE00000000000000000000000000000000000002
:10EE1000000000000000000000000070EF0100FB97
:10EE20000B000000000000000000000000000000D7
:10EE30000000000000000000000000000000007062
:10EE4000EF0100FB0B0000000000000000000000CC
:10EE500000000000000000000000000000000000B2
:10EE600000000070EF0100FB0B000000000000003C
:10EE70000000000000000000000000000000000092
:10EE80000000000000000070EF0100FB0B0000001C
:10EE90000000000000000000000000000000000072
:10EEA000000000000000000000000070EF0100FB07
:10EEB0000B00000000000000000000000000000047
:10EEC00000000000000000000000000000000070D2
:10EED000EF0100FB0B00000000000000000000003C
:10EEE0000000000000000000000000000000000022
:10EEF00000000070EF0100FB0B00000000000000AC
:10EF00000000000000000000000000000000000001
:10EF10000000000000000070EF0100FB0B0000008B
:10EF200000000000000000000000000000000000E1
:10EF3000000000000000000000000070EF0100FB76
:10EF40000B000000000000000000000000000000B6
:10EF50000000000000000000000000000000007041
:10EF6000EF0100FB0B0000000000000000000000AB
:10EF70000000000000000000000000000000000091
:10EF800000000070EF0100FB0B000000000000001B
:10EF90000000000000000000000000000000000071
:10EFA0000000000000000070EF0100FB0B000000FB
:10EFB0000000000000000000000000000000000051
:10EFC000000000000000000000000070EF0100FBE6
:10EFD0000B00000000000000000000000000000026
:10EFE00000000000000000000000000000000070B1
:10EFF000EF0100FB0B00000000000000000000001B
:10F000000000000000000000000000000000000000
:10F0100000000070EF5107FB0B0000000000000033
:10F0200000000000000000000000000000000000E0
:10F030000000000000000080DFF8AFFA0B000000C5
:10F0400000000000000000000000000000000000C0
:10F05000000000000000000000000070EFFFFFFE55
:10F060000B00000000000000000000000000000095
:10F07000000000000000000000000000000000B0E0
:10F08000FFFFFFFF0C000000000000000000000078
:10F090000000000000000000000000000000000070
:10F0A000000010FCFFFFFFFFCF0100000000000088
:10F0B0000000000000000000000000000000000050
:10F0C000000000000000A0FFFFFFFFFFFF0A00009C
:10F0D0000000000000000000000000000000000030
:10F0E00000000000000000000000F4FFFFFFFFFF31
:10F0F000FF4F0000000000000000000000000000C2
:10F100000000000000000000000000000000FBFF05
:10F11000FFFFFFFFFFBF0000000000000000000035
:10F1200000000000000000000000000000000000DF
:10F130000010FEFFFFFFFFFFFFEF010000000000D7
:10F1400000000000000000000000000000000000BF
:10F15000000000000040FFFFFFFFFFFFFFFF040073
:10F16000000000000000000000000000000000009F
:10F1700000000000000000000040FFFFFFFFFFFF55
:10F18000FFFF04000000000000000000000000007D
:10F190000000000000000000000000000030FFFF41
:10F1A000FFFFFFFFFFFF0300000000000000000062
:10F1B000000000000000000000000000000000004F
:10F1C0000000FDFFFFFFFFFFFFDF00000000000069
:10F1D000000000000000000000000000000000002F
:10F1E000000000000000F9FFFFFFFFFFFF9F00008D
:10F1F000000000000000000000000000000000000F
:10F2000000000000000000000000F2FFFFFFFFFF11
:10F21000FF2F0000000000000000000000000000C0
:10F22000000000000000000000000000000070FF6F
:10F23000FFFFFFFFFF0700000000000000000000CC
:10F2400000000000000000000000000000000000BE
:10F25000000000F9FFFFFFFF9F000000000000001A
:10F26000000000000000000000000000000000009E
:10F270000000000000000050FEFFFFEF050000004E
:10F28000000000000000000000000000000000007E
:10F2900000000000000000000000000050BAAB05B4
:10F2A000000000000000000000000000000000005E
:10F2B000000000000000000000000000000000004E
:10F2C000000000000000000000000000000000003E
:10F2D000000000000000000000000000000000002E
:10F2E000000000000000000000000000000000001E
:10F2F00000000000000000008300A400E5082511C4
:10F300006619A721C82909324A3A8B42AC42ED4A14
:10F310002E536F5BB063D16B000000000000000053
:10F3200000000000000000000000000000000000DD
:10F3300000000000000000000000000000000000CD
:10F3400000000000000000000000000000000100BC
:10F3500000000000000000000000000000000000AD
:10F36000000000000000000000000000000000009D
:10F370000010060000000000000000000000000077
:10F38000000000000000000000000000000000007D
:10F390000000000000204800000000000000000005
:10F3A000000000000000000000000000000000005D
:10F3B000000000000000000000208809000000009C
:10F3C000000000000000000000000000000000003D
:10F3D000000000000000000000000000004088075E
:10F3E000000000000000000000000000000000001D
:10F3F000000000000000000000000000000000000D
:10F4000000408858000000000000000000000000DC
:10F4100000000000000000000000000000000000EC
:10F42000000000000040888802000000000000008A
:10F4300000000000000000000000000000000000CC
:10F440000000000000000000006088880700000045
:10F4500000000000000000000000000000000000AC
:10F46000000000000000000000000000006088882C
:10F470004800000000000000000000000000000044
:10F48000000000000000000000000000000000007C
:10F490000070888878000000000000000000000074
:10F4A000000000000000000000000000000000005C
:10F4B0000000000000818888880200000000000031
:10F4C000000000000000000000000000000000003C
:10F4D00000000000000000250084888888060000E5
:10F4E000000000000000000000000000000000001C
:10F4F000000000000000000000002048008688880E
:10F50000881800000000000000000000000000005B
:10F510000000000000000000000000000000706813
:10F520002088888888480000000000000000000053
:10F5300000000000000000000000000000000000CB
:10F5400000008488508888888878000000000000C7
:10F5500000000000000000000000000000000000AB
:10F56000000000000010888873888888888802005E
:10F57000000000000000000000000000000000008B
:10F58000000000000000000000408888878888880C
:10F590008888050000000000000000000000000056
:10F5A00000000000000000000000000000608888EB
:10F5B00088F88F888888060000000000000000009E
:10F5C000000000000000000000000000000000003B
:10F5D0000081888888F8EF8888881800000000007B
:10F5E000000000000000000000000000000000001B
:10F5F000000000000082888888FFFF888888280033
:10F6000000000000000000000000000000000000FA
:10F61000000000000000000000848888E8FFFF8FE1
:10F620008888480000000000000000000000000082
:10F630000000000000000000000000000086888834
:10F64000F8FFFF8F888868000000000000000000BD
:10F6500000000000000000000000000000000000AA
:10F6600000878888FFFFFFFF88887800000000007F
:10F67000000000000000000000000000000000008A
:10F6800000000000208888E8FFFFFFFF8E888802C6
:10F69000000000000000000000000000000000006A
:10F6A0000000000000000000208888F8FFFFFFFF36
:10F6B0008F888802000000000000000000000000A9
:10F6C000000000000000000000000000008888F832
:10F6D000FFFFFFFF8F88880000000000000000008F
:10F6E000000000000000000000000000000000001A
:10F6F000008788F8FFFFFFFF8F8878000000000078
:10F7000000000000000000000000000000000000F9
:10F7100000000000008688F8FFFFFFFF8F88680068
:10F7200000000000000000000000000000000000D9
:10F730000000000000000000008588F8FFFFFFFFC8
:10F740008F8858000000000000000000000000004A
:10F75000000000000000000000000000008488F8A5
:10F76000FFFFFFFF8F88480000000000000000003E
:10F770000000000000000000000000000000000089
:10F78000008488FEFFFFFFFFEF88480000000000B4
:10F790000000000000000000000000000000000069
:10F7A00000000000008288F8FFFFFFFF8F8828001C
:10F7B0000000000000000000000000000000000049
:10F7C0000000000000000000006088E8FFFFFFFF6D
:10F7D0008E8806000000000000000000000000000D
:10F7E00000000000000000000000000000208888E9
:10F7F000FFFFFFFF888802000000000000000000FB
:10F8000000000000000000000000000000000000F8
:10F8100000008588FEFFFFEF885800000000000010
:10F8200000000000000000000000000000000000D8
:10F830000000000000007188F8FFFF8F88170000AB
:10F8400000000000000000000000000000000000B8
:10F85000000000000000000000003088E8FFFF8E7C
:10F86000880300000000000000000000000000000D
:10F870000000000000000000000000000000008701
:10F8800088EEEE8878000000000000000000000014
:10F890000000000000000000000000000000000068
:10F8A00000000051878888881500000000000000D3
:10F8B0000000000000000000000000000000000048
:10F8C00000000000000000004187781400000000E4
:10F8D0000000000000000000000000000000000028
:10F8E00000000000000000000000000000301400D4
:10F8F0000000000000000000000000000000000008
:10F9000000000000000000000000000000000000F7
:10F9100000000000000000000000000000000000E7
:10F9200000000000000000000000000000000000D7
:10F9300000000000000000000000000000000000C7
:10F9400000000000000000000000000000000000B7
:10F9500000000000000000000000000000000000A7
:10F960000000000000000000000000008300C32031
:10F9700023418361E481449AA4BAE5DA45FB63211B
:10F98000244A056BE593C6B4A7DD87FE000000009E
:10F990000000000000000000000000000000000067
:10F9A0000000000000000000000000000000000057
:10F9B0000000000000000000000000000000000047
:10F9C0000000000000000000000000000000000037
:10F9D0000000000000000000000000000000000027
:10F9E0000000000000000000000000000000000017
:10F9F0000000000000000000000000000000000007
:10FA000000000000006445010000000020642500A3
:10FA100000000000000000000000000000000000E6
:10FA20000000000000000000728888010000000053
:10FA30003088880500000000000000000000000081
:10FA400000000000000000000000004088886800FE
:10FA5000000000001088886802000000000000001C
:10FA60000000000000000000000000000000007026
:10FA7000888858210000002114878888050000002C
:10FA80000000000000000000000000000000000076
:10FA900000000081888828834700008628848888A1
:10FAA000070000000000000000000000000000004F
:10FAB00000000000000000105387588648000085B1
:10FAC0005885884602000000000000000000000089
:10FAD0000000000000000000000000001171888894
:10FAE0001800008288881600000000000000000056
:10FAF0000000000000000000000000000000000006
:10FB000084778888060000818888562800000000D5
:10FB100000000000000000000000000000000000E5
:10FB20000000000086888888040000608888884873
:10FB300000000000000000000000000000000000C5
:10FB40000000000000000000648888880200003087
:10FB500088888848000000000000000000000000C5
:10FB60000000000000000000000000000031758867
:10FB7000050000508878240000000000000000000C
:10FB80000000000000000000000000000000000075
:10FB900000001088280000827801000000000000AA
:10FBA0000000000000000000000000000000000055
:10FBB000000000000000008468000086480000008B
:10FBC0000000000000000000000000000000000035
:10FBD0000000000000002001000000708803308851
:10FBE00007000000100200000000000000000000FC
:10FBF000000000000000000010008107000000303D
:10FC000088077088030000007018000100000000E1
:10FC10000000000000000000000000007301886880
:10FC200000000000864884680000000086881037C5
:10FC30000000000000000000000000000000003094
:10FC4000881882880600000081FEEF18000000601E
:10FC500088288188030000000000000000000000E8
:10FC6000000000408888738878444444D4FFFF2E05
:10FC700022222286882588880400000000000000D7
:10FC800000000000000000408888888888888888F4
:10FC9000F8FFFF8F88888888888888880600000099
:10FCA00000000000000000000000004088888888F4
:10FCB00088888888F8FFFF8F88888888888888885F
:10FCC00006000000000000000000000000000030FE
:10FCD0008888548878444444D4FFFF6F66666687FA
:10FCE000885888880600000000000000000000001E
:10FCF00000000010872871882800000060FFFF289E
:10FD000000000060883871880300000000000000D7
:10FD1000000000000000000073028668010000007F
:10FD20008378857800000000858800570000000077
:10FD3000000000000000000000000000100081072B
:10FD40000000000087387088040000005028000080
:10FD500000000000000000000000000000000000A3
:10FD600000002001000000408806308817000000D5
:10FD70000002000000000000000000000000000081
:10FD800000000000000000000000008188020086E2
:10FD9000580000000000000000000000000000000B
:10FDA00000000000000000000000000000001086BD
:10FDB00058000082880200000000000000000000DF
:10FDC0000000000000000000000000000000000033
:10FDD0000042878818000050885813000000000077
:10FDE0000000000000000000000000000000000013
:10FDF00000000000848888880400002088888846E5
:10FE000000000000000000000000000000000000F2
:10FE10000000000000000000848888880500004081
:10FE200088888868000000000000000000000000D2
:10FE300000000000000000000000000082458888EB
:10FE4000180000608888774800000000000000006B
:10FE500000000000000000000000000000000000A2
:10FE60001051888828000081888817110000000040
:10FE70000000000000000000000000000000000082
:10FE800000000020648888875800008468857835E1
:10FE90000100000000000000000000000000000061
:10FEA000000000000000007088885882680000741C
:10FEB0003882888818000000000000000000000060
:10FEC0000000000000000000000000508888684129
:10FED0001200000012858888070000000000000062
:10FEE00000000000000000000000000000000020F2
:10FEF00085888801000000000086888804000000D2
:10FF000000000000000000000000000000000000F1
:10FF10000000000050888803000000001088882737
:10FF200000000000000000000000000000000000D1
:10FF30000000000000000000006246020000000017
:10FF40001054460000000000000000000000000007
:10FF500000000000000000000000000000000000A1
:10FF60000000000000000000000000000000000091
:10FF70000000000000000000000000000000000081
:10FF80000000000000000000000000000000000071
:10FF90000000000000000000000000000000000061
:10FFA0000000000000000000000000000000000051
:10FFB0000000000000000000000000000000000041
:10FFC0000000000000000000000000000000000031
:10FFD0000000000000000000000000000000000021
:10FFE00083002609EA11AD1A71233524D82C9C35DB
:10FFF0005F3E87198B3A8F5B937C979D9BBE9FDFFB
:020000040805ED
:1000000000000000000000000000000000000000F0
:1000100000000000000000000000000000000000E0
:10002000000000000000107C77777777777777778C
:100030007777777777777777777777777777777750
:1000400077777777C70B00000000FDFFFFFFFFFF0A
:10005000FFFFFFFFFFFFFFFFFFFFFFFFFFFFFFFFB0
:10006000FFFFFFFFFFFFFFFFFFEF010000E0FFFFCB
:10007000FFFFFFFFFFFFFFFFFFFFFFFFFFFFFFFF90
:10008000FFFFFFFFFFFFFFFFFFFFFFFFFFFFBF00BF
:1000900000FD8F0B000000000000000000000000C9
:1000A00000B0550B00000000000000000000000040
:1000B00010FDEF0010FF080000000000000000002D
:1000C00000000000002055040000000000000000B7
:1000D0000000000000C0FF0CC0FF0B00000000008B
:1000E0000000000000000000003055350000000056
:1000F00000000000000000000000FE0D70FF000086
:100100000000000000000000000000000030555515
:100110000100000000000000000000000000FE0ED2
:1001200070FF000000000000000000000000000060
:1001300000405555040000000000000000000000D1
:100140000000FE0E70FF0000000000000000000034
:100150000000000000405555350000000000000080
:10016000000000000000FE0E70FF00000000000014
:100170000000000000000000004055555500000040
:1001800000000000000000000000FE0E70FF0000F4
:100190000000000000000000000000000051555564
:1001A000550B000000000000000000000000FE0EE3
:1001B00070FF0000000000000000000000000013BD
:1001C00000525555550400000000000000000000DA
:1001D0000000FE0E70FF00000000000000000000A4
:1001E0000000102500545555551500000000000072
:1001F000000000000000FE0E70FF00000000000084
:1002000000000000000040451055555555350000D0
:1002100000000000000000000000FE0E70FF000063
:1002200000000000000000000000535530555555F7
:100230005545000000000000000000000000FE0E18
:1002400070FF000000000000000000000010555585
:1002500042555555555501000000000000000000B2
:100260000000FE0E70FF0000000000000000000013
:1002700000305555545555555555030000000000A4
:10028000000000000000FE0E70FF000000000000F3
:10029000000000000040555555F55A5555550400CD
:1002A00000000000000000000000FE0E70FF0000D3
:1002B00000000000000000000050555555AFFA55F1
:1002C0005555050000000000000000000000FE0E73
:1002D00070FF0000000000000000000000515555B4
:1002E00055AAAA5555551500000000000000000051
:1002F0000000FE0E70FF0000000000000000000083
:1003000000535555F5AAAA5F555535000000000069
:10031000000000000000FE0E70FF00000000000062
:100320000000000000545555A5AAAAFA55554500ED
:1003300000000000000000000000FE0E70FF000042
:10034000000000000000000000545555AAAAAAAA07
:100350005555450000000000000000000000FE0EA2
:1003600070FF00000000000000000000105555F56F
:10037000AAAAAAAA5F5555010000000000000000CB
:100380000000FE0E70FF00000000000000000000F2
:10039000105555F5AAAAAAAA5F55550100000000FC
:1003A000000000000000FE0E70FF000000000000D2
:1003B00000000000005555A5AAAAAAAA5A55550042
:1003C00000000000000000000000FE0E70FF0000B2
:1003D0000000000000000000005455A5AAAAAAAA27
:1003E0005A55450000000000000000000000FE0E0D
:1003F00070FF00000000000000000000005455A540
:10040000AAAAAAAA5A554500000000000000000050
:100410000000FE0E70FF0000000000000000000061
:10042000005355A5AAAAAAAA5A55350000000000F3
:10043000000000000000FE0E70FF00000000000041
:1004400000000000005355A5AAAAAAAA5A553500D3
:1004500000000000000000000000FE0E70FF000021
:100460000000000000000000005255AFAAAAAAAA8E
:10047000FA55250000000000000000000000FE0EFC
:1004800070FF00000000000000000000005155A5B2
:10049000AAAAAAAA5A5515000000000000000000F0
:1004A0000000FE0E70FF00000000000000000000D1
:1004B000004055F5AAAAAAAA5F5504000000000052
:1004C000000000000000FE0E70FF000000000000B1
:1004D0000000000000105555AAAAAAAA555501000F
:1004E00000000000000000000000FE0E70FF000091
:1004F000000000000000000000005355AFAAAAFA57
:100500005535000000000000000000000000FE0E55
:1005100070FF0000000000000000000000005055C7
:10052000A5AAAA5A5505000000000000000000001E
:100530000000FE0E70FF0000000000000000000040
:1005400000002055F5AAAA5F550200000000000037
:10055000000000000000FE0EC0FF010000000000CF
:10056000000000000000005455FFFF55450000004A
:1005700000000000000000000000FE0DB0FF0D00B4
:1005800000000000000000000000003155555555E6
:100590001300000000000000000000000060FF0CDD
:1005A00000FECF000000000000000000000000007E
:1005B0002054451200000000000000000000000070
:1005C00000F6FF0000F1FFEEEEEEEEEEEEEEEEEEE8
:1005D000EEEEEEEE8EFEEF88EEEEEEEEEEEEEEEEF0
:1005E000EEEEEEEEEEFFCF0000B0FEFFFFFFFFFFEE
:1005F000FFFFFFFFFFFFFFFFAFFFFFFAFFFFFFFF60
:10060000FFFFFFFFFFFFFFFFFF9F0C000000C0ED9B
:10061000EEEEEEEEEEEEEEEEEEEEEEEEEEEEEEEEFA
:10062000EEEEEEEEEEEEEEEEEEEEEEEEDE0C0000B8
:1006300000000000000000000000000000000000BA
:1006400000000000000000000000000000000000AA
:100650000000000083000331A361249AC4CA45FB53
:10066000A431E562259C46CD87FE83318462849B5C
:1006700085CC85FD000000000000000000000000A7
:10068000000000000000000000000000000000006A
:1006900000000000000000000000B0CCCCCCCCCCAE
:1006A000CCCCCCCCCCCCCCCCCCCCCCCCCCCCCCCC8A
:1006B000CCCCCCCCCCCCCCCCCC0B00000000FDFF07
:1006C000FFFFFFFFFFFFFFFFFFFFFFFFFFFFFFFF3A
:1006D000FFFFFFFFFFFFFFFFFFFFFFFFFFEF0B002D
:1006E00000E0FFFFFFFFFFFFFFFFFFFFFEFFFFFF39
:1006F000FFFFFFFFFFFFFFFEFFFFFFFFFFFFFFFF0B
:10070000FFFFBF0000FDDF0B000000000000000045
:10071000465555010000000020555503000000001B
:1007200000000000B0FDEF00B0FF0D000000000071
:1007300000000020555545000000000000555545BB
:10074000010000000000000000C0FF0CC0FF0B0013
:10075000000000000000004055553510000000204A
:100760001354555503000000000000000000FE0D6A
:10077000D0FF000000000000000000515555155248
:1007800025000054155355550400000000000000DA
:100790000000FE0EC0FF000000000000000000107E
:1007A00032553554250000533553553401000000AF
:1007B000000000000000FE0EC0FF0000000000006E
:1007C000000000001041555515000051555514000A
:1007D00000000000000000000000FE0EC0FF00004E
:1007E0000000000000000000535455550400005064
:1007F0005555331500000000000000000000FE0EFB
:10080000C0FF0000000000000000000054555555D6
:100810000300004055555525000000000000000071
:100820000000FE0EC0FF00000000000000000000FD
:100830004355555501000020555555350000000021
:10084000000000000000FE0EC0FF000000000000DD
:1008500000000000002153550300003055451300EF
:1008600000000000000000000000FE0EC0FF0000BD
:1008700000000000000000000000105515000051AD
:100880005501000000000000000000000000FE0E06
:10089000C0FF000000000000000000000000005346
:1008A000450000542500000000000000000000008A
:1008B0000000FE0EC0FF000000000000000010005D
:1008C0000000005055022055040000000001000007
:1008D000000000000000FE0EC0FF0000000000004D
:1008E00000005104000000205505405502000000A2
:1008F00040150000000000000000FE0EC0FF0000D8
:1009000000000000520155450000000054355245DA
:100910000000000054551025000000000000FE0EED
:10092000C0FF0000000000205515515504000000D4
:1009300051A99A15000000405525515502000000AC
:100940000000FE0EC0FF000000000030555542556B
:100950004532333292AAAA19111111545513555523
:10096000020000000000FE0EC0FF0000000000209A
:100970005555555555555555A5AAAA5A5555555528
:1009800055555555040000000000FE0EC0FF000044
:10099000000000305555555555555555A5AAAA5A2C
:1009A0005555555555555555040000000000FE0E8F
:1009B000C0FF00000000002055553255553233323B
:1009C00082AAAA4A444444545535555504000000AF
:1009D0000000FE0EC0FF000000000010552541552C
:1009E0001500000040AAAA150000004055254155F9
:1009F000020000000000FE0EC0FF0000000000002A
:100A000052015445010000005245534500000000CA
:100A100053550034000000000000FE0EC0FF00002F
:100A20000000000000005004000000005525405563
:100A30000200000030150000000000000000FE0E63
:100A4000C0FF0000000000000000100000000030A7
:100A500055042055050000000001000000000000C2
:100A60000000FE0EC0FF00000000000000000000BB
:100A70000000005155010054350000000000000046
:100A8000000000000000FE0EC0FF0000000000009B
:100A90000000000000001053350000515501000017
:100AA00000000000000000000000FE0EC0FF00007B
:100AB0000000000000000000003154551500003017
:100AC0005535120000000000000000000000FE0E7E
:100AD000C0FF000000000000000000005355555505
:100AE00003000010555555340000000000000000C0
:100AF0000000FE0EC0FF000000000000000000002B
:100B0000525555550300003055555545000000001D
:100B1000000000000000FE0EC0FF0000000000000A
:100B2000000000005133555505000040555545352E
:100B300000000000000000000000FE0EC0FF0000EA
:100B40000000000000000000003055551500005165
:100B50005555150100000000000000000000FE0EC9
:100B6000C0FF000000000000000000104355555475
:100B700035000052455355230100000000000000DD
:100B80000000FE0EC0FF000000000000000000405A
:100B90005555355145000052255155551500000059
:100BA000000000000000FE0EC0FF0000000000007A
:100BB00000000030555545300200000001535555E6
:100BC00004000000000000000000FE0EC0FF0B004B
:100BD0000000000000000010535555000000000008
:100BE0000054555503000000000000000000FE0DF9
:100BF000B0FF0D000000000000000000305555025D
:100C00000000000010555514000000000000000016
:100C100000B0FF0C00FECF0000000000000000004C
:100C200000413401000000001032230000000000E9
:100C30000000000000FBFF0000FBFFEEEEEEEEEE1A
:100C4000EEEEEEEEEEEEDEEEEEEEEEEEEEEDDEEEE5
:100C5000EEEEEEEEEEEEEEEEEEFFCF0000B0FEFFBB
:100C6000FFFFFFFFFFFFFFFFFFFFFFFFFFFFFFFF94
:100C7000FFFFFFFFFFFFFFFFFFFFFFFFFFFF0C0076
:100C80000000C0EDEEEEEEEEEEEEEEEEEEEEEEEE8F
:100C9000EEEEEEEEEEEEEEEEEEEEEEEEEEEEEEEE74
:100CA000DE0C00000000000000000000000000005A
:100CB0000000000000000000000000000000000034
:100CC00000000000000000008300A809CE1AF423F1
:100CD0003A355F3EE8294E53D4843AAE9FDF8331E4
:100CE0008462849B85CC85FD00000000000000002C
:100CF00000000000000000000000000000000000F4
:100D000000000000000000000000000000000000E3
:100D100000000000000000000000000000000000D3
:100D200000000000000000000000000000000000C3
:100D300000000000000000000000000000000000B3
:100D400000000000000000000000000000000000A3
:100D50000000000000000000000000000000000093
:100D60000000000000000000000000000000000083
:100D70000000000000000000000000000000000073
:100D80000000000000000000000000000000000063
:100D90000000000000000000000000000000000053
:100DA0000000000000000000000000000000000043
:100DB0000000000000000000000000000000000033
:100DC0000000000000000000000000000000000023
:100DD00010100101000000000000000000000000F1
:100DE0000000000000000000000000000000000003
:100DF00000204365767777786634120000000000A3
:100E000000000000000000000000000000000000E2
:100E100000000020648788888888888888888856A9
:100E200002000000000000000000000000000000C0
:100E300000000000000042878888888878777787DC
:100E400088888888782500000000000000000000E5
:100E500000000000000000000063888888684523C7
:100E60000211111022547688888847010000000082
:100E70000000000000000000000000007288887878
:100E8000350100000000000000001042868888380C
:100E90000000000000000000000000000000005101
:100EA00088884702000000000000000000000000E9
:100EB0001074888826000000000000000000000078
:100EC00000003087883701000000000000000000AB
:100ED000000000000000628888040000000000009C
:100EE00000000000000084884800000000000000AE
:100EF000000000000000000000000073885800009F
:100F000000000000000000000050886801000000A0
:100F100000000000000000000000000000000000D1
:100F2000858807000000000000000000008488049D
:100F300000000000000000000000000000000000B1
:100F40000000000030886800000000000000000081
:100F500030883800000000000000000000000000A1
:100F60000000000000000000008288040000000073
:100F70000000000071880500000000000000000073
:100F80000000000000000000000000000030882881
:100F90000000000000000000856800000000000064
:100FA0000000000000000000000000000000000041
:100FB0000000857800000000000000108828000074
:100FC0000000000000000000000000000000000021
:100FD00000000000000070880200000000000030E7
:100FE0008806000000000000000000000000000073
:100FF0000000000000000000000040880500000024
:101000000000005088030000000000000000000005
:101010000000000000000000000000000000108838
:1010200007000000000000708801000000000000C0
:1010300000000000000000000000000000000000B0
:1010400000000087280000000000008178000000F8
:10105000000000000000000000C9BC00000000000B
:10106000000000000000008538000000001020880B
:1010700016010000000000000000000000FAEF0070
:101080000000000000000000000010318806010090
:1010900000FBFEFFEFDF000000000000000000008A
:1010A00000FADF0000000000000000000000FBFE6E
:1010B000FFEFDF0000FCFFFFFFDF0000000000008B
:1010C0000000000000FADF00000000000000000047
:1010D0000000FCFFFFFFDF0000FBFFFFFFDF000061
:1010E000000000000000000000FADF000000000027
:1010F000000000000000FBFFFFFFDF0000FCFFFF1F
:10110000FFDF0000000000000000000000FADF0028
:1011100000000000000000000000FCFFFFFFDF00F7
:1011200000FCFFFFFFDF00000000000000000000E7
:1011300000FADF0000000000000000000000FCFFDB
:10114000FFFFDF0000FCFFFFFFDF000000000000EA
:101150000000000000FADF000000000000000000B6
:101160000000FCFFFFFFDF0000FCFFFFFFDF0000CF
:10117000000000000000000000FADF000000000096
:10118000000000000000FCFFFFFFDF0000FCFFFF8D
:10119000FFDF0000000000000000000000FADF0098
:1011A00000000000000000000000FCFFFFFFDF0067
:1011B00000FCFFFFFFDF0000000000000000000057
:1011C0000BF9DFB00A000000000000000000FCFF87
:1011D000FFFFDF0000FCFFFFFFDF0000000000005A
:1011E000000000B0DFFADFFA1E000000000000007F
:1011F0000000FCFFFFFFDF0000FCFFFFFFDF00003F
:1012000000000000000000F1FFFFFFFFBF00000032
:10121000000000000000FCFFFFFFDF0000FBFFFFFD
:10122000FFDF00000000000000000090FFFFFFFF54
:101230000C000000000000000000FCFFFFFFDF00CA
:1012400000FCFFFFFFDF00000000000000000000C6
:10125000D9FFFFBF00000000000000000000FBFFFE
:10126000FFFFEF0000DBFFFFFFEF222222222222FE
:101270002222222222FEFF1C22222222222222229B
:101280002222FCFFFFFFCE00000087888888888824
:1012900088888888888888888888888888888888CE
:1012A00088888888888888888888020000108888CC
:1012B00088888888888888888888888888888888AE
:1012C00088888888888888888888888888880200AC
:1012D000000066666666666666666666666666667A
:1012E000666666666666666666666666666666669E
:1012F0006666020000000000000000000000000020
:1013000000000000000000000000000000000000DD
:1013100000000000000000000000000000000000CD
:1013200000000000000000000000000000000000BD
:1013300000000000000000000000000083002511F4
:10134000C8296B3A0E53B0635374168DB89D0709C4
:10135000AB112F22B32A5733DB437F4C0000000030
:10136000000000000000000000000000000000007D
:10137000000000000000000000000000000000006D
:10138000000000000000000000000000000000005D
:10139000000000000000000000000000000000004D
:1013A000000000000000000000000000000000003D
:1013B000000000000000000000000000000000002D
:1013C000000000000000000000000000000000001D
:1013D000000000000000000000000000000000000D
:1013E00000000000000000000000000000000000FD
:1013F00000000000000000000000000000000000ED
:1014000000000000000000000000000000000000DC
:1014100000000000000000000000000000000000CC
:1014200000000000000000000000000000000000BC
:1014300000000000000000000000000000000000AC
:10144000000000001010010100000000000000007A
:10145000000000000000000000000000000000008C
:10146000000000000020436576777778663412002C
:10147000000000000000000000000000000000006C
:101480000000000000000020648788888888888821
:10149000888888560200000000000000000000005C
:1014A0000000000000000000000042878888888853
:1014B0007877778788888888782500000000000082
:1014C00000000000000000000000000000638888A9
:1014D00088684523021111102254768888884701B4
:1014E00000000000000000000000000000000000FC
:1014F000728888783501000000000000000010426A
:10150000868888380000000000000000000000000D
:101510000000005188884702000000000000000021
:101520000000000010748888260000000000000001
:101530000000000000003087883701000000000034
:101540000000000000000000000062888804000025
:101550000000000000000000000084884800000037
:101560000000000000000000000000000000007308
:10157000885800000000000000000000005088684B
:10158000010000000000000000000000000000005A
:101590000000000085880700000000000000000037
:1015A000008488040000000000000000000000002B
:1015B000000000000000000030886800000000000B
:1015C000000000003088380000000000000000002B
:1015D00000000000000000000000000000828804FD
:1015E00000000000000000007188050000000000FD
:1015F00000000000000000000000000000000000EB
:10160000003088280000000000000000856800000D
:1016100000000000000000000000000000000000CA
:1016200000000000000085780000000000000010AD
:1016300088280000000000000000000000000000FA
:1016400000000000000000000000708802000000A0
:1016500000000030880600000000000000000000CC
:1016600000000000000000000000000000004088B2
:10167000050000000000005088030000000000008A
:10168000000000000000000000000000000000005A
:1016900000001088070000000000007088010000B2
:1016A0000000000000000000009999000000000008
:1016B00000000000000000872800000000000081FA
:1016C00078000000000000000000000090FEEF091C
:1016D000000000000000000000000085380000004D
:1016E00000002088960000000000000000000000BC
:1016F000F9FFFF9F0000000000000000000000391B
:101700008806000000EAFFFFEFBE000000000000B6
:10171000000000A0FFFFFFFF0A0000000000000023
:101720000000EAFEFFFFBE00A0FFFFFFFFFF0B006F
:1017300000000000000000FAFFFFFFFFAF00000004
:101740000000000000A0FFFFFFFFFF0BD0FFFFFF26
:10175000FFFF9F0000000000000000D0CFFCCFFC86
:101760000D0000000000000000E0FFFFFFFFFF9FF2
:10177000F9FFFFFFFFFFAF00000000000000009036
:101780000CFBBFC0090000000000000000F9FFFFD3
:10179000FFFFFFAFE0FFFFFFFFFF9F000000000023
:1017A0000000000000FCCF0000000000000000006E
:1017B00000E0FFFFFFFFFF9FB0FFFFFFFFFF0D00F7
:1017C000000000000000000000FCCF00000000004E
:1017D0000000000000B0FFFFFFFFFF0D00FBFFFF58
:1017E000FFDF0000000000000000000000FCCF0050
:1017F00000000000000000000000FBFFFFFFDF0012
:101800000090BA88A6090000000000000000000057
:1018100000FCCF000000000000000000000090BAB3
:1018200088A60900000020880600000000000000D3
:101830000000000000FCCF000000000000000000DD
:10184000000000208806000000002088060000003C
:10185000000000000000000000FCCF0000000000BD
:101860000000000000000020880600000000208822
:1018700006000000000000000000000000FCCF0097
:1018800000000000000000000000002088060000AA
:10189000000020880600000000000000000000009A
:1018A00000FCCF000000000000000000000000204D
:1018B00088060000000020880600000000000000EC
:1018C0000000000000FBBF0000000000000000005E
:1018D0000000002088060000000042882622222204
:1018E000222222222222222222FDDF222222222240
:1018F00022222222222222428826010000108888E9
:101900008888888888888888888888888888888857
:101910008888888888888888888888888888020055
:101920000010888888888888888888888888888837
:101930008888888888888888888888888888888827
:101940008888020000006666666666666666666689
:101950006666666666666666666666666666666627
:101960006666666666660200000000000000000011
:101970000000000000000000000000000000000067
:101980000000000000000000000000000000000057
:101990000000000000000000000000000000000047
:1019A0000000000000000000000000000000000037
:1019B00083002511C8296B3A0E53B0635374168DFA
:1019C000B89D64094612281B0A240B2DED35CF3E25
:1019D00083008300830083008300830083008300EF
:1019E00083008300830083008300830083008300DF
:1019F000830083008300830083008300D052830030
:101A000083008300830083008300830083008300BE
:101A1000830083009DFF8B7383008300830083001A
:101A20008300830083008300830083009DFFFFFF0A
:101A30008B73830083008300830083008300830013
:101A4000830083009DFFFFFFFFFF8B7383008300F4
:101A50008300830083008300830083009DFFFFFFDA
:101A6000FFFFFFFF8B7383008300830083008300ED
:101A7000830083009DFFFFFFFFFFFFFFFFFF8B73CE
:101A80008300830083008300830083009DFFFFFFAA
:101A9000FFFFFFFFFFFFFFFF8B73830083008300C7
:101AA000830083009DFFFFFFFFFFFFFFFFFFFFFF9E
:101AB000FFFF8B7383008300830083008300830018
:101AC000830083008300D052FFFFFFFF8B738300EE
:101AD00083008300830083008300830083008300EE
:101AE000D052FFFFFFFF8B738300830083008300CE
:101AF00083008300830083008300D052FFFFFFFF39
:101B00008B73830083008300830083008300830042
:101B100083008300D052FFFFFFFF8B73830083009D
:101B20008300830083008300830083008300D052FE
:101B3000FFFFFFFF8B73830083008300830083001C
:101B40008300830083008300D052FFFFFFFF8B736D
:101B5000830083008300830083008300830083006D
:101B60008300D052FFFFFFFF8B738300830083004D
:101B7000830083008300830083008300D052FFFF33
:101B8000FFFF8B7383008300830083008300830047
:101B9000830083008300D052FFFFFFFF8B7383001D
:101BA000830083008300830083008300830083001D
:101BB000D052FFFFFFFF8B738300830083008300FD
:101BC00083008300830083008300D052FFFFFFFF68
:101BD0008B73830083008300830083008300830072
:101BE00083008300D052FFFFFFFF8B7383008300CD
:101BF0008300830083008300830083008300D0522E
:101C0000FFFFFFFF8B73830083008300830083004B
:101C10008300830083008300D052FFFFFFFF8B739C
:101C2000830083008300830083008300830083009C
:101C30008300D052FFFFFFFF8B738300830083007C
:101C4000830083008300830083008300D052FFFF62
:101C5000FFFF8B7383008300830083008300830076
:101C6000830083008300830083008300830083005C
:101C7000830083008300830083008300830083004C
:101C8000830083008300830083008300830083003C
:101C900083008300D052FFFFFFFFD05283008300F8
:101CA0008300830083008300830083008300D0527D
:101CB000FFFFFFFFD0528300830083008300830077
:101CC0008300830083008300D052FFFFFFFFD052C8
:101CD00083008300830083008300830083008300EC
:101CE0008300D052FFFFFFFFD052830083008300A8
:101CF000830083008300830083008300D052FFFFB2
:101D0000FFFFD052830083008300830083008300A1
:101D1000830083008300D052FFFFFFFFD052830077
:101D2000830083008300830083008300830083009B
:101D3000D052FFFFFFFFD052830083008300830057
:101D400083008300830083008300D052FFFFFFFFE6
:101D5000D0528300830083008300830083008300CC
:101D600083008300D052FFFFFFFFD0528300830027
:101D70008300830083008300830083008300D052AC
:101D8000FFFFFFFFD05283008300830083008300A6
:101D90008300830083008300D052FFFFFFFFD052F7
:101DA000830083008300830083008300830083001B
:101DB0008300D052FFFFFFFFD052830083008300D7
:101DC000830083008300830083008300D052FFFFE1
:101DD000FFFFD052830083008300830083008300D1
:101DE000830083008300D052FFFFFFFFD0528300A7
:101DF00083008300830083008300830083008300CB
:101E0000D052FFFFFFFFD052830083008300830086
:101E100083008300830083008300D052FFFFFFFF15
:101E2000D0528300830083008300830083008300FB
:101E300083008300D052FFFFFFFFFFFFFFFFFFFF84
:101E4000FFFFFFFF83008300830083008300D052E5
:101E5000FFFFFFFFFFFFFFFFFFFFFFFF8300830088
:101E60008300830083008300D052FFFFFFFFFFFF4A
:101E7000FFFFFFFF83008300830083008300830054
:101E80008300D052FFFFFFFFFFFFFFFF83008300AF
:101E9000830083008300830083008300D052FFFF10
:101EA000FFFFFFFF83008300830083008300830024
:101EB000830083008300D052FFFFFFFF8300830075
:101EC00083008300830083008300830083008300FA
:101ED000D052FFFF830083008300830083008300D0
:101EE00083008300830083008300D052830083003B
:101EF00083008300830083008300830083008300CA
:101F000083008300830083008300830083008300B9
:101F100083008300830083008300830083008300A9
:101F20008300830083008300830083008300830099
:101F30008300830083008300830083008300830089
:101F40008300830083008300830083008300830079
:101F50008300830083008300830083008300830069
:101F60008300830083008300830083008300830059
:101F70008300830083008300830083008300830049
:101F80008300830083008300830083008300830039
:101F90008300830083008621E8314942E831E41060
:101FA0008300830083008300830083008300830019
:101FB0008300830083008300830083008300830009
:101FC0008300EC5255A51DE7FFFFFFFFFFFFFFFF5A
:101FD000FFFFFFFFFFFF39C6CF73E41083008300CC
:101FE00083008300830083008300830083008300D9
:101FF000E41072949EF7FFFFFFFFFFFFFFFFFFFF5C
:10200000FFFFFFFFFFFFFFFFFFFFFFFFFFFFFFFFE0
:1020100096B5A7318300830083008300830083008B
:102020008300CF73FFFFFFFFFFFFFFFFFFFFFFFFF7
:10203000DFF79AD639C6D7B559C65DE7FFFFFFFF70
:10204000FFFFFFFFFFFFFFFFB394830083008300C8
:10205000830045219AD6FFFFFFFFFFFFFFFFBAD69F
:10206000CF73862183008300830083008300830075
:10207000E410EC52D7B5FFFFFFFFFFFFFFFFBAD61A
:1020800086218300E8319EF7FFFFFFFFFFFF9AD60E
:102090004942830083008300830083008300830020
:1020A00083008300830083008300862196B5FFFFB1
:1020B000FFFFFFFF9EF7862145219EF7FFFFFFFFF1
:1020C0006D6B830083008300830083008300A7314E
:1020D00049424942E8318300830083008300830042
:1020E0008300EC52FFFFFFFFFBDEE410830086213C
:1020F0009AD6E83183008300830083004D5B59C684
:10210000FFFFFFFFFFFFFFFFFFFFFFFF9AD66D6B93
:102110008300830083008300E83139C6E410830024
:102120008300830083008300830083004D5B9EF760
:10213000FFFFFFFFFFFFFFFFFFFFFFFFFFFFFFFFAF
:10214000FFFFFFFF9EF7EC528300830083008300B4
:10215000830083008300830083008300E41039C67A
:10216000FFFFFFFFFFFFFFFFFFFF9AD6D7B596B532
:102170009AD6FFFFFFFFFFFFFFFFFFFF35A583009C
:102180008300830083008300830083008300830037
:10219000EC52FFFFFFFFFFFFFBDE4D5B8300830080
:1021A00083008300830083004D5BFBDEFFFFFFFFA6
:1021B000FFFF862183008300830083008300830068
:1021C0008300830083006D6BFFFFCF738300830068
:1021D0008300E410E831E831E410830083008300D9
:1021E000D49C9EF7E8318300830083008300830042
:1021F00083008300830083008300830086218300A3
:102200008300EC529AD6FFFFFFFFFFFFFFFF9AD635
:10221000494283008300E41083008300830083002D
:102220008300830083008300830083008300830096
:102230008300830055A5FFFFFFFFFFFFFFFFFFFFA8
:10224000FFFFFFFFFFFF527C8300830083008300BA
:102250008300830083008300830083008300830066
:1022600083008300830083004D5BFFFFFFFFFFFFC0
:1022700059C659C6FFFFFFFFFFFFAB4A830083002B
:102280008300830083008300830083008300830036
:102290008300830083008300830083008300CF7367
:1022A0007294830083008300E41035A549428300C3
:1022B0008300830083008300830083008300830006
:1022C00083008300830083008300830083008300F6
:1022D0008300830083004942BAD659C68621830011
:1022E00083008300830083008300830083008300D6
:1022F00083008300830083008300830083008300C6
:1023000083008300830083008300FBDEFFFFFFFF69
:1023100096B58300830083008300830083008300DD
:102320008300830083008300830083008300830095
:1023300083008300830083008300830083009AD698
:10234000FFFFFFFF35A58300830083008300830028
:102350008300830083008300830083008300830065
:102360008300830083008300830083008300830055
:102370008300862196B555A5E41083008300830071
:102380008300830083008300830083008300830035
:102390008300830083008300830083008300830025
:1023A0008300830083008300830083008300830015
:1023B0008300830083008300830083008300830005
:1023C00083008300830083008300830083008300F5
:1023D00083008300830083008300830083008300E5
:1023E00083008300830083008300830083008300D5
:1023F00083008300830083008300830083008300C5
:1024000083008300830083008300830083008300B4
:1024100083008300830083008300830083008300A4
:102420008300830083008300830083008300830094
:102430008300830083008300830083008300830084
:102440008300830083008300830083008300830074
:102450008300830083008300830083008300830064
:102460008300830083008300830083008300830054
:102470008300830083008300830083008300830044
:102480008300830083008300830083008300830034
:102490008300830083008300830083008300830024
:1024A0008300830083008300830083008300830014
:1024B0008300830083008300830083008300830004
:1024C00083008300830083008300830083008300F4
:1024D000830083008300830083008300A208A20896
:1024E000A208C210A208830883008300830083002F
:1024F00083008300830083008300830083008300C4
:102500008300830083008300A208C21844190722B5
:102510008922892289228922892289226822852189
:10252000E318A208830083008300830083008300F4
:102530008300830083008300A2080419481A8922BB
:102540008922892289228922892289228922892233
:1025500089228922892289224521A20883008300B9
:102560008300830083008300A208E318681A89228D
:102570008922892289228922681AC6216521851922
:10258000A619072289228922892289228922892261
:102590002419A2088300830083008308A6218922CE
:1025A000892289228922C621E318A2088300830098
:1025B0008300830083008300A208C2188519892242
:1025C000892289228922C62183088300A208282221
:1025D000892289228922C521C210830083008300B9
:1025E00083008300830083008300830083008300D3
:1025F0008300A20845218922892289222822A20853
:102600008308471A89226822E31883008300830025
:1026100083008300A208A208C210C210A208A20868
:1026200083008300830083008300C218682289220C
:10263000072283088300A208C621A2088300830022
:1026400083008300CB5276B5DBE6DBE6DBE6DBE638
:10265000DBE6DBE696BDEB6283008300830083004C
:10266000A208C621A20883008300830083008300A0
:1026700083008300CB525ADEDBE6DBE6DBE6DBE6FB
:10268000DBE6DBE6DBE6DBE6DBE6DBE65ADE8A4AB8
:102690008300830083008300830083008300830022
:1026A00083008300E31035B5DBE6DBE6DBE6DBE643
:1026B000DBE696BDF3A4B3A496BDDBE6DBE6DBE682
:1026C000DBE6DBE652948300830083008300830013
:1026D00083008300830083008A4ADBE6DBE6DBE6D7
:1026E000F7CDCB52830083008300830083008300F7
:1026F000CB52F7CDDBE6DBE6DBE646218300830049
:102700008300830083008300830083008300EB62E7
:10271000DBE64D63830083008300E310A729A7292C
:10272000E310830083008300328C5ADEA7298300E4
:102730008300830083008300830083008300830081
:10274000830083004621830083008A4A96BDDBE62E
:10275000DBE6DBE6DBE696BD073A83008300E310A9
:102760008300830083008300830083008300830051
:102770008300830083008300830083007294DBE680
:10278000DBE6DBE6DBE6DBE6DBE6DBE6DBE6AE73E1
:102790008300830083008300830083008300830021
:1027A0008300830083008300830083008300830011
:1027B000CB52DBE6DBE6DBE676B576B5DBE6DBE6E1
:1027C000DBE64A4A830083008300830083008300A2
:1027D00083008300830083008300830083008300E1
:1027E0008300830083004D63CF7B830083008300DD
:1027F000E3105294073A8300830083008300830030
:1028000083008300830083008300830083008300B0
:102810008300830083008300830083008300073AE2
:10282000B6BD76B546218300830083008300830014
:102830008300830083008300830083008300830080
:102840008300830083008300830083008300830070
:102850008300F7CDDBE6DBE6B3A4830083008300CF
:102860008300830083008300830083008300830050
:102870008300830083008300830083008300830040
:1028800083008300830096BDDBE6DBE65294830081
:102890008300830083008300830083008300830020
:1028A0008300830083008300830083008300830010
:1028B000830083008300830083004621B3A47294C5
:1028C000E310830083008300830083008300830080
:1028D00083008300830083008300830083008300E0
:1028E00083008300830083008300830083008300D0
:1028F00083008300830083008300830083008300C0
:1029000083008300830083008300830083008300AF
:10291000830083008300830083008300830083009F
:10292000830083008300830083008300830083008F
:10293000830083008300830083008300830083007F
:10294000830083008300830083008300830083006F
:10295000830083008300830083008300830083005F
:10296000830083008300830083008300830083004F
:10297000830083008300830083008300830083003F
:10298000830083008300830083008300830083002F
:10299000830083008300830083008300830083001F
:1029A000830083008300830083008300830083000F
:1029B00083008300830083008300830083008300FF
:1029C00083008300830083008300830083008300EF
:1029D00083008300830083008300830083008300DF
:1029E00083008300830083008300830083008300CF
:1029F00083008300830083008300830083008300BF
:102A000083008300830083008300830083008300AE
:102A1000830083008300830083008300830083009E
:102A200083008300A208A208A208C210A20883089B
:102A3000830083008300830083008300830083007E
:102A4000830083008300830083008300830083006E
:102A5000A208C218441907228922892289228922C0
:102A60008922892268228521E318A2088300830035
:102A7000830083008300830083008300830083003E
:102A8000A2080419481A89228922892289228922C6
:102A900089228922892289228922892289228922DE
:102AA0004521A20883008300830083008300830004
:102AB000A208E318681A8922892289228922892298
:102AC000681AC62165218519A6190722892289223B
:102AD00089228922892289222419A208830083005D
:102AE00083008308A6218922892289228922C6217E
:102AF000E318A2088300830083008300830083001F
:102B0000A208C21885198922892289228922C62110
:102B100083088300A2082822892289228922C521CC
:102B2000C21083008300830083008300830083003E
:102B300083008300830083008300A208452189224B
:102B4000892289222822A2088308471A892268221A
:102B5000E31883008300830083008300A208A20897
:102B6000C210C210A208A208830083008300830061
:102B70008300C21868228922072283088300A208E2
:102B8000C621A208830083008300A208C218A619E8
:102B9000691A89228922892289228922A621E31899
:102BA000A208830083008300A208C621A208830034
:102BB000830083008300830083008300C2182822DF
:102BC00089228922892289228922892289228922AD
:102BD000892289222822C21883008300830083006F
:102BE000830083008300830083008300A2086521A3
:102BF00089228922892289228922C621851985195B
:102C0000E619891A892289228922892224198300B6
:102C1000830083008300830083008300830083009C
:102C2000A310892289228922E621C218A2088300E2
:102C3000830083008300A208C218071A8922892210
:102C40006822A2088300830083008300830083003E
:102C5000830083008300E3188922E318A20883001D
:102C60008300A208A208A208A208830083008300B0
:102C70002419481AA208830083008300830083007C
:102C80008300830083008300830083004621830048
:102C900083008A4A96BDDBE6DBE6DBE6DBE696BD33
:102CA000073A83008300E3108300830083008300DE
:102CB00083008300830083008300830083008300FC
:102CC000830083007294DBE6DBE6DBE6DBE6DBE633
:102CD000DBE6DBE6DBE6AE73830083008300830084
:102CE00083008300830083008300830083008300CC
:102CF0008300830083008300CB52DBE6DBE6DBE668
:102D000076B576B5DBE6DBE6DBE64A4A8300830090
:102D1000830083008300830083008300830083009B
:102D200083008300830083008300830083004D635E
:102D3000CF7B830083008300E3105294073A830023
:102D4000830083008300830083008300830083006B
:102D5000830083008300830083008300830083005B
:102D6000830083008300073AB6BD76B54621830011
:102D7000830083008300830083008300830083003B
:102D8000830083008300830083008300830083002B
:102D900083008300830083008300F7CDDBE6DBE65E
:102DA000B3A4830083008300830083008300830037
:102DB00083008300830083008300830083008300FB
:102DC000830083008300830083008300830096BD1B
:102DD000DBE6DBE6529483008300830083008300FC
:102DE00083008300830083008300830083008300CB
:102DF00083008300830083008300830083008300BB
:102E000083004621B3A47294E310830083008300FF
:102E1000830083008300830083008300830083009A
:102E2000830083008300830083008300830083008A
:102E3000830083008300830083008300830083007A
:102E4000830083008300830083008300830083006A
:102E5000830083008300830083008300830083005A
:102E6000830083008300830083008300830083004A
:102E7000830083008300830083008300830083003A
:102E8000830083008300830083008300830083002A
:102E9000830083008300830083008300830083001A
:102EA000830083008300830083008300830083000A
:102EB00083008300830083008300830083008300FA
:102EC00083008300830083008300830083008300EA
:102ED00083008300830083008300830083008300DA
:102EE00083008300830083008300830083008300CA
:102EF00083008300830083008300830083008300BA
:102F000083008300830083008300830083008300A9
:102F10008300830083008300830083008300830099
:102F20008300830083008300830083008300830089
:102F30008300830083008300830083008300830079
:102F40008300830083008300830083008300830069
:102F50008300830083008300830083008300830059
:102F6000830083008300830083008300A208A208FB
:102F7000A208C210A2088308830083008300830094
:102F80008300830083008300830083008300830029
:102F90008300830083008300A208C218441907221B
:102FA00089228922892289228922892268228521EF
:102FB000E318A2088300830083008300830083005A
:102FC0008300830083008300A2080419481A892221
:102FD0008922892289228922892289228922892299
:102FE00089228922892289224521A208830083001F
:102FF0008300830083008300A208E318681A8922F3
:103000008922892289228922681AC6216521851987
:10301000A6190722892289228922892289228922C6
:103020002419A2088300830083008308A621892233
:10303000892289228922C621E318A20883008300FD
:103040008300830083008300A208C21885198922A7
:10305000892289228922C62183088300A208282286
:10306000892289228922C521C2108300830083001E
:103070008300830083008300830083008300830038
:103080008300A20845218922892289222822A208B8
:103090008308471A89226822E3188300830083008B
:1030A00083008300A208A208C210C210A208A208CE
:1030B00083008300830083008300C2186822892272
:1030C000072283088300A208C621A2088300830088
:1030D0008300A208C218A619691A892289228922A6
:1030E00089228922A621E318A20883008300830095
:1030F000A208C621A2088300830083008300830006
:1031000083008300C21828228922892289228922E9
:103110008922892289228922892289222822C21889
:103120008300830083008300830083008300830087
:1031300083008300A20865218922892289228922AD
:103140008922C62185198519E619891A89228922B9
:10315000892289222419830083008300830083004D
:103160008300830083008300A3108922892289229F
:10317000E621C218A2088300830083008300A2080E
:10318000C218071A892289226822A20883008300B4
:103190008300830083008300830083008300E3189F
:1031A0008922E318A20883008300A208A208A208CB
:1031B000A2088300830083002419481AA208830010
:1031C00083008300830083008300830083008300E7
:1031D00083008300462183008300A310A621892257
:1031E000892289228922A621C21083008300E3104C
:1031F00083008300830083008300830083008300B7
:1032000083008300830083008300830044198922A4
:103210008922892289228922892289228922E31806
:103220008300830083008300830083008300830086
:103230008300830083008300830083008300830076
:10324000C218892289226822A619A6196822892211
:10325000891AA31083008300830083008300830006
:103260008300830083008300830083008300830046
:10327000830083008300E3180419A20883008300FD
:10328000A2082419C21083008300830083008300F6
:103290008300830083008300830083008300830016
:1032A0008300830083008300830083008300073A48
:1032B000B6BD76B54621830083008300830083007A
:1032C00083008300830083008300830083008300E6
:1032D00083008300830083008300830083008300D6
:1032E0008300F7CDDBE6DBE6B3A483008300830035
:1032F00083008300830083008300830083008300B6
:1033000083008300830083008300830083008300A5
:1033100083008300830096BDDBE6DBE652948300E6
:103320008300830083008300830083008300830085
:103330008300830083008300830083008300830075
:10334000830083008300830083004621B3A472942A
:10335000E3108300830083008300830083008300E5
:103360008300830083008300830083008300830045
:103370008300830083008300830083008300830035
:103380008300830083008300830083008300830025
:103390008300830083008300830083008300830015
:1033A0008300830083008300830083008300830005
:1033B00083008300830083008300830083008300F5
:1033C00083008300830083008300830083008300E5
:1033D00083008300830083008300830083008300D5
:1033E00083008300830083008300830083008300C5
:1033F00083008300830083008300830083008300B5
:1034000083008300830083008300830083008300A4
:103410008300830083008300830083008300830094
:103420008300830083008300830083008300830084
:103430008300830083008300830083008300830074
:103440008300830083008300830083008300830064
:103450008300830083008300830083008300830054
:103460008300830083008300830083008300830044
:103470008300830083008300830083008300830034
:103480008300830083008300830083008300830024
:103490008300830083008300830083008300830014
:1034A0008300830083008300830083008300830004
:1034B00083008300A208A208A208C210A208830801
:1034C00083008300830083008300830083008300E4
:1034D00083008300830083008300830083008300D4
:1034E000A208C21844190722AA2AAA2AAA2AAA2A82
:1034F000AA2AAA2A892A8521E318A2088300830020
:1035000083008300830083008300830083008300A3
:10351000A2080419491AAA2AAA2AAA2AAA2AAA2A5D
:10352000AA2AAA2AAA2AAA2AAA2AAA2AAA2AAA2AFB
:103530004521A20883008300830083008300830069
:10354000A208E318691AAA2AAA2AAA2AAA2AAA2A2F
:10355000691AC62165218519A6190722AA2AAA2A4D
:10356000AA2AAA2AAA2AAA2A2419A208830083001E
:1035700083008308A621AA2AAA2AAA2AAA2AC6213F
:10358000E318A20883008300830083008300830084
:10359000A208C2188519AA2AAA2AAA2AAA2AC621D2
:1035A00083088300A208292AAA2AAA2AAA2AC521AE
:1035B000C2108300830083008300830083008300A4
:1035C00083008300830083008300A2084521AA2A88
:1035D000AA2AAA2A292AA2088308471AAA2A892AD3
:1035E000E31883008300830083008300A208A208FD
:1035F000C210C210A208A2088300830083008300C7
:103600008300C218892AAA2A072283088300A208F5
:10361000C621A208830083008300A208C218A6194D
:103620008A1AAA2AAA2AAA2AAA2AAA2AA621E31810
:10363000A208830083008300A2088521A2088300DA
:10364000830083008300830083008300C218292A3B
:10365000AA2AAA2AAA2AAA2AAA2AAA2AAA2AAA2ACA
:10366000AA2AAA2A292AC218830083008300830079
:10367000830083008300830083008300A208652108
:10368000AA2AAA2AAA2AAA2AAA2AC62185198519F3
:10369000E619AA22AA2AAA2AAA2AAA2A241983004F
:1036A0008300830083008300830083008300830002
:1036B000A310AA2AAA2AAA2AE621C218A2088300CD
:1036C000830083008300A208C218071AAA2AAA2A24
:1036D000892AA2088300830083008300830083007B
:1036E000830083008300E318AA2AE318A20883005A
:1036F0008300A208A208A208A20883008300830016
:103700002419491AA20883008300830083008300E0
:10371000830083008300830083008300A20883006A
:103720008300A310A621AA2AAA2AAA2AAA2AA62185
:10373000C21083008300A2088300830083008300FB
:103740008300830083008300830083008300830061
:10375000830083004419AA2AAA2AAA2AAA2AAA2AE2
:10376000AA2AAA2AAA2AE3188300830083008300D6
:103770008300830083008300830083008300830031
:103780008300830083008300C218AA2AAA2A892AF8
:10379000A619A619892AAA2AAA22A310830083009F
:1037A0008300830083008300830083008300830001
:1037B0008300830083008300830083008300E31879
:1037C0000419A20883008300A2082419C2108300F0
:1037D00083008300830083008300830083008300D1
:1037E00083008300830083008300830083008300C1
:1037F000830083008300C210C621A619A20883009B
:1038000083008300830083008300830083008300A0
:103810008300830083008300830083008300830090
:1038200083008300830083008300E621AA2AAA2A5A
:10383000452183008300830083008300830083008D
:103840008300830083008300830083008300830060
:103850008300830083008300830083008300C621EC
:10386000AA2AAA2A441983008300830083008300C4
:103870008300830083008300830083008300830030
:103880008300830083008300830083008300830020
:103890008300A20885194419A208830083008300CD
:1038A0008300830083008300830083008300830000
:1038B00083008300830083008300830083008300F0
:1038C00083008300830083008300830083008300E0
:1038D00083008300830083008300830083008300D0
:1038E00083008300830083008300830083008300C0
:1038F00083008300830083008300830083008300B0
:10390000830083008300830083008300830083009F
:10391000830083008300830083008300830083008F
:10392000830083008300830083008300830083007F
:10393000830083008300830083008300830083006F
:10394000830083008300830083008300830083005F
:10395000830083008300830083008300830083004F
:10396000830083008300830083008300830083003F
:10397000830083008300830083008300830083002F
:10398000830083008300830083008300830083001F
:10399000830083008300830083008300830083000F
:1039A00083008300830083008300830083008300FF
:1039B00083008300830083008300830083008300EF
:1039C00083008300830083008300830083008300DF
:1039D00083008300830083008300830083008300CF
:1039E00083008300830083008300830083008300BF
:1039F00083008300830083008300830083008300AF
:103A0000830083008300830083008300830083009E
:103A1000830083008300830083008300830083008E
:103A2000830083008300830083008300830083007E
:103A3000830083008300830083008300830083006E
:103A4000830083008300830083008300830083005E
:103A5000830083008300830083008300830083004E
:103A6000830083008300830083008300830083003E
:103A7000830083008300830083008300830083002E
:103A8000830083008300830083008300830083001E
:103A9000830083008300830083008300830083000E
:103AA00083008300830083008300830083008300FE
:103AB00083008300830083008300830083008300EE
:103AC00083008300830083008300830083008300DE
:103AD00083008300830083008300830083008300CE
:103AE00083008300830083008300830083008300BE
:103AF00083008300830083008300830083008300AE
:103B0000830083008300830083008300830083009D
:103B1000830083008300830083008300830083008D
:103B2000830083008300830083008300830083007D
:103B3000830083008300830083008300830083006D
:103B4000830083008300830083008300830083005D
:103B5000830083008300830083008300830083004D
:103B6000830083008300830083008300830083003D
:103B7000830083008300830083008300830083002D
:103B8000830083008300830083008300830083001D
:103B9000830083008300830083008300830083000D
:103BA00083008300830083008300830083008300FD
:103BB00083008300830083008300830083008300ED
:103BC00083008300830083008300830083008300DD
:103BD00083008300830083008300830083008300CD
:103BE00083008300830083008300830083008300BD
:103BF00083008300830083008300830083008300AD
:103C0000830083008300830083008300830083009C
:103C1000830083008300830083008300830083008C
:103C2000830083008300830083008300830083007C
:103C3000830083008300830083008300830083006C
:103C4000830083008300830083008300830083005C
:103C5000830083008300830083008300830083004C
:103C6000830083008300830083008300830083003C
:103C7000830083008300830083008300830083002C
:103C8000830083008300830083008300830083001C
:103C9000830083008300830083008300830083000C
:103CA00083008300830083008300830083008300FC
:103CB00083008300830083008300830083008300EC
:103CC00083008300830083008300830083008300DC
:103CD00083008300830083008300830083008300CC
:103CE00083008300830083008300830083008300BC
:103CF00083008300830083008300830083008300AC
:103D0000830083008300830083008300830083009B
:103D1000830083008300830083008300830083008B
:103D2000830083008300830083008300830083007B
:103D3000830083008300830083008300830083006B
:103D4000830083008300830083008300830083005B
:103D5000830083008300830083008300830083004B
:103D6000830083008300830083008300830083003B
:103D7000830083008300830083008300830083002B
:103D8000830083008300830083008300830083001B
:103D9000830083008300830083008300830083000B
:103DA00083008300830083008300830083008300FB
:103DB00083008300830083008300830083008300EB
:103DC00083008300830083008300830083008300DB
:103DD00083008300830083008300830083008300CB
:103DE00083008300830083008300830083008300BB
:103DF00083008300830083008300830083008300AB
:103E0000830083008300830083008300830083009A
:103E1000830083008300830083008300830083008A
:103E2000830083008300830083008300830083007A
:103E3000830083008300830083008300830083006A
:103E4000830083008300830083008300830083005A
:103E5000830083008300830083008300830083004A
:103E6000830083008300830083008300830083003A
:103E7000830083008300830083008300830083002A
:103E8000830083008300830083008300830083001A
:103E9000830083008300830083008300830083000A
:103EA00083008300830083008300830083008300FA
:103EB00083008300830083008300830083008300EA
:103EC000830083008300830000C1814001C08041E2
:103ED00001C0804100C1814001C0804100C18140DA
:103EE00000C1814001C0804101C0804100C18140CA
:103EF00000C1814001C0804100C1814001C08041BA
:103F000001C0804100C1814001C0804100C18140A9
:103F100000C1814001C0804100C1814001C0804199
:103F200001C0804100C1814000C1814001C0804189
:103F300001C0804100C1814001C0804100C1814079
:103F400000C1814001C0804101C0804100C1814069
:103F500000C1814001C0804100C1814001C0804159
:103F600001C0804100C1814000C1814001C0804149
:103F700001C0804100C1814001C0804100C1814039
:103F800000C1814001C0804100C1814001C0804129
:103F900001C0804100C1814001C0804100C1814019
:103FA00000C1814001C0804101C0804100C1814009
:103FB00000C1814001C0804100C1814001C08041F9
:103FC00001C0804100C1814000C0C101C30302C2E1
:103FD000C60607C705C5C404CC0C0DCD0FCFCE0E49
:103FE0000ACACB0BC90908C8D81819D91BDBDA1AB9
:103FF0001EDEDF1FDD1D1CDC14D4D515D71716D629
:10400000D21213D311D1D010F03031F133F3F23298
:1040100036F6F737F53534F43CFCFD3DFF3F3EFE08
:10402000FA3A3BFB39F9F83828E8E929EB2B2AEA78
:10403000EE2E2FEF2DEDEC2CE42425E527E7E626E8
:1040400022E2E323E12120E0A06061A163A3A26258
:1040500066A6A767A56564A46CACAD6DAF6F6EAEC8
:10406000AA6A6BAB69A9A86878B8B979BB7B7ABA38
:10407000BE7E7FBF7DBDBC7CB47475B577B7B676A8
:1040800072B2B373B17170B0509091519353529218
:1040900096565797559594549C5C5D9D5F9F9E5E88
:1040A0005A9A9B5B99595898884849894B8B8A4AF8
:1040B0004E8E8F4F8D4D4C8C448485458747468668
:1040C00082424383418180402548010060D039000D
:1040D00020264A010060C43B0020273A010060F41A
:1040E00035002038293D5366717065554333261CD1
:1040F00015411F1C1F1E1F1E1F1F1E1F1E1F1F1DC1
:104100001F1E1F1E1F1F1E1F1E1F4D6F6462757313
:104110000000000041646472657373000000FE00DB
:1041200000004261756472617465000053656C65DE
:104130006374200000000900000050726F746F6308
:104140006F6C000053656C65637400000000010033
:104150000000536574202020202000005363686510
:1041600064756C650000080000003132303020209A
:1041700000323430302020003336303020200034FC
:1041800038303020200037323030202000393630AF
:104190003020200031393230302000333834303094
:1041A00020003736383030200031313532303000A1
:1041B000393231363030003537363030200031205A
:1041C000202020200032202020202000332020200A
:1041D00020200034202020202000352020202020F6
:1041E00000362020202020003720202020200038EA
:1041F0002020202020000004000200018000400058
:1042000020001000080004000200000000800040B0
:1042100000200010000800400020001000080004EA
:10422000000200000000000000000000000000008C
:10423000000000000E0A0C000000000065746861B8
:104240006E6F6C5F7369676E616C00000000000048
:10425000000000000000000000000000000000005E
:1042600068325F7369676E616C00000000000000D7
:10427000000000000000000000000000000000003E
:104280000000000074564F430000000000000000D2
:10429000000000000000000000000000000000001E
:1042A0000000000000000000636F325F65710000D5
:1042B00000000000000000000000000000000000FE
:1042C0000000000000000000000000006261736553
:1042D0006C696E6531000000000000000000000005
:1042E00000000000000000000000000000000000CE
:1042F000626173656C696E65320000000000000049
:1043000000000000000000000000000000000000AD
:104310001027000000000000000003200069617108
:104320005F696E697400000000000000000000007A
:10433000000000000000000000000000000000007D
:1043400050C300003822002002000820016961717A
:104350005F6D65617375726500000000000000000C
:10436000000000000000000000000000000000004D
:1043700010270000B40200600100B32016696171CB
:104380005F6765745F74766F635F696E6365707491
:104390006976655F626173656C696E650000000037
:1043A0001027000000000000000077200E696171F6
:1043B0005F7365745F74766F635F626173656C6968
:1043C0006E6500000000000000000000000000001A
:1043D00010270000B8020060020015200269617118
:1043E0005F6765745F626173656C696E650000008C
:1043F00000000000000000000000000000000000BD
:10440000102700000000000000001E2003696171F9
:104410005F7365745F626173656C696E650000004F
:10442000000000000000000000000000000000008C
:10443000400D030040220020020050200A6D6561FB
:10444000737572655F7369676E616C73000000005D
:10445000000000000000000000000000000000005C
:104460001027000000000000000061200C7365743C
:104470005F6162736F6C7574655F68756D6964699F
:10448000747900000000000000000000000000003F
:104490000900200021000000482200200500000043
:1044A0009044050801000000C00200600600000002
:1044B00092440508010000005C2200200800000072
:1044C0009444050801000000D802006003000000C9
:1044D000FFFFFFFFFFFFFFFF4B0000004D0000004C
:1044E0004F000000550000006F0000002400000095
:1044F0005100000075000000FFFFFFFFFFFFFFFFFE
:10450000FFFFFFFF4B0000004D0000004F000000C8
:10451000550000006F000000240000005100000062
:10452000750000005700000068000000FFFFFFFF5B
:10453000FFFFFFFFFFFFFFFF4B0000004D000000EB
:104540004F0000005500000075000000FFFFFFFF56
:10455000FFFFFFFF1C000000FFFFFFFF4B000000FC
:104560004D0000004F000000550000006F000000EB
:104570002400000054000000FFFFFFFFFFFFFFFFCB
:104580001C000000FFFFFFFF4B0000004D0000007B
:104590004F000000550000006F00000024000000E4
:1045A0005700000054000000FFFFFFFFFFFFFFFF68
:1045B0004B0000004D0000004F00000055000000BF
:1045C0006F000000240000005100000054000000B3
:1045D0005700000068000000FFFFFFFF1C00000004
:1045E000040000002E000000FFFFFFFF4B00000052
:1045F0004D0000004F000000700000007900000036
:1046000078000000460000002C0000000C000000B4
:10461000620000008B0000006100000060000000EC
:104620004C0000003E0000006B0000000B0000008A
:10463000490000001E0000009B0000003800000040
:1046400039000000FFFFFFFF1C0000003A000000DF
:10465000400000003F000000FFFFFFFFE8030000F4
:10466000E9030000EA030000FFFFFFFFFFFFFFFF79
:10467000FFFFFFFF4B0000004D0000004F00000057
:104680005500000024000000FFFFFFFFFFFFFFFFB9
:104690007B000000FFFFFFFF4B0000004D0000000B
:1046A0004F0000005500000020000000AE00000098
:1046B00036000000580000006F0000006700000096
:1046C0005100000026000000FFFFFFFF4B0000002C
:1046D0004D0000004F00000055000000FFFFFFFFED
:1046E000FFFFFFFF4B0000004D0000004F000000E7
:1046F000550000006F000000240000005100000081
:104700004A000000FFFFFFFF1C0000006E000000D9
:10471000FFFFFFFF10270000504600001027000099
:1047200050460000102700005046000010270000EF
:10473000504600001027000050460000C063FFFFF5
:10474000C0D40100C063FFFFC0C80300C063FFFF07
:10475000C0D40100C063FFFFC0C80300C063FFFFF7
:10476000C0D40100C063FFFFC0C80300C063FFFFE7
:10477000C0D40100C063FFFFC0C80300C0F2FCFF4B
:10478000E0930400C0F2FCFFE0930400A4034C0398
:10479000CC0234029C011C01C0008000540038008F
:1047A00028001C00140010000C0008000400DC03AA
:1047B000C4039C035E030A03AA023C02CE016C01FF
:1047C0001A01D600A400800064004C003E003000B6
:1047D000A4035C03F8028002FC0180011801C800F8
:1047E0008C0064004800340024001C0014001000F9
:1047F0000C00D003B4038A034A03FC029E02360273
:10480000D20178012801EA00B400900072005A0039
:104810004C003C006D007A00A400CE00F70020019F
:10482000480170019701BE01E5010B0232025802F6
:104830007E02A402B602CD0119026102AB02F602A9
:104840003D038403CB03130459049F04E8042F059C
:104850007005B805FC0541068406CB060D07500718
:104860009407D6071C085C08A108E4082809670912
:10487000AA09EC092F0A700AB10AF40A320B760B66
:10488000B50BF20B360C740CB20CF30C360D710D2B
:10489000B00DEE0D2D0E6D0EA80EE50EA00F680FDB
:1048A0000B0F7F0EBD0DB30C680BEB095808C90642
:1048B00069053B0447038A02F70188013301870F2A
:1048C000270F880E940D260CBB0AFF084807B80571
:1048D000740462039402040289013801FA00CB00D7
:1048E000900E700DE00B000AF00700066004200334
:1048F000300290012001D000900070005000400074
:1049000030005C0FE80E380E420D030C8C0AF108E3
:104910005907E805AC04B603E2024102C8016D0183
:104920003201F8003E01EC0196023C03E1038504EC
:104930002605C5056206FD0696073208C6085E090B
:10494000EC097E0A040B00000000000000000000DB
:104950000000000000000000000000000000000057
:104960000000000000000000000000000000000047
:104970000000000000000000000000000000000037
:104980000000000000000000000000000000000027
:104990000000000000000000000000000000000017
:1049A0000000000000000000000000000000000007
:1049B00000000000000000000000000000000000F7
:1049C00000000000000000000000000000000000E7
:1049D00000000000000000000000000000000000D7
:1049E00000000000000000000000000000000000C7
:1049F00000000000000000000000000000000000B7
:104A0000000000000000010101010101010101019C
:104A10000101010101010101010101010101010186
:104A2000010101010101020202020202020202026C
:104A3000020202020202030303030303030304044A
:104A40000404050505050000000000001F0000002B
:104A50001C0000001F0000001E0000001F000000DE
:104A60001E0000001F0000001F0000001E000000CC
:104A70001F0000001E0000001F00000000000000DA
:104A8000000000000000E03F000000000000E0BF68
:104A90000000E0FE422EE63F0000E0FE422EE6BFB0
:104AA000763C7935EF39EA3D763C7935EF39EABD28
:104AB0003E5555555555C53F93BDBE166CC166BF95
:104AC0002CDE25AF6A56113FF16BD2C541BDBBBE8E
:104AD000D0A4BE726937663E04FA97999999D93F76
:104AE000AF788E1DC571CC3F9FC678D0099AC33F61
:104AF000935555555555E53F599322942449D23F36
:104B0000DE03CB966446C73F44523EDF12F1C23FFC
:104B1000000000000000F03F000000000000F83F2F
:104B200000000000000000000000004003B8E23F69
:104B3000000000000000000006D0CF43EBFD4C3E1B
:104B4000033333333333E33FFFAB6FDBB66DDB3F10
:104B50004D268F515555D53F01411DA96074D13F58
:104B600065DBC9934A86CD3FEF4E454A287ECA3F52
:104B70003E5555555555C53F93BDBE166CC166BFD4
:104B80002CDE25AF6A56113FF16BD2C541BDBBBECD
:104B9000D0A4BE726937663E4C5555555555A53F54
:104BA0007751C1166CC156BF9015CB19A001FA3EC2
:104BB000AD529C804F7E92BEC4B1B4BD9EEE213EEC
:104BC000D43888BEE9FAA8BD00000000000000004B
:104BD00000004054FB21F93F3163621A61B4D03DBB
:104BE0000000601A61B4D03D7370032E8A19A33B94
:104BF0000000002E8A19A33BC14920259A837B39E6
:104C000000000000000000006E83F9A22915444E48
:104C1000D15727FCC0DD34F5999562DB4190433CC8
:104C2000AB6351FE61C5BBDE3A6E24B7E0D24D42A4
:104C3000EA2E49061C92D1091CEB1DFE3EA729B1A4
:104C4000F53582E88444BB2E26709CE9417E5FB432
:104C500039D69139F43953838B5F849C3B28F9BD55
:104C6000FF97F81F0F9805DE8B112FEF1F6D0A5A63
:104C7000CF7E366DB709CB27663F464F2DEA5F9E44
:104C8000C7BA27757BF1E5EBF739073DEA92528AFF
:104C9000B15FFB6B085D8D1FA6F810111111813FEC
:104CA000D561C119A0012ABF7DFEB157E31DC73EE2
:104CB000EB9C2B8AE6E55ABE7CD5CF5A3AD9E53D26
:104CC000004040404040404040404141414141401F
:104CD00040404040404040404040404040404040D4
:104CE0004005020202020202020202020202020263
:104CF0000220202020202020202020020202020268
:104D000002029090909090901010101010101010BF
:104D100010101010101010101010101002020202CB
:104D2000020288888888888808080808080808080F
:104D3000080808080808080808080808020202020B
:104D400040000000C14C0508352E302E3000000018
:104D5000904D050800000060D005000028A303085E
:104D6000CC4F050800200020D802000028A303082B
:104D7000CC4F0508D0050060185E070064AA030840
:104D800084500508D82200201841000064AA0308B6
:104D900045020406082D010203040416060708094B
:104DA000FD83204EA80E54656D636F436F6E747261
:104DB0006F6C7314F0092050726F647563741AFF7E
:104DC0000101AD0925AF02D001100DBBA102083DC4
:104DD00095020813970208180B01CBAB0208F9AA39
:104DE0000208C9081CFA02590A1EA1A80208EB040D
:104DF000180DFA03B1AE020849AC02086FAD0E1FE0
:104E0000046BB10208FF121B5FAF0E1F0597B302C0
:104E1000088B121ABD04C2FA32303248326032783E
:104E2000329032A832C012D81A64201A64201A6450
:104E3000201A64201A64201A64201A64201A64203C
:104E4000011E2DC8420508041AEC041E1043050873
:104E500040041AD004111D44050830041A60041AD5
:104E6000B8041AA8041A9804411203D3B80B0028F6
:104E7000140102030405060708090A0B0C0D0E0FA6
:104E800010111213141516171819232526271A1B8B
:104E90001C1D1E1F2021222414A1F7033955111EA9
:104EA000D12B0308D5041E1B250308DB08180ADFD5
:104EB00026030897290308FD0C011A1E23EA02089D
:104EC00029041A17041AB9041ADF04414BFDE90832
:104ED0001A3B105B41F96339BC4112AB1C0308B1AA
:104EE000041A9F041E6F0103089504411A8510419E
:104EF0005ADF0879E1511E27ED02082D041A1B0420
:104F00001E4DEE02087304391E1910011452021EC0
:104F10002FF2020835041A23041EFDF10208ED08E1
:104F20001EA9F40208D90C419EEDF502089DA2527B
:104F3000051E9B030308A1041A8F041AB304180A60
:104F400015040308C9050308750C011452041E7FDB
:104F500007030885041A73041E390803085F044117
:104F60001A5910011452061B59422A19041A4D04E9
:104F70001A67041A8B04410B149F443652111AE726
:104F80001E1AF1041ADB041AF5044B19452E0A15F2
:104F9000C13652801E0B51030811044BFF50261AD4
:104FA000490C1AD9045AF510011052131EE352038A
:104FB00008DF041AE90441580AC35303083B5503A8
:104FC00008B5100111023404F20100001184A24A54
:104FD0000400095001020304060708091AAA010384
:104FE00076F8EF5010526F6F6D54656D3A32302E77
:104FF00035432020480F536574506F696E743A3200
:10500000332E304314580E414E496E707574313A48
:10501000313030302879140A1132148A3314815A0D
:1050200001075908017B123C1209123F120D12436D
:105030001224124612371248125F124A12AA124C58
:1050400012DC124E140E0150145401530A35F4A907
:10505000180A484D050880420508A4041A38041AA5
:105060005C041E1043050840041AD004111D4405B9
:10507000083004E9141A70081AA004291C1A6004E4
:04508000015289D17F
:04000005080081313D
:00000001FF
