:020000040800F2
:108000000020002045A30008158200083B820008DC
:1080100047820008578200086782000800000000BD
:108020000000000000000000000000005181000876
:108030008B82000800000000958100088BD50008A5
:10804000BFA30008BFA30008BFA30008BFA3000888
:10805000BFA30008BFA30008BFA30008BFA3000878
:10806000BFA30008BFA30008BFA30008BFA3000868
:10807000BFA30008BFA30008BFA30008BFA3000858
:10808000BFA30008BFA30008BFA30008BFA3000848
:10809000BFA30008BFA30008BFA30008BFA3000838
:1080A000BFA30008BFA30008BFA30008BFA3000828
:1080B000BFA30008F9AD0008BFA30008BFA30008D4
:1080C000BFA30008BFA30008BFA30008BFA3000808
:1080D000BFA30008D7350208C9350208A135020838
:1080E00099530208BFA30008BFA30008BFA300085C
:1080F000BFA30008BFA30008BFA30008BFA30008D8
:10810000BFA30008BFA30008BFA30008BFA30008C7
:108110009D730208BFA300086BAE0008BFA3000850
:10812000BFA30008BFA30008BFA30008BFA30008A7
:10813000DFF810D031F0F0FD00480047B94E0208DA
:10814000AFF300800020002080F308887047000013
:10815000224B19680868B0E8F00F80F30988BFF374
:108160006F8F4FF0000080F311884EF00D0E7047B6
:108170000000000006480068006880F3088862B6C6
:1081800061B6BFF34F8FBFF36F8F00DF00BF00BF3B
:1081900008ED00E0EFF30980BFF36F8F0F4B1A6813
:1081A00020E9F00F106008B54FF0BF0080F3118890
:1081B000BFF34F8FBFF36F8F04F0F0F94FF0000063
:1081C00080F31188BDE8084019680868B0E8F00F2E
:1081D00080F30988BFF36F8F704700BF1C000060F9
:1081E000EFF305807047CAB2401E10F8011F8A42A3
:1081F00002D00029F9D100207047012231F0DCBC07
:1082000054656D636F5049443130000000000098A0
:108210001A00000025A032F011B910B504464FF441
:10822000E13005F05DFA244B0122C3F8A02121467C
:10823000BDE8104021A032F001B92448C18AE820ED
:108240001EF05DFFFEE71421E8201EF058FF20A07D
:1082500032F0F4F8FBE71E21E8201EF050FF1FA0CB
:1082600032F0ECF8FBE72821E8201EF048FF1EA0C2
:1082700032F0E4F8FBE710B53221E8201EF03FFFB2
:10828000BDE810401CA032F0D9B810B53C21E82060
:108290001EF035FFBDE8104019A032F0CFB81AA08B
:1082A00032F0CCB81AA032F0C9B800004E4D4920C7
:1082B0006661756C7400000000002142646562759F
:1082C000673A202573200D0A00000000A802026012
:1082D0004D656D204661756C7420000042757320F9
:1082E0004661756C742000005573616765204661B6
:1082F000756C7420000000005356432000000000FD
:10830000446562756720000050656E200000000023
:108310005379735469636B20000000000CB5002290
:108320004C4800920192016841F4803101604FF4A1
:10833000A063016801F4003101910099491C00918A
:10834000019911B900999942F3D10168890333D594
:108350000121019140490A6842F010020A600A684E
:1083600022F003020A600A6842F002020A604168D1
:10837000416041684160416841F480614160416809
:1083800021F47C114160416841F4E81141600168C9
:1083900041F08071016001688901FCD5416821F0DC
:1083A00003014160416841F0020141604168C1F34D
:1083B00081010229FAD10CBD01920CBD254810B5EE
:1083C000016841F0010101604168244A11404160A7
:1083D0000168234A11400160016821F48021016095
:1083E000416821F4FE0141604FF41F018160FFF7F5
:1083F00095FF1C494FF00060086010BD154A10B58C
:108400005068194B10F00C01184803D0042901D012
:10841000082901D0036012E05168536801F470111B
:108420004FF0020413F4803F04EB914102D05368F3
:108430009B0301D50E4B00E00B4B59430160516883
:108440000A4AC1F30311121D515C0268CA4002605E
:1084500010BD000000100240002002400000FFF8A4
:10846000FFFFF6FE08ED00E000127A000020002079
:1084700000093D002849084328490860704730B585
:108480000F23C27801780125F2B1244A126801F164
:10849000E02102F4E062C2F5E062120AC2F10404D3
:1084A000D3404278A24084781C401443220181F8D2
:1084B0000024007800F01F018D404009800000F189
:1084C000E020C0F8005130BD01F01F008540480990
:1084D000800000F1E020C0F8805130BD104A11400A
:1084E00001430E48001F016070470C4A121D00290D
:1084F000116801D0014300E08143116070474FF0E3
:10850000E0210428086903D020F0040008617047C6
:1085100040F00400FAE700000000FA050CED00E06E
:1085200080FFFF1FC74910B5884202D101214415C1
:108530000AE0C549884202D10121041504E0C3497B
:1085400088420AD10121CC03204600F04EFD20468E
:10855000BDE81040002100F048BD10BD10B54268D4
:10856000BB4B0C791A400B6842EA04221343436068
:108570008268B84BD1F806401A40D1F80A3023433C
:108580004C7942EA440213438360C26A897B22F435
:108590007002491EC9B242EA0151C16210BD0021F8
:1085A000016001714171C0F80610C0F80A10012184
:1085B000817370470029816802D041F0010101E018
:1085C00021F00101816070470029816802D041F4E7
:1085D000807101E021F4807181607047002A426857
:1085E000C9B201D00A4300E08A4342607047816803
:1085F00041F0080181607047014600208968090741
:1086000000D501207047816841F004018160704706
:10861000014600208968490700D5012070470029DC
:10862000816802D041F4A00101E021F4A001816041
:108630007047014600208968490200D50120704733
:108640004268491E22F4604242EA4131416070476B
:108650000029416802D041F4006101E021F4006189
:108660004160704770B5072609290AD9C568A1F18C
:108670000A0404EB4404A640B543A3401D43C5606F
:1086800007E0056901EB4104A640B543A3401D4343
:1086900005611F23072A09D2446B521E02EB820296
:1086A00093409C4391400C43446370BD0D2A09D212
:1086B000046BD21F02EB820293409C4391400C4317
:1086C000046370BDC46A0D3A02EB820293409C437E
:1086D00091400C43C46270BD0029816802D041F40E
:1086E000801101E021F4801181607047C06C80B27C
:1086F000704754484C30006870470029416802D0E8
:1087000041F4806101E021F48061416070470029FB
:10871000416802D041F4805101E021F48051416070
:108720007047826822F4E0420A4382607047002961
:10873000816802D041F4004101E021F400418160F0
:1087400070470029816802D041F4021101E021F450
:10875000021181607047014600208968890200D5B6
:108760000120704770B5072609290AD9C568A1F10B
:108770000A0404EB4404A640B543A3401D43C5606E
:1087800007E0056901EB4104A640B543A3401D4342
:108790000561836BC3F30154121B921C02EB82022E
:1087A0001F249440A34391400B43836370BD826BAD
:1087B000491E22F4401242EA01518163704708B514
:1087C00008440090026008BD08B5084428300090B5
:1087D000006880B208BD42681F4B1A400A434260DD
:1087E0007047416282627047426822F01F020A436A
:1087F00042607047134908310028086802D040F4ED
:10880000000001E020F400000860704702460020EC
:1088100012680A4200D001207047C94301607047C6
:1088200010B50246002054680B0AC9B20C4011680A
:10883000194202D0002C00D0012010BD6FEA112196
:10884000016070470024014000280140003C0140C5
:10885000FFFEF0FFFDF7F1FFFFFD3FFF01684FF660
:10886000FE72114001600021016041608160C160C1
:108870006A496A4A0839904203D1486840F00F00BB
:1088800006E0664A1432904204D1486840F0F00095
:1088900048607047614A2832904203D1486840F4EA
:1088A0007060F5E75D4A3C32904203D1486840F47D
:1088B0007040EDE7594A5032904203D1486840F485
:1088C0007020E5E7554A6432904203D1486840F48D
:1088D0007000DDE7514A7832904203D1486840F099
:1088E0007060D5E74E4A111F904203D1086840F0EE
:1088F0000F0006E04A4A1432904204D1086840F062
:10890000F00008607047464A2832904203D1086858
:1089100040F47060F5E7424A3C32904203D1086867
:1089200040F47040EDE73E4A50329042EAD1086888
:1089300040F47020E5E730B5026847F6F0739A43DB
:108940008B680C6A4D6923430C692C4323438C6963
:108950002343CC6923434C6A23438C6A2343134348
:108960000360CA6842600A6882604968C16030BDBD
:108970000021016041608160C160016141618161EC
:10898000C16101624162816270470029016802D0C1
:1089900041F0010102E04FF6FE72114001607047A4
:1089A000002A026801D00A4300E08A43026070474F
:1089B00041607047406880B2704702460020D10095
:1089C00002D51749083901E01449083909681142EC
:1089D00000D001207047C10003D51149091F08606C
:1089E00070470E4908394860704702460020D100A0
:1089F00002D50B49083901E00849083909681142D4
:108A000000D001207047C10003D50549091F086047
:108A1000704702490839486070470000080002406A
:108A200008040240374900200860091D0860091D3C
:108A30000860091D086033493348143108607047E5
:108A400030B5304A8379016853B313688B431360A0
:108A5000111D0B680468A3430B60017911440B6876
:108A6000046823430B60274B083319680468A1434B
:108A700019601C1D21680568A943216041791029EE
:108A800005D011440A68006802430A6030BD1968C5
:108A9000026811431960216800680143216030BDFC
:108AA0000079104402688A43026030BD00210160F1
:108AB00001710C22427181717047124910310A68AC
:108AC00002430A60704701460E4A002014321268C1
:108AD0000A4200D0012070470A49143108607047EB
:108AE000084A014600201268064B0A4014331B68EE
:108AF0000B4202D0002A00D00120704701491431F6
:108B00000860704700040140FFFF0F008F4910B557
:108B1000884206D10121042000F067FA00210420D8
:108B20003BE08B49884206D10121082000F05DFA24
:108B30000021082031E08749884206D10121102018
:108B400000F053FA0021102027E08349884206D123
:108B50000121202000F049FA002120201DE07F495A
:108B6000884206D10121402000F03FFA0021402038
:108B700013E07B49884206D10121802000F035FABC
:108B80000021802009E0774988420AD1841501211B
:108B9000204600F02AFA00212046BDE8104000F0EF
:108BA00024BA10BD10B50121084600F01EFA0021BC
:108BB000BDE81040012000F018BAF0B5CC780022D2
:108BC00004F00F03E40601D58C7823430C784FF0B2
:108BD0000F0C14F0FF0F4FF0010E1BD005680E882C
:108BE0000EFA02F42640A64210D196000CFA06F7BF
:108BF00025EA070703FA06F5CE783D43282E02D072
:108C0000482E02D002E0446100E00461521C082AB0
:108C1000E5D305600A88FF2A1CD94468002202F1C6
:108C200008060EFA06F50E882E40AE420ED19600CA
:108C30000CFA06F7BC4303FA06F7CE783C43282E1D
:108C400000D14561CE78482E00D10561521C082A1A
:108C5000E5D34460F0BD4FF6FF71018002218170C1
:108C60000421C17070470246002092680A4200D079
:108C700001207047806880B2704702460020D268A9
:108C80000A4200D001207047C06880B2704701617D
:108C90007047416170470AB1016170474161704797
:108CA000C160704741F48032826181618261816973
:108CB000806970472C4B10B51A684FF680742240BB
:108CC00042EA00100843186010BD2849C861704787
:108CD000F0B5254C002801DAE36900E06368450D32
:108CE0002E0185B2C0F30157B540C0F30342032FF4
:108CF00005D0C6020AD503269640B34307E023F009
:108D00007062636823F07063636002E0AB4343F01A
:108D1000706201B12A43002801DAE261F0BD6260AD
:108D2000F0BD10B58A0721F003040F49120F21444A
:108D30000F238C6893409C438C608B689040034366
:108D40008B6010BD0949C1F8DC0070470008014084
:108D5000000C0140001001400014014000180140C7
:108D6000001C0140002001400000014000002042A2
:108D70000D49086070470C49486070470A4988608F
:108D8000704709494AF6AA200860704706494CF620
:108D9000CC4008607047044A01460020D2680A426D
:108DA00000D001207047000000300040A548016855
:108DB00041F0010101604168A34A1140416001682E
:108DC000A24A11400160016821F4802101604168DC
:108DD00021F4FE0141604FF41F0181607047994901
:108DE0000A6822F480320A600A6822F480220A604B
:108DF000B0F5803F07D0B0F5802F03D1086840F46C
:108E0000A02008607047086840F48030F9E7034606
:108E1000002059098B4A01290AD002290AD0516A37
:108E200003F01F02012393400B4200D00120704742
:108E30001168F5E7116AF3E718B500204FF4A06454
:108E400000903120FFF7E3FF0099491C0091A142F7
:108E500001D00028F5D03120FFF7D9FF002800D03D
:108E6000012018BD774A116821F0F80141EAC000DD
:108E700010607047764908607047724B5A68084323
:108E800022F47C121043586070477149086670479D
:108E90006C4A516821F003010143516070476948F1
:108EA000406800F00C007047664A516821F0F001FC
:108EB000014351607047634A516821F4E061014306
:108EC000516070475F4A516821F4605141EAC00027
:108ED000506070475B4A0029517A01D0014300E09D
:108EE0008143517270475A49C1F8D8007047554ABA
:108EF000516821F4404101435160704751490022BB
:108F000081F8202081F82020012802D0042802D1F5
:108F1000052081F8200070474E4908607047494994
:108F20000A6A02430A6270474A4944390860704736
:108F300030B5444A5168484B11F00C0103D0042964
:108F400001D0082901D0036012E05168536801F490
:108F500070114FF0020413F4803F04EB914102D0F2
:108F600053689B0301D53D4B00E03B4B59430160E7
:108F700051680F2303EA1111394B5C5C0168E14031
:108F800041605468072505EA14241C5D21FA04F4A5
:108F90008460546805EAD4241B5DD940C1605268DE
:108FA000032303EA92322E4B1B1F9A5CB1FBF2F1B2
:108FB000016130BD234A0029516901D0014300E01D
:108FC0008143516170471F4A0029916901D00143D3
:108FD00000E08143916170471A4A0029D16901D0AC
:108FE000014300E08143D1617047164A0029D168EE
:108FF00001D0014300E08143D1607047114A00294C
:10900000116901D0014300E08143116170471149AA
:109010004039086070470E49C86470470949C871F3
:1090200070470848416A41F0807141627047054AC3
:109030000146002092680A4200D001207047014991
:1090400088727047001002400000FFF8FFFFF6FE34
:10905000000042428004424200127A0000093D00B2
:1090600004000060424A0029118801D0014300E059
:109070008143118070473E48001D018841F0100176
:10908000018070473A48001D018821F010010180DD
:10909000704737481C30008835491831098840EA44
:1090A0000140704700B50246FFF7E5FF3049100C5C
:1090B00018310880081D02805DF804EBE2E700B576
:1090C0000246FFF7D8FF2A49C2F30340083108805F
:1090D000081D02805DF804EBD4E700B50246FFF7F7
:1090E000CAFF2349100C20310880081D02805DF85A
:1090F00004EBC7E71E48103000880007010B1C482E
:1091000014300088084370471948001D01888906FB
:10911000FCD570471648001D018821F00801018028
:1091200001880907FCD570470146114A0020121D2D
:1091300012880A4200D0012070470D49091D0A8893
:1091400082430A8070470A49091D0988C2B211404A
:10915000074A1288024202D009B10120704700205C
:1091600070470349091D0A8882430A80704700003E
:1091700000280040994910B588420AD18414012181
:109180002046FFF732FF2046BDE810400021FFF7E0
:109190002CBF9349884202D10121041404E0914973
:1091A00088420AD10121C4132046FFF727FF204639
:1091B000BDE810400021FFF721BF10BD30B5028887
:1091C0004C8802F441530A88CD8822438C882C4372
:1091D00022430C8922434C8922438C892243CC8927
:1091E00022431A430280828B22F400628283098A1E
:1091F000018230BDF0B505460C4602200021AA8B45
:1092000085B001264FF240031A40AA832884AF8B11
:10921000A268022A21D0A08800B102266846FFF782
:1092200087FEE1880098B1F5007F2CD07101B0FB7A
:10923000F1F000EB8000A1684000B0FBF1F0401DB0
:1092400080B20A21B0FBF1F000F00101401A4FF6A4
:10925000FF72C0F34F0002EA0121821EFE2A01D3F1
:1092600002200021E288084302432A842088618882
:10927000A2890843A18811430843384340F40060A1
:10928000A88305B0F0BD000AD3E70021018041802A
:109290008180C180018141818181C1810721018259
:1092A00070470021018041808180C180022282605C
:1092B000818170470029018802D041F0400101E01E
:1092C00021F04001018070470029818B02D041F4D8
:1092D000806101E021F480618183704709090123E5
:1092E0008B40002A828899B201D00A4300E08A4369
:1092F00082807047002A828801D00A4300E08A43B6
:10930000828070478181704780897047A1F57E42D5
:109310000188FF3A02D041F4807101E021F48071AC
:10932000018070470029818802D041F0040101E0EA
:1093300021F0040181807047028822F400620280DB
:1093400002880A4302807047018841F480510180FD
:1093500070470029018802D041F4005101E021F456
:10936000005101807047012901D0008B7047808A2D
:109370007047008A7047B1F5804F018803D021F40F
:1093800080410180704741F48041FAE702460020A5
:1093900012890A4200D001207047C94301817047F9
:1093A00030B501F00F030125024605FA03F4002051
:1093B000A3B2090905FA01F49188A4B212892140E7
:1093C0001A4202D0002900D0012030BD01F00F0266
:1093D00001219140C94301817047000000300140E4
:1093E00000380040003C0040F94910B5884202D1E5
:1093F0000121C41486E0B0F1804F09D0F5498842BC
:109400000DD101210220FFF7F9FD0021022064E0C7
:1094100001210846FFF7F2FD002101205DE0EE4941
:10942000884206D101210420FFF7E8FD0021042035
:1094300053E0EA49884206D101210820FFF7DEFD0A
:109440000021082049E0E649884206D10121102088
:10945000FFF7D4FD002110203FE0E249884206D109
:1094600001212020FFF7CAFD0021202035E0DE4940
:10947000884202D10121441444E0DC49884202D1EF
:109480000121CC043EE0DA49884202D101210C05D9
:1094900038E0D849884202D101214C0532E0D64952
:1094A000884206D101214020FFF7A8FD002140207D
:1094B00013E0D249884206D101218020FFF79EFDAA
:1094C0000021802009E0CE4988420AD1841501217B
:1094D0002046FFF793FD00212046BDE81040FFF72E
:1094E0008DBDC849884202D101210C040AE0C64959
:1094F000884202D101214C0404E0C44988420AD1C7
:1095000001218C042046FFF770FD2046BDE8104085
:109510000021FFF76ABD10BD30B50288AC4CB24DDA
:10952000A0420DD0A8420BD0B0F1804F08D0A94B7B
:10953000984205D0A84B984202D0A84B984203D13C
:1095400022F070034A881A43A54B984206D0A54BD7
:10955000984203D022F44073CA881A4302808A8852
:1095600082850A880285A0420AD0A84208D0A54A6E
:10957000904205D0A44A904202D0A44A904201D120
:10958000097A01860121818230BD30B5028C22F03A
:1095900001020284028C8388048B22F0020224F0F0
:1095A00073050C882C430D8915434A882A43884D3E
:1095B000A8420BD08C4DA84208D0924DA84205D0AD
:1095C000914DA84202D0914DA8420DD122F008053C
:1095D0004A8923F440732A4322F004058A882A43E7
:1095E0008D891D43CB892B4383800483C988818661
:1095F000028430BD70B5028C22F010020284028C0D
:109600008388048B0D8824F4E6464FF6FF7404EA41
:10961000052535430E8922F0200204EA061616437A
:109620004A8804EA02123243694EB04202D06E4EBA
:10963000B04215D122F080064A8923F4406304EA3F
:109640000212324322F040068A8804EA02123243B0
:109650008E8904EA86061E43CB8904EA83033343DA
:1096600083800583C9880187028470BD70B5028C30
:1096700022F480720284028C8388848B0D8824F00B
:10968000730425430E894FF6FF7422F4007204EA36
:10969000062616434A8804EA022232434C4EB04260
:1096A00002D0514EB04215D122F400664A8923F40B
:1096B000405304EA0222324322F480668A8804EA94
:1096C000022232438E8904EA06161E43CB8904EA3D
:1096D0000313334383808583C9888187028470BDE7
:1096E00070B5028C22F480520284058C8288838BB0
:1096F0000C8823F4E6464FF6FF7303EA0424344350
:1097000025F400560D8903EA053535434E8803EAF2
:1097100006362E432E4DA84202D0334DA84205D125
:1097200022F480458A8903EA82122A438280848354
:10973000C988A0F84010068470BD828B22F4406274
:109740008283828B4FF6FF7303EA01210A438283EF
:109750007047828B22F00C028283828B0A438283C1
:109760007047028B22F440620283028B4FF6FF7334
:1097700003EA01210A4302837047F0B5048C24F008
:1097800010040484078B048C4FF6FF7527F473478D
:1097900005EA03333B4305EA02221A430C4B05EA70
:1097A000011698420ED0104B98420BD0B0F1804F6A
:1097B00008D0084B984205D0074B984202D0074B7F
:1097C000984225D124F02001314341F0100124E0DA
:1097D000002C01400004004000080040000C004044
:1097E000001000400014004000340140004C0140D3
:1097F000005001400054014000180040001C00408F
:109800000020004000400140004401400048014069
:1098100024F0A0030B4343F0100102830184F0BD48
:10982000028B22F00C020283028B0A4302837047F0
:1098300070B5048C24F001040484058B048C4FF66D
:10984000FF7606EA0313134325F0F305F84A2B438A
:1098500090420ED0F74A90420BD0B0F1804F08D022
:10986000F54A904205D0F54A904202D0F44A90421F
:1098700002D124F0020201E024F00A020A4342F07D
:1098800001010383018470BD2DE9F84F0D460446A4
:109890000888E74FDFF89CC3DFF89C83DFF89C93D0
:1098A0004988AA882B894FF0804A48B304282FD0D2
:1098B0004FF6FF760828934632D0208C9E4620F43F
:1098C00080502084A38B208C06EA0132009223F47E
:1098D000734306EA0B221A4306EA0E331343BC42D3
:1098E0000AD0644508D0544506D0444504D04C45C0
:1098F00002D0D34A944242D120F40050009940E073
:109900002046FFF795FFE9882046BDE8F84F87E736
:109910002046FFF732FFE9882046BDE8F84F20E7F0
:10992000208C20F480702084B4F81CE0208C06EA9F
:10993000031306EA01222EF0F30E43EA0B0343EA77
:109940000E030092BC420AD0644508D0544506D0AC
:10995000444504D04C4502D0B94A944203D120F486
:109960000070009901E020F42060084340F480700A
:10997000A3832084E9882046BDE8F84FE9E620F477
:109980000240084340F48050A3832084E9882046A5
:10999000BDE8F84FD1E62DE9F0410C460026498894
:1099A0000746012501B90226A288012A00D1022515
:1099B000208823890028384610D0FFF7DEFEE18892
:1099C0003846FFF7CEFE23892A4631463846FFF750
:1099D0002FFFE1883846BDE8F04121E7FFF728FF77
:1099E000E1883846FFF71CFF23892A46314638466E
:1099F000FFF7C3FEE1883846BDE8F041B1E610B597
:109A00000A884B88CC881A438B8823431A430B89D6
:109A10001A434B8989891A430A43A0F8442010BD90
:109A20004FF6FF71818000210180C1804180017269
:109A300070470021018041808180C1800181418186
:109A40008181C18170470021018041800122828093
:109A5000C180018170470021018041808180C180E7
:109A600001814181818170470029018802D041F044
:109A7000010101E021F0010101807047002930F867
:109A8000441F02D041F4004101E0C1F30E01018006
:109A90007047002A828901D00A4300E08A4382810C
:109AA0007047818270471143A0F848107047002A20
:109AB000828901D00A4300E08A438281704701898C
:109AC00021F0070101817047028922F070020A43E8
:109AD0000281704700B50346FFF7F6FF188940F092
:109AE0000700188100BD70B516460D466029044672
:109AF0004FF0010231460AD0FFF79AFE2946204670
:109B0000FFF7E2FF208940F00700208170BDFFF7DA
:109B100034FEF3E730B504894FF6FF7505EA0323F9
:109B20001343E4B20B432343038130BD10B5044615
:109B3000FFF7F0FF208940F07700208110BD10B5BD
:109B40000446FFF7E7FF208940F48040208110BDE4
:109B5000018582827047028822F070020A430280E7
:109B6000704770B50589048B068C25F007050D43F9
:109B70004FF6FC410C4040F201110C434FF6FF71CF
:109B800001EA031126F022061143314305810483C3
:109B9000018470BD028B22F070020A430283704779
:109BA000028B4FF6FF7322F4E04203EA01211143D6
:109BB00001837047828B22F070020A4382837047D0
:109BC000828B4FF6FF7322F4E04203EA0121114336
:109BD000818370470029018802D041F0800101E0B3
:109BE00021F08001018070470029818802D041F076
:109BF000040101E021F0040181807047002981887F
:109C000002D041F0080101E021F008018180704795
:109C10000029818802D041F0010101E021F0010119
:109C200081807047028B22F008020A43028370474A
:109C3000002C0140003401400004004000080040B6
:109C4000000C0040028B4FF6FF7322F4006203EA1F
:109C5000012111430183EAE7828B22F008020A43C3
:109C60008283E4E7828B4FF6FF7322F4006203EAFB
:109C7000012111438183DAE7028B22F004020A43B7
:109C80000283D4E7028B4FF6FF7322F4806203EA6B
:109C9000012111430183CAE7828B22F004020A43A7
:109CA0008283C4E7828B4FF6FF7322F4806203EA5B
:109CB000012111438183BAE7028B22F080020A431B
:109CC0000283B4E7028B4FF6FF73C2F30E0203EA7E
:109CD000012111430183AAE7828B22F080020A430B
:109CE0008283A4E7828B4FF6FF73C2F30E0203EA6E
:109CF0000121114381839AE7028C22F002020A4378
:109D0000028494E7028C22F008020A4302848EE760
:109D1000028C4FF6FF7322F0200203EA0111114377
:109D2000018484E7028C4FF6FF7322F0800203EA7D
:109D30000111114301847AE7028C4FF6FF7322F47C
:109D4000007203EA01211143018470E7028C4FF68F
:109D5000FF7322F4006203EA01211143018466E7E4
:109D6000028C4FF6FF7322F4005203EA01311143D3
:109D700001845CE710B50123048C8B409C43048470
:109D8000038C8A401343038410BD10B50423048C54
:109D90008B409C430484038C8A401343038410BD8E
:109DA00030B50124058C00F118038C40A5430584CF
:109DB00089B108290FD0091FC1F34E00184401686A
:109DC00021F4E041016001684FF6FF7303EA0222CB
:109DD0001143016030BD03EB5100016821F07001B7
:109DE00001600168F4E70029018802D041F0020116
:109DF00001E021F00201018019E70029018802D069
:109E000041F0040101E021F0040101800FE7002985
:109E1000818802D041F0800101E021F08001818041
:109E200005E7028822F00802028002880A430280C5
:109E3000FDE6828822F07002828082880A43828056
:109E4000F5E6028922F00702028102890A430281B3
:109E5000EDE6028922F08002028102890A43028132
:109E6000E5E68184E3E68185E1E68186DFE6018738
:109E7000DDE68187DBE6A0F84010D8E6028822F410
:109E80004072028002880A430280D0E6808ECEE6CD
:109E9000008FCCE6808FCAE6B0F84000C7E6808C21
:109EA000C5E6008DC3E602460020128A0A4200D0B1
:109EB0000120BCE6C9430182B9E602460020138AAC
:109EC00092890B4202EA010202D0002A00D001204E
:109ED000ADE6C9430182AAE6C44910B588420AD159
:109EE00001218C032046FFF780F82046BDE8104092
:109EF0000021FFF77AB8BE49884202D101214C0403
:109F000010E0BC49884202D101218C040AE0BA4920
:109F1000884202D10121CC0404E0B84988420AD128
:109F200001210C052046FFF769F82046BDE81040E6
:109F30000021FFF763B810BD30B50446008A85B034
:109F40000D464CF6FF710840E98801432182A08943
:109F50004EF6F3110840A9882A8911436A89024301
:109F60001143A181A08A4FF6FF410840A98901430E
:109F7000A1826846FEF7DCFF9C48844201D1039829
:109F800000E00298A189090400EBC00101EB001078
:109F9000296801D5490000E08900B0FBF1F0642296
:109FA000B0FBF2F109010B096FF018056B4300EBF0
:109FB0008300A3891D044FF0320306D503EBC000D4
:109FC000B0FBF2F000F0070005E003EB0010B0FB7F
:109FD000F2F000F00F000843208105B030BD4FF4CF
:109FE0001651016000218180C18001810C224281D3
:109FF0008181704710B5028A4FF2FF031A400B8827
:10A000004C8823438C88C9880C4323431343038221
:10A0100010BD0021018041808180C18070470029EE
:10A02000818902D041F4005101E021F40051818185
:10A03000704710B5C1F3421301F01F040121A14084
:10A04000012B07D0022B07D01430002A026805D05C
:10A050000A4304E00C30F8E71030F6E78A43026068
:10A0600010BD002A828A01D00A4300E08A4382821E
:10A070007047028A22F00F020282028A0A43028299
:10A080007047828922F40062828182890A43828138
:10A0900070470029818902D041F0020101E021F0DE
:10A0A000020181817047028A22F020020282028A24
:10A0B0000A43028270470029018A02D041F480419C
:10A0C00001E021F4804101827047C1F308018180E1
:10A0D00070478088C0F308007047818941F0010112
:10A0E00081817047028BD2B20283028B42EA012146
:10A0F00001837047028B02F47F420283028B0A4382
:10A10000028370470029818A02D041F0200101E0DA
:10A1100021F02001818270470029818A02D041F01C
:10A12000100101E021F01001818270470029818A2D
:10A1300002D041F0080101E021F00801818270475E
:10A140000029818902D041F4004101E0C1F30E01F0
:10A15000818170470029818A02D041F4006101E0C9
:10A1600021F4006181827047828A22F00402828297
:10A17000828A0A43828270470029818A02D041F094
:10A18000020101E021F002018182704702460020B5
:10A1900012880A4200D001207047C94301807047ED
:10A1A00070B501F01F0501260024C1F3421306FA21
:10A1B00005F2012B0FD0022B0FD0838A4FEA112119
:10A1C0000088134206FA01F600EA060001D000B149
:10A1D0000124204670BD8389F0E7038AEEE70A0A6E
:10A1E00001219140C94301807047000000380140BF
:10A1F0000044004000480040004C00400050004037
:10A2000010B50120FEF703FFBDE810400020FEF767
:10A21000FEBE1F49086070471D49091F086070474E
:10A220001B498431086070471A4A118821F4607113
:10A23000014311807047174A118821F07F010143C3
:10A2400011807047134A08B52C3A10440090016001
:10A2500008BD104908B52C3908440090008808BD95
:10A260000B489C300068C0B270470A48083001882B
:10A2700041F00101018070470548A0300068C0B27C
:10A28000704704480830018841F00201018070479E
:10A2900004860D422C6C004010B501210C072046AD
:10A2A000FEF7ACFE2046BDE810400021FEF7A6BE3A
:10A2B0002149086270472049086170471F4A1168A8
:10A2C00021F0E0010143116070471B49C1F8A00073
:10A2D00070471A4B1A6822F0030202431A601848AA
:10A2E000026842F004020260012905D020BF016823
:10A2F00021F004010160704730BFF8E70F480168A2
:10A3000041F004010160016841F0020101600C4864
:10A31000016841F00401016030BF7047074A0146FF
:10A32000002052680A4200D00120704703490A68A1
:10A3300042EA80000860704700000E420070004052
:10A3400010ED00E04FF480701D4908604FF4F0708C
:10A350001C4908601C481D4908604FF0BB301C496F
:10A3600008601C481C4908604FF0BB301B4908605E
:10A370001B481C4908601C481C49086018481C49B7
:10A3800008604FF044301B49086041F201004FF073
:10A39000204108604FF44070174908606FF070402A
:10A3A000164908601648804716480047FEE7FEE752
:10A3B000FEE7FEE7FEE7FEE7FEE7FEE7FEE7FEE775
:10A3C0001410024018100240BB44BBB400140140FA
:10A3D00004140140BB4444B4001801400418014077
:10A3E000BBBBBB44001C01404444BBBB041C01403C
:10A3F0000020014004200140040000A0040100A04E
:10A40000BD83000831810008924A00284FF00801FE
:10A41000104601D0FEF73BBCFEF73BBC8D4A00283E
:10A420004FF00401104601D0FEF731BCFEF731BCFD
:10A4300004218848FEF717BC08218648FEF713BCA4
:10A4400038B501210420FEF7BEFD0C20ADF8000058
:10A4500010208DF8030003207E4C8DF80200694621
:10A460002046FEF7AAFB0C212046FEF710FC38BD63
:10A47000784810B5016821F470610160016841F409
:10A48000407101600120FFF7C9FF0120FFF7BCFF09
:10A49000042003F0B3FA0020FFF7C0FF042003F00C
:10A4A000ADFABDE810400020AEE76A4810B501687B
:10A4B00021F470610160016841F440710160002085
:10A4C000FFF7A2FF0020FFF7A9FF042003F096FA90
:10A4D0000120FFF799FF0120FFF7A0FFBDE8104022
:10A4E000042003F08BBA10B500240120FFF796FF7B
:10A4F0005848016821F470610160016841F400610D
:10A500000160012003F07AFA0120FFF77DFF0120AE
:10A5100003F074FA07E0641CE4B2FA2C03D9FFF7E5
:10A52000C4FF012010BDFFF783FF0028F3D1FFF720
:10A530006BFF002010BD10B50020FFF765FF4548F8
:10A54000016821F470610160016841F440710160AB
:10A550000020FFF763FF022003F050FA0120FFF70D
:10A5600053FF022003F04AFABDE8104000204BE7F9
:10A5700010B50020FFF748FF3648016821F47061EC
:10A580000160016841F4407101600120FFF746FF5E
:10A59000022003F033FA0120FFF736FF022003F018
:10A5A0002DFABDE8104000202EE770B50546294879
:10A5B000016821F470610160016841F4407101603B
:10A5C0000020FFF721FF0024E809FFF727FF6806B6
:10A5D000050E022003F012FA0120FFF715FF0220FA
:10A5E00003F00CFA0020FFF70FFF022003F006FA39
:10A5F000641CE4B2082CE7D370BD70B5064615485C
:10A600000024016821F470610160016841F4006177
:10A61000016025460020FFF7F7FE022003F0EEF967
:10A620000120FFF7F1FE6006040EFFF701FF08B1FD
:10A63000641CE4B2012003F0E1F96D1CEDB2082DB9
:10A64000E8D31EB1FFF777FF204670BDFFF790FFFC
:10A65000FAE7000000080140FFF7F2BE10B504461B
:10A66000FFF706FF200AA02101EB4000C0B2FFF770
:10A670009CFFFFF738FFE0B2FFF797FFFFF733FFCC
:10A68000FFF7F6FEA120FFF790FFFFF72CFF002059
:10A69000FFF7B3FF0446FFF708FF204610BD70B573
:10A6A0000D460446FFF7E4FE200AA02101EB40001E
:10A6B000C0B2FFF77AFFFFF716FFE0B2FFF775FFB2
:10A6C000FFF711FF2846FFF770FFFFF70CFFFFF7BA
:10A6D000ECFEBDE87040052003F0AFB92DE9F04174
:10A6E00016460D460746002409E0E00025FA00F072
:10A6F000C1B2381980B2FFF7D2FF641CE4B2B44291
:10A70000F3D3BDE8F0812DE9F0410D46014600206C
:10A7100004464E1908E00702301B401E80B2FFF7C6
:10A720009DFF641C3844E4B2AC42F4D3E9E710B5B1
:10A73000FF20FFF793FF55280AD05521FF20FFF790
:10A74000AEFFFF20FFF78AFF552801D0012010BD82
:10A75000002010BD70B515460E46044608E02046A0
:10A76000641CA4B2FFF77AFF6D1E06F8010BADB2B0
:10A77000002DF4D170BD70B514460D46064606E0B6
:10A7800029783046FFF78BFF761CB6B26D1C641E2D
:10A79000A4B2F5D270BD00000146E348028822F061
:10A7A0003802028002880A4302800121FEF782BD3E
:10A7B0002DE9F041074600244FF48055DA4E03E0BE
:10A7C000641CA4B2AC420FD202213046FEF7DEFD7B
:10A7D0000028F5D039463046FEF794FD002406E007
:10A7E000641CA4B2AC4202D30020BDE8F081012178
:10A7F0003046FEF7CBFD0028F2D03046FEF784FD50
:10A80000C0B2F2E7F0B5074687B0012141F234004B
:10A81000FEF7D9FBE020ADF814001825C34C8DF8E5
:10A82000175003268DF8166005A92046FEF7C5F9D6
:10A83000E0212046FEF72BFABD48002490F82300C3
:10A84000092801D00B281BD101210802FEF7BBFB10
:10A850004FF48050ADF814008DF8166010208DF87C
:10A86000170005A9B348FEF7A8F90220ADF80600C5
:10A870000120ADF80800B048ADF80C50C0F8B04168
:10A88000ADF800404FF48270ADF802004FF4007054
:10A89000ADF80440ADF80A00ADF80E400720A24C18
:10A8A000ADF8100069462046FEF788FC01212046DD
:10A8B000FEF700FDFF20FFF77BFFFF20FFF778FF8B
:10A8C000FF20FFF775FF012F04D01820FFF764FF6A
:10A8D00007B0F0BD3820F9E701469848028822F019
:10A8E0003802028002880A4302800121FEF7E2BC9E
:10A8F0002DE9F041074600244FF480558F4E03E0C8
:10A90000641CA4B2AC420FD202213046FEF73EFDD9
:10A910000028F5D039463046FEF7F4FC002405E067
:10A92000641CA4B2AC4201D300205EE70121304692
:10A93000FEF72CFD0028F3D03046FEF7E5FCC0B250
:10A9400053E770B586B001213820FEF73CFB0121AA
:10A95000C803FEF741FB3820ADF800001826784DFB
:10A960008DF8036003248DF8024069462846FEF7FF
:10A9700024F938212846FEF78AF96D48102255013E
:10A9800090F8230001280AD0052808D0042814D004
:10A99000072812D00C2810D008280ED01CE0202048
:10A9A000ADF800008DF80240664C8DF80320694632
:10A9B0002046FEF702F920210BE0ADF800508DF89B
:10A9C0000240614C8DF8032069462046FEF7F5F8F9
:10A9D00029462046FEF75DF90020ADF80400ADF8E9
:10A9E00008004FF48271ADF806100221ADF80A108C
:10A9F000ADF810600121ADF81200ADF80C10072081
:10AA00004E4CADF81400ADF80E5001A92046FEF7EB
:10AA1000D5FB01212046FEF74DFCFF20FFF768FF24
:10AA20003820FFF759FF06B070BD0146474802883D
:10AA300022F03802028002880A4302800121FEF7D8
:10AA400039BC2DE9F041074600244FF480553F4EB4
:10AA500003E0641CA4B2AC420FD202213046FEF7E0
:10AA600095FC0028F5D039463046FEF74BFC002413
:10AA700005E0641CA4B2AC4201D30020B5E601217C
:10AA80003046FEF783FC0028F3D03046FEF73CFC4E
:10AA9000C0B2AAE630B587B001210820FEF793FACC
:10AAA00001218803FEF798FA4FF46044ADF8144092
:10AAB00018208DF817000320214D8DF8160005A9E8
:10AAC0002846FEF77AF821462846FEF7E0F8684661
:10AAD000FEF7DBFB0020ADF800004FF48271ADF80B
:10AAE0000210ADF808006915ADF80A103821ADF86C
:10AAF0000C10ADF80400ADF80600ADF80E0007200C
:10AB0000124CADF8100069462046FEF757FB0121B4
:10AB10002046FEF7CFFBFF20FFF793FF1020FFF743
:10AB200084FF07B030BD0000003001400008014044
:10AB3000A43A00200020014000002442003C0040D4
:10AB4000000C01400010014000140140003800409A
:10AB5000A248A1494160A249416070479F480169EC
:10AB600041F08001016170479C48C068C10701D075
:10AB700001207047410701D502207047C00601D56A
:10AB8000032070470020704710B50446FFF7ECFF24
:10AB9000012803D0002C00D1FF2010BD012002F0BD
:10ABA0002DFF641E2404240CF0D1F5E770B5054692
:10ABB00045F6FF763046FFF7E7FF002812D1874CB5
:10ABC000206940F0020020616561206940F040008A
:10ABD00020613046FFF7D8FF012803D0216921F01A
:10ABE0000201216170BD2DE9F041064640F6FF7774
:10ABF0000D463846FFF7C8FF00280ED1774C206974
:10AC000040F00100206135803846FFF7BDFF012884
:10AC100003D0216921F001012161BDE8F0810088A4
:10AC20007047C10703D030F8010C000A7047008854
:10AC3000C0B270472DE9F04116460F460546002484
:10AC400007E037F814102846FFF7CDFF641CA4B2C4
:10AC5000AD1CB442F5D3E0E710B5002305E030F8B1
:10AC6000024B21F813405B1C9BB29342F7D310BDFB
:10AC70002DE9F05F8246A0F1006088461546B0F5E8
:10AC8000002F4BD2C0F34906C70AC6F58064A5421F
:10AC900000D81446DFF84CB14FF0006000EBC7203D
:10ACA00081464FF480624F49FFF7D6FF00204FF6F0
:10ACB000FF7206E033183BF81310914203D1401C99
:10ACC00080B2A042F6D3A04224D24846FFF76EFFDE
:10ACD00000205A4606E038F810108319401C22F86C
:10ACE000131080B2A042F6D348464FF480623D492B
:10ACF000FFF7A0FFA54211D0281B08EB44080AEB80
:10AD0000440A002685B24FF480647F1CA542C3D854
:10AD10002C46C1E7224641465046E9E7BDE8F09F90
:10AD200070B50D46044600232F4E08E0B44208D209
:10AD30002046FFF776FFE8545B1C9BB2641C9342ED
:10AD4000F4D370BD13B5012201A9FFF791FF1CBD1B
:10AD50002DE9F04707460024A0F1006090460D461B
:10AD6000B0F5002F24D200264FF48069DFF87CA0D4
:10AD700014E0687815F8021B4A4601EB00202AF817
:10AD80001400641CA4B2944206D10024174938462A
:10AD9000FFF76EFF07F50067B61CB6B24645E8D36D
:10ADA000002C05D022463846BDE8F0470F495FE742
:10ADB000BDE8F08710B501680D4A1140B1F1005FA0
:10ADC00009D141680B4C21600068FDF7BDF920688E
:10ADD000BDE81040004710BD230167450020024038
:10ADE000AB89EFCD540D0060000008805405006071
:10ADF0000000FE2F1400006010B54E4C01212046CB
:10AE0000FFF751F82046BDE810400121FFF752B886
:10AE10007FB50D46044601210220FEF7DDF8ADF8AE
:10AE20000440ADF800500024424DADF80640ADF8A6
:10AE3000024069462846FEF76FFB1D218DF80C1075
:10AE40008DF80D4002208DF80E0001208DF80F00C6
:10AE500003A8FDF714FB012211462846FEF719FE50
:10AE600001212846FEF700FE7FBD70B5BF20EFF33D
:10AE7000118480F31188BFF34F8FBFF36F8F2E4D76
:10AE800001212846FFF70FF82C4A012802D150680B
:10AE9000401C50602A4900230868401C0860118843
:10AEA000B1F57A7F02D2491C118004E02549086877
:10AEB000401C0860138024480188491C01800188D7
:10AEC00042F21072914200D9038001212846FEF718
:10AED000F1FF84F3118870BD7FB50D460446012152
:10AEE0001020FEF779F8ADF804400020ADF80050CE
:10AEF000114CADF80600ADF8020069462046FEF799
:10AF00000BFB36208DF80C0001218DF80D1003226B
:10AF10008DF80E208DF80F1003A8FDF7B0FA01226E
:10AF200011462046FEF7B5FD01212046FEF79CFDA7
:10AF30007FBD0000000400400010004014200020ED
:10AF4000802000205C2100203A05006030B5642399
:10AF5000B0FBF3F4B0FBF3F5E4B203FB1500132CE4
:10AF600001D96430C0B200EB90030724B3FBF4F5C1
:10AF700004FB1533B64D1A440D44800715F8015CE7
:10AF80002A4492B203D1032901D2521E92B2B2FBDB
:10AF9000F4F004FB102030BD81070CD16421B0FB1C
:10AFA000F1F201FB120141B94FF4C871B0FBF1F2AB
:10AFB00001FB120008B100207047012070472DE905
:10AFC000F043DFF890820746B0FBF8F3A248160082
:10AFD0000C4601D1002101800188994235D00380BF
:10AFE00040F2B2754FF4B77C4FF4B6790CE02846C6
:10AFF000FFF7D2FF20B1634508D3A3F5B77301E093
:10B00000A3F26D136D1CADB24B45F0D8A5F5FA65F2
:10B01000A571581CDFF838C2A4F8070000250CF110
:10B020000C0C0CE0A079FFF7B7FF08B1012D44D05C
:10B030001CF80500984204D81B1A6D1CADB21C2BDD
:10B04000F0D26D1C65715B1CE370B7FBF8F108FB77
:10B0500011704FF46161B0FBF1F2A270B0FBF1F23C
:10B0600001FB12033C22B3FBF2F36370B0FBF1F37C
:10B0700001FB1300B0FBF2F102FB11002070A0797C
:10B08000E278617900F5FA60FFF760FF2071012E28
:10B0900011D1A179714801F5FA610180617981705E
:10B0A000E178C170217901716D48A17801706178F2
:10B0B000417021788170BDE8F0831D2BC1D31D3B09
:10B0C000BBE710B5FDF7E5FF01226649FFF777FF03
:10B0D000002010BD2DE9F05F99468C46DDE90AABF2
:10B0E000002300F11E019046822902D30120BDE811
:10B0F000F09F40F2B27400F5FA655B4E5B4F08E0DA
:10B100002046FFF749FF08B1334400E03B44641C8C
:10B11000A4B2AC42F4D3ACF1010C4D4F0CF0FF06DD
:10B1200000240C37DFF82CC10EE0385D40F2A3217B
:10B13000484303EBC013A8B2FFF72EFF10B1012C58
:10B1400000D16344641CA4B2B442EED340F2A32104
:10B1500008FB01F003EBC0113E48C9EB4912404225
:10B160000144C2EB092001EB0011CAEB0A1001EB0C
:10B17000800000EB0B0401214FF0C050FDF72CFFC5
:10B180000120FFF795F80C9911B92046FDF78AFFC9
:10B19000FDF7BAFF2046AAE73EB500240420FFF7DA
:10B1A00058F845F25005A84246D001214FF0C05052
:10B1B000FDF712FF0120FFF77BF8FFF721F80120D0
:10B1C000FDF79CFE08E0641CE4B20A2002F035FCA6
:10B1D000FA2C01D300203EBD4120FDF718FE0028C7
:10B1E000F1D04FF48070FDF79AFE0120FDF79CFE30
:10B1F000FDF78AFFFDF78EFF01210846FDF732FFBC
:10B20000FDF782FFFDF737FF47F6FF70FDF757FFA9
:10B21000FDF77AFF002237212A208DE807000F234F
:10B220001B2208211020FFF755FFFDF72BFF2946B1
:10B230000420FFF707F807E0FDF76CFF012108463F
:10B24000FDF710FFFDF760FFFFF73BFF01203EBD5C
:10B25000F8C50308805101001C2000209400006004
:10B26000DE200020442300200085E2018033E1013C
:10B27000FE4991F82310012913D0052911D0042982
:10B280000FD007290DD00C290BD0082909D002298D
:10B2900005D0062903D0092901D00B2903D1FFF7D6
:10B2A00087BAFFF725BB7047F04890F823000128C4
:10B2B00014D0052812D0042810D007280ED00C284E
:10B2C0000CD008280AD0022805D0062803D0092867
:10B2D00001D00B2805D13820FFF75EBA3820FFF7E0
:10B2E000FBBA7047E14890F82300012814D00528E4
:10B2F00012D0042810D007280ED00C280CD0082813
:10B300000AD0022805D0062803D0092801D00B282E
:10B3100005D11820FFF740BA1820FFF7DDBA7047B3
:10B32000D248012190F82300012813D0052811D01C
:10B33000CF4A042812D0072810D00C280ED0082895
:10B340000CD002280DD006280BD009280CD00B28D1
:10B350000AD00CE0C748C0F8941108E0C2F8A41164
:10B3600005E0C2F88C1102E0C348C0F8B011FF201C
:10B370007EE770B5002441F6FF75FF20FFF778FFE8
:10B38000FF2806D0641CFDF7FCFCAC42F5D301207D
:10B3900070BD002070BDB54810B590F823000021A5
:10B3A000012813D0052811D0B14A042812D007284B
:10B3B00010D00C280ED008280CD002280DD006285A
:10B3C0000BD009280CD00B280AD00CE0A948C0F8F3
:10B3D000941108E0C2F8A41105E0C2F88C1102E053
:10B3E000A548C0F8B011FFF7C4FF002802D0FFF74E
:10B3F00097FF012010BD70B505464FF6FF7401E0C0
:10B40000641EA4B2FF20FFF733FFA84202D0002C35
:10B41000F6D102E00CB1002070BDFF2070BD70B508
:10B4200004460D46FE20FFF7E6FF28B1012070BD5F
:10B43000FFF71EFF04F8010B6D1EADB24FF0FF00C9
:10B44000F6D2FFF715FFFF20FFF712FF002070BDB7
:10B4500070B50C460546FFF78CFF08B1012070BDA2
:10B460002046FFF705FFFD2C18D000244FF400768E
:10B47000285DFFF7FDFE641CA4B2B442F8D3FF20A0
:10B48000FFF7F6FEFF20FFF7F3FEFF20FFF7F0FEC9
:10B4900000F01F00052801D0022070BD002070BD03
:10B4A00070B516460C460546FFF73AFFFFF773FFE7
:10B4B00008B1FF2070BD45F04000FFF7D9FE200E17
:10B4C000FFF7D6FEC4F30740FFF7D2FEC4F3072010
:10B4D000FFF7CEFEE0B2FFF7CBFE3046FFF7C8FE27
:10B4E0000C2D02D1FF20FFF7C3FE1F24FF20FFF722
:10B4F000BFFE0106DED5641EE4B2F7D270BD70B5A2
:10B500000546012200210A20FFF7CAFF040004D1EA
:10B5100010212846FFF783FF0446FFF701FF0CB117
:10B52000012070BD002070BD70B5054601220021CC
:10B530000920FFF7B5FF040004D110212846FFF7CA
:10B540006EFF0446FFF7ECFE0CB1012070BD002039
:10B5500070BD1FB56846FFF7E7FF10B1002004B0CB
:10B5600010BD9DF800100120B0EB911F09D19DF88E
:10B5700008209DF8091000EB02200844000480090F
:10B58000EDE79DF805009DF80A1000F00F0000EBB4
:10B59000D1109DF809109DF8072001F0030100EB80
:10B5A00041019DF80800800900EB82009DF806200B
:10B5B00002F0030200EB8220401CC91F8840CEE746
:10B5C0002DE9F843294890F82300012812D00528D6
:10B5D00010D004280ED007280CD00C280AD0082838
:10B5E00008D0022809D0062807D0092805D00B2842
:10B5F00003D005E0FFF7A5F902E00120FFF702F90B
:10B60000FFF752FE0024FF20FFF732FE641CA4B2B5
:10B610000A2CF8D30224002195220846FFF740FFA8
:10B620000546012802D0641EA4B2F4D2134E0027AE
:10B63000012D37706FD187224FF4D5710820FFF7A5
:10B640002FFF4FF6FE78012829D001220021372054
:10B65000FFF726FF012200212920FFF721FF012803
:10B660005AD8022030704446012209E0A43A002052
:10B670000080224200002242000024421E200020BE
:10B6800000213720FFF70CFF012200212920FFF7BE
:10B6900007FF05004DD0641EA4B2E5D249E00024A6
:10B6A0006F46FF20FFF7E4FD3855641CA4B2042C5C
:10B6B000F7D39DF80200012843D19DF80300AA2882
:10B6C0003FD144464FF08048012200213720FFF748
:10B6D000E7FE012241462920FFF7E2FE050002D0E5
:10B6E000641EA4B2F0D2B4B1012200213A20FFF7C7
:10B6F000D7FE80B90024FF20FFF7BAFD3855641C3F
:10B70000A4B2042CF7D39DF80000400601D5062012
:10B7100000E00420307014E0012030704446012223
:10B7200000211046FFF7BCFE050002D0641EA4B243
:10B73000F5D22CB1012251021020FFF7B1FE00B169
:10B740003770FFF7EDFDFFF7CDFD307810B1002029
:10B75000BDE8F8830DB12846FAE7AA20F8E72DE9FD
:10B76000F0410646374815460078062800D04902C1
:10B770004FF40077012D4FF0010219D01220FFF78E
:10B780008FFE39463046FFF74AFE6D1E044606F529
:10B79000007615F0FF0501D0002CF2D00122002127
:10B7A0000C20FFF77DFEFFF7BBFD2046BDE8F081D2
:10B7B0001120FFF775FE0400F5D139463046FFF73A
:10B7C0002EFE0446EFE770B506461E4815460C46A9
:10B7D0000078062800D04C02012D13D0012809D092
:10B7E000012200213720FFF75BFE012229461720A6
:10B7F000FFF756FE012221461920FFF751FE0400F3
:10B800000AD01AE0012221461820FFF749FE040061
:10B8100013D1FE2130460DE0FC213046FFF718FE23
:10B820006D1E06F5007615F0FF0501D00028F3D057
:10B83000FD210020FFF70CFE0446FFF771FD2046B6
:10B8400070BD00001E200020794810B5016821F469
:10B8500070610160016841F4407101600120FEF7F0
:10B86000DDFD012002F0CAF80120FEF7CDFD012028
:10B8700002F0C4F80020FEF7D1FD0A2002F0BEF865
:10B880000020FEF7C1FDBDE810400A2002F0B6B866
:10B89000674810B5016821F470610160016841F4E6
:10B8A000407101600020FEF7AFFD012002F0A6F814
:10B8B0000020FEF7B3FD012002F0A0F80120FEF702
:10B8C000A3FD0A2002F09AF80120FEF7A7FDBDE8CB
:10B8D00010400A2002F092B870B50546544801683D
:10B8E00021F470610160016841F4407101608024BD
:10B8F0002C4201D1002000E00120FEF78FFD052041
:10B9000002F07CF80120FEF77FFD052002F076F8BA
:10B910000020FEF779FD012002F070F86408E7D1FD
:10B92000BDE87040FEF7DFBD70B504464048002515
:10B93000016821F470410160016841F40041016037
:10B940004FF47A7607E0641EE4B201D2042070BDA1
:10B95000304602F053F8FEF76FFD0028F3D028467A
:10B9600070BD2DE9F04706460020307090460F4626
:10B970000120FEF753FD2E4D286820F470602860EA
:10B98000286840F40060286080240120FEF73CFD18
:10B99000012002F033F84046FFF7C6FF814603203E
:10B9A00002F02CF8286820F470402860286840F4E1
:10B9B00040502860FEF73CFD10B1307820433070D5
:10B9C0000020FEF721FD012002F018F86408DCD108
:10B9D000286820F470602860286840F4407028606F
:10B9E000BFB10120FEF71AFD012002F007F8012087
:10B9F000FEF70AFD052002F001F80020FEF704FD25
:10BA00000120FEF70BFD142001F0F8FF4846BDE8C9
:10BA1000F0870020E6E710B5FFF716FF0020FFF7DC
:10BA20005BFF002803D1BDE81040062054E710BD9D
:10BA300000080140FE494000087040F001004870D5
:10BA4000704738B5044601212020FDF7BCFA0821D3
:10BA5000ADF8001010218DF803100321F54D8DF87D
:10BA6000021069462846FDF7A8F808212846FDF788
:10BA70000EF92046FFF7DEFF38BDFFF709BF70B5AE
:10BA80000546FF20002340F231140FE0EA5C5040ED
:10BA90000822060602D584EA400000E04000521E5B
:10BAA000C0B212F0FF02F4D15B1CDBB28B42EDD3CB
:10BAB00070BD10B51446FFF7E2FFA04201D002208E
:10BAC00010BD002010BD7CB50D460446002168461F
:10BAD000FFF747FF90B9002211460DF10100FFF773
:10BAE00040FF58B90022294601A8FFF73AFF28B9BC
:10BAF0009DF8042002216846FFF7DBFFBDF8001027
:10BB000049BA21807CBD10B5FFF79EFEC848407839
:10BB1000BDE81040FFF7E0BE70B50446000AFFF72D
:10BB2000DBFE0546E0B2FFF7D7FE284370BD10B537
:10BB3000FFF78AFEBE480078BDE81040FFF7CCBE94
:10BB4000F8B50546FFF7F3FF06464FF45E50FFF7E2
:10BB5000E3FF50EA060411D1FFF7D5FF04000DD131
:10BB6000642200216846FFF7AEFF040006D10022E0
:10BB700001210DF10200FFF7A6FF0446FFF788FE42
:10BB80001CB900984FEA304028602046F8BD70B5D7
:10BB90000546FFF7CCFF04000FD14FF22D30FFF721
:10BBA000BBFF040009D1FFF7AEFF040005D100225E
:10BBB00001212846FFF787FF0446FFF769FE20466C
:10BBC00070BD10B5FFF7B3FF040004D143F241008C
:10BBD000FFF7A2FF0446FFF75BFE204610BD10B53D
:10BBE0002DF00EFD94492DF0FEFA94492DF0FBFA4C
:10BBF000BDE8104092492DF028BB10B52DF000FD96
:10BC000090492DF0F0FA8D492DF0EDFA8C492DF088
:10BC10001CFBBDE810408C492DF0DFBA2DE9FC413A
:10BC20001D46174688460646FFF781FF04002FD1C0
:10BC30005FB1012F06D0022F01D0802428E042F20C
:10BC4000164004E042F20B4001E04FF41050FFF7C1
:10BC500063FF040007D01BE0FFF755FF040005D089
:10BC6000012001F0EAFE6D1EEDB2F5D20DB114B166
:10BC70000EE004240CE0002211466846FFF723FF83
:10BC800005460022012101A8FFF71DFF40EA050437
:10BC9000FFF7FEFD54B9BDF80000FFF7AEFF3060BE
:10BCA000BDF80400FFF79BFFC8F800002046BDE880
:10BCB000FC812DE9FC41984615460E460746FFF7E4
:10BCC00036FF040023D15DB1012D06D0022D01D035
:10BCD00080241CE042F6104004E042F60D4001E0F2
:10BCE00042F60640FFF718FF040010D1FFF70BFFE4
:10BCF00004000CD1424600216846FFF7E4FE040030
:10BD000005D10022012101A8FFF7DDFE0446FFF75F
:10BD1000BFFD4CB9BDF80000FFF76FFF3860BDF8FC
:10BD20000400FFF75CFF30602046C0E730B4029C9F
:10BD300023B1012B05D030BC80207047234630BC96
:10BD4000B7E7234630BC69E770B50E460546FFF7F6
:10BD5000EEFE04004BD17DB3012D1AD0022D45D14A
:10BD6000052E43D2DFE806F003060C0F120042F264
:10BD70002F0001E042F22D10FFF7CEFE044636E020
:10BD800042F22B20F8E742F22930F5E742F22A701E
:10BD9000F2E7052E2AD2DFE806F00306090C1000B0
:10BDA00042F22400E8E742F22610E5E742F22020C2
:10BDB000E2E742F22230DFE702E042F22170DBE705
:10BDC000052E13D2DFE806F00306090C0F0042F23D
:10BDD0003200D1E742F23010CEE742F23620CBE714
:10BDE00042F23430C8E742F23770C5E78024FFF7EB
:10BDF0004FFD204670BD7CB50D460646FFF797FE09
:10BE0000040031D14FF46040FFF786FE04002BD1CF
:10BE1000FFF779FE040027D1002211466846FFF79C
:10BE200052FE040020D10022012101A80EE00000F2
:10BE30001F200020001401400000C84200002041E3
:10BE400000FF7F4700002F430000E143FFF73BFE68
:10BE5000040009D1BDF80000FFF7CFFE3060BDF847
:10BE60000400FFF7BCFE2860FFF712FD20467CBDF2
:10BE700010B5FFF75CFE040004D143F26D00FFF73C
:10BE80004BFE0446FFF704FD204610BD10B5FFF73A
:10BE90004EFE040004D143F26600FFF73DFE044667
:10BEA000FFF7F6FC204610BD70B5FFF740FE0546D3
:10BEB00043F2A200FFF730FE40EA0504FFF7E8FC7A
:10BEC0001CB94CF2503001F099FD204670BD10B500
:10BED000234C4FF080502060224801F08FFDA014C9
:10BEE0002060BDE810404CF2503001F087BD38B5FD
:10BEF000010A8DF800108DF8010002216846FFF755
:10BF0000BEFD04469DF80000FFF7E6FC002808D1BE
:10BF10009DF80100FFF7E0FC002802D12046FFF762
:10BF2000DBFC38BD10B510492DF005F90F492DF097
:10BF30008CF90F492DF057F92DF09EFB80B210BD02
:10BF400010B50C492DF081F909492DF04CF92DF06F
:10BF500093FB80B210BD08480068C0F38020704792
:10BF600010140140A08601000000344200002F435D
:10BF700000FF7F470000C842080C014038B50C465E
:10BF8000054602226946442021F056FDBDF8001006
:10BF900045F273525143284A02EB51312960BDF8F2
:10BFA000021043F609525143244A02EB51312160F9
:10BFB00038BD01222249442021F0C7BD70B50C468E
:10BFC0000546FFF7F6FF002807D10A2001F035FDEE
:10BFD00021462846BDE87040D0E770BD1CB5044638
:10BFE00089208DF8000001226946442021F0ADFD32
:10BFF00000280BD10A2001F020FD022201A94420D3
:10C0000021F01AFD01994FEA314121601CBD08B5AC
:10C010006846FFF7E3FF08BD094920B1E02008703A
:10C0200040F6C41003E0FD20087044F6206048800C
:10C0300070474420704700003850FFFF90E8FFFF32
:10C040002220002070B50024254621F0C4FD4FF4C5
:10C050007A7602E0304601F0F0FCFFF7D8FF20B11D
:10C060002046641CE4B20328F4D3032C00D8022534
:10C07000284670BD2DE9FC4101A96846FFF79EFFE7
:10C08000114EDFF84880124D44B26CB12878401C44
:10C0900028702878052804D9002129703160C8F853
:10C0A00000102046BDE8FC810098642790FBF7F063
:10C0B0002DF09DFA3060019890FBF7F02DF097FA83
:10C0C000C8F80000E5E70000B0010060B4010060BE
:10C0D000180000602DE9F041054601F042FAF94EE2
:10C0E000B068401CB0603068F74F10B1706930B371
:10C0F0002BE03560B068012827D1002404EB8400D0
:10C1000007EB800000F0C0FE641C142CF6D3EF484F
:10C1100000F0BAFEED48143000F0B6FEEB482830CF
:10C1200000F0B2FEE9483C3000F0AEFEE748503087
:10C1300000F0AAFEE54870631430B06305E0306893
:10C14000E96AC06A884200D83560706A0121401CE3
:10C150007062E86A326981401143316100EB80000E
:10C1600007EB8000291D00F09DFE01F006FA7069C2
:10C1700000280CD03068E96AC06A884207D2D449E6
:10C180004FF080500860BFF34F8FBFF36F8FBDE853
:10C19000F0812DE9FF5F8346DDE90E87994616465B
:10C1A0008A46900001F00EFA05001AD0542001F0E2
:10C1B00009FA040012D025630021CDE90241CDE93E
:10C1C00000874B4632465146584600F0C8FD20468F
:10C1D000FFF780FF012004B0BDE8F09F284601F082
:10C1E0004AFA4FF0FF30F6E770B5044601F0B9F9AE
:10C1F000B44D04B92C68201D00F078FE58B9E06AEF
:10C20000B14A00EB800152F8211021B9012181408F
:10C21000286988432861A06A18B104F1180000F069
:10C2200065FE686A401C68622868844208D1A74895
:10C23000211D3C3000F036FE6868401C686007E055
:10C24000A868401EA860204600F0DAFD00F0CBFD93
:10C2500001F093F9686900280AD02868844207D160
:10C260009B494FF080500860BFF34F8FBFF36F8F33
:10C2700070BD2DE9F041934F0026386B38B1B86995
:10C28000401CB861F86900B1012630467FE7FD68BF
:10C290006D1CFD6008D1786BB96B7963B863386A3F
:10C2A000401C386200F09FFDB86ADFF81C828542AE
:10C2B00009D3786B006880B1786BC068C468606827
:10C2C00085420DD2B8623868C06A00EB800158F828
:10C2D00021000128D6D90126D4E74FF0FF30F1E73D
:10C2E000201D00F003FEA06A18B104F1180000F050
:10C2F000FDFDE06A01213A6981401143396100EB9B
:10C30000800108EB8100211D00F0CCFDE06A396856
:10C31000C96A8842CDD30126CBE72DE9F047002436
:10C32000274601F01EF9674D286B401E2863286BD5
:10C33000F0BBA868654928310126C8B3DFF88891A9
:10C340008846D8F80010E9B1D8F80C00C46804F1A8
:10C35000180000F0CBFD201D00F0C8FDE06A2A693E
:10C3600006FA00F11143296100EB800109EB81001D
:10C37000211D00F097FDE06A2968C96A8842E0D370
:10C38000EE61DEE70CB100F02EFDAC693CB1FFF7C9
:10C3900070FF00B1EE61641EF9D10020A861E86968
:10C3A00030B14B49012738070860BFF34F8F00E0D9
:10C3B00001E0BFF36F8F01F0E0F83846BDE8F08789
:10C3C0002DE9F0413F4E0F460446F5683068001DE8
:10C3D00000F08CFD38B9306890F82C1001208840AE
:10C3E000316981433161601C08D13FB13168BDE8DA
:10C3F000F04136485030091D00F054BD30682C44DF
:10C40000AC424460316805D2B06BBDE8F041091D13
:10C4100000F054BD706B091D00F050FDB06A8442FD
:10C4200000D2B462B3E62748016B491C0163704730
:10C4300070B50E4605460023FFF7F5FF2148C26898
:10C440002C68A119944202D98C4202D804E08C4293
:10C4500001D8914200D9012329601BB1881A00211B
:10C46000FFF7AEFFFFF759FF002807D118494FF03B
:10C4700080500860BFF34F8FBFF36F8F70BD10B552
:10C48000020009D0FFF7CFFF00211046FFF798FF09
:10C49000FFF743FF002807D10D494FF08050086097
:10C4A000BFF34F8FBFF36F8F10BD10B5044601F07F
:10C4B00058F80CB903480468E46A01F05EF82046B5
:10C4C00010BD00001C00006050230020E02400206C
:10C4D00004ED00E0BF22EFF3118182F31188BFF376
:10C4E0004F8FBFF36F8F08B9F7480068C06A81F3B8
:10C4F000118870472DE9F04100260D4604461429A5
:10C5000000D3132501F02DF8EF4F04B93C68606C9F
:10C51000A8423FD03968854206D98C4207D0396895
:10C52000C96AA94202D902E08C4200D10126E16A1F
:10C530008846884200D1E5626564A069002802DB74
:10C54000C5F11400A061E14D08EB8800616905EBBD
:10C550008000814215D1201D00F0C8FC012120B9C6
:10C560003A6901FA08F082433A61E06A3A69814027
:10C570001143396100EB800005EB8000211D00F0C4
:10C5800091FC3EB1D2494FF080500860BFF34F8F0D
:10C59000BFF36F8FBDE8F04100F0EFBF10B5CA4C9C
:10C5A000206B10B10120E0618AE70020E061206883
:10C5B0004FF0A532006B0168914208D14168914269
:10C5C00005D18168914202D1C068904204D02168AF
:10C5D0002068343117F053F82069BC49B0FA80F074
:10C5E000C0F11F0000EB800001EB800000F10802A9
:10C5F000416849684160914201D149684160C86819
:10C6000020605DE770B5044600F0ABFFAE4D04B9A5
:10C610002C68201D00F06AFC58B9E06AAB4900EBB9
:10C62000800251F8221021B90121814028698843F4
:10C630002861A06A18B104F1180000F057FC211D10
:10C64000A44800F02FFC00F098FF686928B100F0C2
:10C6500088FF00F0C8FB00F090FF2868844209D1F1
:10C66000686940B19A494FF080500860BFF34F8F1E
:10C67000BFF36F8F70BD9748A9680068884202D1E8
:10C680000020286070BDBDE8704087E770B50400E9
:10C690002BD08D4D2868844227D000F062FF2046C1
:10C6A00000F0B8FBE8B1201D00F020FCE06A012199
:10C6B0002A69814011432961844900EB800001EB24
:10C6C0008000211D00F0EEFBE06A2968C96A8842FB
:10C6D00007D37F494FF080500860BFF34F8FBFF3FF
:10C6E0006F8FBDE8704000F048BF70BD2DE9F0418C
:10C6F00004460026BF20EFF3118580F31188BFF3B5
:10C700004F8FBFF36F8F204600F084FBF0B16E4F68
:10C71000386B20B16F4804F11801283814E0E06A42
:10C720003968C96A884200D30126201D00F0DEFB6B
:10C73000E06A01213A69814011433961634900EBA4
:10C74000800001EB8000211D00F0ACFB85F3118817
:10C7500030461CE55D4E4FF080545D4D00F068FBA7
:10C7600030680128FAD92C60BFF34F8FBFF36F8F69
:10C77000F4E71CB5544800242C30CDE90040234692
:10C78000802255A15648FFF704FD012811D1BF2092
:10C7900080F31188BFF34F8FBFF36F8F4A484FF07C
:10C7A000FF31816201214161C460BDE81C4000F09D
:10C7B000C4BE1CBDBF2080F31188BFF34F8FBFF3F1
:10C7C0006F8F41490020486100F0CABE3E48C068F2
:10C7D00070473D48C06870473B488068704708B95B
:10C7E0003948006834307047024610B536480C4668
:10C7F00001681046183100F061FB2046BDE810408A
:10C800000121DDE5034641F0004010B52E491446F4
:10C810000A68906109681846183100F043FB204609
:10C82000BDE810400121CBE52DE9F041C068C468A6
:10C8300004F11800074600F059FB234D286B012630
:10C8400060B124483946283800F02CFBE06A29689A
:10C85000C96A884212D90120EE6198E4201D00F0D7
:10C8600045FBE06A2A6906FA00F11143296117497C
:10C8700000EB800001EB8000211DE5E7002086E44D
:10C8800070B541F000410160C46800F02FFB201D2D
:10C8900000F02CFB0C4DE06A01262A6906FA00F133
:10C8A00011432961094900EB800001EB8000211D43
:10C8B00000F0F8FAE06A2968C96A884202D90120C2
:10C8C000EE6170BD002070BD1C0000605023002090
:10C8D00004ED00E03025002049444C4500000000F4
:10C8E00055C70008FE490A6A0260C968416070477E
:10C8F00070B50D46044600F034FEF949CA68286850
:10C90000431C0FD02368096A8B4202D061689142B0
:10C910000AD96168511A814206D2401A286020461D
:10C92000FFF7E0FF002400E0012400F026FE20468F
:10C93000C9E7EB490120C861704708B9E8480068B9
:10C940000021006B01E0401C491C0278A52AFAD0A6
:10C95000C1F38F007047E24800687047E0484169C2
:10C9600019B1006B18B100207047012070470220F8
:10C97000704770B50400A6D0D94DE06A2968C96A2D
:10C980008842A0D2A069002804DB2868C06AC0F1F0
:10C990001400A061E06AD34E00EB8000616906EBF1
:10C9A000800081421FD1201D00F0A0FA012150B962
:10C9B000E06A00EB800256F8222022B92A6901FAC7
:10C9C00000F082432A612868C06AE0622A698140D7
:10C9D0001143296100EB800006EB8000211DBDE8BA
:10C9E000704000F05FBA2868C06AE0626BE770B51B
:10C9F00004004FF000002CD0A16C491EA164636CB0
:10CA0000E26A9A4225D0002923D1201D00F06EFA57
:10CA1000B44AB349012350B9E06A00EB800552F8EB
:10CA2000255025B90D6903FA00F085430D61606C4E
:10CA3000E062C0F11400A061E06A0D6983402B43FD
:10CA40000B6100EB800002EB8000211D00F02AFA50
:10CA5000012038E7A24908680A688069D26A096833
:10CA6000C2F114028A6170479D49086818B10868CC
:10CA7000826C521C82640868704770B50C4606468A
:10CA800000F06FFD964D2868C06C80B929680120C0
:10CA900081F850005CB101212046FFF791FC9249DA
:10CAA0004FF080500860BFF34F8FBFF36F8F00F0DF
:10CAB00064FD00F056FD2868C46C002034B116B146
:10CAC0002968C86402E02A68611ED164296881F877
:10CAD000500000F052FD2046F5E62DE9F0411E46DB
:10CAE00015468846074600F03CFD7D4C206890F8CE
:10CAF0005000022814D02068C16CB943C164216879
:10CB0000012081F850005EB101213046FFF758FC4A
:10CB100075494FF080500860BFF34F8FBFF36F8FA0
:10CB200000F02BFD00F01DFD15B12068C06C2860E1
:10CB3000206890F8500001280DD02068C16C21EACF
:10CB40000801C16401252168002081F8500000F02F
:10CB500014FD284666E40025F5E72DE9F0411F465F
:10CB600090460D460446012600F0FBFC0FB1E06C38
:10CB7000386094F85000022184F85010B8F1050F85
:10CB80000ED2DFE808F00D03060C0A00E16C294321
:10CB900001E0E16C491CE16402E0022803D0E56495
:10CBA000012802D020E000261EE0201D00F09EF9A2
:10CBB0004B4DE06A01212A698140114329614949AD
:10CBC00000EB800001EB8000211D00F06BF9E06AB2
:10CBD0002968C96A884207D943494FF080500860E4
:10CBE000BFF34F8FBFF36F8F00F0C7FC304619E4DF
:10CBF0002DE9F04704464FF00108BF20EFF31185FF
:10CC0000DDF8209080F31188BFF34F8FBFF36F8F53
:10CC10000BB1E06C186094F85000022384F8503097
:10CC2000052A0ED2DFE802F00D03070C0A00E26CC1
:10CC30000A43E26405E0E16C491C01E0022803D0EC
:10CC4000E164012803D027E04FF0000824E0244EDF
:10CC5000306B012778B104F11801244800F022F963
:10CC6000E06A3168C96A884216D9B9F1000F12D05A
:10CC7000C9F8007010E0201D00F038F9E06A326950
:10CC800007FA00F111433161164900EB800001EB16
:10CC90008000211DE2E7F76185F311884046BDE879
:10CCA000F0872DE9F04104468846BF20EFF3118755
:10CCB00080F31188BFF34F8FBFF36F8F94F850103C
:10CCC000022084F85000E06C401CE06401292DD162
:10CCD000034D286B0126C0B104F11801034807E099
:10CCE0001C0000605023002004ED00E00825002017
:10CCF00000F0D8F8E06A2968C96A884216D9B8F104
:10CD0000000F12D0C8F8006010E0201D00F0EEF80F
:10CD1000E06A2A6906FA00F111432961574900EBDC
:10CD2000800001EB8000211DD9E7EE6187F31188B7
:10CD30000FE510B558B1044600F013FC94F850000C
:10CD4000022807D0002400F018FC20462CE44C48B0
:10CD50000468F1E7002084F850000124F3E72DE98E
:10CD6000F0470E46DDE90984174682469100994650
:10CD7000089DA522206B2CF05FF86FF00301206B5B
:10CD800001EB8701084420F0070700202218315CDE
:10CD900082F83410315C11B1401C1028F6D3002603
:10CDA00084F84360142D00D31325E562C4E91156BD
:10CDB000201D00F074F804F1180000F070F82461F0
:10CDC000C5F114006462A061E66484F850604A46CC
:10CDD0005146384600F09AFB2060B8F1000F01D0B0
:10CDE000C8F800405BE72648416B096829B1416BF0
:10CDF000C968C9684968816270474FF0FF31FAE736
:10CE000010B50446006B00F036FC2046BDE810402B
:10CE100000F031BC1B4B426900219A4206D1806A66
:10CE2000A3F12802904201D000B9012108467047C1
:10CE300070B5144E124D143E1CE0FFF7F4FA306842
:10CE400020B10024FFF769FAA4B901E00124F9E751
:10CE500000F087FBF068C468201D00F047F8A86860
:10CE6000401EA8606868401E686000F086FB20468F
:10CE7000FFF7C6FF68680028DFD124E550230020B3
:10CE80001C0000603025002000F108014FF0FF3247
:10CE9000C0E90112C16001610021016070470021F9
:10CEA0000161704742684A6093688B60936859607B
:10CEB000916008610168491C0160704730B50C68D9
:10CEC000621C02D000F1080202E0026904E01A4686
:10CED00053681D68A542FAD953684B6099608A600F
:10CEE000516008610168491C016030BDD0E9013220
:10CEF00001699A60D0E901235A604A68824201D1EF
:10CF000082684A60002202610868401E086070471B
:10CF100070B50D46044600F024FBD4E90F122068DA
:10CF200001FB020060600020A0632068A060014651
:10CF3000E06B401E00FB0210E0604FF0FF3084F811
:10CF4000440084F8450004F110004DB1FFF79CFF48
:10CF500004F12400FFF798FF00F00FFB012070BDE3
:10CF600021690029F8D0FFF75FFC0028F4D0FF49C1
:10CF70004FF080500860BFF34F8FBFF36F8FEBE728
:10CF800070B50D00064612D006FB05F0483000F0E3
:10CF900019FB040009D004F1480120464DB101609D
:10CFA000C0E90F650121FFF7B3FF204670BD0020E7
:10CFB000ECE70060F4E72DE9F041044600F0D1FA17
:10CFC00094F9455004F1240609E0606A48B13046FE
:10CFD000FFF72AFC08B1FFF7ACFC6D1E6DB2002D07
:10CFE000F3DC4FF0FF3684F8456000F0C6FA00F03D
:10CFF000B8FA94F9445004F1100709E0206948B1E7
:10D000003846FFF711FC08B1FFF793FC6D1E6DB2B7
:10D01000002DF3DC84F84460BDE8F04100F0ADBAC7
:10D020002DE9F041856B174604460026026C82B15B
:10D03000C7B1E0682BF0EEFEE168206C091AE160F0
:10D040002268914202D26168081AE060022F16D06D
:10D0500017E02068A8B96068FFF7C9FC0646002001
:10D0600060600EE0A0682BF0D5FE216CA06808443B
:10D07000A0606168884204D32068A06001E005B127
:10D080006D1E6D1CA5633046BDE8F0812DE9FF4F94
:10D09000002683B09A468B460446B1464FF080572F
:10D0A000DFF8C88200F05DFAA06BE16B884206D31E
:10D0B000BAF1020F03D00598C8B1DEB11EE05246A6
:10D0C00059462046FFF7ACFF616A19B104F124000C
:10D0D000FFF7AAFB28B1C8F80070BFF34F8FBFF36A
:10D0E0006F8F00F04AFA012007B0BDE8F08F00F022
:10D0F00044FA21E06846FFF7F5FB012600F03DFA0F
:10D10000FFF791F900F02DFA94F94400401C01D189
:10D1100084F8449094F94500401C01D184F845906E
:10D1200000F02BFA05A96846FFF7E2FB30B1204674
:10D13000FFF741FFFFF7F1F80020D5E700F011FA03
:10D14000A06BE16B884201D1012500E0002500F0D1
:10D1500014FA95B104F110000599FFF745FB20463C
:10D16000FFF729FFFFF7D9F800289BD1C8F8007016
:10D17000BFF34F8FBFF36F8F94E72046FFF71BFF7E
:10D18000FFF7CBF88EE710B5024600210120FFF72C
:10D19000F7FE041E07D00021416001600B460A46DD
:10D1A000C160FFF773FF204610BD10B50446FFF7BE
:10D1B000D2FB616888420BD1E068401EE06005D177
:10D1C00000231A4619462046FFF760FF012010BDD4
:10D1D000002010BD30B4026C0B46002A0BD0C16891
:10D1E0001144C1604468A14201D30168C16030BCF0
:10D1F00018462BF00FBE30BC70472DE9FF4F0026BC
:10D2000083B09A468B460446B1464FF08057DFF80C
:10D210005C8100F0A6F9A56B35B359462046E66857
:10D22000FFF7D8FFBAF1000F11D0E660606A50B185
:10D2300004F12400FFF7F8FA28B1C8F80070BFF332
:10D240004F8FBFF36F8F00F098F901204CE76D1EF0
:10D25000A563206810B9FFF707FC6060206900280B
:10D26000F1D004F11000E5E7059808B11EB106E021
:10D2700000F083F927E06846FFF734FB012600F051
:10D280007CF9FFF7D0F800F06CF994F94400401CE9
:10D2900001D184F8449094F94500401C01D184F8F0
:10D2A000459000F06AF905A96846FFF721FB0028C0
:10D2B00020460AD0FFF77FFEFFF72FF8204600F048
:10D2C0000FF90028A5D000200EE700F009F9D8B129
:10D2D000206830B900F045F96068FFF74AFB00F0BC
:10D2E0004CF904F124000599FFF77EFA2046FFF778
:10D2F00062FEFFF712F800288BD1C8F80070BFF368
:10D300004F8FBFF36F8F84E72046FFF754FEFFF780
:10D3100004F87EE770B50D460446FFF71CFB616814
:10D32000884204D1E068401CE060012070BD002309
:10D330002A4619462046FFF760FF0028F6D0E1682C
:10D34000491CE16070BD2DE9F04104461746BF203D
:10D35000EFF3118680F31188BFF34F8FBFF36F8F08
:10D36000A06BE26B904208D3022B01E004ED00E0D9
:10D3700003D0002086F3118886E694F945501A46BA
:10D380002046FFF74DFE681C04D06D1C84F8455004
:10D390000120EFE7606A0028FAD004F12400FFF7CB
:10D3A00043FA0028F4D0002FF2D001203860EFE7D4
:10D3B00070B50D46BF21EFF3118481F31188BFF3DF
:10D3C0004F8FBFF36F8F816BC26B8A4217D990F971
:10D3D0004520491C8163511C04D0521C80F8452013
:10D3E00001200DE0416A0029FAD02430FFF71CFA31
:10D3F0000028F5D0002DF3D001202860F0E70020B0
:10D4000084F3118870BD2DE9F04104469046BF2099
:10D41000EFF3118780F31188BFF34F8FBFF36F8F46
:10D42000A66BEEB194F944502046FFF7D3FE761E6A
:10D43000A663681C04D06D1C84F84450012010E0E1
:10D4400020690028FAD004F11000FFF7EDF9002858
:10D45000F4D0B8F1000FF1D00121C8F80010EDE7C9
:10D46000002087F311880FE670B50446BF20EFF364
:10D47000118580F31188BFF34F8FBFF36F8FA06BBF
:10D4800028B12046E668FFF7A5FE0120E66085F397
:10D49000118870BD10B5044600F063F8A46B00F06D
:10D4A0006CF8204610BD10B5044600F05AF8D4E9D7
:10D4B0000E10441A00F061F8204610BD806B7047D2
:10D4C00000F0D9B8806B08B1002070470120704788
:10D4D000816BC06B814201D10120704700207047F1
:10D4E00010B5044600F03DF8A06B20B1002400F018
:10D4F00044F8204610BD0124F9E70000BF2080F366
:10D500001188BFF34F8FBFF36F8FFEE710B5031F76
:10D510004FF080741C601B1F21F001011960191F5E
:10D52000244B0B60143940380A6010BD4FF0E020E6
:10D5300021494161072101617047204810B5016808
:10D5400041F47F010160016841F07F410160FFF714
:10D55000EDFF1B4900200860FAF70CFE002010BD0B
:10D560007047BF2080F31188BFF34F8FBFF36F8FD9
:10D5700013480168491C0160704711490868401E42
:10D58000086001D180F31188704710B5BF2080F387
:10D590001188BFF34F8FBFF36F8FFEF76AFE20B184
:10D5A00006494FF080501C390860002080F3118834
:10D5B00010BD0000FDD400083F19010020ED00E07F
:10D5C000580000602DE9F04104460025FEF72BFFCE
:10D5D000394E06F10801706801F1080368B937484F
:10D5E000002720F00700C1E900074EF6F872C3E9F2
:10D5F0000072C0E90032012070603CB1083460075D
:10D6000004D004F00700C0F108000444601E4EF688
:10D61000F772904227D2284A0968083201E00A4688
:10D6200001464868A04202D208680028F7D1994212
:10D6300019D015680868106048680835001B102864
:10D640000DD90B1958601C484C6008305C6800E02C
:10D65000104602685768A742FAD31A600360486808
:10D660003168081A3060FEF758FE0DB916F004F85C
:10D670002846BDE8F08110B5002817D0A0F10804B5
:10D68000FEF7D1FE0C496068083100E011460A68D7
:10D6900053688342FAD3226007480C6061680268CD
:10D6A00011440160BDE81040FEF737BE10BD0248CE
:10D6B00000687047704700005C0000605C15006007
:10D6C000704770B5BA4D044640212846FCF75EFD10
:10D6D0000028F9D0A1B22846FCF7F7FC204670BD1F
:10D6E0002DE9F043814687B0012144F23400FBF775
:10D6F0006AFCAF4D2846FCF7EFFB6815ADF810004B
:10D7000003208DF812001820DFF8A8828DF813008E
:10D7100004A94046FBF751FA2E15ADF8106004201D
:10D720008DF8130004A94046FBF747FAAF15ADF892
:10D73000107010248DF8134004A94046FBF73DFA01
:10D74000ADF810708DF8134004A99B48FBF735FA2B
:10D7500025208DF8140000248DF8154001208DF847
:10D7600016008DF8170005A8FAF789FE934ACDF840
:10D770000090A81492F85210022925D0012926D031
:10D78000ADF80840ADF8044092F8551001292AD0B0
:10D79000022923D0032924D0ADF806400C20ADF88F
:10D7A0000A00ADF80C4069462846FCF7C5FB01228B
:10D7B00040F225512846FCF73CFC01212846FCF7A5
:10D7C0002EFC07B0BDE8F083ADF8086003E04FF42D
:10D7D000C061ADF80810ADF80400D5E74FF4005073
:10D7E00001E04FF44050ADF80600D7E72DE9F043D3
:10D7F0008146012187B08804FBF7EEFB0121482018
:10D80000FBF7E1FB6E4D2846FCF766FB2E15ADF8E5
:10D81000106003278DF812701820DFF8A8818DF8AA
:10D82000130004A94046FBF7C8F9EC14ADF810400A
:10D8300004208DF8130004A94046FBF7BEF9ADF8AB
:10D84000104010208DF8130004A95F48FBF7B5F9CC
:10D8500027208DF8140000248DF815408DF81670DF
:10D8600001208DF8170005A8FAF709FE534ACDF8F4
:10D870000090ADF8044092F85410A814022923D067
:10D88000012924D0ADF80840ADF8044092F85710B3
:10D89000012928D0022921D0032922D0ADF8064041
:10D8A0000C20ADF80A00ADF80C4069462846FCF79C
:10D8B00043FB012240F225512846FCF7BAFB012127
:10D8C0002846FCF7ACFB7CE7ADF8086003E04FF4BA
:10D8D000C061ADF80810ADF80400D7E74FF4005070
:10D8E00001E04FF44050ADF80600D9E72DE9F043D0
:10D8F0008146012187B04804FBF76EFB012104201B
:10D90000FBF761FB314E3046FCF7E6FA0427ADF831
:10D91000007003258DF802501820DFF898808DF8EC
:10D92000030069464046FBF748F90824ADF800407B
:10D930008DF8037069464046FBF73FF91F4890F8A1
:10D940002310012901D0052908D1ADF8004010208D
:10D950008DF8030069461E48FBF72FF926208DF845
:10D96000140000248DF815408DF8165001208DF814
:10D97000170005A8FAF783FDADF80C400C20ADF8B0
:10D980000840ADF80E00CDF80490ADF80A40ADF8AF
:10D99000104001A93046FCF7CFFA012240F2255190
:10D9A0003046FCF746FB01213046FCF738FB08E720
:10D9B000003801400008014000140140A43A002052
:10D9C00000480040000C01400018014000440040A5
:10D9D000001001404FF0E0210A6922F004020A61C0
:10D9E000224AC0084FF47A731070584301235380C1
:10D9F0004861086940F00100086170472DE9F04175
:10DA00004FF0E02700247E691849097800FB01F5F2
:10DA1000FFF7A7FDB969B8698842FCD002D2A1EB33
:10DA2000000102E0A6EB000211440C440146AC42A6
:10DA3000F1D3BDE8F041FFF7A0BD70B50446FEF795
:10DA40008DFF01280CD0094D6888844203D3B4FBB4
:10DA5000F0F0FEF714FD6888B4FBF0F100FB114410
:10DA60004FF47A706043BDE87040C7E7740000600F
:10DA7000F749C1F8A001704738B50A46062814D006
:10DA8000052819D0F34C08B3092829D0F24C0128F5
:10DA90002FD0032839D0F14C02283FD0042842D09F
:10DAA0000A284FD00B286FD08AE0042AFCD201EB61
:10DAB0004110EB49084443E0082AF5D2C1EBC1000C
:10DAC000E84900EB400001EB400039E069461046B0
:10DAD0000EF08CF908E0C0EBC00101EB40102EE025
:10DAE000694610460EF090F99DF80000802867D234
:10DAF000F1E7694610460EF095F90AE0C0EBC00167
:10DB000001EB001004EB40001AE0694610460EF0ED
:10DB100097F99DF80000402852D2EFE76946104679
:10DB20000EF09CF903E0694610460EF0A5F99DF849
:10DB30000000402844D2C0EB001000EB400020441D
:10DB4000153038BDD2B1012A1AD0022A1AD0032AC0
:10DB50001BD0042A1BD0052A1BD0062A1BD0072A5B
:10DB60001BD0082A1BD0092A1BD00A2A1BD00B2A3B
:10DB70001BD00C2A1BD00D291BD01DE0BAA038BD2C
:10DB8000BDA038BDBFA038BD15E0C3A0FBE7C6A04F
:10DB9000F9E7CBA0F7E7CEA0F5E7D0A0F3E7D2A056
:10DBA000F1E7D4A0EFE7D6A0EDE7D8A0EBE7DAA045
:10DBB000E9E7DCA0E7E709B1DDA0E4E7DFA0E2E701
:10DBC0000020E0E738B50A46052814D006281CD006
:10DBD000A04C08B3092829D09F4C01282FD0032836
:10DBE00032D09E4C02283ED0042841D00B284DD084
:10DBF0000A284ED086E0082AFCD2C1EBC100994920
:10DC000000EB400001EB4000BDE7042A7AD201EBB3
:10DC1000411093490844B6E7694610460EF0E6F80D
:10DC200008E0C0EBC00101EB40102DE06946104652
:10DC30000EF0EAF89DF80000802863D2F1E769460B
:10DC400010460EF0EFF803E0694610460EF0F8F8C3
:10DC50009DF80000402855D2C0EBC00101EB001038
:10DC600004EB40008FE7694610460EF0F7F803E03A
:10DC7000694610460EF000F99DF80000402841D298
:10DC8000C0EB001000EB400020447CE7E1B9AEA0FF
:10DC900079E7DAB1012A1BD0022A1BD0032A1BD054
:10DCA000042A1BD0052A1BD0062A1BD0072A1BD00A
:10DCB000082A1BD0092A1BD00A2A1BD00B2A1BD0EA
:10DCC0000C2A1BD00D291BD099A05CE766A05AE74F
:10DCD00069A058E76BA056E76FA054E79EA052E7F3
:10DCE00077A050E77AA04EE77CA04CE77EA04AE7F9
:10DCF00080A048E782A046E784A044E786A042E7E8
:10DD000088A040E700203EE708B50A4640B1012858
:10DD100057D002287ED004287DD003287BD047E14D
:10DD2000694610460EF062F89DF80000802873D214
:10DD3000C0EBC00101EB40114648014491F82600B8
:10DD4000002827D091F82310002923D0012873D070
:10DD5000022873D00B286DD00C281CD00D281CD0A5
:10DD60000E2868D010281AD011281AD012281AD0DC
:10DD700013281AD004281AD005281AD008281AD037
:10DD800009281AD007281AD017285BD018285BD08A
:10DD900016285BD00AE1062008BD032008BD4920F3
:10DDA00008BD482008BD472008BD462008BD3520D5
:10DDB00008BD362008BD2F2008BD302008BD242016
:10DDC00008BD694610460EF02DF89DF80000402869
:10DDD00022D2C0EBC00101EB00111F4800EB410053
:10DDE00090F8281019B390F82D00032824D00728A4
:10DDF00022D0092820D0042820D008281ED00A28A4
:10DE00001CD00D2817D0132814D00B2812D010289E
:10DE10001CD002E0A8E0C7E0CAE0112816D0122802
:10DE200014D01A280CD01B280CD01C280CD0BDE014
:10DE300002E003E0B2E0B5E03E2008BD402008BDAE
:10DE40001B2008BD1D2008BD602008BDA8E0000003
:10DE500000002142B21D0260365300202CC3046032
:10DE60007C8C02606C84026070616E656C206E75E3
:10DE70006D6265720000000064656164206D61730D
:10DE8000746572006C63642074696D65206F6666EA
:10DE90002064656C6179000064697361626C65205F
:10DEA00069636F6E000000006C63642064697370C6
:10DEB0006C617920636F6E6669677572650000003A
:10DEC00069636F6E20636F6E6669677572650000C7
:10DED00072616E67655F494E3100000072616E6766
:10DEE000655F494E3200000072616E67655F494EA2
:10DEF0003300000072616E67655F494E34000000B8
:10DF000072616E67655F494E3500000072616E6731
:10DF1000655F494E3600000072616E67655F494E6D
:10DF20003700000072616E67655F494E380000007F
:10DF300072657365727665640000000046414E208C
:10DF40004D4F44450000000046414E204D4F444592
:10DF500020545950450000006C636420636F6E6666
:10DF60006967757265000000694610460DF076FF1E
:10DF70009DF80000C0EB001000EB4001F74808449A
:10DF800090F9280090B1012808D0022808D005286F
:10DF900006D0042804D0062804D007E0052008BDD8
:10DFA000622008BD022008BD402901D25F2008BDC3
:10DFB000002008BD38B5E94C0A4602280FD00428D5
:10DFC00012D005281ED0062826D0E54C60B30928BB
:10DFD0002FD0E44C01283CD0032851D058E06946AA
:10DFE00010460DF03BFF03E0694610460DF044FF7C
:10DFF0009DF80000C0EB001000EB4000204490F8BA
:10E000002600C0E5082A43D2C1EBC100D64900EB87
:10E01000400001EB400005E0042A39D201EB411039
:10E02000D2490844C07FAEE5694610460DF0DEFED9
:10E0300003E0694610460DF0E7FE9DF800008028D9
:10E0400026D2C0EBC00101EB4010204490F8220022
:10E0500099E5694610460DF0E5FE9DF80000802820
:10E0600018D2C0EBC00101EB001004EB400090F8A7
:10E07000271001290ED090F8230000F00F0082E550
:10E08000694610460DF0DCFE9DF800008028E8D3BC
:10E09000002078E5012076E52DE9F84FDFF8D08201
:10E0A000DFF8D0B2DFF8B892AE4DDFF8CCA2AB4FBC
:10E0B00016460C460C2817D2DFE800F006516142E4
:10E0C000D7F3F2161617F1F0694610460DF08EFEE2
:10E0D0009DF80000C0EBC00101EB401101EB09000D
:10E0E00090F8231001297AD085E1694610460DF099
:10E0F0008BFE9DF80000C0EBC00101EB401101EB6D
:10E10000090090F823100029EED190F82610A1F113
:10E110000C020A2A11D90B3A072A0BD801EBC102CB
:10E1200002EB011202EB0801A1F5805191F8C11D2B
:10E13000012902D090F8240048E090F824004BE038
:10E14000694610460DF07CFE9DF80000C0EBC00152
:10E1500001EB001005EB400090F82810F9B169467A
:10E1600030460DF05FFE9DF80000C0EBC00101EBF2
:10E17000001005EB400090F8281001292FD06946C7
:10E1800030460DF06BFE7D489BF800100078084487
:10E190009DF80010884233D80F2C2BD089E090F8DE
:10E1A0002D10A1F10C020A2A14D90B3A072A0BD818
:10E1B00001EBC10202EB011202EB0801A1F5805153
:10E1C00091F8C11D012905D090F82600012849D0F9
:10E1D00011E104E090F8260001287AD042E0D0F85E
:10E1E0001E0027F077FA2BF002FABDE8F84F6449D9
:10E1F0002BF02BB8C1EB011000EB40003844EEE7E8
:10E20000604E06EB811050F82420504682421DD00B
:10E21000C1EB011000EB4000384490F82310B9B175
:10E220000AF093FD9DF80050A8420BD806EB85102C
:10E23000534950F824002AF0D6FF2BF01DFA52491A
:10E2400021F8150006EB851050F82400BDE8F88F82
:10E2500012F0FF4100D0012190F928003DE0C1BB40
:10E2600000E0B1B34FF07E50F0E7694610460DF084
:10E2700003FE42489BF80010007808449DF8001007
:10E2800088420FD80F2C14D1C1EB011000EB4000D5
:10E290003844D0F81E00A0B3012089E0AAE03FE096
:10E2A00038E02FE0374800EB811050F8240050454B
:10E2B00001D15046CAE7C1EB011101EB4101CA1976
:10E2C00092F823100029C1D110F0FF4F02D0012194
:10E2D00001E090E0002192F92800A0F10C020A2A46
:10E2E000BDD90B3A072ABCD800EBC00202EB0012E2
:10E2F00002EB0800A0F5805090F8C10D0128B0D1C4
:10E30000ADE755E0C2EBC200174900EB400001EB5E
:10E31000400003E0154902EB42100844807FBAE751
:10E320001A480E2A12D2DFE802F0070A1316113536
:10E33000383D474C51565B601548007838E090F8FE
:10E340005A00010602D500F07F0031E000202FE0E6
:10E3500090F850002CE090F85B0029E02CC304609A
:10E36000B21D0260365300206C8402607C8C026017
:10E370001A1902609900006000007F43E22000202B
:10E3800000007A4468B502606E060260A43A00207C
:10E39000AF20002090F867000AE095F82D0095F96D
:10E3A000281003E095F85B0095F9561000EB01206A
:10E3B000BDE8F84F2BF024B995F8890095F9841041
:10E3C000F4E795F8B70095F9B210EFE795F8E50096
:10E3D00095F9E010EAE795F8130195F90E11E5E7D4
:10E3E00095F8410195F93C11E0E795F86F0195F931
:10E3F0006A11DBE70AB1002028E7D9F82F01BDE850
:10E40000F84F4FF47A7190FBF1F02BF0F0B8F94827
:10E410007047F94B00EBC00003EBC00000EBC100FC
:10E42000805C704730B5F54C01EBC10104EB011481
:10E4300004EB021404EB4305ADF5197D6D788DF8FE
:10E44000005014F813408DF8014000248DF802406C
:10E450008DF80340E84C04EBC10101EBC20140F22E
:10E460006222C95CCDF8071009218DF806106946B3
:10E470002AF0D0FC0DF5197D30BD10B50346DE4CF9
:10E4800003EBC303002004EBC303024603EBC1010B
:10E490008B5CFF2B01D0401CC0B2521CD2B2082AA8
:10E4A000F6D310BD2DE9F043D54B012500EBC0009C
:10E4B0001D70D44BD14F00241D741D76CE4BFF260A
:10E4C00003EBC00307EB001003EBC10300EB0110EB
:10E4D0004AB900EB4401497811B910F8141031B170
:10E4E00025EA04011955195DFF2902D00BE01E55DC
:10E4F0001DE000EB4401497811B910F81410B1B1D6
:10E5000025EA04011955641CE4B2082CE0D300226A
:10E51000995CFF2944D000EB420810F8124098F8AB
:10E520000110C1EB011104EB8104511C35E00CB169
:10E530001E55E8E7C17809B9817809B11D70E2E795
:10E540001E70E0E75D5CA946FF2D25D000EB41077A
:10E5500010F811607D78C5EB051506EB8506B44211
:10E560001AD9254634463C26B4FBF6FC88F801C08F
:10E57000B4FBF6FC06FB1C4C00F812C0B5FBF6FC25
:10E5800087F801C0B5FBF6F706FB175500F81150E8
:10E590009D5C03F802905D54491CC9B20829D1D38F
:10E5A000521CD2B2082AB3D3BDE8F08330B500259F
:10E5B0000024012221462846FFF774FF641CE4B2C0
:10E5C000092CF6D36D1CEDB2082DF1D330BD00201F
:10E5D000704770B5C0EBC00303EB001000228A4BFC
:10E5E000114603EB400501246B5C002004FA00F6A1
:10E5F000334201D0521C92B2401C80B20828F5D39D
:10E60000491C89B22E29EFD3D0B270BDC0EBC00136
:10E6100001EB00107C4901EB40002E212AF013BCD5
:10E6200070B57A4E421C93B2B279794D920708D0F8
:10E630001C226A700022AC5C9C4204D21B1B9BB261
:10E6400005E01D22F5E7521C8A70CB700C22521C8B
:10E6500092B20C2AEFD3B6F807200723824208D9DA
:10E66000101A90FBF3F203FB12003279101AC01D4E
:10E6700006E0801A90FBF3F203FB1200327910449B
:10E6800080B2B0FBF3F203FB1200401C0871B079BA
:10E6900000F5FA60088070BD2DE9FC438146C1EBAE
:10E6A000C10000EB0110584900269046354601EBA9
:10E6B00040074FF0010C0024785D0CFA04F1084289
:10E6C0000AD0B04506D104EBC500401E80B26946B1
:10E6D000FFF7A6FF761CB6B2641CA4B2082CEBD3DD
:10E6E0006D1CADB22E2DE6D30099C9F800109DF82F
:10E6F000041089F80410BDE8FC832DE9F843404973
:10E700000125404F00261C460D70012817D0DFF868
:10E71000048102286DD0042869D1694610460DF0A5
:10E72000ABFB9DF80000402861D2C0EB001000EB6D
:10E73000400101EB08003D7080F8236085E06946E8
:10E7400010460DF06FFB9DF8000040284FD2324973
:10E750005F2C16D03E2C1DD0402C1DD0032C25D074
:10E76000052C33D0032C41D0C0EBC00202EB0010CB
:10E7700001EB400010F8231F01F00F0141F04001B0
:10E7800033E0C0EBC00202EB001201EB420282F860
:10E790002D60E9E7032200E00422C0EBC00303EB95
:10E7A000001301EB430383F82D20DDE7C0EBC0032A
:10E7B00003EB001001EB40000D2280F82D2010F833
:10E7C000231F01F00F0141F010010EE0C0EBC00368
:10E7D00003EB001001EB4000132280F82D2010F80D
:10E7E000231F01F00F0141F0300101707D70BDE881
:10E7F000F88319E018E702603C8A0260BC85026079
:10E800008E2100205E190360008D026044230020E9
:10E81000E20802602CC304603653002080F82860B0
:10E82000E5E780F82850E2E7694610460DF016FB50
:10E830009DF800004028DAD2C0EB001000EB400148
:10E8400001EB08003D7080F823505F2CE9D1E5E72B
:10E850002DE9F843F9490125F94EFA4FDFF8E8832D
:10E86000DFF8E8931C460D700A28C0D2DFE800F0FC
:10E87000310528121B47525E5E3E694610460DF078
:10E88000D1FA0BE0C0EBC00101EB0010757007EB93
:10E89000400046E0694610460DF0D2FA9DF80000AF
:10E8A0004028A4D2EEE7694610460DF0E5FA0BE0E9
:10E8B000C0EB001000EB4001357001EB080030E0C8
:10E8C000694610460DF0CAFA9DF8000040288ED225
:10E8D000EEE7694610460DF089FA0BE0C0EBC00187
:10E8E00001EB4011B57001EB09001AE069461046D2
:10E8F0000DF08AFA9DF80000802817D2EEE7082A6A
:10E9000014D2C2EBC200D24900EB4000357101EBDA
:10E91000400006E0042A09D2CE4902EB421075718C
:10E920000844216840F8151F616841605FE72DE9E0
:10E93000F84F0E46C1490127DFF81CA3DFF800930A
:10E94000DFF818B3DFF818831C4615460F700B2844
:10E9500032D2DFE800F00689F7B1FFF5F431314338
:10E96000F300C049C88B401CC883694610460DF0AF
:10E970003DFA9DF8000080281ED2BB4920462AF0AF
:10E9800032FC2AF060FE26F0A5FE01469DF800004C
:10E99000C0EBC00202EB4013AC4A1A44C2F81E108E
:10E9A00058B101280ED0022812D0032804D12046E5
:10E9B0002AF062FEAD49086048E420462AF05CFE79
:10E9C000AB4903E020462AF057FEAA4908703DE40F
:10E9D00020462AF051FE8AF8280037E4694610469E
:10E9E0000DF012FA9DF800008028E5D2C0EBC001BE
:10E9F000964D01EB4010284490F8230088BB9A49BB
:10EA000020462AF0F0FB2AF01EFE26F063FE0146A7
:10EA10009DF80000C0EBC00202EB40102844C0F893
:10EA20001E1090F82610A1F10C020A2A13D90B3AF5
:10EA3000072A0BD801EBC10202EB01128E491144E7
:10EA4000A1F5805191F8C11D012904D014F0FF41B6
:10EA500005D0012103E014F0FF4FFAD0002180F827
:10EA6000241089F8027025E4694610460DF0DAF9A1
:10EA70009DF800004028F6D2C0EBC001714D01EBBB
:10EA8000001005EB400089F8017090F8280001287B
:10EA9000E9D1754920462AF0A6FB2AF0D4FD26F0DC
:10EAA00019FE9DF80010C1EBC10202EB011105EB4C
:10EAB0004101C1F81E009FE4694610460DF0C0F9FF
:10EAC0009DF800004028F6D2C0EBC0015D4D01EB7F
:10EAD000001005EB400089F8017090F8280000282C
:10EAE000D7D1614920462AF07EFB2AF0ACFD26F002
:10EAF000F1FD01469DF80000C0EBC00202EB0010E2
:10EB000005EB4000C0F81E1090F82D10A1F10C028A
:10EB10000A2A18D90B3A072A0BD801EBC10202EBDB
:10EB2000011255491144A1F5805191F8C11D0129E7
:10EB300009D014F0FF410AD0012108E077E166E135
:10EB400051E107E0E2E014F0FF4FF5D0002180F83A
:10EB5000261051E4694610460DF08EF99DF80050DC
:10EB6000402DA8D2BA4689F80070444FBC4202D169
:10EB700008EB851093E0C5EB0510DFF8CC9000EBB7
:10EB80004001494491F92800A0F10C020A2A24D935
:10EB90000B3A072A0BD800EBC00202EB00123648F2
:10EBA0001044A0F5805090F8C10D012815D03448CC
:10EBB00002789BF800001044A84204F0FF4071D98D
:10EBC00000B101202AF01CFD08EB851141F8260058
:10EBD000284621F04CFED0B91AE0294802789BF86B
:10EBE00000001044A84204F0FF401CD968B1002086
:10EBF0002AF006FD014608EB851040F8261028464D
:10EC000021F035FE18B1002002E00120F0E70120DC
:10EC10009DF80010C1EB011101EB410202EB09016B
:10EC200081F8250051E000282CD04FF0000081F839
:10EC300025002AD14FF0010029E033E08E21002089
:10EC40005E190360365300202CC30460B21D0260BD
:10EC50006C8402607C8C0260A43A0020E2200020D8
:10EC600068B50260A802026000007A44CC2000204F
:10EC7000132100209B0000601A19026000007F43EE
:10EC8000990000604FF00100D1E74FF000002AF03A
:10EC9000B7FC014608EB85100F2EC16315D040F874
:10ECA000267012E000B1012081F825000F2E03D05C
:10ECB00008EB851040F8267014F0FF4000D00120CA
:10ECC0002AF09EFC08EB8511C8639DF80000FD4CFE
:10ECD000C0EB001101EB41012144002281F8232007
:10ECE00002F044FB01F0B9FFF74801789BF80000FF
:10ECF00001449DF8000081423FF6DDAEC0EB0010FC
:10ED000000EB4000204480F822A055E669461046FA
:10ED10000DF0A4F89DF800004028F6D2C0EB0011D9
:10ED2000E84D01EB410189F800702944DFF8989320
:10ED300081F823709BF8002099F80010BA4611441E
:10ED400081421BD908EB801141F8264020F063F87E
:10ED5000DE492AF048FA2AF076FC26F0BBFC9DF842
:10ED60000070C7EB071101EB41012944C1F81E00F7
:10ED70002AF03DFC0146384601F073FF99F8001077
:10ED80009BF8000001449DF80000814228D8C0EBA8
:10ED9000001101EB4101294408EB801081F822A009
:10EDA000C4630F2E02D0CA4940F82610C749204636
:10EDB0002AF019FA2AF047FC044626F08BFC9DF84D
:10EDC0000010C1EB011101EB41012944C1F81E0003
:10EDD000204626F07FFCBF499DF8002021F8120054
:10EDE00001F03BFFE8E589F80470B84918462AF0BD
:10EDF000FAF92AF028FC26F06DFC0146C5EBC500A7
:10EE0000B54A00EB400002EB40008177D4E589F879
:10EE10000570AE4918462AF0E6F92AF014FC26F0EF
:10EE200059FCAE4A05EB451111448877C4E5012D24
:10EE30001BD0022D23D0032D2DD0052D33D0A81F9C
:10EE40000728CFD818462AF017FCC5EBC50101EBFF
:10EE50000513A349021201EB430101F8EC2D48719F
:10EE6000A04889F801700770A6E518462AF004FC4E
:10EE7000C1B28AF85A10C72018F041F9B0E7184615
:10EE80002AF0FAFB8AF8500081B2D62018F037F940
:10EE9000002095499AE518462AF0EEFB8AF85B00B7
:10EEA00081B2E02006E018462AF0E6FB8AF8670007
:10EEB00081B2EA2018F023F97EE5F8B514460F4632
:10EEC00088490122894B7F4E0A7065B2042815D00B
:10EED000022819D0864D092825D000280DD19A7016
:10EEE000694638460CF082FF9DF80000C0EBC00177
:10EEF00001EB4010284480F82240F8BD1A706946A2
:10EF000038460CF0B9FF04E01A70694638460CF038
:10EF1000A5FF9DF80000C0EB001000EB400030445E
:10EF200080F82250F8BD9A70694638460CF06CFFA4
:10EF3000DAE72DE9F8436B4901246C4D684E614FC7
:10EF4000DFF8AC8199460C700A285FD2DFE800F048
:10EF5000320522121B48535E5E37694610460CF09C
:10EF600061FF0BE0C0EBC00101EB00106C7006EB21
:10EF7000400033E0694610460CF062FF9DF8000047
:10EF8000802843D2EEE7694610460CF075FF05E095
:10EF9000494639E0694610460CF060FF9DF80000D4
:10EFA000402833D2C0EB001000EB40002C703844F6
:10EFB0001322EDE7694610460CF018FF03E069469E
:10EFC00010460CF021FF9DF8000080281ED2C0EBF7
:10EFD000C00101EB4011AC7001EB08001522D7E72E
:10EFE000082A13D2C2EBC2003B4900EB40002C714F
:10EFF00001EB400006E0042A08D2384902EB421037
:10F000006C7108441522194629F004FF08E4354BB9
:10F01000012201461A70354B36481A76142229F01F
:10F02000F9BE70B5354D00EBC000334E05EBC005A1
:10F03000002206EB00101346FF2405EBC10500EB90
:10F04000011000EB42014B7000F81230AC54521C1E
:10F05000D2B2082AF5D370BDF0B5224FDDE90556CE
:10F0600001243C70214F00EBC0003C74224C04EBA7
:10F07000001404EB011404EB42077B701F4B04F8EF
:10F08000125003EBC00000EBC1008654F0BDF0B598
:10F09000144A01268CB21670144A5674184A927992
:10F0A00002F5FA639C424AD1164C92072CD01C22DE
:10F0B000C1F3074500236D1E62700B2D2DD8002271
:10F0C00029E000002CC304609900006000007A442D
:10F0D00000007F436E0602606C8402607C8C0260DC
:10F0E000365300208E210020B72000205E190360D7
:10F0F000B21D026018E70260BC8502603C8A0260B3
:10F1000044230020E20802601D22D1E7A75C521CC4
:10F110003B449BB2D2B29542F8DCC0EBC00202EB9A
:10F120000012FA4803EB116189B200EB420000EBD8
:10F13000D10001F0070102788E4032430270F0BD29
:10F14000F34810B5008840F2E5340146FF2842D06C
:10F150000CDC022828D004DC00283CD0012912D184
:10F1600013E0032829D094290DD134E0A1F5407093
:10F17000E53819D00A2808D0D1281ED000F2E63090
:10F18000B0F5803F27D0084610BDE1481422E1A128
:10F19000801C29F03FFEDE481422E2A1163029F03F
:10F1A00039FE40F2EF3010BDD9481422DFA1801C97
:10F1B00029F030FE1422E0A107E0D5481422E1A195
:10F1C000801C29F027FE1422E3A1D148163029F033
:10F1D00021FE204610BDCE481422E2A1801C29F059
:10F1E00019FECB481422E3A1163029F013FE942017
:10F1F00010BDC748801C7047C5481630704701468F
:10F20000C34810B51422801C29F004FEBDE810404C
:10F210000AF0D7BA0146BE4810B51422163029F0BC
:10F22000F9FDBDE810400AF0CCBA00280BD0FF2849
:10F2300009D0A0F57F41FF3905D0012803D002286D
:10F2400001D0B34908807047CE4948727047CD4815
:10F25000407A002800D001207047CB4902680A603C
:10F2600002790A71C74AC378D370837853710379DE
:10F27000137100783C38C0B2907100F5FA600880D4
:10F28000C249012008707047C14902680A60BD493F
:10F2900002788A7042784A7080780870BB490120F1
:10F2A00008707047BB48B0F900007047704770475E
:10F2B00070B50C46B84B014601201870B74BB94EDB
:10F2C00004295876B648007810D002295ED104444B
:10F2D000104646F824202AF0CFF9B34921F814004B
:10F2E000E0B20021BDE8704001F0EDBC84424DD297
:10F2F000C4EB041000EB4001AC4846F824200D1884
:10F3000095F8230078BB95F92800A0F10C010A2993
:10F310001BD90B3907290BD800EBC00101EB0010FA
:10F32000A3490844A0F5805090F8C10D01280CD0E5
:10F3300012F0FF4000D001202AF062F946F82400C4
:10F34000204621F094FA88B911E012F0FF4F0BD05B
:10F3500000202AF055F946F82400204621F087FACB
:10F3600020B1002003E00EE00120F2E7012085F843
:10F37000250010F0FF0F02D04FF47A7100E0002159
:10F38000204609F0FEFB00212046ABE770BD844A11
:10F39000844B0428127803D0881853F82000704753
:10F3A0009142FCD253F821007047F0B5824C002204
:10F3B000804B1146104604F5007504F1400604F533
:10F3C0001077C0EBC00C0CEB001C03EB4C0C9CF852
:10F3D00028C0BCF1010F0CD070543954491CC9B27B
:10F3E000401CC0B24028ECD37448027074480170CD
:10F3F000F0BDA0542A54521CD2B2F1E7F0B500225D
:10F400006D4D6A4C80351146104605F5007605F1C4
:10F41000400705F5107CC0EB001303EB43032344C6
:10F4200093F82330012B0DD078540CF80010491CB0
:10F43000C9B2401CC0B24028EDD362480270624895
:10F440000170F0BDA8543254521CD2B2F1E7F0B5AD
:10F450005E4D00225E4C1146104605F5007605F122
:10F46000800705F5207CC0EBC00303EB4013234469
:10F4700093F82330012B01D02BB109E0A85432546A
:10F48000521CD2B204E078540CF80010491CC9B2E6
:10F49000401CC0B28028E6D34E4802704E4801702E
:10F4A000F0BD70B502460020424B404C484D062A44
:10F4B00017D2DFE802F003A5B81793CB0022C2EB06
:10F4C000C20404EB021403EB440494F82840012C1A
:10F4D00003D18A4219D0401CC0B2521CD2B2402A79
:10F4E000EDD3C4E00022C2EBC20404EB021403EB30
:10F4F000440494F828401CB98A4206D0401CC0B28B
:10F50000521CD2B2402AEED3B1E0B2E0008D0260CC
:10F510002A2000204E4554495820436F6E74726F64
:10F520006C7300004E434342000000004A65744380
:10F530006F6E74726F6C73004A65742050726F64E2
:10F54000756374004E6577726F6E20536F6C7574BF
:10F55000696F6E73000000004E6577726F4E6F64C6
:10F560006500000054656D636F436F6E74726F6C5D
:10F570007300000054656D636F2050726F64756393
:10F5800074000000442300209400006096210020B5
:10F59000DE200020422100208E2100205E19036021
:10F5A0009900006068C502606E0602602CC30460AA
:10F5B0001A1902603653002058250020740200609A
:10F5C00029230020EE2200202A2300205826002094
:10F5D000B21D026075020060760200600022C2EB7C
:10F5E000021303EB4303234493F823301BB98A42ED
:10F5F0003FD0401CC0B2521CD2B2402AEFD336E0FA
:10F600000022C2EB021303EB4303234493F823309D
:10F61000012B03D18A422CD0401CC0B2521CD2B262
:10F62000402AEED323E00022C2EBC20303EB4213D5
:10F630002B4493F82330012B03D18A4219D0401C6C
:10F64000C0B2521CD2B2802AEED310E00022C2EB2C
:10F65000C20303EB42132B4493F823301BB98A42B5
:10F6600007D0401CC0B2521CD2B2802AEFD34FF058
:10F67000FF3070BD70B50022FD4DFE4CFE4B0628DC
:10F6800074D2DFE800F0033C4F172A620020C0EB81
:10F69000C00303EB001305EB430393F82830012B61
:10F6A00003D18A4264D0521CD2B2401CC0B240285E
:10F6B000EDD35BE00020C0EBC00303EB001305EBD0
:10F6C000430393F828301BB98A4251D0521CD2B25E
:10F6D000401CC0B24028EED348E00020C0EB00132D
:10F6E00003EB4303234493F823301BB98A423FD0F2
:10F6F000521CD2B2401CC0B24028EFD336E00020EA
:10F70000C0EB001303EB4303234493F82330012B96
:10F7100003D18A422CD0521CD2B2401CC0B2402825
:10F72000EED323E00020C0EBC00404EB40141C44E3
:10F7300094F82340012C03D18A4219D0521CD2B232
:10F74000401CC0B28028EED310E00020C0EBC00403
:10F7500004EB40141C4494F823401CB98A4207D09F
:10F76000521CD2B2401CC0B28028EFD34FF0FF3001
:10F7700070BDC249085C40280DD2C0EBC00101EB4E
:10F780000010BB4901EB400090F82D00401E0A28F4
:10F7900001D9012070470020704710B50022402891
:10F7A00018D2B34BC0EBC00404EB001003EB4000D5
:10F7B000002910F8011C07D04B1E0A2B0AD80B3168
:10F7C00000F8011C012010BDA1F10C030A2B01D887
:10F7D0000B39F5E7104610BDA8498031085C402878
:10F7E0000CD2C0EB0010A34900EB4000084490F994
:10F7F0002800401E0A2801D90120704700207047C8
:10F800000022402817D29B4BC0EB001000EB4000B9
:10F810001844002910F9051C07D04B1E0A2B0AD8E2
:10F820000B3100F8051C01207047A1F10C030A2BD5
:10F8300001D80B39F5E7104670479149085C8028DC
:10F840000CD2C0EBC00101EB40108B49084490F88A
:10F850002600401E0A2801D9012070470020704769
:10F8600010B50022802817D2834BC0EBC00404EBF4
:10F8700040101844002910F8011C07D04B1E0A2B19
:10F880000AD80B3100F8011C012010BDA1F10C03B6
:10F890000A2B01D80B39F5E7104610BD2DE9F041D0
:10F8A000C0EBC00101EB0010764900252C4601EBAE
:10F8B000C006C4EBC40000EB04103718781C29F014
:10F8C000DFFA38B1781C29F0DBFA142802D86D1C55
:10F8D000EDB200E00824641CE4B2082CE9D36648C9
:10F8E000C0F82A532846BDE8F08170B50C46C0EB3D
:10F8F000C00101EB0011634800EBC100C4EBC4017F
:10F9000001EB04114518681C29F0BAFA30B1681CE3
:10F9100029F0B6FA142801D8681C70BD5A4904EBC6
:10F92000C400084470BD002809D101EBC10056494C
:10F9300008441168016051684160117A0172704792
:10F940004F498031085CC0EBC00101EB001248490F
:10F9500001EB42014D4AD1F81E1052F82030994275
:10F9600003D042F82010012070470020704744491E
:10F97000C031085CC0EBC00101EB00123C4901EB57
:10F980004201424A91F9261052F82030994203D0A0
:10F9900042F8201001207047002070473C4A10B503
:10F9A00001460020515CC1EBC10202EB4113324A17
:10F9B0001A44384BD2F81E2053F82140A24202D0FC
:10F9C00043F82120012010BD304A10B50146803A8D
:10F9D0000020515CC1EBC10202EB4113264A1A44DC
:10F9E0002C4B92F8242053F82140A24202D043F835
:10F9F0002120012010BD26498039085CC0EB001190
:10FA000001EB41021B491144234AD1F81E1052F860
:10FA10002030994203D042F8201001207047002086
:10FA200070471B494039085CC0EB001101EB4102F3
:10FA300010491144184A91F9251052F82030994282
:10FA400003D042F82010012070470020704710B505
:10FA5000044681B2A32017F052FBC4F30721A4206F
:10FA600017F04DFBC4F30741A52017F048FB15E044
:10FA7000365300202CC30460B21D0260982500207C
:10FA8000D82600200C3D0260089A03605829002007
:10FA900058280020582A0020582C0020210EBDE8AC
:10FAA0001040A62017F02BBB70B59E4C02259E4E31
:10FAB00094F82800092806D184F8285086F82650A2
:10FAC00000200EF09EFF94F82A00092808D184F83F
:10FAD0002A5086F82850BDE8704002200EF091BFF1
:10FAE00070BD9248007801280BD191483C210088D4
:10FAF000B0FBF1F000F07F008030C1B2E920FAF7EE
:10FB0000CEBD704710B5002017F059FB85491D2068
:10FB1000283117F0E5FA8348834990F8280081F8E6
:10FB2000260010BD814A10B51078002804D0804905
:10FB3000088810B1401E088010BD00201070088099
:10FB40000146E92017F0DBFABDE81040DAE701468C
:10FB50009D2017F0D4BA10B5042801D075A010BDAF
:10FB60001421764829F06FF96F48744990F8FF2006
:10FB700090F8FE00012A03D0022A06D070A010BD22
:10FB800071A2128821F8022B06E070A2128821F8D7
:10FB9000022B522201F8012B0A2218F095FB67482C
:10FBA00010BD2DE9F047042802D00020BDE8F08701
:10FBB0005D4F0D78DFF898815A48DFF89891B7F8D3
:10FBC000014197F803314FF0010C492D02D0562D19
:10FBD0001CD019E04D784E2D16D187F8FFC08D78D6
:10FBE0002E46303D092D01D8C9781EE00AB187F8AC
:10FBF000FE204D49D1F8FD1040F85C1F84808371D0
:10FC000089F819C009F0DDFD0120CFE74D78412DBD
:10FC1000FAD18D78522DF7D1022587F8FF50CD7893
:10FC20002E46303D092DE1D80979A1F13002092A8B
:10FC300006D806EB860208EB42021144CAB2D5E7A9
:10FC4000EAB2D3E730B5ADF25C6D00240546CDF8DD
:10FC50003446CDF83846CDF83C464FF41871684626
:10FC6000CDF8404629F0EFF84FF4F07198A829F04C
:10FC7000EAF84FF48270ADF83406ADF8584601202A
:10FC8000CDF8360607208DF840048DF841445E21FA
:10FC90008DF842148DF844440A218DF845142E49FC
:10FCA0008DF843448DF8464408702C486A460DF59B
:10FCB00088610480062021F07DFB694698A821F028
:10FCC0003FF898A9CDF83A16CDF83E0624480078BA
:10FCD00018B1601E0DF25C6D30BD22490220244C2B
:10FCE0000870214903200DF2446208702B2045431F
:10FCF0001E482844417A217000680DF5CB611FF041
:10FD0000CCFD1C4D58B12078401EFE2807D20022A1
:10FD10000DF234610DF2446024F0B4FA28702878B2
:10FD2000D8E70000A43A00206E0D02609721002061
:10FD30008C0100606572726F720000004425002023
:10FD40006E756C6C00000000494E00005641520078
:10FD5000F0FDFFFF5E1903609C200020A220002020
:10FD6000A1200020A0200020390500603C04036091
:10FD70001705006085010060704700207047002073
:10FD80007047002070479E49886070479C48806893
:10FD900070479B488068401C00D0012070479849FC
:10FDA0000C310860704796480C30006870479449E1
:10FDB00010310860704770479148103000687047F4
:10FDC0008F49488070478E48408870472DE9F0473A
:10FDD000ADF5207D04460020A89DADF878024FF4D3
:10FDE0001E791E4692464946684629F02CF8DFF8EF
:10FDF0001482834998F8000048B9012D07D188681A
:10FE0000002804DA00200DF5207DBDE8F087812070
:10FE10008DF800002089A0F57F42FF3A09D008B193
:10FE2000A07A30B1207820B106280BD04FF0FF30F7
:10FE3000E9E77348103000689F904888ADF8780271
:10FE40000B2007E02CB154F8010F9F90A088ADF86B
:10FE500078020A208DF80100301D81B26F46B81C6F
:10FE600022F016FA841C38193246514628F0D2FF87
:10FE70003444012D09D198F8000030B1224669467A
:10FE8000614828F0C7FF614804804946684628F069
:10FE9000DAFF2046B7E708B5134601200A460021DD
:10FEA00000900846FFF792FF08BD2DE9F04385B0AA
:10FEB0000026814653481746ADF800600196029629
:10FEC0000396049600784E4A0D46344620B9012B1D
:10FED00002D19168002906DB91885561012B06D17A
:10FEE00028B9002903DC002005B0BDE8F08329789B
:10FEF000812901D00028F7D095F801806946A81C17
:10FF000022F0CBF9BDF800000296001FADF80660A4
:10FF1000ADF80000B8F10A0F03D0B8F10B0F29D1EA
:10FF200013E001A9484622F0DAFABDF80000B84211
:10FF300005D31DE0281900792855641CA4B2BDF82A
:10FF40000000001D8442F5D314E001A9484622F0C8
:10FF5000C6FABDF80000B84205D309E028190079B7
:10FF60002855641CA4B2BDF800008442F6D301E019
:10FF7000ADF80060BDF80000B6E72548B0F84200D3
:10FF8000704770B500281ED01D4B06240470D96838
:10FF9000C0F801105988A0F805101D490025B1F8D6
:10FFA00042200281B1F84220A2F57F46FF3E0BD0ED
:10FFB00052B11A78012A09D0847251F8132F40F8EF
:10FFC0000B2F8988818070BD857270BD8572F4E7C2
:10FFD0000021002812D006220270094A1369C0F8D5
:10FFE00001305288A0F805204FF6FF7202810022EE
:10FFF00082724318491CDA720729FADB7047000045
:020000040801F1
:1000000054200020EE210020642C0460F821002000
:10001000A43A00202DE9F05FDDE90C850B9E1F4618
:1000200091468A468346002D56DB05EB0510FA49BA
:1000300000EB400001EB40046621204628F003FF5E
:10004000022084F863000120E07184F8655084F890
:10005000589008F0E1F925F03DFBC4F80E003A2075
:10006000EE49A07484F857A00888A4F85500401CF5
:100070000880E772584600F06CFB07460246594676
:1000800004F1130028F0C6FE0022E019C274A77420
:100090000A9810B1FF2084F859006EB104F159019B
:1000A000002005E018F80030401C01F8013B00B2C8
:1000B000B04201DA0528F5DBD94984F863200878D5
:1000C000401CC0B20870102801D910200870D54813
:1000D0000188491C018001E04FF0FF356D1C28B2FA
:1000E000BDE8F09F2DE9F047CB4CDDF820901F468E
:1000F000904606460025E079012804D0A07A00B396
:100100000020A0720AE094F85810414512D14FB176
:10011000B4F85500B6F9001088420BD16D1C28B216
:10012000BDE8F087207A28B93146204600F019FB57
:100130000028F3D16D1C2DB26634102DDBDB0020BE
:10014000EEE7A9F80050FAE72DE9F04F85B08346B5
:10015000DDE90F5404A898464FF0FF370E9E00903B
:1001600091468A46ADF8107000235846FFF7BAFF53
:10017000002803DD384605B0BDE8F08FBDF910005A
:1001800000280EDBCDE90240CDE9006543464A4632
:1001900051465846FFF73EFFA348017841F0010160
:1001A0000170BDF81000401C00B2E4E72DE9F04FEB
:1001B00000259E4AB7B02C462E46A84628464FF04A
:1001C0000109C0EBC00101EB001102EB410191F903
:1001D0002310CB0707D008F1010809FA00F108F055
:1001E000FF080C4306E0890704D5761C09FA00F1E4
:1001F000F6B20D43401CC0B22028E2D3C82104A8A7
:1002000028F021FE2C274FF0200B4FF0690AB8F19F
:10021000000F78D08DF814B063218DF815108DF88B
:1002200016A072238DF8173063234F208DF81830F5
:100230008DF81000752370208DF819308DF811009D
:100240008DF81AA0742165208DF81B108DF812000E
:100250006E228DF81CB06F218DF81D1058468DF858
:100260001E208DF81F0049208DF820004E208DF8AB
:10027000210012208DF813204FF00A08002109FAFE
:1002800001F222421DD0092906D24A1CB2FBF8F322
:1002900008FB132304AA0DE04B1CB3FBF8FC04AAD3
:1002A0000CF1300C02F800C0B3FBF8FC401C08FB5A
:1002B0001C33C0B230331354401CC0B21754401C1E
:1002C000C0B2491CC9B22029D9D33A2800D93A2052
:1002D00004AA002111545748574B554A90F9000081
:1002E00093F90030CDE90030CDE9022153480B46A7
:1002F000FF21027804A8FFF727FF10F0FF0F02D0BC
:100300004F4981F80090C82104A828F09CFD002ED8
:100310007DD053208DF8100068204FF06F0C8DF8C1
:10032000110074268DF812C072208DF81300584603
:1003300072228DF814608DF818208DF820008DF849
:1003400015B06321632249208DF816108DF819200D
:100350008DF81C608DF8210075228DF81DB04E209F
:100360008DF81EC06E218DF822000A238DF81A2008
:100370008DF81F1013208DF817A08DF81BA00021F9
:10038000C84608FA01F22A4220D0092901F10102E7
:100390000AD2B2FBF3F403FB142404AA303414543D
:1003A000401CC0B217540FE0B2FBF3F604AC303679
:1003B0002654B2FBF3F6401C03FB1622C0B23032C7
:1003C0002254401CC0B22754401CC0B2491CC9B2C0
:1003D0002029D6D33A2800D93A2004AA0021115462
:1003E000144A154B124892F9002093F90030CDE9D8
:1003F0000032CDE9020111480B46FF21027804A822
:10040000FFF7A2FE10F0FF0F04D00D4900E001E05D
:1004100081F8008037B0AFE6DA100260BE2000201D
:10042000AC200020C6200020E3200020365300200E
:10043000F6200020F5200020B00000609B00006046
:10044000F4200020F0B5B7B00E4604461F4615460E
:10045000C82104A828F0F7FC3CB33B463246CBA1A8
:1004600004A8009529F0FAFF04A828F009FD00214E
:100470003A2801D98DF84A10CE4ACF4BCC4892F990
:10048000002093F90030CDE90032CDE90201CB48DC
:100490000023FF21027804A8FFF756FE002802DDA2
:1004A000C7490120087037B0F0BD3B463246C5A1B0
:1004B00004A829F0D3FFD7E710B5B6B00446C82189
:1004C00004A828F0C0FC012C2ED0022C2ED0032C26
:1004D0002ED0042C2ED0052C2ED0072C22D1C5A135
:1004E00004A829F0BBFF04A828F0CAFC00213A2880
:1004F00001D98DF84A10AF4AAF4BAD4892F90020B0
:1005000093F90030CDE90032CDE90201AB48002378
:10051000FF21027804A8FFF717FE002802DDA84992
:100520000120087036B010BDB8A1D9E7C0A1D7E747
:10053000C5A1D5E7CAA1D3E7D04903200870D049A7
:1005400081F8C200CFA1CBE730B593B00D46044689
:100550003C2104A828F077FC34B1012C07D0022CF0
:1005600008D0032C09D00DE02A46CBA107E02A468B
:10057000D0A104E02A46D6A101E02A46DCA104A8C5
:1005800029F06CFF04A828F07BFC00213A2801D94F
:100590008DF84A10874A884B854892F9002093F9D4
:1005A0000030CDE90032CDE9020184480023FF216B
:1005B000027804A8FFF7C8FD002802DD8049012069
:1005C000087013B030BD2DE9F041D34C16460F46EC
:1005D00080460025E07958B394F85800B04227D1FE
:1005E00094F85700B84223D1207A08BB41462046F0
:1005F00000F0B7F8E0B1012004F8080F002084F8FB
:10060000560084F8570084F8580084F8590084F89C
:100610005A00617829B9C14A11784B1E137000D273
:100620001070BF48017841F002010170BDE8F0810F
:100630006D1C2DB26634102DCCDBF7E770472DE929
:10064000F04F5E4A83460024B348DFF8D09292F818
:10065000008025464FF0010A2646C279EAB390F899
:100660006320D2BB022380F863305A4600230AE09D
:10067000D7792FB190F8657092F865C0674504D0BE
:100680005B1C1BB266328B42F2DB8B424BDA937AF5
:100690003BB3027A4AB9427A3AB999F80020531E1C
:1006A00089F8003001D289F80060C67180F8636073
:1006B0000672467280F80AA080F8646090F85820AC
:1006C000424509D180F85E6080F85F6080F8606024
:1006D00080F8616080F8626000E026E044F0020487
:1006E00023E0527AFAB1427AEAB9027A3AB999F831
:1006F0000020531E89F8003001D289F8006080F88C
:1007000009A080F8646090F85820424509D180F82B
:100710005E6080F85F6080F8606080F8616080F8FB
:10072000626044F0010480F863606D1C2DB2663095
:10073000102D92DB002C0AD07949A20791F9000014
:1007400040F00100087002D540F00200087013E587
:10075000704710B528F094FB80B23A2800D93A20AF
:1007600010BD70B504460D460846FFF7F2FF02467D
:1007700094F91200904205D1294604F1130028F0A3
:1007800090FB08B1002070BD012070BD4944203AA3
:10079000257520534E3A20256C75206861732063BF
:1007A0006F6E6C69667420534E3A20256C7500009C
:1007B000F6200020F5200020B00000609B000060C3
:1007C000F42000204944203A257520534E3A202534
:1007D0006C752068617320636F6E6C696674207736
:1007E00069746820543320636F6E74726F6C6C652B
:1007F0007200000043414E204E4F5420434F4E4E56
:1008000045435420534E5450000000004C6F737405
:1008100020636F6D6D756E696361746F6E207769AB
:10082000746820746F7020626F6172640000000051
:100830005245414420414F20466565646261636BC7
:10084000204641494C000000557064617465207475
:10085000696D6520736572766572206661696C00EA
:100860004C6F736520636F6D6D756E69636174693C
:100870006F6E20776974682070696300B822002069
:100880006E0D02605344204341524420495320419D
:10089000424E4F524D414C00505247202564206536
:1008A00072726F72203A2064656164206379636CB0
:1008B00065310000505247202564206572726F72C6
:1008C000203A2064656164206379636C65320000BE
:1008D000505247202564206572726F72203A20744E
:1008E000616B6573206C6F6E672074696D650000C5
:1008F000505247202564206572726F72203A206939
:100900006E6465786573206E65737420746F6F20F4
:100910006465657000000000DA100260AC20002001
:10092000E32000202DE9F05FC0EBC003FB490A2261
:1009300001EB8304FA4900EB0010A2754518E07C36
:10094000012827D0E11C204603F04CFF04F10E01E2
:10095000C81E03F047FFE07D4FF6FF7101EA00205B
:10096000217E0026084487B2B246D4F8030024F062
:10097000B1FEDFF8B083C8F80C00D4F80E0024F004
:10098000A9FEC8F81000D8F80CC0ACEB0002287C17
:1009900020B108E000202874BDE8F09F2A60C5F867
:1009A0000CC001202874DFF880B3002137B1642027
:1009B000504390FBF7F1594500DD5946207D00B9C1
:1009C00049422868A37D10445B0858436B6818446B
:1009D000002B04DBB0F5000F06DBD44804E010F573
:1009E000000F01DCD14840426860637E8BB194F80F
:1009F0001480B8F1000F02D003FB00F601E003FB06
:100A00001066607D08B13C2001E04FF4616096FB08
:100A1000F0F6E07EB0F100091ED0EFB1E8684FF0CB
:100A20006408ACEB000000FB08F090FBF7F05845C1
:100A300001DD584604E0BC4F7F42B84200DA384638
:100A4000277D002F4F4600D17F424743A07DC0EB5A
:100A50000010800097FBF0FA64279AFBF7F0084437
:100A6000A17E08445946884201DD584602E000282C
:100A700000DA00203BB13044884201DD084602E044
:100A8000002800DA00202A60C5F80CC024F022FEFD
:100A9000C4F8070080E72DE9F84FA54C0026DFF8E1
:100AA0009492DFF894A2B04699F804004F46401E95
:100AB00045B2002D00DA0625E07FE8BB94F8280057
:100AC00078B1694604F1270003F08CFE00980028F5
:100AD00001D04FF0010084F8210004D04FF0080548
:100AE00001E084F8218094F8250078B1694604F18A
:100AF000240003F077FE0098002801D04FF0010099
:100B000084F8200004D04FF0070501E084F820802D
:100B10008A4806EBC60200EB021000EB0511BB7819
:100B20007F780AEBC2024FF0070002EBC50201F129
:100B30000E01155CFF2D00E011E006D04D78AB42B0
:100B40000BD802D10D78AF4207D2401E891E40B2A9
:100B50000028EEDA115CFF2908D0105CA077761C23
:100B600076B22A34082E9FDBBDE8F88F84F81E8009
:100B7000F5E7F0B56F4A00217148B2F80730714EC1
:100B80005B1E43F3C70203F00703012505FA03F4D4
:100B900063B20F46C47F5CB9C1EBC10404EB01141E
:100BA00006EB4404A45C1C4201D0857700E0877703
:100BB000491C49B221300429ECDBF0BD10B50020FE
:100BC000614B0146C0EBC00202EB001203EB420294
:100BD000401CC0B282F829101028F3D35B4890F86B
:100BE000090102281ED05A4C0020C0EBC00101EBC5
:100BF000810114F81120002A14D0012A0ED104EB2F
:100C000041014979102909D2C1EBC10202EB01115E
:100C100003EB410111F8292F521C0A70401CC0B28D
:100C2000F028E2D310BD3F4A10B5D188642911D312
:100C30000023D3801179B1FBF0F400FB1410491CA0
:100C40001171002808D1137102F0FBFCBDE81040BF
:100C500002F05CBE491CD18010BD32490020886082
:100C6000704770B50A460446C0EB0410394900EBE2
:100C700040000844384D90F92800092821D2DFE8C7
:100C800000F02005070C07070C070E00334900E0B1
:100C90003349104628F0D9FA0BE03249F9E703212D
:100CA000104628F010FB294628F0CFFA2E4928F0EC
:100CB00042FA28F0E1FC81B22046BDE8704007F01E
:100CC00060BF2946E5E72DE9F0470A460546274873
:100CD0002749284B0078097844182749AC4201EB92
:100CE000851602D8F361BDE8F087C5EB051101EB6D
:100CF00041041849214F0C44DFF8848094F82210F5
:100D0000DFF854904FF47A7A39B1064B002199609C
:100D100094F82330B3B3B2B399E035E032310260D6
:100D2000582D00206C200020A0860100FFFF7F00CE
:100D30006C840260442300203C8A0260BC8502600F
:100D40007C8C0260008D0260EC3F02606E0D0260E0
:100D5000CC4202602CC3046000007A4400002041B1
:100D60000000C8420000A041000048439900006014
:100D7000E220002000007F4368B502601A1902607B
:100D80006E06026039E058E0F36194F8230098BBE6
:100D900028461FF06CFD4FF47A7148433FE0A0F104
:100DA000170107290AD800EBC00101EB00103844F5
:100DB000A0F5805090F8C10D012804D028461FF0FE
:100DC00056FDB8BB04E028461FF051FD90B300204B
:100DD00084F8250010F0FF0F01D0514600E00021FB
:100DE0002846BDE8F04707F0CCBED4F81E0024F03A
:100DF00071FC28F8150076E729E032B994F825202F
:100E0000012A01D14FF07E51F1618542C0D32846BD
:100E10001EF001F8494628F0E6F928F014FC24F009
:100E200059FCC4F81E0094F92800A0F10C010A290D
:100E3000C9D9B4E7FFE70120CAE7D4F81E0024F0BF
:100E400049FC28F0D4FB494628F0FFF9F06107F08F
:100E50007CFFA842C9D928461DF0DDFF494628F08D
:100E6000C2F928F0F0FB24F035FCC4F81E0024F091
:100E700031FC28F0BCFB01462846BDE8F047F0E60F
:100E800008B5FBF7A3FCDFF804840126009088F87E
:100E900045600024FE4FFF487C703C70BC70FC70C5
:100EA00090F80901022801D0FFF788FE0025E8B27A
:100EB0000021FFF708FF6D1CADB2BA46BC60402DA3
:100EC000F5D3F549C62016F00BF9F34D2878401CF0
:100ED000C1B22970C62016F012F92878052810D959
:100EE000EE49002000EB800202EB40120A44401C55
:100EF00080B282F820401028F4D30021C62016F0DA
:100F0000FEF8E74901200870E64905200870FDF762
:100F10004DFBE54D4FF01B0B4FF4FA716846FBF7A4
:100F200087FAE24E96F823000B2813D00E2814D02F
:100F300085F8F94124F0AAFD022014F075FB002881
:100F400096F8230012D00B280AD00E280BD085F873
:100F5000F9B111E085F8B142ECE785F86943E9E7BA
:100F600085F8B1B208E085F869B305E00B280BD02D
:100F70000E280CD085F8F9410220FFF754FE96F8B0
:100F80002300082806D008E085F8B142F4E785F888
:100F90006943F1E70220FFF746FEC54909200870C2
:100FA000BA48418A491C418207F0FFFFC1480068E6
:100FB0003C2807D9B848017821B104700021C62027
:100FC00016F09DF804F00EFB012812D1002606EB66
:100FD000860000EB4611B1480F18F88B18B197F84E
:100FE000200001280CD087F82240761CB6B2102EC3
:100FF000EDD324F0BDFFB048002290F800804CE013
:10100000DFF8B89206EB4600AD49C0EBC61001EB25
:10101000001199F8008030B201F00BFF99F8000040
:10102000A0EB0800401C87F82200DEE7A54802EB91
:10103000420100EB8101A44B887803EBD00300F060
:1010400007061B780120B040034201D0002600E0D3
:1010500001260020CF79DFF874C20AE0CB78034480
:10106000C3EB031303EB43036344401C83F8276083
:1010700080B28742F2D800200F7A0AE00B7903444D
:10108000C3EB031303EB43036344401C83F8276063
:1010900080B28742F2D8521C92B24245C6D39AF827
:1010A00000005746401CC0B28AF80000142815D32F
:1010B000DFF81C820026C6EBC60108EB81008078B1
:1010C00010B130B2FFF72EFC761CB6B2102EF2D360
:1010D0003C70002007F0B0FE07F0F1FEB87805285C
:1010E00002D2401CB87004E0BC70FFF7D4FCFFF7DC
:1010F00040FD7848017801B104707748774A01686B
:101100001160774904604FF080500860BFF34F8F43
:10111000BFF36F8F00E72DE9F0470646C0EB0610DE
:1011200000EB40016948724F0C186F4894F9241085
:1011300000EB8615DFF858816A4BDFF8B0A13878EC
:101140004FF07E5C4FF47A79002249B102296BD0CE
:10115000012973D16748A8613046BDE8F047B2E580
:10116000C8F8082094F82310D1B1AA6184F825208A
:10117000864264D230461FF07AFB4FF47A714843BE
:1011800024F0A8FAC4F81E0030461FF070FB00EBF4
:101190004001C1EBC0104FF6FF7101EAC0013EE013
:1011A00094F92810A1F10C08B8F10A0F11D9A1F196
:1011B0001708B8F1070F0AD801EBC10808EB0111B5
:1011C0001944A1F5805191F8C11D012901D0AA61EE
:1011D00056E0C5F818C091E01FF049FB03E01DF090
:1011E0001AFE00F0FF4008B1002003E0012001E0FA
:1011F0000028FBD184F825003878864230467BD21F
:101200001FF035FB4FF47A71484324F063FAC4F8B9
:101210001E0094F8250008B1494600E00021304640
:10122000BDE8F04707F0ADBCC8F8082094F82310DB
:1012300069B194F92800092872D201E095E074E0C0
:10124000DFE800F08A6F718871718871710094F91C
:101250002810A1F10C08B8F10A0F4ED9A1F1170816
:10126000B8F1070F0AD801EBC10808EB01111944C6
:10127000A1F5805191F8C11D01293ED0C5F818C0D3
:10128000864230463FD21FF0F2FAB1E790950360F4
:101290006C2000206E0D02608A210020621B02601B
:1012A0009E2000209F20002036530020A43A0020DA
:1012B000952100205C210020FB2000201820002028
:1012C0009A7C01605C780360B89303602CC304606F
:1012D000323102607C0000608020002088000060C5
:1012E00004ED00E01A19026068B5026000007A445B
:1012F0009900006000007F430AE0AA618642304600
:10130000BFF46DAF68E71DF086FD00F0FF406FE7AA
:101310001DF081FD514627F066FF28F094F974E72F
:101320001AE06A4800E06A48A86130461DF073FD83
:10133000514627F058FF28F086F924F0CBF9C4F87D
:101340001E0024F0C7F928F052F901463046BDE8E6
:10135000F04786E45F48E7E7D4F81E0024F0BAF9C6
:1013600090FBF9F028F043F9DEE7BCE470B50446E1
:1013700059485A49007809780144A14205D8594989
:10138000574801EB8411C86160E0C4EB041101EB24
:1013900041025549554E551895F82310D1B1844254
:1013A00034D220461FF063FA4FF47A71484324F098
:1013B00091F9C5F81E0020461FF059FA00EB4001D4
:1013C000C1EBC0104FF6FF7101EAC001204607F0E3
:1013D000D8FB3BE08442204605D21FF048FA4FF488
:1013E0007A71484306E01DF016FD314627F0FBFEFA
:1013F00028F029F924F06EF9C5F81E0095F82500AB
:1014000010B14FF47A71E1E70021DFE707F09DFCAE
:10141000A04214D920461DF0FEFC314627F0E3FE21
:1014200028F011F924F056F9C5F81E0024F052F9FD
:1014300028F0DDF801462046FFF713FC06E0D5F85A
:101440001E0024F047F92A4921F81400BDE8704035
:1014500008F00BBD30B5274B224D214C002005EB89
:1014600080114A6AA24205D01A5C12B1521E1A5467
:1014700000E04C62401CC0B24028F0D330BD70B5D3
:101480001D4890F85A1000291ED01C4AC1EB0111CA
:101490009068431C9360B0EB810F15D90020104D6C
:1014A000104E04469060002106EB841040F8215055
:1014B000491CC9B21029F9D300212046FFF703FCCB
:1014C000641CE4B2402CEED370BD0000000020414B
:1014D0000000C8420000A04199000060E220002006
:1014E00000007F4368B502602CC3046000007A44AA
:1014F0006E060260682E0020A43A00206C200020B6
:1015000010B50146F7A0F6F76EFEF749002230B994
:10151000C888401C80B2C880B0F5FA6F02D9CA8072
:10152000012010BD002010BD30B5C5B2C0F30724A6
:10153000C0F30743000E012A0AD0022A0DD0032A65
:1015400010D0042A03D1C8708B704C700D7030BD60
:1015500008704B708C70CD7030BD8870CB700C7083
:101560004D7030BD48700B70CC708D7030BD70B553
:10157000CEB2C1F30725C1F307440023090E042AA4
:1015800006D0032A0DD0022A14D0012A1BD022E053
:1015900066F3070365F30F2364F3174361F31F63D7
:1015A00019E064F3070361F30F2366F3174365F350
:1015B0001F6310E065F3070366F30F2361F317431E
:1015C00064F31F6307E061F3070364F30F2365F31C
:1015D000174366F31F634FF6FF7101EA0321C3F35C
:1015E00007221143C3F3074242EA01211A0E42EADD
:1015F0000121016070BD008840BA7047827801887F
:10160000C07862F31F4141EA00607047B749B84AA9
:101610000868904201D800207047001F08600068E9
:10162000704770B5B34A0546106810F8024B106059
:10163000084600F0B5FE4FF47A7190FBF1F0102CE3
:1016400011D200280FDB04EB4401AB4A01EBC401CB
:101650001144B1F80910814205DDA84951F8241060
:1016600051F82000286070BD0278B0F90130832A5B
:101670000AD0842A08D0852A08D0862A03D1C856E1
:101680004FF47A7148437047C8587047C85EF7E70F
:101690002DE9F0419A4D974C00272F6022680646AD
:1016A0001378A3F18200042808D8D21C226006B166
:1016B00037602068BDE8F041C01ED5E78D4800685E
:1016C000401C9C2B06D09E2B12D09D2B2FD000208F
:1016D000BDE8F081927820600C2A05D0884903F09B
:1016E00081F82068801C0EE08548FFF79AFF0BE028
:1016F00092780C2A0AD000231A468149206003F010
:101700007CFE2068401D20602868E1E70646401DF9
:101710002060084600F044FE4FF47A7190FBF1F02F
:1017200000231A467649304603F067FEECE7521D67
:10173000226006B13760206850F8040CC8E76B4A95
:101740006B4B11685033994201D201C1116070474F
:101750002DE9F14F67486B4C6B4D0068DFF8A0A195
:10176000DFF8A8B100789EB082384FF47A761C2852
:1017700079D800201E99FFF78BFF9CE2396811F899
:10178000010B396057286FD044DC3B286DD021DC39
:1017900031286BD014DC062869D008DC022867D019
:1017A00003286FD004286ED0052808D1FDE3072850
:1017B0006AD0082856D0292855D02C28FCD02FE1F3
:1017C00032380928FBD2DFE800F0F9F8F7F6F5F433
:1017D000F3F2F1003C381B28F1D2DFE810F0C80228
:1017E000DE02A4024400D304D3048C0521012101AC
:1017F00068023903EC0221012101210168024A0536
:101800004B02570221014400A70536054705210177
:1018100021012B047A287BD016DCA0F15800222865
:10182000CDD2DFE800F0FEFDFDFDFDFDFDFDFCFB82
:10183000FDFDFD7DFAA8CC76FD3D4EF9F8FDFDF7E6
:10184000F6F5F4F3F2FDFDF1C7287DD01DDCC228CA
:10185000A5D00EDC7B2878D0A42877D0A528FCD092
:10186000C128ACD15BE15DE2F8E3F8E3F8E3F8E32B
:10187000F8E3C32895D0C42895D0C52896D0C628AB
:101880009DD1EEE3EFE3EFE3EFE3C8380B2896D208
:10189000DFE800F0F2F1F0EFEEC6EDECC6EBEA00A7
:1018A000FFF7B4FE2060FFF7B1FE2860206823F048
:1018B00011FF2060286823F00DFF2860216808448C
:1018C000E4E2FFF7A3FE2060FFF7A0FE2860206897
:1018D00023F000FF2060286823F0FCFE28602168C8
:1018E000401AD3E201FFFE007C000060E4200020EB
:1018F000482F00209C00006068C6026098160360B4
:10190000EC200020A8000060F020002044230020EC
:1019100007E1FFF77BFE206023F0DCFE2060A7E1FB
:10192000FFF774FE2860FFF771FE206023F0D2FEFF
:101930002060286823F0CEFE286090FBF6F003B20A
:101940002068012B024602E0FBE376E0E8E1B7DD28
:1019500000215B1E0CE090FBF6F706FB17075743D0
:1019600097FBF6F790FBF6F000FB0270491C09B2FA
:101970009942F0DB8AE2FFF749FE2860FFF746FE56
:10198000206023F0A7FE2060286823F0A3FE014614
:101990002860206890FBF6F206FB12024A4392FB95
:1019A000F6F290FBF6F000FB01206FE2CAE3A3E140
:1019B0001DE3FBE2ACE1FDE3FDE34BE250E1FFF7A9
:1019C00025FE2860FFF722FE206023F083FE2060C2
:1019D000286823F07FFE2860071E7AD0384627F05B
:1019E00006FE8046206890FBF7F1814607FB110058
:1019F00027F0FDFD414627F028FCFB4927F0F3FBCB
:101A0000804699FBF7F00DE0A0E0B7E062E073E0FC
:101A10004AE014E102E1BDE0DEE02EE0EDE0CAE0E4
:101A2000F4E367E34FF47A71484327F0E0FD414661
:101A300027F081FB27F007FE28E2FFF7E7FD28608B
:101A4000FFF7E4FD206023F045FE2060286823F0C6
:101A500041FE2860E8B3216891FBF0F023F03AFEE4
:101A60004FF47A71484326E136E125E15EE20EE269
:101A7000F4E3F4E3F4E3F4E3F4E3FFF7C7FD2860F1
:101A8000FFF7C4FD206023F025FE2060286823F0C6
:101A900021FE2860E8B1216891FBF0F200FB1210F2
:101AA00090FBF6F0206048E3FFF7B0FD2860FFF7F9
:101AB000ADFD206023F00EFE2060286823F00AFEB2
:101AC00090FBF6F02860216891FBF6F14840216018
:101AD00033E324E0FFF79AFD2060FFF797FD2860CD
:101AE000206823F0F7FD2060286823F0F3FD2860CC
:101AF0002168014313D1BFE3FFF788FD2060FFF7A2
:101B000085FD2860206823F0E5FD2060286823F02B
:101B1000E1FD286021680029EDD00028EBD0304697
:101B2000AFE3FFF773FD2060FFF770FD28602068CA
:101B300023F0D0FD90FBF6F02060286823F0CAFD6A
:101B400090FBF6F028602168014313E0FFF75EFD8B
:101B50002060FFF75BFD2860206823F0BBFD90FB51
:101B6000F6F02060286823F0B5FD90FBF6F02860C1
:101B7000216801404FF47A70484382E3FFF746FD45
:101B8000206023F0A7FD206010B10020206078E3E2
:101B90000120FBE7FFF73AFD2860FFF737FD2060E3
:101BA00023F098FD2060286823F094FD28602168C8
:101BB00081427CDC60E3FFF729FD2860FFF726FD0A
:101BC000206023F087FD2060286823F083FD2860D3
:101BD000216881426BDA4FE3FFF718FD2860FFF7B9
:101BE00015FD206023F076FD2060286823F072FD4B
:101BF0002860216881425ADB3EE3FFF707FD286039
:101C0000FFF704FD206023F065FD2060286823F0C5
:101C100061FD28602168814249DD2DE3FFF7F6FC74
:101C20002860FFF7F3FC206023F054FD2060286853
:101C300023F050FD28602168814238D01CE3FFF773
:101C4000E5FC2860FFF7E2FC206023F043FD206004
:101C5000286823F03FFD28602168814227D10BE3EB
:101C6000FFF7D4FC206023F035FD2060002884DAE3
:101C7000404206E3FFF7CAFC206027F0C6FC0022C2
:101C80005A4B27F045FC29F063FD0AE0FFF7BEFC44
:101C9000206027F0BAFC0022544B27F039FC29F0D1
:101CA000EDFB27F048FD504927F09DFA00E0E7E200
:101CB00027F0C9FC206046E3FFF7A8FC206027F06E
:101CC000A4FC4B4A4B4B27F0B1FB00224A4B27F0B8
:101CD0001FFC2AF00DFCE4E7FFF798FC206027F0DA
:101CE00094FC434A434B27F0A1FB0022424B27F0D0
:101CF0000FFC29F075FBD4E7FFF788FC206027F084
:101D000084FC0022394B27F003FC2AF041FCC8E791
:101D1000FFF77CFC90FBF6F04FF47A714843C9E77B
:101D2000FFF774FC20E33548027872B90968C0688F
:101D3000A1EB000CBCF1000F03DDFFF767FC0020F6
:101D40000FE02F496044884205D1FFF75FFC23F084
:101D5000C1FC8446F3E7FFF759FC23F0BBFC844643
:101D60000120FFF7ECFC386840F804CBFBE2B1F946
:101D7000000023F0B0FC23490968084422490860A8
:101D800010F8011C19B1006823F0A4FC00E0002049
:101D9000FFF7D5FC3868801CE5E2B1F9000023F0BC
:101DA0009AFC1849096808441749086010F8011C92
:101DB0000029ECD1E7E7FFF729FC90FBF6F0134987
:101DC00000B2097888420DD0C117114A00EB517159
:101DD00002EBE10221F00701431A12780121994038
:101DE0000A4217D00120AEE200007A4400408F4042
:101DF0006E861BF0F921094000F905417C00006066
:101E0000EB32A4F8A0000060AC0000609B00006012
:101E1000B8930360DFF8FC830027FD4B98F800209F
:101E200010E04FF02B0C07FB0C3191F804C08445F7
:101E300002D0497A814203D10120FFF780FC03E000
:101E40007F1C3FB29742ECDB98F80000874277D1C5
:101E5000002078E211F8018B396000210F46D1464D
:101E6000CAF800100CE0FFF7D1FB206023F032FC31
:101E70002060D9F800207F1C10443FB2C9F8000050
:101E80004745F0DBD9F8001091FBF8F0F9E10B7849
:101E9000481C3860D81E172852D24FF0000C0EAFE5
:101EA0000EE0FFF7B3FB90FBF6F0A3EB0C0107EBA2
:101EB000410120600CF1010C21F8020C0FFA8CFC9E
:101EC0009C45EEDBD44803220DF1040C00788DF81C
:101ED0006E00BDF838008DF86F00BDF83A008DF83F
:101EE0006C00010A02EB41118DF86D10802101EBAD
:101EF000D0209B1E8DF8700003F0FF0800210BE03E
:101F000007EB410082880CEB41004FEA12290CF8E4
:101F10001190491C427009B29942F1DB012003463D
:101F200000904FEA480261461BA83AE00B78481C33
:101F30003860D81E1728AFD24FF0000C01AF0FE069
:101F400003E2FFF763FB90FBF6F0A3EB0C0107EB5A
:101F5000410120600CF1010C21F8020C0FFA8CFCFD
:101F60009C45EEDBAC4818229B1E00788DF83A00A9
:101F7000BDF804008DF83B00BDF806008DF8380070
:101F8000010A02EB41118DF83910802101EBD020BC
:101F90008DF83C0018060121C20D0B460091391D39
:101FA0000EA802F0E5FF3046CDE176E111F8018B95
:101FB0003960FFF72BFB23F08DFB0027A8F1010808
:101FC000D146CAF800000FE0FFF720FB206023F0A5
:101FD00081FB924920600860D9F80020904201DD21
:101FE000C9F800007F1C3FB24745EDDB1FE011F848
:101FF000018B3960FFF70AFB23F06CFB0027A8F187
:102000000108D146CAF800000FE0FFF7FFFA206090
:1020100023F060FB814920600860D9F800209042DD
:1020200001DAC9F800007F1C3FB24745EDDBD9F863
:10203000000026E1FFF7EAFA23F04CFB90FBF6F0F4
:1020400007B2FFF7E3FA23F045FB90FBF6F001B28D
:102050004FF47A60874209DD07460AE01EE034E16A
:1020600074E11DE110E112E114E105E1002F00DA55
:1020700000274A1E38460F2A5FD8C1EBC1026849C3
:1020800001EB820111F8092C9ABBC21700EB126216
:1020900001F8040C120A01F8052C4EE0FFF7B6FA1D
:1020A00023F018FB0A2190FBF1F05746CAF8000014
:1020B000FFF7ACFA23F00EFB90FBF6F0396800B2A4
:1020C000002901DA002102E0C82901DDC8213960B8
:1020D000421E0F2A09D8C0EBC002514800EB820013
:1020E00010F8092C0AB900F8011C01EB810040002E
:1020F000C7E022E0FFF78AFA23F0ECFA90FBF6F053
:1021000007B2FFF783FA23F0E5FA90FBF6F001B28D
:10211000FF2F01DDFF2702E0002F00DA00274A1E13
:1021200038460F2A09D8C1EBC1023D4901EB8201B3
:1021300011F8092C0AB901F8030C4FF47A714843DD
:102140009FE0B0E0FFF762FA90FBF6F02060FFF747
:102150005DFA90FBF6F028602168012901DA01217F
:1021600002E0052901DD0521216021781331CAB281
:1021700001B2104623F0CEFB2A4927F034F827F0AD
:1021800062FAE0E0FFF742FA206023F0A3FA206051
:10219000FFF73CFA286023F09DFA02462860206889
:1021A00090FBF6F0401E01B29BF80400401E00D5E3
:1021B000062001E04CE056E03B6813F8013C402B60
:1021C00041D0012303EB410109B2B242FFF640AE18
:1021D0000929BFF43DAE00287FF73AAE92FBF6F333
:1021E000114F03EBC30392FBF6F207EB031303EB70
:1021F000001303EB41034FF4616C13F88F3C02EBC7
:10220000C20203FB0CF307EB02120FE0BBE000007D
:102210003C040360B6200020AF200020A400006032
:102220003231026000401C46BC85026002EB0010A7
:1022300000EB410010F8900CC0EB001003EB8000A5
:10224000CAF8000079E74900BEE79BF8030001E007
:102250009BF804004FF47A71484349E032E02EE0E5
:102260002AE026E022E0BBF80700F3E79BF8050030
:10227000F0E7F948417809B1002002E001214170FE
:10228000012023F027FA5EE04FF4FA60F9E740F608
:10229000B830F6E74FF47A60F3E741F28830F0E7C0
:1022A00041F27070EDE741F65830EAE74FF4FA502A
:1022B000E7E742F22830E4E742F21070E1E742F645
:1022C000F820DEE742F6E060DBE79BF80210E34A25
:1022D00040F2537351439BF801209BF800005A438E
:1022E00001EB421100EB4002C2EBC01001EBC00059
:1022F000CAF80000C5E7DA4A002000EB001101EB44
:10230000410102EB4101CB79012B01D1497A21B185
:10231000401CC0B21028F0D39AE5012023F0DAF96E
:10232000FFF70DFA1FB00120BDE8F08FFFF76EF93F
:1023300090FBF6F0FFF76AF990FBF6F0FFF766F90D
:1023400090FBF6F0C748FFF7FAF90DE008788238FD
:102350000A2806D8B1F901004FF47A714843FFF713
:10236000EEF93868C01C3860BF4F386890F900003B
:10237000FFF7C6F800283FF401AA3946086802783A
:10238000FF2A04D005E0491E3960FFF7F2B9401C6E
:102390000860FFF73BF91FB0BDE8F04F23F09AB992
:1023A00010B5AD4CA178082906D3E07800280AD0F2
:1023B0000121AE4827F0F3F9491CA170FFF7C8F9D5
:1023C000A178491EA17010BD10B5B0F90130B3F568
:1023D000FA7F0DD8007883280BD0842809D04FF4D9
:1023E0007A74852807D0862802D191FBF4F0D05466
:1023F00010BDD15010BD91FBF4F0D05210BD9C4ADD
:102400009C4B1168994202D20B1D13600860704703
:102410009749984A0868503A904201D8002070477E
:10242000001F086000687047F0B5B0F90170059DA5
:10243000EE1936F904CCBCF1000F03D0002A07DDF9
:10244000944505DB002B03DD36F902CC9C4501DA0F
:102450000120F0BD0078882806D0892804D08A2879
:1024600004D08B2805D103E0042402E0022400E01C
:10247000012436F8026C521E02FB0632521E02FB89
:10248000047212B2882808D0892806D04FF47A73D3
:102490008A2804D08B2809D105E0A95006E091FBD9
:1024A000F3F0A85202E091FBF3F0A8540020F0BD35
:1024B0002DE9F04F824670486B4D8FB000270770B2
:1024C000894601F5FA6B29606A49694A50393E46E6
:1024D0001160B9F8000000B223F0FDF884B20028C2
:1024E0007ED029680844401D2860008800B223F08F
:1024F000F2F829681FFA80F88A1C0144891C0492AA
:102500002960088800B223F0E6F82968891C0A18B7
:1025100029600092594A116004EB080101440AEB5A
:102520008A0202EB4A10564A4B4C10444FF4FA68A8
:10253000C183278119E00498FFF70AF95149524BEA
:10254000086029680A46491C1960002810780A4664
:10255000296021D0E0B1207800B10F600868E268FE
:10256000104408602868001D28602968009881428E
:1025700004D22089411C21814045DCD336480189A1
:102580000AF101000B9041450DD3C1B20020EBE3ED
:10259000012002F8010C03E00028DCD002F8017CE5
:1025A00018680760DEE7C5F80090B9F800004C46EF
:1025B00000B223F090F80A902968A41C891C0A181C
:1025C00029605078927800EB022CC44543D801EB87
:1025D0000221084420492860B8460F812B4800E0BA
:1025E0003DE100680C900AF101000FFA80FAA7E3C0
:1025F00026480C990068401AB0F5FA7FE6D8ADF885
:102600000080286847461EB10078012821D004E0E8
:10261000017801297BD1C01C2860296811F8010BC1
:102620002960262861D033DCA0F108001E28DED204
:10263000DFE800F05B5BFDFCFDFBFAFDF9F8F7F667
:10264000F5F4FDF3FDFD4DFD5B5BF2FDFDF1FDFDE0
:10265000FD5B002678E389E37C00006080EE3600B5
:10266000DA10026018FCFFFF9C000060A82E00201A
:10267000E4200020982F0020F4200020A00000601B
:10268000621B0260E8200020AC00006018200020DF
:102690005928ACD014DC2D2827D008DCA0F1280064
:1026A0000528A4D2DFE800F0C321BCF121002E28C8
:1026B0001BD040287DD041287CD0432897D1EFE122
:1026C0008A2804D008DCA0F1830004288FD8286869
:1026D00010F8011B084432E3B4286CD0B5286BD045
:1026E000B6286AD0B728E9D18DE32968002711F808
:1026F000010C09280CD008280AD0012201920A787E
:10270000A2F182030A2B05D8012789460CE023E1B8
:102710000022F3E79C2A02D09E2A07D00FE0B1F8EE
:1027200001209C27ADF83420C91C07E051F8012F87
:1027300008920A799E278DF82420491D29601C28BB
:1027400003D02D2801D0252802D14FF47A710591AC
:102750001D2803D02E2801D0262801D1CDF81480C1
:10276000092808D0292810D02C2827D0082840D0A4
:10277000012F5DD04AE00498FEF7EAFF0590012F93
:1027800044D101464846049A55E001200790049838
:10279000FEF7DEFF06900498FEF7DAFF014605908B
:1027A00006984FF47A7290FBF2F304980090079A1F
:1027B0001BE059E09CE0EAE2FDE20FE30498FEF73B
:1027C000C7FF07900498FEF7C3FF06900498FEF732
:1027D000BFFF0146059006984FF47A7290FBF2F322
:1027E000079890FBF2F2049800904846FFF71CFE11
:1027F0000CE00498FEF7ACFF4FF47A7190FBF1F017
:1028000040B201900498FEF7A3FF05909C2F15D0CD
:102810009E2F0CD119E022E166E21FE021E047E0A3
:1028200064E028E20DE255E2F7E1BCE1A0E11EE23E
:10283000DDE904214846FFF7C7FD81E2002305A931
:102840000DA8019A02F000F97AE20023CDF8008089
:1028500005A908A8019A02F08BFB71E201200FB0D4
:1028600062E5FFF7D5FD6AE20498FEF771FF07B253
:10287000012F03DB28684078B84207DA286801781E
:1028800001297DD0401C2860F9E71EE02868017806
:10289000142905D1417800EB4100801CFFF7AFFD02
:1028A000286800EB4700008800B222F014FFB2E174
:1028B0002F6837F8020B00B222F00DFF2044801E73
:1028C00028603846FFF79BFD3AE2F94F387850B15F
:1028D0002868008800B222F0FEFE2044801E286096
:1028E00087F800802CE22868801C28E22868DAE754
:1028F0001E226D21286826F0CAFA5FEA000901D07D
:102900006D2708E01E226E21286826F0C0FA5FEAD3
:10291000000921D06E27FF2089F80000E548C0F8A3
:10292000109007710498FEF713FF07900498FEF7C4
:102930000FFF06900498FEF70BFF0590286810F82B
:10294000011B00910144491C2860594505D9D9490A
:1029500089F80070C1F81080B8E0009900F095FA8D
:1029600029680098084410F8011B286099B36D2F5E
:1029700020D1DDE905210A4407998A4204DA00E002
:10298000CFE100F8018C15E0CC4A012100F8011CD0
:1029900092F90030CA4AC848514692F90020CDF851
:1029A0000C800092CDE90130C64800230278C64869
:1029B000FDF7CAFB6E2F4CD1DDE90510411A0798CF
:1029C000814203DD296801F8018C42E02968012079
:1029D00001F8010C2AE0FFE76D2F1BD1DDE906129B
:1029E0008A4217DA012100F8011CB148B34A01708C
:1029F00092F90030B24AB049B24892F90020CDF8BD
:102A00000C800092CDE90131027800235146AE4896
:102A1000FDF79AFB6E2F1CD1DDE90601814218DD1E
:102A20002968012001F8010CA1490870A34AA249B4
:102A3000A44892F90030A24A92F90020CDF80C8007
:102A40000092CDE901310278002351469E48FDF7FE
:102A50007BFB984889F80070C0F8108070E1286806
:102A60000178FF2905D0954F934A87F800802868A0
:102A70000DE0934940220A7010E097F900100529F3
:102A800003DA03785354491C3970401C28605845B8
:102A900002D201780029F0D1584517D2401C4EE1EE
:102AA000834981F800800498FEF752FE8749086048
:102AB00028680068059022F00DFE059028680779C7
:102AC000401DC1190A1D28605A4502D94FF0FF3038
:102AD000C5E67E4A12687AB3394600F0D6F928680E
:102AE0007449384428600A780AB1059A026000687F
:102AF000002807DDC968401A22F0ECFD296800288B
:102B0000086018DC6D4A6C48514692F900306C4AF6
:102B100092F90020CDF80C800092CDE9013069488F
:102B2000002302786848FDF70FFB10F0FF0F02D07A
:102B30005F480121017079E1FFE7096800290DDC98
:102B4000394600F0A2F95F48514602785E48FDF729
:102B50003AFD5F48017841F001010170286838446E
:102B60002860059822F0B6FD0590296808605DE1AF
:102B700028688146C01C28600498FEF7E9FD0746D6
:102B80000498FEF7E5FD06900498FEF7E1FD06982F
:102B9000B84205DB39464846049AFFF715FCA2E621
:102BA0002868008830E028680088ADF8000000B28E
:102BB00022F091FDADF80000204400F10209401D13
:102BC00028600498FEF7C4FD0498FEF7C1FD069046
:102BD0000498FEF7BDFD296800910746C5F80090EE
:102BE00000200499FEF754FDC11905914846049A46
:102BF000FFF7EAFB00992960DDE90502904202DC5B
:102C0000891C29609CE00888ADF8000000B222F021
:102C100062FDADF80000204464E001260498FEF750
:102C200097FD2A4900280860B9D12868B0F900004A
:102C300022F051FD2044801E286014E0FE2870D14F
:102C400014E00498FEF784FD2049002808602868F5
:102C50000ED010F8011B286011BB012100F8011CE7
:102C60001CE00126286000780128E7D1002667E0F3
:102C700000F8017B09E00498FEF76AFD134908603B
:102C800028B12868012100F8011B286008E02868A5
:102C900010F8011B286019B100F8017C801CE0E7E6
:102CA000B0F9000022F017FD2044801ED9E7000093
:102CB000F42000207C000060F6200020F520002099
:102CC000B00000609B00006000190360E820002055
:102CD000E32000202868401C2860B0F9000022F0A2
:102CE000FAFC2044801E2AE02868011F0091017828
:102CF000A12917D00498FEF72BFD07462868006825
:102D0000059022F0E7FC6949C96808440590B8427B
:102D10002ED92868C0F800800A982044A0F80180C5
:102D200084E011E0401C2860006822F0D3FC4FF4DE
:102D30007A7100FB01F72868001D2860DFE7286032
:102D400028680078FE2807D058490889421C0A8163
:102D5000B0F5FA6FFFF44CAC54480089B0F5FA6F47
:102D600004D30B98C1B20120FDF7EEFB002076E5FD
:102D700022F0B0FC0590296808600098001B00B2A2
:102D800022F0A9FC0A992144A1F8010066E5049803
:102D9000FEF7DEFC4FF47A71B0FBF1F0444A0328F1
:102DA00092F8671001F0FC0182F867103ED80143E9
:102DB00082F867103AE00498FEF7CAFC4FF47A7183
:102DC000B0FBF1F03A4A032892F8671001F0F301E2
:102DD00082F867102AD841EA800011E00498FEF7D3
:102DE000B7FC4FF47A71B0FBF1F0314A032892F846
:102DF000671001F0CF0182F8671017D841EA001080
:102E000082F8670012E00498FEF7A2FC4FF47A7192
:102E1000B0FBF1F0264A032892F8671001F03F0159
:102E200082F8671002D841EA8010E9E72868001D9F
:102E300085E72DE9F0411D4C00250646A5700F469B
:102E40001C48256126F09EFC70B1E570216911B126
:102E5000207908702561761CF1B20320FDF774FB20
:102E60004FF0FF30BDE8F0810120E0703946304678
:102E7000FFF71EFBE570F5E7006800F52A01AB31AE
:102E800001D0002070470120704710B55D245D29F6
:102E900000DA0C46002C00DA00240146A2B20648F3
:102EA00025F0B8FF04490020085510BD7C000060E3
:102EB000A43A0020A82E0020001903602DE9F0415B
:102EC0000C46074691F85F104FF46160414394F857
:102ED0005E00C0EB001001EB800094F85D100E184E
:102EE00094F8620000EB8002732007FB00F1F648C3
:102EF00000EBC10504F10901284625F08BFF14F809
:102F00005D0F85F84800607885F84900A07885F85D
:102F10004A0085F84670607985F8470006B90126B1
:102F200005F07AFAB0FBF6F0401C704345F85A0FF2
:102F30000020A880BDE8F08170B50C46064691F8E7
:102F4000611094F86200E04B091A01EB810200EB7A
:102F5000800001197320704303EBC00505F5E6708E
:102F6000093125F057FF85F8126214F8610F617876
:102F7000401A85F813020020A5F82A0270BD2DE939
:102F8000FC5F8946054691F85F104FF4616041434C
:102F900099F85E0005EBC502C0EB001001EB800064
:102FA00099F85D1002EB05120844D9F864104FF04F
:102FB00000080144C448C9F86410A0F5165101EB9B
:102FC00042177321694300EBC1045BE008EB880002
:102FD0002618B4F85E0018B905F01EFAC4F85A00B5
:102FE00014F8461FB246208B07EB001001703178B1
:102FF000417171788171B178C171F1780172317963
:10300000417205F009FA064605F006FAC0F30720FA
:10301000009005F001FAC0F3074B05F0FDF9010E31
:10302000009801EB0B21000400EB06600144208BAB
:10303000002307EB00100122C0F8011040F60D211B
:10304000C18101A95046463C02F0D7F9012817D1A9
:10305000019822F03FFBC0F30723B4F85E10C0F3E1
:1030600007424FEA106C1B0407EB01160CEB02221F
:1030700003EB00601044C6F80A00491CA4F85E1077
:1030800008F1010894F8471041459FDCB4F85E60F0
:10309000C8B23044192809D9DFF830824FF0000A4D
:1030A00098F8000002280AD0A4F85EA0BDE8FC9FB2
:1030B00007EB06101022002125F0ACFE761C192E1D
:1030C000F6DB834C4FF4C871012254F83500C3B2CB
:1030D0004B43C0F30B20294618F057FC012847D179
:1030E00098F80000022843D105F1B30069468046F4
:1030F00013F0F6FF9DF8000054F8351000F00F02B1
:10310000C1F303418A4207D000F0F00001438DF87B
:103110000010404613F0F3FF34F83500C0F30721E8
:10312000542000EB4507384613F0E9FF552000EB2B
:10313000450614F83510304613F0E1FF54F8350019
:103140006449884203D2401C44F8350010E03846F8
:10315000002113F0D4FF3046002113F0D0FF9DF87A
:10316000000000F0F001404613F0C9FF44F835A01C
:1031700049462846FFF7A2FE98E72DE9F34F80461F
:10318000524883B00078022803D153484188491C33
:103190004180732108FB01F04B4901EBC004B4F8F6
:1031A0002A0218B905F038F9C4F826024B4908EB91
:1031B000C80202EB0810002740F60D2A01EB40166A
:1031C000B4E107EB8700251805F5E6750023012219
:1031D0006946284602F011F9012874D105F01CF95E
:1031E000DFF8FC9059F82810FA3188427BD394F824
:1031F0001302401EB84203D105F00EF949F8280029
:10320000B4F82A0294F8121206EB001080F890111C
:10321000297880F89511697880F89611A97880F856
:103220009711E97880F89811297980F89911009818
:1032300022F050FA20B3B4F82E120120B840014316
:10324000A4F82E1205F0E8F8054605F0E5F8C0F3FD
:10325000072B05F0E1F8C0F3074905F0DDF8000E93
:1032600000EB05614FEA0B4202EB09200144B4F880
:103270002A0206EB0010C0F891114FF080711BE09C
:1032800005F0CAF8054605F0C7F8C0F3072B05F0AE
:10329000C3F8C0F3074905F0BFF8000E00EB056165
:1032A0004FEA0B4202EB09200144B4F82A0206EB74
:1032B0000010C0F891110021C0F89A11A0F89EA149
:1032C000B4F82A022EE130E1DC2C0160B8220020A3
:1032D0006C050160FFFF0F00842000205C07016087
:1032E00008580160FFE74FF0010BB4F82E120BFAFB
:1032F00007F9009819EA010F7DD022F0EBF90028B8
:10330000B4F82E0208D040EA0900A4F82E02FB48C7
:1033100059460278F2B308E120EA0900A4F82E0227
:10332000B4F82A1294F8120206EB011104F21224E6
:1033300081F8900105F070F8814605F06DF8C0F352
:103340000720019005F068F8C0F3074B05F064F81A
:10335000010E019801EB0961020402EB0B200A182F
:10336000218B06EB0110C0F89121A0F89EA12A78CC
:1033700080F895216A7880F89621AA7880F89721BC
:10338000EA7880F898212A7980F899210022C0F8FB
:103390009A2182E0FFE70170B4F82A0294F8121231
:1033A00006EB001080F89011297880F89511697863
:1033B00080F89611A97880F89711E97880F898112B
:1033C000297980F8991105F027F8054605F024F8C9
:1033D000C0F3072B05F020F8C0F3074905F01CF8EF
:1033E000000E00EB05614FEA0B4202EB09200A18C0
:1033F000B4F82A1200E00DE006EB0110491CC0F8F9
:1034000091214FF08072C0F89A21A0F89EA1A4F8F3
:103410002A128AE022F05EF90028B4F82E0241D088
:1034200040EA0900A4F82E02B4F82A0294F8121215
:1034300006EB001004F2122480F89011297880F82D
:103440009511697880F89611A97880F89711E97834
:1034500080F89811297980F8991104F0DDFF05466C
:1034600004F0DAFFC0F3072B04F0D6FFC0F30749DE
:1034700004F0D2FF000E00EB05614FEA0B4202EBB5
:1034800009200A18218B06EB0110C0F891214FF09A
:103490008072C0F89A21A0F89EA1491C2183A4F251
:1034A000122442E020EA0900A4F82E02934859466B
:1034B0000278D2BB0170B4F82A0294F8121206EB1B
:1034C000001080F89011297880F89511697880F8BB
:1034D0009611A97880F89711E97880F898112979E0
:1034E00080F899110021C0F89A1104F095FF054663
:1034F00004F092FFC0F3072B04F08EFFC0F30749DE
:1035000004F08AFF000E00EB05614FEA0B4202EB6C
:1035100009200A18B4F82A0206EB0011C1F891211B
:10352000A1F89EA1401CA4F82A027F1C94F8130263
:10353000B8423FF746AEB4F82A52C0B22844192820
:1035400004D86E484088B0F5967F0AD36B48DFF800
:10355000B0910027478099F80000022812D0A4F803
:103560002A72684A94F82A0202F8080005B0BDE8F9
:10357000F08F06EB05101022002100F5C87025F031
:1035800049FC6D1C192DF4DB5F4E06EBC80569681C
:10359000C1F307200A0ECBB200EB02404FF4C87112
:1035A0004B4380B20022414618F0EFF9012843D185
:1035B00099F8000002283FD108F1B30001A9824622
:1035C00013F08EFD9DF8040056F83830F02100F01D
:1035D000F00201EA13418A4207D000F00F000143D4
:1035E0008DF80410504613F08AFDA8886C22C0F3B1
:1035F000072102EB4800814613F081FD6D2202EBAA
:1036000048062979304613F07AFD404968688842B7
:1036100002D2401C68600FE04846002113F06FFDA5
:103620003046002113F06BFD9DF8040000F00F01FF
:10363000504613F064FD6F6040460499FFF77CFC30
:103640008FE770B5324C002594F86300B0B194F860
:10365000620040B104F0E0FE616E884203D3E8B23C
:103660002146FFF78CFC94F8610094F86210401A30
:10367000002803DDE8B22146FFF77FFD68346D1CAA
:103680000C2DE1DB70BD2DE9F05F044602791E4888
:10369000E6784FF00109012A11D000EBC60040681E
:1036A000174D401C2B78022B00D00120D4F81210AB
:1036B000002921D0AA460025022B05D102E050F8AE
:1036C0003600EDE7814201D2657401E001236374A5
:1036D00004F11A034FF4C8789B46814222D2491E56
:1036E000CBB240464343C1F30B20314617F0F2FF03
:1036F00001280FD04FF0000968E00000842000206E
:10370000B8220020FC5701606C050160FFFF0F002C
:103710004C33026044464146584625F094FB22460D
:10372000FE4933E0FE4E012AA6F5165741461846DB
:1037300016D025F088FB9AF800004FF0730102289C
:10374000E07832D0484306EBC0004246A0F82A5247
:10375000E07800EBC00101EB001007EB401130E016
:1037600025F071FB9AF800004FF073010228E07811
:103770000ED0484306EBC0004246A0F85E50E07809
:1037800000EBC00101EB001007EB401158461BE0B5
:10379000414306EBC101B1F85E100A0100EBC00124
:1037A00001EB001007EB4011F0E7414306EBC101CC
:1037B000B1F82A120A0100EBC00101EB001007EB7F
:1037C0004011584601F5C87125F024FB4846BDE874
:1037D000F09F00EB800202EBC002D24830B500EB54
:1037E000C200002180F8611080F8621001EB8102B4
:1037F0008318DA7A6AB390F86120CB4D521C80F8B6
:1038000061201C7B2D785A7AAC4200D084BB9B7A15
:10381000022B04D0012B11D0032B1BD02EE0C2EBC6
:10382000C20303EB0213C14A441802EB430292F8AD
:103830002D3084F84F3092F8282008E0C2EB0212B5
:1038400002EB4203BA4A1A4492F828300AE0012AED
:103850000FD013E0C2EBC20303EB4213B54A1A4484
:1038600092F82630441884F84F3092F82320EEE77F
:10387000FFE790F86220521C80F86220491CC9B210
:103880000E29B3D330BD2DE9F041A64EDFF8A88252
:1038900000252846FFF79DFF05EB850000EBC507D7
:1038A00006EBC70494F85D0028B994F85E0010B9DF
:1038B00094F85F0098B194F8610080B194F86200C8
:1038C00018B121462846FFF7F9FA94F8610094F8F8
:1038D0006210884203D021462846FFF72DFB04F0F2
:1038E0009BFD6066214608EBC700682225F092FA2E
:1038F0006D1CEDB20B2DCCD30020F9F744FC8F49A1
:10390000C8608F4900200870BDE8F08170B5834D14
:103910000020783D8B4A8C4B05F10C0455F8206053
:1039200052F820108E4201D045F8201054F8206043
:1039300053F820108E4201D044F82010401CC0B231
:103940000328EBD37D4A8149536809688B4200D034
:10395000516054F820107E480068814200D0906089
:1039600070BD2DE9FC5F044600EB8400724900EB5A
:10397000C40001EBC0076B49B94601EBC006002546
:1039800004F04AFD70662046FFF723FF06F10901A7
:1039900007F10900884682465F2225F082FAE8B3E3
:1039A00006F15D0107F15D00032225F07AFAA0B16E
:1039B00096F8620000B1012597F8612097F862102F
:1039C00096F86130521A1B1A9A4231D100EB8000EE
:1039D000093002EB820230441FE097F8620096F84B
:1039E0006210884206D100EB80024146504625F025
:1039F00058FA00B1012597F8610097F8621096F81F
:103A0000612096F86230401AD21A904210D103EB2E
:103A1000830300EB80020933F01800E00AE001EBB9
:103A2000810109317B180146184625F03AFA08B1A0
:103A300045F00205394FDFF81CB104F1B300E90786
:103A4000A7F16007009054D057F834000122010616
:103A50000B0DC0F30B20214617F097FF012848D12A
:103A60009BF80000022840D101A9009813F038FB10
:103A70009DF8040057F8341000F00F02C1F3034121
:103A80008A4207D000F0F00001438DF8041000983E
:103A900013F035FB37F83400C0F30721542000EB56
:103AA0004400824613F02BFB552000EB440017F82E
:103AB0003410804613F023FB57F83400264988421F
:103AC00001D2401C0FE05046002113F018FB404685
:103AD000002113F014FB9DF8040000F0F0010098A1
:103AE00013F00DFB002047F8340031462046FFF765
:103AF000E5F9A80779D507EBC4056868C0F3072185
:103B0000020E01EB02411FFA81FC0006030D0022A8
:103B10002146604617F039FF01281FE0CC050160FF
:103B2000DC2C01604C330260AF20002036530020B3
:103B30002CC30460B21D02602C3802608420002077
:103B40009A000060708703607C870360CC210020AE
:103B5000D0210020B8220020FFFF0F0045D19BF8A4
:103B6000000002283DD101A9009813F0B9FA9DF890
:103B7000040057F83430F02100F0F00201EA13415C
:103B80008A4207D000F00F0001438DF8041000981E
:103B900013F0B5FAA888C0F307216C2000EB4400AD
:103BA000804613F0ACFA6D2000EB440729793846C3
:103BB00013F0A5FA11496868884201D2401C0FE051
:103BC0004046002113F09BFA3846002113F097FA83
:103BD0009DF8040000F00F01009813F090FA002007
:103BE000686031462046FFF7A7F902B031464846E3
:103BF000BDE8F05F682225F00DB90000FFFF0F005F
:103C000010B5044625F03CF9401E01B204E0605CAA
:103C1000202803D1491E09B20029F8DA21440020E6
:103C20004870204610BD30B5FE49837800228C785C
:103C3000A34213D144784D78AC420FD104780D786B
:103C4000AC420BD1CC7814B9C5789D420CD09C42C3
:103C500001D1C57845B1C578AC4205D0521C12B22D
:103C60001B31802AE3DB03E0802A01DA104630BDF5
:103C70004FF0FF3030BD182803D2002901DB802926
:103C800002DB4FF0FF307047E74A02EB002030F9CB
:103C90001100704730B50021E34B4A1E002003EBB2
:103CA000012424F81020401C8028FADB491C182924
:103CB000F4DBDE4C002000EB800204EB82014D7B44
:103CC0005DB14978491E182907D214F82220802AAC
:103CD00003D203EB012121F81200401C1428EADB77
:103CE00030BD70B5D24D06460024687B28B1042251
:103CF0002946304625F0D5F828B1641C24B21C357D
:103D0000802CF2DB03E0802C01DA204670BD4FF0FE
:103D1000FF3070BD2DE9F041C64C0746207818B938
:103D2000FFF7B8FF0120207078784FF0FF36411E72
:103D3000022910D83978401E80291FD2FFF79BFF37
:103D400014281BD2B94A00EB800102EB8101497BA8
:103D5000002911D112E0B54D00240222294638462F
:103D600025F09FF828B1641C24B21435142CF4DB20
:103D700004E0142C02DA2046BDE8F0813046FBE76F
:103D800070B5A84A8678002593789E4223D1C378DF
:103D9000D478A3421FD103781478A3421BD143786F
:103DA00003F01F04537803F01F039C421AD0032C26
:103DB00001D11B2B16D01B2C01D1032B12D0032CAD
:103DC00001D1192B0ED0052C01D11A2B0AD0022CAF
:103DD00001D1182B06D06D1CADB21B32802DD3D370
:103DE000002070BD0D70012070BDF8B5904C0F46DD
:103DF00005460026A078E978884215D1E07898B980
:103E0000217860786A4601F0BFFF69782A7901F06D
:103E1000E001C90001EBC2212A78114489B288422D
:103E200002D13E700220F8BDA878A178884217D14F
:103E3000E878E178884213D12878217888420FD138
:103E4000687800F01F01607800F01F0081420ED0FA
:103E5000032901D11B280AD01B2901D1032806D030
:103E6000761CB6B21C34802EC4D30020F8BD3E7040
:103E70000120F8BDF0B589B06F4EDDE90FC436788A
:103E80008DF802600E9D8DF80300002701F01F00E1
:103E9000BCF1030F0AD001F0E001BCF1020F09D020
:103EA000002672B380328DF8042031E001268DF8AF
:103EB000010059E00126022819D01C2817D0C0B1F2
:103EC0001D2816D0012816D01E2814D0042814D07E
:103ED0001F2812D0052812D0162810D0032811D080
:103EE00015280FD013280FD017280DD03CE01C3117
:103EF0001AE01D3118E01E3116E01F3114E01631B2
:103F000012E003E015310FE017310DE08DF8047079
:103F1000012806D0022806D0042808D003280ED095
:103F200022E0183100E019318DF801101CE001F198
:103F30001A008DF80100BCB104F1240008E0BCF1C6
:103F4000010F20D0C81C8DF801006CB104F12000D5
:103F500000F01F0211448DF801109DF8041000F0CC
:103F6000600001438DF804108DF800308DF8097061
:103F7000324607A96846FFF738FF00282DD03100E8
:103F80002B4E03D01CE001F11B00DCE79CB1224664
:103F9000294608A8FDF7EBFA2849089825F023F9E7
:103FA00025F051FB9DF81C10C1EBC10106EB81010E
:103FB000C1F805000CE0022811D04FF47A70454397
:103FC0009DF81C00C0EBC00006EB8000C0F8055057
:103FD0001B489DF81C1020F8117009B0F0BD9DF829
:103FE0001C00C0EBC00006EB8000C0F80550817AD1
:103FF0006429EDD1012DEBD14FF47A71C0F8051091
:10400000E6E7F0B588B00025DDE90E748DF8020012
:10401000501C8DF80310C0B20D9E8DF804508DF821
:1040200001000FE02CE7026038580160AC02036029
:10403000ACF4026094200020AF20002000007A44FD
:10404000001803605B1E8DF800308DF80950022FB8
:1040500035D002F01F0102F0E000012933D017290A
:1040600031D0022931D018292FD0042931D0192973
:104070002FD0012F35D0C11C8DF801104CB1203448
:1040800004F01F0108448DF8010004F060008DF871
:104090000400002207A96846FFF772FE00280CD032
:1040A0009DF81C0000EBC00101EB4101FE4A1144E8
:1040B000C1F80560FD4921F8105008B0F0BD01229B
:1040C0008DF80100E6E7183000E019308DF80100A6
:1040D000DFE700F11A018DF80110002CD9D024344B
:1040E000CEE700F11B01C7E72DE9F041F04C074690
:1040F000002926DAEF4D4FF0FF362878142814D225
:104100003846FFF707FE002807DB00EB800104EBD1
:1041100081014A7B521C4A732EE60020617B31B13B
:10412000401C00B214341428F8DB304624E6297809
:10413000491C297039682160397921710121617325
:104140001AE601EB810004EB8000427B521C4273B3
:10415000084611E62DE9F84FD74F0546002972DAD7
:1041600004F0B3FBDFF85493D54E4FF0FF3801282D
:1041700010D03078802818D22846FFF7B2FD0028EA
:104180000BDBC0EBC00107EB81014A7B521C4A7379
:10419000BDE8F88F99F80000ECE70024787B30B197
:1041A000641C24B21C37802CF8DB4046F0E728461C
:1041B00004F08BFB012868782979DFF8FC824FF046
:1041C000010B00F01F0001F060011FD00144C4EB9F
:1041D000C40308EB8300EA7802756B782A7803F051
:1041E000E00302EBC302A0F81720A0F81510307806
:1041F000401C307028683860287938714FF055308D
:10420000C7F8050087F80DB02046C1E74618E878E2
:1042100028B1C4EBC40208EB8201087505E0C4EBC9
:10422000C40208EB8200A978017528794FF0030ACF
:10423000010609D5697801F0E001C90001EBC02051
:104240002978084428E05EE0032E1ED0012E1CD001
:10425000022E1AD06878297800F0E00001EBC00146
:10426000C4EBC40208EB8200A0F817101B2E1CD070
:10427000182E1CD0192E21D01A2E21D0A6F12100E3
:10428000032825D84EF2030028E06878297800F04A
:104290001F006A4601F078FDC4EBC40208EB8201FE
:1042A000032EA1F8170022D0E0E7832109E0C4EB38
:1042B000C40208EB8201A1F815B01EE0022100E063
:1042C0000421C4EBC40208EB8200A0F8151014E02E
:1042D000A6F1250003280AD84DF60440C4EBC40219
:1042E00008EB820100EB0620A1F8150005E0C4EB05
:1042F000C40208EB8201A1F815A099F80010491C2E
:1043000089F8001076E7C1EBC10007EB8000427B23
:10431000521C427308463BE770B5634C02460029C5
:104320001EDA684D4FF0FF36287880280CD21046F0
:10433000FFF779FC002808DA0020A17B31B1401C8E
:1043400000B21B348028F8DB304670BD4FF0553189
:10435000C4F805102978491C29700121A17370BD8A
:1043600001EBC10202EB42000219907B401C9073EA
:10437000084670BD704730B50346504850494E4C12
:10438000007809780844C2B201210EE05818B0FB49
:10439000F2F502FB1500C0B2C0EBC00504EB8505C9
:1043A0002D69002D04D1491CC9B29142EED9FF20DC
:1043B00030BD30B50346414841493F4C007809784B
:1043C0000844C2B201210EE05818B0FBF2F502FB1E
:1043D0001500C0B2C0EBC00504EB85052D69002DAA
:1043E00004D0491CC9B29142EED9FF2030BD3649F4
:1043F000344A401C09781278C0B22B4B0A4409E0B9
:1044000000EBC00101EB410119440969002904D105
:10441000401CC0B28242F3D8FF2070472A49294A83
:10442000401C09781278C0B21F4B0A4409E000EB27
:10443000C00101EB410119440969002904D0401C65
:10444000C0B28242F3D8FF2070472DE9F05F00240C
:104450002546DFF86490DFF874A0194FDFF870800C
:10446000DFF858B049E07F2C45D2387804EB84025D
:104470002844C0EBC00108EB820609EB810114223D
:10448000304624F0C7FC38782844C0EBC00109EB63
:104490008100D0F8050007F0FDFCC6F8050038786B
:1044A0002844C0EBC00115E02CE702600017036050
:1044B000AC020360B5200020ACF40260B420002000
:1044C000B3200020B1200020B2200020001803609B
:1044D0003870016009EB8100006925F091F825F042
:1044E000B2F807F0D7FC306138784119641C1AF82B
:1044F0001100F073E4B26D1CEDB29BF80000854230
:10450000B1D30025BB4627E07F2C23D2C5EBC501E4
:1045100009EB810704EB840108EB8106142239467C
:10452000304624F077FCD7F8050025F060F825F038
:104530008AF807F0AFFCC6F80500386925F060F886
:1045400025F081F807F0A6FC30611AF81500641C0C
:10455000F073E4B26D1CEDB29BF800008542D3D33A
:104560000025DFF854B433E07F2C2FD205EBC500D3
:1045700000EB400A04EB84090AEB0B0708EB890601
:1045800014223946304624F045FC7078401E02283B
:1045900004D81BF80A00401C08F82900D7F80500C9
:1045A00025F025F825F04FF807F074FCC6F8050053
:1045B000386925F025F825F046F807F06BFC3061E6
:1045C000FE48641CE4B210F81500F0736D1CEDB2E7
:1045D000FB4800788542C7D30025DFF8E8B32DE01B
:1045E000132C29D205EB850A04EB84090BEB8A070F
:1045F00008EB890614223946304624F00BFC70780B
:10460000401E022804D81BF82A00401C08F8290084
:10461000D7F8050007F03EFCC6F80500386924F01D
:10462000EFFF25F010F807F035FC3061E648641C18
:10463000E4B210F81500F0736D1CEDB2E348007899
:104640008542CDD3C4F1800000EB8000810004EBF3
:10465000840208EB8200BDE8F05F24F0F4BB2DE992
:10466000F05FDC48DA4C4FF0000B0178A24680295D
:104670005BD20026814654E0A07818B1E07808F0BB
:1046800036FD05461C2D49D0152D47D0142D45D09B
:10469000162D43D02B2D41D02C2D3FD05F2D3DD05A
:1046A000482D3BD02E2D39D0CB4ADFF830C31178BE
:1046B0008819C0EBC0070AEB87031F7D0CEBD70CF2
:1046C00007F007089CF800C0012707FA08F71CEA62
:1046D000070F2ED16DB384F80FB099F800005B4638
:1046E0004F46D8B1E3720844801B401E9046C0EB91
:1046F000C000820004F11C01204624F08BFB98F8D6
:10470000000039780844C0EBC0010AEB81001C218D
:104710001C3824F098FB3878401E3870761CF6B2AE
:104720001C3499F800008642A6D3A94D0024AA4E55
:1047300050E0E77A3FB1AA4F37F810C00CF1010CF6
:1047400027F810C003E0DFF898C22CF810B0D87B2F
:10475000FF2802D008B1401ED873E07B0028DDD1CD
:1047600099F800004F460028D8D084F80BB0BAE77B
:10477000C4EBC4000AEB80025746D07BFF2802D06E
:1047800008B1401ED073964A32F81400401C22F83B
:104790001400E87A01281AD1E87BC0B9B9B1081B26
:1047A000401EC0EBC000820085F80BB005F11C0173
:1047B000284624F02FFB30781C21C0EBC00007EB0B
:1047C00080001C3824F03FFB3078401E3070641CA1
:1047D000E4B21C3531788C42CAD3FFF75BFABDE8EE
:1047E000F05F32E62DE9F041064640780C46401E67
:1047F0004FF0FF3802280CD83046FFF78BFA05003F
:1048000007D5474641463046FFF76EFC050000D508
:104810003D467378002719465B1E0B2B7ED8714AE4
:104820003078895C884279D26F4A4FF47A710A2BCA
:1048300075D2DFE803F005335D9098EAF0A1A1F9A5
:10484000C0EB0010694B00EB4000184490F8233097
:104850000BBB90F92830F3B1A3F10C0CBCF10A0F9B
:1048600012D9A3F1170CBCF1070F0AD803EBC30C44
:104870000CEB03131A44A2F5805292F8C12D012AC1
:1048800002D090F825005BE090F825005EE0084635
:1048900020F020FF5DE0D0F81E005AE0C0EBC0031E
:1048A00003EB0010524B03EB400090F82830002B34
:1048B000F1D190F82D30002BEDD0A3F10C0CBCF110
:1048C0000A0F12D9A3F1170CBCF1070F0AD803EB9A
:1048D000C30C0CEB03131A44A2F5805292F8C12DBD
:1048E000012A02D090F826002AE090F826002DE058
:1048F000C0EBC00303EB40103E4B184490F823304C
:10490000002BC8D190F82630002BC4D0A3F10C0C9A
:10491000BCF10A0F18D9A3F1170C01E091E02BE0CC
:10492000BCF1070F0AD803EBC30C0CEB03131A44BA
:10493000A2F5805292F8C12D012A05D090F82400EA
:104940000028A4D10021A2E790F824000028F9D182
:104950009DE7206010E02849C0EBC00001EB80001B
:10496000D0F80700F5E7C0EBC000244A00EB400098
:1049700002EB40004DE02160681C1AD0142D18DABB
:10498000104B05EB850203EB82002168C0F805108F
:104990001B4909788170C17071784170317803F8D2
:1049A00022101E21C1730121C1720771064820F82F
:1049B00015703078BDE8F0812CE7026000170360C5
:1049C000B1200020AC020360D8160360B52000209F
:1049D000ACF40260B4200020B3200020B893036040
:1049E0000018036069C603081A1902602CC304602A
:1049F00036530020B21D0260323102606C840260C6
:104A0000AF20002010E006E0FFE7FF4A00EB401077
:104A10001044807F11E000EB800202EB4010FB4A63
:104A2000104490F8200008E000EB800202EBC00088
:104A3000F74A02EBC00090F8630000289BD10021E8
:104A400099E740462760B5E72DE9F05F04464078D6
:104A50001E46401E91460D464FF0FF3702280DD8E6
:104A60002046FFF757F95FEA000807D53946204688
:104A7000FFF73AFB5FEA000800D5B84661780A46BE
:104A8000491E0B2975D8E34B20780127D25C904250
:104A900070D2DFF884A3DFF884B30C29F8D2DFE802
:104AA00001F006FEFD696969696969FC69FBC0EB93
:104AB000001101EB4102DA49DA4B11440A221A547F
:104AC00091F92200894650EA060203D0012851D10B
:104AD000012EFCD199F82300E0B104F036F92678D4
:104AE000B04209DD286824F082FDCF4924F0ADFBF7
:104AF000CE4901EB8611486220780021FCF7E3F8EB
:104B00002E68D9F81E00B04203D09AF800000028A1
:104B100067D009E104F019F92678C54AB042C6EB1E
:104B200006107CDD00EB4001BD48084490F92800E8
:104B3000A0F10C010A291ED90B3907290AD800EB6C
:104B4000C00101EB00101044A0F5805090F8C10D99
:104B5000012810D0286800B1012024F051FDB3498C
:104B600001EB8611486220781BF081FEC0B3012161
:104B700039E0F7E166E12868D0B1002024F040FD7B
:104B8000AA4901EB8611486220781BF070FE88B1BB
:104B900000212078A24EC0EB001202EB4202324408
:104BA00092F925208A420DD09AF8001021B109E02F
:104BB0000120E3E70121ECE79BF80010884201D1D6
:104BC0009C48077020781BF052FE28B30020217803
:104BD000C1EB011101EB4101314481F825006CE08A
:104BE00000E09AE0002120788D4EC0EB001202EB2D
:104BF0004202324492F925208A4208D09AF80010E5
:104C000029B99BF80010884201D18A4807702078A2
:104C10001BF02DFE0028DAD00120D8E7FFE7804BFB
:104C200000EB4000184410F9251F90F90300A0F193
:104C30000C0CBCF10A0F13D9A0F1170CBCF1070F33
:104C40000AD800EBC00C0CEB00101044A0F580500B
:104C500090F8C10D012803D02A68EAB301203DE095
:104C60002A6832B1002081420BD09AF8000010B1BE
:104C700007E00120F7E79BF80000864201D16D486C
:104C8000077082B100202178C1EB011101EB4101D5
:104C9000194481F8250003E01EE135E1D7E050E03A
:104CA0002868B8BB33E00120EDE72078C0EB0010A6
:104CB00000EB40001844C0F81E102078C0EB001133
:104CC00001EB41025649114491F8251009B14FF406
:104CD0007A7103F056FF0FE7FFE70020814208D00A
:104CE0009AF8000028B99BF80000864201D151488B
:104CF00007700AB1012000E000202178C1EB01110A
:104D000001EB4101194481F82500286810B14FF4E6
:104D10007A71CAE7FFE70021C7E721789BF8000016
:104D2000814201D143480770304620F0D3FCD9F8C6
:104D30001E10884201D040480770304620F0CAFC5F
:104D4000C7E0C0EBC00101EB00123C4901EB42019E
:104D5000894691F9272052EA060303D0012A71D12E
:104D6000012E6FD191F82820C2B92A680AB1012317
:104D700000E0002391F926609E4209D09AF80030A5
:104D8000012B05D19BF80030984201D129480770CA
:104D90000AB1012000E0002089F82600286820F0F0
:104DA00099FCD9F81E1081420AD09AF80020012AF5
:104DB00006D123789BF80020934201D11D4A177039
:104DC000814201D01C484770286820F083FCC9F854
:104DD0001E002078C0EBC00101EB0011174800EB6A
:104DE000410191F82D00192803D00F2801D01D286A
:104DF00028D1D1F81E0020F06DFC18BB2178104A94
:104E0000002042F821001EE07C8C0260621B0260E0
:104E10004C33026069C60308F9010060FA010060C2
:104E20002CC30460682E002000007A4468B502603C
:104E30001A190260FB0100605E19036036530020FE
:104E40000C3B002047E02078FE490F5468E0C0EB9F
:104E5000C001FD4A01EB401101EB020999F8221053
:104E600051EA060203D001295AD1012E58D199F8EE
:104E70002310C1B92A680AB1012100E0002199F884
:104E800024308B4209D09AF80010022905D19BF8F2
:104E90000010884201D1ED4807700AB1012000E0FE
:104EA000002089F82400286820F014FCD9F81E108E
:104EB00081420AD09AF80020022A06D123789BF872
:104EC0000020934201D1E14A1770814201D0E049AC
:104ED0008F70C9F81E0023E000EB4001DD4A01EBB2
:104EE000C0011144B1F809204A4502DDB9F1000FB3
:104EF00001DA4FF00009D84A296852F8202042F818
:104F000029100FF049FE0BE000EB800101EBC0001F
:104F1000D24901EBC001286800B1012081F863008B
:104F2000B8F1FF3F1BD0B8F1140F18DACC4B08EBE7
:104F3000880203EB82002968C0F80510C949097886
:104F40008170C17061784170217803F822101E21B0
:104F5000C173C54AC7720021017122F81810207868
:104F6000BDE8F09F00206070207028603846F7E7A9
:104F70002DE9F04F87B00D46016880460291007917
:104F80008DF80C001E469246002702A803F0E0FCB4
:104F90009DF80A007C1E002876D0B24B1978884212
:104FA00005D19DF80B208A426FD0002AFCD08842A0
:104FB00009D0AE4900F0070201EBD00101200978C9
:104FC0009040014273D002A8FEF78BFE060005D583
:104FD000214602A8FFF7BEF8060055D402A803F048
:104FE00074FC0146A2480129C6EBC60100EB81040E
:104FF0004FF0000961780DD01C2974D01D2973D0A1
:105000009C4E012971D01E2970D001296FD01F2913
:105010006ED07CE1207901F01F0200F06003D61809
:105020004FEA5118010601D500F01F070AF0FF0BE7
:10503000032E0ED01A2E0CD01B2E0AD0A6F1210062
:10504000032806D9001F032803D9012E01D0022E00
:1050500015D1BAF1000F19D0D4F80500049988428F
:105060000DD04FEA082000EBC721CDF800B0207822
:105070002B460844217D82B2102008F047FB182EF1
:1050800074D0192E72D087E0A9E1ACE1D4F80510F4
:1050900028688142F3D0A6F12101032908D824F021
:1050A000A6FA754924F0D1F8A6F120010BE08BE1B6
:1050B000A6F1250103291CD824F099FA6E4924F0A1
:1050C000C4F8A6F12401CAB204A9FCF72DFA042001
:1050D00000904FEA082000EBC721207804AB084479
:1050E00082B2217DC8E783E096E0CBE0CFE0F5E037
:1050F000F9E05C499DF80A200B784FF47A719A42E6
:1051000023D0A07A642804D12868884201D10120E4
:105110002860286805AA010C090241EA1060ADF870
:1051200004002888C0F3072141EA0020ADF80600FA
:105130009DF808109DF8090000F026FE02460420A4
:1051400000909DF80A1001AB96E790FBF1F00490F7
:10515000012000904FEA082000EBC721207804AB23
:10516000084482B2217D062087E7FFE7BAF1000FED
:1051700016D0D4F80500049988420DD04FEA0820D3
:1051800000EBC721CDF800B020782B46084482B24E
:10519000217D0F2008F0BAFABAF1010F24D01AE0ED
:1051A000D4F805102868814215D024F020FA32493D
:1051B00024F04BF824F047FA0490012000904FEAC5
:1051C000082000EBC721207804AB084482B2217D7F
:1051D000052008F09BFA109840B1022804D0FF2067
:1051E000E073C4F81090E8E03C20F9E71420F7E7FA
:1051F000D4F80510286881426FD024F0F8F91E49D0
:1052000024F023F8CDE900099DF80B309DF80A2021
:105210009DF80810022012E0D4F805102868814299
:105220005BD024F0E4F9144924F00FF8CDE900092B
:105230009DF80B309DF80A209DF80810002000F022
:10524000B7FD1BE09C310020B21D0260FB01006035
:105250005E19036068C60260981603604C330260F2
:10526000AC020360AF200020D8160360B89303603F
:10527000ACF402609900006000007A442868C4F829
:10528000050044E09DF808003278904226D3D4F817
:105290000520286882423AD01E2910D024F0A7F9B0
:1052A000C94923F0D2FFCDE900099DF80800317803
:1052B0009DF80B309DF80A20411A0120BFE724F029
:1052C00096F9C14923F0C1FFCDE900099DF80B30E3
:1052D0009DF80A209DF80810EFE766E09DF80800A9
:1052E0003178884261D2D4F80510286881420ED006
:1052F00024F07DF9B44923F0A8FFCDE900099DF819
:105300000B309DF80A209DF80810042097E760787C
:10531000162816D1D4F805102868814245D000B16E
:10532000012024F06DF9CDE900099DF80B309DF8BE
:105330000A209DF80810052000F03AFD2868C4F8FE
:1053400005006078152816D1D4F805102868814228
:105350002BD000B1012024F053F9CDE900099DF8CC
:105360000B309DF80A209DF80810032000F020FD66
:105370002868C4F805006078172816D1D4F80510FD
:105380002868814211D000B1012024F039F9CDE91B
:1053900000099DF80B309DF80A209DF80810132095
:1053A00000F006FD2868C4F805009DF80B109DF874
:1053B0000A00002203F02EFA2061109810B1FF209D
:1053C000E07318E00A20FBE702A8FEF72CFC002897
:1053D00011DA214602A8FEF79FFF00280BDA2046CB
:1053E00007B0BDE8F08F012E05D13346524629465D
:1053F0004046FFF729FB0120F2E72DE9FE4F4FF071
:1054000000080446CDF808800068009020798DF8E7
:1054100004009B4616460D46684603F099FA9DF82F
:1054200002004FF0FF3900286DD0684909788842A2
:1054300005D19DF803208A427ED0002A7CD0FF2728
:105440004FF0553A884209D0614900F0070201EB5C
:10545000D001012009789040014242D06846FEF711
:1054600040FC040005D549466846FEF773FE04007B
:1054700049D4802C7EDA684603F027FA0146554865
:10548000012910D0C4EBC40100EB81040022E178B3
:10549000A07803F0BFF92061D4F8050050455FD033
:1054A0002860DEB14DE0C4EBC40200EB820441464B
:1054B000C4F81080D4F805004FF01408504506D009
:1054C00020F008F92860C6BB84F80F8052E016B1BE
:1054D000E773296046E084F80F80FAE70A20E0735A
:1054E00048E0BBF1010F0ED06846FEF79CFB002898
:1054F0000BDA4C4649466846FEF70EFF002804DAF0
:105500002046BDE8FE8F4846FBE7802832DA00EBF4
:10551000C00000EB4001304802220C18E178A0786E
:1055200003F078F92061FA216EB1E773D4F8050031
:10553000504515D0002801E016E002E0E1D02860D7
:1055400066B1E77316E0254800780A2801D9E173AF
:10555000ECE700EB80008000E073E7E7E17309E02F
:10556000C5F800800020CCE702A92046FFF73AF9F1
:10557000029828600120C4E7FEB50024184D264695
:10558000C4EBC40000EB800015F81010002919D0FE
:1055900005EB40000123C17A8DF80010817A8DF867
:1055A0000110017A8DF80210407A8DF803008DF811
:1055B00004601A4602A96846FFF71FFF641CE4B2A4
:1055C000F02CDDD3FEBD000000007A44AF200020A7
:1055D000B8930360ACF402602CE70260B1200020B5
:1055E000CC420260FE49887930B1C879421ECA7146
:1055F0004FF0000001D288710120704770B5044659
:105600000088CCB0B0F5957F4CD8F6486E4600794E
:105610008DF80000A0785E2802D0C2280AD02FE0C2
:1056200003208DF80100B4F80500000A8DF804008D
:10563000607922E02088C01F022816DD10208DF836
:105640000100B4F80500E849000A8DF8040060790B
:105650008DF805002078C01F8DF806002288F01D07
:10566000D21F23F0D7FB25880AE006208DF8010021
:10567000DD4801788DF8041040788DF80500062586
:1056800020798DF80200E0788DF80300E9B26846D1
:1056900009F0CFF9010A7155711948706946042063
:1056A0000AF07FF94CB070BD2DE9F05F4FF00008B3
:1056B000DFF838A3DFF838B30D460646474607EB58
:1056C000870000EB471101EB0B09B9F9230020F02B
:1056D00002F800283EDD002436E007EB4700C0EB6F
:1056E000C7110AEB0110015D9E292BD12044042C27
:1056F0008178427901F01F0102F06002114421D942
:1057000010F8012C9D2A1DD010F8022C9D2A19D0CA
:1057100010F8032C9D2A15D010F8042C9D2A11D0C6
:10572000032909D0A1F11802072A05D9093A032A49
:1057300002D92539032905D8C178B14202D1C570F3
:105740004FF00108641CA4B2B9F923001FF0C3FF95
:10575000A042C2DC7F1CFFB2102FB0D3A54B0022A9
:1057600002EB820101EBC201002003EBC10400EB5C
:1057700080012144CF7AB74206D1CD720F7BB74268
:1057800000D10D734FF00108401C80B20E28EED3FB
:10579000521CD2B20C2AE3D3974890F80901022890
:1057A00015D0964A0020C0EBC00101EB810102EB4D
:1057B00041010B7AB34206D10D724B7AB34200D14C
:1057C0004D724FF00108401CC0B2F028EBD3B8F185
:1057D000000F06D08A490120C873BDE8F05F03F0CE
:1057E000F0BFBDE8F09F2DE9F05F4FF00008DFF853
:1057F000FCA1DFF8FCB10D460646474607EB8700E3
:1058000000EB471101EB0B09B9F923001FF063FF0F
:1058100000283EDD002436E007EB4700C0EBC7114F
:105820000AEB0110015D9E292BD12044042C8178C4
:10583000427901F01F0102F06002114421D910F8F1
:10584000012C9D2A1DD010F8022C9D2A19D010F889
:10585000032C9D2A15D010F8042C9D2A11D0032961
:1058600009D0A1F11802072A05D9093A032A02D959
:105870002539032905D8C178B14202D1C5704FF04E
:105880000108641CA4B2B9F923001FF024FFA04250
:10589000C2DC7F1CFFB2102FB0D3564B002202EBAC
:1058A000820101EBC201002003EBC10400EB800187
:1058B0002144CF7AB74206D1CD720F7BB74200D1D7
:1058C0000D734FF00108401C80B20E28EED3521C1D
:1058D000D2B20C2AE3D3484890F80901022815D027
:1058E000464A0020C0EBC00101EB810102EB4101FF
:1058F0000B7AB34206D10D724B7AB34200D14D728E
:105900004FF00108401CC0B2F028EBD3B8F1000FF3
:1059100006D03B490120C873BDE8F05F03F051BFDA
:105920005FE7384B2E490022187830B18878401C48
:10593000C0B28870032801D91A708A70704710B5F8
:105940000022304B264C02280DD003280ED004280C
:105950000FD0012811D124481A700C38427A642AD9
:105960000CD216200DE01A70042004E01A700520F5
:1059700001E01A7006200870E08910BD00780A3036
:10598000C0B203220A7010BD30B40A46072955D3AD
:10599000817A134C12294ED0617A00294ED1111D03
:1059A000194BE18141791970184903780B700C2368
:1059B0004B70174B1B881D0A8D70CB7006230B7123
:1059C000084BDD7B4D711D7C8D715D7CCD719B7CA9
:1059D0000B72BA234B72C0238B720E4909681BE00D
:1059E00098200020A43A0020FEFB01609A7C016010
:1059F000621B02604C3302606E0D0260CC4202609A
:105A00005E1903603905006017050060F449002045
:105A10004421002018200020216101212172FE492B
:105A20000B78002B0AD102230B70C11D30BCFB4840
:105A3000D21F23F0EFB90A216172B0E730BC704782
:105A40002DE9F0411446F64B8122A51E1A700A2258
:105A50005A702A0A9A70DD7011F8022B1A71082206
:105A60005A7111F8012B9A7111F8092BDA71012280
:105A70001A725872A4F10C0203F10A0023F0CAF959
:105A8000E84E3078092811D240F22D114843E64FF4
:105A9000A21E07EB4000E24923F0BCF9307840F247
:105AA0002D11484307EB4000A0F8585230780A28DF
:105AB00001D2401C00E000203070BDE8F08130B51C
:105AC0004FF0FF3488B1DA4A0021D84B12780AE04F
:105AD000C1EBC10503EB85056D7E854201D148B25E
:105AE00030BD491CC9B29142F2D3204630BD30B519
:105AF0004FF0FF3490B1D04A0021CE4D13780BE027
:105B000001EBC10202EB42022A44527E824201D1E1
:105B100048B230BD491CC9B29942F1D3204630BDCC
:105B200070B54FF0FF35A8B1C34A0021C14E1378BC
:105B3000C24A14780CE05A1802EBC20202EB42028D
:105B40003244527E824201D148B270BD491CC9B272
:105B5000A142F0D3284670BD2DE9FF470F46002A29
:105B60007CD1DFF8DC920122002599F80810012988
:105B700002D002292FD0B0E0A94B8121BC1D1970A1
:105B80000A215970210A9970DC701A7101465D7101
:105B90003A46981D23F03EF9A24E3078092812D2D9
:105BA00040F22D114843DFF88082BA1D08EB400017
:105BB0009B4923F02FF9307840F22D11484308EB30
:105BC0004000A0F8584230780A2802D2401C3070B9
:105BD00083E0357081E09B4B41781B7899427CD102
:105BE0009949924CE0270A708178DFF86082984EDC
:105BF000122907D0C17A442947D091294DD02129B3
:105C00004BD04EE0C1780A2905D000210844017B21
:105C10005E2902D061E00121F8E7817AC27BB1EB15
:105C2000420F5AD114291AD0017D427C01EB026146
:105C3000827CC07C120402EB0020084423F0E0FCCC
:105C4000414623F002FB03903678802E45D2414630
:105C500023F0C9FA23F0F7FC03212CE03FE0817C1C
:105C6000027D037E01EB0221827D120402EB0362BE
:105C70008B1878490A782B214A4377491144C1F897
:105C8000053090F82000887227E0AC2100F80B1F47
:105C900003AA0A211CF0AFFB03E0007B23F0B0FC59
:105CA00003903678802E18D24146039823F09BFA51
:105CB00023F0C9FC02218DE82300C6EBC60004EBEB
:105CC0008000B0F81720417D07EAD2031944D3B20F
:105CD000C9B2007D0022FEF7CDF889F80850BDE872
:105CE000FF8730B5ADF5197D0D460446D0F80600A6
:105CF00097AA96A91BF02EFD9DF85812062903D0ED
:105D000000200DF5197D30BDD4F806106A46084410
:105D100097991BF094FF9DF806006328F1D19DF838
:105D200008102970EDE74D4B10B500214A4A1C7848
:105D30000CE02B2303FB01231B68834204D12B209F
:105D400000FB0120007910BD491CC9B2A142F0D36B
:105D5000002010BD10B5424A404B00203E49B2F829
:105D600007201C780CE02B2303FB00131B689A42CE
:105D700004D12B2200FB0210007910BD401CC0B2E0
:105D8000A042F0D3002010BD0346012809D0022B09
:105D900004D0032809D141F69C7004E041F63C5040
:105DA00001E041F6BC3000EB410002211170704768
:105DB0002DE9F041ADF51E7D1D46DDE9A4641346D5
:105DC0000F46804622462946184602F023FD4FF032
:105DD000FF3160B15CB9234A92F84E20012A03D00A
:105DE000214A1278012A02D1154A537A1BB108467A
:105DF0000DF51E7D61E602231372074B04221A7013
:105E00001A4A1570CDE90314002205A98DE8460051
:105E100055233A4641462BE039050060FF490020F2
:105E20009AF90160F1210020A0140460ACF4026032
:105E3000B32000202CE70260B1200020B220002017
:105E400098200020850100600221002000007A4493
:105E500084010060012100203C040360B620002082
:105E6000F2FB0160A43A0020992100201705006090
:105E70001EF0F4FE0120BBE72DE9F041ADF53E7DBB
:105E80000D46074616463421AEA8DDF8108322F0F1
:105E9000DAFF342198A822F0D6FF0024ADF8F442AE
:105EA0004FF41871684622F0CEFFA594A694A794EB
:105EB0001421A9A8A89422F0C6FFF9486A46BBA9F4
:105EC000C68085804FF48270ADF894020120CDF831
:105ED00096020720ADF8EC025E208DF8EE02F14844
:105EE000ADF8EF52ADF8F162448106201BF062FA82
:105EF000694698A81AF024FF98A9CDF89A12CDF80F
:105F00009E02A9AABDA9384619F0C7FC38B142467D
:105F1000A5A9A9A81EF0B6F90DF53E7DCDE56FF057
:105F20000600F9E72DE9F04188B01E4613460E9FA2
:105F3000884604463A463146184602F06BFC050096
:105F40004FF0FF3203D017B9D648417A11B110464D
:105F500008B0B2E502210172D34903204FF0000CD2
:105F60000870D248032C0670D14E12D0022C10D0EB
:105F7000012C0ED01C2C1CD01D2C1CD01E2C1CD077
:105F80001F2C1CD0162C1CD0152C1CD0172C1CD050
:105F900024E008F0FF0106AA2046FFF7F5FE0146BF
:105FA00001ABCDF800C09DF818202846FFF764FF2C
:105FB00013E002210AE0002108E0012106E00421AB
:105FC00004E0052102E0032100E01321CDE900C730
:105FD0005523424628461EF0A4FD30703078B7E7BE
:105FE0002DE9F84305464FF0000014460E000090DE
:105FF00025D0002C23D028466A4600211BF002FF42
:106000004FF0FF3800281CDB074600982080E81975
:106010006A4601211BF0F6FE002812DB07440098B7
:10602000C4F80200E81902211BF03EFC48B17F1CB5
:10603000E81944F8060FF01B401E60603046BDE8CA
:10604000F8834046FBE72DE9F04186B017461E462F
:106050006A46DDF83080FFF7C3FF05A96846FFF701
:1060600040FEC5B2DDF80A008E4CB8B1DDF80A007A
:10607000B0F5FA7F3CDADDF80A20DDF806108D482D
:1060800022F0C8FEBDF80A00A081632D09D0424667
:1060900031463846FFF760FD06B00EE5012060711D
:1060A000E9E7844C34F8090FB4F8151040EA0145CB
:1060B00004A9284602F0D0FB401CEDD09DF810004A
:1060C0002B2148437C49227B08444272617B8172C8
:1060D000217A627AE37A01EB0221A27A120402EBBE
:1060E00003621144C0F80510A17B01710560D3E77C
:1060F0000020A081D0E7FFB5ADF5597D0F460646DB
:1061000014463421CAA822F09EFE3421A5A822F00C
:106110009AFE0025ADF85C534FF41871684622F0E2
:1061200092FEBF95C095C1951421C3A8C29522F0D7
:106130008AFE0CB1802C04D96FF003000DF55D7D53
:10614000F0BD342198A822F07EFE4FF48270ADF8A5
:10615000FC020120CDF8FE0252480721017101EB3B
:106160004401ADF82013C2218DF822134FF6FF71C0
:10617000ADF8254301EA4401ADF823734181C89885
:10618000B290BDF82403ADF8CC029DF826038DF83B
:10619000CE0264002246DCA998A822F03BFE9DF8BE
:1061A0006302224660F307019DF8620260F30F214B
:1061B0009DF8610260F317419DF8600260F31F6172
:1061C000989198A90DF2CF2022F024FE6A46B2A938
:1061D00006201BF0EFF86946A5A81AF0B1FDA5A9A5
:1061E000CDF80213CDF80603C3AAD7A9304619F09B
:1061F00054FB28B10222BFA9C3A81EF043F89DE7B3
:106200006FF001009AE72DE9F043ADF2DC6D4FF03D
:1062100000080E460446CDF8B486CDF8B886CDF811
:10622000BC864FF418716846CDF8C08622F00BFE8C
:106230004FF4167198A822F006FE9420ADF8B4062B
:106240000127CDF8B67620780025C2214FF0070946
:10625000102804D0032831D006284BD068E0B61EA1
:10626000ADF8AC668DF8AE16A0788DF8AF06E07884
:106270008DF8B006DDF8AC06ADF8B176CDF8B8040F
:10628000BDF8B006ADF8BC049DF8B2068DF8BE04AA
:10629000A279E11D0DF2BF4022F0BCFD48E00000F4
:1062A0002AFD016098200020390500601705006074
:1062B000850100609AF901603C040360082E37D123
:1062C000ADF8AC965E208DF8AE06A0788DF8AF06DE
:1062D000E0788DF8B006DDF8AC06ADF8B176CDF813
:1062E000B804BDF8B006ADF8BC049DF8B2068DF850
:1062F000BE041DE0082E1BD10920ADF8AC068DF8B8
:10630000AE16A0788DF8AF06E0788DF8B006DDF80F
:10631000AC06ADF8B176CDF8B804BDF8B006ADF86E
:10632000BC049DF8B2068DF8BE04A088ADF8BF0489
:10633000FD4E6A460DF5976186F80490BDF8AC06EF
:10634000708106201BF036F8694698A81AF0F8FC10
:1063500098A9CDF8BA16CDF8BE068DF8C476207887
:106360008DF8C506ADF8CC8640468DF8CE860DF288
:10637000C4614A196D1CD072072DFADB707A28B1FE
:106380004FF0FF300DF2DC6DBDE8F0830220E749ED
:10639000307203200870E6492078002208700DF260
:1063A000B4610DF2C4601DF06DFFEBE770B5050040
:1063B00016464FF0000022D03288284600211BF0FC
:1063C0004CFD0446D6F80220281901211BF045FD9A
:1063D0000444281902211BF05EF90444002105E061
:1063E000D6F80600405C2855491C641CD6F80A0003
:1063F0008842F5DC281902211BF060F9204470BDA9
:1064000010B5002360B1102200F8012B042200F81F
:10641000012B40F256230A461946FFF7C7FF831C9B
:10642000184610BD70B50024651E30B1067826B937
:1064300086781670C278122A01D0284670BD0429C9
:1064400005D91A46001D091FFFF7CAFD044620465C
:1064500070BD2DE9FF4FADF2045D0C464FF4187589
:106460009946294603A822F0EEFC29469DA822F071
:10647000EAFC4FF0000ACDF8D4A4CDF8D8A4CDF8AA
:10648000DCA4CDF8E0A4AB4DCDF8E4A4CDF8E8A4AD
:10649000CDF8ECA45646CDF8F0A4CDF8F4A4B9F1AB
:1064A000A00F24D2A04A0DF2E443D21C2146DDF80D
:1064B0000405FFF7B7FF0DF5A062DDF8EA04111F30
:1064C0001BF048F99DF8FC14062907D1DDF8EA1401
:1064D0002A460844DDF800151BF0B1FBBDF8E404C2
:1064E000ADF8D404DDF8E604CDF8D6040FE0DDF80D
:1064F0000405C179007A01EB002240F25220824269
:1065000079D8DDF80415281DC91D22F083FC8948BF
:10651000DFF82482DFF810B280790446162821D0F3
:10652000172C1FD05F2C1DD0C32C1BD08149742881
:106530000A794B7902EB0322ADF86C228DF86E02DA
:10654000CA798DF86F220A7A8DF870224A7A897A90
:1065500001F0010302EB0322ADF871224CD01028A8
:106560004AD04BE01A228BF80420D8F80000714D75
:1065700047468470E979C170297AA5F11A02017140
:1065800052F8231FC0F805105368C0F8093092680C
:10659000C0F80D2008461FF09DF80146386840F805
:1065A000051F80681FF096F801463868C0F80D1086
:1065B000D0F809001FF08EF801463868C0F80910BD
:1065C000697D4174A97EEA7E6B7F01EB02212A7FFF
:1065D000120402EB03621144C0F81610A97DEA7D93
:1065E0006B7E01EB02212A7E120402EB036211444E
:1065F000C0F8121005E0FDE34808009007218BF871
:1066000004104E4F0125642C73D9ABF80AA0B9F1E0
:10661000A00F05D30E224A48DDF8041522F0FAFB3C
:106620004849DFF824817A2C09D0792C18D0C62C5F
:1066300016D00D70BA2C0BD0BB2C09D00AE088F80C
:10664000005088F8015088F8025003200870EFE3EA
:1066500088F81350652C20D0662C1ED0672C1CD0D7
:10666000A4F16500182804DA08EB040000F8655C62
:1066700001E0742C06D0862C07D0BF2C08D08D2CBE
:1066800009D00AE088F8065007E088F8165004E0C0
:1066900088F8135001E088F81850792C7AD00EDC75
:1066A000A4F1650012282DD2DFE800F0542D64DD3E
:1066B0007682932C2CEFEDECEBEAE99FB4CCBA2C6C
:1066C00069D00CDCA4F182000D28ECD2DFE800F0E8
:1066D000F11A1A1AF01AEFEEED1AECAEEB00C42C18
:1066E00071D007DCBB2C6FD0BF2C6ED0C22C6DD10B
:1066F00007E0F1E3C52C6AD0C62C69D0C82CF6D1CE
:106700005BE1124EA0E19DF86F0240287ED29DF819
:1067100070124029FAD2884278D8C0EBC00101EB50
:1067200000110B4813E1000098200020390500609B
:106730001705006052000260D4200020295100207B
:10674000387A01608E2100205E190360FEFB016033
:10675000365300209DF86F024028D7D29DF8701262
:106760004029D3D28842D7D8C0EB001000EB4000BC
:10677000F74926E09DF86F028028C7D29DF8701275
:106780008029C3D28842C7D8C0EBC00101EB4010BA
:10679000F04916E064E0A4E09DF870020828BBD838
:1067A0009DF86F02EC49C0EBC00000EB400054E0E4
:1067B0009DF870020428AFD89DF86F02E74900EBFE
:1067C0004010461840E1E6E097E07FE0A5E0E4E015
:1067D000B0E09DF8700210289ED89DF86F0200EB83
:1067E000800101EB4011DE48BFE09DF870021028E7
:1067F00092D89DF86F0200EB4001C1EBC011D9485F
:1068000000EB0111009800EBC00200E0DCE202EBBB
:10681000001008E09DF870020828A4D89DF86F02C7
:10682000D14900EBC00001EB00160DE19DF87002AC
:10683000082872D89DF86F02CC4900EBC00001EB2C
:10684000C00601E19DF8700204288CD89DF86F0203
:10685000C0EBC00101EB0010C54901EB4006F3E0BD
:10686000C04E0A3EF0E09DF8700210288BD89DF8CB
:106870006F02C049C0EBC00001EB8006E4E07EE09F
:1068800068E059E0D3E015E0FFE79DF870020C28BE
:1068900085D89DF86F0200EB800101EBC001B6487E
:1068A00000EBC106D0E0B8E038E07EE07BE076E0C7
:1068B0005DE0C6E09DF8700210288DD89DF86F024B
:1068C000C0EBC00101EB0011AC4840E09DF8700244
:1068D000F028AED89DF86F02C0EBC00000EB80013D
:1068E00009E09DF870021028A3D89DF86F0200EB14
:1068F000C00101EB0011A24829E09DF87002502868
:1069000097D89DF86F0200EBC00101EB00119C4885
:1069100000EBC10606F5487696E0EFE39DF87002BD
:10692000802886D89DF86F02C0EBC001954800EB27
:10693000810689E0944E87E09DF87002102884D883
:106940009DF86F0200EB001000EB40018F4800EB58
:10695000410679E09DF87002082887D89DF86F02FB
:1069600000EBC00101EB001189480E186CE09DF8A6
:106970006F02C0EB0010C0EBC000C61964E09DF8C8
:106980007002082884D89DF86F0200EB400181480E
:1069900000EB011658E0804E56E0804E54E088F837
:1069A00019507F4E50E07F4E4EE09DF86F02C0EBD5
:1069B000C00101EB40107C4903E700279BF804006D
:1069C000C1197A4808440079012817D17848F90795
:1069D0004FF0000140F827A015D007F16B0010F030
:1069E0008EFB734810F8271007F16C0010F087FB3E
:1069F000B32000EB5700002110F081FB7F1CFFB299
:106A0000182FDBD320E007F1540010F078FB684822
:106A100010F8271007F15500E8E788F819509DF89D
:106A20006F02C0EBC00101EB0011624838E788F843
:106A300019509DF86F0200EB400101EBC0015E4868
:106A400093E75E4E88F81950002E75D00120CDF8DE
:106A5000F4049DF870029DF86F12884203D08BF801
:106A600000508BF801A08F2C02D0C22C1CD001E06A
:106A700003F00DFA9DF870029DF86F12BDF8717267
:106A8000401A9BF80430401C07FB0037BDF86C022D
:106A9000874251D1C01A82B21046672C1DD0662C95
:106AA00022D0652C2BD031E0BDF86C129BF804008D
:106AB000814201D2002206E0091A8AB24FF496718F
:106AC0008A4200D90A46394901443046091D22F05C
:106AD000A1F99BA8FEF792FD76E1C1F18000C0EB21
:106AE000C00101EB401010E0C1F14000C0EBC0015B
:106AF00001EB00114FF6FF7000EA410006E0C1F122
:106B00004000C0EB001000EB400080B2824200D990
:106B10000246652C11D02548C1183046091D22F0C7
:106B200079F9662C0CD0672C4CD0692C5BD06A2C80
:106B300059D0662C06D08FE0EFE388F800508DE046
:106B400088F801501E48007801284FD056E0000018
:106B50002CC30460B21D02606C8402607C8C0260F5
:106B6000621B02609A7C0160BC8502603C8A026004
:106B7000008D0260323102604C330260EC3F0260F3
:106B8000CC420260ACF402606E0D0260DA1002606A
:106B90001A190260E2190260460A0260E209026004
:106BA0007E0902607A070260B88D026052000260BE
:106BB0006C0501600C3D026068C6026018C7026087
:106BC000F9010060FC4888F802500078022807D1DB
:106BD000FA489DF86F120078814201D1F84805709B
:106BE000F8F735FCF0E0F9F756FFEDE0F3489DF8D3
:106BF0006F120078814201D1F14805709DF86F72E3
:106C000024E0C7EBC70000EB0711EE4800EB4101A1
:106C100091F82700012817D191F82D00192803D0E9
:106C20000F2801D01D280FD1D1F81E001EF052FDF3
:106C300050B9E549E74841F827A0E44941F827A0C1
:106C4000E34941F827A0C5557F1CFFB29DF87002AB
:106C5000B842D6D2F8F7A9FB652C26D1D6480078E1
:106C600038B9D6489DF86F120078814201D1D448D6
:106C70000570BDF86C129BF804000A1AD64901444D
:106C80003046091D22F0C6F89DF86F6207E000212A
:106C90003046FAF718F8F9F7E0FF761CF6B29DF8DF
:106CA0007002B042F3D2F8F7A9FB742C11D06E2C0D
:106CB0007CD0CA4F792C7AD0C62C79D0712C78D060
:106CC000BF2C77D08C2C76D0C42C8BD0C52C73D015
:106CD00023E38BF8065005208BF807009DF86F0220
:106CE0005F4600EB4001C1EBC011BD4800EB011055
:106CF0000178407801EB002000B21EF0ECFC0104AA
:106D00009DF86F02B74E00EB800202EB401030445A
:106D1000090CC18388F806504FD0B0F91E001EF050
:106D2000DAFC4FF4C87190FBF1F0401C484300B20C
:106D30001EF0D1FC9DF86F1201EB810202EB4111B4
:106D40003144A1F82300BDF86C023979411A00984A
:106D500000EBC00202EB001001EB0010B0F5FA6F7F
:106D600008DD9DF86F0200EB800202EB401030441A
:106D7000A0F823A09C4F002542F2D878A7F800A0E5
:106D800005EB850000EB45103044B0F923001EF000
:106D9000A2FC3988084480B23880404501D3A7F866
:106DA00000806D1CEDB2102DEAD3FEE308E00CE08C
:106DB00028E02DE03DE067E074E0A0F823A0C2E702
:106DC0009DF86F02FCF7CDFDF6E385480A380068B0
:106DD0001EF080FC0123854A85490FF091FF83480E
:106DE00087F8EFA05346417802788DE80E0083784B
:106DF000C27800E0FEE341798079F4F76BF9F4F7AB
:106E000060F9D9E388F81950744807F07CFED3E3A1
:106E10009DF870129DF86F02091A00EB001000EB4C
:106E200040027448491C00EB4200F9F708FCC3E338
:106E3000BFE39DF86F52704E1FE0F02D1BD2C5EBE3
:106E4000C50000EB800006EB40000123C17A8DF8FD
:106E50000010817A8DF80110017A8DF80210407AC5
:106E60008DF8030097F832008DF804001A4602A945
:106E70006846FEF7C2FA6D1CEDB29DF87002A8429A
:106E8000DBD8F9F79BFE90E300959DF86F02012394
:106E9000C0EBC0015948002200EB8100411DFEF704
:106EA00067F889E35648007811288DD1554A564B2A
:106EB000564D574E574F0020514642F8201043F888
:106EC000201025F8101026F8101027F81010401C7C
:106ED000C0B20328F1D368E3FFE73F488079162862
:106EE0002CD017282AD05F2C28D09DF86E125E294E
:106EF0003AD09DF870029DF86F22801ABDF8712279
:106F0000401C5043ABF80A00BBF80A20B2F5FA7FE8
:106F100037D84148130A4370027081709DF86F2280
:106F2000C2709DF870220271BDF871224271120A7E
:106F30008271102921D074291FD022E0D8F80000D6
:106F4000354982788A70C278CA7002790A71D0F89D
:106F50000520C1F80520D0F80920C1F80920D0F893
:106F60000D00C1F80D000CE0BDF871224FF6FF7066
:106F700000EA4202ABF80A20C6E7009942EA410162
:106F80008171162C75D00EDC162C61D2DFE804F06E
:106F900060617283F8939FAA6060F7F6F5F4F3F2EC
:106FA000B7CAD76060F9562C74D040DCA4F11E003B
:106FB0000D28EAD232E00000F9010060FA01006019
:106FC000FB010060365300200C3B0020409503601D
:106FD0002C4300209C310020520002606E0D0260A4
:106FE0009A7C0160621B0260C420002044230020C0
:106FF000609A0360DA100260CC420260ACF4026076
:10700000E20902607C8703607087036064010060AE
:107010006A01006070010060387A0160DFE800F00A
:10702000F3181818F218F1F0EF18EE9DED00A4F126
:1070300057000D28A9D2DFE800F0EC0B0B0BFA0B80
:107040000B070BEAE9E8E7009BA8FEF7D7FAFE4E2C
:107050007FE29DF86F02402870D29DF8701240299F
:10706000FAD288426AD8C0EB001000EB4000F74922
:1070700036E00FE19DF86F024028EDD29DF87012C6
:107080004029E9D28842EDD8C0EBC00101EB0011E4
:10709000EF484EE1D6E09DF86F028028DCD29DF8E3
:1070A000701280294AD2884248D8C0EBC00101EB57
:1070B0004010E84914E09DF8700208283ED89DF879
:1070C0006F02E549C0EBC00000EB400042E09DF8D4
:1070D0007002042832D89DF86F02E04900EB40109E
:1070E000461836E29DF87002102827D89DF86F02E6
:1070F00000EB800101EB4011D94828E157E29DF8EF
:10710000700210281AD89DF86F0200EB4001C1EB05
:10711000C011D44800EB0111009800EBC00202EB53
:10712000001008E09DF87002082807D89DF86F024B
:10713000CD4900EBC00001EB00160AE276E09DF8B5
:107140007002042872D89DF86F02C0EBC00101EBF9
:107150000010C64901EB4006FBE19DF870020828CB
:1071600064D89DF86F02C24900EBC00001EBC00675
:10717000EFE106E0F5E0DFE0D0E0E1E14AE02EE01B
:107180000EE001F049F91EF0A5FAB6490A390E469B
:107190000860B84800780871B74800784871D8E1AD
:1071A0009DF87002102841D89DF86F020025C0EBB1
:1071B000C001B24800EB81068046C5EBC50108EB73
:1071C0008107F91C3846FDF70DFB07F10E01C81EBB
:1071D000FDF708FB6D1CEDB2102DEED3B9E19DF863
:1071E00070020C2822D89DF86F0200EB800101EBA1
:1071F000C001A34800EBC106ABE199E13EE087E0A6
:1072000084E081E0A5E0A3E173E079E0B5E003E18B
:107210000DE023E09DF87002102807D89DF86F025A
:10722000C0EBC00101EB0011964882E074E09DF8CC
:107230007002F02870D89DF86F02C0EBC00000EB20
:10724000800109E09DF87002102865D89DF86F0252
:1072500000EBC00101EB00118B486AE09DF8700261
:10726000502859D89DF86F0200EBC00101EB0011C6
:10727000854800EBC10606F548766AE19DF8700284
:10728000802849D89DF86F02804900EB800001EB0F
:1072900080065EE14546D8F80000FCF7F4F94FF4AB
:1072A000C871CDF8F804ABF80A102E68784816F8C3
:1072B000161F817536F8041B090AC17556F8041C9F
:1072C000090C017656F8041C090E417616F8081CC4
:1072D000817436F8081C090AC17456F8081C090C98
:1072E000017556F8081C090E417516F8091C417401
:1072F0002FE100F0DAFE67490E4681F8149028E18C
:1073000000F0D3FE644E24E1644E22E1644E20E19D
:1073100004F09CFE634E1CE17DE046E19DF87002A6
:10732000102878D89DF86F0200EB001000EB4001A8
:107330005D4800EB41060CE19DF8700208286AD810
:107340009DF86F0200EBC00101EB001157480E18C9
:10735000FFE09DF86F02C0EB0010C0EBC000C61943
:10736000F7E09DF87002082855D89DF86F0200EBF1
:1073700040014F4800EB0116EBE0504A0020014667
:107380004C4EDFF834C192F800E023E0C1EBC102BB
:1073900093199F79DC2F0DD2B35CDFF8248108EBC1
:1073A000D30803F0070398F8008005FA03F318EAFE
:1073B000030F0DD0232F0BD0B35C00EB40020CEB7E
:1073C0004202401C9370C2F803A082F801A0C0B230
:1073D000491CC9B27145D9D33B4A0021DFF8E4808A
:1073E0005646177811E02B2201FB02839A7C52B992
:1073F00000EB40020CEB4202401C557096701B687B
:10740000C2F80330C0B2491CC9B2B942EBD38CF800
:107410000000294E9DE0C1E02C4F2D4E002557F86D
:1074200025001EF057F906EB85016D1CEDB2C1F881
:107430000200182DF3D36FF0AA001EF04CF9308033
:10744000552086F8920045E0FEFB01602CC30460E5
:1074500036530020B21D02606C8402607C8C026096
:10746000621B02609A7C0160BC850260008D026034
:107470003C8A02604221002011210020323102604A
:107480004C330260EC3F0260CC4202603870016015
:10749000387A0160570D02606E0D02607E0902604D
:1074A0007A070260B88D0260DA1002601A19026071
:1074B000E2190260F48F0360D60B0260FB2000200B
:1074C000B89303603C040360B62000206C050160A3
:1074D000460A0260DFF8B083DFF8B0A3002558F851
:1074E00025001EF0F7F806EB8507C7F89F005AF84D
:1074F000250093371EF0EEF83860E54830F91500A6
:107500001EF0E9F806EB450727F8AB0FE14830F924
:1075100015001EF0E0F8F880DF4830F915001EF085
:10752000DAF86D1CEDB2B881032DD8D3DB4E10E034
:107530009DF86F02C0EBC00101EB0011D84859E67D
:107540009DF86F0200EB400101EBC001D548FEE65B
:10755000D54E1EB3B9F1A00F0CD29BF80400BBF8B6
:107560000A2040F2522183188B425AD2CF49084454
:10757000314611E00E22CD48DDF8041521F04AFC19
:107580009BF80410BBF80A2040F2522011448142BB
:1075900047D2C64831460E3021F03CFC03AAC3490D
:1075A000062019F007FFCDF8F4047A2C01D0C82C7E
:1075B00002D10120CDF8F404B9F1A00F35D2DDF8E5
:1075C000F40400282DD04FF41671B84821F03BFC8C
:1075D00003A9B64819F0B4FBB449CDF8DA14CDF8D4
:1075E000DE040DF2D441DDF80405FEF709FF7A2C24
:1075F00004D000E015E0162C08D00BE04A460DF24E
:10760000D441DDF80C051CF011FE03E0DDF8F804B0
:10761000012806D14A460DF2D441DDF80C051CF0D4
:1076200005FE0DF2145DBDE8F08FA9F1A00004463F
:1076300007F036FA9BF80A005D460E30C1B29B484F
:1076400007F0F7F9994A6989030A0A4410319373DC
:10765000D073E2B289B2954807F002FAE1E770B55B
:1076600000235C1E28B10578102D02D14578042D29
:1076700001D0204670BD022904D9801C891EFEF766
:10768000AFFC0346184670BD70B5040015460E46A3
:107690004FF000000FD020704FF4167119F052FF18
:1076A0006070A6701220E0704FF41571201D2A46FC
:1076B000FEF77CFE001D70BD2DE9F0410400069E22
:1076C000984617464FF000003BD050202070617064
:1076D0001220A070E01C002119F0DDFFC51C60190C
:1076E00039461AF007FC0544601941461AF002FCBD
:1076F00005446019002119F0E1FF05443288601942
:1077000001211AF0AAFB0544D6F8022060190221D3
:107710001AF0A3FB05446019032119F0BCFF0544CE
:10772000002005E0D6F80610095C6155401C6D1C70
:10773000D6F80A108142F5DC6019032119F0BEFF6A
:107740002844BDE8F0812DE9FE434FF000050A9E74
:10775000984617465FEA010904468DF800500195E6
:1077600002955DD0002E5BD0204600211AF09CF8D7
:1077700090B3601C01AA694619F0ECFF451C9DF806
:107780000000092812D1601902AA01991AF08FFB92
:1077900005440FB102983870601901AA694619F0C2
:1077A000D9FF05449DF80000092802D00020BDE85B
:1077B000FE83601902AA01991AF079FB0544B8F119
:1077C000000F02D0029888F80000601900211AF01A
:1077D00081F80028EBD06D1C601902AA01211AF073
:1077E00011FB4FF0FF3700281CDB05440298308066
:1077F000601902AA02211AF005FB002812DB0544D9
:107800000298C6F80200601903211AF04DF848B139
:107810006D1C601946F8060FA9EB0500401E70604C
:107820002846C4E73846C2E770B5040016464FF054
:10783000000027D03020207061701220A0703288A4
:10784000E01C00211AF009FBC51CD6F802206019C3
:1078500001211AF002FB05446019022119F01BFFF7
:107860000544002005E0D6F80610095C6155401C6F
:107870006D1CD6F80A108142F5DC6019022119F05E
:107880001DFF284470BD00007C8703607087036083
:10789000640100606A01006070010060460A0260D5
:1078A0000C3D026068C6026018C70260387A016049
:1078B000F0B5FE48002140252D261022082304277C
:1078C0002E24172919D2DFE801F00C1219242B32CB
:1078D0003BA95159666C73838D7A96A1A9A9A9A970
:1078E0004400DFF8CCC3C0F800C0067104E0DFF844
:1078F000C4C3C0F800C0047145718FE0DFF8B8C39D
:10790000C0F800C04FF0270C80F804C04FF0800C86
:1079100029E0DFF8A8C3C0F800C04FF01C0C54E009
:10792000DFF89CC3C0F800C04FF02A0C56E0DFF827
:1079300094C3C0F800C04FF0210C80F804C06CE084
:10794000DFF884C3C0F800C04FF0250C3DE0427161
:1079500064E0DFF878C3C0F800C04FF0690C80F82D
:1079600004C04FF0050C80F805C057E0DFF860C395
:10797000C0F800C006714FF0020CF4E7DFF850C306
:107980000CF15A0CC0F800C04FF0680C80F804C02D
:107990004FF00C0CE7E7DFF83CC3C0F800C00471FF
:1079A000D5E7DFF834C3C0F800C04FF00B0C0CE093
:1079B000DFF828C3C0F800C04FF0660C05E0DFF820
:1079C00020C3C0F800C04FF01E0C80F804C0BEE712
:1079D000DFF810C3C0F800C04FF0190C80F804C0E5
:1079E00043711BE0DFF8FCC20CF1C80CC0F800C00A
:1079F0004FF0300CF2E7DFF8F0C2C0F800C04FF0F3
:107A0000900C80F804C04FF0090CACE7DFF8B4C26A
:107A10000CF1840CC0F800C004714771491C09B214
:107A200008301429FFF64DAFF0BD2DE9F04FAF48F7
:107A300087B001250570AE4800274FF43861076014
:107A4000AC4807609B4821F0FEF9AB4E002106F1DF
:107A5000B900069017300590173004908A300390D3
:107A600017300290934C1730DFF890B24FF0050AB0
:107A70004FF00209019001F10108C4F81E701FFACD
:107A800088F29FA1204622F0E9FC84F822A084F825
:107A9000237084F8265084F8277084F8285084F8DE
:107AA000295084F82B7084F82C701FFA88F204F1A6
:107AB000150095A122F0D2FC4FF438718E4821F0C8
:107AC000C2F906F8B85F92A1A6F81570069821F0E1
:107AD000F5F9F575B58590A1059821F0EFF986F8CF
:107AE0002E50A6F843908DA1049821F0E7F986F86E
:107AF000B850A6F8CD7086A1039821F0DFF986F87A
:107B0000CF50A6F8E45086A1029821F0D7F986F864
:107B1000E650A6F8FB9084A1B83E019821F0CEF97A
:107B200083488BF8195005700DF0B3FD1FFA88F1EA
:107B30002E3440299FD34FF434615D4821F083F9FE
:107B40005B4C0026761CC4F81E7084F8287084F8FC
:107B50002370B2B277A1204622F080FCB2B204F1C9
:107B6000150074A122F07AFC84F82270B6B22D348C
:107B7000402EE7D34FF4E071504821F064F94F49AB
:107B80000020401C4D7580B21C311028F9D34FF4F1
:107B900014714D4821F057F94B480021491C80F8D9
:107BA000205080F82170C78389B225301029F5D381
:107BB000DFF888814FF4FA416148A8F8187021F085
:107BC00042F95F4B00214FF4FA6401EB4102C2EB32
:107BD000C112002003EB02121754401C80B2A042D5
:107BE000FAD3491C89B21029EFD34FF49C51324883
:107BF00021F029F9304C0026032EC4F81E7084F8B9
:107C0000227084F8235084F8259084F826702ED2B0
:107C1000C6EBC6004B4900EB40000144152220464C
:107C200021F0F8F8474A06EBC6013F3211442046DE
:107C30000A6840F8152F4A684260097A017226B135
:107C4000012E0BD0022E12D10CE084F8235084F8C0
:107C5000265044F62061C4F81E1008E0C4F81E70D7
:107C6000662102E0C4F81E70672184F82610761C95
:107C7000B6B22734802EBFD34FF43871154821F0A7
:107C8000E2F844F2A011304821F0DDF8A8F81470B1
:107C900010494446A8F81670002081F82970401C4D
:107CA00080B22E311028F8D350E00000EE080260B8
:107CB0002CC3046036530020B21D026032310260D2
:107CC0006C8402607C8C0260621B0260295100207F
:107CD000F2320260EC3F026068C60260DA100260B5
:107CE0003A1702601A190260BC8502607C000060CD
:107CF00088000060802000200C3D02605E19036057
:107D0000494E202564000000494E25640000000013
:107D10004155544F000000004F4E00004F464600B2
:107D2000434F4F4C00000000484541540000000004
:107D30008E2100204F55542564000000AC20002007
:107D40009A7C016010C60308CC4202604FF488712F
:107D5000FE4821F078F84FF4C071FD4821F073F827
:107D600040F20D21FB4821F06EF84FF42061FA48F3
:107D700021F069F84FF45861F84821F064F8F748A9
:107D80006771A77100214FF05536C0F80560C772C2
:107D9000491C89B21B308029F7D3F148E771DFF81D
:107DA000C4830770002505EB850108EB81001421D1
:107DB00021F049F86D1CADB2142DF4D3DFF8A8936F
:107DC00067720025B046C5EBC50109EB81061C2191
:107DD000304621F038F86D1CC6F80580ADB2F77258
:107DE000802DF0D3E14827724FF4A8710770E04866
:107DF00021F029F8DE4D0020401CAF77EF7780B2EC
:107E00002A350828F8D34FF490663146D94821F036
:107E10001AF8FF223146D84821F00EF88421D748BD
:107E200021F011F80020AF77EF77401C80B22135A8
:107E30000428F8D3D148B821843021F004F842F264
:107E4000B261CF4820F0FFFFFE21CE4820F0FBFFBB
:107E5000CC484FF48051FE3020F0F5FFC94D002191
:107E6000FE35C94ADFF824C30A26002005EB81133A
:107E700043F82020401C80B21028F9D30CF8016090
:107E8000491C89B24029F0D3C149002041F8207033
:107E9000401C80B24028F9D35A21BE4820F0D3FFBD
:107EA000B021BD4820F0CFFFBB484021B03020F0CA
:107EB000CAFFA748C821C83820F0C5FFB5484FF40D
:107EC0009C6529465A3020F0BEFF2946B34820F071
:107ED000BAFF42F62031B24820F0B5FF4FF4C87126
:107EE000B04820F0B0FF4FF41651AF4820F0ABFF80
:107EF000A84900205A310F2281F85E20401C80B230
:107F000068310C28F8D3A9484FF4EE71A06220F034
:107F10009AFF6770277067824FF4CC61A44820F005
:107F200092FFA3480021491CC7718772A0F85570C1
:107F300089B266301029F6D34FF4F0719D4820F0D5
:107F400082FF9D481F211C220170427081701E22F9
:107F5000C270017142718171C1710272417282728B
:107F6000C17269460D200FF0BBF80C200DF1010124
:107F70000FF0B6F89DF800009DF801104FF47A75E7
:107F800000EB01208D492A46088080218C4820F092
:107F900053FF8B482A468021803020F04DFF8021FE
:107FA000884820F050FF87488021803020F04BFF28
:107FB000FFF77EFC40F28111834820F044FF6748C0
:107FC0001421143820F03FFF6021804820F03BFF4F
:107FD0007F4D45F2FF5060212880A81C20F033FF20
:107FE000552085F8920005F11E000A2140F8757FA2
:107FF0004760876005F19E0040F8017F4760876019
:10800000C7600782C0F81270C78287618783A5F1B5
:1080100064000770A0F27E4020F015FF41F2CC0111
:108020006C4820F010FF4FF41675A77229466A4875
:1080300020F009FF694829460780694807604760C2
:108040008760684820F0FFFE67832021664820F0A3
:10805000FAFE2021654820F0F6FE574864219C3046
:1080600020F0F1FE4FF4B471614820F0ECFE3B4883
:108070001421143820F0E7FE7C215E4820F0E3FE56
:108080005D4840F85C7F8780877107B0BDE8F08F5E
:1080900010B51721594820F0D6FE5848BDE81040C9
:1080A0004FF4C871173020F0CEBE2DE9F047524C86
:1080B000524E554FE07BB070207CF070607C307188
:1080C000A07C7071BA20B071C020F071207830723D
:1080D00060787072A078B072E078F07220793073B6
:1080E000474806F11705007885F8CE004548007826
:1080F00085F8ED00386A3080000CA6F81500B4F859
:108100002100A6F80F00E179F1742C490988A5F83F
:10811000AF10A5F8C300786A1DF0DCFAC5F8CA00F4
:108120003A4940F64400A6F811000988A5F8BF10A6
:10813000E88220786178E27800EB0120A1780904D8
:1081400001EB02610844C5F8B10061E0582D002040
:10815000E219026029510020387001602CE70260AA
:1081600084010060AC020360ACF402603E01006078
:108170006C840260BC8502603C8A02607C8C026078
:10818000B88D02606AB4026000007F43682E002050
:1081900068C50260F232026068C602602C38026074
:1081A000DC2C0160CC0501605C070160FE0E026002
:1081B000DA1002603A170260E208026042210020F1
:1081C0006E0502606E060260D60B02606C050160EF
:1081D000460A02603C0403609AF90160A420002072
:1081E000F2FB01600C030260B65E0020D65E002048
:1081F0007A070260909E0360A43A0020570D026047
:108200001121002087010060AC20002044210020C3
:1082100094F8500085F8EE00E07C2873207D6873A8
:10822000607DA873A07DE873E07D2874207E68746B
:10823000207985F8C500F878B073E17B2970217C3E
:108240006970617CA970A17CE970617E2971A17E51
:108250006971E17EA971217FE971617F2972A17F36
:108260006972E17FA97294F82010E972FE490978D9
:10827000012904D0022994F8231004D004E094F8D2
:108280002310803100E04031E97494F8441085F8FF
:108290002F1094F8451085F8301094F8461085F8A2
:1082A0003110F24A94F8471085F8AA10518869767F
:1082B0009288AA762A2901D3012A27D095F8F610A8
:1082C00001F0FE0185F8F61094F8481085F8AE101C
:1082D00094F8511085F8F0104FF0010A01291AD0D6
:1082E000002185F8EF10B4F8421085F83210090A21
:1082F00085F8081194F823104FF02308491E4FF019
:108300004A0903290AD885F8338009E095F8F61060
:1083100041F00101D6E785F8EFA0E4E785F8339056
:10832000E1796975A17AE976E17A297694F82810DD
:1083300085F8261094F8291085F8271094F82A104B
:1083400085F8281094F8521085F8F71094F8531017
:1083500085F8F81094F8541085F8F91094F8551031
:1083600085F8FA1094F8561085F8FB1094F8571019
:1083700085F8FC1094F8411085F80E1194F8271038
:1083800005F82A1FBA4938340978A970B94909781B
:10839000E970B94909782971E877386A1DF09AF9C6
:1083A000C5F89C0085F81EA01422B449B4482A3DA3
:1083B00020F030FDB348007885F8C20014F8150CA1
:1083C000383C28B1401F072805D886F80D9004E0F6
:1083D0003220707301E086F80D8034F8580F25F8CC
:1083E000F30FB878A8703879A875A5486168C230CD
:1083F00040F8071F21898180A17A8171E07A687431
:10840000207BA874607BE874A07B287514F8090CA5
:10841000A876BDE8F087704710B59B489B4C007864
:10842000A8B19B489B49B0F80700CA8990420ED377
:10843000098A88420BD8F0F72CFEB4F900104942A3
:1084400001EBC10100EB8100A0F5616010BDF0F708
:1084500020FEB4F90010494201EBC10100EB81009C
:1084600010BDFFF7E2BA70B58EB081218DF8001013
:108470000B218DF8011000238DF802301C218DF89E
:10848000031001228DF8042028218DF80510FF210A
:108490008DF806108DF807107F498DF8083009888F
:1084A0000C0A8DF809408DF80A102B2148437B49AE
:1084B0008DF80B2008441A24417A8DF80C10FE2107
:1084C0008DF80D1010218DF80E108DF80F30D0F8AA
:1084D00016100491817E8DF8141022218DF815104C
:1084E0008DF81620E0218DF8171091218DF81810C5
:1084F00003218DF81910C17E212909D00021C1F175
:108500001A0202449279212A04D0222A09D00FE0CB
:108510000121F4E7C1F10A010844C08AADF81A004C
:1085200005E021208DF81A0094208DF81B001C24F2
:108530005B4D40F22D115B4E28782246484306EBF6
:108540004000694620F066FC287840F22D11414336
:1085500006EB4101401CA1F8584228700EB070BDD6
:108560002DE9F0415049054691F82800092807D027
:10857000012805D091F82A00092801D0012819D135
:10858000444FB87A002815D048490020434E08705F
:1085900043490446087055B11BE02B2000FB0460E2
:1085A000807C10B92046FFF75EFF641CE4B2B87A05
:1085B0008442F2D3BDE8F0812B2000FB0460817C73
:1085C00029B90068A84202D12046FFF74CFF641C7D
:1085D000E4B2B87A8442EFD3ECE72DE9FF5F1446AA
:1085E000DDE90F67DDF838A00D4603007DD0294A8C
:1085F00000204FF0050EDFF8A4C0917A934612E0F8
:108600002B2202FB00C2D2F80080984509D1927C4F
:10861000B24206D14FF02B0808FB00C888F813E0DF
:1086200003E0401CC0B28842EAD324B9012E5CD1D9
:10863000012F00D02C79642957D84FF00009012E62
:1086400001D0022E0ED1012F0CD1FF2C02D12A799C
:1086500002B114469BF80320944203D2DFF848800D
:1086600088F84D90884223E0942100206E07026034
:1086700013210020142100201521002018E702609A
:10868000A20D0260B822002011210020422100200A
:1086900044230020AC200020442100203C0403603F
:1086A000F02100200C9F0360A43A00200422002047
:1086B0004BD12B204143E04601EB08000821036029
:1086C00086748172D5F80110C160B5F80510018279
:1086D00080F813E05146BAF1140F04D20A4616305E
:1086E000039920F097FB5B4600E02EE09BF80A1010
:1086F0002B2000FB0180012E80F82AA005D0DA781B
:108700000271447280F80A9017E00471AA7A012A73
:1087100003D0062A03D0447203E0EA7A00E0AA7B81
:108720004272AA7A4AB9012F07D1FF2C05D12A79C2
:1087300042722A7902710122827280F81590491CD6
:10874000C8B2FD498BF80A008887BDE8FF9F30B5A5
:10875000FB4B4FF47A72FB4C1A600022F749052359
:10876000A47A08E04D7A854202D18D7C05B9CB749C
:10877000521CD2B22B31A242F4D330BDF14A9089BF
:10878000411C91813C280ED300209081EB480021B0
:10879000937A06E010F8132F521E491C00F8182B8C
:1087A000C9B29942F6D3704730B5E64C0022E34B8C
:1087B000A57A10E02B2404FB02342479844208D1EA
:1087C0002B2000FB0230C2680A60008A88800120EA
:1087D00030BD521CD2B2AA42ECD3002030BD30B51D
:1087E000D84C0022D54BA57A10E02B2404FB023490
:1087F0002468844208D12B2000FB0230C2680A6042
:10880000008A8880012030BD521CD2B2AA42ECD32B
:10881000002030BD70B5CB4B31B9DAB1022A03D19B
:10882000DA78904200D001460022C44C9D7A0FE0D5
:108830002B2303FB02431E79864207D15B7A8B42CE
:1088400004D12B2000FB0240006870BD521CD2B244
:10885000AA42EDD3002070BD30B5BA4C0022B74B10
:10886000A57A0AE02B2404FB02342468844202D156
:108870000A70012030BD521CD2B2AA42F2D34FF08E
:10888000FF3030BDF0B5AF4C4FF0FF3631B9D3B14A
:10889000022B03D1E378984200D001460023A74D74
:1088A000A77A0EE02B2404FB035494F804C08445FB
:1088B00005D1647A8C4202D1137058B2F0BD5B1CB2
:1088C000DBB2BB42EED33046F0BD70B541780279E1
:1088D00001F01F0102F06002114403290FD00129A9
:1088E0000DD002290BD0A1F11800032805D90938B1
:1088F000032802D92539032928D8012070BD914CBD
:108900008E490022E378A57A11E08C7C64B94E7A16
:108910008478A64204D10E799E4201D1C6780EB168
:108920009C4201D1022070BD521CD2B22B31AA420E
:10893000EBD380789842E0D0834900F0070201EB46
:10894000D0010120097890400142D6D1002070BDAD
:108950002DE9F0410446FFF7B8FF4FF0FF3501283D
:1089600003D0784B022824D037E0784C94F82800C4
:10897000072852D094F82A1007294ED0744E0727A2
:10898000022808D194F84F0028B9307818B984F833
:10899000287004F048F894F82A0002283DD194F891
:1089A0004F0078BBB07868BB84F82A7004F03BF8BD
:1089B00033E062480021DE789A7A0CE0477A94F836
:1089C00002C0674504D10779B74201D1E7789FB16A
:1089D000491CC9B22B309142F0D3207901061CD535
:1089E0004006A178400A00EB0120E178421807D048
:1089F000524800219B7A0CE00179A170407AE07026
:108A00000020D7E509E006689642F5D0491CC9B2B6
:108A10002B309942F7D30020A0702846CAE54B4975
:108A20004C4A91F82A0001280BD0092809D091F866
:108A30002800012801D0092802D11088401C10808C
:108A400070479088401C908070474049424A91F896
:108A50002A0001280BD0092809D091F82800012804
:108A600001D0092802D11088401C108070479088DE
:108A7000401C908070473549384A91F82A000128F7
:108A80000BD0092809D091F82800012801D0092825
:108A900002D11088401C108070479088401C908044
:108AA000704730B5294D2749002295F828002C3110
:108AB000A1F11003012801D0092805D10888441C20
:108AC0000C800F2800D91A7095F82A00012801D0CF
:108AD000092805D18888441C8C800F2800D99A70F9
:108AE00030BD10B5194C94F82A00012801D009288E
:108AF00002D102201BF048FB94F82800012801D085
:108B0000092804D1BDE8104000201BF03DBB10BD7A
:108B10000E4810B50B4A90F850100023D07A104C34
:108B2000401CC0B219B3FF291CD0D072814202D2BE
:108B3000D372C4F8803110BDA80202603C04036007
:108B400090010060AC200020B8930360A43A00209C
:108B500050210020640100606A0100607001006023
:108B600000002142D3720120C4F88001E3E7D072F3
:108B70000528DDD8DFE700007047F94931F810001B
:108B80007047F84A22F810107047F64931F8100083
:108B90007047034610B5F44841F2883240F6B834C5
:108BA00090F8231003FB02F003FB04F2940AEE4A50
:108BB000800A0129D2790ED005290CD002290DD0C6
:108BC00006290BD0032905D1072A03D242F26C00F3
:108BD0004343980A10BD162AFCD201E0042AF9D2B8
:108BE000204610BD0246E04842F2107390F8231070
:108BF00002FB03F042F228335A43DB4B800A920A0D
:108C0000DB7901290BD0052909D002290AD00629D0
:108C100008D0032902D1072B00D210467047162B2B
:108C2000FCD2FAE7062BF8D3704730B5032803D1FE
:108C3000CE4B1A88521C1A80CD4A105C40F6B832CE
:108C40004A43940AC84A0228D37992F823200AD0CA
:108C5000012822D0032825D0042802D008B10528F5
:108C600000D1204630BD41F2883501FB05F0800A75
:108C7000012A0CD0052A0AD0022A0BD0062A09D0D4
:108C8000032AEFD1072BEDD242F26C0007E0162B3E
:108C9000E8D2E6E7042BE5D2E3E744F6206041435F
:108CA000880A30BD42F2107401FB04F042F228340D
:108CB0006143800A890A012A0BD0052A09D0022AB9
:108CC0000AD0062A08D0032AEBD1072BE9D208469E
:108CD00030BD162BFCD2FAE7062BF8D330BDA548E1
:108CE00000787047A448007870479F4890F82300A8
:108CF000012818D0052816D0022816D0062814D02E
:108D000003281AD00A2812D098B1042813D00728B3
:108D100011D00C2811D0092811D00B2811D00E2801
:108D200011D0002070472020704710207047062087
:108D3000704718207047082070470B2070470D209F
:108D400070471120704715207047874890F823001E
:108D5000012818D0052816D002281AD0062818D0C5
:108D6000032812D00A2812D098B1042813D007285B
:108D700011D00C2813D0092804D00B280DD00E28B0
:108D80000DD000207047182070470820704703203E
:108D900070470A2070470E207047092070470B204B
:108DA000704771496E4A4FF47A7391F823100B297A
:108DB00004D00E290BD0092912D01BE0118B994247
:108DC00002D90C2816D313E00C2813D910E0118C0B
:108DD000994202D910280DD30AE010280AD907E0D9
:108DE000118A994202D9082804D301E0082801D940
:108DF000002070470120704770B504465F4D604EFB
:108E000055F8240056F8241008444FF47A7148436A
:108E10001CF060FCC4EBC4015A4A01EB041102EBE4
:108E20004101C1F81E0055F8240056F824100844EA
:108E30004FF47A71484370BDF0B54B4991F8231057
:108E40000E2903D00022032913D000E004224FF49E
:108E500061614D4B1B68B3FBF1F401FB143109B1A7
:108E600001282BD10020474C444D454E474B0C3236
:108E700022E0B421EDE7C0EBC00101EB001104EBEF
:108E8000410191F82D10192903D00F2901D01D2976
:108E900010D155F8201056F82070394453F820703E
:108EA000B94207D03A4F43F8201001217970394F69
:108EB00003213970401CC0B29042DCD3F0BD2DE9D3
:108EC000F043294890F823000E2810D00027DFF83F
:108ED000BCC02D4900200CF1400C0CF1400680462E
:108EE000DFF89C9006F140050C370A6834E004274F
:108EF000EDE7C0EBC001234B01EB001103EB410197
:108F000091F82D101D2925D15CF8203059F820103A
:108F10008B4219D8CB1A56F82040C3EB03139B00A1
:108F2000141BB3FBF4F31C4C44F8203035F810301C
:108F30005C1C25F81040052B0CD346F820204CF87B
:108F4000201025F8108005E025F8108046F8202034
:108F50004CF82010401CC0B2B842CAD3BDE8F08320
:108F60006E0502606E060260A43A0020A80202604C
:108F7000B65E0020FC200020FD2000200C3B0020DD
:108F800040950360365300205C210020982F00207C
:108F90005E1903608E2100202C4300204E4951F8B9
:108FA00020004FF47A7148437047F0B54B4890F871
:108FB00023000E2809D0002500200123484E494CEB
:108FC000494F4A4A86460C351DE00425F4E7C0EBBC
:108FD000C00101EB001106EB410191F82D10192998
:108FE00003D00F2901D01D290BD154F820C057F808
:108FF00020108C4503D2135444F8201001E002F8ED
:1090000000E0401CC0B2A842E1D3F0BD704730B5CB
:10901000384A0021364D14780CE001EB410205EB93
:1090200082025379527A1A44824201D9834203D987
:10903000491CC9B2A142F0D3A14202D14FF0FF3086
:1090400030BD2D48C1EBC101405C2C4900F0070246
:1090500001EBD001012009789040014201D00120AC
:1090600030BD002030BDF0B50246FFF76EFE4FF078
:10907000FF3690421CD81F4800211D4D047813E094
:1090800001EB410005EB80000379077A1F4497420A
:1090900001D993420AD9C378C0791844904201D9C2
:1090A000934203D9491CC9B2A142E9D3A14201D1DB
:1090B0003046F0BD1048C1EBC101405C0F4900F0E3
:1090C000070201EBD001012009789040014201D054
:1090D0000120F0BD0020F0BD2C430020A43A002068
:1090E000365300207830002040950360509A03608A
:1090F0005C780360FB200020F48F0360B89303606A
:1091000010B5044690F82200FF280FD194F82500EE
:10911000FF280BD194F82600FF2807D194F82800E7
:10912000FF2803D194F82C00FF280AD0092104F16C
:10913000150000F0BEFE30B11321204600F0B9FE4C
:1091400008B1012010BD002010BD10B5044690F8F4
:109150002200FF281BD194F82600FF2817D194F88D
:109160002700FF2813D194F82800FF280FD194F886
:109170002900FF280BD194F82B00FF2807D194F881
:109180002C00FF2803D194F82D00FF280AD00921D4
:1091900004F1150000F08DFE30B11521204600F0DD
:1091A00088FE08B1012010BD002010BD10B5044696
:1091B00090F82200FF280FD194F82300FF280BD14C
:1091C00094F82400FF2807D194F82500FF2803D144
:1091D00094F82600FF280AD0092104F1150000F0B8
:1091E00068FE30B11521204600F063FE08B1012071
:1091F00010BD002010BD2DE9F0470746FE480024B1
:1092000000EB8700DFF8F48306884588DFF8F093E9
:109210004FF4006A0AE006EBC42202EB090008EBF7
:10922000C4215246F1F77CFD641CE4B2B4EBD52FA7
:10923000F1D35FB1012F0ED0022F11D1EF49F148C8
:109240004FF49C52BDE8F0471FF0E4BD4FF4346288
:10925000EA49ED48F6E74FF43862E849EB48F1E7B0
:10926000BDE8F0872DE9F0470025DFF89CA3DFF883
:109270008883DFF88C93A2B02E462C46C4EB0410F2
:1092800000EB400707EB0A00FFF73AFFC8B1B8F858
:10929000001007EB090008442D226946F1F740FD54
:1092A0006F463846FFF72CFF58B92D21384600F09D
:1092B0000DFE30B9761CB6B2022E02D945F001057A
:1092C00003E0641CA4B2402CD8D30026DFF83CA3F2
:1092D0003446C4EBC40000EB04170AEB4700FFF769
:1092E00034FFC8B1B8F8041009EB470008442E2237
:1092F0000CA9F1F715FD0CAF3846FFF726FF58B95A
:109300002E21384600F0E2FD30B9761CB6B2022EAE
:1093100002D945F0020503E0641CA4B2402CD8D366
:109320000026DFF8E0A23446C4EBC40000EB44178B
:1093300007EB0A00FFF73AFFC8B1B8F8081007EBCF
:1093400009000844272218A9F1F7EAFC18AF3846AB
:10935000FFF72CFF58B92721384600F0B7FD30B988
:10936000761CB6B2022E02D945F0040503E0641C57
:10937000A4B2802CD8D3284622B071E770B59F489C
:1093800000252C461A211A381FF05DFD00209B4E47
:10939000994A1A3E0346172866D2DFE800F00C10FF
:1093A000151A1F242865652D32623741453C4A4F06
:1093B000535865655D0000254FF4346454E0291965
:1093C0008DB24FF438644FE029198DB24FF49C549C
:1093D0004AE029198DB24FF4E07445E029198DB2A5
:1093E0004FF4A87440E029198DB284243CE0291977
:1093F0008DB24FF4147437E029198DB24FF49C6488
:1094000032E029198DB24FF438742DE029198DB24C
:109410004FF4CC6428E029198DB24FF4F07423E0A6
:1094200029198DB2C8241FE029198DB24FF4C074D8
:109430001AE029198DB24FF4906415E029198DB204
:10944000B82411E029198DB240F2F2640CE0291918
:109450008DB244F2A01407E029198DB240F20D2418
:1094600002E029198DB2B024610504D0E10AC902D5
:1094700001F500618CB202EB80010D804C80335409
:10948000401CC0B2182886D36149002000EB80023E
:1094900002EB40120A44401CC0B2A2F8233010284C
:1094A000F4D370BD2DE9F0410D46064600244FF47B
:1094B000806706EB4400F1F7B2FB35F814108842E0
:1094C00002D00020BDE8F081A00601D1EFF759FCE1
:1094D000641CA4B2BC42ECD30120F3E710B54D48A4
:1094E000F1F79DFB04464B48801CF1F798FBA4F56F
:1094F00025415A393FD101283DD14648001DF1F799
:109500008EFB04464348801DF1F789FB44EA004482
:109510003B4840422044B0F5BC3F01D8600502D032
:10952000F1F716FB21E04FF400623B493B48F1F7AD
:10953000F7FB39492046FFF7B5FF0028F0D1EFF7D8
:1095400020FCF1F705FB2046F1F730FBEFF719FCA3
:109550003149204600F0C6FC2F492046FFF7A2FF04
:1095600018B12F48418C491C418400F0D2FCBDE861
:109570001040F1F7F3BA10BD7CB50D460446EFF785
:1095800000FC4FF40066324626492046F1F7C8FB3E
:109590003246294623481FF084FC00286FD0EFF79D
:1095A000F0FBF1F7D5FA1D4E3046F1F7FFFAEFF771
:1095B000E8FB2946304600F095FC29463046FFF787
:1095C00071FF88B34AF25A50ADF800000120ADF89F
:1095D0000200ADF80440200CADF80600EFF7D1FB17
:1095E0000C4E3046F1F7E2FAEFF7CBFB0422694666
:1095F0003046F1F71FFB18E0987703607819036095
:1096000000800608B21D02602CC30460365300209F
:10961000621B026000A807089867036000A00708A3
:10962000A8020260986F036010E0EFF7AAFB2046E3
:10963000F1F7BCFAEFF7A5FB2946204600F052FCF3
:1096400029462046FFF72EFF20B10CE0F1F786FAFD
:1096500000207CBDEFF795FB2046F1F7A7FA2946DD
:10966000204600F03FFC00F054FCF1F777FAEFF7EA
:1096700088FB29462046FFF715FF0028E9D0012086
:109680007CBD70B5FE4C607E012833D172B6F1F717
:109690005FFAFC4D2846F1F789FA4FF40A72FA494D
:1096A0002846F1F755FBB822F849F948F1F750FB85
:1096B000EA14F849F848F1F74BFBF5481422F7494A
:1096C0002838F1F745FBF2481422F5491438F1F730
:1096D0003FFBEF486422F349B830F1F739FBEC481F
:1096E0000722F1493038F1F733FBF1F737FA62B668
:1096F0000020607670BD70B5E14C207E01281CD141
:1097000072B6F1F725FAE94D2846F1F74FFAE74826
:109710001422E749A030F1F71BFB4FF41072E54922
:10972000E548F1F715FB7C22E4492846F1F710FBE8
:10973000F1F714FA62B60020207670BD2DE9F047EB
:109740000024DFF87C93DFF87CA34FF4FA67DFF89E
:109750007883EFF716FB09EBC4263046F1F726FABB
:1097600004EB840000EB441101EB0A05B5F923007A
:109770001BF0B1FF00281ADDB5F923001BF0ABFF89
:10978000B84214DCB5F923001BF0A5FF81B208EB49
:10979000C420F1F728FA04EB4400CC49C0EBC41014
:1097A00001EB001130463A46F1F7D2FA04E008EB3B
:1097B000C4200021F1F717FA641CE4B2102CC8D3BE
:1097C0004EE52DE9F05FFFF789FEDFF8B482002453
:1097D00018F80400012871D1BD4844F61F6100EB60
:1097E000840046880788701E884204D8A448314601
:1097F0001A301FF028FB172C18D2DFE804F00C10E9
:1098000023272B2F3217173A3E4217494C45505405
:10981000575B171736004FF43462AE4902E0AE4989
:109820004FF4386296481A301FF0F4FA0F2C46D0E5
:10983000DFF84CA200250AF11A0ADFF8A0B2DFF81F
:10984000A09255E04FF49C52A649EBE74FF4E0722A
:10985000A549E7E74FF4A872A449E3E78422A449A5
:10986000E0E74FF414729749DCE740F20D22A1497A
:10987000D8E74FF49C62A049D4E74FF438729F496F
:10988000D0E7B0229E49CDE74FF4F0729D49C9E779
:10989000C8229D49C6E74FF4C0729C49C2E74FF405
:1098A00090629B49BEE7B8229A49BBE74FF42F72FA
:1098B0009949B7E744F2A0129849B3E71EE072B69F
:1098C000F1F746F9FFF73AFFF1F748F962B612E00F
:1098D00007EBC52101EB0B000AEBC521FFF74CFE9E
:1098E00020B9B9F85210491CA9F852106D1CEDB2FC
:1098F000B5EBD62FECD3002108F80410641CA4B2F9
:10990000182CFFF465AFFFF7F6FEBDE8F05FB8E690
:109910002DE9F047654814226549A030F1F700FAB7
:1099200063480178FF2906D14078FF2803D114212C
:109930005F481FF088FA4FF410725E495E48F1F7F5
:10994000EFF94FF40A7250494E48F1F7E9F9B8229D
:109950004E494F48F1F7E4F94D4864225149B83077
:10996000F1F7DEF9484C4FF6FF77DFF81491B4F8C1
:10997000CD00012500264FF00208B8421BD104F8A3
:10998000B85F4148A4F8156065A1B9301FF096FA98
:109990003D48E575A58564A1D0301FF08FFA84F8A5
:1099A0002E503948A4F8438060A1E730B83C1FF03E
:1099B00085FA89F81950B4F88501B8421CD184F8A9
:1099C00070513248A4F8856155A1B73804F5B874D0
:1099D0001FF074FA2D48E575A58555A1A0381FF034
:1099E0006DFA2A4884F82E50A4F8438052A1893891
:1099F0001FF064FA89F81950254807222A4930389F
:109A0000F1F78EF928485C3890F85C10FF290FD1E7
:109A1000C665A0F8606080F8626080F85C5080F8ED
:109A20005E5090F823100B2912D0092180F85D10A8
:109A30004FF4C87242494348F1F772F97C221F493A
:109A40001A48F1F76DF91D480178FF2902D008E0A6
:109A50000D21EBE74078FF2803D17C2117481FF048
:109A6000F2F94FF480720B490B48F1F759F9094AA2
:109A7000354C00204FF09F4C52F82010A14265E079
:109A80005E190360008807080C3D0260343F0260E5
:109A9000588B070868C50260288A07082C20002018
:109AA000402000207E090260003B00200080070863
:109AB00018E702603C8A026030850708909E0360C8
:109AC00000000608621B0260D00706089A7C01604D
:109AD000987703602CC3046036530020008006088A
:109AE000A8020260B21D0260323102606C84026022
:109AF0007C8C0260295100204C330260EC3F0260F4
:109B000068C602603A1702601A190260E219026020
:109B1000BC850260008D0260F48F0360CC4202605D
:109B20004155544F000000004F4E00004F46460084
:109B3000434F4F4C000000004845415400000000D6
:109B4000081503600098070800FF7F4704D06145AF
:109B500002D011F0FF4F01D142F82060401C80B2CA
:109B6000F34BF44FF44D4FF4C061402884D3894641
:109B70000A46394698461846F1F7D2F8D7E9000167
:109B80001FF0F6FD2BD1D7E902011FF0F1FD26D120
:109B90003968A94223D0B868A84220D02646B142ED
:109BA0001DD0B0421BD072B6F0F7D2FF4046F0F79E
:109BB000FDFF0021002007EB811242F82060401CCD
:109BC00080B21028F9D3491C89B21829F2D34A4629
:109BD000D8494046F1F7BCF8F0F7C0FF62B6002163
:109BE000002007EB811252F82030A34201D142F845
:109BF0002050401C80B21028F5D3491C89B2182986
:109C0000EED31422CD49CE48F1F78AF8BDE8F047EB
:109C1000CB481422CB491430F1F782B82DE9F04734
:109C2000C9490020DFF82493DFF82483C94F088056
:109C300004464FF4FA6609EBC420F0F7F0FFB04297
:109C400000D9002000B21BF046FD04EB840101EBBB
:109C5000441202EB0805A5F8230000B21BF03BFDFF
:109C6000002812DDB5F923001BF035FD3246904285
:109C70000BDC04EB4400C0EBC41007EB0011B6484A
:109C800000EBC420F1F74CF808E004EB4400C0EB13
:109C9000C41007EB001031461FF0D5F8641CE4B285
:109CA000102CC8D38CE52DE9F04FFFB00020ADF8A3
:109CB0000100FFF713FCDFF8A482A94F002544F64A
:109CC000206BA8488DF8005000EB850000244188E7
:109CD00001910688DFF890924FF4006A0CE006EBE1
:109CE000C42101EB080048450AD807EBC4215246BD
:109CF000F1F716F8641CE4B20198B4EBD02FEED360
:109D00000198012281B2594500D95946002004E04A
:109D10003B5CFF2B04D1401C80B28842F8D3D2B9FF
:109D2000172D18D2DFE805F00C11282D32373B171C
:109D300017454A4F17595D5362676B7017174000FC
:109D40004FF434628649894803E04FF4386284490D
:109D500087481FF05FF86D1CEDB2182DB1D30020BD
:109D6000834B0122C0EBC00101EB001103EB410169
:109D700091F82D4084B34EE04FF49C5278497D48D1
:109D8000E7E74FF4E07276497B48E2E74FF4A872C8
:109D900073497A48DDE7842271497948D9E74FF45D
:109DA00014726F496A48D4E740F20D226C49754835
:109DB000CFE74FF49C626A497348CAE74FF43872A0
:109DC00067497248C5E7B02265497148C1E74FF459
:109DD000F07263496F48BCE71BE0C82260496E48D7
:109DE000B7E74FF4C0725E496C48B2E74FF4906237
:109DF0005B496B48ADE7B82259496A48A9E74FF477
:109E00002F7257496848A4E744F2A01254496748A2
:109E10009FE781F82820401CC0B24028A2D3534BB2
:109E20000020C0EB001101EB4101194491F82840DA
:109E30000CB981F82320401CC0B24028F1D34D4B0F
:109E40000020C0EBC00101EB4011194491F82640FD
:109E50000CB981F82320401CC0B28028F1D3FFF751
:109E6000DDFE7FB0BDE8F04F52E510B572B6F0F7F9
:109E70006FFE2F4C2046F0F799FE4FF4C0622D493B
:109E80002046F0F765FFF0F769FE62B610BD10B529
:109E900072B6F0F75DFE464C2046F0F787FE4FF4B1
:109EA000C87244492046F0F753FFF0F757FE62B6F8
:109EB00010BD002206E0835CFF2B01D0002070471C
:109EC000521CD2B28A42F6D301207047002205E02C
:109ED000835C0BB100207047521C92B28A42F7D3C8
:109EE000012070472DE9F0410D46064600244FF44D
:109EF000806735F8141006EB4400F0F774FEA006F6
:109F000001D1EEF73EFF641CA4B2BC42F1D3BDE820
:109F1000F08110B5284C2046F0F781FE012805D1CC
:109F20002046BDE810400021F0F75DBE10BD0000E6
:109F30000090070868B5026000007F432C200020D5
:109F4000308B070840200020C4200020D0070608DE
:109F5000621B02609A7C016000000608008006080F
:109F6000781903609877036000F807082CC3046031
:109F700036530020B21D0260323102606C840260F0
:109F80007C8C0260295100204C330260EC3F02605F
:109F900068C602603A1702601A190260E21902608C
:109FA000BC850260008D0260F48F0360CC420260C9
:109FB000009807080815036002A8070870B5FF4B52
:109FC0000024C3F88C41FE4A0125C2F8985122466C
:109FD000C3F89041060602D5C3F8945101E0C3F8D6
:109FE0009441C3F890514006521C000ED2B2082A88
:109FF000EED30020C3F890410A0602D5C3F894516D
:10A0000001E0C3F89441C3F890514906401C090E81
:10A01000C0B20828EED3C3F88C5170BD2DE9FF4FB4
:10A0200016460821B1FBF6FA0121B14089B0054678
:10A0300016984A1EC3F345184FEAD32C03F01F09A4
:10A04000D7B2C30AC0F34512CCB200F01F00002102
:10A05000CDF820D0ACEB030EA8EB020BA9EB000966
:10A06000641E19E00EFB01FC9CFBF4FC9C444FEACF
:10A07000CC280BFB01FC9CFBF4FC944448EA4C18F4
:10A0800009FB01FC9CFBF4FC844448EA0C08DDF865
:10A0900020C02CF81180491CA142E3DD4FF0000CD8
:10A0A000E84615E000240CE0287804FB06F1C840DF
:10A0B000384038F81000C1B2000AFFF77FFF641C77
:10A0C000A4B25445F0D30CF1010C1FFA8CFC6D1CAA
:10A0D0000A988445E6D30DB0BDE8F08FC0F307229F
:10A0E000C1B210466AE730B5B44A0023C2F88C31D9
:10A0F000B349C1F8983119460124C2F890310506D8
:10A1000002D5C2F8944101E0C2F89431C2F89041FE
:10A110004006491C000EC9B20829EED3C2F88C4192
:10A1200030BD30B5A54A0023C2F88C31A4490124C2
:10A13000C1F898411946C2F89031050602D5C2F817
:10A14000944101E0C2F89431C2F890414006491CA4
:10A15000000EC9B20829EED3C2F88C4130BD2DE9FA
:10A16000F04106468846C2F30724D7B2C3F3072559
:10A1700003F0FF0C2A20FFF7B6FF0020FFF7D1FF06
:10A180003046FFF7CEFF0020FFF7CBFF4046FFF73A
:10A19000C8FF2B20FFF7A7FF2046FFF7C2FF384676
:10A1A000FFF7BFFF2846FFF7BCFF6046FFF7B9FF88
:10A1B000BDE8F0412C2096E72DE9F041064600224B
:10A1C00040F23F13EF211046FFF7C9FF00254FF47F
:10A1D000A07700243046FFF781FF641CF02CF9D3F0
:10A1E0006D1CBD42F5D3BDE8F08100B52820FFF716
:10A1F0007AFF10205DF804EB75E710B51120FFF72A
:10A2000072FF7820F3F719FCBDE8104029206AE7B7
:10A21000F8B501214C20EEF7D6FE0126ADF800601E
:10A2200010248DF8034003258DF8025069466548D7
:10A23000EEF7C3FC3C20ADF800008DF803408DF82C
:10A24000025069466048EEF7B8FC4020ADF80000C7
:10A250008DF803408DF8025069465C48EEF7ADFC7E
:10A260005B48C0F880615B4900200870F8BD70B59C
:10A27000524C0125C4F88C51052004F5C474F3F741
:10A28000DCFB002020600A20F3F7D7FB2560782054
:10A29000F3F7D3FB1120FFF726FF7820F3F7CDFB70
:10A2A000CF20FFF720FF0020FFF73BFFC320FFF781
:10A2B00038FF3020FFF735FFED20FFF714FF642053
:10A2C000FFF72FFF0320FFF72CFF1220FFF729FFD6
:10A2D0008120FFF726FFE820FFF705FF8520FFF725
:10A2E00020FF1020FFF71DFF7920FFF71AFFCB207A
:10A2F000FFF7F9FE3920FFF714FF2C20FFF711FFBD
:10A300000020FFF70EFF3420FFF70BFF0220FFF7BE
:10A3100008FFF720FFF7E7FE2020FFF702FFEA2003
:10A32000FFF7E1FE0020FFF7FCFE0020FFF7F9FE3B
:10A33000C020FFF7D8FE2220FFF7F3FEC120FFF771
:10A34000D2FE1120FFF7EDFEC520FFF7CCFE3D2029
:10A35000FFF7E7FE2020FFF7E4FEC720FFF7C3FE6C
:10A36000AA20FFF7DEFE3620FFF7BDFEC820FFF76C
:10A37000D8FE3A20FFF7B7FE5520FFF7D2FEB120F6
:10A38000FFF7B1FE0020FFF7CCFE1320FFF7C9FE58
:10A39000B620FFF7A8FE0A20FFF7C3FEA220FFF7B2
:10A3A000C0FEF620FFF79FFE0120FFF7BAFE302027
:10A3B000FFF7B7FEF220FFF796FE0DE00000234204
:10A3C000008021420008014000180140000C0140BB
:10A3D00000002142B72000200020FFF7A2FE262027
:10A3E000FFF781FE0120FFF79CFEE020FFF77BFED8
:10A3F0000F20FFF796FE3F20FFF793FE2F20FFF779
:10A4000090FE0C20FFF78DFE1020FFF78AFE0A2039
:10A41000FFF787FE5320FFF784FED520FFF781FE6C
:10A420004020FFF77EFE0A20FFF77BFE1320FFF798
:10A4300078FE0320FFF775FE0820FFF772FE032069
:10A44000FFF76FFE0020FFF76CFEE120FFF74BFEE9
:10A450000020FFF766FE0020FFF763FE1020FFF7E5
:10A4600060FE0320FFF75DFE0F20FFF75AFE052078
:10A47000FFF757FE2C20FFF754FEA220FFF751FEF6
:10A480003F20FFF74EFE0520FFF74BFE0E20FFF7A3
:10A4900048FE0C20FFF745FE3720FFF742FE3C2028
:10A4A000FFF73FFE0F20FFF73CFE1120FFF71BFEDA
:10A4B0007820F3F7C2FA2920FFF715FEBDE87040B7
:10A4C0003220F3F7BABA2DE9F843DDE9089848B32A
:10A4D000F84C182524270226A3F120005F2800D37A
:10A4E000202303EBC30000EB400004EBC004A4F501
:10A4F000D8544819401E00F0FF0CD319C8B2614669
:10A500005B1EFFF72CFE7D437543E81705EB50708B
:10A51000C1084B4632462046CDF80080FFF77EFD4D
:10A52000BDE8F883E44C3025602704262D2B0FD09E
:10A5300004F5C640202B0ED0A3F1300CBCF1090F5E
:10A5400009D803EBC30004EB0024A4F5D834D0E70A
:10A5500004F5B444CDE70446CBE72DE9FC471D469E
:10A56000DDE90A9816460C46074609E0CDE9009851
:10A570003246A1B23846FFF7A6FF37B117346D1C3B
:10A580002B78002BF2D1BDE8FC871F34F7E71CB510
:10A59000832401280094C9A3019405D0C22200217C
:10A5A0000120FFF7DAFF1CBD6C2200210120FFF71C
:10A5B000D4FF0094C1A397220194F0E72DE9FC4158
:10A5C00007460E460120FFF7E2FF83244FF6FF7592
:10A5D000CDE900543B466C2200210120FFF7BDFF6E
:10A5E000CDE900543346972200210120FFF7B5FF43
:10A5F000BDE8FC8100B5B6488DB0B6A1827C684646
:10A600001FF02CFFB5A106A81FF028FF694606A879
:10A61000FFF7D4FF0DB000BD10B5FFF7F9FDFFF750
:10A6200026FEBDE810408320C6E52DE9F843DDE9AC
:10A63000089830B3AB48102518270226A3F1200450
:10A640005B2C00D3202303EB430300EB4314A4F55E
:10A6500040644819401E00F0FF0CD319C8B261468F
:10A660005B1EFFF77CFD7D437543E81705EB5070DB
:10A67000C1084B4632462046CDF80080FFF7CEFC9D
:10A680004EE78D4C3025602704262D2B0FD004F586
:10A69000C640202B0ED0A3F1300CBCF1090F09D815
:10A6A00003EBC30004EB0024A4F5D834D1E704F590
:10A6B000B444CEE70446CCE72DE9FC471D46DDE96E
:10A6C0000A9816460C46074609E0CDE9009832463E
:10A6D000A1B23846FFF7A9FF2FB110346D1C2B78BB
:10A6E000002BF2D14FE71834F8E7F8B51D46A2F178
:10A6F0002003069C5F2B00D320227B4BC2EB02126F
:10A7000003EB820600F10902D7B201F117030A46F2
:10A71000C0B23946A6F5F066FFF721FD2B460222AE
:10A720003C2130460094FFF779FCF8BD2DE9F84351
:10A730001F46144688460546089E08E03B464146AB
:10A7400028460096FFF7D1FF0A35ADB2641C227887
:10A75000002AF3D1E4E6F8B51D46A2F12003069CD9
:10A760005F2B00D32022614B02EBC20203EBC20637
:10A7700000F10B02D7B201F117030A46C0B2394605
:10A78000A6F51066FFF7EBFC48212B460222304667
:10A790000094FFF743FCF8BD2DE9F8431F4614462B
:10A7A00088460546089E08E03B46414628460096F6
:10A7B000FFF7D1FF0C35ADB2641C2278002AF3D12B
:10A7C000AEE670B5164601FB00F2049C95B2184443
:10A7D0006218401EC1B2D8B2531E2246FFF7BFFC1A
:10A7E000002407E036F81400C1B2000AFFF7E6FBC8
:10A7F000641CA4B2AC42F5D370BD2DE9F0411646FD
:10A80000DDE906C400FB01F21D466318604402EB5B
:10A81000D272401EC2F34F07C1B20CF0FF002246B5
:10A820005B1EFFF79CFC002412E0305D00F00F007F
:10A8300035F81000C1B2000AFFF7C0FB305D000917
:10A8400035F81000C1B2000AFFF7B8FB641CA4B2CF
:10A85000BC42EAD3C7E42DE9F04101FB00F4069ABB
:10A86000A5B218445418401EC1B2D8B2631E089E47
:10A87000FFF775FC0024370A05E0F1B23846FFF710
:10A880009DFB641CA4B2AC42F7D3ACE42DE9F041CB
:10A89000804617480125174E0C46814201DD0446CB
:10A8A0002CE01548844201D9044601E0B44225D386
:10A8B000012024E050340408C8C6030820202020CA
:10A8C0002020202020202020202020200000000008
:10A8D000A43A002049503A257500000054535441D1
:10A8E000542D50007884040898A60408DCBC0408A1
:10A8F000003C1C460000808000C079C40020C0F1EC
:10A900000407B44202D384F0004000E020461EF069
:10A910009AFE0A2102E090FBF1F06D1C0A28FADA97
:10A920007D1B6D1E022D12DD022510E0022D20463A
:10A9300017D01EF0EDFE0B460246F9A140461FF06F
:10A940008DFD40461EF09CFA04281BD96D1E002D7B
:10A95000ECDC4FF07C51B442204608D31EF03DFCA5
:10A9600007E01EF0D5FE0B460246EFA1E6E71EF01B
:10A97000E2FB1EF068FE02464046BDE8F041ECA155
:10A980001FF06CBD2FE4F0B587B00E4605460024DD
:10A990002022042102A81EF04FFA00208DF80C009E
:10A9A000681E022858D8C6EBC60000EB4611E148E5
:10A9B0000F1897F82660A6F16500022839D8C6EB73
:10A9C000C60000EB0610DC4ED7F81E204FF47A715B
:10A9D00006EBC000C4EBC40C92FBF1F30CEB041CBF
:10A9E0008444ACF5A04CBCF87DC763451DD1C4EBD5
:10A9F000C40101EB04142044A0F5904097381EF0E8
:10AA00003FFAC2B2042A00D3042297F82600C0EB12
:10AA1000C00101EB001006EBC0000119A1F5904147
:10AA200002A897391EF0F6F916E0641C082CD1DB59
:10AA300012E0D7F81E4020461EF0D9FDBF491EF097
:10AA400004FC0146BE48844200DBBE4997F823005F
:10AA500090B102A8FFF71AFF02A801F060F841F2D6
:10AA600006104FF6FF71012D71D0022D70D0032D0D
:10AA70006FD102ABC42292E097F8240000B101200C
:10AA80001EF0BEFD172EE7D2DFE806F00C0D141BFA
:10AA9000222930353A41485155595D64686C7074CB
:10AAA000787C8000D8E710F0FF4F01D1A6A03BE0F2
:10AAB000A7A039E010F0FF4F01D1A7A034E0A8A073
:10AAC00032E010F0FF4F01D1A7A02DE0A8A02BE0AD
:10AAD00010F0FF4F01D1A8A026E0A9A024E010F0BB
:10AAE000FF4F01D1A8A01FE0A9A01DE010F0FF4F6B
:10AAF000F8D0A9A018E010F0FF4FF3D0A8A013E001
:10AB000010F0FF4F01D1A8A00EE0A9A00CE010F0BA
:10AB1000FF4F01D1A8A007E0A9A005E010F0FF4F6A
:10AB200001D1A9A000E0AAA00068029094E710F06B
:10AB3000FF4FE3D0DDE710F0FF4FB9D0B6E710F0DC
:10AB4000FF4FBCD0B9E710F0FF4FBFD0BCE721E00A
:10AB500023E02AE010F0FF4FBFD0BCE710F0FF4F1A
:10AB6000C2D0BFE710F0FF4FC3D0BBE710F0FF4FDC
:10AB7000C4D0B7E710F0FF4FC7D0C4E710F0FF4FC5
:10AB8000CAD0C7E710F0FF4FCDD0CAE710F0FF4F93
:10AB9000B4D1AEE702AB6E2201E002AB9922CDE95F
:10ABA00000108A210120FFF7D8FC07B0F0BD411E3C
:10ABB000C9B2E8E62DE9FF47432264262E2500248A
:10ABC0000A234FF030094FF0200C4FF47A78002818
:10ABD00063DB404520DB90FBF8F130318DF8081045
:10ABE00090FBF8F108FB110191FBF6F130318DF883
:10ABF000091090FBF6F106FB110191FBF3F13031E6
:10AC00008DF80A1090FBF3F103FB110030308DF842
:10AC10000B508DF80C002BE0642817DB90FBF6F14D
:10AC200030318DF8081090FBF6F106FB110191FB15
:10AC3000F3F130318DF8091090FBF3F103FB1100B3
:10AC40008DF80A5030308DF80B000FE00A2812DB27
:10AC500090FBF3F130318DF8081090FBF3F103FB1A
:10AC600011008DF8095030308DF80A008DF80C2055
:10AC70008DF80D40C1E090FBF3F103FB11008DF85E
:10AC800008908DF8095030308DF80A008DF80C408E
:10AC90008DF80B208DF80DC0AFE02D27414210F547
:10ACA0007A7F19DC91FBF8F08DF8087030308DF860
:10ACB000090091FBF8F008FB101090FBF6F0303023
:10ACC0008DF80A0091FBF6F006FB101090FBF3F0F4
:10ACD00030308DF80B0014E010F1640F14DC91FBA0
:10ACE000F6F08DF8087030308DF8090091FBF6F021
:10ACF00006FB101090FBF3F030308DF80A008DF851
:10AD00000B208DF80C4078E010F10A0F8DF80870D8
:10AD100062DC91FBF3F030308DF809005EE05BE01F
:10AD2000252E316600000000252E3266000000004E
:10AD300025640000B21D02600C3D026000007A44F0
:10AD400080969800003C1C464F46462000000000BC
:10AD50004F4E202000000000434C534400000000F0
:10AD60004F50454E0000000053544F50000000006B
:10AD700053545254000000004453424C0000000061
:10AD8000454E424C000000004E4F524D0000000066
:10AD9000414C524D00000000484947480000000067
:10ADA0004C4F5720000000004E4F202000000000B4
:10ADB0005945532000000000434F4F4C0000000055
:10ADC0004845415400000000554E4F43000000002C
:10ADD0004F434320000000008DF8099091FBF3F0F1
:10ADE00003FB10108DF80C208DF80A5030308DF8D0
:10ADF0000D408DF80B008DF80EC041F206114FF694
:10AE0000FF70CDE9000102AB6C226A210120FFF73F
:10AE1000A4FBBDE8FF87C0EBC00101EB0010FF49B8
:10AE20001CB50844FE4950F8B92FC1F80B20007931
:10AE3000C87301F10B001EF023F8C0B2411E0429B3
:10AE40000FD2F74920220B31012806D0022805D065
:10AE5000032804D0042803D003E04A708A70CA7023
:10AE60000A7141F206114FF6FF70ED4BCDE900017A
:10AE70000B3397226A210120FFF76FFB1CBD1FB522
:10AE8000022803D0012803D020B107E0E5A102E0A9
:10AE9000E6A100E0E7A102A81EF010F841F20611B9
:10AEA0004FF6FF70CDE9000102ABC2226A210120FA
:10AEB000FFF753FB1FBD802812D2C0EBC00202EB8C
:10AEC0004012DE48104490F823205AB1D0F81E00FA
:10AED0004FF47A7290FBF2F0002801DB884207DB26
:10AEE0000020704790F824000028F5D00120F3E7F7
:10AEF000C0B270471CB503211820FFF7DCFF4FF4E8
:10AF000089740621CDE90014CD4951F820300C395F
:10AF100051F820202D214820FFF76FFC0521192032
:10AF2000FFF7C9FF5421CDE90014C549203151F87C
:10AF30002030143951F820202D214820FFF75DFCE6
:10AF400002211A20FFF7B7FFA221CDE90014BD4965
:10AF500051F82030083951F820202D214820FFF7E2
:10AF60004CFC1CBD2DE9FE43064683270520CDE998
:10AF700000070D46E3230022602109200297FFF716
:10AF80006AFC022D1ED3082D00D9082500244FF697
:10AF9000FF7842F6C91913E0B44201D1404600E0FF
:10AFA000484604EB44018900491DCDE90017029091
:10AFB0000921E32300220846FFF74DFC641CE4B29C
:10AFC000AC42E9D3BDE8FE837FB5832450B138207D
:10AFD000CDE9000400231A4632211E200294FFF717
:10AFE0003AFC7FBD95484FF47A710A22D0F83B04B1
:10AFF00090FBF1F0642802D34FF0FF3005E00A28FF
:10B0000003DB90FBF2F1303100E020218DF80C10D1
:10B01000002806DB90FBF2F102FB110000F130008A
:10B0200001E04FF020008DF80D0002DB4FF025000D
:10B0300001E04FF020008DF80E004FF000008DF879
:10B040000F004FF6FF752B467FA24FF038014FF0EF
:10B0500005000094FFF76AFB2B4603AA522100204B
:10B060000094FFF763FB7FBD70B5784B0C2086B072
:10B070009A785979B2FBF0F400FB14200C2A01D322
:10B08000012400E000244A1E0C2A00D3012100B94B
:10B090000C206B4A2025343202EB810111F8042D7B
:10B0A0008DF804204A788DF8052089788DF80610EF
:10B0B0008DF80750DA780A21B2FBF1F630368DF8B8
:10B0C0000860B2FBF1F601FB162230328DF8092040
:10B0D0007C228DF80A508DF80B208DF80C500A2830
:10B0E00001D3312200E020228DF80D20B0FBF1F2D7
:10B0F00001FB120030308DF80E003A208DF80F0061
:10B100005878B0FBF1F230328DF81020B0FBF1F23C
:10B1100001FB120030308DF811008DF812500CB187
:10B12000502000E041208DF813004D208DF81400D0
:10B1300000208DF8150041F2061000904FF6FF73C5
:10B1400001AAF3211220FFF727FB06B070BD3EB520
:10B1500083254FF6FF7467208DE8310000231A46DF
:10B160002D21EF20FFF777FB92208DE8310000239F
:10B170001A462D21EF20FFF76EFBBD208DE8310030
:10B1800000231A462D21EF20FFF765FB3EBD2DE978
:10B19000FF4764250A2320244FF000084FF47A77F4
:10B1A000202A29D02E264FF0300900297DDBB94214
:10B1B0007CDB91FBF7F030308DF8080091FBF7F065
:10B1C00007FB101090FBF5F030308DF8090091FB73
:10B1D000F5F005FB101090FBF3F030308DF80A000D
:10B1E00091FBF3F003FB101030308DF80C008DF85C
:10B1F0000B608DF80D20A0E0B9423ADB91FBF7F02F
:10B2000030308DF8080091FBF7F007FB101090FB31
:10B21000F5F030308DF809001AE000000C3D0260B6
:10B22000B83000204865617420000000436F6F6CE7
:10B23000200000004175746F20000000B21D026004
:10B24000A0D9040884C60308524800004423002003
:10B2500091FBF5F005FB101090FBF3F030308DF80A
:10B260000A0091FBF3F003FB101030308DF80B0057
:10B2700032E0642909DB91FBF7F007FB101090FB2B
:10B28000F5F030308DF8080003E00A2915DB8DF861
:10B29000084091FBF5F005FB101090FBF3F0303007
:10B2A0008DF8090091FBF3F001E057E017E003FB94
:10B2B000101030308DF80A000CE000290CDB91FBF7
:10B2C000F3F003FB10108DF8084030308DF80900C2
:10B2D0008DF80A408DF80B408DF80C402BE0642966
:10B2E00017DB91FBF5F030308DF8080091FBF5F09D
:10B2F00005FB101090FBF3F030308DF8090091FB46
:10B30000F3F003FB10108DF80A6030308DF80B005D
:10B310000FE00A2914DB91FBF3F030308DF80800C0
:10B3200091FBF3F003FB10108DF8096030308DF8BD
:10B330000A008DF80C208DF80D408DF80E806AE023
:10B3400091FBF3F003FB10108DF808908DF8096065
:10B3500030308DF80A008DF80B20BDE748424FF0E1
:10B360002D0C11F57A7F24DC90FBF7F18DF808C0E5
:10B3700030318DF8091090FBF7F107FB110191FBBB
:10B38000F5F130318DF80A1090FBF5F105FB110154
:10B3900091FBF3F130318DF80B1090FBF3F103FBCF
:10B3A00011008DF80C6030308DF80D008DF80E20F6
:10B3B0002FE011F1640F8DF808C019DC90FBF5F156
:10B3C00030318DF8091090FBF5F105FB110191FB6F
:10B3D000F3F130318DF80A1090FBF3F103FB11000B
:10B3E00030308DF80C008DF80B608DF80D200EE0DC
:10B3F00090FBF3F103FB11008DF809908DF80A60C2
:10B4000030308DF80C208DF80B008DF80D408DF844
:10B410000E408DF80F800220FFF7B9F883214FF618
:10B42000FF70CDE9000102ABC22200210120FFF72D
:10B4300094F8EEE42DE9FE43064601F128004FF6AC
:10B44000FF7780B2CDE90007A2F108091C469046BB
:10B450000D4602931FFA89F0731D00220221FFF7A7
:10B46000FAF90095CDE901741FFA89F0731D0022E5
:10B470000221FFF7F0F9AD1DADB20095CDE90174E1
:10B480003346002220210220FFF7E5F906EB0800F1
:10B490000095801ECDE9017483B200222021022094
:10B4A000FFF7D9F98EE52DE9FF5F0C464FF08309D0
:10B4B0004FF6FF7605468DE85002174608212B46C9
:10B4C000F94A0846FFF77DF9A11C41F2061A89B234
:10B4D000A7F10A00CDE902A0CDE9001680B2AB1DAC
:10B4E00000220121FFF7B7F904F108001FFA80FBE1
:10B4F000CDF800B0CDE9016AAB1C00221C2102206E
:10B50000FFF7A9F904F122001FFA80F8E64ACDE915
:10B51000008608212B4680320846CDF80890FFF7B8
:10B5200050F904F1270189B28DE842040398AB1D5C
:10B5300080B200220121FFF78EF9CDE90086E819DB
:10B5400080460838CDE9029083B20821D74A0846E0
:10B55000FFF737F98DE850020398D44A83B20821E7
:10B5600080320846FFF72DF9CDF800B0A8F10300AE
:10B57000CDE9016A83B200221C210120FFF76BF99B
:10B5800004F128014BF69C6989B28DE84202083F1C
:10B59000B8B26B1D00220221FFF75DF98DE8500261
:10B5A000B8B26B1D00220221FFF755F9A41DA4B209
:10B5B0008DE850022B46002220210220FFF74BF994
:10B5C000A8F102008DE8500283B20022202102205F
:10B5D000FFF741F9BDE8FF9F70471CB51421B4483F
:10B5E0001DF031FCB249012008394870B14890F88B
:10B5F0002800012801D0092810D1AF48007801287F
:10B600000CD1AE490888421C0A80142806D2AC48E6
:10B610000068642802D91422AAA163E0AE498878A0
:10B62000012855D8A2483221AC4A0170302141701E
:10B6300093790A21B3FBF1F430348470B3FBF1F455
:10B6400001FB14333033C3702D2303715379B3FBE3
:10B65000F1F430344471B3FBF1F401FB14333033B3
:10B6600083712D23C371D378B3FBF1F430340472AA
:10B67000B3FBF1F401FB14333033437220238372A4
:10B680009378B3FBF1F43034C472B3FBF1F401FBF3
:10B690001433303303733A2343735378B3FBF1F419
:10B6A00030348473B3FBF1F401FB14333033C373D0
:10B6B0003A2303741278B2FBF1F330334374B2FBD4
:10B6C000F1F301FB1321303181742021C1741CBDC1
:10B6D00002280DD003281AD004281BD00528F6D143
:10B6E00014227FA102B07248BDE810401DF092BB49
:10B6F00091F86D2091F86C00CDE9000291F86B3063
:10B7000091F86A207AA16A481EF0A8FE1CBD142296
:10B710007BA1E7E714227EA1E4E72DE9FC41FFF7D6
:10B720005CFF634F0123083F07F109007B707968D4
:10B73000441E7B4D88424FF000001CD803EB83026F
:10B7400004EB8206721A05E011F800C005F800C08B
:10B75000401CC0B28242F7DC00208E1B143607E08A
:10B7600014F800C002EB000E401C05F80EC0C0B279
:10B770008642F5DC05E00A5C2A54401CC0B20A2867
:10B78000F9D303EB830004EB8000401E884201D113
:10B790007C6001E0491C79600020A87241F206112A
:10B7A0004FF6FF70CDE900015D4BED221E21012017
:10B7B000FEF7D3FEBDE8FC81F0B587B004464FF438
:10B7C0007847ED20CDE9000741F2061600231A461E
:10B7D0001E210296EF20FFF73EF8354D0020083D70
:10B7E000DFF840C1297803AA0CF11E0E14B1012C18
:10B7F00004D007E043181CF8033002E043181EF899
:10B8000003301354401CC0B20A28EFD300248DF833
:10B810001640CDE900761346ED221E210120FEF7E9
:10B820009CFE2878192803D2401C287007B0F0BD70
:10B830002C70FBE73EB5AE2800DAAE20DD2A00DD35
:10B84000DD220A2900DA0A212E2B00DD2E23824276
:10B850000FDD8B420DDD8DB28324CDE900540294BF
:10B8600084B2591A101A89B280B223460022FEF718
:10B87000F2FF3EBD2DE9FC5F8A460A21DDE90C4559
:10B88000019181462E21AE209B4616464FF0DD08E1
:10B890000091002D48D0C5EBC50101EB05112144F5
:10B8A00001F101010FB240E094D7040894D80408D4
:10B8B000BC000060A43A0020C8200020AE21002077
:10B8C0007087036042617564206572726F72202018
:10B8D0002020202000000000909E036044230020D0
:10B8E0007769666920636F6E6669677572652000A7
:10B8F00025642E25642E25642E256420000000007A
:10B900007769666920636F6E6E6563746564200095
:10B910007769666920646973636F6E6E6374200073
:10B92000B83000208CC60308274601D1444647465C
:10B930000EB14A4600E02246DDE90031FFF77AFF0A
:10B94000B6B109EB060006B25346324648460199A5
:10B95000FFF770FF0AEB0B0001B232464846009B2E
:10B96000FFF768FFDDE9003130462246FFF762FF4E
:10B970005DB10A233A4620460199FFF75BFF3A463C
:10B980002E212046009BFFF755FFDDE9003102B074
:10B9900042463846BDE8F05F4CE72DE9FE4383257B
:10B9A00014464FF6FF76002861D1ECB3012C3ED04F
:10B9B000062C3CD000230020002902DA0120494255
:10B9C00009B20A221BB1491D91FBF2F109B2B1F58E
:10B9D0007A7F01DB40F2E73110B1632900DD63219A
:10B9E00020238DF809308DF8083091FBF2F302FB2B
:10B9F000131330338DF80A300A2908DB91FBF2F378
:10BA000093FBF2F702FB173230328DF809206429DC
:10BA100005DB642291FBF2F230328DF8082058B138
:10BA20002D220A2905DA00E001E0012002E00123CD
:10BA3000C1E7002002A90A54CDE900659DF808304D
:10BA400005221E210020FEF73EFDCDE900659DF890
:10BA5000093005224E210020FEF735FDCDE90065B5
:10BA60009DF80A3005227E210020FEF72CFD0127DB
:10BA70004FF0BD08072C4CD2DFE804F004042C1F63
:10BA80002C2C2C000E20CDE90006AF233E4A0146A7
:10BA90000295FEF796FECDE9006564B13BA30A224C
:10BAA000BD210120FEF759FD0E231A461946AF208D
:10BAB000CDE9008724E036A3F1E7CDE9006535A3A1
:10BAC0000A22BD210120FEF748FD00231A4619462F
:10BAD0001846EDE7CDE90065062C14D0022C14D0F1
:10BAE000052C14D02CA30A22AE210120FEF735FD2F
:10BAF0000221AE2000231A46CDE9000100210846AC
:10BB0000FFF7B8FECEE425A3EDE725A3EBE725A3D9
:10BB1000E9E700200090034602460190EEE710B5E9
:10BB2000002103E0491CC9B2042902D2425C002A68
:10BB3000F8D10A46202302E08354521CD2B2042AD0
:10BB4000FAD30022027101E0491EC9B221B14218A4
:10BB500012F8012C202AF7D0C1F10402D2B2002938
:10BB600011D0002A0FD00421914204D98B1A03442A
:10BB700013F8013C00E020234418491E04F8013C5E
:10BB800011F0FF01F0D110BDC832040846000000DA
:10BB90004300000025000000506100002552000015
:10BBA000707000006B50000008B501210420EDF713
:10BBB0000AFA4FF47040ADF8000048208DF80300F9
:10BBC00003208DF8020069464A48ECF7F6FF08BDED
:10BBD00049480021494A8180C1800121C2F8801171
:10BBE0004FF49661018170472DE9F041414F0024E7
:10BBF0003846EDF73FF84FF4704626EA000514206A
:10BC0000F1F71BFF3846EDF735F8864335406804F9
:10BC100001D54FF48044A80401D544F4005428040D
:10BC200001D544F40044E80401D544F48054200BC9
:10BC3000BDE8F08108B5002202210520F1F7A0F946
:10BC40002D4C6061FFF7B0FF6420F1F7F6FEFFF7BF
:10BC5000CBFFADF800006188884212D029B90023DB
:10BC60001A4669466069F1F711FABDF80000608074
:10BC7000234900202070087020490120C1F880016C
:10BC800020E0F8B121781E2902D340F4807001E051
:10BC9000142912D3ADF800001A4890F823000B289D
:10BCA00005D1BDF8000040F48060ADF8000000232D
:10BCB0001A4669466069F1F7E9F92078C82801D287
:10BCC000401C20706420F0F7DAFBC0E71CB50A497D
:10BCD00000230C31CDE9000164220BA1AFF2AB00CF
:10BCE000F0F757FA002201210320F1F749F9024940
:10BCF00008611CBD000801402001006000002142D5
:10BD0000B7200020A43A00206B65795F7461736BE3
:10BD100000000000F0B4FE481825002390F823002E
:10BD2000FC4901281DD005281BD00A2602281CD05A
:10BD300006281AD00B220824032819D00A2819D063
:10BD4000E0B104281DD007281BD00C281DD00924E1
:10BD500009281CD00B281CD00E281ED0082820D063
:10BD600021E0202048708D701DE01020487006E012
:10BD70004A7010E006204870032004E04D708E7079
:10BD800011E04C700E2088700DE04A7007E00D2025
:10BD900000E0112048708C7005E0152048708A7012
:10BDA00001E04B708B70CB70F0BC4FF49661DA48B9
:10BDB0001DF049B810B50C4601460120F3F771FBA0
:10BDC00040B2411C02D02070012010BD002010BDE7
:10BDD00010B50C4601460420F3F763FB40B2411C4A
:10BDE00002D02070012010BD002010BD10B50C46FF
:10BDF00001460220F3F73EFC40B2411C02D0207005
:10BE0000012010BD002010BD10B50C4601460520D4
:10BE1000F3F730FC40B2411C02D02070012010BD6D
:10BE2000002010BD10B50C4601460020F3F722FC9F
:10BE300040B2411C02D02070012010BD002010BD76
:10BE400010B50C4601460320F3F714FC40B2411C28
:10BE500002D02070012010BD002010BD10B50C468E
:10BE600001460120F3F706FC40B2411C02D02070CD
:10BE7000012010BD002010BD10B50C460146042065
:10BE8000F3F7F8FB40B2411C02D02070012010BD36
:10BE9000002010BD030EC0F30742C0F307210904C0
:10BEA00003EB022201EB0060104470472DE9FF5FB5
:10BEB0009A4693464FF4B47198481CF0C4FF944FCF
:10BEC000964C97F82300401E032801D8232000E059
:10BED0004A2020703879A0709148D0F8B10019F04C
:10BEE000F9FBC4F80B0000216170C4F803100120B5
:10BEF000E071607297F82300012812D0052810D055
:10BF0000022812D0062810D00B220823032810D0B4
:10BF1000042811D007280FD00C2811D0082812D0DF
:10BF200015E020202072182008E0102020720A203E
:10BF300004E02272A3720AE023720E20A07206E0CF
:10BF40002272A27203E0E17161722172A172734CDC
:10BF50004FF000081E34474648E0724AC7EBC7015D
:10BF600001EB020999F806002B2805D02C2803D0F4
:10BF70005F2801D02E2837D108F1010303F0FF0814
:10BF8000B8F10C0F36D22070505CA070D9F80100C7
:10BF9000C4F80B0099F8050000F00E0060700E98D0
:10BFA000012810D1505C604900F0070201EBD0017C
:10BFB000012009789040014205D0FCF72DFAFFF7E7
:10BFC00069FFC4F80300DDE90001084340EA0B0003
:10BFD00050EA0A0010D00098E0710198207284F8AD
:10BFE00009B084F80AA01E347F1CFFB249480078CB
:10BFF0008742B2D3BDE8FF9F99F806002B2806D0F0
:10C000002E2806D02C2807D05F2808D009E0162655
:10C0100000E00C26002504E008260E2501E0142689
:10C0200002253E48C8EB081100EB4101721E11F8D1
:10C03000160D401CE071104420728878401C60721C
:10C04000691E0844A072CEE7704770472DE9FC5F77
:10C050000027364C3E46DFF8D8804FF47A79C0E0AE
:10C060003049C6EBC60568188079092803D007282F
:10C0700001D05D284BD17F1CFFB2FE2F7DD2485DE1
:10C080002070485D284A00F0070302EBD00201202F
:10C0900012789840024201D0012000E00020E073B5
:10C0A00059208DF8000023484FF0230B8DF801B084
:10C0B00000788DF80200485D8DF8030000208DF8AF
:10C0C0000400034601221A496846F9F796F9012847
:10C0D00005D1D8F8001091FBF9F0A4F81F005E20FC
:10C0E0008DF800008DF801B0DFF848B04FF0000A7D
:10C0F00053469BF800008DF802000A4801220C49C3
:10C10000405D8DF803008DF804A0684614E066E0F9
:10C11000A43A0020FB2000205C7803607A070260CC
:10C120006E0D0260F48F0360B8930360B88D0260F7
:10C13000EC200020AF200020F9F75FF9012805D19D
:10C14000D8F8001091FBF9F0A4F821000C208DF82C
:10C15000000063208DF801005448DFF854B100233B
:10C1600000788DF802001BF805008DF803008DF8AB
:10C1700004A001224F49684600E037E0F9F73DF995
:10C18000012805D1D8F8001091FBF9F0A4F823009C
:10C1900005208DF8000063208DF80100434800233E
:10C1A000012200788DF802001BF805008DF80300CD
:10C1B0008DF804A03F496846F9F71FF9012805D119
:10C1C000D8F8001091FBF9F0A4F825003A480F22A6
:10C1D00000EB061104F110001CF01CFE2734761C45
:10C1E000F6B2364800788642FFF43AAFBDE8FC9FCD
:10C1F0007FB532490978884257D2C0EBC00101EBC4
:10C2000040102F492326441828484FF47A710225FC
:10C2100000788DF8060014F8010B8DF80700002057
:10C220008DF80800E08B01234843039059208DF8D6
:10C2300004008DF80560002203A901A80095F8F715
:10C2400097FE208C4FF47A71484303905E208DF85E
:10C2500004008DF805600123002203A901A80095C0
:10C26000F8F786FE608C4FF47A71484303900C20F7
:10C270008DF8040063268DF805600123002203A9D0
:10C2800001A80095F8F774FEA08C4FF47A7148432A
:10C29000039005208DF804008DF80560012300222D
:10C2A00003A901A80095F8F763FE7FBDAF20002029
:10C2B000F48F0360EC20002088870360FB200020BF
:10C2C000B88D0260F8B50023FF4F1A46194618468C
:10C2D000FE4C26781FE0C0EBC004E5196D7905F02F
:10C2E0000F05012D04D0022D08D0032D0CD010E035
:10C2F000F74D3C5DEC545B1CDBB20AE0F54D3C5D58
:10C30000AC54521CD2B204E0F34D3C5D6C54491C59
:10C31000C9B2401CC0B2B042DDD3F048F14C03704A
:10C320002270F14CEE481A44217011440170002033
:10C330000346024601460090FFF7B8FDBDE8F8400D
:10C34000FFF784BE2DE9F05F0023DFF880A3DFF85C
:10C350009CB3DD4E1C461A468AF8003019464FF051
:10C3600001080BF1200EC1EBC107BD19687900F07F
:10C370000F00012803D0022801D003281ED1F05D50
:10C38000E0B1FF281AD009B315F8075CA84215D010
:10C390000BEBD00700F0070997F800C008FA09F581
:10C3A0004CEA050C0EEBD00087F800C00778AF43CD
:10C3B00007709AF80000401C8AF80000491CC9B2B6
:10C3C0006429D0D300209AF8007021E03078DFE7AC
:10C3D000C0EBC0018D196D7905F00F05012D04D05A
:10C3E000022D08D0032D0CD010E0B94D715CE9543A
:10C3F0005B1CDBB20AE0B74D715C2955641CE4B2EA
:10C4000004E0B54D715CA954521CD2B2401CC0B2BC
:10C41000B842DDD3B148B34903700C70B249B0489B
:10C420000A70191911440170B14890F84F1071B990
:10C4300007212BB190F82830022B01D180F8281069
:10C440002AB190F82A20022A01D180F82A10BDE8EA
:10C45000F05FFFF7FBBD70B50D460446072102F003
:10C46000E8FA2178FF2922D1617819291FD1E179D1
:10C47000B1EB102F1BD1217AC0B2884217D193485B
:10C48000A1783A300170E178A279237941EA02611A
:10C490006279120442EA03221143C0F80110954860
:10C4A0000088854201D1012070BD032070BD0220AB
:10C4B00070BD2DE9FC41144688460746022A02D980
:10C4C0000020BDE8FC8124B1022C04D0012C04D052
:10C4D00005E0894802E0894800E089480568894EFE
:10C4E00032213089401C30812846F0F713FF98B381
:10C4F000204602F0D5FAFF208DF8000019208DF8B3
:10C5000001008DF802708DF803800421684602F066
:10C5100090FA010A8DF804108DF8050022460621D4
:10C52000684602F09DFA22460921002006F09BFB96
:10C530007089401C7081012C11D03220214606F0F8
:10C54000A3FB10F0FF010CD0B089401CB0816E48F5
:10C55000FFF781FF064605E0FFE7FF20B1E7502027
:10C56000ECE7002622460021012006F07CFB28464D
:10C57000F0F71BFE3046A4E710B504460A2102F08E
:10C5800058FAA17AB1EB102F05D1E17AC0B28842F6
:10C5900001D1042010BD002010BD2DE9FE43074647
:10C5A000144688461D460026184602F079FA8DF892
:10C5B000007006208DF8010000208DF802000A208E
:10C5C0008DF8030055208DF804008DF805808DF856
:10C5D0000640200A8DF80700200C8DF80800200E78
:10C5E0008DF809000A21684602F023FA010A8DF845
:10C5F0000A108DF80B002A460C21684602F030FA2A
:10C600002A460C21002006F02EFB29464FF4FA7032
:10C6100006F03AFB10F0FF0F04D00C213A48FFF768
:10C62000ABFF06462A460021012006F01CFB3046DF
:10C63000BDE8FE8370B52D4B0120054603F12004B3
:10C6400003EBD00100F007060A7805FA06F10A426A
:10C6500004D104EBD00212780A4204D0401CC0B2CC
:10C660006428EDD3FF2070BDF0B51D4A0021164BA4
:10C67000084603F57176012514780FE0C0EBC0027F
:10C680009A5C06EBD20702F007023F7805FA02F245
:10C69000174201D0491CC9B2401CC0B2A042EDD320
:10C6A0000A48C170F0BD084910B5C0EBC000085C75
:10C6B00001F5717101EBD00100F007030A78012048
:10C6C000984002430A7021E0F48F03603C0100604F
:10C6D000D3300020F877036037310020FF2000209E
:10C6E000FB200020390100600021002078930360C6
:10C6F000A43A00204A2100206C2100207021002053
:10C7000074210020A802026038410020FFF7ACFF2E
:10C71000BDE81040FFF79ABC30B5FB4C0022F94B46
:10C72000247809E0C2EBC2055D5D854202D10A7042
:10C73000012030BD521CD2B2A242F3D3002030BD42
:10C74000F0B5DFF8CCC3F14FDDF814E09CF81260CF
:10C75000002406EB860505EBC6057D5D854217D0F6
:10C76000641CE4B2142CF9D3132E11D2761CF4B24B
:10C770008CF8124004EB840505EBC4043855E0192D
:10C7800040F8011F00214260037280F809E04181F6
:10C79000F0BD2DE9FC5F0D4604004FF000000C9940
:10C7A000934601907ED00BEB0312DFF86483521C9A
:10C7B00002F0FF0C4FF0010E98F8003018E0D14E57
:10C7C000C0EBC002B75CA74210D13244D2F801607E
:10C7D000AE420BD1567906F00F06761E5E4505D0A7
:10C7E00082F805C001B1917188F806E0401CC0B222
:10C7F0009842E4D304F007020126C6489640C34A93
:10C800000079A43A4FF0FF0902EBD402A04216D1FE
:10C8100010782B4630431070002221461046F3F763
:10C8200011FEBC48817900910178427801EB022128
:10C830008278C078120402EB006001443EE0B34805
:10C84000B04FC43800EBD40A9AF800000090304290
:10C850004FF0000041D153E0C0EBC00817F808804A
:10C86000A04538D1C0EBC008B94608EB0907D7F896
:10C870000100A84227D0A74B93F8273013B11378B3
:10C8800033431370002D1ED0F0B102462B462146D3
:10C890000120F3F7D7FD9D4919F80800843901EB11
:10C8A000D00100E09CE000F00702097801209040F0
:10C8B000014272D009200090D7F801105B462A4649
:10C8C0002046FFF73DFF68E0C7F8015087F805C034
:10C8D000F1B3B97161E0401CC0B29842BCD35CE0D6
:10C8E000C0EBC008B844D8F80180A84506D12DB1E6
:10C8F000C0EBC008814607F8084003E0401CC0B206
:10C900009842EDD3B9F1FF0F2ED0C9EBC9097F4B87
:10C9100017F80900C43B03EBD00EBB469EF800702D
:10C9200000F00708012303FA08F39F438EF8007014
:10C93000764FA43F07EBD00007789F4307709AF823
:10C94000000030438AF800001078B043107000E017
:10C9500023E009EB0B000BF80940C0F8015080F808
:10C9600005C0B9B1817115E0009830438AF8000024
:10C970001078B0431070C3EBC300654A3C54384490
:10C98000C0F8015080F805C001B181715B1C1370C3
:10C99000012001905E49012088715C4900206439C2
:10C9A0000855A1F594714FF4167021F8140001F5A3
:10C9B000847000EBD4000078304210D169462046E4
:10C9C000FFF7AAFE01280AD19DF800004D49C0EBEF
:10C9D000C00211448979DC2901D2FFF764FE019875
:10C9E000BDE8FC9F4C4A4D491278097838B10128BE
:10C9F00017D0022810D0032800D1104670474548B0
:10CA000090F82A30072BF8D090F82820072A08D071
:10CA100090F82900072801D0062070474048007888
:10CA20007047084670470020394A10B5394B014617
:10CA30001A321C1894F82840072C02D15054491C73
:10CA4000C9B2401CC0B20328F3D33148C17210BD33
:10CA50007CB5040002D0022C0AD004E001A91D20FC
:10CA600008E0092830D02B4890F84F1049B119E060
:10CA700001A91F200AF034FB9DF80400012823D0EF
:10CA8000EFE7051995F8280007280BD0072105F8CE
:10CA9000281F04F11D000AF032FB224928780855AE
:10CAA000FFF7C1FF8CB1012C1FD0022C0CD16946BD
:10CAB00053200AF015FB18489DF8002001788A429F
:10CAC00002D053200AF01BFB7CBD694609200AF006
:10CAD00007FB124C9DF8000021788842F4D0ED202D
:10CAE0000AF00DFB21780920ECE7694652200AF094
:10CAF000F7FA0B489DF8002001788A42E4D05220D2
:10CB0000E0E70000F48F0360FB2000203C9403600A
:10CB10003C010060A43A00201521002013210020D0
:10CB200014210020532100202DE9F74F0D4682B03B
:10CB30000446A84265D801462846049AFFF7B9FC86
:10CB400000285ED00499012201F10109611902EB6C
:10CB500051084908DFF8E8B30191012812D0F949DA
:10CB60000126A1F1200202EBD40A04F0070296404C
:10CB700001EBD407022825D0032845D029462046BA
:10CB8000049A1BE00498FFF763FF09F0FF00FFF72A
:10CB900029FF034600200090DBF801109BF80000FD
:10CBA000049AFFF7F6FDAC422BD02046049A019977
:10CBB000FFF7BAFF049A08F0FF00294605B0BDE868
:10CBC000F04FB1E70498FFF743FFAC42EDD138785E
:10CBD000304338709AF80000304212D0DA4890F8AA
:10CBE000270000280DD1D64AD8493A3A127806E0F3
:10CBF000C0EBC003CB5CA34203D0401CC0B2904248
:10CC0000F6D305B0BDE8F08F0498FFF721FFAC42E2
:10CC10001AD13878304338709AF800003042F0D09A
:10CC2000C94890F827000028EBD1C549C74A3A39CE
:10CC3000097806E0C0EBC003D35CA342E1D0401CFE
:10CC4000C0B28842F6D3DCE709F0FF00FFF7CAFE66
:10CC5000034600200090DBF801109BF80000049AC6
:10CC6000FFF797FDA1E730B4B94C0022B74B247809
:10CC70000FE0C2EBC2055D5D8D4208D1C2EBC2017F
:10CC8000194449790A0906D030BC08097047521C7A
:10CC9000D2B2A242EDD330BCA4E6AE4A1154AE4AA1
:10CCA0000121115470470246FE2101203CE7A548AE
:10CCB00010B5202120381CF0C6F82021A1481CF016
:10CCC000C2F8A048202120301CF0BDF84FF42F718D
:10CCD0009E481CF0B8F89A4800243A386421C47081
:10CCE00004709E481CF0AFF8994804709C4804708A
:10CCF0009C48047010BD924900203A3988749148CC
:10CD00004FF48271A4301CF09EB82DE9F8438C4892
:10CD100000253A380121057081728582FEF7FAFFFD
:10CD2000FFF7C5FF904E00241E2706F16408A6F504
:10CD3000C869355528F8147009EB041010211CF04F
:10CD400082F8641CE4B2642CF3D38849002001F11A
:10CD500080020D541554401CC0B28028F9D3844879
:10CD60004FF46061057083481CF06DF882480570CF
:10CD7000FFF76CF9FFF7BFFF00231A461946184664
:10CD80000095FFF793F841F2CC017C481CF05BF86A
:10CD90007B480570BDE8F8836C49C0EBC000085CB7
:10CDA00001F5717101EBD00100F007030A78012051
:10CDB000984082430A7057E470B5054662480C46B5
:10CDC00001716248017006200AF099F95D4B05F087
:10CDD0000706203B03EBD5010125087805FA06F28A
:10CDE0009043087003EBD40004F00703017805FAC0
:10CDF00003F21143017070BD554A10B50021534B29
:10CE000012780DE0C1EBC1041C5D844206D1C1EB78
:10CE1000C1001844407900F00F0010BD491CC9B290
:10CE20009142EFD346483A38017901290CD046495E
:10CE300000200A1892F82820072A06D0401CC0B209
:10CE40000328F6D3002010BD4079401CC0B210BDAD
:10CE500010B5A0F51C52103A40F2BF541723A2425D
:10CE600009D2B2FBF3F003FB102070B9B2FBF3F070
:10CE70000870012010BDA0F53050D038A04204D277
:10CE8000B0FBF3F203FB12020AB1002010BDB0FBAD
:10CE9000F3F00870022010BDF0B501231080CB29FB
:10CEA00026D0C0EBC005A0F1640405EB00155F2996
:10CEB00068D0C0EBC00742F2D43607EB00173E44FF
:10CEC000B6B22B297BD02E297AD0A0F16C062C2962
:10CED00077D064256C271C2974D0142973D01529A8
:10CEE00072D0162971D00A2970D04A296ED0FCE080
:10CEF000B4280DD055DC1C280AD016DC102807D029
:10CF00000CDC082804D004DC03286ED004286CD183
:10CF1000EAE00B2869D00C2867D1E5E0132864D03B
:10CF2000142801D0182860D1DEE03C2807D02FDC7F
:10CF3000282804D027DC202801D0242855D1D3E08C
:10CF40007601006098930360A43A0020F48F036098
:10CF5000FB2000208521002088010060D3300020C4
:10CF600038010060FF200020C88D0360F48E03604C
:10CF7000B4200020ACF40260B32000203C04036025
:10CF8000B62000204BE02C2801D038282DD1ABE072
:10CF90003F282AD0402828D0432826D0552824D1FD
:10CFA000A2E0D9280AD021DCC82807D014DCBE288A
:10CFB00004D00CDCB72801D0BA2816D194E03BE0AD
:10CFC0003EE040E056E065E070E076E07AE0C228BE
:10CFD00001D0C52809D187E0CB2805D0CE2803D0C1
:10CFE000D22801D0D62800D17EE02BE0ED287BD0DE
:10CFF0000CDCE22878D004DCDC2875D0DF2874D182
:10D0000072E0E62870D0EA286FD16DE0F0286BD08E
:10D01000F32869D0F62867D0FA2866D164E068382A
:10D02000142804D242F27830284410809723022C2E
:10D030005BD241F6146019E0162C56D2168017E028
:10D040000C2CFBD351E07438082804D242F264203F
:10D05000284410809723062E04D241F65C502844C1
:10D0600010809723082C40D241F69E6028441080FF
:10D0700097233AE0082C01D215801CE0042E02D23E
:10D080001780042331E0BE380A282ED2BE2010803B
:10D090000A232AE00D2C02D215800D2325E07638D4
:10D0A000102822D27620108090231EE0082CE3D393
:10D0B000082E1AD21780082317E0202C15D21580CD
:10D0C000202312E0A0F5F8519C39B1F5807F00D8FB
:10D0D0008223A0F5D851BC39812900D28223A0F542
:10D0E000E8503C38812800D282231846F0BDFF4B1F
:10D0F00010B50021FC4A1B780BE0C1EBC104145DA4
:10D10000844204D1C1EBC1001044807910BD491C98
:10D11000C9B29942F1D3002010BD2DE9F04F8246EB
:10D12000F34887B08846807A012871D0EE49CAEB6F
:10D13000CA0001440091EF49002501EB8004B8F1D9
:10D14000000F0FD0207D8DF80C00B4F8151001F001
:10D150007F028DF80D200D0AB4F817100A0A8DF819
:10D160000E200EE0009AE0499279DC2A50D8085C43
:10D170008DF80C0003218DF80D1000218DF80E1094
:10D1800007218DF80F10FFF737FE06469DF80C10AB
:10D19000FFF769FD8146002E3AD0761ED648F7B2D9
:10D1A000384490F82800072832D127B1012F04D045
:10D1B000022F04D006E0D14802E0D14800E0D14877
:10D1C0000068059032210598F0F7A4F800281FD0D8
:10D1D00000208DF81000B8F1000F1AD0207DFFF765
:10D1E00086FF0146B4F8170001AAFFF755FE05B106
:10D1F000822000F07F018DF81110BDF804100A0A9A
:10D200008DF80E208DF80F10000606D5012005E0E0
:10D2100079E201208DF8110001E00020834606210B
:10D2200003A801F006FC010A8DF812108DF8130016
:10D2300049463846FFF731FD384601F031FC3A46A1
:10D24000082103A801F00CFC9DF80D000521012820
:10D250001BD0022819D09DF8110001EB4000C6B286
:10D260003A463146002005F0FEFC012F13D04FF066
:10D27000280CB8F1000F14D09DF80C0001A9FFF79D
:10D280004BFA0A21012813D01DE09DF81100C01DA2
:10D2900001EBD006E4E79DF81100322100EB80009D
:10D2A00015E09DF8110000EB80000CEB400010E051
:10D2B0009DF80400C0EBC0028B48104480795D28C3
:10D2C000EFD00928EDD09DF8110000EB800001EBB4
:10D2D00040008749C0B291F90D100844143080B263
:10D2E000394605F0D1FCDFF82092014699F801009B
:10D2F000012805D0022803D0032801D004287DD1BD
:10D3000000297BD0B01EC1B27F4801F092FB09EB2F
:10D31000060111F8023CB3EB102F70D111F8011C7B
:10D32000C0B28842F9D1B8F1000F14D09DF80C00BA
:10D3300006A9FFF7F1F99DF81800C0EBC0016A4893
:10D34000084480792B281DD02C281BD05F2819D0A9
:10D350002E2817D01EE099F80400DC2811D200997D
:10D360002B28887105D02C2803D05F2801D02E28C7
:10D3700007D10023012000901A4619461846FEF7EF
:10D3800095FD46E10023012000901A4619461846F3
:10D39000FEF78CFD0020A076BBF1000F06467DD184
:10D3A0004FF0010854E00AEB0600C0EBC002514800
:10D3B00000EB820C8CF80B80207DFFF798FE8CF838
:10D3C0000C00B4F8150000F07F0101291DD00229DE
:10D3D0001BD0B4F81710C0F3C013FF293DD999F83A
:10D3E00004C099F803200CEB02228DE82C000A0AF5
:10D3F00062F35F10C0B2CBB2CA0A01E055E14DE161
:10D4000094F814C0014660461EE0B4F8171099F86D
:10D410000320FF29C0F3C0130DD902B101228DE80A
:10D420002C000A0A62F35F1000F0FF0CCBB2CA0AAC
:10D43000207D614608E002B101228DE82C00CBB2CC
:10D4400000F01F01207D0022F6F714FD761CF6B2D5
:10D450009DF81100B042A6D8DBE009EB460231444A
:10D4600092F804C0D2780CEB0222E6E7DFF884B031
:10D47000207DFFF73CFECB2848D0207DFFF737FE0C
:10D4800001462C2863D02B2961D05F295FD02E293B
:10D490005DD0B4F81700FF287ED900E0B3E00A2978
:10D4A0007BD04A2979D009EB860194F815808B79D5
:10D4B00091F803C0C8F3C01203EB0C6391F804C0E9
:10D4C00049794FEA0C4C0CEB012119448DE82600F8
:10D4D00000EB4601CBB2010A61F35F1808F0FF01CF
:10D4E000C20A207D83E00000F48F0360FB2000204F
:10D4F0003C010060ACF40260A43A00206C210020E2
:10D5000074210020702100203841002099F8043057
:10D5100099F803C099F8051003EB0C234FF47A7CBB
:10D5200003FB0CF399F806C0607D0CEB01214FF46E
:10D530007A7C01FB0CF1C0F3C01203EB11418DE8C2
:10D540002600B4F81710CBB2CA0AC1B2C9E799F8DD
:10D55000223099F82320607D03EB026399F82420A0
:10D56000C0F3C0114FEA024C99F8212002950CEB50
:10D5700002221A44CDE90021C1B2E37D207D0022C0
:10D58000F6F778FC99F8222099F82310012002EB95
:10D59000016299F8241001E057E00DE00B0499F8BE
:10D5A0002110029503EB01211144CDE90010002266
:10D5B000E37D207D1B211AE009EB860100228B7997
:10D5C00091F803C003EB0C6391F804C049794FEA6A
:10D5D0000C4C0CEB012119448DE8260000EB4601B0
:10D5E000CBB2617D020A62F35F11C9B278E7F6F748
:10D5F00041FC0AEB06000121C0EBC0020BEB8200EC
:10D60000761CC172F6B29DF81100B6EB500FFFF414
:10D610002DAF9DF80C00F94A002100F007031154CA
:10D62000A2F594724FF4167122F8101002F584716D
:10D6300001EBD0010A78012199400A4258D169468C
:10D64000FFF76AF801281DD03CE009EB860194F849
:10D6500015808B7991F803C0C8F3C01203EB0C63FB
:10D6600091F804C049794FEA0C4C0CEB01211944A4
:10D670008DE8260000EB4600C3B208F01F01207DB4
:10D680000022B4E79DF80000DD49C0EBC002114460
:10D690008979DC2916D2FFF706F813E0D94931F869
:10D6A0001700401C21F817000CE0D649891D31F8FD
:10D6B0001700401C21F817009DF80C00CF490A5CA8
:10D6C000521C0A549DF80C00CC49095C0A290FD35E
:10D6D0006946FFF721F801280AD19DF80000C849E2
:10D6E000C0EBC00211448979DC2901D2FFF754FB59
:10D6F000384609F064FD3A460021012005F0B3FAEE
:10D700000598EFF752FD07B0BDE8F08F2DE9F04125
:10D710008EB004461F4690468C460846149DFFF77F
:10D72000E6FC012650B1B5480CF00701203800EBAB
:10D73000DC0006FA01F10078084243D0B24A00202A
:10D7400000EBC00101EB410102EB810191F869108E
:10D7500019B1401CC0B21428F2D3142832D0322D93
:10D7600030D200EBC00000EB4000012D02F8204059
:10D7700002EB800484F801C0A4F8028084F86850A9
:10D7800002D000206A460EE03888A08016E037F804
:10D79000101002EB4003090A02F8101017F81010DD
:10D7A000401C5970C0B2B0EB550FF0D3680884F834
:10D7B0006800201D2A4669461BF02CFB04F8696F9F
:10D7C000002060700EB0BDE8F0812DE9F04F9DB0F3
:10D7D00020B1012804D0022804D006E08B4802E0E2
:10D7E0008B4800E08B48D0F800A00020864E07460A
:10D7F00000EBC00101EB410506EB850494F86910CC
:10D80000012962D194F86A1003295BD200EBC001B0
:10D8100001EB410106EB810191F86A10491C84F883
:10D820006A10142855D26078FFF761FC4FF00109A7
:10D8300058B172496078203901EBD00100F007023D
:10D84000097809FA02F0014243D032215046EFF73D
:10D8500061FD00283DD06078B3468DF80C00FFF7DD
:10D86000CBFA06469DF80C10FFF7FDF90146002E95
:10D870002FD0761E6848F6B2304490F8280007286A
:10D8800027D13046FFF709FA304601F009F96088E0
:10D89000010A8DF80E108DF80F0094F868201BF81F
:10D8A0002500012A8DF80D0061D98DF810708DF8D2
:10D8B00011200DF10C0C0F280DD050008DF8120026
:10D8C00000203BE004F8697F6770401CC0B2142858
:10D8D0008ED31DB018E70021D01DC0088DF81200AE
:10D8E000084617E004EB40039B8803B1012300F0D6
:10D8F000070803FA08F30B43D9B24307B3F1604FAB
:10D9000000F1010309D09A4202D10CEBD303D97183
:10D91000401CC0B28242E5D812E00CEBD3039971EF
:10D920000021F5E704EB40018B880CEB40014FEA46
:10D93000132881F80780401C0B72C0B28242F1D8D4
:10D940009DF81200C01DC1B2604601F072F89DF84A
:10D9500012300DF11301020A5A549DF8122005A944
:10D9600050549DF81210324603A8093113E00528DF
:10D97000A0882CD0010A8DF810108DF81100062116
:10D9800003A801F056F8010A8DF812108DF8130063
:10D990003246082103A801F063F83246082100202E
:10D9A00005F061F93146642005F06EF9DFF84C802E
:10D9B00010F0FF0F67D084F8697094F86820032195
:10D9C000012A0ED0A288CDE9002902972AE018B1D9
:10D9D000FF208DF8100001E08DF810708DF81170A7
:10D9E000CDE71BF82500052802D0062816D025E033
:10D9F000A08849468DE8830014E00000D8930360B6
:10DA0000F48F03606A010060007F03606C210020D6
:10DA10007421002070210020A43A0020A088CDE9C4
:10DA2000000902979DF80E009DF80F30C20801EB27
:10DA30004010C1B29DF80C00F6F71CFA9DF80C00DE
:10DA4000FC4A4FF4167108F8007022F8101002F525
:10DA5000847101EBD00100F007030A7809FA03F1A1
:10DA60000A4233D16946FEF757FE012818D19DF8C6
:10DA70000000F149C0EBC00211448979DC290FD2C2
:10DA8000FEF711FE0CE0ED4931F81600401C21F8BC
:10DA900016009DF80C0018F80010491C08F800103A
:10DAA0009DF80C0018F800100A290FD36946FEF7FC
:10DAB00033FE01280AD19DF80000DF49C0EBC00207
:10DAC00011448979DC2901D2FFF766F9304609F063
:10DAD00076FB32460021012005F0C5F85046EFF7ED
:10DAE00064FBF6E67CB50146D448032234380025B1
:10DAF000C0798DF800008DF801200A0A8DF8022007
:10DB00008DF803108DF8045001218DF80510FFF7F2
:10DB100073F904469DF80010FFF7A5F806463CB1DE
:10DB2000641EC748E4B2204490F82800072801D0BA
:10DB300000207CBD0621684600F07BFF010A8DF8BD
:10DB400006108DF8070031462046FFF7A6F820465C
:10DB500000F0A6FF22460821684600F081FF224619
:10DB60000721002005F07FF82146642005F08CF89D
:10DB7000060011D00521B34800F05BFFB1494A7996
:10DB8000B2EB102F08D18979C0B2884204D1AE49D6
:10DB9000C88D401CC88501253146AA481BF053F9A1
:10DBA000204609F00CFB22460021012005F05BF81D
:10DBB00028467CBD2DE9FC41A04F0146343F03229D
:10DBC000F8798DF800008DF801200A0A8DF80220FE
:10DBD00000258DF803108DF8045001218DF80510F3
:10DBE000FFF70AF904469DF80010FFF73CF80646D7
:10DBF0003CB1641E9248E4B2204490F82800072803
:10DC000002D00020BDE8FC810621684600F011FF2B
:10DC1000010A8DF806108DF8070031462046FFF7FF
:10DC20003CF8204600F03CFF22460821684600F000
:10DC300017FF22460721002005F015F82146642031
:10DC400005F022F8060011D005217E4800F0F1FE13
:10DC50007C494A79B2EB102F08D18A79C0B2904240
:10DC600004D10879F979884200D1012531467548F7
:10DC70001BF0E9F8204609F0A2FA22460021012013
:10DC800004F0F1FF2846BDE770B56C4C0020343C31
:10DC9000617A0A2931D2217A022508292AD2DFE8BD
:10DCA00001F02904080D13181E245020FFF71AFF55
:10DCB0001FE05B20FFF716FF032103E05D20FFF765
:10DCC00011FF0421217215E09620FFF70BFF0521BB
:10DCD000F8E740F2EE30FFF76DFF0621F2E740F281
:10DCE000FE30FFF767FF0721ECE74FF48160FFF795
:10DCF00061FF257210B10020607270BD607A401C17
:10DD0000FAE72DE9FE4307464B4DC0EBC70041192A
:10DD10008979DC297DD8285C8DF8000003218DF8F5
:10DD2000011002218DF80210CA218DF803104FF066
:10DD300000088DF8048009218DF80510FFF75CF8C4
:10DD400004469DF80010FEF78EFF0646002C60D0BA
:10DD5000641E3B48E4B2204490F82800072858D1BC
:10DD60000621684600F065FE010A8DF806108DF860
:10DD7000070031462046FEF790FF204600F090FE57
:10DD800022460821684600F06BFE2246172100203B
:10DD900004F069FF2146642004F076FF5FEA000981
:10DDA00005F579765BD01521264800F042FE25491D
:10DDB0004A7DB2EB102F4BD18A7DC0B2904247D141
:10DDC0000879CA7800EB0222A5F66C0000EB071078
:10DDD000562A1FD010211BF036F81C480121154B84
:10DDE000C1559DF800004FF4167206F8008023F824
:10DDF000102003F5847202EBD00200F007031278C2
:10DE000099400A4244D102A9FEF786FC012806D0B7
:10DE10002AE049E01022491D1AF0FCFFDDE79DF8D9
:10DE20000800C0EBC00129448979DC291CD2FEF727
:10DE30003AFC19E0B0920360F48F03607001006057
:10DE4000A43A002038410020A8020260C88D036077
:10DE5000FB4931F81400401C21F8140004E09DF83F
:10DE60000000315C491C31549DF80000315C0A29E6
:10DE70000ED302A9FEF750FC012809D19DF8080035
:10DE8000C0EBC00129448979DC2901D2FEF784FF67
:10DE90004946EC481AF0D7FF204609F090F922468F
:10DEA0000021012004F0DFFEBDE8FE8370B5E648E6
:10DEB000017800292ED0E24C491E2E3CA07B8842DE
:10DEC00001DA401C00E00020A073C0B2DF4BC0EBC1
:10DED000C00103F571755A5C05EBD20502F0070627
:10DEE0002D780122B240154208D0A3F50B71095CD0
:10DEF00009B100210AE0BDE8704002E719448979C0
:10DF0000DC2901D9FEF7CFFBA07B0021BDE87040E2
:10DF1000FFF703B970BDCA492E39887A012808D1A4
:10DF2000888A401C80B288820A2802D90020887220
:10DF300088827047C648C24964222E390368887AAD
:10DF4000782B00D950B1012806D0C88A642803D3A1
:10DF500042F21072904200D9CA827047088BC88280
:10DF6000F3E72DE9FC5F0546BA4ABB4EC0EBC5019D
:10DF700002EB8104715D00297ED1B84AA1780127A6
:10DF80001278914279D0E278002A76D106F2C44222
:10DF900002EBD10201F00703127807FA03F31A42E9
:10DFA0006BD06278032A04D0012A06D0022A08D056
:10DFB0000BE0207842F2D41206E0207841F6FC42D1
:10DFC00002E0207841F67C6210448DF800100322B4
:10DFD0008DF80120020A8DF802204FF0000A8DF81A
:10DFE00003008DF804A08DF805700846FEF704FFC5
:10DFF00084469DF80010FEF736FE8146BCF1000F06
:10E000005CD0ACF1010C96490CF0FF0801EB080064
:10E0100090F82800072851D10621684600F009FD34
:10E02000010A8DF806108DF8070049464046FEF7B4
:10E0300034FE404600F034FD42460821684600F0B8
:10E040000FFD42460721002004F00DFE41466420EA
:10E0500004F01AFEDFF8F4915FEA000BA9F18009E1
:10E0600014D00521774800F0E4FC76494A79B2EBF8
:10E07000102F10D1C0B201E020E021E08A79904257
:10E0800009D108796430A072775504E019F80510B9
:10E09000491C09F8051059466A481AF0D4FE404652
:10E0A00009F08DF842460021012004F0DCFD19F84A
:10E0B0000500052802D3775584F80AA0BDE8FC9F27
:10E0C0003754FBE72DE9F0415F480021654D5F4C77
:10E0D00003784AE0C1EBC100225C35F91200461E0C
:10E0E00025F8126000283EDAC1EBC1065D4AA05D4A
:10E0F000C83202EBD00700F0070E97F800C00122EB
:10E1000002FA0EF22CEA020C87F800C0554FE837ED
:10E1100007EBD0000778974307700DE0C1EBC10211
:10E120001019491CC779A7548268C0F80120027BE6
:10E130004271427B8271C9B29942EFD3C1EBC100F7
:10E14000002720443E49C771876007732E39477303
:10E15000087808B1401E0870FEF7B4F8A05D25F8F5
:10E160001070BDE8F081491CC9B29942B2D3F8E7FA
:10E170001CB5334E00242E3E0F20F0733474254618
:10E180007474FEF750FC4FF00108DFF8DCA086F84D
:10E190000A80B5828AF83E80642134481AF053FE22
:10E1A000B5736946EE2008F09BFF6946EE2008F043
:10E1B00097FF6946EE2008F093FF9DF80000FF28C6
:10E1C00005D129468DF80050EE2008F098FF9DF803
:10E1D000000070736946EC2008F082FF9DF8000093
:10E1E000FF2805D105218DF80010EC2008F087FFED
:10E1F0009DF80000642148433083F182DFF84090AD
:10E2000035717571A9F11409DFF848B0FFF792FE76
:10E21000174902200870FFF77EFEF18A42F2107063
:10E22000B0FBF1F0F17B884229D8F27A2AB3317C35
:10E23000521E914219F801001CDA491C31741AE08F
:10E240006A01006038410020FB200020F48F036049
:10E250005C210020ACF40260F48E0360AF2000204B
:10E26000A43A0020B092036090950360D8930360B5
:10E27000952100203574FEF716FDF57379E0FFF760
:10E2800021FFF08AEEF7FBF8F07B401CF073BAF840
:10E290000410491CAAF80410322C0FD2641C14F08C
:10E2A000FF040CD0F17A002963D0707C491E8842AB
:10E2B00019F8007006DA401C707404E00024FFF7BF
:10E2C000F5FD56E0757486F804807771012F03D14F
:10E2D000F08A8000EEF7D3F83846FFF776FAFA486E
:10E2E0000078B8B3B078F6F764F8B070FF283FD084
:10E2F000C0EBC0000BEB80005F46007D01A9FEF77C
:10E300000BFAB078F14AC0EBC00107EB8103197D2D
:10E3100002EBD10201F0070C177808FA0CF2174251
:10E3200010D19DF80470DFF8A8C3C7EBC707674496
:10E33000BF79DC2F06D20CF5617707EBD1073F7868
:10E34000174212D191B1E349095C01B32146FEF7AE
:10E35000E4FE0DE0FFE7FFF7A9FD41F28830EEF79C
:10E360008EF8F07B3230F07302E0DD72FFF79EFD35
:10E370003571B07901287FF449AFFDF7A3FFD64985
:10E3800081F80080D54981F81280B5713EE7FFF72A
:10E39000E8FDEDE72DE9FF4F04468846407805216A
:10E3A00081B01646032815D0042813D001280CD0BC
:10E3B00002280AD0062814D0102812D0052810D020
:10E3C0000F280ED0FF2821D033E06079C01D01EB6B
:10E3D000D00502E0607901EB40050A2000EB45071B
:10E3E00027E00825062802D160793F2803D0E0788D
:10E3F000102803D008E04FF4FA771AE061797F29FA
:10E4000002D14FF47A7714E0642712E0607A64282E
:10E4100015D2617B207B01F0010100EB0120E17A44
:10E42000A27A891A491C414310318DB205F132009C
:10E4300087B236B1012E06D0022E06D00AE0102592
:10E44000E2E7A74802E0A74800E0A7480178304685
:10E45000FEF723FC304600F0D4FA304600F020FBF3
:10E460006278DFF888A2FF2A0AEB080960D04246EA
:10E47000214650461AF0CEFC08F0FF01504600F04D
:10E48000D8FA030A0AF8083089F8010008F10200F6
:10E4900081B23246954800F0E3FA32462946002020
:10E4A00004F0E1FB924907EB470091F90D10084495
:10E4B000283080B2314604F0E7FBDFF814B20700E1
:10E4C0000BF579797DD0A7F1020808F0FF018948A2
:10E4D00000F0AFFA01468748384410F8012C10F8D4
:10E4E000020C02EB002088426CD1049950460A6865
:10E4F000CAF800208988AAF804106178DFF8F8A12A
:10E50000FF2929D04FEA1821017180F80580BA1E31
:10E510007849801D1AF07EFC3A1D744977481AF03C
:10E5200079FC381DAAF80000A078022822D035E036
:10E53000A8F1020221466D481AF06CFCA8F1020015
:10E54000C1B26A4800F075FA020A09F8022C09F80B
:10E55000010C324641469DE73A466649801D1AF055
:10E5600059FCAA1D614965481AF054FCAD1DAAF872
:10E570000050D9E7E078CB2810D1607910280DD170
:10E5800020786946FEF7C8F840B15D489DF8001054
:10E59000102200EB0110E11D1AF03CFC0020012EBE
:10E5A00003D15849087058490880227809F80200B8
:10E5B0002178564A4FF4167022F81100207843490A
:10E5C00001E023E01AE001EBD00100F00702097836
:10E5D00001209040014226D120786946FEF79CF840
:10E5E000012820D19DF80000C0EBC00202EB0B0116
:10E5F0008979DC2917D2FEF756F814E03C482E3012
:10E6000030F81610491C20F816100CE03848343049
:10E6100030F81610491C20F81610207819F8002040
:10E62000521C09F80020217819F801000A2810D39B
:10E63000C8B26946FEF770F801280AD19DF80000BB
:10E64000C0EBC00202EB0B018979DC2901D2FEF795
:10E65000A3FB781EB0F5F97F03D8394625481AF098
:10E66000F2FB0A20EFF7E9F9304608F0A8FD05B003
:10E670003246BDE8F04F0021012004F0F4BA2DE944
:10E68000F0410D4606461446022A7DD870780328CC
:10E6900011D006283CD010283AD0192874D14FF058
:10E6A0000C0832273178FF293ED00020FEF7DBFA34
:10E6B0000146204645E07079052101EB400000F05D
:10E6C000FF084FEA4807EDE7B4200020B893036045
:10E6D000F48F0360F48E03608E2100205E190360C6
:10E6E0001321002014210020152100200C7D03603F
:10E6F0003C01006038410020FA210020BC2E04605B
:10E70000888703606D20002078000060B09203606D
:10E710004FF00808062802D170793F2801D06427FD
:10E72000C0E74FF47A77BDE724B1012C04D0022C66
:10E7300004D008E0834802E0834800E08348017881
:10E740001046FEF7AAFA204600F0AAF92A463146FA
:10E750007F481AF05FFBE9B27D4800F06AF97C4916
:10E76000020A4A552944AD1C4870A9B2224678488D
:10E7700000F076F922464146002004F074FA214662
:10E78000384604F081FA00E033E005002ED0A81EE0
:10E79000C1B2704800F04DF901466E48284410F8A7
:10E7A000012C10F8020C02EB002088420AD16A4EBC
:10E7B00016F8260F00F074F932782946654800F003
:10E7C0004FF905E0654931F81400401C21F81400A8
:10E7D000294660481AF037FB204608F0F0FC224634
:10E7E000BDE8F0410021012004F03DBA5B49891DDC
:10E7F000E9E7B6E42DE9FC4781464FF40761584844
:10E800001AF021FB554800241438A0F11A05847031
:10E8100044700470EC726C70EC70524B2C73DFF827
:10E820003CC15149514AAC70204603F10C0605F138
:10E83000280705F1340843F8204046F8204027F81F
:10E8400010402CF8104028F810400C541454401C70
:10E85000C0B20328EFD3464900201E2201F1640311
:10E860004FF4167601F59D676C620C5423F8102066
:10E8700027F81060401CC0B26428F6D3FEF73BFABC
:10E8800045F8414F3B49AC80AC71FF2008703A49D4
:10E890004FF400620870394830490E390470CDE9F0
:10E8A0000091002336A1AFF23770EDF772FCBDE89E
:10E8B000FC8770B535492E4A00200B786432C3EBD3
:10E8C000031105462A4E4C000BE032F8101019B126
:10E8D000491E22F8101002E0355422F81040401C66
:10E8E000C0B29842F1D370BD70B51C4D0024284EC3
:10E8F0002E3D22E004EB840000EBC4003044B0F86D
:10E900000B20531CA0F80B30B2F5967F13D901EB06
:10E91000810202EBC10131440D221AF07BFAA87C7E
:10E9200000EB800101EBC00030440D211AF08BFA9E
:10E93000A87C401EA874641CA4B2A97C8C42D9D3C4
:10E9400070BD00001321002014210020152100209B
:10E950000C7D036038410020A43A00206A01006069
:10E96000007F0360708703608801006085210020BC
:10E97000C88D03608601006084210020870100604B
:10E980005363616E5461736B00000000FB20002034
:10E990003C9403602DE9F041FE4D95F84F000128AD
:10E9A0002AD0FD4C95F828000026E71C4FF00708F8
:10E9B000022805D0267095F82A00022810D01AE007
:10E9C0002078411C21700A28F5D3387828B185F8C1
:10E9D00028802670FEF727F8EDE785F82800F8E78D
:10E9E000A078411CA1700A2806D3B87830B185F808
:10E9F0002A80FEF718F8A670BDE8F08185F82A0095
:10EA0000F7E7022809D8E44900224C3930B101283F
:10EA10000BD0022801D14A878A727047A1F848209A
:10EA2000DE488A74C0F8A0217047A1F84A20CA7451
:10EA30007047F0B5FF23DA4E1C46002206F58077BA
:10EA400007E0855C521C5D40EDB2D2B2735D63405D
:10EA50007C5D491EC9B2F4D244EA032080B2F0BD05
:10EA600070B50C46002A1AD10A460146CD481AF064
:10EA7000D1F9C94E01224C3E40F22771F485CA48B3
:10EA8000EBF7D7FA0024F58D04E0641CA4B2022051
:10EA9000EDF7F5FCF08D002801D0AC42F5D370BD48
:10EAA000022803D8BD490120C1F8A0017047012008
:10EAB00080F31388BD480168BD4A01F4E061114349
:10EAC0000160BFF34F8FFEE70120FAF7B5F9FAF7BF
:10EAD000C9FBB84C38B1002020706070A070FBF703
:10EAE000E2F8FAF7BFFB40F30001491C217040F344
:10EAF0004001491C40F380006170401CA070FAF78F
:10EB000060FEFFF7D4FF2DE9FC5FA24D0446287894
:10EB10006978EA7800EB0120A978090401EB026129
:10EB2000084416F0D7FDD4F8B11088427ED104F124
:10EB3000340114220F46A0481AF0B3F9002648B158
:10EB400084F84760142239469B481AF063F99A48C2
:10EB5000F0F75DFAA84695F8510094F8F010DFF848
:10EB60005C92012588420ED0954806709548067043
:10EB70009548066089F8EF5094F8F01088F8511025
:10EB8000CB2008F0BCFAB4F9AF0016F0A4FD824F18
:10EB90004C3FB7F93E10884218D0B4F9AF0016F0D8
:10EBA0009AFD00231A46B7F93E1008F0BCF9B4F9F3
:10EBB000AF0016F090FDF887C0F307210C2008F095
:10EBC0009EFA97F83E100D2008F099FA94F8CE209E
:10EBD0007B7B9A4209D00021084608F0A4F994F8FA
:10EBE000CE107973192008F08AFA744998F8480011
:10EBF00094F8AE20CF318B46904206D105283ED105
:10EC00001E2272481AF04DF9C8B394F8AE1039B903
:10EC100098F82300092805D00B2803D00E2801D02E
:10EC200088F8481098F84810052900E0FFE226D837
:10EC3000072008F064FA98F848A0BAF1020F1ED332
:10EC4000BAF1050F04D11E22594660481AF0E2F8C5
:10EC5000504608F0D5F95A4806705A4806705A4886
:10EC600006604D48801D0188827849BA0904C07841
:10EC700041EA02210143B7F93E0008F0BFF998F8D4
:10EC8000281094F82600DFF848A1DFF848B1814247
:10EC90002AD0434688F82800022800D010B9002066
:10ECA000FFF7AFFE93F828009846012801D0092805
:10ECB00006D18AF80050002015F066FA8BF8005053
:10ECC000FDF7B1FE98F828101D2008F018FA002171
:10ECD000E92008F014FA304898F82810C01C017098
:10ECE0003D4806703D48068098F8291094F82700A2
:10ECF000814218D0434688F82900022800D010B974
:10ED00000120FFF77EFE93F829009846072803D1DB
:10ED1000FDF789FE32480670FDF785FE98F8291048
:10ED20001E2008F0ECF998F82A1094F82800814287
:10ED300022D0434688F82A00022800D010B90220C9
:10ED4000FFF75FFE93F82A009846012801D00928B2
:10ED500006D18AF80050022015F016FA8BF8005000
:10ED6000FDF761FE98F82A101F2008F0C8F90A483C
:10ED700098F82A10C01C817098F8520094F8F71087
:10ED8000884205D088F85210BF2008F0B8F9FD700D
:10ED900028E00000A43A0020502100200000214279
:10EDA000843F0508A8310020003801400CED00E048
:10EDB0000400FA055E19036018E702606E0D026038
:10EDC0009B2100209C210020B8210020CA43002064
:10EDD0003823002038050060972100208C01006056
:10EDE0004801006098F8540094F8F9104FF0030AB5
:10EDF000884206D088F85410C02008F080F987F8BF
:10EE000003A098F8550094F8FA10884205D088F8C5
:10EE10005510C42008F073F9FD7098F8570094F865
:10EE2000FC10884206D088F85710C52008F067F912
:10EE300087F803A098F8520094F8F710884205D09C
:10EE400088F85210BF2008F05AF9FD7098F8540065
:10EE500094F8F910884206D088F85410C02008F0C1
:10EE60004EF987F803A098F8440094F82F108842D0
:10EE700004D088F844109A2008F041F998F8450029
:10EE800094F83010884204D088F845109A2008F091
:10EE900036F998F8040094F8C510DFF84CB48842AD
:10EEA00010D0481EFE280DD288F80410062008F065
:10EEB00026F998F804008BF8000089F8F200002089
:10EEC00014F028F894F8F2109BF8002091420ED02C
:10EED00069B1FF290BD08BF8001089F8F21088F87F
:10EEE0000410062008F00BF9002014F013F8FF4876
:10EEF00094F849100278914211D04A1EFE2A0ED28F
:10EF0000834601709C2008F0FAF899F849009BF8B4
:10EF10000010F6F7C9FB9BF8001089F8491094F827
:10EF2000320094F8081100EB0120B8F84210884232
:10EF30000BD0A8F8420094F83210E72008F0DFF870
:10EF400094F80811E62008F0DAF8B9F8BF00B7F82D
:10EF50004010B94688420BD04F46C1B227F8400F47
:10EF6000162008F0CCF83888010A152008F0C7F8F8
:10EF7000D4F8C60016F0AEFBDD4F396888420AD0DF
:10EF8000D4F8C60038B116F0A5FB386013F025FBA5
:10EF90003868F0F75CFD474698F8410094F80E1188
:10EFA000DFF85083884210D009B13C290DD387F88F
:10EFB0004110222008F0A3F897F8410020B3CE4872
:10EFC00005704570857088F8005097F8270094F810
:10EFD0002A10884204D087F82710202008F08FF8E4
:10EFE00094F82C1099F80F0081421AD089F80F106C
:10EFF00097F8280002280AD048B1072807D001282E
:10F0000005D0092803D00AE088F80060DDE7ED208C
:10F0100008F075F899F80F10092008F070F889F8D1
:10F02000035094F82E1099F81100CB46814211D06C
:10F030008BF8111097F82A00022806D0012804D076
:10F04000092802D008B1072802D1532008F057F848
:10F050008BF803A094F82B00582804D06F2807D011
:10F06000962807D00EE0A548057084F82B6013E0C1
:10F07000FFF72AFD84F82B60FDF747FE9E48857454
:10F0800088F8005094F82B004D2805D19C4884F84E
:10F090002B6005709B48067097F8500094F8EE10AE
:10F0A000B946884204D089F85010D62008F027F8D5
:10F0B00094F82B00632816D1934884F82B6084F8C9
:10F0C000F160067091480670914806609148018889
:10F0D000827849BA0904C07841EA02210143BBF9A8
:10F0E0003E0007F08BFF8C4894F8F51002789142AF
:10F0F00003D001709D2008F002F8884894F80911A7
:10F100000278914203D00170142007F0F8FF072223
:10F1100004F1FD01824819F0C4FEE8B3DFF804A24F
:10F12000DAF80000EDF76EFA7D48D4F8FD10643887
:10F13000832640F8641FB4F80111818094F803110C
:10F1400081714FF6FF77CDE9007677A32022062163
:10F150000120FBF702FACDE90076202305221E21CB
:10F160000020FBF7B0F9CDE90076202305224E21DF
:10F170000020FBF7A8F9CDE90076202305226E21B7
:10F180000020FBF7A0F9CDE90076202305229E217F
:10F190000020FBF798F900E007E05748457688F82B
:10F1A0000050DAF80000EDF771FA99F8630094F86E
:10F1B00004114D46884206D085F86310E22007F01E
:10F1C0009EFF07F075FE95F8640094F805118842DB
:10F1D00006D085F86410E32007F091FF07F068FE81
:10F1E00095F8650094F80611884206D085F86510F8
:10F1F000E42007F084FF07F05BFE95F8660094F8C2
:10F200000711884206D085F86610E52007F077FFE1
:10F2100007F04EFE95F84F0094F80D11884206D085
:10F2200085F84F10BDE8FC5FB22007F068BFBDE86D
:10F23000FC9F2DE9F041A0F51853483B1144C72B22
:10F240001AD8642093FBF0F200FB1232002A7ED120
:10F2500093FBF0F0C4B204EBC400354A00EB041099
:10F2600002EBC000C822C91D19F0D4FD012C6ED1DB
:10F27000BDE8F0412E4846E4A0F51C52103A4FF488
:10F28000B86701241C4D1B4E1723BA421AD2B2FB99
:10F29000F3F003FB1020002859D1B2FBF3F0C7B202
:10F2A000C7EB0710234A00EB400010442D22C91D74
:10F2B00019F0B0FD00213846F1F705FDF1F7CDFC5E
:10F2C0002C7043E0A0F53052D03ABA4241D2B2FBA2
:10F2D000F3F003FB1020002839D1B2FBF3F0C0B2E9
:10F2E000C0EBC00228E032E09B000060AF200020AD
:10F2F000CC2000208E2100205E1903609F21002079
:10F300000B2200200C2200209B2100209C210020A9
:10F31000B821002056210020AE200020B02000207F
:10F32000003B002010220020202020202000000090
:10F330006E0D02602CC3046002EB0010FB4AC91D75
:10F3400002EB40002E2219F065FD6C703470BDE8B0
:10F35000F081A0F54852903AB2F5206F36D21420D1
:10F36000B2FBF0F300FB1323002BF0D1B2FBF0F063
:10F37000C7B2C7EBC700DFF8B88300EB471202EB58
:10F3800008002722C91D19F045FD37B1012F09D00A
:10F39000022F0DD0032F17D111E0E64998F81E0077
:10F3A000C87311E0E248E44990F8450008700BE0AA
:10F3B000DF48E24990F86C0081F8280004E0DC485E
:10F3C000DF49D0F893000860AC70BFE7A0F5705239
:10F3D000903AB2F5987F14D21320B2FBF0F300FB01
:10F3E000132363B9B2FBF0F0C0B200EB800202EB72
:10F3F0004010D44AC91D1044252219F00BFDAC71F0
:10F40000A4E7A0F57752A72A15D81520B2FBF0F390
:10F4100000FB13236BB9B2FBF0F0C0B2C0EBC0002D
:10F42000C94A00EB400002EB40002A22C91D19F036
:10F43000F1FC2C718AE7A0F57852683A432A12D879
:10F440001120B2FBF0F300FB132353B9B2FBF0F031
:10F45000C0B2BE4A00EB401010442122C91D19F071
:10F46000D9FC6C7172E7A0F5FA422C3AB2F5107F24
:10F4700013D24820B2FBF0F300FB13235BB9B2FBBD
:10F48000F0F0C0B2B24A00EBC00002EB00109022D4
:10F49000C91D19F0BFFC2C7458E7A0F5FE426C3A68
:10F4A0005B2A14D892FBF3F003FB102068B992FB9F
:10F4B000F3F0C0B2C0EBC00202EB0010A54AC91DB8
:10F4C00002EB40002E2219F0A5FC6C743EE7A0F57B
:10F4D000FE42C83ADF2A13D80E20B2FBF0F300FB3D
:10F4E00013235BB9B2FBF0F0C0B29B4AC0EBC00083
:10F4F00002EB80001C22C91D19F08CFCEC7025E782
:10F50000A0F50140B138B0F5907FBFF420AF2422C0
:10F5100090FBF2F302FB13035BB990FBF2F0C0B275
:10F520008E4A00EBC00002EBC0004822C91D19F052
:10F5300071FC2C760AE77CB5894B0125894E54185D
:10F54000B0F5FA6F2DD0A0F5E061D3391BD0A0F54E
:10F55000E061D1392ED0A0F5E061D5392DD0A0F5EC
:10F56000E061D43930D0891F1F2934D8C006B0F1EA
:10F57000504F21D103F10A004021054619F063FCE8
:10F58000E11D402237E06079012815D108F023F809
:10F590007C21734819F057FC3576FAF712F9FFF71A
:10F5A00093FA607918703576FAF70BF908F013F8CA
:10F5B000FFF77DFA607958707CBD6079217900EBA6
:10F5C0000120A3F805007CBD6079217900EB0120C2
:10F5D000A3F803007CBDA0F2FA710F2911D800072F
:10F5E000B0F1204FF6D15E4820214A30054619F08F
:10F5F0002AFCE11D202202B02846BDE8704019F027
:10F6000009BCA0F500610A3924D0A0F500611639C3
:10F61000E0D10621A0F6160090FBF1F201FB1200EA
:10F620000028D7D1207A8DF80000A07A8DF801004B
:10F63000207B8DF80200A07B8DF80300207C8DF8E4
:10F640000400A07C8DF80500684609F00DFA4648D4
:10F6500005707CBD0C21A0F60A0090FBF1F201FBC5
:10F6600012000028F5D1207A03F86A0FA07A5870AA
:10F67000207B9870A07BD870207C1871A07C58717A
:10F68000207D9871A07DD871207E1872A07E58725E
:10F69000207F9872A07FD8727CBD70B5A0F51853FA
:10F6A000483B6425C72B0AD893FBF5F0C1B201EBA8
:10F6B000C10000EB01102D4901EBC0017EE0A0F577
:10F6C0001C53103B4FF4B8661724B34209D2B3FB66
:10F6D000F4F0C0B2C0EB0010254900EB400001443B
:10F6E0000EE0A0F53053D03BB3420ED2B3FBF4F0A2
:10F6F000C1B2C1EBC10000EB01100C4901EB4001AC
:10F70000B3FBF4F004FB1032C5E0A0F54853903B86
:10F71000B3F5206F2ED21420B3FBF0F1C9B2C1EBC8
:10F72000C10202EB4111024A33E0000036530020CF
:10F73000B21D0260042100209B000060A43A00205A
:10F74000CC200020621B02606C8402607C8C026012
:10F75000BC850260008D0260323102603C8A02602A
:10F76000909E03605E190360EF2100206E0D026021
:10F770002CC30460A0F57053903BB3F5987F0AD278
:10F780001320B3FBF0F1C9B201EB810202EB41118E
:10F79000FE4A114466E0A0F57853AC3BB3F57A5FBE
:10F7A00011D293FBF5F0C0B20A21B0FBF1F101EBED
:10F7B0004100C0EBC110F64901EB001193FBF5F0DD
:10F7C00005FB103066E0A0F57753A72B0BD815206A
:10F7D000B3FBF0F1C9B2C1EBC101EE4A01EB41014B
:10F7E00002EB41013EE0A0F5FA432C3BB3F5107F5C
:10F7F00009D24820B3FBF0F1C9B2E74A01EBC101DD
:10F8000002EB01112EE0A0F57853683B432B07D89B
:10F810001120B3FBF0F1C9B201EB4111DF4AB8E7A7
:10F82000A0F5FE436C3B5B2B0ED893FBF4F0C1B20A
:10F83000C1EBC10000EB0110D94901EB400193FB82
:10F84000F4F004FB103025E0A0F5FE43C83BDF2BAD
:10F850000DD80E20B3FBF0F1C9B2D24AC1EBC10101
:10F8600002EB8101B3FBF0F200FB123213E0A0F5D2
:10F870000140B138B0F5907F0DD2242290FBF2F117
:10F88000C9B2C94B01EBC10103EBC10190FBF2F31B
:10F8900002FB1300C2B231F8120070BDC349B0F5CB
:10F8A000FA6F25D0A0F5E062D13A1FD0A0F5E06252
:10F8B000D23A1FD0A0F5E062D43A1DD0A0F5E062A4
:10F8C000D53A1CD0B0F5FB6F1ED0A0F5E062D63A59
:10F8D00018D0111F1F2919D8B448CA1701EBD262DA
:10F8E0000A3022F01F02891AC9B21CE0487870471A
:10F8F0000878704788787047B1F803007047B1F80E
:10F9000005007047C8797047087A7047A0F2FA710D
:10F910000F290BD8A548CA1701EB12724A3022F002
:10F920000F02891AC9B230F811007047A0F60A0117
:10F93000032909D89D48CA1701EB92726A3022F058
:10F940000302891AC9B21AE0A0F60E01032909D8E8
:10F950009648CA1701EB92726E3022F00302891AA0
:10F96000C9B20CE0A0F6120103290AD88F48CA17C1
:10F9700001EB9272723022F00302891AC9B2405C24
:10F980007047A0F61600052809D8884A7632062165
:10F9900090FBF1F301FB1300C0B2105C7047002034
:10F9A00070472DE9F34F8248CFB04FF0010B80F83C
:10F9B0000CB04F9803AE4FF0000970B302282DD061
:10F9C00004282BD00624002049463154401C80B224
:10F9D0000628FAD35098DFF8DCA105196878009062
:10F9E000E878A97800EB012087B268790190009847
:10F9F000032815D0012813D006216F4B0C22AAF53D
:10FA0000C47C062875D00528FCD0102802F002849A
:10FA1000192802F0DA8602F0EFBEFFE70024D9E7EA
:10FA20005098005D30556978301902904170009807
:10FA3000032802D0012805D009E00198029940006E
:10FA4000887004E00198C01DC10802988170029876
:10FA50008178C01C19F0F7F90098012801D0002521
:10FA6000F3E3002341E0FA18082A19D20020DFF856
:10FA70004CC1014601EBC205C5EB051505EB45057B
:10FA8000654495F82550002D0BFA01F502D0054389
:10FA9000E8B200E0A843491CC9B20829EAD31FE034
:10FAA000A2F1400108291BD80020D500DFF810C1C1
:10FAB0000146A5F500756A18C2EBC20808EB0212F0
:10FAC0000CEB420292F82620002A0BFA01F202D037
:10FAD0000243D0B200E09043491CC9B20829EAD3DE
:10FAE000E11831445B1CC8709BB201998B42BAD3B8
:10FAF000FEE3FEE37819032807D804EB45013144FF
:10FB000081F803901AF800000BE2A0F59851EC3947
:10FB10007ED004287DD005287CD008287BD00628FC
:10FB20007AD0072879D00E2878D0092877D01A28DB
:10FB300076D01C2875D0162874D0172873D01828B2
:10FB400072D0192871D01B2870D00C286FD01228C1
:10FB50006ED013286DD00D286CD010286BD02228C1
:10FB60006AD0232869D0202868D0242867D02A2882
:10FB700066D01D286FD0A0F57D41E83975D0A0F57D
:10FB80007D41E93969D0A0F57D411BE0621B02602F
:10FB90009A7C01606C840260BC8502607C8C02608F
:10FBA000008D0260323102603C8A0260909E0360E8
:10FBB00004210020A43A0020BC2E04602CC3046061
:10FBC00036530020EA3975D0A0F57D41F23972D064
:10FBD000282871D0292870D02B286FD05E286ED0AD
:10FBE0005F286DD02E286CD02F286BD030286AD09B
:10FBF000322869D0332868D0312867D0622875D080
:10FC0000632874D0272873D0A0F16401052918E077
:10FC100024E031E037E03DE044E058E05EE068E0B9
:10FC20006FE072E07AE083E08AE091E099E0A0E0A2
:10FC3000A8E0B0E0B8E0BFE0C6E0CDE0D4E0D6E0B8
:10FC4000DCE074D804EB45013144504481F8039062
:10FC500010F8510C65E1D8E007E0DDE004EB450069
:10FC60003044F84980F803905FE004EB45003044ED
:10FC7000F54980F8039058E004EB45003044082132
:10FC800080F8039011E204EB45003044442180F8F1
:10FC900003900AE204EB4500304480F803909AF8A0
:10FCA000071002E204EB4500304480F803909AF814
:10FCB0000410FAE1B4E0BDE0C3E0CAE0D1E0D8E06E
:10FCC000DEE0E3E0E5E0E9E0F1E0F8E0FFE004EBAE
:10FCD000450030440A2180F80390E6E104EB45003A
:10FCE000304480F803909AF80A10DEE1F4E0FBE07B
:10FCF00001E104EB4500304480F803909AF80B10C2
:10FD0000D3E1D1487438C08F68E004EB4500CE4998
:10FD10003044743980F80390497BC6E104EB450018
:10FD20003044C94980F8039022390978BDE1EAE0FE
:10FD300004EB45003044C44980F803902239FDE3C8
:10FD400004EB45003044C04980F80390223976E145
:10FD500004EB4500BC493044223980F80390C9784F
:10FD6000A3E104EB4500304480F803909AF8481072
:10FD70009BE104EB4500B4493044743980F80390AA
:10FD8000C97B92E104EB4500AF493044743980F8F7
:10FD90000390097C89E104EB4500AB493044743998
:10FDA00080F80390497C80E104EB4500304480F802
:10FDB00003909AF8271078E104EB4500304480F86E
:10FDC00003909AF80C1070E104EB4500304480F881
:10FDD00003909AF8231068E19C4824E304EB450162
:10FDE0003144030ACB709CE0984800681BE004EBA8
:10FDF00045003044964980F8039096E704EB4500AF
:10FE00003044944980F803908FE704EB4500304478
:10FE1000914980F8039088E78B48B0F80100DDE74E
:10FE20008948D0F8010004EB45013144020ECA7044
:10FE3000000C76E004EB45003044884980F80390DC
:10FE400073E704EB4500304480F803909AF84410BF
:10FE50002BE104EB4500304480F803909AF84510FC
:10FE600023E104EB4500304480F803909AF84710F2
:10FE70001BE17548743830F8581F80880844CAE27E
:10FE800071487438D0E916100844CCE7BAF842003B
:10FE9000A4E76D487438B0F840009FE704EB4500D4
:10FEA00069493044743980F80390897BFDE004EBA4
:10FEB0004500304480F803909AF84D10F5E004EBCB
:10FEC0004500304480F803909AF84E10EDE05E480B
:10FED0007438B0F842009EE204EB4500304480F8EC
:10FEE00003909AF85010E0E004EB450030445C4980
:10FEF00080F8039019E704EB4500304480F8039044
:10FF00009AF85110D1E06A280CD0A0F16B010329B6
:10FF100010D804EB45013144504481F8039010F8A7
:10FF20005C0C63E204EB4500304480F803909AF8DF
:10FF30000E10BAE0A0F16F01032902D9091F0329AD
:10FF400008D804EB45013144504481F8039010F87F
:10FF5000560C4BE2782831D0262832D01E2833D0D8
:10FF6000B0F5367F38D0A0F50071D9391ED0A0F594
:10FF700080712B3938D0491E64293CD8C0EBC001B0
:10FF800038480844A0F58050374990F8CC0701EB79
:10FF9000D00100F007030A780BFA03F10A4000D001
:10FFA000012204EB45013144CA701FE204EB450015
:10FFB000304480F803909AF85B1076E0BAF821009C
:10FFC0000CE7BAF8490009E704EB4500304480F833
:10FFD00003909AF85A1068E004EB4500304480F82A
:10FFE00003909AF8671060E004EB450030441F4925
:10FFF00080F8039099E6362810D0372819D0382891
:020000040802F0
:1000000038D0A0F13B0102293BD804EB4501314433
:10001000504481F8039010F8130CE7E104EB45001D
:100020003044134980F8039089880029C5D0022103
:100030003BE004EB450030440D4980F8039089789B
:1000400033E000007D01006078210020CC200020FA
:10005000AF2000209B000060AE20002094210020F3
:1000600098210020F48F0360B8930360FB200020E8
:100070006E07026004EB45003044FB4980F80390B2
:1000800053E65C280AD03E2810D0A0F14601092989
:100090000ED80AEB400030F85F0C9FE604EB4500F9
:1000A000304480F803909AF8411009E2EF48BAE131
:1000B00053284FD0542850D050286AD051286BD0A4
:1000C00055286DD056286DD05A2876D05B2876D02A
:1000D000A0F50071CA3936D0A0F50071DA3979D0AF
:1000E000A0F50071DB3967D0B0F5377F6FD0A0F590
:1000F0000071DD396CD0A0F50071DE3969D0A0F552
:100100000071DF3971D0B0F5387F6FD0B0F5397F2D
:100110006DD0A0F50071E5396AD0A0F50071E6391F
:1001200067D0A0F50071E7397DD0393906297BD831
:1001300004EB450131445044A0F5805081F8039010
:1001400090F83C0D52E104EB45003044562180F814
:100150000390B5E1BAF84B0040E6C54890F82D0091
:10016000092803D00A2801D0C2485CE1C148C2492D
:1001700042F210720088898D4843B0FBF2F1B0FB67
:10018000F2F04FEA112C04EB4501314481F803C031
:100190002CE1B948008C21E6B748B0F844001DE6D0
:1001A000B64840E104EB45003044B54980F803907F
:1001B000BBE502E003E00DE026E0B2482AE104EBF3
:1001C0004500304480F803909AF84F1078E13DE004
:1001D00034E04DE09AF823000B280BD00E28A448F9
:1001E0000CD0D0F88E01642219E054E06DE08DE06F
:1001F00064E0A0E09E48D0F84602F4E7D0F8FE02A2
:100200002DE090FBF2F0F1E09AF823000B2811D0DA
:100210000E2847D09648D0F8BC014FF47A7290FB74
:10022000F2F10B0A01E094E0ACE004EB450131444B
:10023000CB70E6E78E48D0F8740293E004EB4500FB
:100240003044914980F803906FE5FCE39AF823006D
:100250000B2806D00E28864807D0D0F8EA01642281
:1002600082E08348D0F8A202BDE7D0F85A03BAE78B
:100270009AF823000B2802D00E2804D007E07C480F
:10028000D0F8FE026EE07A48D0F8B6036AE078480B
:10029000D0F8460266E09AF823000B2802D00E2818
:1002A00004D007E07248D0F82C03B6E77048D0F8C5
:1002B000E403B2E76E48D0F87402AEE79AF8230080
:1002C0000B2834D00E2827D1F4E79AF823000B2806
:1002D00015D00E28664816D0D0F8A2024FF47A73D3
:1002E00090FBF3F14FEA112C04EB4501314401E09E
:1002F000FDE3FDE390FBF3F081F803C076E05C489A
:10030000D0F85A032EE0D0F8120486E79AF82300BA
:100310000B2808D00E28BAD004EB450030444946DB
:1003200080F80390CCE05248D0F88E011AE0504893
:10033000D0F8BC0116E09AF823000B2805D00E284F
:10034000EAD14B48D0F8A20267E74948D0F8EA0161
:1003500008E09AF823000B2810D00E28DCD144487E
:10036000D0F8D0024FF47A7290FBF2F14FEA112CE0
:1003700004EB4501314481F803C042E73C48D0F822
:100380001802EFE7B0F53E7F39D0A0F50071F939DA
:100390002DD0A0F50071E93939D0A0F50071EA3906
:1003A00037D0A0F50071EB3936D0B0F53B7F37D0B0
:1003B000A0F50071ED3931D0A0F54071163931D07A
:1003C000A0F54071173930D0B0F5467F30D04C31B0
:1003D0000A2930D888B22D4A04EB4501314412F87D
:1003E00010C002EB400081F803C040781BE204EB30
:1003F00045003044264980F80390497E60E004EBD4
:1004000045003044224980F80390097E58E0214895
:1004100009E021480088C2E32048FBE7204802E0C9
:100420002048F7E720480088D8E41F484088D5E4F2
:100430001D488088B3E396283BD0972841D0982860
:1004400047D099284DD09A2853D09B2859D0A0F551
:10045000807129392AD0A0F5FA61642959D880B26F
:10046000FFF71CFABAE400006E070260A621002024
:10047000365300206E050260042100205201006006
:10048000490100602A200020AC01006018E70260EA
:1004900032310260A0010060A2010060A40100608E
:1004A000A8010060A6010060C4010060BAF858000D
:1004B00094E404EB4500304480F803909AF852101D
:1004C000D8E304EB4500304480F803909AF85310C9
:1004D000D0E304EB4500304480F803909AF85410C0
:1004E000C8E304EB4500304480F803909AF85510B7
:1004F000C0E304EB4500304480F803909AF85610AE
:10050000B8E304EB4500304480F803909AF85710A4
:10051000B0E3A0F5D851BC397F292ED801EBD171B9
:10052000C1F34701C007C1EB011000EB4001FE48D9
:1005300074D001EB000898F8230000E0E7E080BBEE
:1005400098F92800A0F10C010A2911D90B390729C3
:100550000BD800EBC00101EB0011F4480844A0F5F2
:10056000805090F8C10D012802D098F82500B9E11B
:1005700098F82500BBE14E987CE3A0F5E0513C39AA
:100580003F290FD8C9B2C1EB011101EB410204EBC5
:100590004500E5493044114480F8039091F8241057
:1005A00068E373E1A0F5E0517C393F290ED8C9B268
:1005B000C1EB011101EB410204EB4500DA49304483
:1005C000114480F8039091F8281053E3A0F5E0510E
:1005D000BC393F290ED8C9B2C1EB011101EB410270
:1005E00004EB4500D0493044114480F8039091F861
:1005F00022103FE3A0F5E051FC393F290FD8C8B2E3
:10060000C0EB001000EB400204EB4501C64831444A
:10061000104481F8039090F82300F4E246E1A0F53D
:10062000E8513C397F2903D9A0F291227F2A46D88C
:100630007F2902D841F63C5101E040F29121411A54
:1006400001EBD170C0F34700C907C0EBC00101EB5B
:100650000011B74800EB410898F8280001D098B184
:1006600014E100283FF458AED8F81E0015F032F817
:10067000010E04EB450030444E90C170D8F81E00C6
:1006800015F028F8010C76E798F82D00A0F10C0180
:100690000A2911D90B3907290BD800EBC00101EB4E
:1006A0000011A2480844A0F5805090F8C10D01281F
:1006B00002D098F8260015E198F8260017E1A0F579
:1006C000E851BC393F290FD8C8B2C0EBC00202EBD9
:1006D000001204EB45019648314400EB420081F8DA
:1006E000039090F822008EE2A0F5E851FC393F29F2
:1006F0000FD8C8B2C0EBC00101EB00118C4800EB71
:10070000410104EB4500304411F82B3FC370497898
:10071000B0E2A0F5F0517C393F290FD8C8B2C0EB48
:10072000C00101EB0011824800EB410004EB4501E0
:10073000314410F8282FCA70407964E2A0F5F051D6
:10074000BC393F290FD8C8B2C0EBC00202EB00127F
:1007500004EB45017648314400EB420081F80390F8
:1007600090F827004FE2A0F5F0513C393F290FD80F
:10077000C8B2C0EBC00202EB001204EB45016C48AA
:10078000314400EB420081F8039090F829003AE2EE
:10079000A0F5F051FC393F2935D801EBD171C1F3F7
:1007A0004701C0074E91084617D0F8F725FB0146D0
:1007B0004FF47A7091FBF0F0010A04EB450000EB76
:1007C000060888F803104E98F8F716FB4FF47A7174
:1007D00090FBF1F188F804104DE2F8F70DFB4FF4AF
:1007E0007A7190FBF1F0010E04EB450000EB060876
:1007F00088F803104E98F8F7FFFA4FF47A7190FBDF
:10080000F1F0010CE6E7A0F5F8513C391F290BD8AF
:10081000484A04EB450131441044A0F5005081F8EA
:10082000039090F8C400EEE1A0F5F8515C393F293F
:100830000BD8414A04EB450131441044A0F5005067
:1008400081F8039090F8A400DDE1A0F5F8519C39FF
:10085000FF2903D9A0F29112FF2A52D8FF2902D80A
:1008600041F69C7101E040F29111411A01EBD17007
:10087000C0F34700C907C0EBC00101EB40112F488E
:1008800014D001EB000898F82300A0B1D8F81E009E
:1008900014F020FF010A04EB450030444E90C17073
:1008A000D8F81E0014F016FF014664E601EB0008BC
:1008B00098F82300D5E698F82600A0F10C010A2943
:1008C00013D90B3907290BD800EBC00101EB00113C
:1008D00016480844A0F5805090F8C10D012804D0B6
:1008E00098F82400012804D016E598F8240001287F
:1008F000FAD004EB4500304480F8039080F804B04F
:10090000B9E1A0F500519C397F291CD8C0EBC00289
:1009100002EB401204EB450108483144104481F8D1
:100920000390A0F5A0200BE02CC304601A1902600C
:10093000365300204C3B0020B65E0020B21D026002
:1009400090F85E085FE1A0F5045154397F290FD873
:1009500004EB45013144C0EBC00281F8039002EB87
:100960004012FE481044A0F5A42090F85A0C4AE129
:10097000A0F50451D4397F290FD8C0EBC00202EB97
:100980004012F64804EB450131441044A0F5A6207E
:1009900081F8039090F8D70835E1A0F504511C398F
:1009A000072910D8C0EBC00000EB4002EC4804EB74
:1009B0004501314400EB4200A0F5AE2081F80390E0
:1009C00090F887011FE1A0F504512439072910D8B8
:1009D000C0EBC00000EB4002E14804EB45013144AC
:1009E00000EB4200A0F5AE2081F8039090F83600AD
:1009F00009E1A0F504512C39072910D8C0EBC0003B
:100A000000EB4002D64804EB4501314400EB4200C4
:100A1000A0F5B02081F8039090F8EC0EF3E0A0F57B
:100A200004513439072912D8C0EBC00000EB400252
:100A300004EB4501CA48314400EB420081F80390C1
:100A4000A0F5B02000E018E190F8980DDBE0A0F5EB
:100A500004513C39072910D8C0EBC00000EB40021C
:100A6000BF4804EB4501314400EB4200A0F5B02043
:100A700081F8039090F84F0CC5E0A0F5045144397B
:100A8000072910D8C0EBC00000EB4002B44804EBCB
:100A90004501314400EB4200A0F5B02081F80390FD
:100AA00090F8F90AAFE0A0F504514C3903290DD8AC
:100AB00000EB4012AB4804EB450131441044A0F573
:100AC0008A2081F8039090F853059CE0A0F504512A
:100AD0005039032910D800EB401204EB4501A1481E
:100AE0003144104481F80390A0F58A2001E0C8E069
:100AF00052E190F8CE0486E0A0F5FE426C3A5B2A03
:100B000016D82E2092FBF0F192FBF0F300FB13209D
:100B1000C9B2C1EBC103C2B203EB011104EB450042
:100B2000914B304403EB410180F80390895CA1E0D4
:100B3000A0F1C801082919D2CF280BD0CA280DD09E
:100B400004EB4501894A3144104481F8039010F8C0
:100B5000C80C58E08548B0F8070065E404EB450090
:100B60003044824980F80390FFF769BAA0F5B85184
:100B700070390B2907D87E4901EBC000A0F5404031
:100B8000B0F8800450E4A0F5B8517C390B2909D89D
:100B9000774901EBC000A0F54040B0F82404020AF8
:100BA000FFF7FFB9A0F5B85188390B290FD8704964
:100BB00001EBC000A0F54040D0F8C4130A0C04EBD0
:100BC00045013144CA70D0F8C003FFF731B9A0F530
:100BD000D8515839312907D8664901EB4000A0F5B2
:100BE0008040B0F850091FE4A0F51851483945F687
:100BF0008842914209D880B2FEF74FFD04EB4501CF
:100C00003144C870000A087135E0A0F51C40403836
:100C10003B283FF66EAEC11700EB9172C2F38F0115
:100C200022F00302801A0004000C06D0012809D02B
:100C300002280CD0032814D01DE04F4800EB4100DF
:100C400000880FE44C4800EB4100C08B0AE404EB41
:100C50004500494A3044114480F8039091F83C1013
:100C600008E004EB4500444A3044114480F8039006
:100C700091F84B1001716D1CADB201988542FEF4E4
:100C800039AF4F9830B1022804D0042802D005288B
:100C900044D01FE20098012812D00198032101EBF3
:100CA0004000C1B203A8FDF7C4FE0199020A06EB99
:100CB0004101CA7008714F98042813D0C8B1E8E701
:100CC00002988078C01CC1B203A8FDF7B2FE029959
:100CD000020A8B780DF10F015A5402998A7804A9FF
:100CE0005054E8E70198F11C4200244818F092F8AB
:100CF000CFE752469AF82600FDF7D2FE009892F808
:100D00002620012805D00198052101EB400103A808
:100D1000F5E30298817803A8491DF9E7509818492E
:100D2000008840BA0885020A8DF80C208DF80D0065
:100D30000198032101EB4000020A8DF810208DF884
:100D4000110000988DF80E90012801988DF80F90F1
:100D500020D004EB40021446D21C13E0B21D026006
:100D60006C8402607C8C0260008D02604423002051
:100D70006C050160A802026090950360FEFB0160B3
:100D80000421002003A9F44818F044F8F348E41CB7
:100D900004807EE70219DEE74F98C8B1022851D0DF
:100DA00004284FD0509800788DF80C005098407867
:100DB0008DF80D008DF810908DF811104F988DF86A
:100DC0000E908DF80F90012815D0052826D039E017
:100DD000564616F8260FFDF763FE32780821509824
:100DE000FDF73EFE3078FDF75BFE32780821509823
:100DF000FDF736FE26E000202118509B401C80B2F3
:100E00005B5C73540628F7D303AE0CF15C0C96E8D8
:100E10000B008CE80B00D248828713E000202118D9
:100E2000DDF840C1401C80B21CF801C006F801C0CA
:100E30000628F4D3039818600498586005989860C1
:100E4000C64802800098DFF81C83052847D0A7F524
:100E5000D850BC384FF41071B0F5B36F34D24FF4A2
:100E6000C076B04202D2C04B83F800B0A7F5E8527A
:100E70003C3AB2F5187F02D2BB4B83F801B0A7F51C
:100E8000F8529C3AB24202D2B74A82F802B0A7F5B1
:100E900004521C3A2F2A04D9A7F5FA422C3A8A4266
:100EA00002D2B14B83F804B0A7F504524C3A072A9A
:100EB00004D9A7F5FE426C3A5B2A02D8AA4A82F806
:100EC00005B0AA4B83F800B0032F6FD8A44CA07EC6
:100ED00000F0010139436AD0022F69D0D9E63F2FD3
:100EE00076D8FEB2C6EB061000EB4001A0480C1805
:100EF00094F823000028F1D1F7F727FFB04294F9C6
:100F00002800A0F10C0130DD0A291BD90B39072973
:100F10000BD800EBC00101EB001196480844A0F586
:100F2000805090F8C10D01280CD0287900B1012023
:100F300018F066FB014608EB8610816230460FF020
:100F400096FC25E0287950B1002018F059FB0146A5
:100F500008EB8610816230460FF089FC23E0012007
:100F6000F3E7002016E0012014E00A291AD9A0F1C5
:100F7000170107290BD800EBC00101EB00117D48D8
:100F80000844A0F5805090F8C10D01280AD02879B6
:100F90000028E8D184F8250010F0FF0F0AD04FF4A4
:100FA0007A7108E028790028DDD0DAE768E040E0CF
:100FB00051E00DE000213046F7F7E3FD30460FF039
:100FC00056FC4FF47A714843C4F81E006649F6E3B4
:100FD000403F3F2F7ED8F8B2C0EBC00101EB0011BB
:100FE000654800EB410090F82810F1B990F82D10F9
:100FF000A1F10C020A2A12D90B3A072A0BD801EBED
:10100000C10202EB01125B491144A1F5805191F834
:10101000C11D012903D0297929B1012103E02979D2
:101020000029FAD0002180F826104F4981F801B03C
:101030002FE669798AF8001028798AF80100564667
:10104000002006F05CF87178012006F058F8A07EC8
:1010500040F0010012E08007EAD469798AF80210B2
:1010600028798AF803005646022006F048F8F178FD
:10107000032006F044F8A07E40F00200A07608E6C7
:10108000062F44D0082F52D00C2F55D0122F62D0EB
:10109000132F79D01A2F78D01C2F77D0102F76D01D
:1010A0000D2F75D0222F74D0242F73D02A2F72D0F9
:1010B0001D2F71D0A7F57D42E83A22D0A7F57D42D9
:1010C000E93A6AD0A7F57D42EA3A67D0232F6FD07C
:1010D000202F00E02DE26CD0282F6BD0A7F13B022F
:1010E000022A68D8D4B20AEB0406687996F8281068
:1010F0005746814204D06CB3012C7CD0022C7BD0AB
:1011000096E11748697974300170D12079E06979E6
:1011100054468AF80410062005F0F1FF174920799B
:10112000087317490870174981F8F200CBE0697914
:101130008AF80710082064E0094C6879E07369793F
:10114000092005F0DCFFE17BED2005F0D8FF84F8F5
:1011500003B09EE51CE122E0BC2E0460FA210020D1
:101160000421002068B502605E1903608E21002012
:101170002CC304601A19026036530020570D026018
:101180009B0000606E0D026016E01FE03CE049E04D
:1011900068E06CE074E086E099E09FE0B1E0F44C38
:1011A000687920746979522005F0A9FF02200BE0CC
:1011B000BAE0CDE0E7E043E1ED4C6879607469792D
:1011C000532005F09CFF0320E07062E568792979DF
:1011D000E74C00EB0120B4F93E108842B9D000235F
:1011E0001A4605F0A0FE6879297900EB0120E08716
:1011F00029790C2001E0D5E0DCE005F080FF697979
:101200000D2005F07CFF44E5D94C6A79637B9A4256
:101210009FD00021084605F086FE687960736979E1
:101220001920EEE768797F2806D08E2808D08F280D
:101230008FD055280AD02CE5EEF753FCFDF737FC8C
:10124000CB48494680F81A909E20DAE7C94981F8D0
:1012500000B02879C0EB00108100C7480180EEF78C
:1012600040FC16E569798AF827102020C9E76879DB
:10127000297900EB0120C1B28AF823100E20C0E7C3
:1012800069790029A1D0FF299FD0BC4C9C202170F6
:1012900005F035FFBA4D217815F8490FF4F704FA37
:1012A00020782870F5E4697900298ED0FF298CD048
:1012B000B44C062021708AF8041005F020FFB048D5
:1012C000217880F8F210002011F024FEE1E4697921
:1012D000012998D9AC4801709D2092E7A44A2B7946
:1012E000743252F8010F010C6879090400EB0320F5
:1012F000084310606979D22005F001FF2979D320D5
:101300007FE79B496A7974312B7931F8010F02EB41
:10131000032280B240EA024008606979D42005F0D7
:10132000EEFE2979D5206CE7984C68792A792168F6
:1013300000EB0220B0EB114F93D06FF30F01084385
:1013400020606979A32005F0DAFE2979A42014E051
:101350008E4C68792979226800EB0123B3EB124F98
:10136000A0D0000400EB016091B2084420606979CC
:10137000A52005F0C4FE2979A62005F0C0FE20684E
:1013800011F02BF985E469798AF844109A2038E73E
:10139000C8B1022817D0072815D0012813D0092872
:1013A00011D047E078B102280DD007280BD00828CB
:1013B00009D06EE438B1022805D0072803D00128EF
:1013C00001D00928DED186F82800022802D1204663
:1013D000FDF717FB96F82800012801D0092808D14D
:1013E0006B49204681F800B06A4981F800B012F0DC
:1013F000CBFE96F82800072806D1FBF714FB012C3A
:1014000002D1654981F8009016F8281F04F11D00EB
:1014100005F075FE0021E92005F071FE5449307891
:101420004F310855534981F800905349A1F8009075
:10143000002CA7D1524897F8281080F8261078E0A1
:101440005C2F1CD0A7F14602092A2DD8687929798A
:1014500000EB01200AEB470121F85F0C6FF04D0013
:1014600000EB4700297980B205F049FE6FF04C008F
:1014700000EB4700697980B205F041FEFBE3697932
:1014800009B13C2995D35446222004F8411F05F0A8
:1014900036FE207830B14149584681F800B081F8D5
:1014A00001B0E9E33E49DDE0532F29D0502F36D07B
:1014B000512F3FD0552F45D0562F51D05A2F56D0AF
:1014C0005B2F75D0B7F53A7F73D02E2F72D02F2FA8
:1014D00071D0312F70D0302F6FD0622F6ED0632F2C
:1014E0006DD0272F6CD06A2F6BD0A7F16B02032A27
:1014F00068D80AEB0700697900F85C1CE4E0F2E3C5
:1015000068792979544600EB012081B224F84B1FF9
:10151000B02005F0F4FD2088010AB12071E61448DE
:10152000B0F8441000298AD069792A7901EB0221A8
:10153000018400E26879297900EB01200C49A1F8C7
:101540004400F8E16879297900EB0120154980B25F
:101550000880154908806421B0FBF1F1EC2050E6C9
:10156000124995F90500087081B2EE2049E62AE09B
:1015700004210020972100208C010060AF20002072
:101580006E0D02609B000060AE200020CC20002089
:101590003823002038050060480100605E190360B0
:1015A0008E2100205201006054010060490100605A
:1015B00013E018E01FE02BE038E045E04AE054E09B
:1015C00065E06AE074E06879297900EB0120FD4963
:1015D00080B20880EDF729FEADE169798AF84F10F5
:1015E0006979B2200DE66879297900EB012080B293
:1015F0000DF067F99FE16879297900EB0120AAF8DD
:1016000042006979E72005F07AFD2979E620F8E5BE
:101610006879297900EB0120EB49A1F8400069794C
:10162000162005F06CFD29791520EAE56879012876
:1016300007D040F2D241E448A0F842106979EB208B
:10164000DFE540F2D341F6E7DF48697981736979D4
:101650001720D6E569798AF850106979D62005F007
:101660004EFDDA4981F8009065E1D9496879087042
:101670000128B1D12879D74938B10870D248D64964
:10168000806D0860D549086055E10520F5E7697966
:101690008AF851106979CB20B3E5687901289BD885
:1016A000297900EB0120C1B28AF80E102E20A8E59E
:1016B000A7F16F02032A02D9121F032A06D80AEBE8
:1016C0000700697900F8561C3C3FC4E1782F7CD0B4
:1016D000262F75D01E2F74D0A7F54072163A5DD014
:1016E000A7F54072173A6DD0B7F5467F6BD0B7F5C6
:1016F000367F69D0A7F50072D93A73D0473A062AE7
:1017000071D8B74C2068EAF77DFF6879297983257D
:1017100000EB01210AEB0700A0F580504FF6FF76A1
:1017200080F83C1DB049AF48B0A351F8642F40F891
:10173000FD2F8A88828089798171CDE90065202218
:1017400006210120F8F709FFCDE9006520230522D5
:101750001E210020F8F7B7FECDE900652023052201
:101760004E210020F8F7AFFECDE9006520230522C9
:101770007E210020F8F7A7FECDE900652023052291
:10178000BD210020F8F79FFE994981F819B09949C9
:1017900081F800B02068EAF779FFCCE06879297910
:1017A000954C00EB012081B2218040F2271005F01A
:1017B000A6FC2088010A4FF4947022E505E0CFE0F2
:1017C00012E01EE027E03CE04BE06879297900EB6D
:1017D0000120AAF8210069793D2005F090FC2979C3
:1017E0003C200EE527E042E06879297900EB0120F2
:1017F000AAF849006979C82005F081FC2979C92037
:10180000FFE469798AF85A106979C72005F077FCF6
:10181000EFF723FA8FE068792979774C00EB012004
:1018200081B2618040F2291005F069FC6088010AEC
:101830004FF49570E5E469798AF85B106979E020E6
:10184000DFE4687929796C4C00EB012081B2A1803A
:1018500040F22B1005F053FCA088010A4FF496705B
:10186000CFE469798AF867106979EA20C9E4B7F5A5
:101870003E7F2ED0A7F50072F93A22D0962F44D0A1
:10188000982F48D0992F4CD09B2F55D0212F5ED028
:10189000A7F5FA62642A74D9A7F5D852583A312AC2
:1018A00061D868792979554C00EB012104EB470098
:1018B000A0F58040A0F85019A7F5D85087380CD073
:1018C00010E04F48697941764949584681F803B09C
:1018D000C0E34B4869790176F6E794F85E1004207E
:1018E000E8F7DDFEA7F5D850883804D194F86010E9
:1018F000E820E8F7D4FEA7F5D85089388AD194F8C3
:1019000062101820E8F7CBFE15E069798AF85210CA
:101910006979BF200AE069798AF854106979C02092
:101920000FE069798AF855106979C42005F0E7FB62
:10193000254981F803B0AAE269798AF857106979D4
:10194000C52005F0DCFB20480321C1709FE26879C7
:101950006F2802D0582802D099E2FDF7B5F829493E
:1019600081F800B093E2284AA7F5B853703B541CA5
:101970000B2B07D8254800EBC700A0F53B4080386B
:101980000BE0FDE3A7F5B8537C3B0B2B40D81F4879
:1019900000EBC700A0F53B40DC38016801F4702182
:1019A00001606B792E7903EB06230B43036002EB96
:1019B0004700697980B205F0A2FB04EB4700297962
:1019C00080B21EE42A20002004210020B72000203D
:1019D000982100208E010060D82100209401006031
:1019E000102200206E0D02609C3A002020000000B2
:1019F0005E1903608E210020C4010060A80202600D
:101A0000323102609F21002074D1FFFF6C0501601C
:101A1000A7F5B852883A0B2A1FD8FE4800EBC7003A
:101A2000A0F53C404038A7F5B0570188D53F89B2B2
:101A300001606A7941EA02410160818889B24160AE
:101A40002A7941EA024141606879297900F00F0062
:101A500001F0F0010144B8B208E4A7F1C802072A76
:101A60004DD86879297900EB0121EB48C219C82FBC
:101A700002F8C81C0AD0C92F0CD0CA2F16D0CB2F01
:101A80001DD0CD2F25D0CE2F2ED000E2E24A4378B4
:101A9000127802E0E04B02785B78CDE90032CDF8B5
:101AA00008908378C27841798079FDE301784378A2
:101AB000CDE90031D849CDF808908B78F2E702786B
:101AC0004378CDE90032D449CDF808908378CA78BC
:101AD000E9E701784378CDE90031CDF80890CE49A7
:101AE0008378C2784979DFE702784378CDE900321C
:101AF000CDF808908378C2784179C748D4E77F2829
:101B000070D800EBD070C0F34706C6EB061000EBB0
:101B10004001C2480C18D4F81E0013F0DBFDF80792
:101B20007DD094F82300DFF8F8A298B1F7F70DF90B
:101B3000B0420EDD08EB86176879796A514529793C
:101B400000EB01206CD117F05BFDB64917F07DFB6F
:101B5000F861A5E0F7F7F9F8B04294F92800A0F190
:101B60000C0161DD0A291DD90B3907290BD800EBBF
:101B7000C00101EB0011AC480844A0F5805090F87A
:101B8000C10D01280ED008EB86176879796A514596
:101B9000297900EB01202AD100B1012017F030FD96
:101BA000F86129E008EB86176879796A5145297947
:101BB00000EB012007D120B1002017F021FDF861D2
:101BC00006E00120F9E770B1002017F019FDB862B6
:101BD000964894F82510017730460EF048FE20B163
:101BE000002012E06FE00120EFE701200DE000B1DE
:101BF000012017F005FDB8628C4894F82510017794
:101C000030460EF034FE0028EFD184F8250041B2B2
:101C10008648027F914228D080F81BB001E04FE057
:101C200038E080F81D9020E00A2916D9A0F11701AC
:101C300007290BD800EBC00101EB00117A480844DA
:101C4000A0F5805090F8C10D012806D06879297957
:101C500010EB012007D0012005E06879297910EB0D
:101C60000120F8D0002084F8250094F8250020B148
:101C70004FF47A7102E0F8E3EBE100213046F6F729
:101C800080FF30460EF0F3FD4FF47A714843C4F8FC
:101C90001E0015E017F0B4FC624917F0D6FAB862DE
:101CA00030460DF0B8F85F4917F09DFA17F0CBFCFD
:101CB000C4F81E0017F09BFC01463046EEF7D1FF3A
:101CC000EEF7CBFFEBE3A7F5E0507C383F280BD8CD
:101CD000C1B2C1EB011000EB400350486A791844CF
:101CE00080F8282013E0F9E3A7F5E050BC383F283E
:101CF00017D8C1B2C1EB011000EB400247481044B5
:101D000090F82420012A02D16A7980F82220484BD9
:101D1000012283F800B0474B83F800B0FAF794F93A
:101D2000B5E0A7F5E050FC383F280AD8C1B2C1EBB6
:101D3000011000EB400339486A79184480F82320E9
:101D4000E5E7A7F5E8503C387F2877D800EBD0705E
:101D5000C0F34706C6EBC60000EB0611364800EBA1
:101D60004104D4F81E0013F0B5FCF9070CD0020CA6
:101D700029791204687902EB0122851894F9282048
:101D800052B1012A2CD034E069792A7980B201EB72
:101D9000022100EB01455AE094F82D20A2F10C033A
:101DA0000A2B13D90B3B072B0BD802EBC20303EB17
:101DB00002131D4A1A44A2F5805292F8C12D012A3D
:101DC00004D000EB0120012804D006E000EB012044
:101DD000012802D084F826B00BE084F8269008E0B1
:101DE00000EB01204FF47A71484313F073FCC4F800
:101DF0001E0094F82700012829D194F82D001928F5
:101E000003D00F2801D01D2821D1D4F81E0013F0D3
:101E100061FC14E06C050160442300202CC30460C5
:101E200000007F4300007A441A1902600421002058
:101E30005E1903608E2100203653002014E030B973
:101E4000FE4941F82690A1F5176101F806B0284631
:101E500013F040FCC4F81E00F94880F801B0F948BE
:101E600080F800B0204610E0A7F5E850BC383F28C5
:101E70000ED8C0B2C0EBC00202EB0012F248697982
:101E800000EB420080F822104BE0FAF7DEF8C0E1E8
:101E9000A7F5E850FC383F280ED8C0B2C0EBC0020E
:101EA00002EB0012E848297900EB420080F82B1081
:101EB000697980F82C1034E0A7F5F0503C383F28C1
:101EC0000BD8C0B2C0EBC00202EB0012DE48697949
:101ED00000EB420080F8291023E0A7F5F0507C3891
:101EE0003F280ED8C0B2C0EBC00202EB0012D648A9
:101EF000297900EB420080F82810697980F82D10CC
:101F00000FE0A7F5F050BC383F2811D8C0B2C0EBA5
:101F1000C00202EB0012CC48697900EB420080F865
:101F20002710C74A82F801B0C64A82F800B0ACE771
:101F3000A7F5F8503C381F2805D8C04AC0B2403237
:101F400069791154CEE3A7F5F8505C383F2804D8DE
:101F5000BE4AC0B2697911545BE1A7F5F8509C38CC
:101F6000FF2846D800EBD070C0F34700C0EBC0019B
:101F700001EB4011B6480C18D4F81E0013F0AAFB70
:101F8000F9070AD02A796FF30F006B7900EB022072
:101F900094F82310184441B126E069792A7980B277
:101FA00001EB022100EB01401EE094F82610A1F1A4
:101FB0000C050A2D13D90B3D072D0BD801EBC105DC
:101FC00005EB0115A3492944A1F5805191F8C11DE4
:101FD000012904D003EB0221012904D0CAE303EB59
:101FE000022101297BD0C2E313F074FBC4F81E0068
:101FF00087E3A7F500509C387F280AD8C0B2C0EB11
:10200000C00202EB401292486979104480F8221015
:1020100077E3A7F50450D4387F280AD8C0B2C0EBC4
:10202000C00202EB40128A486979104480F82310FC
:1020300067E3A7F5045054387F280CD8C0B2C0EB32
:10204000C00202EB401282486979104480F82610E1
:1020500057E388704AE3A7F504501C3807280AD8CC
:10206000C0B2C0EBC00000EB40027B48697900EBD6
:102070004200C17755E0A7F50450243807280CD852
:102080006979C0B201B10121C0EBC00000EB400290
:10209000714800EB4200817743E0A7F504502C38EB
:1020A00007280BD8C0B2C0EBC00000EB40026A4862
:1020B000697900EB420080F8241032E0A7F5045063
:1020C000343807280CD8C0B2C0EBC00000EB400287
:1020D0006148697900EB420080F8201021E043E379
:1020E000A7F504503C3807280BD8C0B2C0EBC0009D
:1020F00000EB40025848697900EB420080F8271055
:102100000FE0A7F50450443807280FD8C0B2C0EB41
:10211000C00000EB40025048697900EB420080F8B3
:1021200021104749584681F804B0DFE2A7F5FA408C
:102130002C3888422CD2482290FBF2F1CBB290FB93
:10214000F2F102FB1101CC1701EB547190FBF2F498
:1021500002FB1400C21703EBC30400EB52723F4BA7
:1021600022F00702C1F3C701801A03EB0413C0B2C7
:1021700003EB011101EB40032A795A706A7900E000
:102180001AE101F810202E49584681F810B0ADE24E
:10219000A7F504504C3803280BD8C0B200EB40120E
:1021A0002F4869791044C1772548594680F805B011
:1021B0002DE0A7F50450503803280DD86979C0B236
:1021C00001B1012100EB40122548104481771C49E0
:1021D000584681F805B089E2A7F5FE476C3F5B2FB2
:1021E00017D82E2197FBF1F097FBF1F2C0B2C0EBAC
:1021F000C00303EB001001FB12711A4BC9B203EBD1
:1022000040006A7942540E48594680F811B00D4892
:102210000170F1E24F9838B302284CD004284AD01C
:102220000528509800788DF80C00509840788DF86B
:102230000D008DF80E908DF80F9016E00C3B0020ED
:102240005E1903608E21002036530020B65E002008
:10225000B21D02601A1902606C840260BC850260C3
:102260007C8C0260008D026025E08DF810908DF866
:1022700011104FF000003BD02118509B401C80B241
:102280005B5C73540628F7D303AE0CF15C0C96E844
:102290000B008CE80B00FE488287642F3CD0A7F22D
:1022A000CB200A287FD800E015E1A879142867D848
:1022B0000020F84A6CE05098016800918088ADF8E1
:1022C000040006216846FCF7B4FB010A8DF80610ED
:1022D0008DF807004F980028DFD1524612F8260FDC
:1022E000FCF7DEFB127808216846FCF7B9FBD4E75F
:1022F0002118DDF840C1401C80B21CF801C006F86E
:1023000001C00628F4D30398186004985860059813
:102310009860E1480280C0E7DD4E307880B3A8794C
:102320000C2811D1297A8AF81310A97A8AF8141086
:10233000297B8AF81510A97B8AF81610297C8AF85F
:102340001710A97C8AF8181054469AF81310282000
:1023500004F0D5FE217D292004F0D1FE617D2A20E4
:1023600004F0CDFEA17D2B2004F0C9FEE17D2C20E0
:1023700004F0C5FE217E2D2004F0C1FE86F80090F9
:102380003AE2509923181944C9791154401CC0B23B
:10239000A9798142F5D8C14880F800B0C04880F8DA
:1023A00018B029E2FFE7B7F58C7F0CD0C82F5DD0BD
:1023B000A7F5FA60642871D8DDE94F322146384626
:1023C000FDF7B9F818E2A879202823D1A87ADC28EB
:1023D00020D3A87B297C2A7D00EB0120A97C09045D
:1023E00001EB02614418287B401CC0B2FAF7FAFAEC
:1023F000CDF8009003462A7B287A2146FAF7C9F9DE
:10240000A84CA94E012806D0287A6946FAF784F923
:10241000012816D0F0E1A54FA54BA97A3878C0EB7A
:10242000C0021A4404EB001002F8011C05F115016A
:102430001022103816F0EEFC3978314401F801BC56
:10244000DAE19DF800009A4BC0EBC0021A44A97A69
:10245000917105F1150104EB0010102216F0DAFC61
:102460009DF8001006F801B0C6E1ABE168790828D4
:1024700033D1A879082808D0287A50F08000287233
:10248000287B1BD040F080001AE0E87950F08000F3
:10249000E871687A04D040F0800003E01FE085E036
:1024A00000F07F006872A97B6A7BCDE90021CDF83E
:1024B00008902B7BEA7A697A287A0CE000F07F009A
:1024C0002873A87D297DCDE90010CDF80890AB7C5C
:1024D0002A7C297BA87AE8F7FDFD8DE1CBE1A7F501
:1024E0001850483845F68841884205D82146384674
:1024F000509AFCF79EFE7FE1A7F59850EC3807D084
:10250000A0F5FA607F286ED8697902292AD04DE0BB
:102510006879072823D1A87A297B2A7C00EB01203F
:10252000A97B644C090401EB02610844C4F8010072
:10253000A87C6071297DA171FAF75EFC0346012831
:1025400001D9431EDBB2D4F80120A1796079FAF7F2
:1025500024F8042804D003202070FAF7CCFB4BE1C8
:102560000220F9E700EBD070C0F34704A87A697A3B
:10257000EA7900EB0120297A090401EB0261451890
:10258000284613F0A7F80146C4EB041000EB400204
:1025900049481044C0F81E1090F823205AB108464C
:1025A00017F025F801462046EEF75BFB3C495846FC
:1025B00081F800B09AE090F92810A1F10C020A2AE3
:1025C00012D90B3A072A0BD801EBC10202EB011218
:1025D0003A491144A1F5805191F8C11D012903D058
:1025E000012D03D006E013E0012D03D0594680F8F9
:1025F00025B002E0494680F8259011F0FF0F02D087
:102600004FF47A7100E000212046F6F7BAFACDE7E0
:10261000A7F5E8503C387F286BD86979022961D149
:1026200000EBD070C0F34702A87A697AEB7900EB2F
:102630000120297A090401EB03610844C2EBC201BD
:1026400001EB02131E4901EB430494F82810D9BB97
:1026500094F82D100C2909D3C2EBC20303EB4213EB
:10266000184A1A4492F82620162A30D9A1F11702E6
:10267000072A0BD801EBC10202EB01120F491144EA
:10268000A1F5805191F8C11D012920D001281CE03D
:102690000421002018E70260FA2100208E2100208A
:1026A0005E19036088870360C88D03603C01006089
:1026B000F48F03607D0100602CC304601A1902606E
:1026C00036530020B21D026008E002D004E0012869
:1026D00002D084F826B001E084F8269012F0FAFFC8
:1026E000C4F81E00FE49584681F801B0FD49087043
:1026F00082E0A7F5F8509C38FF283ED86979022976
:1027000002D05846F649A4E400EBD070C0F347016C
:10271000A87A6A7AEB7900EB0222287A000400EBAF
:1027200003601044C1EBC10202EB4112EE495418A0
:1027300094F8231000297FF42FAC94F82610A1F10F
:102740000C020A2A11D90B3A072A0BD801EBC10255
:1027500002EB0112E5491144A1F5805191F8C11D28
:10276000012902D0012802D004E0012802D084F817
:1027700024B039E484F8249036E4462F3CD1A8797B
:10278000142839D101254FF03D084FF03C0B574636
:10279000509804EB45010E18B079717900EB0120D7
:1027A00007EB4501A1F82B0071790BEB450004F014
:1027B000A6FCB17908EB450004F0A1FC6D1CEDB25C
:1027C0000A2DE5D902F07CFE16E04F98D0B1022820
:1027D00018D000206946509A024492790A54401C4D
:1027E000C0B20428F7D304216846FCF722F9010A95
:1027F0008DF804108DF80500BD4981F80C9051B09A
:10280000BDE8F08F50980721005D8DF800006878D2
:102810008DF801009AF804008DF802009AF8000083
:102820008DF803009AF801008DF804009AF8020070
:102830008DF805009AF803008DF8060054466846A6
:10284000FCF7F7F8020A8DF808004F988DF807207A
:102850000028D1D168781928CED12079A97888426A
:10286000CAD8E9788842C7D314F8260FFCF718F9BC
:10287000227809216846FCF7F3F8BDE79C48007B05
:10288000002802D19B49FDF78CB870479848FF217A
:1028900081704170704770B5964D04466978122971
:1028A00051D0934EF28C921EFF290CD0192925D0BD
:1028B000032917D0062915D0102913D0012911D0CA
:1028C000052942D10EE0A87854283ED1E878452861
:1028D0003BD128794D2838D16879432835D1A8795A
:1028E0004F2832D1D1B28348FCF7A3F8F18C2944A8
:1028F00031F8021C49BA814225D026E004217D48E6
:10290000FCF797F869792A7901EB022181421CD101
:10291000AA78E9788A4201D3084600E0104600D33D
:102920001146844211D38C420FD816F061FA14215B
:1029300090FBF1F201FB1200C1B2002001E0401C4B
:10294000C0B28842FBD3012070BD002070BD6A4830
:1029500010B590F82800022801D0002807D1674858
:10296000D0F8A00100226249012801D04A8510BD9B
:10297000488D401C80B248856428F8D94A850020DB
:1029800004F01DFCBDE810400020FCF73AB808B583
:102990001920009001215A48574E002480F8461013
:1029A000DFF860B1DFF84C91514D274686F826409C
:1029B00080464FF00A0A0098E9F761FD8BF800A005
:1029C000B8F81410491CA8F81410FFF7C0FF4E48BF
:1029D000B0F86010A1F5A850B33803D14B48006897
:1029E000E9F710FE96F828000228E4D142494FF496
:1029F000FA72B8313F4816F00DFAA87C2875698C38
:102A0000E984022817D0641CE4B2642C03D90024A2
:102A10002046FBF7F6FF2F7596F828000228CAD14A
:102A2000687D0028C7D0401E10F0FF006875C2D135
:102A3000FBF7E7FFBFE799F8030099F802104C464F
:102A400000EB0120C0B2FFF726FFF8B160783179C2
:102A5000FF28207804D0884210D0FF280ED019E03B
:102A6000884201D0FF2815D196F826000022A03018
:102A7000C3B211461F48F3F7ECFC0BE00020FCF753
:102A80000FF8FFF703FFFFF7F9FE03E0204908887E
:102A9000401C08800020FBF7B4FF2F750024BBE723
:102AA0001CB513494FF400626031CDE900010023E9
:102AB00018A1AFF22510E9F76CFB1CBD70B50C4CEA
:102AC0000D4E0120208596F82800022800D010B96C
:102AD0000020FBF796FF96F82900022823D021E07A
:102AE0005E1903608E210020B21D02601A19026077
:102AF00004210020443F0020A43A0020000021428D
:102B00009095036095210020A8020260C821002052
:102B10006A0100606D61696E73657261696C7461F0
:102B2000736B000010B90120FBF76BFF96F82A00C9
:102B3000022800D010B90220FBF763FF0025A4F89B
:102B40004850A5746584A4F84A50E574A584E584CA
:102B500025756587FE49A572E583FA2008804880BF
:102B600088800020EAF70FFBA0660020EAF70BFB45
:102B700020670020EAF707FBE0660020EAF703FB86
:102B80006066257396F82800022800D030B9F14815
:102B9000C0F8A051A4F84850A5746584032060765D
:102BA000A075607570BDEA4A7A3A517893784140D1
:102BB000E948405C58405070E848405C907070476D
:102BC00001207047E64991F82A00092809D0012818
:102BD00007D091F82800092805D0012803D0FF204C
:102BE0007047022070470020704770B504460229E4
:102BF00015D803D14FF04001DA4D04E061B101294D
:102C00000DD1D94D40212846E7F7C7FA214628467D
:102C1000BDE87040E7F759BA4021D44DF3E770BDE5
:102C200070B5D34900EBC0004418C9487A38B0F8F1
:102C300046504FF4FA70854200D3054694F90000DF
:102C400000F0E6FCD4F80110064600200880D4F815
:102C50000500294616F0F7F894F900003146BDE862
:102C6000704000F0E9BCBA487A38022AA0F8461051
:102C700009D822B105D0012A05D10120D0E70020D2
:102C8000FCE70220FAE770472DE9F04788468246C4
:102C900002292ED800252AE0B54908EBC8004418BF
:102CA00094F9000000F0B4FC8146D4F801000088DB
:102CB000A74907467A39B1F84610884201D3012660
:102CC00000E000262EB1D4F805103A46A94816F0C7
:102CD000A1F894F90000494600F0AEFC16B1384660
:102CE000BDE8F0870220E9F7CAFB6D1CADB255457F
:102CF000D2D30020F4E72DE9F05F9948944C0026E8
:102D000090F82600DFF870929C4F012540F2255183
:102D100040F2277B7A3CB8B301287DD1DFF84882A6
:102D20008A464046E7F73CFA012876D059464046A5
:102D3000E7F736FA01286FD178689149401C78602E
:102D40002576E571E08E4546095C401CE0864046EC
:102D5000E7F7BBF9E08E218E88425DD340212846FB
:102D6000E7F714FA0028F9D040212846E7F715FACA
:102D7000002259462846E7F75CF9E68626860120B8
:102D8000BDE8F05FFBF73DBEDFF8E0A140F2255162
:102D90005046E7F705FA012824D059465046E7F790
:102DA000FFF9012875D1E575657138687549401CD2
:102DB0003860A08E5546095C401CA0865046E7F757
:102DC00084F911F004FAA08EE18D884261D3A846FF
:102DD000002742F2107540214046E7F7D7F9002856
:102DE00073D0ACE02571D9F80010594F491CC9F8CF
:102DF00000103888AB464FF0FA0810B34FF4FA7160
:102E0000884200D939803888B4F84810544DB83514
:102E1000884219D9202101E03BE0B7E05046E7F7AE
:102E2000BCF940F225515046E7F7D9F95046E7F78B
:102E300050F9B4F848106A18491CA4F848101070EA
:102E400005E0A7F80080DEE70020FBF7DAFDB4F824
:102E5000480001281FD0B4F84800102103281FD0D3
:102E6000B4F84800042823D0B4F8480007282DD02F
:102E7000B4F848000E2843D0B4F84800618C88426A
:102E800007D3334902202E39A07481F800B0A4F88A
:102E90004860BDE8F09FA4F82280A7F8008012E007
:102EA0006878192802D0FF2830D0F2E706201CE00D
:102EB000E978A87801EB00200A28EAD1687806288A
:102EC000E7D10C206084607E31E032E0687803282E
:102ED0000AD0062808D0012806D0052804D01028DA
:102EE00005D0A4F82280D4E708206084D1E769796E
:102EF000092000EB4100608423488079083016E007
:102F00006878FF28C5D1687A642801D26184C0E757
:102F1000697B287B01F0010100EB0121E87AAA7AA4
:102F2000801A401C484310306084388064206075EB
:102F3000AFE738467F1CBFB2A842FFF44CAF002277
:102F400059464046E7F775F8A686E685002017E75C
:102F50007E21002000002142843F050884400508AE
:102F6000A43A0020004800400044004000380140DE
:102F70008441050838410020708703607C87036026
:102F80009C330020A8310020443F0020D9F80410D1
:102F9000491CC9F80410A571B4F84A00FC4DB0F5FD
:102FA000F97F13D8202146464046E7F7F6F8514608
:102FB0003046E7F714F93046E7F78BF8B4F84A10D3
:102FC0006A18491CA4F84A10107002E00120FBF7AF
:102FD00018FDB4F84A0001280FD0B4F84A000428BC
:102FE0000DD0B4F84A00072814D0B4F84A00A18CD8
:102FF00088428CD30220E0744BE7082011E0E87887
:10300000A97800EB01200A2892D1687806288FD190
:103010000C2006E0687810288AD16979092000EB35
:103020004100A08435E710B50446FF2180780FF0F9
:1030300066FA0146E0780FF062FA014620790FF057
:103040005EFA014660790FF05AFA0146A0790FF056
:1030500056FA0146E0790FF052FA552801D00120C6
:1030600010BD002010BD2DE9F05FDFF82883CA4FA6
:10307000DFF8289300240126C94D4FF0550B40F28C
:10308000277A02280BD0002875D111F0A0F840F261
:103090002551C448E7F784F801286DD0A6E011F067
:1030A00096F840F22551C048E7F77AF8012832D166
:1030B0002E72D8F80810BC48491CC8F80810E7F769
:1030C00008F8C0B280460146B84810F0DCFC688FB2
:1030D000FA281ED2688FB6490B18401C688783F8FF
:1030E0000080688F084410F8010C552802D181F83F
:1030F00000B06E87688F08280DD1087855280AD14E
:103100004878FF2807D1AA48FFF78DFF18B9BC708F
:1031100001E0BE706C87A44F51463846E7F740F88F
:10312000012828D111F053F8A249288F095C401CCE
:1031300028873846E6F7C9FF288F698E884213D35F
:1031400040213846E7F722F80028F9D040213846D8
:10315000E7F723F8002251463846E6F76AFF2C8746
:103160006C860220FBF74DFCEE726E72D9F80810E7
:10317000491CC9F808108CE62E71D8F8001089484F
:10318000491CC8F80010E6F7A4FFC0B2804601460B
:10319000864810F078FCB5F84800FA2823D2B5F834
:1031A000480085490B18401CA5F8480083F80080AA
:1031B000B5F84800084410F8010C552803D181F8EF
:1031C00000B0A5F84860B5F8480008280ED1087886
:1031D00055280BD14878FF2808D17748FFF723FFFF
:1031E00020B93C7002E03E70A5F848406D4F514652
:1031F0003846E6F7D5FF0128BDD110F0E8FF6F494A
:10320000A88EB846095C401CA8863846E6F75DFFE4
:10321000A88EE98D88421BD3002701E07F1CBFB236
:1032200040214046E6F7B2FF0028F7D0644840212D
:10323000A0F8547047464046E6F7AFFF00225146DB
:103240003846E6F7F6FEAC86EC850020FBF7D9FBA6
:10325000EE756E71D9F80010491CC9F8001018E617
:103260002DE9F05F544EDFF83891B83E494C96F89E
:103270002400DFF828B14A4D40F225514FF0090AE9
:103280004FF0020809F14C09012738B102287DD11D
:103290004548E6F785FF012879D04DE14148E6F73A
:1032A0007FFF012818D03F4E40F227784146304634
:1032B000E6F776FF012869D14049A88E095C401CD9
:1032C000A8863046E6F701FF10F081FFA88EE98D51
:1032D00088427DD30024A0E02F712068401C20602C
:1032E000B5F84800344CB0F5F97F0AD82D48E6F718
:1032F000F0FEB5F848106218491CA5F84810107087
:1033000002E00020FBF77DFB2078552829D160786A
:10331000FF2826D1A078012823D1607908BBA079A5
:10332000F8B92848017859B1077096F8280007289D
:1033300001D186F828A02449A86D086023490860B7
:1033400096F84F00002821D196F8280007280CD1C4
:1033500086F8288089F80070F9F765FB0020FBF7F4
:1033600050FB96F84F00002810D1B5F84800062809
:1033700005D12078FF2802D1607819282DD0B5F822
:103380004800082802D16078032822E063E063E067
:10339000503D002070870360C82000207C870360B8
:1033A0000421002000380140004800401CC3046094
:1033B00084370020903500205C3B0020A83100209D
:1033C000A802026098210020D8210020940100600A
:1033D0003AE040D1E07900283DD035F8480F801E12
:1033E000C1B29C48FBF725FB29882A88214411F8A3
:1033F000011C224412F8022C01EB022181422AD145
:1034000086F8288089F80070F9F70DFBBDE8F05FB9
:103410000020FBF7F6BA641CA4B240213046E6F760
:10342000B5FE0028F7D08C484021A0F85240304625
:10343000E6F7B3FE002241463046E6F7FAFD0020EB
:10344000A886E885FBF7DDFAEF756F71DBF80010F1
:10345000491CCBF800101CE52F72A068401CA0602E
:10346000688F7E4CB0F5FA7F08D27D48E6F731FED2
:10347000698F6218491C6987107002E00220FBF70F
:10348000C0FA96F84F0058BB688F062805D12078FF
:10349000FF2802D16078192807D0688F08281FD12B
:1034A000607803281CD1E079D0B1688F801EC1B24A
:1034B0006A48FBF7BEFA698F6A8F214411F8011C34
:1034C000224412F8022C01EB0221814208D186F835
:1034D0002A8089F80270F9F7A6FA0220FBF791FA20
:1034E0002078552828D16078FF2825D1A078012898
:1034F00022D1607900BBA079F0B95A48017859B15E
:10350000077096F82A00072801D186F82AA05649A4
:10351000A86D08605549086096F84F0060B996F8A4
:103520002A00072808D186F82A8089F80270F9F75E
:103530007AFA0220FBF765FA494C40F227763146C9
:103540002046E6F72DFE012885D14949288F095CE0
:10355000401C28872046E6F7B8FD10F038FE288F7B
:10356000698E884214D340212046E6F70FFE0028DA
:10357000F9D040212046E6F710FE002231462046D1
:10358000E6F757FD0020288768860220FBF739FA06
:10359000EF726F72DBF80810491CCBF8081078E462
:1035A0002C490222B83991F82A00022806D00128B5
:1035B00008D0092806D081F8242051E681F8262079
:1035C000FFF799BB02204EE522490120B83981F866
:1035D0002600FFF790BB1F490022B83991F8280058
:1035E000022806D0012808D0092806D081F8242016
:1035F00036E681F82620FFF77EBB002033E51D4824
:10360000407C704770471348B83890F823007047E3
:103610004109890001F1E021D1F8003100F01F02D9
:10362000D34003F0010001239340C1F88031BFF380
:103630004F8FBFF3608F7047002909D000F01F0241
:10364000012191404009800000F1E020C0F8001104
:10365000704700005C3B0020A80202608437002015
:103660000048004098210020D821002094010060EB
:103670009035002004210020FBF719FAFEE7FBF744
:1036800016FAFEE72DE9F047FE4ADFF8FC83FF4C0F
:103690001078002688B3FE490878401CC0B2087034
:1036A000142800D91670FB4DA87800287ED0DFF8CA
:1036B000E89301287BD003287AD099F84100C0EB29
:1036C00000108000B8F814104246491CA8F81410E5
:1036D000A8F81600698BA8F818104B1C6B83814260
:1036E00064D9518B0027491CA8F81A100120F5F75E
:1036F000A3FB0020215CE9BB63E0FFE7F5F7B2FD27
:103700000700D0D0B8F84C000025401CA8F84C00A9
:10371000B8F85E004146FF2802D2401CA1F85E00C6
:1037200098F85E100420E6F7BAFFF80706D0207874
:10373000012803D00020F5F75EFD0125B80707D565
:103740006078012804D00120F5F755FD45F0020509
:10375000780707D5A078012804D00220F5F74BFDA3
:1037600045F00405F5F77EFD45EA07214246A8F835
:103770005A1000E02AE020B141F40041A2F85A10AA
:1037800004E01DB132F84E1F491C1180C3490028C6
:10379000B1F80110A8F8581085D02078012882D0FF
:1037A00060780128ADD0A078012802E01BE004E099
:1037B00005E0A6D0FBF77BF975E70A2082E7012038
:1037C00080E7401CC0B21A2894D337B1B8F81C1057
:1037D000491CA8F81C10F5F7F4FF99F8410020B136
:1037E0000220A8706E83BDE8F087AE70FAE72DE97D
:1037F000F04F8DB06821A84815F025FBA64F002496
:103800003919204603F06CFC641CE4B2042CF7D395
:1038100000246D46291904F1A30003F061FC641C27
:10382000E4B2042CF6D39DF800009DF801109DF839
:10383000032000EB01209DF80210090401EB026156
:1038400008449749421C086002D0B0F5800F0AD3A3
:1038500038787A78FB7800EB0220BA78120402EB11
:10386000036210440860F91D082003F039FC0024AD
:10387000AB460BEB040104F1A70003F031FC641C20
:10388000E4B2042CF5D3391D062003F029FC387965
:103890004FF00108FF2800D028B9414687F804807E
:1038A000062003F02CFC7F49387908707A492020E3
:1038B000273103F015FC97F827000024012801D9CF
:1038C00087F8274074492E200E3103F009FCB87B9D
:1038D000022804D3BC7300212E2003F010FC6E4993
:1038E0000E20233103F0FCFB97F823000E2801D9AA
:1038F00087F823806C4864210180C82141804FF4FF
:10390000967181804FF4C871C1804FF4FA710181C2
:103910004FF4167141814FF42F7181814FF448713A
:10392000C1814FF4617101824FF47A7141825A4929
:103930000F200A3103F0D4FBB87A052304265B4933
:103940005B4A02254FF0060A312807D397F8230077
:1039500001284AD002284DD0042850D097F82300DF
:10396000012844D0052842D0022845D0062843D05B
:1039700003284CD00A285FD0B0B3042842D00728CF
:1039800040D00C2861D0092863D00B2861D00E28C4
:1039900061D014700C70B87B10B1012800D0BC73DA
:1039A0000026B94609EB060707F10F0106F12F00C3
:1039B00003F096FB07F1190106F1330003F090FBC9
:1039C00007F11D0106F1370003F08AFB761CF6B201
:1039D000042EE7D36946FE2003F082FB9DF8000029
:1039E000FF283CD080B36FE02AE087F823300C201A
:1039F000087019E087F823A081F800A02DE00720C7
:103A000087F823000820087082F800A0C3E70E7032
:103A1000284E157096F8D70040B10320107096F824
:103A2000040128B11078401C1070B4E70B70F6E761
:103A30000878401C0870AEE781F800801570AAE78E
:103A40000A2008701470A6E709E081F800A013703E
:103A5000A1E70B7001E00720087016709BE7552165
:103A6000FE2003F04CFBE5F714FB15F0CBF915F045
:103A7000BFF981B22B2003F042FB15F0B9F981B2F6
:103A80002C2019E098200020A80202605E19036033
:103A9000992000208C210020A43A002044230020FB
:103AA000CC2000209B000060EA9503609900006034
:103AB000E22000202CC3046003F021FB15F098F9EC
:103AC00081B22D2003F01BFB00264F46B91906F1E9
:103AD0002800133103F004FB761CF6B2062EF5D352
:103AE000F87CE0B10026397E282003F008FBF97D40
:103AF000292003F004FBB97D2A2003F000FB797D27
:103B00002B2003F0FCFA397D2C2003F0F8FAF97C25
:103B10002D2003F0F4FA761CF6B2062EE3D3F87BE0
:103B200060B9387C50B9787C40B9B87C30B9C020D5
:103B3000F873A82038747C740320B87497F82A00AE
:103B4000012807D0092805D097F82800012801D0BE
:103B5000092802D1FE4981F8008069463D2003F022
:103B6000BFFA0BF101013C2003F0BAFA9DF8000006
:103B70009DF8011000EB012080B2A0F57F46A7F868
:103B80002100FF3E00D060B94FF4FB71A7F821106F
:103B90003D2003F0B4FAB7F82100010A3C2003F0FD
:103BA000AEFA6946C82003F09BFA0BF10101C92067
:103BB00003F096FA87F85340E649BF2003F090FAE5
:103BC000E449C020891C03F08BFA97F852000228C0
:103BD00005D987F852400021BF2003F090FA97F8EA
:103BE0005400022805D987F854400021C02003F072
:103BF00086FAD84987F85640C91CC42003F070FAE9
:103C0000D449C520491D03F06BFA97F855000228E6
:103C100005D987F855400021C42003F070FA97F8C1
:103C20005700022805D987F857400021C52003F026
:103C300066FA9DF800009DF8011000EB012080B2AB
:103C4000A0F57F41A7F84900FF3902D008B1FF284D
:103C50000CD14BF6C021A7F84910C82003F04FFA49
:103C6000B7F84900010AC92003F049FAB949C72049
:103C7000083103F035FA97F85A00FF2801D187F888
:103C80005A40B449E020093103F02AFA97F85B0062
:103C9000FF2801D187F85B40AE49EA20153103F0D7
:103CA0001FFA97F86700FF2801D187F86740A949F4
:103CB0001D202A390C9103F013FA97F82800A64E1C
:103CC00080B102280ED007280CD001280AD009287C
:103CD00008D087F8284000211D2003F010FA97F83B
:103CE000280030709B491E20293903F0F9F997F814
:103CF000290058B1022809D0072807D0082805D084
:103D000087F8294000211E2003F0F9F991491F206E
:103D1000283903F0E5F997F82A0080B102280ED07F
:103D200007280CD001280AD0092808D087F82A4093
:103D300000211F2003F0E3F997F82800307085492F
:103D40002220113903F0CCF997F84100FF2805D162
:103D500087F841400021222003F0D1F997F8410073
:103D60007E49421E3B2A03D23C2087F8410000E0F6
:103D700010B18D704C8300E08C7097F82300DFF851
:103D8000E09120B197F82800FF283FD040E087F865
:103D9000294097F8280060B102280AD0012808D0ED
:103DA00087F8284000211D2003F0A9F997F8280082
:103DB000307097F82A0080B102280ED007280CD066
:103DC00001280AD0092808D087F82A4000211F209E
:103DD00003F095F997F82A00B070624889F800A0BE
:103DE00061490470532003F07BF95F480178FF2993
:103DF00005D180F800A05146532003F080F900203F
:103E000003F0DDF9022003F0DAF96EE087F82850BC
:103E100097F82900FF2801D187F8294097F82A0050
:103E2000FF2802D1072087F82A0097F829000728E1
:103E300001D14E4804701D200C9903F051F997F8F8
:103E40002800FF282BD050B302280ED007280CD012
:103E500001280AD0092808D087F8284000211D2011
:103E600003F04DF997F8280030706946092003F0F7
:103E700037F90BF10101ED2003F032F99DF8010053
:103E80000C281BD289F800009DF80010814224D034
:103E9000092907D00C2920D289F800101AE087F8E8
:103EA0002850E2E70146092003F029F9304830F8AC
:103EB0005E1F491C89B2018004200CE09DF80010AF
:103EC0000C29E9D3092189F80010084603F017F9F5
:103ED00099F80010ED2003F012F9224887F82940E4
:103EE00087F82A400470204804701A49B220C91E7D
:103EF00003F0F6F897F84F00FF2805D1214687F820
:103F00004F40B22003F0FBF897F84F0098B997F8AC
:103F10002800072805D187F8285002211D2003F02A
:103F2000EEF897F82A00072805D187F82A500221D1
:103F30001F2003F0E4F817F8280F3070B878B0703D
:103F40000020A7F803000446DA460BEB440711E013
:103F500038050060F63A0020532100208C21002013
:103F600013210020142100201521002048010060A9
:103F7000A80202603E2000EB44008146394603F06F
:103F8000AFF83F2000EB4406791C304603F0A8F858
:103F900079781AF8140001EB002081B2FE4800EB9A
:103FA000440AA1F57F40AAF82D10FF3800D079B956
:103FB000FA4F37F81400010A484603F0A0F817F842
:103FC0001410304603F09BF837F81410AAF82D109F
:103FD000641CE4B2092CB7D901F072FAEE499A20B8
:103FE000443103F07DF8EC499B20453103F078F82B
:103FF000E94E0024204686F8464003F0E0F896F8A3
:1040000023000A2806D1012003F0D9F83146082000
:1040100081F829000026D94609EB060706F1B3000E
:1040200007F11801824603F05BF8387EFF2804D1BF
:104030000021504603F063F83C76761CF6B20C2E55
:10404000EAD3DFF85CB30026CA46542000EB4600F2
:104050008146694603F044F8552000EB46000746C8
:104060000AF1010103F03CF89DF801009DF80010F1
:1040700000EB0120A0F57F41FF3930D04BF836002E
:104080000AEB06035BF836201B7E03F00F0302EBFE
:1040900003424BF83620761CF6B20C2ED5D3002600
:1040A000D3466C2000EB46008246694603F018F8C0
:1040B0006D2000EB460081460BF1010103F010F882
:1040C0009DF801009DF8001000EB0120B44901EBC0
:1040D000C607A0F57F417860FF390BD013E04BF89D
:1040E00036404846002103F00AF83846002103F024
:1040F00006F8C5E7504600217C6003F000F848460A
:10410000002102F0FCFF0BEB06007968007E761CB4
:10411000000901EB0040F6B278600C2EC1D369466D
:104120000D2002F0DDFF0BF101010C2002F0D8FFA1
:104130009DF801009DF800104FF6FF7700EB01207D
:10414000B8420DD1974E4FF448710D20318002F0E6
:10415000D6FFB6F90000C0F30F210C2002F0CFFF0C
:104160009149192002F0BCFF8F480178012904D938
:1041700004700021192002F0C2FF8749072048314E
:1041800002F0AEFF844E96F84800FF2805D186F86D
:1041900048800121072002F0B2FF96F84800052868
:1041A00001D986F8485081499C2002F099FF7F4947
:1041B000087808B1FF2805D181F8008041469C208D
:1041C00002F09DFF6946E72002F08AFF5D46691C08
:1041D000E62002F085FF9DF800009DF8011000EB3D
:1041E00001200004000CA6F842000BD13946A6F8C5
:1041F0004270E72002F083FFB6F84200010AE62091
:1042000002F07DFF6946162002F06AFFA946691C8C
:10421000152002F065FF9DF800009DF80110644D27
:1042200000EB01200004000C288001D0B8420AD124
:104230004146A5F80080162002F061FF2888010A97
:10424000152002F05CFF6946EB2002F049FF9DF863
:104250000000584D01280BD040F2D240288056492A
:10426000172002F03DFF54480178FF2907D00BE0EA
:104270000121EB2002F043FF40F2D340EEE704704F
:104280002146172002F03BFF4349D620503102F06F
:1042900027FF4149CB20513102F022FF96F851000F
:1042A000FF2805D1214686F85140CB2002F027FF98
:1042B000A24686F84D4000244D46291904F1AB0072
:1042C00002F00EFF641CE4B2042CF6D39DF800004B
:1042D0009DF8011000EB01229DF802009DF80310EB
:1042E000000400EB01603549104408606946B020C5
:1042F00002F0F6FE2C46691CB12002F0F1FE9DF89A
:1043000000009DF80110B84600EB012080B2A6F82D
:104310004B0040F2FF35404500D058B92946A6F879
:104320004B50B02002F0EBFEB6F84B00010AB12072
:1043300002F0E5FE96F823000E287BD140F2271903
:104340006946484602F0CCFE4FF4947B611C584607
:1043500002F0C6FE9DF800009DF80110184F00EB1A
:10436000012080B23880404500D048B929463D80C0
:10437000484602F0C4FE3888010A584602F0BFFEE3
:1043800040F229196946484602F0AAFE4FF4957B8F
:10439000611C584616E00000A43A0020EA9503602C
:1043A0006C0501604221002011210020AF20002077
:1043B000442100204621002012210020D02000208E
:1043C000C401006002F08CFE9DF800009DF8011011
:1043D00000EB012080B27880404500D048B92946E2
:1043E0007D80484602F08BFE7888010A584602F02C
:1043F00086FE40F22B1B6946584602F071FE4FF4D0
:104400009679611C484602F06BFE9DF800009DF80D
:10441000011000EB012080B2B880404500D048B9BF
:104420002946BD80584602F06AFEB888010A48460F
:1044300002F065FEFE499D2002F052FEFC4A107813
:10444000FF2801D0012804D8FE2111709D2002F020
:1044500056FEF849D12002F043FEF64D2878553833
:10446000102833D86946D22002F03AFE611CD320CE
:1044700002F036FEA11CD42002F032FEE11CD52051
:1044800002F02EFE9DF800009DF801109DF803201B
:1044900000EB01209DF80210090401EB02610844C1
:1044A000C5F80100404511D1C5F801A00021D22076
:1044B00002F025FE0021D32002F021FE0021D420AD
:1044C00002F01DFE0021D52002F019FEDA49142069
:1044D00002F006FE6946122002F002FE611C132063
:1044E00002F0FEFD9DF800009DF8011000EBC002F7
:1044F00002EB001001EB8001A1F5D050983807D0F5
:104500004421122002F0FBFD0821132002F0F7FDE8
:10451000CA49E22002F0E4FD96F86300FF2800D0CB
:1045200010B9032086F86300C449E320491C02F057
:10453000D7FD96F86400FF2800D010B90E2086F849
:104540006400BE49E420891C02F0CAFD96F86500AB
:10455000FF2802D096F8630010B90B2086F865009A
:10456000B649E520C91C02F0BBFD96F86600FF289D
:1045700000D010B9072086F8660002F099FC694661
:10458000182002F0ADFDAE4C9DF800006946A4F87D
:104590006200E8205E3402F0A3FD9DF80000608018
:1045A0006946042002F09CFD9DF8000020800DB0BB
:1045B000BDE8F08F2DE9F0414FF4FB713D2002F092
:1045C0009EFD01213C2002F09AFD0121062002F00F
:1045D00096FD0121202002F092FD0021BF2002F073
:1045E0008EFD0021C02002F08AFD0021C42002F0CF
:1045F00086FD0021C52002F082FD0021E92002F0A5
:104600007EFD00219A2002F07AFD00219B2002F01D
:1046100076FD0024542555266C274FF06D080021A7
:1046200004F1B30002F06BFD05EB4400002102F041
:1046300066FD06EB4400002102F061FD07EB44003B
:10464000002102F05CFD08EB4400002102F057FD60
:10465000641CE4B20C2CE2D30021222002F04FFDB6
:104660000021E02002F04BFDFE219D2002F047FDDD
:104670000021C72002F043FDF3F7F3FE72B6E6F720
:1046800067FA704D002405EBC420E6F78FFA641C2E
:10469000E4B2402CF7D3E6F761FA62B600206A4A2A
:1046A00001211154401CC0B21A28FAD367480322D2
:1046B00082700175BDE8F081654810B502784178D7
:1046C000807812B1FF2A03D006E029B930B103E0A7
:1046D000FF2901D1FF2801D05D480FE0574863381A
:1046E00090F82300092804D00B2804D00E2804D009
:1046F00006E058A002E059A000E05AA0EAF787FCC3
:104700000DF064FF5A4908200BF0F9FA59490020CE
:104710000BF0F5FA58480BF0EFFA58490C200BF063
:10472000E5FA57490E200BF0E1FA56490F200BF03D
:10473000DDFA554910200BF0D9FA544800680DF005
:104740004CFF0BF06EF852490820087051490420C4
:10475000087051490E200870504903200870EAF78C
:1047600024FEEAF74BFEBDE81040EAF770BE374979
:1047700001208883704731490020633981F84E0059
:10478000324908847047DFF8188186B0012688F81E
:10479000436000200EF0BEFB4248284D0024633DDC
:1047A000047095F82A00404F012808D0092806D047
:1047B00095F82800012804D0092802D007E002203B
:1047C00000E000200FF0E0FC38483E7006701F4FFC
:1047D00085F84E60DFF8D8A03C843648BC838AF860
:1047E0000040047034488670067034488480048029
:1047F0007C840020FAF705F9DFF8C4B0A946314DF2
:104800002878012804D002286DD0032870D08BE0CE
:10481000002002F0D4FC99F828004F46012801D06E
:10482000092859D1284804802448048007484DE0CD
:10483000AE20002078210020B0200020073B00207F
:10484000A8020260000006085E1903608C210020A7
:1048500018E70260547374617431300054332D4F83
:10486000454D000054332D4F454D2D313249000048
:10487000653F03081F3B0308354103087D3E0308DD
:10488000BF4D0308AD3F030899500308CC2000201A
:104890003D0500603C0500603A23002048050060AB
:1048A0009095036084010060380500603823002083
:1048B00002210020A1200020C8200020D8200020B4
:1048C0003C040360072100204C2100204484F94867
:1048D00006700020E9F7CCF897F82800022800D0ED
:1048E00008BB00201DE0012002F069FC1BE0FFE78F
:1048F000022002F064FC99F82A004F46012801D0FA
:10490000092808D1EC480480EC488480E948867086
:104910000020E9F7ADF897F82A00022800D010B976
:104920000220FAF76EF82C70E548E64D42F6E06892
:10493000C189491CC18107206872288C411C2984C7
:10494000404502D389F84E602C8499F828004F46E0
:10495000092810D001280ED097F82A0009280AD07B
:10496000012808D0287B00287FF449AF41F2883025
:10497000E9F763F843E70520E7F781FDA88BB0FB73
:10498000F8F208FB120141B197F84E10B94601291F
:1049900017D0697B012914D0BFE097F84E00012899
:1049A00002D0687B01280AD1287B08B9C648067066
:1049B000687B411C6973022801D9AC736C73AC83AA
:1049C000ABE0C821B0FBF1F201FB1200297B0843E8
:1049D0007ED1BE4F3878802810D29AF80010012975
:1049E000C0EBC0011AD0BA4800EB8100817E491C9F
:1049F000C9B281760A2901D98476C472B84638785A
:104A0000EFF7B9FCB349387068790978884248D221
:104A10002B2101FB00B18A7CDAB136E0DFF8B082ED
:104A2000002308EB81006A46C1788078F3F72AFFFB
:104A3000401C06D005229DF800002B2100FB01B090
:104A4000C2743878C0EBC00108EB81008476C6726E
:104A5000D4E7D1F80520C2B94A7D521C4A758AF8BC
:104A60000040EBF7EFF89C496879087002E0C82035
:104A7000E8F7E3FF9AF8000020B938467F1CFFB240
:104A80001428F4D3FF2188F8001068792B2100FB4B
:104A900001B0417D052904D90168C0F805104475AD
:104AA000847268798B49401CC0B268710978884269
:104AB00000D96C7198F80000FF282ED0874909783A
:104AC00031B199F84E10012904D0697B012900E029
:104AD00019E022D17E4F8AF80040C0EBC00007EBFE
:104AE000800000947E4A037DB0F81710407D127854
:104AF000F1F718FA002807DB98F80010C1EBC101A4
:104B000007EB8101487608E098F80000C0EBC00090
:104B100007EB8000817E491C8176A88B401CA8830E
:104B2000E87A00287FF426AF654900234FF4167217
:104B30006E3101A800940DF023FD02003FF41AAF7E
:104B40005F4900236E3101A80FF052F857E65D4C23
:104B500000205B4D207060706062A0622083E07373
:104B600020740126E06285F83D606083FA20E7F753
:104B700086FC288808B9E4F704F96888401C688036
:104B80006672A079800703D102F03BFAE6F799FA42
:104B9000A079401CA071E9E730B4524B4FF47A740D
:104BA000514A186890FBF4F092F86710C0B201F017
:104BB000FC0182F86710032802D8014382F86710CD
:104BC000586801F0F30190FBF4F0C0B282F867106E
:104BD000032803D841EA800082F86700986892F8B9
:104BE000671090FBF4F0C0B201F0CF0182F86710BB
:104BF000032803D841EA001082F86700D86892F8C9
:104C0000671090FBF4F0C0B201F03F0182F867102A
:104C1000032803D841EA801082F8670092F86710F1
:104C200030BCEA2002F06BBA2F4890F82300092824
:104C300001D00B280DD12D482DA10A6802604A68C9
:104C40004260097A01720421A0F809102A49254816
:104C50000860704770B50024194D2646281990F851
:104C60003C1001290DD105EB44010A88CB8B9A42F7
:104C700003D0CA8380F84B6003E010F84B1F491C37
:104C8000017095F84C0014280FD91C4830F8601FAB
:104C90004A1C0280E82002F032FA0A20E8F7CDFE32
:104CA000084985F84C6001200875641CE4B20F2C9B
:104CB000D4D370BDC82000203E210020D820002081
:104CC000909503608C21002038230020840100602F
:104CD000ACF40260B620002001210020B3200020A7
:104CE000AF20002018C70260A43A002068C6026006
:104CF00049434F4E0000000098160360A80202606E
:104D00000EB5F84D0024F84E6C75EC742C756C746F
:104D1000AC74012086F84A00EC70F4482C71EC83E6
:104D20004FF47A7700680DF058FCF1494FF4167093
:104D30000880FFF779FFBB46DFF8B883DFF8B89348
:104D4000EE4F4FF00E0A5846E7F799FBB08B401C28
:104D5000B08385F809A0ECF77DFB286CA8F810005B
:104D6000696CA8F81210484501D8494501D92C644E
:104D70006C64F3F7CDFEF3F794FE00F028FF04F027
:104D80005AFBF9F7B1FDEAF7CDFEECF778FB38787E
:104D900008B1401E3870F3F7F1FCEFF760FC287D96
:104DA000012805D1F4F748F8F4F70BFDF9F77FFE79
:104DB000A87A01280ED1D24801784278CDE90021A5
:104DC00002948378C27841798079E6F783F9E6F72F
:104DD00078F9AC72F9F76DFDE87801280CD12879E3
:104DE000401CC0B22871052806D9C6480068E7F7FC
:104DF0004DFC0220E8702C71A87D3C2802D2401C9A
:104E0000A87502E0AC75EBF7D1F9E87C012802D176
:104E1000FFF7D0FBEC74FFF71DFFFEF733FC92E7C2
:104E200070B5002805D0AF4AD179814202D2491C21
:104E3000D1713EE70020D071AB48B34B103800F57C
:104E40003675996804680C1B2C601B6844681C1B31
:104E50006C608468126C141BAC60AC4CC66824682F
:104E6000A61BEE60C0E90013C0E9022421E710B5DB
:104E700045F25550E3F77CFF0520E3F77CFF4FF444
:104E80007A60E3F77BFFE3F77CFFBDE81040E3F7D0
:104E90007DBF08B501218020E4F795F88020ADF8AA
:104EA000000003208DF8020010208DF803006946F1
:104EB0009748E3F782FE08BD2DE9FC4195480024A0
:104EC000954904600803E3F709FB01210D20E4F78D
:104ED0007AF801219148E3F7FBFE4FF4C045ADF8A5
:104EE000005010208DF8030003208D4E8DF8020035
:104EF00069463046E3F761FE29463046E3F7C9FECE
:104F00004FF4A060E3F7B6FA01212020E4F75BF844
:104F10004820E8F75FFD02F0E1F87649002021F82B
:104F20001040401C80B23228F9D301F0F8F84FF459
:104F3000E130E8F7D5FB2720E5F790FB794D7A4E75
:104F4000552857D00021DB2002F0D9F80021DC20C1
:104F500002F0D5F80021DD2002F0D1F80021DE209A
:104F600002F0CDF82C6000212720E5F798FB5D4981
:104F70002620083102F0B4F86B490E20233102F0EC
:104F8000AFF8E6F709F95A21574813F05CFFF3F739
:104F900068FAFEF72CFCF6F7BDFEF7F788FEF4F78B
:104FA000EDF9F4F780FEF7F7CDF940F2CF21642058
:104FB000E5F792FF5D490120087006F0BBFA5C48F6
:104FC00090F80901022801D0F0F7D6FAEEF75BFC61
:104FD000F3F75EF8F3F769F8FDF770FD55480470D4
:104FE0000A2003F0ADF896F8230009282FD00B28EB
:104FF0002DD034E06946DB2002F072F86F46DC20E9
:10500000791C02F06DF8B91CDD2002F069F8F91C7A
:10501000DE2002F065F844490F200A3102F060F802
:105020009DF800009DF801109DF8032000EB012081
:105030009DF80210090401EB026108442860B17A6E
:10504000422901D20A3000E0C01C28608BE705200D
:10505000F6F73CFEF5F7E0FA042004F007FA2149E0
:10506000022034310023CDE90001C20132A1AFF2A8
:105070002150E7F78EF8FFF71FFB0C20FDF710FD1E
:105080000320F9F7B7FB17490B2030314FF40064C8
:10509000CDE90001002322462AA1AFF61510E7F75B
:1050A00078F8104908203831CDE900010023224664
:1050B00029A12E48E7F76DF80A490D203C31CDE9CA
:1050C000000100234FF47A7229A1AFF2CB30E7F749
:1050D00060F8052001F0E3FCBDE8FC41E7F749BBBF
:1050E000704700008C21002090950360CC200020A8
:1050F00088210020A80202603F420F00A12000206A
:10510000442300205C0100607087036000220020BF
:10511000001C01405C2100200080000800043000D9
:105120000008014060210020A43A0020B82200209D
:105130006E0D02603F010060436F6D6D6F6E5F74B6
:1051400061736B004D61737465725F4E6F64655F70
:105150007461736B000000004241435F436F6E74E3
:10516000726F6C5F7461736B00000000810E010848
:105170006D6F6E69746F725F7461736B0000000015
:10518000574B10B59A7B0E21824202D94FF4AF6083
:1051900010BD491EC9B25C5C2244824217D9101A64
:1051A00064225043E2B290FBF2F0042901EBC10209
:1051B00002EB011100EB810004D3A0F5C870C0F32D
:1051C0000E0010BDC0F5C87040F4004010BD0029AD
:1051D000DFD148F2E83010BD70B51E4604001AD089
:1051E000012C1AD03F4E022C2CD0032C01D0052CC0
:1051F00027D1084614F0FBF9314614F026F83A4955
:1052000013F0F1FF14F01FFA182828DC052C2FD01A
:10521000032C2BD02DE0C81812E00846FFF7B0FF92
:10522000010402D5C0F30E0040423049497A31B141
:1052300000EBC000052190FBF1F000F5A0703044B8
:10524000803870BD084614F0D2F9314613F0FDFFE6
:10525000274913F0C8FFBDE8704014F0F4B91A28CC
:1052600007DB052C02D0032C02D002E0002500E071
:105270000125284670BD10B580211E4813F0E3FDBE
:105280001C484021803013F0DEFD1A484021C03018
:1052900013F0D9FDBDE810402021174813F0D3BD0D
:1052A00030B5144C803C54F82030CA1A642A02DA13
:1052B00012F1640F02DC03EB62010DE0C0EBC002EF
:1052C00002EB00150D4A02EB450292F9222002FB87
:1052D0000311521C91FBF2F144F82010084630BD36
:1052E0009F41050800C07F4400004842A43A0020C6
:1052F0000000C842E8980360E89903603653002034
:105300007FB501214120E3F75EFE4FF4F044ADF894
:105310000C4048208DF80F0003208DF80E0003A9E3
:10532000FE48E3F74AFC0E210420E3F7FAFC0B21C8
:105330000420E3F7F6FC0C210420E3F7F2FC0D2136
:105340000420E3F7EEFC009400248DF804400C20C8
:105350008DF8050001258DF806506846E3F770FBCF
:1053600028208DF808008DF809408DF80A508DF836
:105370000B5002A8E3F783F8E94890F82310E948B6
:105380000E2904D0046244628462C4627FBD046357
:1053900044638463C4637FBD2DE9F041E24F386804
:1053A000DF4EE04DE14C00051DD5F814E3F7A6FBF8
:1053B00096F823000E280FD00020C0EBC00101EBAF
:1053C000001104EB410191F89D11192906D00F2914
:1053D00004D01D2902D006E00420EEE705EB800092
:1053E000016A491C01623868C00422D5D049888D01
:1053F000401C88854FF48050E3F780FB96F823002B
:105400000E280FD00020C0EBC00101EB001104EB0F
:10541000410191F8CB11192906D00F2904D01D297B
:1054200002D006E00420EEE705EB8000416A491C4B
:105430004162386880041ED54FF40050E3F75EFBEC
:1054400096F823000E280FD00020C0EBC00101EB1E
:10545000001104EB410191F8F911192906D00F2927
:1054600004D01D2902D006E00420EEE705EB800001
:10547000816A491C8162386840041DD54FF4804020
:10548000E3F73CFB96F823000E2817D00020C0EB72
:10549000C00101EB001104EB410191F82712192919
:1054A00005D094F827220F2A01D01D2904D105EB3D
:1054B0008000C16A491CC162BDE8F0810420E6E7B2
:1054C00070B5974C9B4D002094F8233004EB4001BD
:1054D00091F82D2091F82B10511A29540E2B11D12F
:1054E000944A323202EB400132F810204E88B61A4C
:1054F000904A0A3222F810600E8BC98A02EB4002F1
:10550000711A9182401CC0B20A28DFD370BD10B559
:1055100000281AD04FF47A73984215D26422B0FB57
:10552000F2F1B0FBF2F402FB1400824CC9B2645CED
:105530006043B0FBF2F07A4A02EB4101B1F82B1064
:10554000084480B2984200D9184610BD70B505468F
:10555000C2B14FF47A74A24212D26423B2FBF3F0C8
:10556000B2FBF3F6C0B203FB162231F8101035F887
:1055700010004A43B2FBF3F1084480B2A04200D9C4
:10558000204670BD002070BDF0B5654900256A4C0D
:105590006A4ECB7991F8232005280ED0684F01215F
:1055A000022814D003281ED0012828D00E2A34D077
:1055B000042B32D2C6F8941131E00E2A01D0042B0C
:1055C00002D3C4F8B451F0BDC6F89451F0BD0E2A10
:1055D00004D0042B02D2C6F8941101E0C4F8B4112F
:1055E000C7F88C1116E00E2A04D0042B02D2C6F89C
:1055F000941101E0C4F8B411C7F88C5111E00E2ADF
:1056000004D0042B02D2C6F8941101E0C4F8B411FE
:10561000C7F88C51C7F88851F0BDC4F8B411C7F869
:105620008C11C7F88811F0BD464909785539102901
:105630002DD844490228D1F8011013D0032813D0E3
:10564000042816D0052816D0062816D0072816D00C
:10565000082816D0092816D00A2816D00B2807D1FA
:10566000080502E0480700E0080700280FDB0020DB
:105670007047C806F9E78806F7E74806F5E7080621
:10568000F3E7C805F1E78805EFE74805EDE70120F6
:105690007047F0B50320FFF7C7FF244A204D0023D1
:1056A00010B32948A0210171322141710521817176
:1056B00095F823000A210B2808D00E280DD082F877
:1056C000271282F8223282F8203217E082F8DF12A5
:1056D00082F8DA3282F8D83210E082F8971382F832
:1056E000923382F8903309E095F823000B2832D0EA
:1056F0000E2835D082F82732C2F818320220FFF780
:1057000093FF03210124002895F8230037D01B269E
:105710000B282AD00E282DD018E0000000180140D8
:10572000A43A002040950360140401403653002041
:10573000A80202606C4300200000244200002142C5
:1057400000002242782100209801006082F8F9616F
:1057500082F8F44119E082F8DF32C2F8D032CDE7A6
:1057600082F89733C2F88833C8E782F8B16282F8CA
:10577000AC4212E082F8696382F8644315E00B28BA
:1057800009D00E280FD082F8F931C2F8EA3192F828
:105790009D01D0B11DE082F8B132C2F8A23292F878
:1057A000550240B115E082F86933C2F85A3392F8D5
:1057B0000D0328B10DE082F8551282F8504208E03E
:1057C00082F80D1382F8084303E082F89D1182F8F5
:1057D00098410420FFF728FF1927002895F8230097
:1057E0001DD01C210B2805D00E280BD092F8550295
:1057F00080B14FE092F80D03F0B982F80D1382F8F2
:10580000084317E092F8C50328BB82F8C51382F855
:10581000C0431EE082F8551282F8504205E00B2882
:1058200006D00E2813D082F85532C2F8463231E045
:1058300082F80D33C2F8FE320020C0EBC00101EB4C
:10584000001102EB410191F89D612EB108E082F850
:10585000C533C2F8B6330BE081F89D7181F89841E9
:10586000401CC0B20428E8D395F823000E2811D1BB
:105870000020C0EBC00101EB001102EB410191F8E7
:1058800055621EB981F8557281F85042401CC0B271
:105890000428EED30620FFF7C7FE002895F8230062
:1058A00013D01E210B2806D00E2809D082F8CB1168
:1058B00082F8C6410FE082F8831282F87E421FE030
:1058C00082F83B1382F836431FE00B2816D00E28CF
:1058D00019D082F8CB31C2F8BC310720FFF7A4FE03
:1058E000002895F823001DD022210B2810D00E2867
:1058F00013D082F8831282F87E4219E082F8833254
:10590000C2F87432E9E782F83B33C2F82C33E4E79B
:1059100082F83B1382F836431FE082F8F31382F8D3
:10592000EE431FE00B2816D00E2819D082F88332E0
:10593000C2F874320820FFF777FE002895F823009C
:105940001DD021210B2810D00E2813D082F8B112BF
:1059500082F8AC4219E082F83B33C2F82C33E9E715
:1059600082F8F333C2F8E433E4E782F8691382F88B
:1059700064430FE082F8211482F81C440FE00B28E6
:1059800006D00E2809D082F8B132C2F8A232F0BD9A
:1059900082F86933C2F85A33F0BD82F82134C2F874
:1059A0001234F0BD1FB54FF40040E3F7A0FA012117
:1059B0004802E3F708FB00208DF8040000908DF802
:1059C00005004FF46021CDF80610CDF80A0005203F
:1059D000FF4C8DF80E0069462046E2F7BFFD052317
:1059E00001220B212046E2F73DFE052302220F2172
:1059F0002046E2F737FE0523032208212046E2F77E
:105A000031FE0523042209212046E2F72BFE05235F
:105A10001A460A212046E2F725FE01212046E2F738
:105A2000C9FD2046E2F7E3FD2046E2F7E5FD002848
:105A3000FAD12046E2F7E7FD2046E2F7E9FD00282B
:105A4000FAD101212046E2F7EAFDFFF722FE1FBD51
:105A50002DE9F84301214FF46770E3F7B4FA1C20F5
:105A6000ADF800001025DB4F8DF8035003244FF0F4
:105A700000088DF8024069463846E3F79EF8D6489C
:105A8000D64E90F823100E2915D0C079042837D2AD
:105A9000E020ADF800008DF80350D14D8DF80240A4
:105AA00069462846E3F789F8C0212846E3F7F1F86C
:105AB0002021284638E04EF24000ADF800008DF875
:105AC00003508DF8024069463046E3F776F84CF211
:105AD00040013046E3F7DDF84FF400513046E3F77C
:105AE000D8F8ADF800508DF803508DF802406946A3
:105AF0003846E3F762F810213846E3F7CAF815E0B4
:105B00004FF46040ADF800008DF803508DF802406E
:105B100069463046E3F751F84FF4C0413046E3F7A9
:105B2000B8F84FF400413046E3F7B1F8ADF8004063
:105B30008DF803806946AB48E3F73FF8BDE8F8838A
:105B400070B50D46144606460221E2F766FE0523AF
:105B5000224629463046E2F785FD01213046E2F72C
:105B60005EFD02213046E2F751FE0028F9D03046B2
:105B7000BDE87040E2F7BABD9B4B10B55988814231
:105B800001D9322010BDD98C814201D25A2010BDDA
:105B9000002103EB81025488844212D8D4888442C5
:105BA0000FD903EB810433F82110A4885388641AB9
:105BB000C01A4443D088C01A94FBF0F00844C0B225
:105BC00010BD491CC9B20929E3D3002010BD00B59E
:105BD0000320FFF729FD002816D07F48824B0022C2
:105BE00090F823008149323B0B280ED091F8200217
:105BF000012809D1588A002806D0401E0004000C54
:105C0000588201D181F8202200BD91F8D8020128E4
:105C1000FAD1588A0028F7D0401E0004000C5882A0
:105C2000F2D181F8D82200BD2DE9F05F4FF0000BD2
:105C3000DFF89CA1D9465F465C465D465E46D84685
:105C400001220B215046FFF77BFF814401220F21E7
:105C50005046FFF775FF0744012208215046FFF721
:105C60006FFF0444012209215046FFF769FF0544F4
:105C700001220A215046FFF763FF40F24241884269
:105C800004D9761CF6B2A0F2424008E0B0F54D7F90
:105C900004D2761CF6B2C0F54D7000E000208344BB
:105CA0000120E7F7CAFE08F1010000F0FF08B8F193
:105CB000640FC5D34FF4C878B9FBF8F14A483238BD
:105CC0004078FFF7EDFA814643484FF0640A90F8B8
:105CD00023000B2820D0B7FBF8F10E282DD0082088
:105CE000FFF7DEFAD046B4FBF8F107460D20FFF7C8
:105CF000D7FAB5FBF8F182460B20FFF7D1FA8046C0
:105D00000820FFF791FCDFF8E8C0384D0024A8B365
:105D100016B3BBFBF6F020E0B7FBF8F10C20FFF761
:105D2000BFFAD046B4FBF8F107461120FFF7B8FAE6
:105D3000B5FBF8F182460F20DFE71020FFF7B0FA3D
:105D4000D046B4FBF8F107461520FFF7A9FAB5FBDA
:105D5000F8F182461320D0E7002080B2FFF70CFF55
:105D60001D4991F823100B2909D00E294FF47A719F
:105D700000FB01F009D0C5F8A20215E008E04FF4DD
:105D80007A714843C5F85A030EE0C5F8120488E05A
:105D9000114890F823000B2804D00E287FD0C5F8B6
:105DA000A24201E0C5F85A430F490B4832394978FD
:105DB0002CF8119090F823000B286ED00E286DD08F
:105DC000ACF81070084F323F7878401CC0B211E038
:105DD0000024014000100140A43A002000200140AE
:105DE00000080140000C0140CA0100603653002049
:105DF0006E050260FE4E787096F823100E297CD056
:105E000000F0070078700720FFF70EFC00B396F84B
:105E100023000A233F22DFF8DC9340F6FF710B28B2
:105E200072D00E286FD040F6B8320AFB02F0B0FBF9
:105E3000F1F013F0E5FBF04913F0D5F9494613F002
:105E4000D2F9EE4913F001FA13F0FDFBC5F8740224
:105E50000320FFF7E9FBEA4AEA4B012100287DD045
:105E600040F6B83C08FB0CF049F6D87CB0FBFCF8D7
:105E7000A7F8148096F82380B8F10B0F72D0B8F110
:105E80000E0F6DD0B0FBFCF095F82282B8F1000F38
:105E900067D0C5F81802A9E001E02BE025E0C5F8BD
:105EA0001244D948D84940782C31012806D002281C
:105EB0000CD0072812D02CF8109016E00888C9EBF7
:105EC0008922B2FBF0F0ACF802000EE04988C9EB81
:105ED0008920B0FBF1F0ACF8040006E08988C9EB3A
:105EE0008920B0FBF1F0ACF80E00ACF8207069E747
:105EF00003E009E0ACF8187064E70C21B0FBF1F2A4
:105F000001FB12007EE714E0BAFBF3F040F6B83371
:105F10005843B0FBF1F064214843B0FBF2F013F0BA
:105F20006FFB494613F05FF913F08DFBC5F82C03A6
:105F30008EE7BAFBF3F040F6B8335843B0FBF1F00C
:105F400064214843B0FBF2F013F05AFB494613F0CA
:105F50004AF913F078FBC5F8E40379E742E001E081
:105F600017E02DE0B0FBFCF095F8DA82B8F1000FF5
:105F700002D0C5F8D00239E097F804C0B0EB0C00AD
:105F800000D5404297F805C060452FDD85F8D8124E
:105F900022E0B0FBFCF095F8926316B1C5F88803D7
:105FA0002EE03E79801B00D540427E79B04227DD4D
:105FB00085F89013B879C0EB0010800078821FE05C
:105FC00097F804C0B0EB0C0000D5404297F805C02C
:105FD00060450BDD85F82012B879C0EB0010800019
:105FE000788203E096F823000E2809D07D78874850
:105FF000082D61D2DFE805F0494C555867727D885D
:1060000078780C2858D2DFE800F006091013181B26
:1060100020232C2F3437C2F8B84101E0C2F8B81160
:10602000C2F8BC41C3F8904118E0C2F8B84101E0A1
:10603000C2F8B811C2F8BC11F4E7C2F8B84101E0E7
:10604000C2F8B811C2F8BC4106E0C2F8B84101E09C
:10605000C2F8B811C2F8BC11C3F89011C2F8984147
:106060002AE0C2F8B84101E0C2F8B811C2F8BC4158
:1060700006E0C2F8B84101E0C2F8B811C2F8BC119C
:10608000C3F89041C2F8981116E0C3F890411CE0A3
:10609000C3F8904124E0C0F89C410DE0C2F8BC4137
:1060A0000AE0C3F8904126E0C3F890412EE0C0F822
:1060B0009C1101E0C2F8BC1155487978405CBDE8FC
:1060C000F05FFFF761BAC3F89011F179042902D2A9
:1060D000C0F89841DFE7C2F8B841DFE7C3F8901194
:1060E000F379042B02D2C0F89811D4E7C2F8B811A2
:1060F000D4E7C3F89011F379042B02D2C0F8984189
:10610000D5E7C2F8B841D5E7C3F89011F379042B6D
:1061100002D2C0F89811CAE7C2F8B811CAE72DE94F
:10612000F04F89B001214C20E2F74DFF4320ADF83C
:1061300000001026374D8DF8036003248DF80240CF
:1061400069462846E2F739FD43212846E2F7A1FDDA
:106150003020ADF80000304F8DF803608DF802401C
:1061600069463846E2F729FD30213846E2F791FDCD
:106170001F480025DFF8A49090F823004FF0180B7B
:106180004FF080480E287BD001210520E2F724FF44
:1061900001210920E2F717FF01212148E2F798FDCC
:1061A0004FF47060ADF800008DF803B08DF8024038
:1061B00069463846E2F701FD4FF47A70ADF81800F1
:1061C000ADF81450ADF81A50ADF8165005A9444674
:1061D0004046E3F7A1F905A94D464846E3F79CF987
:1061E0007021ADF804100121ADF80610022019E06D
:1061F000A43A002000007A440000C84200007C421B
:106200000000244200002242980100600000214268
:10621000B65E002000180140000C0140000800405C
:1062200000031800ADF80C0001A92046E3F71EFAA0
:1062300001A92046E3F754FA01A92846E3F716FA24
:1062400001A92846E3F74CFA08212046E3F704FDAC
:1062500008212046E3F706FD08212846E3F7FCFC69
:1062600008212846E3F7FEFC01212046E3F7FCFB6A
:1062700001212846E3F7F8FB09B0BDE8F08FFFE7FE
:106280004FF4007AADF800A08DF803608DF802405D
:1062900069463846E2F791FC51463846E2F7F9FC88
:1062A0008020ADF800008DF803608DF8024069464B
:1062B000FE4E3046E2F781FC80213046E2F7E9FCF1
:1062C00001210520E2F788FE01210920E2F77BFE8B
:1062D0000121F748E2F7FCFC4FF45060ADF80000F4
:1062E0008DF803B08DF8024069463846E2F765FC48
:1062F0004FF47A70ADF81800ADF81450ADF81A509C
:10630000ADF8165005A944464046E3F705F905A93E
:106310004D464846E3F700F97021ADF8041001211D
:106320000220ADF80610ADF80C0001A92046E3F7F5
:106330009DF901A92046E3F7D3F901A92846E3F71F
:1063400095F908212046E3F787FC08212046E3F76A
:1063500089FC08212846E3F77FFC85E710B5012872
:1063600007D002280AD00846FFF7D1F80446204695
:1063700010BD0A46CF4901F1280004E00A46CD4984
:10638000143101F12A00FFF7E1F8F0E72DE9F041BF
:10639000C94D0446C94E2878CA4F2044C0EB0011AD
:1063A00001EB4101314491F82320C54931F8100037
:1063B0006AB197F823100E2911D0FFF7A8F897F8C3
:1063C0002330C149C14A0E2B0ED0ACB119E0B0F553
:1063D000007F02D3B7F83F00F1E70020EFE7014666
:1063E0002046FFF7BBFFEAE70988CB0709D0090A77
:1063F0008C4206D1108804E00988012900D1108858
:10640000108029782144C1EB011101EB4101314495
:1064100091F8281001B900204FF0804264B1012C9E
:1064200004D0AB4A022C07D0032C0BD1BDE8F041BD
:1064300001461046E3F71FBDBDE8F0410146104696
:10644000E3F717BDBDE8F0810EB59B4BA3490020D3
:106450001A780978E8469F4D9F4E01240A4409E0C6
:10646000C0EB001101EB410C9449401C6144C0B2E7
:1064700081F824408242F3D83220E6F700F88E4BB0
:1064800000221146104693F800E03BE0C0EB0013F9
:1064900003EB430C894B634493F823C0BCF1000F1A
:1064A0000DD093F82CB038F810C00BEB8B03BCEB7D
:1064B000830F0BD20CF1010C28F810C008E0804BC0
:1064C00033F81030B3F5007F13D216E028F810200F
:1064D000DFF8ECC13CF810C00BFB0CF303EB8303BB
:1064E0009B0040F2FF3CB3FBFCF338F810C063455F
:1064F00003D904FA00F3194302E004FA00F39943C4
:10650000401CC0B27045C1D3754B186881423CD065
:106510001960187800274FF0010AC10702D0C5F8AA
:10652000804101E0C5F88021810702D5C5F884418A
:1065300001E0C5F88421410702D5C6F8904101E089
:10654000C6F89021010702D5C6F8944101E0C6F8CB
:106550009421C10602D5C5F8984101E0C5F89821FB
:10656000584991F823100E2912D1810602D5C6F898
:10657000A44101E0C6F8A42140065A4802D5C0F85B
:106580009C4105E0C0F89C2102E0BAF1000F3ED02A
:106590007F1CFFB2C82F3AD918784FF0000A57462F
:1065A000C10702D0C5F8804101E0C5F8802181070C
:1065B00002D5C5F8844101E0C5F88421410702D520
:1065C000C6F8904101E0C6F89021010702D5C6F84F
:1065D000944101E0C6F89421C10602D5C5F898415E
:1065E00001E0C5F89821374991F823100E290ED102
:1065F000810602D5C6F8A44101E0C6F8A4214006F0
:10660000384802D5C0F89C4101E0C0F89C21052122
:10661000B9FBF1F201FB129109F1010000F0FF0951
:1066200000297FF429AF0020FFF7B0FE0120FFF71B
:10663000ADFE0220FFF7AAFE0320FFF7A7FE1BE72F
:106640002DE9FF5F9A4691460846DDF838B012F012
:10665000CEFF254912F0F9FD13F05AF815F078F83D
:1066600013F069F80546009812F0CFFFDFF87C8040
:106670000E4604460022434612F0D8FE13F05BF8A3
:106680000746204631461A4A1A4B12F028FE0446A5
:106690000E46384613F03CF82246334612F038FFD7
:1066A00013F049F80146284626E00000002001408A
:1066B0000003180076430020990000602CC304609A
:1066C0006E060260A43A0020482100202421002008
:1066D000000800400000234200802142E220002008
:1066E000B80100600000244200007A4400A031405C
:1066F000CDCCCCCCCCFCA24012F01DFD13F008F8A0
:106700000E4604460022434612F08DFE05460F4613
:1067100020463146FD4AFE4B12F088FE2A463B4693
:1067200012F0F6FE13F007F8FA4D0446294612F06F
:106730005AFD12F088FFA9F80000204612F0E8FF89
:106740000E460446F44AF54B12F070FE12F0F3FFC9
:10675000074620463146F24AF24B12F0C0FD12F0D5
:10676000EAFF0146384612F070FD12F0D1FF0246F2
:106770000B460020EC4915F0CFF912F0DCFF12F0C7
:10678000C7FFEA4AEA4B12F051FE12F0D4FF04466A
:10679000294612F028FD12F06FFFAAF800002046EB
:1067A00012F0B6FFE34AE44B12F040FE12F0C3FFD2
:1067B00006462146E14812F010FD0146304612F02F
:1067C00044FD0646294612F00EFD12F055FFABF8C7
:1067D0000000304612F09CFFD94ADA4B12F026FE38
:1067E000D94ADA4B12F07BFD12F0A5FF0446D849D6
:1067F000304612F0F8FC0546009812F0F8FE2146EB
:1068000012F0F1FC294612F096FC12F035FF0F99B8
:106810000880BDE8FF9FF8B5CE4CE078012848D04D
:10682000E5F728FCC0B200287DD1CB48CC4FCD4D38
:1068300090F82310C9484FF47A720B2943D0008A8C
:1068400090421BD995F8990195F89B11002895F86D
:106850009C0100EB01204FF0640100FB01F07DD0B2
:1068600012F0CEFE06463946A06912F0BCFC314655
:1068700012F0B3FC12F0E7FEC5F88E0195F8F501B1
:1068800095F8F711002895F8F80105F5F57500EB76
:1068900001204FF0640100FB01F043D012F0B0FE84
:1068A00006463946E06912F09EFC314612F095FC2E
:1068B00044E0A84932201C31009001230022081F27
:1068C000E5F734FAAFE7008B90421BD995F85102F7
:1068D00095F85312002895F8540200EB01204FF070
:1068E000640100FB01F02ED012F08AFE0646394604
:1068F000A06912F078FC314612F06FFC12F0A3FE92
:10690000C5F8460295F8AD0295F8AF12002895F843
:10691000B00205F2A22500EB01204FF0640100FB5C
:1069200001F0BBD100E00CE012F06AFE06463946E9
:10693000E06912F058FC314612F0FDFB12F083FEC4
:106940002860F8BD0AE012F05BFE06463946A069F1
:1069500012F049FC314612F0EEFBCFE712F050FE88
:1069600006463946A06912F03EFC314612F0E3FBC0
:1069700080E7F8B54520E5F764F800243226754D28
:106980000127744901231C310022081F0096E5F7F6
:10699000CDF900B9EF70641CE4B20A2CF1D3E878A9
:1069A000012804D00020E870E5F74CFBE8706E4940
:1069B000C0B20A308885C4E71CB5FFF749F8FEF776
:1069C000F1FFFFF7D6FF07F020FC634890F82300A3
:1069D0000B2801D00E2801D1FEF792FC0420FEF70F
:1069E00023FE08B107F014FF5A4D00205E4E2881A7
:1069F0006881A881E8812882B08A401CB082022088
:106A0000FEF712FE10B1308B401C3083FFF703FFFE
:106A10000620FEF709FE08B107F01EFC0420FEF771
:106A200003FE50B1A8781421B0FBF1F201FB120172
:106A3000401CA87009B907F001FFFFF7F5F8052C15
:106A400002D2641CE4B201E001202870E86910F071
:106A5000FF4FD1D012F0F7FD07B2A86912F0F3FD95
:106A60003C4A00B21032911ECDE900128B1E8A1FE3
:106A70003946FFF7E5FDB5F9080012F0C6FD002222
:106A80003A4B12F0D3FC0022394B12F041FD0022A8
:106A9000384B12F024FC12F003FE6881ACE71CB501
:106AA0000446FFF73CFB2B484FF4FA722430CDE943
:106AB0000040002330A1AFF2FF00E5F76AFB254854
:106AC00000232830CDE90040C8222EA1AFF2876014
:106AD000E5F75FFB1F490020203108601CBD10B5A1
:106AE0001C4986B02A4CC979002001EB41016A4655
:106AF00003AB04EBC1010C5C14540C18A47A1C54B5
:106B0000401CC0B20A28F6D3194643E0E17A14AE1D
:106B100047616E4000002041C03FA54A945D1E4081
:106B2000B7627FD93D176E400000244076A73B4FE7
:106B30003C7718402D211FF4EC6F834000407D44CA
:106B4000F3C81F0C3CF75E3F295C8FC2F528F03F6D
:106B50000000C84198010060A43A00206E05026060
:106B60000000C84236530020A80202600000224004
:106B70000000144000007440496E707574546173D5
:106B80006B3100004F75747075745461736B310014
:106B9000C64105081046F3F711FD06B010BD2DE9FA
:106BA000F0418046642791FBF7F014460D4612F041
:106BB0001EFD4D4EB06194FBF7F012F018FDF06130
:106BC0004A484B4A4B4F90F8236092F8541292F87F
:106BD000530292F9513201EB0020414608EB410883
:106BE0004FF47A7CC8EBC1110B2E30D03E8A66453B
:106BF00012D9164692F899C196F89C7196F89B6145
:106C0000BCF1000F07EB06265FD06FF018077E433C
:106C100005EB8605C2F88E51354D92F8F57195F861
:106C2000F86195F8F75106EB0525E7B36FF0180604
:106C3000754304EB8504C2F8EA41ABB36FF063031C
:106C4000584300EBC100C2F84602BDE8F0813E8B1C
:106C5000664507D94BB36FF01803584305EB800026
:106C6000C2F84602224892F8AD5290F8B03290F83D
:106C7000AF0203EB00200DB36FF01803584304EB91
:106C80008000C2F8A2021A4892F8094390F80C3327
:106C900090F80B0303EB0020ACB16FF06303584393
:106CA00000EBC10002E015E019E002E0C2F8FE02CC
:106CB000CBE700EBC00303EB0010CFE700EBC00312
:106CC00003EB0010DBE76423E9E706EBC60707EBFD
:106CD00006169DE705EBC50606EB0515A9E7642337
:106CE000AEE770477047000098010060A43A0020AA
:106CF000365300206E050260E44901200870704799
:106D00002DE9F0470C464860E14998461646B1F92E
:106D10000030642293FBF2F193FBF2F702FB17328F
:106D2000002549B252B200290CDA4942CBB2514295
:106D3000C9B24FF461625343C1EB011103EB81010E
:106D4000401A09E0CBB2D1B24FF461625343C1EBB8
:106D5000011103EB81010844DFF838A360609AF861
:106D6000000070B1CC48CD49B0F8070009888842CE
:106D700007D3CB490988884203D8606800F5616071
:106D800060606068C74AB0FBF2F1B0FBF2F702FB4B
:106D900011014FF46162B1FBF2F0A160E760E075B0
:106DA000B1FBF2F002FB10113C20B1FBF0F2A4F8B1
:106DB00019102276B1FBF0F200FB1211E176894640
:106DC000384612F033FCB84AB84B12F0A1FB12F06F
:106DD00086FC80B22082B8F1000F28D000F2B27198
:106DE00040F2B552B7FBF2F289B28A0722D06FF4B3
:106DF000B67202FB0072A2EB900212B28907A4F8ED
:106E00001520B1F1804F02D0521CA4F81520A84AD9
:106E1000B4F9151000292EDDB4F81530A4F813309C
:106E2000535DC91A6D1CA4F81510EDB2F0E700F21D
:106E30006C71D5E76FF4B67101FB0071A1EB9001A5
:106E4000491C09B2A4F81510B8F1000F02D1491C71
:106E5000A4F81510964A0C32B4F9151000290ADD71
:106E6000B4F81530A4F81330535DC91A6D1CA4F89A
:106E70001510EDB2F0E7A574B8F1000F15D000F2CF
:106E8000B270208286F80090207E7070E07DB07035
:106E9000E07CF070A07C7071207CA0F5FA60B0718D
:106EA0009AF800007072BDE8F08700F26C70E8E7B5
:106EB0002DE9F041794D7A4C00207F4A28802080CE
:106EC00092F863307B495B1E05E00E5C2F88401C06
:106ED0003E442E80C0B28342F7DC92F86530002039
:106EE0005B1E05E00E5C2788401C3E442680C0B235
:106EF0008342F7DC12F8640F2988084428809078D0
:106F00002188084420806448807900F5FA60E4F71D
:106F100043F8002805D02888401C28802088401C81
:106F20002080BDE8F081FEB51D4616460C4607469A
:106F3000F1F772FA0146381B574C584A00EBC00073
:106F400001EB8000B4F80710128891420AD3544A2A
:106F50001288914206D8711BC1EB4112C2EB01218C
:106F600000EB011001234C4A5449FFF7C9FE607839
:106F7000002221788DE80700A378E2786179A07972
:106F8000E4F7A8F8FEBD4D4910B508603F49091F58
:106F9000002A08600DD1006AF4F77CFF00233E4A06
:106FA0004649FFF7ADFE46490120087037490420E5
:106FB000087010BD8CB0DB2000218DF800008DF82A
:106FC000011004208DF80200FA208DF80300012042
:106FD0008DF804108DF805008DF8081030228DF81A
:106FE00006108DF809008DF807100A206B46195419
:106FF000401CC0B29042FAD30CB070477047704743
:1070000070472DE9F0472C482E4990F84800022897
:1070100003D291F8F000012810D12B4D2B4EDFF850
:10702000B0A02868401C2860327800273AB129496E
:10703000884203D937708AF800702F6033E74FF029
:107040000109884681F8F190F1F7E6F9224C010E2A
:107050002060AE2000F053F82068C0F30741AD2057
:1070600000F04DF82088C0F30721AC2000F047F86D
:107070002178AB2000F043F820680EF02BFBC8F815
:10708000CA008AF8007086F80090D6E7E421002054
:10709000422100201121002044230020BA2000209A
:1070A000BC200020805101007B14AE47E1D3764024
:1070B000AE41050804C60308A43A0020609A0360A4
:1070C000962100206E0D0260B82100209B21002037
:1070D0009C21002000460500D0200020E3F7BCBA28
:1070E00010B50C46E3F7BAFA2070012010BD10B5B8
:1070F0000C460221E3F707FB2080012010BD10B5EC
:10710000C9B2E3F7CCFA012010BDE6F777BC80B234
:10711000E6F793BCE3F74CBB30B585483221854A8E
:1071200001703021417093790A21B3FBF1F43034BE
:107130008470B3FBF1F401FB14333033C3702D259D
:1071400005715379B3FBF1F430344471B3FBF1F4BE
:1071500001FB143330338371C571D3783A25B3FB07
:10716000F1F430340472B3FBF1F401FB1433303327
:107170004372202383729378B3FBF1F43034C472EA
:10718000B3FBF1F401FB14333033037345735378CD
:10719000B3FBF1F430348473B3FBF1F401FB14332B
:1071A0003033C37305741278B2FBF1F33033437498
:1071B000B2FBF1F301FB13213031817430BD2DE9B5
:1071C000F05F4FF496614FF46163DFF86C814A0021
:1071D0008C005D00CE000F01DFF860C14FF416494E
:1071E0004FF4614A4FF4963B4FF4E13E022819D028
:1071F00078B301286FD1524890F8230004286AD050
:10720000072868D00C2866D0082864D04D4800783C
:107210000C2860D2DFE800F06E70727476787A7CA9
:107220008082847E9CF8020001280BD046480078BA
:107230000C287BD2DFE800F00E10121416181A1C6E
:107240002022241E98F802004FF000088CF80280DB
:10725000EEE71BE0084615E0104613E0184611E083
:1072600020460FE028460DE030460BE0384609E0A6
:10727000484607E0504605E0584603E0704601E006
:107280004FF46120BDE8F05FE6F7B0BA9CF800006B
:1072900001280BD02D4800780C2847D2DFE800F0F9
:1072A0000D0F11131517191C2022241E98F8000029
:1072B0004FF000088CF80080EEE7084616E0104614
:1072C00014E0184612E0204610E028460EE0304652
:1072D0000CE038460AE029E0484607E0504605E061
:1072E000584603E0704601E04FF46120BDE8F05FCE
:1072F000E6F7F6B9084615E0104613E0184611E027
:1073000020460FE028460DE030460BE0384609E005
:10731000484607E0504605E0584603E0704601E065
:107320004FF46120BDE8F05FE6F7E0BABDE8F09FFA
:107330007C9A03604423002085210020880100609E
:10734000A43A002014210020152100201321002040
:1073500010B5002464230022FDA1FEA001F0ADF8C9
:1073600008B1022010BDE1F70CFD641CE4B20A2C48
:10737000F0D301D0012010BD002010BD10B5F64C97
:1073800004212046E1F785FC4FF4FA60E6F755FB4F
:107390002046BDE810400421E1F779BC70B5EF4DFF
:1073A00040F225512846E2F7FBFEED4CC0B12846DD
:1073B000E2F78FFEC2B2B4F8000440F2FF31C0F32E
:1073C0000E0088420CD2B4F80004C0F30E01B4F8E9
:1073D00000046318491C61F30E00A4F800041A703D
:1073E00040F224412846E2F7DBFE01280AD194F856
:1073F000010440F0800084F801042846BDE8704094
:10740000E2F767BE70BDF0B58279002306252C2A0D
:1074100003D0427C2C2A00D10B239A1D845C2C2C97
:1074200061D11418A2783A2A11D16678303E092E1B
:107430000DD8B4B200222B4406E09D180544521C1E
:10744000ED7801F8015B92B2A242F6D349E0E6780A
:107450003A2E03D027793A2F1DD044E06478303C8F
:10746000092C40D8302A3ED3392A3CD804EB840476
:107470006FF02F0606EB4404224494B200222B4402
:1074800006E09D180544521C2D7901F8015B92B26B
:10749000A242F6D325E06478303C092C23D8302A68
:1074A00021D3392A1FD8302E1DD3392E1BD804EBF7
:1074B000C40707EB041406EB840402EB82024FF6C8
:1074C000F05606EB4202224494B200222B4406E01E
:1074D0009D180544521C6D7901F8015B92B2A242DD
:1074E000F6D32046F0BD0020F0BD70B50546402122
:1074F0009C4811F0A8FC9B4C15B1012D02D003E073
:10750000652000E067202080974E1D206080307845
:10751000A0807078E080B0782081F07860810A20C7
:10752000A081924D3079E08115F86A0F2082687849
:107530006082A878A082E878E08235F8670C208322
:107540004FF42C700EF0C7F86083F0790EF0C3F89A
:10755000A08387480068C0F3072141EA00216184C5
:107560008449097884F82410010C090241EA10606A
:10757000A4F83900002084F83B0035F8651CA18789
:107580007D49097884F83E107C4984F83F00012049
:10759000887170BD70B50024744D4FF47A7601F097
:1075A000F5F8A870401E032808D33046E6F745FAE0
:1075B000E1F7E7FB641CE4B20A2CF0D3A8780328B7
:1075C00008D1BDE870404FF4FA73002260A16CA0AE
:1075D00000F073BF70BD4FF4FA7300225CA16CA081
:1075E00000F06BBF2DE9F047644E604F0025F57148
:1075F000B878012863D03878022860D050B135724D
:107600004FF4FA73002252A164A000F056FFC82084
:10761000E6F713FA78784FF480694FF47A78012806
:1076200022D1002400F0C5FF0CE0002001F019FE7B
:1076300001464A465D4811F0EDFB45A1484811F06E
:107640000DFC38B94046E6F7F8F92046641CE4B270
:107650000528EAD3434656A23DA157A000F02DFFCE
:10766000C820E6F7EAF9F5713878012824D100201E
:1076700000F069FFC820E6F7E0F93C4900244A31F0
:10768000A1F1400000F074FF4D4646460FE0002097
:1076900001F0E7FD01462A46444811F0BBFB2CA14E
:1076A0002F4811F0DBFB38B93046E6F7C6F9204623
:1076B000641CE4B20528EAD3BDE8F0476AE7BDE8F8
:1076C000F08710B52D4C607A012805D1FFF78AFFAD
:1076D000F7F7FAF90020607210BD0B0A03704170D1
:1076E00000218170C170110A0171427170478EB022
:1076F0001420DFF878908DF83000DFF880A04FF08C
:10770000000B89F802B08AF808B08AF809B004239F
:1077100089F807308AF803B0134AAAF80AB04FF480
:10772000FB70A9F80300B2F84920A9F805200A2245
:107730000AA900F0C9FD00F0A3FE4FF4FA64204648
:10774000E6F77BF9FFF71AFE2046E6F776F937E011
:107750004F4B00004154000000140140004C004019
:10776000E8430020242C0460A43A0020909E03608B
:10777000CC200020AF20002087010060EC210020F9
:1077800041542B434950434C4F53453D3500000075
:1077900041542B524553544F5245000041542B4302
:1077A0005753544F50534D4152540000909A036028
:1077B000726561647900000041542B5253540000FB
:1077C000FFF7C6FD09F17601CDE908100126022870
:1077D00002D089F802604CE06946DF20FFF780FCA8
:1077E0009DF80000442839D018208DF80100F94A8E
:1077F000FE208DF80200107810B1FF2807D00FE0AE
:10780000517869B9917859B9D17831B308E0517894
:10781000FF2905D19178FF2902D1D178FF2920D005
:10782000D178102900D210318DF8031091781029E9
:1078300000D210318DF804105178102900D2103187
:107840008DF80510102800D210308DF806000DF1CB
:10785000010001F009F98AF8036002E0089801F0DC
:10786000BAF8052189F80210002000F06CFEFFF73D
:10787000B9FED94801900520E6F7DFF809980228FB
:107880000DD19AF803005446012808D1089801F058
:10789000A2F884F803B04421DF20FFF730FCE1F7C1
:1078A00070FA09980228E6D19AF800005446142884
:1078B00003D984F800B0FFF761FD6089411C618144
:1078C000B0F57A7F03D9A4F80AB0FFF757FD99F80D
:1078D000020002285CD04946012859D099F80100DD
:1078E0004D4638B901F86ABF81F801B081F802B09D
:1078F00085F86DB0207AA04670B94FF47A730022F3
:10790000AFF2B411B5A000F0D8FD10B188F808604E
:1079100002E098F80800B8B3002400F037FFA87020
:107920006420E6F78AF8E1F72CFAA878032804D94E
:107930002046641CA4B2C828EFD3C82C07D3FFF795
:1079400051FE98F80010491C88F8001093E785F85C
:1079500000B04021A54811F076FAA448202140301B
:1079600011F071FAA2480676F1F72BFF4FF4FA7383
:107970000022AFF22421AFF2DC1000F09EFD642063
:10798000E6F75BF8FFF72EFEC820E6F756F872E739
:1079900084F800B0E079A246D8B14FF48064214663
:1079A000944811F050FA2146934811F04CFA002007
:1079B00001F057FC014622468F4811F02BFA8D4901
:1079C0008D48FFF720FD05468B4881792C296FD023
:1079D00072E0864928226031089801F0D0F870B131
:1079E00099F86A10484641B990F86B1029B990F897
:1079F0006C1011B990F86D10E9B18AF80760002099
:107A000001F078F94FF4FA7423460022AFF2C02156
:107A10007AA000F052FD012000F035FEE1F7B1F947
:107A200023460022AFF2D821AFF2AC2000F045FD92
:107A300000244D4606E08AF807B089F80260DEE7C8
:107A4000E1F79FF9CDF800B0B5F8051002230A461A
:107A50006EA000F05BFE20B92046641CA4B205288D
:107A6000EED3002440F2D24501E0E1F78AF9022387
:107A700029462A4665A0009600F048FE20B9204617
:107A8000641CA4B20528F0D3002401E0E1F779F9E1
:107A90000CAA0AA9012000F064FE00287FF456AF6A
:107AA0002046641CA4B20528BFF450AFEEE7FFE700
:107AB00040793038C0B20290002D19D0DAF8141095
:107AC0005C462944CAF81410AAF80AB00298801E2D
:107AD000022876D8474908781C2802D0EE2808D01A
:107AE00016E0302D14D1002229464248FFF74BFA08
:107AF000D8E2487810280BD1887848B9C87838B9C6
:107B0000087928B9487918B9887908B9C87948B185
:107B1000DFF8C0C08A799CF80400824208D0FF2AAE
:107B200003D016E0F6F7C3FFBCE2C879192810D0DD
:107B300030490520F7F735FFBAF80E2055462AB12F
:107B400036490020029B01F045FBEC81FFF7B9FDAF
:107B5000A8E212F0FF0F3FF4F9AEC8790B460328F4
:107B600016D0062814D010280ED0192810D00128BD
:107B70000ED002280CD004280AD0052808D00F28DF
:107B800006D018288AD103E0197B691A0D2985D1FE
:107B90009CF82A10072915D0022913D09CF8281028
:107BA000072913D0022911D09CF829100729E9D1FF
:107BB0008CF824601A4B00214FF0020893F800E083
:107BC00046E077E002218CF82410F3E78CF824409B
:107BD000F0E70000A43A0020492C046041542B43F4
:107BE000575354415254534D415254009A9E03608E
:107BF0005E190360B0300460909A036041542B43D7
:107C000049504D4F44453D30000000003235352E7F
:107C10003235352E3235352E32353500BC2E0460E6
:107C2000FB200020FE4B5B5C9A4202D18CF8248042
:107C30000CE0FC4B5B5C9A4202D18CF8244005E0DE
:107C4000F94B5B5C9A4201D18CF82460491CC9B2A3
:107C50007145E7D3F549022821D001281FD0032818
:107C600023D0042821D006220888884641BA03A8D8
:107C7000FFF733FDAD1F9CF82420A9B203AB08F138
:107C80000600F6F787FBBAF80E205546002A05D005
:107C9000E7490020029B01F09DFAEC8102E2C87ADC
:107CA0000322C01D02EBD002DEE7CA7A032000EBFC
:107CB0004202D9E7029810B1012877D0F2E19AF890
:107CC0000200E8BB8AF80260D04600232A46D74962
:107CD00003A800960AF054FC0246401EB0F5FF7F50
:107CE00060D80123D14903A80BF082FFD148007866
:107CF00038B3002502E03220E5F79FFE98F8051022
:107D000019B1CC4900250C7017E028466D1CEDB266
:107D10000A28F0D31AE040F22D1005FB00F1C64806
:107D2000029B00EB41010020B1F8582201F052FA09
:107D30000120E5F782FE6D1CEDB298F8050001E028
:107D400030E003E08542E6D388F80540B8F80C201F
:107D500032B1BA490020029B01F03CFAA8F80C406D
:107D600098F80400F0B10025C24615E040F22D104D
:107D700005FB00F1B24800EB4108B8F8580248B1E1
:107D80000120E5F75AFEB8F8582241460020029B30
:107D900001F020FA6D1CEDB29AF804008542E5D39B
:107DA0008AF804408AF802407CE1FFE79F4908789E
:107DB00064287DD18AF80660002099F86AC099F895
:107DC0006B3099F86C2099F86DE0C5F3850516E0E5
:107DD000964901EB800191F80180E0450DD191F8C1
:107DE0000280984509D191F80380904505D191F81A
:107DF0000480F04501D18AF80640401CC0B2A84278
:107E0000E6D39AF80600002852D00020FFF76DFB59
:107E1000DFF828822046A8F14008A34688F81E0013
:107E200088F81F0088F8200088F82100484644465A
:107E300010F86A1F24F8101F417861808178A180B2
:107E4000C078E08014227F49019810F0E3FF7E485B
:107E500040224146007840F0020084F82E000020C5
:107E6000029B01F0B7F9002549E0784BC5EBC5014D
:107E7000CC18A079DC280DD25A5CDFF8D4C10CEB09
:107E8000D20C02F007029CF800C006FA02F21CEACB
:107E9000020F32D0232830D0D4F8012044469C462B
:107EA00024F8042FC2F307236380C2F3074300E0E2
:107EB000F8E0A380120EE28020811CF801006081AE
:107EC000644814220178A1764178E176817821779F
:107ED000C0786077604800EB0511019810F09AFFB8
:107EE0005948564940220078403940F0020084F851
:107EF0003A000020029B01F06DF96D1CEDB257486D
:107F000000788542B1D30024554D33E004EB840062
:107F1000544B00EBC4014FF0080CCA18A8F80CC071
:107F2000595CA8F80E104B4940460B7888F81E3073
:107F30004B7888F81F308B7888F82030C97888F81B
:107F40002110D2F8051020F8041F0A0A42800A0CFA
:107F50008280090EC1803C494022097841F002012B
:107F600080F83A10354900204039029B01F032F97F
:107F7000641CE4B228788442C8D300258DE02B200D
:107F800005FB00F138480144887CE8BB0868A8F884
:107F90000400020AA8F80620020CA8F80820030E24
:107FA000A8F80A308B7AA8F80C304B7AA8F80E3073
:107FB000284B444693F800C088F81EC093F801C0CF
:107FC00088F81FC093F802C084F820C0DB7884F8DA
:107FD0002130C0F3072343EA00236384097984F83E
:107FE0002410110241EA1060A4F83900142103A8FA
:107FF00010F029FF4D208DF80C0053208DF80D0056
:1080000054208DF80E0000E045E050208DF80F0060
:108010003A208DF810008DF81FB0142203A925E036
:1080200037310020D3300020F8770360B03004608F
:10803000BC2E0460A1200020A0140460642C046005
:108040000C9F036018E7026087010060F48F0360F3
:10805000B8930360A43A002088870360FB200020C7
:108060004E0100603C9403603C040360019810F0F2
:10807000D1FE0C2084F83F008248007840F00200D6
:1080800084F83E000120E5F7D8FC40227E4900201C
:10809000029B01F09FF86D1CEDB27C480078854290
:1080A000FFF46DAF6420B7FBF0F100FB117050BB23
:1080B000E0F767FE4FF47A70E5F7BFFC744CA08AD6
:1080C000401CA08200F0E8FC40B1208B401C2083C3
:1080D000022189F802108AF801B014E0E08A5146C2
:1080E000401CE0829AF80100401CC0B28AF80100EE
:1080F000032808D3608B401C608389F8026081F8F4
:1081000007B08AF801B038467F1CBFB2B0F5967F41
:108110007FF61CAC5E4C0027A08B401CA083E0F7D0
:1081200030FE012000F0E6FD022803D0208C401C28
:1081300020840BE4E08B401CE0838AF807B005E460
:108140001CB50446FCF793FE52490023CDE90041DB
:108150004FF4006250A1AFF66920E4F71AF81CBD95
:1081600010B58CB001210220E0F724FF4D4C2046D1
:10817000E0F774FB4FF416700390102002904A4809
:10818000002101900A91802005902020CDE9071060
:108190004648049100908014069109906946204653
:1081A000E0F7C9FB0CB010BD70B5404D04462D1F63
:1081B000012280212846E1F754FF2146394C204610
:1081C000E0F7F6FB01212046E0F7DFFB384E3046B2
:1081D000E0F7F3FB0028FAD03046E0F7FCFB002183
:1081E0002046E0F7D2FB2846BDE8704000228021FF
:1081F000E1F737BF10B50C460A4601462A4810F091
:1082000009FE2046FFF7D0FF10BD70B500252948B4
:108210008CB02C460570022601E0E0F7B2FD7B220F
:108220000223114624A0009600F070FA20B92046DF
:10823000641CE4B20528F0D3DB208DF800008DF833
:10824000015004208DF80200FA208DF8030001206F
:108250008DF804508DF805008DF8085030228DF807
:1082600006508DF809008DF807500A2069460D5414
:10827000401CC0B29042FAD30223002000F0AAFFB3
:108280000CB070BD87010060242C0460B620002073
:10829000A8020260FC210020574946495F746173BF
:1082A0006B00000058040240B0340460044C0040ED
:1082B00000000210F40100603137362E3232312EC8
:1082C00034322E3132350000F0B5002504460B461D
:1082D0002E460A2A02D00E701846F0BD002C1ED081
:1082E00006DA4FF02D00187001F10103C4F100040B
:1082F00042F210704FF00A0794FBF0F252EA050CBC
:1083000006D002F1300503F8015B02FB10440125A1
:1083100090FBF7F00028EFDC1E700846F0BD30201F
:1083200018704B1CF8E70FB47FB506460AAC0FE097
:108330005C2914D000F10100252909901DD0304698
:10834000E1F7C3FE80213046E1F720FF0028F9D095
:10835000099801780029EBD17FBC5DF814FB401C23
:10836000099001786E2903D072291BD10D2100E0FC
:108370000A213046E1F7A9FE13E00178642914D000
:1083800073290FD120CC09E03046E1F79EFE802111
:108390003046E1F7FBFE0028F9D06D1C2978002952
:1083A000F2D10998401C0990CCE701CC0A22694619
:1083B000FFF78AFF6D4609E03046E1F786FE80212F
:1083C0003046E1F7E3FE0028F9D06D1C297800293A
:1083D000F2D1E6E730B5012187B0C804E0F7FCFD33
:1083E00001211020E0F7EFFD4FF48060ADF81000A0
:1083F00018208DF813000320F74C8DF8120004A903
:108400002046E0F7DAFBE114ADF8101004218DF8F6
:10841000131004A92046E0F7D0FB00244FF4E1300C
:108420000090ADF808400C20EC4DADF80440ADF8DC
:108430000A00ADF80640ADF80C4069462846E1F761
:108440007BFD012240F225512846E1F7F2FD012291
:1084500040F224412846E1F7ECFD34208DF8140069
:108460008DF815408DF8164001208DF8170005A8ED
:10847000E0F705F801212846E1F7D1FD07B030BD4E
:1084800038B510208DF8030003208DF8020001217B
:108490002020E0F798FD0420D14CADF8000069469B
:1084A0002046E0F78AFBFFF795FFFFF759FE2046CD
:1084B000BDE838400421E0F7EABB2DE9F04117465A
:1084C000884602461D46C7A1C448FFF72CFF58EA5C
:1084D000070035D0C54EB6F800046FF30E00A6F8BD
:1084E000000496F8010420F0800086F801040024BE
:1084F0003220B5FBF0F085B204E03220E5F79DFABA
:10850000E0F73FFC96F80104000604D42046641C02
:10851000A4B2A842F1D3B6F800140020C1F30E01B2
:108520007054B8F1000005D0014627B1AF4810F0F3
:1085300095FC28B93946AD4810F090FC002800D0D1
:108540000120BDE8F08140F6C41328B1012807D00E
:10855000022809D000207047A5A2A8A1A8A006E083
:10856000A3A2A6A1A9A002E0A1A2A4A1AAA0A4E7F7
:1085700000B59FB00B460246AAA1684611F06EFFF7
:1085800041F2883300229DA16846FFF796FF1FB095
:1085900000BD00B59FB00B460246A7A1684611F08A
:1085A0005DFF41F28833002294A16846FFF785FF02
:1085B000EDE72DE9F041CEB064210AA810F043FCAC
:1085C000A34D002441AE281906EB840190F86A00FF
:1085D0000A22FFF779FE641CE4B2042CF3D30024D2
:1085E00045AF281907EB840190F86E000A22FFF7C7
:1085F0006BFE641CE4B2042CF3D300240DF59278D6
:10860000281908EB840190F872000A22FFF75CFE3B
:10861000641CE4B2042CF3D348A847A9CDE90810A0
:1086200046AACDE906724CA84BA9CDE9041044A88E
:1086300043A94AAACDE90010CDE90282331D41AA1F
:1086400084A10AA811F00AFF0AAA8DA123A811F09B
:1086500005FF4FF47A63002268A123A8FFF72DFFDE
:108660004EB06EE700B59FB00B460092024689A15E
:1086700001A811F0F3FE4FF47A7300225FA101A864
:10868000FFF71BFF83E700B585B008B1012200E0CA
:10869000002286A1684611F0E1FE4FF4FA73002231
:1086A00056A16846FFF709FF05B000BDF0B5B9B0A7
:1086B0000F4604461E461546642101A810F0C3FB70
:1086C00014B1012C0BD103E03B467CA2009502E0E3
:1086D0003B467BA200957BA101A811F0BFFE052EB1
:1086E00006D201AB32467BA11AA811F0B7FE04E016
:1086F00001AA7DA11AA811F0B1FE4FF47A637EA2FF
:108700003EA11AA8FFF7D9FE39B0F0BD2DE9F0411E
:10871000BAB00C4680461E461546642103A8409F09
:1087200010F091FB8DE87000434665A276A103A886
:1087300011F094FE052F06D203AB3A4665A11CA8A2
:1087400011F08CFE04E003AA67A11CA811F086FEBC
:108750004FF47A6368A229A11CA8FFF7AEFE3AB0D5
:10876000EFE610B59EB04FF4FA740B4608B1012243
:1087700000E0002269A1684611F070FE2346002245
:108780001EA16846FFF799FE1EB010BD10B54FF44C
:10879000FA73002219A166A0FFF78FFED8B168A175
:1087A000124810F05BFB08B1022010BD67A10F4812
:1087B00010F054FB08B1032010BD67A10B4810F066
:1087C0004DFB08B1042010BD66A1084810F046FB1F
:1087D00008B1052010BDCBE000100140004C004066
:1087E0000014014025730D0A00000000E84300203A
:1087F0006E6F206368616E67650000004F4B00007C
:1088000041542B43574D4F44453D310041542B4378
:10881000574D4F44453D320041542B43574D4F4433
:10882000453D330041542B43574A41503D22257367
:10883000222C22257322000041542B43574A4150D9
:108840005F4445463D222573222C222573220000D9
:10885000909E03602225732E25732E25732E25737B
:10886000222C2225732E25732E25732E2573222C60
:108870002225732E25732E25732E257322000000CA
:1088800041542B4349505354415F4445463D257361
:108890000000000041542B43575341503D222573A3
:1088A000222C222573222C312C25640041542B4389
:1088B00049504D55583D2564000000005443500078
:1088C00055445000222573222C222573222C257317
:1088D0000000000041542B43495053544152543D31
:1088E00025642C257300000041542B4349505354F8
:1088F0004152543D25730000414C5245415920439B
:108900004F4E4E4543540000222573222C222573DE
:10891000222C25642C25642C2564000041542B4313
:1089200049505345525645523D25642C257300004D
:1089300041542B43495053544154555300000000B7
:108940005354415455533A320D0A00005354415484
:1089500055533A330D0A00005354415455533A3499
:108960000D0A00005354415455533A350D0A000086
:10897000062010BD10B500244FF4FA732246AFF262
:108980008411AFF25400FFF798FD002821D0FAA11E
:10899000FD4810F063FA00B10124FCA1FA4810F080
:1089A0005DFA08B144F00204FCA1F74810F056FA51
:1089B00008B144F00404FDA1F34810F04FFA08B1E7
:1089C00044F00804FDA1F04810F048FA08B144F062
:1089D0001004204610BD2DE9FC41C82306460022A4
:1089E000AFF2E811F9A0FFF768FD00252C46FBA1C6
:1089F000E54810F033FA002834D000F10B030020D2
:108A00006F46195C3A2902D0052D0DD00EE0022CDC
:108A100006D19DF801109DF8002001EB021171555F
:108A20006D1CEDB200240FE0222911D0A1F130021B
:108A3000092A01D83A5505E0A1F16102052A03D8B7
:108A400057393955641CE4B2401CC0B22828D8D329
:108A5000022C06D19DF801009DF8001000EB0110DA
:108A600070550120BDE8FC8110B592B08178447941
:108A70000379C2788DE81E0043780278DBA104A850
:108A800011F0ECFC4FF47A730022AFF2902104A8AD
:108A9000FFF713FD12B010BD38B54FF4FA73002282
:108AA000AFF2A821DBA0FFF708FD0024DDA1B64846
:108AB00010F0D4F918B10021DD4D0C3007E0DDA134
:108AC000B14810F0CBF9002800D0022038BD425C3C
:108AD000222A2ED02B19641C491CC9B29A72E4B206
:108AE0003C29F4D33C292AD00028EFD000211530AE
:108AF000425C2C2A20D0491CC9B20529F8D305298B
:108B00001DD000210A466C46835C5BB12D2B18D02A
:108B1000303B092B02D86354491CC9B2521CD2B253
:108B2000052AF1D301290ED002290FD0032916D02E
:108B300023E00844401CD5E70844401CDFE7002040
:108B400038BD0021EAE79DF8000015E09DF800001F
:108B50009DF8011000EB800001EB40000CE09DF857
:108B60000010642041439DF8010000EB800001EB00
:108B700040009DF8021008442872012038BD2DE9FC
:108B8000FE4316464FF4FA790F4680464B460022C4
:108B9000AFF29831A9A0FFF790FC00252C46AAA1BE
:108BA000794810F05BF9002872D00021C01D33E035
:108BB000425C2E2A02D0032D25D026E0012C04D0C1
:108BC000022C05D0032C0CD019E09DF8002015E0F4
:108BD0009DF800209DF8013002EB820203EB420277
:108BE0000CE09DF80030642253439DF8012002EB15
:108BF000820203EB42029DF802301A447A556D1C42
:108C0000EDB2002406E0222A08D0303A0DF8042004
:108C1000641CE4B2491CC9B2B142C9D3012C04D0CE
:108C2000022C05D0032C0CD019E09DF8000015E0B3
:108C30009DF800009DF8011000EB800001EB400062
:108C40000CE09DF80010642041439DF8010000EB0A
:108C5000800001EB40009DF80210084478554B4617
:108C60000022AFF2684159A0FFF727FC00252C46EF
:108C70005AA1454810F0F2F8002839D0002201AF7F
:108C80000B3026E0815C3A2903D0052D0FD010E08F
:108C90002EE0022C07D19DF805109DF8043001EB61
:108CA000031108F805106D1CEDB200240FE0222915
:108CB00011D0A1F13003092B01D83B5505E0A1F1FA
:108CC0006103052B03D857393955641CE4B2521C93
:108CD000D2B2B242D6D3022C07D19DF805009DF83E
:108CE000041000EB011008F80500FFF7D5FE012085
:108CF000BDE8FE832DE9FF4780464FF47A730022DA
:108D0000AFF2085152A0FFF7D8FB00268DF80260A1
:108D10008DF801603446B1468DF8006050A11A48C4
:108D200010F09CF800281FD0002101AB6D46401DBB
:108D3000425C2E2A19D0032E01D3222A09D0022CFC
:108D400014D8303A2A55641CE4B2491CC9B2282907
:108D5000EED3DFF814A1282909D0012C08D0022C69
:108D600007D0032C06D0C6E074E17FE03BE1A2E02F
:108D7000A7E0A9E0B1E000002B434950535441540F
:108D800055533A302C000000E84300202B43495053
:108D90005354415455533A312C0000002B43495051
:108DA0005354415455533A322C0000002B43495040
:108DB0005354415455533A332C0000002B4349502F
:108DC0005354415455533A342C00000041542B4322
:108DD00049505354414D41433F0000002B434950FB
:108DE0005354414D41433A220000000041542B436B
:108DF00049505354414D41435F4445463D222578F7
:108E00003A25783A25783A25783A25783A2578220D
:108E10000000000041542B43574A41505F435552D4
:108E20003F0000002B43574A41505F4355523A00E0
:108E3000909E0360627573790000000041542B43DB
:108E4000494653520000000053544149502C22001F
:108E500041542B4349505354415F4355523F000006
:108E60003A69703A22000000A8020260012C04D086
:108E7000022C05D0032C0CD019E09DF8002015E041
:108E80009DF800209DF8014002EB820204EB4202B3
:108E90000CE09DF80040642254439DF8012002EB51
:108EA000820204EB42029DF8024022449A55761C4D
:108EB000F6B2002449E7BAF83010491CAAF830107D
:108EC00020E19DF8000015E09DF800009DF80110DC
:108ED00000EB800001EB40000CE09DF800106420E6
:108EE00041439DF8010000EB800001EB40009DF83C
:108EF000021008449855F94EB8F1000F1BD09DF8A8
:108F0000041096F86A00814211D19DF8050096F888
:108F10006B1088420BD19DF8060096F86C108842C1
:108F200005D19DF8070096F86D10884206D001988B
:108F3000C6F86A0022E10198C6F86A008DF802902E
:108F400000278DF801903C468DF80090E4A1E74899
:108F50000FF084FF00287DD0002102AB0A30425C74
:108F60002E2A16D0032F01D3222A09D0022C3AD858
:108F7000303A2A55641CE4B2491CC9B22829EED300
:108F800028292BD0012C2FD0022C30D0032C37D005
:108F900044E0012C04D0022C05D0032C0CD019E0A5
:108FA0009DF8002015E09DF800209DF8014002EB9F
:108FB000820204EB42020CE09DF80040642254431C
:108FC0009DF8012002EB820204EB42029DF8024070
:108FD0002244DA557F1CFFB20024CDE7BAF83210E4
:108FE000491CAAF832108DE09DF8000015E09DF8AC
:108FF00000009DF8011000EB800001EB40000CE048
:109000009DF80010642041439DF8010000EB8000B2
:1090100001EB40009DF802100844D855B8F1000F4C
:109020001DD09DF8080096F87210884211D19DF865
:10903000090096F8731088420BD19DF80A0096F843
:109040007410884205D19DF80B0096F8751088427F
:1090500008D000E057E00298C6F872008EE002984F
:10906000C6F872008DF8029000278DF801903C46FA
:109070008DF800909EA19D480FF0F0FE002842D090
:10908000002103AB0A30425C2E2A16D0032F01D3F5
:10909000222A09D0022C35D8303A2A55641CE4B271
:1090A000491CC9B22829EED328292BD0012C2DD058
:1090B000022C2ED0032C35D042E0012C04D0022CFF
:1090C00005D0032C0CD019E09DF8002015E09DF888
:1090D00000209DF8014002EB820204EB42020CE00A
:1090E0009DF80040642254439DF8012002EB820267
:1090F00004EB42029DF802402244DA557F1CFFB285
:109100000024CDE7002004B0BDE8F0879DF8000002
:1091100015E09DF800009DF8011000EB800001EBC8
:1091200040000CE09DF80010642041439DF80100D0
:1091300000EB800001EB40019DF802000844D85587
:10914000B8F1000F1CD09DF80C0096F86E10884204
:1091500011D19DF80D0096F86F1088420BD19DF843
:109160000E0096F87010884205D19DF80F0096F811
:109170007110884207D00398C6F86E000220C2E73B
:109180000398C6F86E000120BDE710B54FF4FA74DD
:1091900023460022AFF69C1158A0FFF78EF9002855
:1091A00008D0234659A2AFF6AC11BDE8104058A034
:1091B000FFF783B910BD10B54FF47A70E4F73DFCAA
:1091C00056A15748FFF7AFF8BDE810404FF4FA70CA
:1091D000E4F733BCF0B50E46002440F22621ADF58D
:1091E000177D1F4615468A4221D850B13246AFF648
:1091F000FC014B48FFF797F80220E4F71EFC01241E
:109200002DE0052F06D213463A4646A1684611F0D6
:1092100025F903E048A1684611F020F968460FF0EF
:109220002FFE0104090C02D0B1F5077F03D90020FD
:109230000DF5177DF0BD6846FEF7DCFF0220E4F770
:10924000FCFB29463046FEF7D5FF0120E4F7F5FB8D
:109250002648B0F800146FF30E01A0F80014204661
:10926000E6E72DE9F041214D07460026B5F8000458
:109270006FF30E00A5F8000495F8010420F08000BB
:1092800085F8010440F2024128460FF0DCFD00247D
:1092900004E00A20E4F7D1FBDFF773FD95F8010441
:1092A000000604D42046641CA4B26428F1D3B5F8A7
:1092B00000140020C1F30E0168540FB10B4E09E0F9
:1092C00021A10A480FF0CAFD20B11FA107480FF0E5
:1092D000C5FD06463046BDE8F0810000909E036063
:1092E0003A676174657761793A220000E8430020AB
:1092F0003A6E65746D61736B3A22000041542B43E2
:1093000049504D4F44453D31000000003E000000F3
:1093100041542B43495053454E4400002B2B2B0006
:10932000004C004041542B43495053454E443D2589
:10933000642C25640D0A000041542B4349505345C9
:109340004E443D25640D0A002B49504400000000A6
:109350004D49C0EBC00010B501EB40010E224B4857
:109360000FF058FD4948D0F80500BDE8104000470F
:10937000704710B50020E3F706FF434918394861EC
:1093800001200870BDE810400020E1E7704708B5F3
:109390003226FFF7EEFF6420E4F74FFB3A4C3B4DDB
:1093A0004FF0FF37183C39466069E3F7B3FF0128F7
:1093B00038D137480023142269460068E3F71DFFBF
:1093C00001280CD1D5F80110BDF800008847687B52
:1093D00010B1E3F7FBF9E060D5F809008047207889
:1093E00001281CD1A078401CC0B2A0700A2804D368
:1093F000D5F8090080470020A070687B78B1E3F7BA
:10940000E5F92061E168411A687B00EB4002C2EB9C
:10941000C010B1EBC00F02D30020FFF799FF6069C5
:10942000E3F7C3FE3046E3F72AF8BCE7164900200D
:10943000183948707047144910B51839C878012890
:109440000FD10879134A10F0010F00F10100C0B2EA
:1094500008714FF0000405D0C2F88041322800D9CD
:10946000CC7010BD0123C2F88031F7E71CB5064966
:109470004FF4C0721039CDE90001002306A1AFF20C
:10948000F100E2F786FE1CBD20220020EA47002002
:1094900034010060000021424D656E755461736BAC
:1094A0000000000030B5C1EBC10404EB4111002302
:1094B000FD4C1A460D19A918497DA1F120045F2C15
:1094C00001D3012300E003B120218154521CD2B208
:1094D000082AF0D30021017230BDF44A10B592F889
:1094E000FF3092F8FE20521ED2B2012B03D013B1EE
:1094F000022B03D006E0402A02D303E0802A01D2E7
:10950000012400E00024002C01D14FF0FF03037080
:1095100001D14FF000020A7010BD70B50120E24D7C
:109520000346002103EB43046218D2B2C2EBC20629
:1095300006EB42122A44527D32B1202A04D0FF2A7F
:1095400002D0581CC0B203E0491CC9B20329EBD3B6
:109550005B1CDBB2082BE4D370BD2DE9FC41FFF7A7
:10956000DCFFD34E0446F079A04201D30020F07115
:1095700001F0A5F941F206174FF6FF75CDE9005746
:109580008046CCA36E228A210120F0F7E6FFCDE9C8
:109590000057C8A399228A210120F0F7DEFFCDE908
:1095A0000057C4A3C4228A210120F0F7D6FF414608
:1095B000C248FFF777FF08F10100C1B2BF48093088
:1095C000FFF770FF08F10200C1B2BC481230FFF78C
:1095D00069FF83272B46B94A722102200097F1F7D1
:1095E000DBF8B64A2B4609329D2102200097F1F79D
:1095F000D3F8B24A2B461232C82102200097F1F765
:10960000CBF82146F079F1F7ADFCF079BDE8FC41EB
:10961000F1F7DABCFEB58320F0F7CEFDA44C0027AD
:10962000611DE77127726772E77027716771A77113
:10963000481EFFF752FFA14883264FF6FF7540F8FA
:109640001B7F9FA347600781A771CDE900560022C9
:109650000A210120F0F781FFCDE900569CA33222B8
:109660000A210120F0F779FFCDE9005694A32422C6
:109670000A210120F0F771FFCDE9005690A34122A5
:109680000A210120F0F769FF2079012803D058B1A1
:10969000022810D019E06079C0EBC00101EB001086
:1096A0008F4901EB40000DE060798E49C0EB00105E
:1096B00000EB400005E06079C0EBC00101EB401019
:1096C00079490844153001F000F9ED21CDE9001584
:1096D00041F20610002302901A462421F020F1F7EF
:1096E000BAF8824980486422086069218620F1F72F
:1096F000DAFE642294218620F1F7D5FE6422BF2190
:109700008620F1F7D0FEFFF728FF794C0021C1EB4E
:10971000C10202EB0112002004EBC203C0EBC00245
:1097200002EB00129D5CFF2D00D19F54401CC0B283
:109730000828F3D3491CC9B20429E8D3FEBD70B58B
:109740000546144608460FF0E3FFB5B1012D18D0C9
:10975000022D1AD0032D1CD0042D1ED0052D20D093
:10976000062D02460B4620D062A1204610F076FE60
:109770000020215C20291ED119E00B4602465EA183
:10978000F3E70B4602465EA1EFE70B4602465EA1F9
:10979000EBE70B4602465EA1E7E70B4602465EA1F9
:1097A000E3E70B4602465EA1DFE75FA1DDE7401C71
:1097B000C0B20928DDD3C0F10901CAB2A0EB500143
:1097C000CBB2002105E045185E18655D491CA55522
:1097D000C9B29142F7D39818C0B2202102E02154B7
:1097E000401CC0B20928FAD370BD2DE9F04F87B0F4
:1097F00001F065F80746014603A8FFF753FE08226B
:1098000003A92E480FF04DFB2C4E83244FF6FF7515
:1098100068B103983060049870609DF8140030724D
:109820002B463246722102200094F0F7B5FF07F173
:10983000010909F0FF0103A8FFF734FE1F480822C1
:1098400003A909300FF02DFB80B10398C6F8090079
:109850000498C6F80D009DF814007074174A2B4642
:1098600009329D2102200094F0F796FF07F10208CB
:1098700008F0FF0103A8FFF715FE1048082203A90E
:1098800012300FF00EFB70B1039846F8120F0498D7
:1098900070609DF81400094A30721232C8212B46BC
:1098A0000220009444E045E0B21D02606E0D0260AB
:1098B000F50100602020202000000000F847002073
:1098C00020202020202020202020202020200000D8
:1098D0002020202020202020202020200000000008
:1098E000365300202CC30460BC000060B800006048
:1098F0000C3D02602566000025392E306600000010
:1099000025392E316600000025392E326600000010
:1099100025392E336600000025392E3466000000FC
:1099200025392E356600000025392E3666000000E8
:10993000F0F732FF39460120F1F725F809F0FF0171
:109940000220F1F720F808F0FF010320F1F71BF8DF
:10995000DFF858B49BF85B0030B14FF489760128EA
:1099600007D0022811D02DE0F1F77EFBF1F7C2FA03
:1099700028E041F20610AFF2A803CDE90050ED2235
:1099800000210120F0F7E9FD01E0F1F76DFBCDE9E1
:109990000064062300222D2148200294F0F75BFF8B
:1099A000CDE90064542300222D2148200294F0F7D1
:1099B00052FFCDE90064A22300222D214820029409
:1099C000F0F749FF694601A8FFF787FDF8499DF8C0
:1099D00004004FF0010A0A79824204D14A799DF8C5
:1099E00000309A4205D008719DF80000487181F856
:1099F00006A091F804904E7988798846002728B30C
:109A000088F80670AFF24813CDE9005400220A210D
:109A10000120F0F7A2FDAFF24813CDE90054322245
:109A20000A210120F0F799FDAFF26C13CDE9005443
:109A300024220A210120F0F790FDAFF27C13CDE93A
:109A4000005441220A210120F0F787FD64224FF4DF
:109A50007A71B9F1010F06D0B9F1000F70D0B9F1E8
:109A6000020F6ED076E0C6EBC600D24B00EB0610BC
:109A700003EB400696F82800012821D088F803A0BF
:109A800098F80500C0EBC00101EB001003EB4000AB
:109A9000153000F01AFFCDE90054C74B00221E21FB
:109AA0000120F0F709FE96F82600002896F82D0010
:109AB0007ED0012833D002287BD0032825D026E091
:109AC00088F8037096F82D00042804D0032809D0E4
:109AD0001B280ED012E0D6F81E0090FBF2F001B267
:109AE0000122BDE0D6F81E0090FBF2F001B2002288
:109AF000B6E0D6F81E0090FBF2F0C7E0D6F81E00E4
:109B0000642290FBF1F001B2AAE0ACA308E00428C3
:109B10007ED005287DD00A287CD00B287BD0BAE0E7
:109B2000322211E0022877D0032876D0042875D09D
:109B3000052874D00A2873D00B2803D0A1A3EFE71F
:109B40000FE043E0A0A30022CDE900540A21012048
:109B5000F0F703FD98F80800464600287ED014214F
:109B6000B0E0C6EB0610994900EB4000461896F8A5
:109B70002300012824D088F803A098F80500C0EB42
:109B8000001000EB40000844153000F09EFECDE9C7
:109B90000054894B00221E210120F0F78DFD96F81C
:109BA0002500002896F928000DD0012873D001E087
:109BB00009E06FE0022870D00328A8D184A3AFE7A2
:109BC00088F80370C6E70128B8D0ABE7C6EBC6003B
:109BD000814B00EB4610C61896F82300012824D0CC
:109BE00088F803A098F80500C0EBC00101EB401015
:109BF0001844153000F069FECDE900546E4B002288
:109C00001E210120F0F758FD96F82400002808E0F6
:109C100045E046E047E048E049E04AE04BE04CE000
:109C20004DE096F82600C0D1CDE788F8037096F88D
:109C3000260002283FF44FAF01283FF453AF052818
:109C400012D0042817D017281CD018287FF442AF50
:109C5000D6F81E0090FBF1F001B200E031E00222E4
:109C60000020F1F79AFE75E7D6F81E00052290FB5A
:109C7000F1F001B2F4E7D6F81E00042290FBF1F0F7
:109C800001B2EDE7D6F81E0090FBF1F001B206221A
:109C9000E6E700E001E051A342E751A340E752A309
:109CA0003EE753A33CE754A33AE754A338E755A350
:109CB00036E756A334E757A332E759A330E75AA350
:109CC0002EE70521B078814202D2377037720CE05E
:109CD000401CB070307842F20B28012809D00228CD
:109CE00014D003282FD0042855D0F07801285BD059
:109CF0009EE0F078012806D1CDE900542E4B0022D9
:109D00001E21F0F7D9FCCDF8008092E0F078012810
:109D100006D1CDE90054284B00221E21F0F7CCFCDF
:109D2000254A2B461B3A722102200094F0F734FD9D
:109D3000CDF80080204A2B46123A9D210220F0F7F0
:109D40002BFD00941BE0F078012806D1CDE90054EA
:109D5000194B00221E21F0F7AFFC174A2B461B3A85
:109D6000722102200094F0F717FD134A2B46123A95
:109D70009D2102200094F0F70FFDCDF800800E4ADF
:109D80002B46093AC8210220F0F706FD9BF8230074
:109D90000B2860D061E0F078012849D1CDE9005866
:109DA0000022054B1E2153E04BE00000A43A0020A6
:109DB000F5010060365300201348002053545241EF
:109DC000540000004F4646004C4F57002CC304601F
:109DD0005354415254000000B21D02604F4E000027
:109DE0004F50454E00000000454E41424C45440056
:109DF000414C41524D0000004F4343004849474801
:109E000000000000434C4F534544000053544F5052
:109E10000000000044495341424C4544000000000A
:109E20004E4F524D414C0000554E4F4343000000F1
:109E300000942B46FB4A72210220F0F7ADFC0094FF
:109E400078E7F84BCDE900541B3300221E21012096
:109E5000F0F732FCECE700F045FDF3498878022882
:109E60001BD005282FD006282DD0F04A00230097BC
:109E7000CDE901541A210846F0F7A3FCDFF8B093AE
:109E80004FF01C0899F80000F0B3B07A10F0010F01
:109E900000F10100B0721AD024E0087A462803D2FB
:109EA0000023E44A0097E3E7502803D20023E24A64
:109EB0000097DDE75A284FF00003009701D2DF4AF0
:109EC000D6E7DF4AD4E70023DE4A0097D0E7CDF893
:109ED0000080CDE901540023DB4A1A210D20F0F760
:109EE00070FC09E0CDF80080CDE9015400231A464A
:109EF0001A210D20F0F7AFFCDFF850A39AF800000C
:109F000088B3B07AC00700E013E000D0F772F07AAF
:109F100010F0010F00F10100F0720CD0CDF80080BC
:109F2000CDE901540D23CA4A1A211846F0F749FC1D
:109F30000BE0B772D6E7CDF80080CDE901540D23D0
:109F400000221A211846F0F786FC99F8001009B192
:109F500089F800709AF80010002901D08AF8007082
:109F600007B0BDE8F08FFFE7F772E4E70246C2EB07
:109F7000C20303EB0212B74B0020014603EBC202FF
:109F8000C1EBC10303EB0113D35C002B05D0401CD4
:109F9000491CC9B2C0B20829F2D370472DE9F05F5D
:109FA0000F46AD49814600260878AC4C15464FF067
:109FB000010B4FF47A7A042822D0401E88460228EA
:109FC00078D800F07CFC98F800100844C0EBC00181
:109FD00001EB4010044414F8010C273C65380228BA
:109FE00069D8C1B288460846FFF7C0FF994BC8EB55
:109FF000C80707EB08110025524603EBC10751E0E3
:10A00000002A57D1C878012854D1934881F806B066
:10A0100009794079012903D0022911D0F1B192E0E8
:10A02000C0EBC00101EB00118D4800EB410090F83E
:10A03000261019B1002180F8261084E00121FAE7EA
:10A04000C0EBC00101EB4010204490F8241019B17E
:10A05000002180F8241076E00121FAE7C0EB00111E
:10A0600001EB41027F490A4492F8251039B10021E1
:10A0700082F8251001B15146EEF783FD63E001211E
:10A08000F6E7D4F81E10C5EBC50391FBF2F103EB24
:10A0900005133B44B3F81530994201D12E4603E035
:10A0A0006D1CEDB28542ECD3B9F1000F28D0761CBF
:10A0B000F5B210E04DE026E02946404600F035FCC0
:10A0C00038B1C5EBC50000EB05103844B0F81500F9
:10A0D00011E06D1CEDB2082DEED334E0751EE9B22F
:10A0E000404600F022FC50B1C6EBC60000EB061063
:10A0F000384430F8020C4FF47A7148431CE0EEB259
:10A10000002EEBD11FE094F8230048B1B9F1000F05
:10A1100015D0D4F81E00544988420CDA38440BE0BC
:10A12000002D16D194F8240018B1002084F82400E2
:10A1300009E00120FAE70020C4F81E0003E054F80B
:10A140001E0FC01B2060494981F802B0484981F8C0
:10A1500000B0BDE8F09F70B5C0F30121C0F38022CC
:10A1600001290AD04FF47A713B4C00252346A57093
:10A170002678DB78042E03D006E042F21071F3E774
:10A18000012B01D025702572C0B20A2815D2DFE854
:10A1900000F01429051415141414377A207A08B124
:10A1A00001200EE0207830B1042804D0012801D02D
:10A1B000401E10E093B90320207070BD207A18B1C2
:10A1C0000020BDE87040E9E6207830B1032804D0D3
:10A1D000042805D0401CC0B2EEE70BB10420EBE729
:10A1E0000120E9E7207830B1002AE6D1207A28B1B1
:10A1F0000020207270BDE079401C3DE00120F8E7AE
:10A20000207828B1002AF5D1207A50B1257270BD8E
:10A21000FFF783F9E17909B181422BD3401EC0B227
:10A220002AE02EE0F8470020909E03603C3A0508A3
:10A2300009210020D41F05081C250508642A0508EB
:10A24000AC2F0508F43405088C1A050808210020F5
:10A25000301D05080C3D0260F5010060B21D026072
:10A26000365300202CC30460583E0F005E19036073
:10A270008E210020491EC8B2E071BDE87040FFF792
:10A280006CB9257070BD2572BDE870400120FFF7E4
:10A290005FB82DE9F05F8046002500F010FB044612
:10A2A000FA4890F823000B2827D0DFF8E4E3DFF822
:10A2B000E4B30023DFF8E0C3F84AF948DFF8E49399
:10A2C000F94901264FF47A77B8F1080F77D018DCF6
:10A2D000B8F1000F74D0B8F1010F72D0B8F1020FCD
:10A2E00021D0B8F1040F6BD19A468B700B78A3F193
:10A2F0000108B8F1020F7CD9D3E04046BDE8F05F19
:10A3000029E7B8F1090F75D0B8F5817F73D0B8F59A
:10A31000827F55D19A468B700B78A3F10108B8F172
:10A32000020F69D9BDE08B7091F80080C246A8F198
:10A330000108B8F1020F7DD804EB0A02C2EBC20893
:10A3400008EB4212024412F8018CA8F16508B8F13A
:10A35000020F70D808F0FF00FFF708FEDFF848E3AF
:10A36000804600209EF80010E1462144C1EBC10266
:10A3700002EB4112CA4911441AE011F8013C51F8AC
:10A38000092CC3EBC30C0CEB031C09EBCC03C0EB97
:10A39000C00C92FBF7F20CEB001C6344A3F5A04346
:10A3A000B3F87D379A4201D1054603E0401CC0B2A4
:10A3B0004045E2D3CA46DFF8E892F0465AE063E24D
:10A3C00055E270E298F800002044C0EBC00101EBB8
:10A3D000401101EB090010F8010CC0EBC00101EBCA
:10A3E00000110AEBC100C5EBC50101EB05173844AC
:10A3F00003E02CE15EE28BE0B2E1A0F591400EF0CB
:10A400003FFDA0B398F800002044C0EBC00101EB71
:10A41000401101EB090010F8010CC0EBC00101EB89
:10A4200000110AEBC1003844A0F5A04090F8800765
:10A43000FF2801E035E020E01AD098F80000204421
:10A44000C0EBC00101EB4011494411F8010CC0EB15
:10A45000C00202EB00120AEBC200C5EBC50202EB20
:10A4600005121044A0F5A040B0F8940761E1FFE7A1
:10A470006D1CEDB2072DA5D3F5E112F8040C0028F0
:10A4800070D052F8090C704508DA00F57A70D5E002
:10A4900002F8036CE7E102F8033CE4E142F8093C0E
:10A4A000E1E18E710B79012B03D0022B10D0EBB1BF
:10A4B000D9E14879C0EBC00101EB001002EB40008C
:10A4C00090F82610002970D0002180F82610CAE1EB
:10A4D0004979C1EBC10202EB4111084490F8241004
:10A4E00000297CD0002180F82410BCE14879C0EB21
:10A4F000001101EB41024A4492F8251000296FD067
:10A50000002182F8251001B13946EEF73AFBAAE1A5
:10A510008B7091F80080C246A8F10108B8F1020FD3
:10A52000BFD804EB0A02C2EBC20808EB4212024495
:10A5300012F8018CA8F16508B8F1020F73D808F081
:10A54000FF00FFF713FDDFF860E1804600209EF872
:10A550000010E1462144C1EBC10202EB4112504917
:10A5600011441BE06DE011F8013C51F8092CC3EBDC
:10A57000C30C0CEB031C09EBCC03C0EBC00C92FB2F
:10A58000F7F20CEB001C6344A3F5A043B3F87D374E
:10A590009A4201D1054603E0401CC0B24045E2D3D7
:10A5A000CA46DFF8FC90F04639E067E198F8000011
:10A5B0002044C0EBC00101EB401101EB090010F891
:10A5C000010CC0EBC00101EB00110AEBC100C5EBAF
:10A5D000C50101EB05173844A0F5914001E04FE1BA
:10A5E00050E10EF04DFCC0B198F800002044C0EBE3
:10A5F000C00101EB401101EB090010F8010CC0EBA8
:10A60000C00101EB00110AEBC1003844A0F5A040E5
:10A6100090F88007FF287FF410AF6D1CEDB2072D76
:10A62000C4D320E1FFE712F8040C50B152F8090C32
:10A630007045BFF633AF42F21071084442F8090C7E
:10A6400011E112F8030C00287FF425AF20E7E2188F
:10A65000C2EBC20303EB4212024412F8013C653B19
:10A66000022B72D88246D8B2FFF780FCDFF838E0C0
:10A67000804600209EF80010E1462144C1EBC10253
:10A6800002EB411202EB0A012BE00000A43A002089
:10A69000583E0F005E1903600C3D026036530020E7
:10A6A000B21D02602CC30460F501006011F8013C8A
:10A6B00051F8092CC3EBC30C0CEB031C09EBCC03C6
:10A6C000C0EBC00C92FBF7F20CEB001C6344A3F54B
:10A6D000A043B3F87D379A4201D1054603E0401C00
:10A6E000C0B24045E2D3D04677462AE038782044CD
:10A6F000C0EBC00101EB401101EB080010F8010CA8
:10A70000C0EBC00101EB001109EBC100C5EBC501B5
:10A7100001EB05110844A0F59040AE380EF0B0FBF7
:10A7200068B138782044C0EBC00101EB40114144CE
:10A7300079E04FF47A72504341F8090C93E06D1EB2
:10A74000EDB2002DD2D18EE0FFE712F8040CE8B391
:10A7500052F8090DA0F57A7084E002F803AC82E0AB
:10A76000E218C2EBC20303EB4212024412F8013CAE
:10A77000653B022B6ED88246D8B2FFF7F7FBDFF8B5
:10A78000E8E1804600209EF80010E1462144C1EB3C
:10A79000C10202EB411202EB0A011CE011F8013C7C
:10A7A00051F8092CC3EBC30C0CEB031C09EBCC03D5
:10A7B000C0EBC00C92FBF7F20CEB001C6344A3F55A
:10A7C000A043B3F87D379A4203D100E050E005463C
:10A7D00003E0401CC0B24045E0D35746F04636E0A7
:10A7E00098F800002044C0EBC00101EB4010384451
:10A7F00010F8010CC0EBC00101EB001109EBC10026
:10A80000C5EBC50101EB05110844A0F59040AE3839
:10A810000EF036FBC8B198F800002044C0EBC00130
:10A8200001EB4010C11911F8010CC0EBC00202EBA2
:10A83000001209EBC200C5EBC50202EB0512104481
:10A84000A0F5A040B0F8660773E76D1EEDB2002DCD
:10A85000C6D108E012F8040C50B152F8090DA0F569
:10A860001C501038106041488BF80260067070E48C
:10A8700012F8030C00287FF470AF09E6012124E6EA
:10A88000012130E601213CE6C8780128087804D08F
:10A89000032804D2401C087002E00428FAD30E708A
:10A8A0004E708B7055E4C879401CC871BDE8F05FEC
:10A8B000FEF753BEBDE8F05F0120FEF749BD2A4810
:10A8C000C07900EB4000C0B270472949026841F8E6
:10A8D0001B2F42684A60007A0872254900201B310C
:10A8E0004872704770B5204D287A18B12C780CB199
:10A8F000032C00D90024687A844215D040B100F0BE
:10A9000028F801464BF69C6364228620F0F792FDFE
:10A910004CB1204600F01DF801464FF2245364224A
:10A920008620F0F787FD6C7270BDC0EBC00202EBB1
:10A930000010104A02EBC000C1EBC10202EB011192
:10A940000844407818B1FF2801D00120704700204A
:10A950007047012803D0022803D0BF207047692028
:10A960007047942070470000F50100608E210020A0
:10A97000F84700200C3D026070B585488549864C3B
:10A980000078012538B1012808D00022022809D01A
:10A9900003280FD00FE091F8C50001E091F82C00DA
:10A9A000A08008E091F82600092803D0012801D0F2
:10A9B000A58000E0A280F0F7CAFBFCF790F8A57034
:10A9C00070BD10B5744C86B06078401C00F001007A
:10A9D0006070C00704D00020EFF7D9FD06B010BDAD
:10A9E0006B4801786C488088E9B183224FF6FF7389
:10A9F00001291ED0022929D00329EFD1072801D926
:10AA00000720A080A0886549C0EBC0000844016809
:10AA100002918188ADF80C108079CDE900328DF873
:10AA20000E0002AB18E001B220220020F0F7AFFBCD
:10AA3000D4E7052801D2052002E0092801D9092020
:10AA4000A080A0885649C0EBC000DFE7CDE9003206
:10AA500008B154A300E055A3C22200210120EFF762
:10AA60007CFDBBE72DE9F0414B4B4A4D514C9A8898
:10AA7000D1B248B10126012818D002282ED00328CF
:10AA800000D11970BDE8F08121710620FCF737FB79
:10AA900049492079087085F8F20085F8C500607989
:10AAA0000028EFD1BDE8F04108F034BA434F092047
:10AAB000397085F82C10FCF722FB3978ED20FCF773
:10AAC0001EFB3F48067094F82800022801D0002899
:10AAD000D8D1BDE8F0410020F3F793BF7AB102204E
:10AAE000988084F8280085F826000020F3F789FF75
:10AAF00094F82800012807D0092805D007E09E8097
:10AB000084F8286085F82660002009F03DFBF1F705
:10AB10008AFF94F828101D20FCF7F1FA0021E920A3
:10AB2000FCF7EDFA27490020087027490880A9E7BB
:10AB300070B5C4B21648254A174B0078092C00EBB3
:10AB4000400102EBC102998812D2DFE804F011142F
:10AB500005110B1111111200B2F91400884207DD22
:10AB6000491C04E0B2F91600884201DA491E9980B6
:10AB700070BD012007E0022803D8FFF773FF002013
:10AB800001E019700320BDE87040FEF7E1BB000052
:10AB90009F0100606E0D0260020200607A420508AB
:10ABA000264205084D4F4442555300004241434E52
:10ABB00045540000A43A00209B00006013210020AF
:10ABC00007210020972100208C010060C641050864
:10ABD00010B5484900200870F0F7B9FABDE81040F8
:10ABE000FBF77DBF444928B1012805D0022807D0D2
:10ABF0000020704708797047404890F82C00704753
:10AC00004879704730B53B4885B0007878B18324E7
:10AC10003A494FF6FF75012812D002282FD0032899
:10AC20000CD1374837490078C0EBC00017E0FFF778
:10AC3000D9FF01B220220020F0F7A9FA05B030BDFB
:10AC400091F82C20501F072813D2DFE800F00404ED
:10AC50000404041204002B49C2EBC2005439084416
:10AC6000016802918188ADF80C1080798DF80E0092
:10AC700003E025A102A80FF0F1FB02AB06E091F87A
:10AC8000260001280AD0092808D021A3CDE90054C4
:10AC9000C22200210120EFF760FCCFE71EA3F5E7F9
:10ACA000B0E71549C0B291F823100B2907D102284B
:10ACB00002D0042802D002E0042000E002200D4A65
:10ACC0000928117814D2DFE800F0131005130913D6
:10ACD00013130E00032904D2491C01E009B1491ED7
:10ACE0001170FBF7FCBE002000E00220FEF730BB35
:10ACF000704700009F010060A43A00206E0D0260C2
:10AD0000020200607A42050876616C20256400002A
:10AD10004D4F4442555300004241434E45540000BC
:10AD20007FB58320EFF748FAF74E83244FF6FF757F
:10AD3000F07830700020707053208DF808004320A8
:10AD40008DF8090048208DF80A00F04802AB002277
:10AD50000078CDE9005431308DF80B0020208DF8BB
:10AD60000C0050210120EFF7A7FC307880B10128BA
:10AD700010D0022810D0032810D0042810D00528A5
:10AD800010D0062810D0072810D0082810D017E0BF
:10AD9000DFA30EE0DFA30CE0DFA30AE0DFA308E0FF
:10ADA000DFA306E0DFA304E0DFA302E0DFA300E00F
:10ADB000DFA3CDE90054182250210120EFF77CFCDD
:10ADC000CDE90054DBA3302200210120EFF774FC11
:10ADD00042F20B26CDE90056D7A3482200210120DC
:10ADE000EFF76AFCCDE90054D2A3602200210120D4
:10ADF000EFF762FCCDE90056CFA3782200210120B5
:10AE0000EFF75AFCCDE90054CAA39022002101209B
:10AE1000EFF752FCCDE90056C7A3A822002101207C
:10AE2000EFF74AFCCDE90054C2A3C0220021012063
:10AE3000EFF742FCCDE90056BFA3D8220021012044
:10AE4000EFF73AFC7FBD2DE9FF5FBC49AE4D4FF0F7
:10AE5000830608784FF6FF7700F00100401C087069
:10AE6000C00701D0B6A323E0287880B1012810D014
:10AE7000022810D0032810D0042810D0052810D0A4
:10AE8000062810D0072810D0082810D017E0A0A35B
:10AE90000EE0A0A30CE0A0A30AE0A0A308E0A0A3FA
:10AEA00006E0A0A304E0A0A302E0A0A300E0A0A30A
:10AEB000CDE90076182250210120EFF7FDFBDFF8E5
:10AEC00048A20024A9460AF1040A4FF00A083025D6
:10AED0000AF1200B8D48007800EBC0019C4800EB84
:10AEE000011199F8000001EB001111F8140001EBB9
:10AEF000440149780A2902D28DF808500BE00C2948
:10AF00000DD84246B1FBF2F330338DF80830B1FB77
:10AF1000F8F308FB131130318DF8091003E08DF8B8
:10AF200008508DF809503A218DF80A100A2802D2EB
:10AF30008DF80B500BE03B280DD84146B0FBF1F2E9
:10AF400030328DF80B20B0FBF8F208FB12003030E5
:10AF50008DF80C0003E08DF80B508DF80C5000209C
:10AF60008DF80D00CDE900760AEB840002AB428833
:10AF70000BEB840001880120EFF79EFB641CE4B218
:10AF8000082CA7D3BDE8FF9F70B55F4CC1B2002568
:10AF9000207809290BD2DFE801F00A17050A0B0A0D
:10AFA0000A0A1100082801D2401C05E0257070BD76
:10AFB00008B1401E00E00820207070BD8320EFF72C
:10AFC000FBF8E570022002E0E07065700420BDE847
:10AFD0007040FEF7BDB91CB54B4883214FF6FF7298
:10AFE000007888B1012811D0022818D0032818D081
:10AFF000042818D0052818D0062818D0072818D0FB
:10B0000008280BD14AA302E041A300E041A3CDE907
:10B010000021182250210120EFF74EFB1CBD3EA35A
:10B02000F5E73EA3F3E73EA3F1E73EA3EFE73EA338
:10B03000EDE73EA3EBE72DE9FF5F4049DFF8C8E00D
:10B04000DFF8C4A008784FF03A0700F00100401C78
:10B050000870C2072D483E494FF0000C4FF083089E
:10B060004FF6FF790EF1040E4FF00A064FF030054F
:10B0700014D000789AF8012000EBC00001EB00101A
:10B080009AF8001000EB011322F00100195C18443B
:10B0900040780A287ED28DF808508FE01A4F00249D
:10B0A000C346F04624371948007800EBC001284811
:10B0B00000EB01109AF8001000EB011111F81400D8
:10B0C00001EB440149780A2902D28DF808500AE0C0
:10B0D00017290CD8B1FBF6F230328DF80820B1FBFD
:10B0E000F6F206FB121130318DF8091003E08DF8ED
:10B0F00008508DF809503A218DF80A100A2829D2F3
:10B100008DF80B5031E00000742200200202006034
:10B110004D6F6E005475730057656400547572006E
:10B12000467269005361740053756E0045783100B2
:10B13000457832004F4E00004F4646000302006043
:10B14000202020202020202020202020200000005F
:10B15000BC8502603B280CD8B0FBF6F130318DF88D
:10B160000B10B0FBF6F106FB110030308DF80C002F
:10B1700003E08DF80B508DF80C5000208DF80D0079
:10B18000CDE9009B08EB840002AB428807EB84000A
:10B19000018800E007E00120EFF78EFA641CE4B2BA
:10B1A000082C80D3EEE617280CD8B0FBF6F330332A
:10B1B0008DF80830B0FBF6F306FB130030308DF845
:10B1C000090003E08DF808508DF809508DF80A70D9
:10B1D0000A2905D230318DF80B508DF80C1012E091
:10B1E0003B290CD8B1FBF6F030308DF80B00B1FBE9
:10B1F000F6F006FB101030308DF80C0003E08DF8EF
:10B200000B508DF80C508DF80DC0D1074FF0200079
:10B2100012D08DF80B008DF80C005008CDE9009885
:10B220000EEB800102AB4A88BB4901EB800001882C
:10B230000120EFF741FAA5E68DF808008DF8090026
:10B24000EBE7C0B209280BD2DFE800F00A07070AD3
:10B25000070A0A0A0500032000E00520FEF778B877
:10B260007047AE4810B5AC4A0078AD4B243A00EBBD
:10B27000C00003EB0013104651780078CC0703EBB5
:10B28000001021F0010102D0405C907010BD084414
:10B290004078FAE72DE9FF5FA249DFF87C92DFF8FA
:10B2A00078E20878A9F1200900F00100401C08703C
:10B2B000C2079A489A494FF03A074FF0000C4FF0F6
:10B2C00083084FF6FF7B4FF00A064FF03005A9F1D7
:10B2D000040A14D000789AF8012000EBC00001EBBA
:10B2E00000109AF8001000EB011322F00100195C25
:10B2F000184440780A286DD28DF8085075E0002473
:10B30000774686489AF801200078D30700EBC00101
:10B31000834800EB01109AF8001000EB011010F8C0
:10B32000141000EB4400407809D0B4EB520F01D167
:10B330009AF802100A2808D28DF8085010E0B4EBF1
:10B34000520FF7D19AF80200F4E717280CD8B0FB97
:10B35000F6F230328DF80820B0FBF6F206FB120050
:10B3600030308DF8090003E08DF808508DF8095051
:10B370003A208DF80A000A2905D230318DF80B5099
:10B380008DF80C1012E03B290CD8B1FBF6F03030F0
:10B390008DF80B00B1FBF6F006FB101030308DF885
:10B3A0000C0003E08DF80B508DF80C5000208DF848
:10B3B0000D00CDE900B809EB840002AB428807EB31
:10B3C000840001880120EFF777F9641CE4B2082CAF
:10B3D00097D3D7E517280CD8B0FBF6F330338DF8A8
:10B3E0000830B0FBF6F306FB130030308DF809008F
:10B3F00003E08DF808508DF809508DF80A700A297D
:10B4000005D230318DF80B508DF80C1012E03B292D
:10B410000CD8B1FBF6F030308DF80B00B1FBF6F034
:10B4200006FB101030308DF80C0003E08DF80B5047
:10B430008DF80C508DF80DC0D1074FF0200011D0C1
:10B440008DF80B008DF80C005008CDE900B809EB21
:10B4500080010EEB80004A88018802AB0120EFF7E3
:10B460002BF98FE58DF808008DF80900ECE72A4AE2
:10B4700030B4C0B20023243A092812D2DFE800F029
:10B48000112505111311111121005078C007907872
:10B4900002D03B2804D201E0172801D2401C0CE066
:10B4A000937030BC70475078C007907802D030B1AC
:10B4B000401E02E00028FBD117209070F1E73B20EE
:10B4C000FBE730BC0420FDF743BF1449144C50780F
:10B4D0000978C50701EBC10104EB01140E4920F006
:10B4E0000105A1F12401097804EB0111947805D03C
:10B4F0004C550F2805D2401C507003E029444C7075
:10B50000F7E7537008490120087008490874084893
:10B51000006830BCE1F7BAB898220020020200604F
:10B52000BC850260030200608E2100205E1903606A
:10B530001022002010B5FF4C01202070E0F740F8E9
:10B5400008B12A2812D1FC48007808B102202070E6
:10B55000FA49002001F0FAF820710020A070FF21C4
:10B56000F74A61702178A2F85210E07010BDF548DA
:10B5700090F8230001280FD005280DD002280BD009
:10B58000062809D0042807D0072805D00C2803D0A6
:10B59000032801D0082804D1E6480078012800D10A
:10B5A000C8E770472DE9F04F85B00C4605463029B5
:10B5B00003D3012005B0BDE8F08F0A2601274FF024
:10B5C00030084FF031094FF0410A4FF0440B182C6E
:10B5D0004FF01402DCA168463DD20DF01BFC07EBD6
:10B5E00054000A280AD3B0FBF6F130318DF8071069
:10B5F000B0FBF6F106FB1100303003E08DF8078058
:10B6000009EB54008DF80800E00721D08DF809B04F
:10B610004FF47A70B5FBF0F130318DF80310B5FBC3
:10B62000F0F100FB11516420B1FBF0F130318DF8E5
:10B630000410B5FBF0F100FB1150B0FBF6F0303018
:10B640008DF80500B5FBF6F006FB105030302BE00E
:10B650008DF809A0DCE70DF0DDFBA4F1180000EB8C
:10B66000D07107EB61000A280ADB90FBF6F130315C
:10B670008DF8071090FBF6F106FB1100303003E067
:10B680008DF8078009EB61008DF80800E0071ED0F7
:10B690008DF809B054208DF8030049208DF804007E
:10B6A0004D208DF805005F208DF8060004EBC400E6
:10B6B000A94900EBC41001EB80001322694601F098
:10B6C00053F800287FF476AF9A494C7072E78DF8F2
:10B6D00009A0DFE72DE9F047964E8246994630787B
:10B6E00015460C46022802D00120BDE8F0873079CB
:10B6F00008B10020F9E7DFF86482C821D8F800001B
:10B70000E1F708FE0028F0D0012D12D0012000EB57
:10B710004400C5B27078A8420DD029465046FFF7C4
:10B7200041FF40B10024D8F80000E1F73EFD20467B
:10B73000DBE76000EDE705EBC50000EBC5118648CF
:10B7400000EB81044946204601F083FA0027B0B19E
:10B7500029465046FFF726FF2046494601F079FA70
:10B760000500B07800F10100B07000D1B770B0787A
:10B77000052803D9B7700520E4F79EFEA5B96D4BE7
:10B780004FF4C875B77020460C332A46744901F04F
:10B790008DF82A46724973480DF03CFB7249894581
:10B7A00002D1204601F04CFA0124BCE72DE9FF4FFD
:10B7B0008246604883B000260178DDF840801F464D
:10B7C0003546B146022905D00120C3F80090C8F8DB
:10B7D000000009E0BAF1180F06D2DDE90412914227
:10B7E00002D88346007910B1002007B0E3E65B4839
:10B7F000C8210068E1F78EFD0028F6D00AF1180094
:10B80000C1B20020FFF7CEFE0446C7F800904FF407
:10B8100000715348C8F800900DF015FB3CB10020B2
:10B8200000904E480068E1F7C0FC0098DDE71198F1
:10B83000C409B4F5005F04DB48480068E1F7B5FCD3
:10B84000D2E70AEBCA0101EBCA10434901EB8000C1
:10B8500043F26031084401906102019801F0F9F966
:10B8600040B9344B4FF400720C333D49019801F05C
:10B870001DF810B10020009058E011997F20A1F12F
:10B88000010E00EBC41272454ED2D2B1344901EB25
:10B8900080010968B9B3354BDFF8D4C00B44634568
:10B8A00022D300EBC410401E002801DD921E3A6036
:10B8B0000120841E06460546C8F80000CBF8089013
:10B8C00034E056EA050002D0012D04D009E04846D4
:10B8D000C7F8009003E00AF10100C7F80090C8F82B
:10B8E00000004FF0FF34E9E7059B994205D225B9E6
:10B8F00002F1010A0125CBF80890049B994200D27D
:10B9000016B1012E0AD00FE001263A60012D03D1B5
:10B91000AAEB0202C8F80020CBF80890012D03D151
:10B92000A81E0446CBF80890401EAAD5641E93D5E5
:10B9300020E00000B82200201E200020083704600C
:10B94000A8020260A43A0020303A2F2020202020B4
:10B9500020202E62696E000036390460900000607D
:10B96000F69F0460CC050160708E010080F6B6A5DC
:10B97000815E9216DBF8080000287FF452AF0120A8
:10B980000090019801F05CF94BE72DE9FF5F634FF0
:10B99000934688463878022803D0012004B0BDE8D9
:10B9A000F09FBBF1010F0ED0012101EB4800C4B2A2
:10B9B00004F118000026C1B23046FFF7F3FD28B1AC
:10B9C0000D284ED0A5E04FEA4800F0E7ECF724FD43
:10B9D00053490546084453494FF0000988422CD288
:10B9E000514850F82400810004EBC40000EBC4125D
:10B9F0004E4800EB820243F260301044824601F070
:10BA000028F9D0B94A48454B4949C0F86E505046CC
:10BA1000103304226E3100F0E9FF58B1B878401CB1
:10BA2000C0B2B870052808D987F802900520E4F75D
:10BA300043FD02E087F80290012604EBC40000EB0E
:10BA4000C4113A4800EB810543F26030284401F00C
:10BA5000F7F87EB3002621460098FFF7A3FD30B12A
:10BA600057E034490320387081F8C20051E0DFF814
:10BA7000C8A02846BAF81410491CAAF81410039953
:10BA800001F0E7F8B8B1BAF816005546401CAAF81C
:10BA9000160021460098FFF785FDB8780421401C68
:10BAA000C0B2B8706985052833D987F8029005209F
:10BAB000E4F702FD2DE0BAF8180008EBC801401CBD
:10BAC000AAF8180001EB08101C494FF4C87401EBE8
:10BAD0004011174887F80290BBF1010F224600F190
:10BAE0006E0001D001F5C8710DF094F90B4B1049AF
:10BAF0002846103322466E3100F078FF1049039833
:10BB00008842284602D101F09BF801E001F04CF890
:10BB10000126304642E7012070470000B82200208D
:10BB20007FF6B6A57F5E92166C050160363904601B
:10BB3000889F04606E0D0260A80202605C070160CD
:10BB4000708E010010B518B9DFF73AFD002800D05B
:10BB5000012010BD0020704770B514460D460BB192
:10BB600048B901E0042070BD1A4621462846DFF797
:10BB7000F6FD0028F7D0012070BD2DE9F0411D0031
:10BB800016460F464FF01F0401D070B902E00420A2
:10BB9000BDE8F0812A4631463846DFF714FE30B161
:10BBA000641E14F0FF04F5D108B10120F0E7002075
:10BBB000EEE708B10120704739B1012905D002290B
:10BBC00005D0032906D004207047002070474FF4A9
:10BBD000007000E008201080F7E7002070470FF0A9
:10BBE00065BF0FF08DBD00002DE9F041D0F82A505F
:10BBF0000F460446BD422FD0217904F12E08F1B141
:10BC0000607801232A464146FFF7B7FFF8B90020C4
:10BC10002071D4F81E00D4F81A100844A8420ED996
:10BC2000E6780AE0D4F81A000123054460782A4631
:10BC30004146FFF7A2FF761EF6B2012EF2D85FB1A1
:10BC4000607801233A464146FFF786FF10B1012094
:10BC5000BDE8F081C4F82A700020F9E72DE9F04131
:10BC600004460021FFF7C0FF050057D120780328C4
:10BC70004DD16079E8B3002604F12E00C4F82A60A3
:10BC80004FF400723146074601F007FE552084F854
:10BC90002C02AA2084F82D02522084F82E0084F869
:10BCA0002F00612284F83020412084F83100722175
:10BCB00084F8121284F8131284F8140284F81522FE
:10BCC000D4F80E0084F81602010A84F81712010C49
:10BCD00084F81812000E84F81902D4F80A0084F8C7
:10BCE0001A02010A84F81B12010C84F81C12000EBF
:10BCF00000E00CE084F81D0254F8122F012314F820
:10BD0000110C3946FFF739FF04F80D6C123C002284
:10BD100060781146FFF74DFF00B10125284697E7EF
:10BD2000D0F81620891E921E8A4201D80020704742
:10BD3000D0F82620807801FB002070472DE9F041E3
:10BD40000D460446022903D3D4F81600A84201D8B0
:10BD500001207DE72078012804D0022828D003287C
:10BD60003BD132E0D4F81E0005EB550600EB56211E
:10BD70002046FFF739FF80BBC6F308002044761C3D
:10BD800090F82E70D4F81E0000EB56212046FFF7E5
:10BD90002BFF10BBC6F308002044E90790F82E00E3
:10BDA00047EA002001D0000952E7C0F30B004FE73B
:10BDB000D4F81E0000EB15212046FFF715FF60B9EF
:10BDC000E8B204EB4000C08D42E7D4F81E0000EB5F
:10BDD000D5112046FFF708FF10B14FF0FF3037E7CD
:10BDE00040F2FF1000EA8500204410F82E1FC278B0
:10BDF00041EA026182784078120442EA002001435D
:10BE000021F0704024E72DE9F04716460D46044620
:10BE1000022903D3D4F81600A84202D80220BDE8B4
:10BE2000F087207806F0FF084FF00109012807D0BD
:10BE3000022839D0032849D0022084F80490EEE784
:10BE4000D4F81E0005EB550700EB57212046FFF7FD
:10BE5000CBFE0028F1D1C7F3080020442E30E907BB
:10BE600003D0017868F31F1100E03146017084F8B7
:10BE70000490D4F81E007F1C00EB57212046FFF7EA
:10BE8000B3FE0028D9D1C7F3080121442E31EA07B7
:10BE900002D0C6F3071205E00A78C6F3032302F0C6
:10BEA000F0021A430A70C8E7D4F81E0000EB15210F
:10BEB0002046FFF799FE0028BFD1E9B204EB41010B
:10BEC000320A81F82E8081F82F20B6E7D4F81E00C0
:10BED00000EBD5112046FFF787FE0028ADD140F2D8
:10BEE000FF1101EA850121444FF0704391F83120A0
:10BEF00003EA0262324301F82E2F130A4B70130C2F
:10BF00008B70120ECA7098E72DE9F0410F46054676
:10BF1000022919D3D5F81600B84215D900264FF0DA
:10BF200001081FE039462846FFF708FF04001DD02E
:10BF3000012C09D0601C09D0002239462846FFF7A1
:10BF400062FF060012D103E002260FE001260DE099
:10BF5000D5F80E00411C04D0401CC5F80E0085F831
:10BF600005802746D5F81600B842DBD830466FE684
:10BF70002DE9F0410F00064605D0FFF7DFFE02284D
:10BF80000AD2012064E6D6F80A501DB1D6F8160090
:10BF9000A84206D8012504E0D6F816108142F1D84F
:10BFA0003D462C46D6F81600641CA04202D8022456
:10BFB000022D0AD321463046FFF7C0FE38B1411C9E
:10BFC000E0D00128DED0AC42ECD1002040E66FF09A
:10BFD000704221463046FFF716FF30B957B122466E
:10BFE00039463046FFF70FFF20B101280ED001245B
:10BFF00020462DE6C6F80A40D6F80E00411CF7D0C0
:10C00000401EC6F80E0001207071F1E74FF0FF34BA
:10C01000EEE770B50D46C18081680446012922D043
:10C020002068D0F816208A421DD929B90278032A3F
:10C0300005D1D0F8221011B18078060119E0E16035
:10C040000189A9420FD9D0F8220018E02068FFF733
:10C0500075FE0146401C08D0022904D32068D0F8A0
:10C060001600884203D8022070BD012070BDA81BB5
:10C0700085B2B542EAD2E1602068FFF751FE00EBDD
:10C0800015102061206805F00F012E2202EB4111EE
:10C0900008446061002070BD2DE9F0410446C0886D
:10C0A0000E46401C07043F0C2ED0206960B33907B0
:10C0B00062D1401C2061E168206829B18278521E5B
:10C0C00012EA171F04D057E00089B8421CD953E088
:10C0D000FFF734FE054601281AD9681C33D02068C2
:10C0E000D0F81610A94241D876B1E168FFF740FFB9
:10C0F00005000BD0012D0BD0681C24D02068002136
:10C10000FFF772FDF8B905E00420A1E507209FE5DF
:10C1100002209DE520684FF4007200212E3001F0CE
:10C12000BCFB20682946FFF7FBFD216800264FF085
:10C130000108C1F82A000FE080F80480206800217F
:10C14000FFF752FD08B1012082E5206850F82A1F50
:10C15000491C761C0160F6B220688178B142EBD8A8
:10C160002168D1F82A10891BC0F82A10E5602068E0
:10C170002946FFF7D5FD2061E780206807F00F0111
:10C180002E2202EB411108446061002060E510B5E9
:10C190000446042015E02068FFF726FDB0B9626967
:10C1A000117861B1E52904D02E2902D0D17A09078E
:10C1B0000ED500212046FFF76FFF10B106E00420E6
:10C1C00004E021690029E6D1002801D00021216185
:10C1D00010BD70B505460021FFF71BFF0EE0296971
:10C1E0002868FFF701FD04001FD168690078E52881
:10C1F00007D030B101212846FFF74EFF0400EED0F2
:10C2000013E029692868FFF7EFFC04000DD16E697F
:10C2100020220021304601F040FBA9690B22304664
:10C2200001F033FB296801200871204670BD10B56C
:10C230000446C188FFF7EDFE00280BD12169206874
:10C24000FFF7D2FC002805D16269E5211170226850
:10C250000121117110BD2DE9F04789460C6800E0FD
:10C26000641C21782F29FBD05C29F9D085690B2229
:10C270002021284601F011FB0020024617464FF00E
:10C28000080CE15D7F1C20292ED92F292CD05C2998
:10C290002AD02E2901D060450AD3BCF1080F30D135
:10C2A0002E292ED1082091064FF00B0C0A0EE8E73C
:10C2B000802926D2FEA300E05B1C1E7816B18E42B8
:10C2C000FAD11EE0A1F14103192B02D842F002027B
:10C2D00007E0A1F16103192B03D8203942F00102D4
:10C2E000C9B22954401CCCE73C44C9F8004020297D
:10C2F00001D8042100E0002118B12878E52802D0F7
:10C3000003E006208BE505202870BCF1080F01D161
:10C310009006020E02F00300012801D141F0100145
:10C32000C2F38100012801D141F00801E972002027
:10C3300075E530B5036901F1090263B34069002472
:10C34000035D202B07D0052B00D1E523641C02F8E8
:10C35000013B082CF4D3037A202B0BD02E2302F8B8
:10C36000013B0823C45C202C04D05B1C02F8014B69
:10C370000B2BF7D3C37A0B72037FC47F457F43EA4D
:10C380000463847F240444EA052423430B60038B65
:10C390008B80C08AC8800020107030BD73B5044601
:10C3A000019908782F2801D05C2801D1491C0191FE
:10C3B0000025A56001980078202805D2002120469C
:10C3C000FFF727FE65617CBD01A92046FFF743FF0B
:10C3D0000028F8D1204601F078FAA169C97A28B17D
:10C3E0000428F0D14907EED405207CBD4907FCD4D0
:10C3F0006169C87AC006F7D5206801F055FAA060D7
:10C40000E2E710B504460A464078012304F12E0104
:10C41000FFF7A2FB08B1032010BDB4F82C02A0F571
:10C420002A41553901D0022010BD94F8640094F8D7
:10C43000671094F8652040EA016194F866000004F2
:10C4400040EA022001439E48B0EB012F0DD014F8C2
:10C45000801FE278637841EA0261A278120442EA1E
:10C4600003221143B0EB012F01D1002010BD0120A8
:10C4700010BD2DE9F04715460A4601680B78303BA0
:10C48000092B02D84C783A2C05D0002300261660E0
:10C4900023B10B20C3E4891C0160F7E789480468D5
:10C4A0008CB11460207820B16078FFF753FBC1078E
:10C4B0000BD02670B14630466670FFF743FBC107CC
:10C4C00008D00320ABE40C20A9E40DB1400704D44C
:10C4D0000020A4E41DB1400701D50A209FE40026F6
:10C4E00031462046FFF78DFF012812D104F5F67082
:10C4F000017900294ED0017AC27A41EA0266817A36
:10C50000407A090441EA0020064331462046FFF7FD
:10C5100078FF032801D0E8BB01E001207FE4B4F8F4
:10C520003900B0F5007F6DD1B4F8440068B994F8D3
:10C53000520094F8551094F8532040EA016094F8A2
:10C540005410090441EA02210843C4F81A0094F87F
:10C550003E108446E170012901D0022952D194F89D
:10C560003B500CFB01F0A570A5B16A1E154249D1E4
:10C57000B4F83F202281110744D1B4F8411079B9B1
:10C5800094F84E1094F8513041EA036194F8503019
:10C590001B0400E036E094F84F7043EA0723194388
:10C5A000A38F7BB31F1807EB1217B9422AD3C91BFD
:10C5B000B1FBF5F131B3012540F6F678414500D3E2
:10C5C00002254FF6F678414500D30325891CC4F8AF
:10C5D00016103744C4F826703344C4F81E30032DB7
:10C5E00012D07AB11844C4F82200022D20D001F0F4
:10C5F000010001EB410100EB510000F2FF10BCEB28
:10C60000502F17D20D200AE4002AFBD194F85A00CB
:10C6100094F85D2094F85B3040EA026094F85C2066
:10C62000120442EA03221043C4F822008800E4E71F
:10C630004800E2E74FF0FF30C4F80E004F46C4F860
:10C640000A90032D66D16771B4F85E000123821948
:10C65000C4F81220607804F12E01FFF77DFAB8BB10
:10C66000B4F82C02A0F52A41553953D194F82E0084
:10C6700094F8311094F82F2040EA016094F83010BB
:10C68000090441EA022108430F49884242D194F843
:10C69000120294F8151294F8132240EA016094F8FB
:10C6A0001412090441EA022108430849884210E0B3
:10C6B000222A2B2C3A3B3C3D3E3F5B5D7C7F0000B9
:10C6C000004641540C020060525261417272416155
:10C6D00020E01FD194F81A0294F81D1294F81B223E
:10C6E00040EA016094F81C12090441EA022108435F
:10C6F000C4F80A0094F8160294F8191294F8172254
:10C7000040EA016094F81812090441EA0221084342
:10C71000C4F80E00FE4925700888401C0880E0809F
:10C72000C4F82A702771D3E610B5016829B10A78D8
:10C730001AB1CA888088824201D0092010BD487889
:10C74000FFF708FAC007F9D0032010BD08B10B208D
:10C750007047EF4B1B1D0022186800B1027001B139
:10C760000A700020196070472DE9F7478BB0070069
:10C770000ED04FF0000802F01F06C7F8008026F028
:10C78000010269460CA8FFF774FE050003D08BE098
:10C7900009200EB0B6E507A8069068460C99FFF789
:10C7A000FDFD059C050001D104B9062516F01C0FFE
:10C7B0004BD055B1042D03D16846FFF70AFD05465D
:10C7C000059C46F0080645B16EE0E07A10F0110FC6
:10C7D00045D1700701D5082566E0300745D5FFF73C
:10C7E000FCF9A073010AE173010C2174000E60745E
:10C7F00084F80B8084F81C8084F81D8084F81E80E7
:10C8000084F81F802146009801F04EF881460021EF
:10C81000204601F052F800990120B9F1000F08718B
:10C8200021D000984946D0F82AA0FFF76DFB0500FB
:10C830003AD10099A9F10100C1F80A0051460098C7
:10C84000FFF7D2F9051E0CD02EE06DBBE07AC106D1
:10C8500001D5042528E0B10703D5C00701D007257D
:10C8600022E0300701D546F0200600982146D0F896
:10C870002A00F8613C62BE71009801F015F8386139
:10C88000207FE17F627F40EA0160A17F090441EAE5
:10C8900002210843F860C7F80880C7F8188000989C
:10C8A00038600098C088B880284672E72DE9F05FAC
:10C8B000894600219A46164604461960FFF734FF60
:10C8C000002803D1A079010602D50220BDE8F09F1F
:10C8D000C00708D0E068A16804F1240B401A864222
:10C8E00000D906467EE00720F0E7A068C10561D1C7
:10C8F00022689178491E01EA502111F0FF0709D101
:10C90000F8B161691046FFF719FA02281BD3411CE0
:10C9100048D0606161692068FFF702FA98B100EBC6
:10C920000708750A25D020687A1981788A4200D9CB
:10C93000CD1BEBB2407842464946FFF70DF988BB64
:10C9400006E02069E1E7A07940F08000A071BCE733
:10C95000A07940060BD5A169A1EB0800A84206D238
:10C9600009EB40204FF40072594600F08EFF6D0233
:10C970002EE0A26942451BD0A07940060AD5206866
:10C98000012359464078FFF7F8F858B9A07920F00C
:10C990004000A07120680123424640785946FFF7C5
:10C9A000DBF828B1A07940F08000A07101208DE76C
:10C9B000C4F818802089C0F30800C0F50075B5429E
:10C9C00000D9354601192A464846243100F05DFF5A
:10C9D000A068A9442844A060DAF800004119761B39
:10C9E000CAF80010002E80D100206FE72DE9F84F23
:10C9F000894600219B46164604461960FFF794FEBF
:10CA0000DFF810A120B10122AAF82C20BDE8F88F90
:10CA1000A079010603D50221AAF82C1063E0800753
:10CA200004D40321AAF82C100720EFE7E06804F1F2
:10CA3000240182190091824269D3A4E0A068C10553
:10CA40006AD122689178491E01EA502111F0FF0550
:10CA50000BD1C8B161691046FFF78AFA002856D099
:10CA600001281AD0411C1AD06061A07940061CD55B
:10CA70002068A269012340780099FFF77EF880B111
:10CA80000621AAF82C105AE020690028E8D10021DC
:10CA90001046FFF76DFA2061E0E704211DE0052153
:10CAA000EFE7A07920F04000A07161692068FFF7EE
:10CAB00037F988B100EB0508770A2ED02068EA190B
:10CAC00081788A4200D94F1BFBB2407842464946E2
:10CAD000FFF753F880BB08E00721AAF82C10A079D3
:10CAE00040F08000A071022090E7A169A1EB08004E
:10CAF000B8420AD209EB40214FF40072009800F0CE
:10CB0000C4FEA07920F04000A0717D0231E03DE03C
:10CB100008020060A802026019E0A169414514D032
:10CB2000A068E168884210D220680123424640781C
:10CB30000099FFF711F840B10820AAF82C00A0795D
:10CB400040F08000A071012060E7C4F818802089BF
:10CB5000C0F30800C0F50075B54200D93546204441
:10CB60002A464946243000F090FEA07940F040006B
:10CB7000A071A068A9442844A060DBF80000411916
:10CB8000761BCBF80010002E7FF458AFA068E16848
:10CB9000884200D9E060A079092140F02000A0710E
:10CBA000AAF82C10002031E770B50446FFF7BCFD51
:10CBB00000280ED1A1798A060BD548060ED520682B
:10CBC000A2690123407804F12401FEF7D6FF08B1E1
:10CBD000012070BDA07920F04000A071E1692068BB
:10CBE000FFF702F80028F4D1256AE87A40F0200027
:10CBF000E872207B2877A089000A6877E068000C3B
:10CC0000A877E068000EE8772169284600F055FE15
:10CC1000FEF7E3FFA875010AE975010C2976000EFD
:10CC200068760020A874E874A07920F02000A07134
:10CC30002168012008712068BDE87040FFF70EB838
:10CC400010B50446FFF7B0FF002801D10021216094
:10CC500010BD2DE9F0410D460446FFF765FD5FEA82
:10CC6000000803D1A079010602D50220BDE8F081B9
:10CC7000E168A94202D2800700D40D46A0680027CF
:10CC8000A760FDB1226891784E0268B1691E401E0E
:10CC9000B1FBF6F1B0FBF6F3994205D3711E884360
:10CCA000A0602D1A61690CE0216949B90021104684
:10CCB000FFF75EF90146012840D0481C4FD02161A2
:10CCC0006161D9B927E0A0798007206805D5FFF711
:10CCD0004FF9010004D1354612E0FFF72FF8014665
:10CCE000481C3CD0012929D92068D0F81600884278
:10CCF00024D96161A068AD1B3044A060B542E2D880
:10CD0000A0682844A060E80505D02068FFF708F86F
:10CD1000A0B100EB55272089C00527D0A269BA42EF
:10CD200024D0A07904F12405400610D52068012301
:10CD300029464078FEF721FF88B904E0A07940F049
:10CD40008000A07191E7A07920F04000A0712068D8
:10CD500001233A4640782946FEF7FEFE28B1A07925
:10CD600040F08000A071012080E7A761A068E16821
:10CD7000884204D9E060A07940F02000A0714046CC
:10CD800074E773B584B0040008D00146002205A8FA
:10CD9000FFF76FFB2568002618B11CE0092006B0DC
:10CDA00070BDC4F818D020460599FFF7F7FA70B99E
:10CDB000616931B1C87AC0060FD5284600F074FD0C
:10CDC000A060E888A08000212046FFF722F904280F
:10CDD00003D00028E3D02660E1E70520FBE7FEB59D
:10CDE0000E460446FFF7A0FC002816D1B6B1C4F8E1
:10CDF00018D02046FFF7CBF90025042813D00028CF
:10CE00000BD131462046FFF794FA00212046FFF768
:10CE100043F9042801D125610020FEBD00212046F0
:10CE2000FFF7F7F8FEBD2561EBE733B58BB00D4694
:10CE3000002269460BA8FFF71CFB04000FD107A8CE
:10CE4000069068460B99FFF7A9FA040007D10598E8
:10CE500020B129466846FFF76CFA00E00624204618
:10CE60000DB030BD2DE9F74F14468A460022214609
:10CE70006846FFF7FEFA25685FEA00085BD1D5F83F
:10CE80001670D5F80E00B91E884202D8CAF8000004
:10CE900051E095F800900024B9F1010F02D0D5F8C7
:10CEA0001E6017E0022631462846FEF747FF411C68
:10CEB00003D0012803D028B105E0012000E00220C2
:10CEC00080462FE0641CD5F81600761C8642EAD313
:10CED00028E059B93146761C2846FEF785FE5FEA00
:10CEE00000081FD105F12E004FF40071B9F1020FB7
:10CEF0000DD00278C37890F801C042EA03628378CB
:10CF00001B0443EA0C231A43120106D006E00288F0
:10CF100002B9641C801C891E02E0641C001D091FEC
:10CF20007F1ED6D1C5F80E40B9F1030F01D1012003
:10CF30006871CAF800404046BDE8FE8F70B5040035
:10CF400004D0FFF7F1FB050002D040E0092070BDDE
:10CF5000A179080601D5022539E0880701D4072503
:10CF600035E0E268A068824231D9E06041F02001FA
:10CF7000A17150B161692068FEF7E0FE0646401CD1
:10CF80000BD0012E0BD065B11DE021692068FEF7A2
:10CF9000BBFF05460020206114E0012513E00225B7
:10CFA00011E02068D0F81610B14210D961696FF015
:10CFB0007042FEF728FF050005D120683146FEF7D4
:10CFC000A3FF05461DB1A07940F08000A07128465E
:10CFD00070BD71B591B00122694611A8FFF749FAF9
:10CFE000040044D10EA8069068461199FFF7D6F9BF
:10CFF00004003CD1059E56B1F07AC00700D007244A
:10D000003146009800F050FC054614B12FE006248C
:10D01000F6E7F07AC0061AD5022D01D2022426E0E6
:10D020001C22694607A800F030FC022107A80995D8
:10D03000FEF7EFFF04001AD107A8FFF7A8F80400D5
:10D0400003D0042C03D014B111E007240FE068468C
:10D05000FFF7EDF804000AD12DB129460098FEF73C
:10D0600053FF040003D10098FEF7F8FD044612B008
:10D07000204670BD2DE9F14F8CB0FEF7AEFD06469F
:10D08000012269460CA8FFF7F4F9040009D109A8A8
:10D09000069068460C99FFF781F9040002D0042C31
:10D0A00002D097E0082495E000210098FEF760FF89
:10D0B0005FEA00084FF0000403D0B8F1010F02D07E
:10D0C00002E0072400E00224B8F1FF3F01D014B1D0
:10D0D00066E0012464E000210098FEF785FD04006D
:10D0E0005ED141460098FEF71BFE009D07462E3597
:10D0F0004FF400720021284600F0CFFB0B222021C4
:10D10000284600F0CAFB2E242C701020E872F0B2E2
:10D110000890A875C6F307200790E875C6F3074B7B
:10D1200085F818B04FEA166A85F819A041462846D6
:10D1300000F0C3FB05F1200020222946064600F03E
:10D14000A4FB85F82140009802990278032A04D1B3
:10D15000D0F82200884200D10021304600F0ADFB1B
:10D1600000984FF00109867813E000980021C0F87C
:10D170002A7080F804907F1C0098FEF735FD0400AB
:10D180000ED14FF400720021284600F086FB761E77
:10D19000F6B2002EE9D16846FFF71BF8040004D070
:10D1A00041460098FEF7B0FE14E005981021C172C8
:10D1B000089981750799C17580F818B080F819A091
:10D1C000414600F07AFB009981F804900098FEF740
:10D1D00045FD04460DB02046BDE8F08F37B58AB056
:10D1E00015460C46012269460AA8FFF742F90028B5
:10D1F00016D107A8069068460A99FFF7CFF80028CD
:10D200000ED1059868B105F02702C17A1440914308
:10D210000C43C4720099012008710098FEF71EFDAE
:10D220001EE606201CE613B58AB00C4601226946AC
:10D230000AA8FFF71EF9002819D107A8069068462A
:10D240000A99FFF7ABF8002811D1059888B1A179A8
:10D250008175E188090AC17521790176A188090AD9
:10D2600041760099012008710098FEF7F7FC0CB098
:10D2700010BD0620FBE733B599B00C46012202A988
:10D2800019A8FFF7F6F8002853D10298099016A8BC
:10D29000089002A81999FFF781F8002849D107984A
:10D2A000F0B300F10B01152210A800F0EEFA1C22D9
:10D2B00002A909A800F0E9FA214609A8FFF76EF8CB
:10D2C00078B3042835D109A8FEF783FF002830D1B0
:10D2D0000E9C13220DF1420104F10D0000F0D5FA6D
:10D2E0009DF84000012540F02000E0720298057191
:10D2F0000B990498884232D0E07AC0062FD5214697
:10D30000029800F0D1FA01460298FEF709FD0100EB
:10D3100013D00298FEF768FC029901F14E0201E079
:10D3200006E008E0002804D150782E2807D016E047
:10D3300004201BB030BD0820FBE70220F9E7087885
:10D34000032806D10B98D1F82210884201D1002180
:10D3500000E00B99104600F0B0FA0298057102A89F
:10D36000FEF765FF0028E4D10298FEF777FCE0E7BE
:10D370002DE9F74F86B0154610B10B2009B02BE709
:10D380000798012802D8681E054201D01320F5E74E
:10D39000F848046844B1002020700390FEF7D2FBE7
:10D3A000C10703D00320E9E70C20E7E7400701D5D8
:10D3B0000A20E3E704AA01210398FEF7FAFB0028FC
:10D3C0007ED1049980297BD3079808B1002000E022
:10D3D0003F208046A1EB080104917DB94FF4FA602B
:10D3E000B1FBF0F20020E44B00E0401C33F8105099
:10D3F0009542FAD8E04A163232F81050680A5FEACD
:10D40000000912D0B9F1800F01D980208146B1FB0B
:10D41000F9F0012640F6F672904200D302264FF64C
:10D42000F672904203D3032620E00120EEE7032E9C
:10D430001CD0012E22D04000001D00F2FF10470A30
:10D4400001252020834608EB050A0AEB0700584413
:10D4500000EB09020090A2EB080088423FD801AA25
:10D4600003210398FEF7A5FB98B90DE040F20722CF
:10D4700002EB8000470A20250020E3E700EB400094
:10D48000401C4008C01CD8E7019810B1B0F5004F0F
:10D4900001D90120019000990144401E491E814399
:10D4A0000098081A0190032E0FD007440498411BDE
:10D4B000CA1BA2EB0B02B2FBF9F10091022E00E0B5
:10D4C000D3E005D0032E06D00BE005448244EDE7FF
:10D4D00040F6F67201E04FF6F672914201D20E204C
:10D4E0004CE7012E03D0022E03D00C2007E00120D0
:10D4F00005E0B0F5803F01D2042000E00620059051
:10D50000079808B1F0203BE004F12E004FF40072C0
:10D510000021029000F0C1F904F5F670012141707C
:10D5200081700022C27005990171FE214171049B36
:10D5300008EB030143F6C163B1FBF3F13F2343EA78
:10D54000910C019180F806C0C1710372427282721F
:10D55000C272049901730A0A42730A0C8273090E9B
:10D56000C173552084F82C02AA2084F82D02DDE92D
:10D57000021001230022FEF700FB002875D1F820DD
:10D580002E3402904FF400720021204600F085F9FD
:10D590000B227AA1204600F078F90021E1720220E6
:10D5A000207384F80D90A573280AE073012020747D
:10D5B000032E0BD040026074000AA0740498B0F5EA
:10D5C000803F05D2E074000A20750CE00020F2E7ED
:10D5D00084F82000020A84F82120020C84F822201A
:10D5E000000E84F82300029860753F20207600200A
:10D5F0006076FF21A176E07684F81C804FEA18203F
:10D6000060774FEA1840A0774FEA1860E077FEF79E
:10D61000E4FA802129220190032E27D084F82700E4
:10D62000030A84F82830030C84F82930000E84F8AB
:10D630002A00A775380AE07584F8241084F826209B
:10D64000132251A104F12B0000F01FF9552084F89A
:10D65000FE01AA2084F8FF010123424621460398D7
:10D66000FEF78BFA002889D133E082E084F843008A
:10D67000030A84F84430030C84F84530000E84F823
:10D68000460084F82470380A84F82500380C84F8A1
:10D690002600380E84F82700022084F82C00002091
:10D6A00084F82D0084F82E0084F82F00012384F8DC
:10D6B000303084F83100062384F8323084F83300A7
:10D6C00084F8401084F84220132234A104F147006A
:10D6D000BAE7032E06D1012308F10602214603987A
:10D6E000FEF74BFA55464FF0000A4FF40072002146
:10D6F000204600F0D2F802980190032E12D0012E9D
:10D700000ED06FF0FF010143019121700198000AD2
:10D7100060700198000CA0700198000EE07018E095
:10D720002349F0E760F0FF00019020700198000AA3
:10D7300060700198000CA0700198000EE070FF204E
:10D7400020716071A071E07120726072A0720F2070
:10D75000E0722A466D1C012321460398FEF70DFA5C
:10D7600038B94FF400720021204600F096F80120ED
:10D770002AE065E00C020060B2420508EBFE904D25
:10D7800053444F53352E30004E4F204E414D4520CF
:10D790002020204641542020202020004E4F204EA3
:10D7A000414D452020202046415433322020200086
:10D7B00000FFFF002A466D1C012321460398FEF757
:10D7C000DCF9E8BB0198401C0190B842F2D30AF1A1
:10D7D00001005FEA000A88D0032E09D05F462A467E
:10D7E0006D1C012321460398FEF7C7F940BB01E0F9
:10D7F0004F46F4E77F1EF2D1032E3CD15220207019
:10D8000060706122A2704121E170722084F8E4010D
:10D8100084F8E50184F8E61184F8E7210098401EB9
:10D8200084F8E801010A84F8E911010C84F8EA118E
:10D83000000E84F8EB01022084F8EC01002000E0E7
:10D8400021E084F8ED0184F8EE0184F8EF01552021
:10D8500084F8FE01AA2084F8FF01012308F10102E7
:10D8600021460398FEF789F9012308F107022146B2
:10D870000398FEF782F9002211460398FEF799F902
:10D8800000283FF484AD012078E503E011F8013B66
:10D8900000F8013B521EF9D27047C9B201E000F80E
:10D8A000011B521EFBD270470246488B1278032A96
:10D8B00002D1898A40EA0140704781760A0AC2761D
:10D8C0000A0C0275090E417570472DE9F0410446B6
:10D8D0000021FEF79EFB002820D100254FF4FA76A8
:10D8E0006D1CADB2B54219D821692068FEF77CF9EC
:10D8F000002813D161690A787AB1CA7A120711D463
:10D90000A2690B2300275B1E0AD311F8017B12F8D2
:10D9100001CBB7EB0C07F6D004E00420BDE8F081A2
:10D92000002FFBD000212046FEF7B6FB0028D7D001
:10D93000F4E7008840BA70470188827849BA090440
:10D94000C07841EA022108437047F5E770B5054603
:10D95000FF20002331240FE0EA5C50400822060635
:10D9600002D584EA400000E04000521EC0B212F02E
:10D97000FF02F4D15B1C9BB28B42EDD370BD10B59E
:10D980001446FFF7E3FFA04202D04FF0FF3010BD76
:10D99000002010BDF0B50546080A287002201F4679
:10D9A00016466970002419E036F81410090A295443
:10D9B000401C80B216F814102954401C1FFA80FC39
:10D9C00005EB0C000221801EFFF7C0FF05F80C00DC
:10D9D0000CF1010C641C1FFA8CF0E4B2BC42E3D3DE
:10D9E000F0BD2DE9F0410E4602EB420189B290B044
:10D9F00088466D460A46294600F0C7F8002818D127
:10DA00000024274612E02819844682780221FFF775
:10DA1000B6FF00280DD1285DF0557F1CB8B29CF8E8
:10DA200001103154401CE41C87B2A4B24445EAD32F
:10DA3000002010B0BDE8F08170B515460C46FFF728
:10DA4000D0FF00280CD108E034F81030190241EA68
:10DA5000132124F81010401CC0B2A842F4D30020B7
:10DA600070BD38B5044600231A466846FFF792FF9A
:10DA700002226946204600F068F838BD10B588B02B
:10DA80000446DBB26846FFF785FF0246694620463A
:10DA900000F05BF808B010BDF8B51D461446074607
:10DAA00000231A466846069EFFF774FF0222694665
:10DAB000384600F04AF8002808D114B1204600F09A
:10DAC00026F9324629463846FFF7B6FFF8BD08B5B5
:10DAD000009313460022FFF7DFFF08BD70B505462F
:10DAE00007244FF0FF3600F0FAF825FA04F0C007DB
:10DAF00002D000F0CBF801E000F0D9F8052000F0EA
:10DB000006F900F0B7F8052000F001F900F06AF816
:10DB100078B9641E64B2002CE5DA00F0E0F800F099
:10DB2000B5F8052000F0F3F800F0A4F800F05AF87A
:10DB300008B1304670BD00F0CEF808B1012400E015
:10DB4000002400F0CCF8204670BD2DE9F0411646C7
:10DB50000F460446DCF78CFC6006000EFFF7BEFFA4
:10DB600005000DD1002409E0385DFFF7B7FF05007F
:10DB700002D0DCF79AFC03E0641CA4B2B442F3D3F5
:10DB8000DCF793FC2846BDE8F0812DE9F04115460D
:10DB90000F460446DCF76CFC012000EB4400C0B2E9
:10DBA000FFF79CFF040003D0DCF77FFC2046EAE788
:10DBB00000246E1E09E0B44201DA012000E00020DA
:10DBC00000F021F83855641CA4B2AC42F3D3DCF762
:10DBD0006CFC0020D7E710B500F04CF8BDE8104011
:10DBE00000F054B810B5642407E000F08CF808B1D8
:10DBF000002010BD052000F08AF8641E14F0FF0418
:10DC0000F3D1FF2010BD70B50646002500F03EF8A8
:10DC10000724052000F07BF800F02CF8FFF7E2FF66
:10DC2000F8B900F058F808B1012100E00021A14046
:10DC30002943CDB200F053F8641E64B2002CE8DA38
:10DC400016B100F034F801E000F020F8052000F0F3
:10DC50005EF800F00FF8052000F059F8FFF7C2FF5A
:10DC600008B1FF2070BD00F03AF800F00FF8284628
:10DC700070BD000008B50820ADF8000004208DF844
:10DC8000030069462348DAF798FF08BD08B5042069
:10DC9000ADF800008DF8030069461E48DAF78DFFE5
:10DCA00008BD10B5FFF7F2FFBDE81040E2E738B558
:10DCB0000420ADF8000010208DF803000320154C5F
:10DCC0008DF8020069462046DAF777FF04212046E6
:10DCD000DAF7DFFF38BD04210E48DAF7C4BF38B5E4
:10DCE0000820ADF8000010208DF803000320094C37
:10DCF0008DF8020069462046DAF75FFF08212046CA
:10DD0000DAF7C7FF38BD08210248DAF7ACBFDFF702
:10DD100075BE00000008014070B5FE4C05464FF08E
:10DD2000FF362078012806D12A8904F120015820E5
:10DD3000FFF782FE08B1304670BD284600F0B0F90A
:10DD40000020207070BD30B5F24A0446002093696F
:10DD500001469A8807E0186850F82100057BA54223
:10DD600003D0491CC9B28A42F5D88A4200D10020AA
:10DD700030BD70B5FFF7E7FFA8B1056804464189DB
:10DD800058206D1DFFF76DFE00280ED12846FFF7C5
:10DD9000BEFF2089002808D0DE49012008702046F7
:10DDA000BDE87040B8E74FF0FF3070BD1CB50446C9
:10DDB000002020800120009001ABD74A42F23201BE
:10DDC0005820FFF769FE002807D1BDF80400208025
:10DDD000B0F5544F02D04FF0FF301CBD00201CBDE9
:10DDE00010B50120FFF7AFFF50B141895820FFF770
:10DDF00038FE002803D1C74901200870002010BD5B
:10DE00004FF0FF3010BD70B505460C460120FFF7FE
:10DE10009AFF50B1FFF780FF002805D1BD48018C63
:10DE20002980408C2080002070BD4FF0FF3070BDF5
:10DE300070B505460C460120FFF79BFF002805D171
:10DE4000B448018C2980408C2080002070BDC7E739
:10DE500008B56946FFF7D7FF08BD08B56946FFF763
:10DE6000E7FF08BDBCE708B501466846FFF7CBFFF2
:10DE700008BD08B501466846FFF7DAFF08BD70B572
:10DE80000546A6480C460078FFF773FF002805D129
:10DE9000A048018C2980408C2080002070BD9F48C4
:10DEA00010B50078FFF74FFF50B141895820FFF7B8
:10DEB000D8FD002803D1974901200870002010BD2B
:10DEC0004FF0FF3010BD70B5054694480C46007801
:10DED000FFF739FF50B1FFF71FFF002805D18D482C
:10DEE000018C2980408C2080002070BD4FF0FF30D5
:10DEF00070BD10B504460220FFF73BFF002806D195
:10DF00008448006A5FEA3040206001D0002010BDE4
:10DF10004FF0FF3010BD38B5010CADF80010ADF872
:10DF200002004FF0FF3450B10320FFF70CFF30B177
:10DF3000418902236A465820FFF7A0FD38BD2046DC
:10DF400038BD10B504461620FFF713FF002803D193
:10DF50007048008C2080002010BD31B54FF0FF3498
:10DF6000BDF8000058B16E480078FFF7ECFE30B104
:10DF7000418901236A465820FFF780FD38BD2046BD
:10DF800038BDF8B50446634800256E1E007CC0F31A
:10DF90004210012807D163480078FFF7D4FE10B182
:10DFA000B4F57A3F01D93046F8BD5F490022A4FBA1
:10DFB000013605FB016104FB02110A0242EA13610A
:10DFC000ADF80010418901236A465820FFF756FD3D
:10DFD000F8BD564800687047582070474D4A137C7A
:10DFE0000380108A000B0870002070474949D1E96E
:10DFF0000221C0E90021002070470020B9E6F8B5F1
:10E00000444C0020434EE4E908003070FFF7E3FD84
:10E010000320009023464FF4FA7243F282615820A5
:10E02000FFF73AFD00283AD103202546002135F8B4
:10E030001120130243EA122225F81120491C89B24B
:10E040008142F4D320882268C0F3072141EA0021ED
:10E050002079030443EA1240C0F3072280B242EA67
:10E06000002061F31F406168234609BA090C41EAA8
:10E070000041000CC6E90210012000904FF47A72B2
:10E0800042F22F015820FFF707FD002807D1204654
:10E0900000F04EF8002802D1BDE8F840ADE7F8BD29
:10E0A0002DE9F0470489054660000DF0FFFC0646A7
:10E0B0000021184806E000EB4102128C26F81120DE
:10E0C000491C09B2A142F6DB29896FF00309491EF8
:10E0D0000CB20027804616E028896968021B09EB0C
:10E0E0008200095836F81400096829B188470146AA
:10E0F00008EB4700018402E008EB47010884641E36
:10E100007F1C24B23FB2002CE6DA3046BDE8F0476F
:10E110000DF0F6BAF8A10460605B0300F142050857
:10E12000F0420508F242050800894100CC22002097
:10E130002DE9F0470388DFF878901E49DFF878A0D2
:10E14000A9F81030C9F81810002103F4704C03F03E
:10E15000E00703F01F0623E0DAF8000050F8214042
:10E160000020A58918E0A26832F8102002F4704857
:10E17000E0450FD15FEAC3580CD402F0E008B8457F
:10E1800008D102F01F02B24204D80020C9F818409A
:10E19000BDE8F087401C00B28542E4DC491C09B2AE
:10E1A000BAF804208A42D7DC4FF0FF30F0E70000D5
:10E1B000F8A10460E042050884450508F8B501218E
:10E1C0000420DAF700FF0820ADF8000010244C4EC0
:10E1D0008DF8034003258DF8025069463046DAF782
:10E1E000ECFC08213046DAF752FD0420ADF80000BF
:10E1F0008DF803408DF8025069463046DAF7DDFCB1
:10E2000004213046DAF743FDF8BD30B53D4D01201D
:10E2100087B0A8706870002408E0641C142C02D930
:10E220000020687006E06420DFF707FCFFF7E7FED8
:10E230000028F2D1687800280CD005A904A8FFF7BF
:10E24000CDFE6846FFF7D2FE03A902A8FFF717FE2E
:10E25000FFF7D3FE07B030BD38B52A4C60780028F0
:10E260004AD0FFF7F4FD002560BB6420DFF7E5FB33
:10E270006846FFF7EDFD28BB234A2078BDF8001063
:10E28000042822F8101002D2401C20701AE000214D
:10E29000084632F81030401CC0B219440528F8D3A3
:10E2A0000520B1FBF0F0194980B2A08091F823203D
:10E2B00017490B2A4FF47A7200FB02F01DD0C1F807
:10E2C000BC012570E0884FF46161401C80B2B0FB56
:10E2D000F1F2E08001FB1200A0F560610F3903D17B
:10E2E00008480830FFF705FEA078012804D1FFF7A1
:10E2F00084FE002800D1A57038BDC1F87402E0E7A3
:10E30000000801406802006030A20460A43A0020C6
:10E310003653002008B5002142F2B112684600F0E1
:10E3200029FB024669466220FFF70FFC002804D152
:10E330004FF47A70FFF7EBFC002008BDFEB51446E1
:10E340000D46064600214EF60542684600F012FBD7
:10E35000024669466220FFF7F8FB002815D1062225
:10E360006946622000F08AFB00B200280DD16846A1
:10E37000FFF7DFFA30806E46B01CFFF7DAFA28802C
:10E38000301DFFF7D6FA20800020FEBD7CB5144674
:10E390000D4601AA6946FFF7D1FF002810D1BDF84C
:10E3A000000045F273514843FE4901EB50302860AC
:10E3B000BDF8040043F2D4014843400B2060002024
:10E3C0007CBD08B5002143F68672684600F0D2FA9B
:10E3D000024669466220FFF7B8FB002803D1F248E5
:10E3E000FFF795FC002008BD38B50446002142F235
:10E3F0001832684600F0BEFA024669466220FFF70E
:10E40000A4FB002810D14FF47A70FFF780FC0222A1
:10E410006946622000F032FB00B2002804D1684651
:10E42000FFF787FA2080002038BD38B504466846DB
:10E43000FFF7DAFF002807D1BDF8000045F273515D
:10E440004843400B2060002038BD1CB50446002125
:10E4500042F21D42684600F08DFA014622466846A7
:10E4600000F0B4FA82B269466220FFF76EFB002822
:10E4700004D14FF47A70FFF74AFC00201CBD45F62A
:10E48000DE714843000CE0E738B50446002142F253
:10E490002232684600F06EFA024669466220FFF7B3
:10E4A00054FB002810D14FF47A70FFF730FC0222A1
:10E4B0006946622000F0E2FA00B2002804D1684602
:10E4C000FFF737FA2080002038BD1CB50446002134
:10E4D00042F22742684600F04DFA0146224668465D
:10E4E00000F074FA82B269466220FFF72EFB002822
:10E4F00004D14FF47A70FFF70AFC00201CBD1CB554
:10E50000044600214FF46042684600F033FA0146A9
:10E510002246684600F05AFA82B269466220FFF746
:10E5200014FB002804D14FF47A70FFF7F0FB0020B1
:10E530001CBD7CB50C460546002143F22F6268469F
:10E5400000F018FA01462A46684600F03FFA82B207
:10E5500069466220FFF7F9FA00280FD19348FFF7C8
:10E56000D6FB02226946622000F088FA00B2002839
:10E5700004D16846FFF7DDF9208000207CBD38B566
:10E580000446002142F21332684600F0F3F90246D5
:10E5900069466220FFF7D9FA002810D14FF47A704B
:10E5A000FFF7B5FB02226946622000F067FA00B26D
:10E5B000002804D16846FFF7BCF92080002038BD50
:10E5C0001CB50446002142F21642684600F0D2F91A
:10E5D00001462246684600F0F9F982B26946622097
:10E5E000FFF7B3FA002804D14FF47A70FFF78FFBDE
:10E5F00000201CBD08B5002142F2AC12684600F0B4
:10E60000B9F9024669466220FFF79FFA08BD38B59E
:10E61000044600214EF2B842684600F0ABF90246CB
:10E6200069466220FFF791FA002810D14FF47A7002
:10E63000FFF76DFB02226946622000F01FFA00B26C
:10E64000002804D16846FFF774F92080002038BD07
:10E6500008B5002143F21562684600F08BF90246C6
:10E6600069466220FFF771FA002803D15048FFF78E
:10E670004EFB002008BDFEB514460D46064600219F
:10E6800043F28262684600F075F9024669466220EC
:10E69000FFF75BFA002819D14FF47A70FFF737FBC8
:10E6A00006226946622000F0E9F900B200280DD187
:10E6B0006846FFF73EF930806E46B01CFFF739F927
:10E6C0002880301DFFF735F920800020FEBD38B5C9
:10E6D0000446002143F23962684600F04BF90246D5
:10E6E00069466220FFF731FA00280FD13148FFF761
:10E6F0000EFB02226946622000F0C0F900B2002839
:10E7000004D16846FFF715F92080002038BD08B510
:10E71000002143F23262684600F02CF90246694655
:10E720006220FFF712FA002803D12148FFF7EFFA21
:10E73000002008BD08B5002143F24662684600F09B
:10E7400019F9024669466220FFF7FFF9002804D153
:10E7500044F62060FFF7DBFA002008BD08B5002171
:10E7600042F29D12684600F005F9024669466220B1
:10E77000FFF7EBF9002803D10F48FFF7C8FA002094
:10E7800008BD08B5002142F29612684600F0F2F882
:10E79000024669466220FFF7D8F9002811D14CF2F1
:10E7A00050300BE03850FFFF20A10700801A060010
:10E7B00000350C0080969800404B4C00FFF7A7FAFC
:10E7C000002008BD08B5002143F2E062684600F071
:10E7D000D1F8024669466220FFF7B7F9002804D154
:10E7E0004FF47A70FFF793FA002008BD08B50021B6
:10E7F00043F2F662684600F0BDF8024669466220C0
:10E80000FFF7A3F944F62060FFF781FA002008BD66
:10E8100010B5FFF7E0F9F8F765FAF8F762FAFFF7D5
:10E82000DAF9FFF7E3FFFFF7CCFDFFF783FF284995
:10E8300000204870BDE81040FFF76CBDFEB5244CC9
:10E8400000256078012809D06A4601A902A8FFF7CF
:10E850009DFDC8B12078401C20701DE0FFF7B1FD80
:10E860004FF47A763046DFF7E8F81B4A19491088EA
:10E87000FFF75FFE3046DFF7E0F8FFF74BFD30466D
:10E88000DFF7DBF86570FEBDBDF8080020B125702C
:10E89000DDE90021F8F783F92078104E05280AD920
:10E8A000B08F0022401CB08711461046F8F777F968
:10E8B0002570FFF7ADFF2078F0876420DFF7BDF803
:10E8C000FEBD034A012151700349088070470000D2
:10E8D000EC220020DC210020F2010060A80202608E
:10E8E00070B50546FF20002331240FE0EA5C50405C
:10E8F0000822060602D584EA400000E04000521ECD
:10E90000C0B212F0FF02F4D15B1C9BB28B42EDD37C
:10E9100070BD10B51446FFF7E3FFA04201D00120FF
:10E9200010BD002010BDF0B50546080A2870022071
:10E930001F4616466970002419E036F81410090ABB
:10E940002954401C80B216F814102954401C1FFA98
:10E9500080FC05EB0C000221801EFFF7C1FF05F8CB
:10E960000C000CF1010C641C1FFA8CF0E4B2BC42E8
:10E97000E3D3F0BD130A4354491C89B24254491CE5
:10E9800088B2704770B50446100E6054491C88B2B6
:10E99000110C2154401C86B2A01915460221801E7C
:10E9A000FFF79EFFA055761CB0B2290A2154401CE7
:10E9B00080B202212554401C85B26019801EFFF7E9
:10E9C0008FFF60556D1CA8B270BDDBE730B5044603
:10E9D000100A6054491C88B202212254401C85B29E
:10E9E0006019801EFFF77CFF60556D1CA8B230BD1A
:10E9F00092B2EBE770B50446100E6054491C88B221
:10EA0000110C2154401C85B2601916460221801E4B
:10EA1000FFF766FF60556D1CA8B2310A2154401CF7
:10EA200080B202212654401C85B26019801EFFF777
:10EA300057FF60556D1CA8B270BDF0B505469C46E9
:10EA40001746D80701D00420F0BD002412E0385D3D
:10EA50006854491C88B2391949782954401C86B237
:10EA6000A8190221801EFFF73BFFA855761CA41CA5
:10EA7000B1B2A4B26445EAD30846F0BD2DE9F04135
:10EA80000D46510801EB41018EB2D10702D004209E
:10EA9000BDE8F08132462946FFF777F80028F7D124
:10EAA0000024274612E02819844682780221FFF7C5
:10EAB00030FF0028ECD1285DE8557F1CB8B29CF8E7
:10EAC00001102954401CE41C87B2A4B2B442EAD31A
:10EAD0000020DDE708B1BC4B036011B1BA4808382B
:10EAE0000860002A02D0B848001F10607047412813
:10EAF00001D20120704700207047B4480078704769
:10EB0000B349085C401C7047B249084410F8010C36
:10EB100070472DE9F0410C460746FFF7F5FF94B327
:10EB2000552121804FF0FF36C4F802600025A57101
:10EB300004212172C2B229460120DFF7ADFAC4F8E0
:10EB4000090084F86452D4F86542E4B16F20208053
:10EB5000C4F80260A5710820207204F1090006467D
:10EB600007F01EFB00221146304607F022FB002270
:10EB70000121304607F01DFB00220221304607F03C
:10EB800018FB84F864523846BDE8F041E0F7D8BE7F
:10EB900010B50C4603460022FFF7B6FF402B08D203
:10EBA000C1B20120DFF70EF80146204607F0B6FBA0
:10EBB0000246104610BD2DE9F043ADF51B7D8146A0
:10EBC000DDE9A25498460846FFF79EFF0227FE1E85
:10EBD0004F2A2CD008DC1C2A1CD0242A27D04B2AF0
:10EBE0000DD04D2A08D110E0512A48D0552A20D006
:10EBF0006F2A28D0752A4ED02F7020205AE0024666
:10EC00000021484602F0B5FF4DE0C1B20120DEF719
:10EC1000D9FF03E0C1B20120DEF72EFF01466846AE
:10EC200007F07CFB6946484603F060F83BE00021B2
:10EC300036E0C2B200210120DFF72EFA0146484635
:10EC400003F005FA2FE096A807F0AAFA0022114671
:10EC500096A807F0AEFA0022012196A807F0A9FABB
:10EC60000022022196A807F0A4FA0022032196A808
:10EC700007F09FFA96A9484602F00AFF13E0C1B2D6
:10EC80000120DFF797F908B1012100E00021484693
:10EC900002F035FE07E0C1B20120DFF735F801468A
:10ECA000484603F027F9002806DBB8F1FF3F03D000
:10ECB0002F703220207030460DF51B7DBDE8F083AB
:10ECC00070B5ADF5187D0446D0F8641200256A468B
:10ECD0000C3002F0F9F80222002803DA84F86922E5
:10ECE000252008E0E08882280BD0A068401C08D0CE
:10ECF00084F86922322084F86A0200200DF5187D1C
:10ED000070BDD4F80200FFF7FFFE0146E088092637
:10ED1000512847D007DC02AB1C2838D024280AD061
:10ED20004D2808D128E055280CD0672803D06F283B
:10ED300001D0752813D084F86922202084F86A0253
:10ED40002846DBE79DF8020004282FD1CAB2DDF87F
:10ED5000033094F868120120DFF7E9FD31E09DF8F7
:10ED60000200092822D1CAB29DF8033094F8681233
:10ED70000120DFF7C2FC24E09DF80200072815D12E
:10ED8000CAB294F868120120E0F7D3F819E09DF8B0
:10ED9000020007280AD1CAB294F868120120DFF7EE
:10EDA00057FD0EE09DF80200012804D084F8692286
:10EDB00084F86A62C4E79DF80320C9B20120E0F735
:10EDC0007CF80125BCE7000094450508740200604A
:10EDD000582500205827002008B1FA4B036011B1D4
:10EDE000F84808380860002A02D0F648001F106072
:10EDF0007047412801D20120704700207047F24837
:10EE000000787047F149085C401C7047F04908449D
:10EE100010F8010C7047F8B500218DF800100C4671
:10EE2000C0B26946ECF7C6FF9DF800100220E0F77B
:10EE3000AEFA06469DF80000402813D2E54DE1B237
:10EE40009DF800200220DFF727F9A84207D0E1B2A1
:10EE50009DF800200220DFF71FF9064602E0641C3F
:10EE6000102CECD33046F8BD2DE9F0410546C1B277
:10EE700000240220E0F78BFA0746402D11D2D54E30
:10EE8000EAB2E1B20220DFF707F9B04206D0EAB2F7
:10EE9000E1B20220DFF700F9074602E0641C102C03
:10EEA000EED33846BDE8F0812DE9F0410024054657
:10EEB000264640280DD2C74FEAB2E1B20220DFF762
:10EEC000EBF8B84204F1010401D0264601E0102C11
:10EED000F2D33046E6E70B4610B5002140280CD2AD
:10EEE0005AB1102A09D8062A07D0521EC0B2D1B290
:10EEF00002460220DFF71BFD0121084610BD10B5B8
:10EF0000002240280CD259B1102909D8062907D06F
:10EF1000C2B2491EC9B2AF4B0220DFF708FD012281
:10EF2000104610BD10B50C4603460022FFF76EFFD9
:10EF3000402B08D2C1B20220DEF744FE0146204633
:10EF400007F0ECF90246104610BD2DE9FF4FADF574
:10EF50001B7D8246DDE9A89800241F462646084608
:10EF6000FFF754FF05469D984FF0FF3B51285AD0BC
:10EF70000CDC4B281BD004DC1C2823D0242811D106
:10EF80004FE04D2819D04F280CD128E0682870D0C8
:10EF900004DC552825D0572804D159E06F2824D007
:10EFA00075284CD0022089F800002021A2E02A46D2
:10EFB0000121504602F0DDFD8BE0E9B20220DEF7D0
:10EFC00001FE03E0E9B20220DEF756FD0146684685
:10EFD00007F0A4F96946504602F088FE79E0012165
:10EFE00032E02846FFF740FF90E096A807F0D8F8F7
:10EFF0000022114696A807F0DCF80022012196A80D
:10F0000007F0D7F80022022196A807F0D2F80022D4
:10F01000032196A807F0CDF896A9504602F038FDD6
:10F0200057E0002110E0E9B20220DEF7C3FF08B18B
:10F03000012100E00021504602F061FC49E0E9B204
:10F040000220DEF761FE0146504602F053FF40E029
:10F0500087B1781C13D0102F48D8EAB200210220C3
:10F06000DFF71AF85B4988422DD1504602F07BFC4D
:10F070002FE047E01021504602F00BFF29E0EAB2F2
:10F08000F1B20220DFF708F85249884204D10AEBB6
:10F09000040002F068FC09E0EAB2F1B20220DEF7F7
:10F0A000FBFF01460AEB040002F0D1FF0444B4F573
:10F0B000167F03DA761C102EE1D30BE0052189F8C8
:10F0C0000010122116E0EAB200210220DEF7E4FF70
:10F0D0001CE00446002C10DB9D9857280DD07F1CA7
:10F0E0000BD0022089F80000322103E0022089F8C9
:10F0F00000002A2188F800105C460DF51F7D20468F
:10F10000BDE8F08FE9B20220E0F741F90146504630
:10F1100002F09DFFDDE72DE9F043ADF5197D0446D2
:10F12000D0F8641200256A460C3001F0CDFE0227AB
:10F130004FF02508002804DA84F8697284F86A829E
:10F140000AE0E08857280CD0A068401C09D084F859
:10F150006972322084F86A0200200DF5197DBDE83D
:10F16000F083D4F80200FFF751FE0646E08804F26F
:10F170006A235A1E09214FF02809512855D00DDC69
:10F1800002AB4B284CD004DC1C2875D0242811D1AC
:10F1900046E04D2856D04F280CD141E0682876D063
:10F1A00004DC552818D0572804D139E06F2837D00F
:10F1B000752852D084F86972202084F86A022846A3
:10F1C000CBE70000C0450508EE220020D82500202E
:10F1D000D827002000007F439DF8020004280CD0AF
:10F1E0000021684604F096FF0500E8D094F8681204
:10F1F0003046FFF784FE05460BE094F86822DDF800
:10F2000003103046FFF767FE054694F868020628AB
:10F2100006D0002DD3D184F8697284F86A82CEE7D3
:10F2200084F8697284F86A92C9E70121684604F09B
:10F2300071FF0500C3D09DF80320F1B20220DFF773
:10F240003CFEBCE79DF80200072824D1F2B294F8F6
:10F2500068120220DFF76DFE28E09DF80200092801
:10F2600019D19DF80330F2B294F868120220DFF74A
:10F2700044FA1BE000E00AE09DF8020007280AD1EA
:10F28000F2B294F868120220DFF7E2FA0EE09DF87D
:10F290000200042804D084F8697284F86A128EE7A8
:10F2A000DDF80320F1B20220E0F702F8012586E73D
:10F2B00008B1F84B036011B1F64808380860002A1D
:10F2C00002D0F448001F10607047F349084410F85A
:10F2D000010C704710B50C4603460022FFF7F5FFFE
:10F2E000802B08D2C1B20020DEF76CFC014620461C
:10F2F00007F014F80246104610BD812801D2012003
:10F30000704700207047E54800787047E449085C82
:10F31000401C70472DE9F041002705463C468028F7
:10F3200011D2E04EEAB2E1B20020DEF7B5FEB04203
:10F3300006D0EAB2E1B20020DEF7AEFE074602E0F8
:10F34000641C102CEED33846BDE8F0812DE9F04165
:10F3500000240546264680280DD2D24FEAB2E1B2FB
:10F360000020DEF799FEB84204F1010401D02646E0
:10F3700001E0102CF2D33046E6E710B50B46002131
:10F38000144680280AD24CB1102C07D8062C05D080
:10F39000C2B221460020DFF7CAFA0121084610BD9B
:10F3A00010B5002280280BD251B1102908D80629A7
:10F3B00006D0C2B2C9B2BB4B0020DFF7B8FA0122B7
:10F3C000104610BD2DE9F04FADF51B7D8246DDE9FD
:10F3D000A49800241F4626460846FFF776FF0546F8
:10F3E0004FF0FF3B512A59D00CDC4B2A1BD004DCD8
:10F3F0001C2A23D0242A11D14EE04D2A19D04F2A9D
:10F400000CD128E0682A6FD004DC552A25D0572A71
:10F4100004D158E06F2A23D0752A4BD0022089F8F6
:10F42000000020219FE002460221504602F0A1FB8D
:10F430008BE0C1B20020DEF7C5FB03E0C1B20020C3
:10F44000DEF71AFB0146684606F068FF694650463B
:10F4500002F04CFC79E0022131E0FFF75BFF72E043
:10F4600096A806F09DFE0022114696A806F0A1FE81
:10F470000022012196A806F09CFE0022022196A8F7
:10F4800006F097FE0022032196A806F092FE96A9A8
:10F49000504602F0FDFA58E0002110E0C1B2002011
:10F4A000DEF788FD08B1012100E00021504602F09E
:10F4B00026FA4AE0C1B20020DEF726FC014650469B
:10F4C00002F018FD41E087B1781C13D0102F46D808
:10F4D0000021EAB20846DEF7DFFD724988422DD1ED
:10F4E000504602F040FA30E045E01021504602F06C
:10F4F000D0FC2AE0EAB2F1B20020DEF7CDFD694986
:10F50000884204D10AEB040002F02DFA09E0EAB2C5
:10F51000F1B20020DEF7C0FD01460AEB040002F064
:10F5200096FD0444B4F5167F03DA761C102EE1D361
:10F530000CE0052189F80010122114E00021EAB244
:10F540000846DEF7A9FD014616E00446002C0DDB57
:10F550007F1C0BD0022189F80010322103E0022029
:10F5600089F800002A2188F800105C460DF51B7D03
:10F570002046BDE8F08F0021504602F068FDE4E728
:10F580002DE9F0410446ADF5187D16460F460025DD
:10F59000D0F80200FFF799FE8046FFF7AEFE60B19B
:10F5A000D4F864126A4604F10C0001F08DFC0221CB
:10F5B000002806DA397025200BE0012038701F2062
:10F5C00007E0E088572809D0A268521C06D039709D
:10F5D0003220307000200DF5187DB5E60922512843
:10F5E0004ED00DDC02AB4B2867D004DC1C282DD09C
:10F5F00024280DD161E04D281CD04F2808D15CE0B3
:10F60000552808D0572858D06F2856D0752829D0AB
:10F610003970202053E09DF80200042802D0397090
:10F6200032704DE094F86822DDF803104046FFF791
:10F63000A4FE40E09DF80200072825D108F0FF0253
:10F6400094F868120020DFF774FC34E09DF80200A3
:10F65000072819D108F0FF0294F868120020DFF79C
:10F66000F7F828E09DF8020009280DD19DF8033035
:10F6700008F0FF0294F868120020DFF73EF81AE065
:10F680009DF8020009280FD084F8691284F86A22D4
:10F6900016E00000F44505085828002075020060B7
:10F6A0005826002000007F439DF8032008F0FF014A
:10F6B0000020DFF702FC012502E0397028203070BD
:10F6C000284688E72DE9F0410C460746FFF7FDFD87
:10F6D00094B3552121804FF0FF360025C4F8026015
:10F6E000A57104212172C2B229462846DEF7D4FC56
:10F6F000C4F8090084F86452D4F86542E4B16F207C
:10F700002080C4F80260A5710820207204F109006D
:10F71000064606F045FD00221146304606F049FD3A
:10F7200000220121304606F044FD0022022130462D
:10F7300006F03FFD84F864523846BDE8F041E0F73A
:10F740002DB9000030B503780C780022A34221D1F6
:10F75000072B09D9072307E084188D1864786D7882
:10F76000AC4217D1521CD2B29A42F5D302890B890E
:10F770009A420FD1A2B1837A8A7A93420AD1072B97
:10F7800000D90723002209E084188D18E47AED7A65
:10F79000AC4201D0002030BD521CD2B29A42F3D309
:10F7A000012030BDFD49FE4A0AE00B78DB0706D098
:10F7B000D1F80130834202D10020087070471F3118
:10F7C0009142F2D9704770B50020821EF349F44C83
:10F7D0000BE00B7803F00703012B05D1D1F81B30A8
:10F7E000934201D81A4608461F31A142F1D980251B
:10F7F0004FF4616688B9E9490BE00B7803F0070321
:10F80000032B05D1D1F81B30934201D81A46084684
:10F810001F31A142F1D9002802D00570C0F81B6049
:10F8200070BD41F6E161DD4809F00DBB10B5DB4864
:10F830000022DB4B0DE00178CC0705D0890702D40C
:10F84000D0F81B1001B902700178090600D50270CA
:10F850001F309842EFD910BD30B5D04BD04C19E0D5
:10F860001D78ED0715D0D3F80150854211D11878D5
:10F8700084070BD43AB140F0040018704FF0FF3009
:10F88000C3F81B0030BD20F004001870C3F81B1033
:10F8900030BD1F33A342E3D930BD70B513460D46CA
:10F8A0000022BE4CBE4915E02678F60711D0D4F8E8
:10F8B000016086420DD1207880070DD4122204F118
:10F8C0000901184609F0A6FAD4F8050001222860BB
:10F8D00002E01F348C42E7D9104670BD2DE9F0419B
:10F8E0000F4680460026AD4CAD4D11E0207800F06B
:10F8F000030001280BD1414604F1090006F0BEFBCC
:10F9000028B117B1D4F801003860012602E01F3495
:10F91000AC42EBD93046BDE8F0812DE9F0470E4608
:10F920000546914600219D4C4FF461679C4824E0B8
:10F930002278D20720D0D4F80120AA421CD112226A
:10F94000494604F1090009F065FAC4F80560207819
:10F950009449820709D4420702D54FF0FF3104E0F1
:10F96000020702D5C4F81B7001E0C4F81B1020F098
:10F9700002002070BDE8F0871F348442D8D90029E6
:10F98000F8D1864C4FF0010803E02278D20708D066
:10F990001F348442F9D90029ECD1FFF714FF040089
:10F9A000E8D084F80080C4F80150C4F80560122241
:10F9B000494604F1090009F02DFAC4F81B70D9E793
:10F9C0002DE9F0410F46134605460026734C744955
:10F9D0001FE02078C0071BD0D4F80100A84217D13F
:10F9E0002078800712D40126122204F1090118465A
:10F9F00009F010FAD4F8050038602078010705D521
:10FA000020F0080020706748C4F81B00304682E7E9
:10FA10001F348C42DDD9614803244FF4616604E051
:10FA2000027812F0810F05D01F308842F8D9FFF715
:10FA3000CAFE20B10470C0F80150C0F81B6000205D
:10FA400069E770B50D461346544C554919E02278C4
:10FA5000D20715D0D4F80120824211D112221946C2
:10FA600004F1090009F0D6F9C4F80550207820F017
:10FA700002002070400702D44A48C4F81B0070BD41
:10FA80001F348C42E3D970BD70B50E46014600208C
:10FA90001546FF2914D2414AC1EB41118C18217837
:10FAA00001F0030101290BD1122204F109011846CA
:10FAB00009F0B0F954F8010F306060682860012047
:10FAC00070BD00203549364A06E00B7803F0030389
:10FAD000012B00D1401C1F319142F6D97047F0B57F
:10FAE000ADF5177D064600252C4C2D4F22E02078E1
:10FAF00000F0030001281CD1D4F80120701908215E
:10FB000002F037F80544B4F81110701902F0C1F989
:10FB1000E27C054412B104F1140102E0627A04F1BE
:10FB20000A01684606F03AFD7019694602F046F887
:10FB300005441F34BC42DAD90DF5177D2846F0BDC7
:10FB40002DE9F04FADF5197D8146002701F1140034
:10FB50000D46B846969006F023FB00221146969873
:10FB600006F027FB00220121969806F022FB0022D6
:10FB70000221969806F01DFBA86AC0F5167B0020AE
:10FB8000E862FFF79EFF5FEA000A21D0686A01235E
:10FB9000082802D1C5F83DA06B6305E03AA20460D5
:10FBA000FCC0046080510100D5F83D0000280CDA4B
:10FBB0006A6B511C0144012903DAC5F83D206B63CF
:10FBC00003E069634042C5F83D00686B504504D9C5
:10FBD00000200DF5197DBDE8F08FD5F83D100144EA
:10FBE000491E9791514501D9CDF85CA23D4C0126A3
:10FBF00000E01F34217801F003010129F9D106E06A
:10FC000014F81F1B01F00301012900D1761CB0423A
:10FC1000F6D198963AE0BBF1110F05D201220221EC
:10FC2000969806F0C6FA34E0D4F8012009EB0700F4
:10FC3000082101F09EFF804607EB0802B4F811107E
:10FC400002EB090002F025F9E27C804412B104F1D4
:10FC5000140102E0627A04F10A01684606F09EFC93
:10FC600007EB080101EB0900694601F0A7FF4044DA
:10FC7000ABEB000B0744B046E86A761C401CE86218
:10FC800014F81F0F00F003000128F9D1979886425D
:10FC9000C1D99898012804D101220021969806F034
:10FCA00088FAD04504D101221146969806F081FACF
:10FCB00038468EE730B50B4900240B4B0FE00A782D
:10FCC00012F0810F0AD0520708D4D1F81B208242CB
:10FCD00003D3121AC1F81B2000E00C701F319942A7
:10FCE000EDD930BD3AA20460FCC004601E2802D2E7
:10FCF000FE4A42F820107047FD49486070470B28C3
:10FD000003D2FA4A783242F82010704730B5002109
:10FD10000A460C4628281CD2F54B10335D5C854200
:10FD200003D1F2480DE0012213E0491C1E29F5DB46
:10FD30007CB9EF4B00212E335C5C844206D1EB484A
:10FD4000783050F821000028EDD102E0491C0B2941
:10FD5000F2DB104630BD70B5002304461846137020
:10FD6000282C07D2E24D1035EE5CA64203D10120CB
:10FD70000B60107070BD5B1C1E2BF5DB0028F9D1E9
:10FD8000DB4B00222E339D5CA54202D101200A608C
:10FD900070BD521C0B2AF6DB70BD1D2814D2DFE8A3
:10FDA00000F00F0F0F13130F13130F0F130F131375
:10FDB000130F0F0F130F0F130F13130F130F0F004A
:10FDC000CA4AA43242F820107047C21E1B2A13D21E
:10FDD000DFE802F00E0E120E0E12120E120E0E0EB2
:10FDE0001212120E12120E120E0E120E12120E001D
:10FDF000BE4AA43242F8201070471E2802D2BD4AE3
:10FE000042F820107047BA4988607047B849C86006
:10FE100070472DE9F0470446DDE9088900781E4661
:10FE2000C0F3C000107020781546C0F380005070F9
:10FE300020780F46C0F340009070607801F0C0FB5E
:10FE4000C5F80300607801F0D6FBC5F80700A0787C
:10FE5000E8722978032021B1E0782873207968734B
:10FE60000520215C401C31702218391AC8F8002086
:10FE7000A9F80010BDE8F0879D48408870479C496C
:10FE8000488070479A4800787047994908707047D1
:10FE90002DE9F0418EB080464FF0000007900890A9
:10FEA00009900A90ADF8180002901D4616460C0005
:10FEB0008DF8100005908DF80C000B900C9073D00D
:10FEC000217801F0F0021211062A22D2DFE802F0B6
:10FED000034CD2D621FC06A905A8CDE9000104AB4C
:10FEE00007AA31462046FFF794FF9DF810000C2822
:10FEF00010D00E2817D00F281ED0102825D0122879
:10FF00002CD0009507AB4246BDF81810059804F0B8
:10FF100011F914E1009507AB4246BDF81810059899
:10FF200003F0ACFF0BE1009507AB4246BDF818109B
:10FF3000059804F044FF02E1009507AB4246BDF886
:10FF40001810059804F032F8F9E0009507AB424626
:10FF5000BDF81810059805F09FF8F0E0002D6CD161
:10FF600065490A20087068E061788DF81010B11EAC
:10FF7000A31C9DF8102089B20593ADF81810082A2B
:10FF800045D125B1012D1FD0022D1DD0D7E0052E62
:10FF900005D11878DF2802D15878FD2805D04246CF
:10FFA000184603F0DFFF32E0D3E0DFF77DFD534971
:10FFB00001200870059852498078C0EB001080003D
:10FFC0000880DFF78EFD22E00090019001AB6A46C9
:10FFD00089B2059807F010FD10F0FF0709D002F074
:10FFE000F9FA009988421ED302F0F4FA0199884286
:10FFF00019D82946434807F057FA4FF0FF300090D0
:020000040803EF
:100000000198401C00D017B90020E8F7A9FA9DF824
:100010001000072809D004280FD0092814D006287A
:1000200019D0F8B18BE00098EFE72B464246BDF8B7
:100030001810059808F030FB81E02B464246314607
:100040002046E6F706FA7AE04246BDF81810059811
:1000500008F0F9FA73E04246BDF81810059808F068
:10006000CBFA6CE02B464246BDF81810059803F019
:1000700056FD64E0A0788DF8100060E0C1F3C00187
:10008000022001B10420215C401C27188DF81010BB
:10009000301A81B29DF810000597ADF818100C28A1
:1000A00004D0122809D01A2849D106E02A46314640
:1000B0002046E5F751FD42E006E033462246384649
:1000C0000095E5F7C0FF3AE0A07803268DF8100010
:1000D000122805D1E01C002101F0E6FB00B1042646
:1000E000A01902AA03A901F035FB0DE02048002069
:1000F000F02200203C490020A12000209721002070
:100100008C010060686100200644A0190CAA0299C5
:1001100001F0CDFE0644A01902AA03A901F01AFBC2
:100120000644A0190BAA029901F0C1FE9DF8101017
:100130003044122903D12044002101F0CBFB40F2CE
:1001400039104543044840F2722100EB450008F0A5
:100150007AFE0EB0BDE8F081F65E002008B1B64B25
:10016000036011B1B44808380860002A02D0B248D0
:100170000C3810607047412801D2012070470020E0
:100180007047AE4800787047AD49085C401C704726
:100190007047AC49084410F8010C704700207047C4
:1001A0000020704700B5FFF7F4FF402802D2A64AAE
:1001B0000021115400BD2DE9F0410C460746FFF720
:1001C000E8FFCCB3552121804FF0FF36C4F8026020
:1001D0000025A57109212172C2B229460320DDF74D
:1001E0005BFF09F049FAC4F8090084F86452D4F8B6
:1001F00065420CB36F202080C4F80260A57108200E
:10020000207204F10900064605F0CAFF00221146DB
:10021000304605F0CEFF00220121304605F0C9FF2F
:1002200000220221304605F0C4FF0022032130469F
:1002300005F0BFFF84F864523846BDE8F041DFF7AF
:1002400096BB0020704710B50C4603460022FFF70E
:10025000A0FF402B08D2C1B20320DDF7B3FC01465A
:10026000204606F05BF80246104610BD2DE9F0432B
:10027000ADF51B7D8146DDE9A25498460846FFF79F
:1002800088FF0227FE1E4F2A2AD008DC1C2A1AD01B
:10029000242A5BD04B2A0BD04D2A06D10EE0542ADB
:1002A00056D0552A1ED06F2A28D02F70202047E024
:1002B00002460321484601F05CFC3AE0C1B203204B
:1002C000DDF780FC03E0C1B20320DDF7D5FB01467A
:1002D000684606F023F86946484601F007FD28E025
:1002E000032107E0C2B200210320DDF7D5FE09F0AB
:1002F000C3F92FE0484601F0FDFD1AE096A805F08D
:100300004FFF0022114696A805F053FF002201215D
:1003100096A805F04EFF0022022196A805F049FF9D
:100320000022032196A805F044FF96A9484601F053
:10033000AFFB002806DBB8F1FF3F03D02F7032205F
:10034000207030460DF51B7DBDE8F0830021D1E71C
:10035000DFF70FFA0146CDE7F0B5ADF5197D04469C
:10036000D0F8641200256A460C3000F0ADFD02267C
:100370002527002804DA84F8696284F86A7207E0A5
:10038000A068401C08D084F86962322084F86A02B0
:1003900000200DF5197DF0BDE0884F2845D008DC20
:1003A0001C2842D0242840D04B283ED04D280BD1C9
:1003B0003BE004F26A235A1E512814D054281DD061
:1003C000552805D06F2830D084F8696220202FE0AE
:1003D0000921684603F09EFE05002BD0DDF80300DE
:1003E000012827D91BE00121684603F093FE050090
:1003F00020D0D4F80200FFF7CCFE1BE009216846AC
:1004000003F088FE050015D0DDF80300022806D2AF
:100410009DF80310D4F80200DFF7BFF90AE084F872
:100420006962002584F86A7204E084F86962282011
:1004300084F86A022846ACE71846050829230020FC
:100440009825002098270020B449002008B1F34BDC
:10045000036011B1F14808380860002A02D0EF4863
:100460000C3810607047812801D2012070470020AD
:100470007047EB4800787047EA49085C401C7047B9
:10048000E949084410F8010C704710B50C460346C2
:100490000022FFF7F5FF802B08D2C1B20920DDF75B
:1004A00091FB0146204605F039FF0246104610BD7B
:1004B0002DE9F041002605463446802813D2DB4F53
:1004C000EAB2E1B20920DDF7E7FDB84208D0EAB2AE
:1004D000E1B20920DDF7E0FD09F0CEF8C6B202E096
:1004E000641C102CECD33046BDE8F0812DE9F04FB0
:1004F000ADF51B7D9846DDE9A4A906460B46002410
:100500000846FFF7BDFF05464FF0FF3B512A5AD082
:100510000CDC4B2A17D004DC1C2A1FD0242A0DD156
:100520004FE04D2A15D04F2A08D124E0542A4FD04D
:10053000552A22D0572A52D06F2A26D002208AF874
:1005400000002021A4E01A460521304601F011FBED
:100550005CE0C1B20920DDF735FB03E0C1B2092040
:10056000DDF78AFA0146684605F0D8FE694630464E
:1005700001F0BCFB4AE005212DE0C2B200210920B8
:10058000DDF78AFD09F078F824E096A805F008FE6A
:100590000022114696A805F00CFE0022012196A823
:1005A00005F007FE0022022196A805F002FE0022B7
:1005B000032196A805F0FDFD96A9304601F068FAE2
:1005C00024E0002107E00021304601F098F91DE009
:1005D000DFF733F90146304601F08CFC16E00027C6
:1005E000B8F1000F14D0B8F1FF3F16D0B8F1100FDA
:1005F0004AD8A8F10104EAB2E1B20920DDF74CFDC6
:100600008A49884237D1304601F0ADF9044623E0EB
:100610001021304601F03DFCF8E7EAB239460920E6
:10062000DDF73AFD8149884203D1301901F09BF989
:100630000AE0EAB239460920DDF72EFD09F01CF880
:10064000C1B2301901F056FC0444B4F5167F0DDA3E
:100650007F1CFFB2102FE0D3002C1CDBB8F1FF3F52
:1006600019D002208AF80000322111E005218AF811
:10067000001012210CE0EAB2E1B20920DDF70CFD16
:1006800008F0FAFFC1B2A6E702208AF800002A218A
:1006900089F800105C460DF51B7D2046BDE8F08F03
:1006A0002DE9F0470446ADF5187D15460E460027A6
:1006B000D0F80200FFF7D7FE88B1D4F864126A467A
:1006C00004F10C0000F000FC4FF002084FF0250A86
:1006D000002808DA86F8008085F800A00DE00120E7
:1006E00030701F2008E0E08857280BD0A068401C1D
:1006F00008D086F800803220287000200DF5187D83
:10070000BDE8F087D4F80200FFF7BAFE8146E08822
:1007100009214F287CD009DC02AB1C284BD02428AF
:1007200076D04B2874D04D2808D138E0512826D0F7
:10073000542852D0552805D06F2869D086F80080FB
:10074000202068E09DF8020009281CD1DDF8030094
:10075000012807D0DDF8030020B186F8008085F875
:1007600000A059E09DF8030008F04AFF034609F095
:10077000FF0294F868120920DEF7D9F82BE09DF803
:100780000200012803D086F80080297044E09DF81B
:10079000032009F0FF010920DEF78FFB1BE09DF825
:1007A000020007280BD109F0FF0294F86812092013
:1007B000DEF7BFFB0FE09DF80200072804D084F8A5
:1007C000698284F86A1227E009F0FF0294F868123F
:1007D0000920DEF73DF801271EE004F26A235A1EC5
:1007E0000921684603F096FC070015D0DDF80300E8
:1007F000022807D29DF80310D4F80200DFF730F882
:100800000AE005E084F86982002784F86AA203E020
:1008100086F800802820287038466FE7444605088F
:1008200076020060D8260020D828002000007F43F0
:1008300008B1F94B036011B1F7482C300860002A69
:1008400002D0F548001F10607047412801D20120F6
:10085000704700207047F14800787047F049085C05
:10086000401C7047EF49084410F8010C7047F8B578
:1008700000218DF800100C46C0B26946EBF7A8FACB
:100880009DF800100420DEF782FD08F0F5FEC5B2E9
:100890009DF80000402815D2E34EE1B29DF80020FB
:1008A0000420DDF7F9FBB04209D0E1B29DF8002049
:1008B0000420DDF7F1FB08F0DFFEC5B202E0641CA6
:1008C000102CEAD32846F8BD2DE9F041C5B200242A
:1008D00029460420DEF75BFD08F0CEFEC6B2402DAF
:1008E00013D2D14FE1B22A460420DDF7D5FBB8423E
:1008F00008D0E1B22A460420DDF7CEFB08F0BCFEAA
:10090000C6B202E0641C102CECD33046BDE8F08186
:1009100010B50C4603460022FFF7A4FF402B08D277
:10092000C1B20420DDF74EF90146204605F0F6FC81
:100930000246104610BD2DE9FF4FADF51B7D074661
:10094000DDE9A8A90024984626460846FFF78AFF55
:1009500005469D984FF0FF3B512859D010DC2E28BA
:100960007ED006DC04287CD01C2827D0242815D172
:100970004CE04B2817D04D281BD04F280ED123E038
:1009800068286FD006DC54284ED055281ED0572832
:1009900004D14EE06F281DD0752875D002208AF84A
:1009A00000002021A6E02A460421384601F0E1F8A3
:1009B0008EE0E9B20420DDF705F903E0E9B2042096
:1009C000DDF75AF80146A5E004217EE02846FFF74E
:1009D0007BFF2CE096A805F0E3FB0022114696A8C9
:1009E00005F0E7FB0022012196A805F0E2FB0122B9
:1009F000022196A805F0DDFB0122032196A805F04F
:100A0000D8FB96A9384601F043F861E000215CE08C
:100A1000E9B20420DDF7CEFA08B1012100E000219F
:100A2000384600F06CFF53E02846DEF7D5FE01465D
:100A30004BE0B8F1000F16D0B8F1FF3F18D0B8F175
:100A4000100F53D8A8F10104EAB2E1B20420DDF797
:100A500023FB7549884230D1384600F084FF37E0E7
:100A600057E054E04EE01021384601F012FA2FE032
:100A7000EAB2F1B20420DDF70FFB6B49884204D1E2
:100A8000381900F070FF0BE04CE0EAB2F1B204203C
:100A9000DDF702FB08F0F0FDC1B2381901F02AFAC7
:100AA0000444B4F5167F03DA761C102EE0D310E070
:100AB00005218AF8001012211CE0EAB2E1B20420FC
:100AC000DDF7EAFA08F0D8FDC1B2384601F012FAB3
:100AD0000446002C11DB9D9857280ED0B8F1FF3F3B
:100AE0000BD002208AF80000322103E002208AF8AD
:100AF00000002A2189F800105C460DF51F7D204674
:100B0000BDE8F08FE9B20420DEF741FCDAE747A147
:100B100000E047A1684605F001FC6946384601F04F
:100B2000E5F8D5E7E9B20420DDF7EEF87FE72DE937
:100B3000F043ADF5197D0446D0F8641200256A46ED
:100B40000C3000F0C1F902274FF02509002804DA23
:100B500084F8697284F86A920AE0E08857280CD019
:100B6000A068401C09D084F86972322084F86A02B7
:100B700000200DF5197DBDE8F083D4F80200FFF7E1
:100B800071FE0646E08804F26A2328215A1E4FF0BF
:100B9000090C512879D011DC02AB2E2869D006DC73
:100BA000042866D01C286ED0242817D161E04B2879
:100BB0005FD04D2876D04F2810D15AE0672858D002
:100BC00006DC542879D055280FD0572806D150E09C
:100BD000682873D06F284CD075287CD084F869724F
:100BE000202084F86A022846C3E79DF802000928FD
:100BF00020D00021684603F08DFA0500F3D094F868
:100C00006802A0B3102832D8401EC1B2064BF2B21F
:100C10000420DDF78CFEE6E76C4605082A23002059
:100C2000182600201828002000007F436F6E000067
:100C30006F66660094F86882B8F1000F1ED0B8F1B4
:100C4000100F1BD8B8F1060F13D0DDF803000128F0
:100C500014D89DF80300A8F1010808F0D1FC034660
:100C6000F2B208F0FF010420DDF761FE52E064E01B
:100C70000BE084F8697284F86A12B4E784F8697248
:100C800084F86A92AFE71BE00CE00121684603F0AC
:100C900041FA0500A7D09DF80320F1B20420DEF749
:100CA0000CF9A0E79DF80200072825D1F2B294F8CC
:100CB00068120420DEF73DF92CE02DE018E00AE090
:100CC0009DF80200072817D1F2B294F868120420A8
:100CD000DDF7BEFD1EE09DF8020009280CD19DF84D
:100CE0000330F2B294F868120420DDF706FD11E03B
:100CF0009DF80200092804D084F8697284F86AC259
:100D000071E7DDF8030008F07BFC0246F1B2042035
:100D1000DEF7CEFA012566E70921684603F0FAF905
:100D20000500AAD0DDF80300022806D29DF80310C2
:100D3000D4F80200DEF764FD55E700259EE70000C9
:100D400030B40446002000290FD0002C0DD08A7842
:100D50000D2A0AD2DFE802F0070B10161C22292EFA
:100D600033383E4348002270012030BC7047C978B8
:100D7000204630BC00F0C3BDD1F80310204630BC83
:100D800001F087B8D1F80310204630BC01F02DB92E
:100D9000D1F80310204630BC01F059B951F8032FA7
:100DA00020464B6830BC01F070B9204630BCC91CED
:100DB00000F004BF204630BCC91C00F097BF20469D
:100DC00030BCC91C00F064BED1F80310204630BC12
:100DD00001F090B8204630BCC91C01F0F3B92046A0
:100DE00030BCC91C01F07DB9D1F80520B1F8031061
:100DF000204630BC00F0BDBE2DE9FC411C46174624
:100E00000D46002698B394B30D2D52D2DFE805F0BD
:100E100051070C11161B20252A30353A4000104688
:100E200000F09BFDE0704CE0E21C394600F0C5FF8D
:100E30002CE0E21C394601F087F827E0E21C394635
:100E400001F0D1FA22E0E21C394601F013FB1DE06B
:100E5000E21C394600F0F3FE18E0E21C394600F0CF
:100E60007CFF13E0E21C394600F0A6FD0EE021E015
:100E7000E21C394601F01BF808E0E21C394601F09B
:100E8000C9F903E0E21C394601F051F9064610E0C9
:100E90000021ADF80010019101AB6A46394600F01F
:100EA0002EFE0646BDF80000A4F803000198C4F821
:100EB000050036B92DB1012D03D0062D01D010202B
:100EC000A0703046BDE8FC812DE9FC414FF00006E2
:100ED0001446050037468DF8006001961CD0DCB141
:100EE0002878000718D4277001AA6946284600F020
:100EF00031FC78B19DF800100646A170A819234670
:100F0000019AFFF779FFA178102901D0064401E08A
:100F10004FF0FF36C4F85A723046D3E72DE9FC4152
:100F20000027FA4D14468DF800703E46019708B12F
:100F300085E8830054B3696841B32A68A868135CE4
:100F40001B0723D41044277001AB6A4600F03BFC1A
:100F5000D0B1A9680A18AA606968081A68609DF883
:100F60000010012902D0019B83420DD8A17028688E
:100F700023461044019AFFF73FFFA9680144A96086
:100F80006968081A01266860C4F85A72304699E701
:100F900003004FF000000BD00D2909D2DFE801F06B
:100FA000080807070707070707070707070010468E
:100FB00070477CB54FF0000405008DF804400094A4
:100FC00010D0287800070DD46A4601A9284600F001
:100FD000C1FB38B1044628199DF80410009AFFF7A8
:100FE000D7FF044420467CBD30B404460020002ACC
:100FF00057D0002C55D093780D2B52D2DFE803F058
:10100000070B10161C222A2F34393F444900204672
:1010100030BC00F0ACBCD278204630BC00F075BCCF
:10102000D2F80320204630BC00F017BFD2F80320CE
:10103000204630BC00F0E7BFD2F80320204630BC89
:1010400001F015B852F8030F53680246204630BC31
:1010500001F02CB8204630BCD21C00F0CEBD20469A
:1010600030BCD21C00F05DBE204630BCD21C00F06B
:1010700022BDD2F80320204630BC00F049BF2046F4
:1010800030BCD21C01F0ACB8204630BCD21C01F000
:1010900036B8D2F80530B2F80320204630BC00F054
:1010A00057BD62E602461020982A45D019DC352A41
:1010B0003AD00ADC022A26D0262A21D101292DD0B5
:1010C00002291DD003291BD119E0662A2CD0842ABD
:1010D00016D119B3012923D0022910D003290FD129
:1010E0001CE0D32A23D0D42A03D0D62A01D0DA2A6E
:1010F00006D121B1012902D0022901D101E002204B
:101100007047042070470929FCD2DFE801F0070787
:1011100009060506060B0B00F4E7F0E70C20704704
:1011200009207047012070470029FCD1F6E700290B
:10113000F4D00129F7D1F1E70529F4D2DFE801F075
:10114000060605040300DCE7D9E7EBE7EBE770B53B
:101150000C0003464FF000050FD073B161781046C4
:10116000FFF7A0FF102805D2617822461846FFF746
:101170003BFF05460020C4F85A02284670BD2DE901
:10118000FC414FF000040600984615460F462046E5
:101190008DF80040019432D065B3317809072ED51F
:1011A00001212970C5F85A0201AA6946304600F0AB
:1011B000D1FA040023D0BC4205D89DF80010304677
:1011C00000F088FB10B1012C18D018E09DF8001039
:1011D00069704046FFF766FFA870102807D22644C2
:1011E00001462B463046019AFFF706FE01E00198C2
:1011F00008B1044403E04FF0FF3400E0002420462F
:1012000060E67CB54FF00004164605008DF80040FE
:10121000019418D02878000715D501AA69462846F8
:1012200000F098FA78B104469DF800103046FFF7B8
:1012300039FF0146102804D22819019AFFF7A8FEA9
:1012400000E00198044420467CBD034600200029AC
:101250000AD0002B08D0087820B148780A46014609
:101260001846C1E618466BE5704770B50C46050098
:101270004FF0010647D094B3A078A870A0780D284D
:101280003CD2DFE800F03C070A0A0A0F181D220AC8
:10129000272D3200E078E87031E0D4F80300C5F87B
:1012A00003002CE0D4F80300D4F80710C5F80300BD
:1012B000C5F8071023E0E11CE81C05F0BCF91EE0AE
:1012C000E11CE81C05F04CF819E0E11CE81C04F0F6
:1012D000C6FF14E0E11CE81C05F0B5FB0FE012E0CE
:1012E000E11CE81C05F0BCFB09E0B4F80300A5F81C
:1012F0000300D4F80500C5F8050000E00026D4F886
:101300005A02C5F85A02304670BD00002C23002056
:101310002DE9FC5F002706468DF8007001970078E4
:10132000934600F007008846062840D1304601AABF
:10133000694600F00FFA9DF80090044601254FF031
:10134000FF3A305D00F0070106290CD0C143490780
:1013500014D00007A8EB040106EB04001AD55A4686
:10136000FFF74FFF18E0301901AA694600F0F2F9C3
:101370009DF800204A450FD16D1C09E0301901AAE3
:10138000694600F0E7F99DF800204A4504D16D1E3A
:10139000EDB201E0FFF70DFE044415B1002802DDB7
:1013A0000744444501D9574601E0002DC9D13846CC
:1013B000BDE8FC9FF0B58DB04FF0000614000F465D
:1013C0000296354603967BD0102879D20125A0706D
:1013D0000D2810D2DFE800F095073A121A212A2FC3
:1013E000353A40638C0000221146384607F032FE41
:1013F00010B10120E07084E0E67082E00022114626
:10140000384607F027FEC4F803007AE0002138468A
:101410000BF0E4F808F08FF9F5E7002138460BF0FF
:10142000DDF8C4F80300C4F807106AE03946E01C90
:1014300005F0D9F803E03946E01C04F06FFF0546DB
:101440005FE00025E01C04F0ABFE5AE000221146EC
:10145000384607F037FED6E70BA909A8CDE9000109
:1014600008AB07AA2DA1384607F032FD032802D0A9
:1014700004280AD044E00998C3B20898C2B2079879
:1014800081B2E01C05F0CDF93BE00798A4F8030019
:10149000089860710998A0710B98E07131E00AA971
:1014A00006A8CDE9000105AB04AA20A1384607F043
:1014B0000FFD042805D003280CD0022811D01FE00E
:1014C00021E00498E07005982071069860710A98F0
:1014D000A07116E00498E07005982071069860717C
:1014E00004E00498E070059820716671A67108E028
:1014F00003AB02AA11A1384607F0EAFC022805D086
:101500000025C4F85A620DB02846F0BD0298A4F830
:1015100003000398C4F80500F3E700002534642FA6
:101520002533642F2533643A253364002533643A28
:101530002533643A2533642E253364002534643A18
:101540002537640002460020022A1ADB042A01DA49
:10155000102016E0082A01DA202012E0102A01DA11
:1015600030200EE0202A01DA40200AE0402A02DA88
:101570004FF0500005E002D14FF0600001E04FF065
:101580007000322903DD802902DC40F00100704741
:10159000CE2902DC40F002007047B1F5F07F02DC9A
:1015A00040F003007047B1F5806F02DC40F00400AA
:1015B000704740F2C4529142FADC40F00500704797
:1015C000014601F0F00100200911082906D2DFE8E8
:1015D00001F0050406080A0C0E10022070470420D2
:1015E0007047082070471020704720207047402027
:1015F0007047412070470146002001F00F01062985
:1016000005D2DFE801F0030507090C0F322070470F
:1016100080207047CE2070474FF4F07070474FF431
:101620008060704740F2C450704770B501240025B7
:1016300005700AB10822027002780E2903D842EA26
:101640000111017004E042F0F002027041700224C6
:101650000178042B02D8194301701AE041F005010A
:101660000170FD2B02D80355641C12E0B3F5803FD6
:1016700007D2FE210155641C99B2204400F008FEF7
:1016800006E0FF210155641C2044194600F022FEAB
:101690000444204670BD0823012203700E2903D89C
:1016A00043EA0111017003E0F82202704170022246
:1016B000017841F0060101701046704708230122AD
:1016C00003700E2903D843EA0111017003E0F822E8
:1016D000027041700222017841F00701017010464A
:1016E000704710B5034601201A780F24B4EB121F7F
:1016F00004D109B158780870022010BD0029FCD02F
:1017000012090A7010BD034610B5002000290AD046
:1017100018780F24B4EB101F06D1022904D30AB1A4
:1017200058781070022010BD0AB100091070012015
:1017300010BD007800F00700062801D00020704797
:10174000012070470078C043400701D00020704757
:10175000012070477CB514460546FFF7C2FF2A7882
:1017600002F00701052903D0002306291FD021E03C
:10177000295CFF2905D0FE290DD004B12160401C51
:101780007CBD461CA81901A900F0ADFD3044002C19
:10179000F6D0019909E0461CA819694600F07DFDC4
:1017A0003044002CECD0BDF8001021607CBD0CB1A1
:1017B00023607CBDD243520702D0002CF5D17CBD02
:1017C000002CF5D17CBDF8B51C460E460546FFF74A
:1017D0009AFF002814DD2B78311A03F00702052A3E
:1017E00003D00021062A27D029E02A5CFF2A08D04E
:1017F000FE2A12D01ED2E9B104B1226000F101002C
:10180000F8BD052916D3461CA819694600F06BFDE2
:101810003044002CF4D000990FE003290AD3461C71
:10182000A819694600F039FD3044002CE8D0BDF815
:10183000001002E00020F8BD0CB12160F8BDDB43D0
:101840005B0703D0002CF9D02260F8BD002CF4D146
:10185000F8BD38B50D46002204468DF800206946D3
:10186000FFF73FFF2078000705D59DF80000A8424C
:1018700001D1012038BD002038BD78B505460020D3
:101880000E468DF80000144669462846FFF729FFEA
:1018900020602878000705D59DF80000B04201D1EE
:1018A000012078BD002078BD38B50D4600220446E1
:1018B0008DF800206946FFF714FF207800F007003C
:1018C000062805D19DF80000A84201D1012038BDAD
:1018D000002038BD38B50D46002204468DF80020A2
:1018E0006946FFF7FEFE2078C043400705D19DF80A
:1018F0000000A84201D1012038BD002038BD0023DE
:1019000001B10123002201218FE670B514460123A5
:1019100005461A46FFF789FE2C54401C70BD01464F
:1019200000200978002900D00120704778B51546BD
:10193000002604466A460096FFF79FFF50B10098C4
:10194000205C10B10120287000E02E700098401C2F
:10195000009078BD4FF0FF30FAE701004FF0000033
:1019600000D00120704700231A4619465DE6002387
:1019700001225AE601460020CA0700D080208A07CB
:1019800001D540F040004A0701D540F020000A0789
:1019900001D540F01000CA0601D540F008008A06C3
:1019A00001D540F004004A0601D540F002000906C6
:1019B00001D540F0010070472DE9F04107460025B0
:1019C0000E4690462C46104604F0EAFBBEB1761E49
:1019D0000F2E14D8012509E0785D6D1CFFF7CAFFB2
:1019E0000246E1B2404604F023FC641CB442F3D347
:1019F0003878F1B200F00702404604F023FC284694
:101A0000BDE8F08177B581B0164604469DF8081010
:101A1000FFF71FFF68B120466A4602A9FFF79AFE4A
:101A20000546601932460099FFF7C6FF284404B006
:101A300070BD4FF0FF30FAE72DE9F04106468846C9
:101A40000025084604F0DFFB80B1404604F0DDFBD2
:101A50000746404604F0D7FBC7F1010100EBC10087
:101A6000C0B2C0F10800307001240DE000203070D9
:101A700001240BE02946404604F0D1FBFFF77AFF32
:101A80006D1C3055EDB2641CBD42F3D32046B7E760
:101A900070B506460D46084604F0B7FB431C00220D
:101AA00008213046FFF7C1FD044630192946FFF7EB
:101AB000C3FF204470BD70B506460C46154610465F
:101AC00004F0A3FB431C012221463046FFF7ADFD85
:101AD000044630192946FFF7AFFF204470BD38B5E2
:101AE0000C46002100911546694600F0FCFB009968
:101AF000890D21800099C1F31501296038BD30B4EA
:101B00001446042902D030BC00207047214630BC66
:101B10001A46E4E7F8B504460020164600901D4634
:101B200020466A46FFF7A9FE40B100982A462044A5
:101B30003146FFF7D4FF0099084401E04FF0FF3031
:101B40000090F8BD0B46114663F39F5100F0C2BBF5
:101B50002DE9F0411D461646074604230122FFF7F2
:101B600064FD044638192A463146FFF7EBFF20444E
:101B700046E770B50446401CFFF7E4FF0546034600
:101B800000220C212046FFF750FD284470BD2DE9AE
:101B9000F0414FF0000506460F002C460CD00846D9
:101BA00004F03DFD0546384604F03FFD02E0015DCE
:101BB0003155641CAC42FADB284621E770B5064675
:101BC0000D004FF0000015D0084604F028FD034634
:101BD000002206213046FFF728FD0446284604F07F
:101BE0001EFD2044B0F5167F05D230192946FFF7B7
:101BF000CEFF204470BD002070BD70B505000C46BE
:101C000016464FF0000017D0002E15D0104604F0F5
:101C100006FD0346012221462846FFF706FD04463D
:101C2000304604F0FCFC2044B0F5167F05D228199C
:101C30003146FFF7ACFF204470BD002070BD70B589
:101C400013460D460A4601460024184604F0A6FC39
:101C500000B12C46204670BD77B581B00546002006
:101C60000090164628469DF80810FFF7F2FD70B167
:101C700028466A4602A9FFF76DFD04462919304639
:101C8000009A04F08BFC20B10098044401E04FF06E
:101C9000FF342046CBE670B50400049D05F1010039
:101CA0000BD0884209D82270002103E05A5C6618E4
:101CB000491C7270A942F9D370BD002070BDF8B5FF
:101CC00006460F46084604F039FB0546384604F040
:101CD0003BFB0446384604F03DFB024623464FF4E6
:101CE000167130460095FFF7D6FFF8BD2DE9F0419B
:101CF00007460E46084604F021FB451C2B460022F1
:101D000007213846FFF791FC04462844B0F5167FBA
:101D100005DA38193146FFF7D2FF204470E600207B
:101D20006EE62DE9F04107460C461646104604F0D3
:101D300005FB451C2B46012221463846FFF775FC62
:101D400004462844B0F5167F05DA38193146FFF706
:101D5000B6FF204454E6002052E670B50C46164605
:101D60000178421C0025631E304604F0AFFA00B132
:101D70002546284670BD77B581B005460020009005
:101D8000164628469DF80810FFF763FD88B12846DF
:101D90006A4602A9FFF7DEFC0446009B2A19295D6A
:101DA0003046521C5B1E04F091FA20B100980444A6
:101DB00001E04FF0FF34204639E638B50C464FF0CD
:101DC00000011500ADF8001008D0012C08D0022C3D
:101DD00009D0032C0ED0042C10D01160204638BD41
:101DE00000781060FAE7694600F057FABDF8000085
:101DF0002860F3E7114600F060FAEFE7114600F0C3
:101E000072FAEBE777B581B0164604469DF80810E4
:101E1000FFF71FFD60B120466A4602A9FFF79AFC52
:101E20000546601932460099FFF7C7FF2844FEE5D2
:101E30004FF0FF30FBE5FF2902D801700120704709
:101E4000B1F5803F02D289B200F022BAB1F1807FB1
:101E500001D200F02BBA00F03DBA70B51446064628
:101E6000FF2A01D801230AE0B4F5803F01D2022302
:101E700005E0B4F1807F01D2032300E004230122B6
:101E8000FFF7D3FB054670192146FFF7D4FF28441E
:101E900070BD70B50446401CFFF7CDFF05460346F4
:101EA000002202212046FFF7C0FB284470BD38B550
:101EB0001446002200926A46FFF77FFF002C01D0F3
:101EC0000099216038BD7CB516460446FFF7C1FC79
:101ED00060B120466A4601A9FFF73CFC054660193F
:101EE00032460099FFF7E3FF28447CBD4FF0FF30F6
:101EF0007CBDA0E770B50446401CFFF7FAFF05461D
:101F00000346002209212046FFF78FFB284470BDBD
:101F100070B514460646FF2A01D801230AE0B4F53D
:101F2000803F01D2022305E0B4F1807F01D2032378
:101F300000E004230122FFF778FB054670192146D3
:101F4000FFF7D7FF284470BD10B50C464AB1012CED
:101F500009D0022C0BD0032C0DD0042C0FD0002064
:101F60001060204610BD114600F0D1F9F9E7114686
:101F700000F0E0F9F5E7114600F0F4F9F1E7114659
:101F800000F00FFAEDE777B581B0164604469DF8EC
:101F90000810FFF75EFC60B120466A4602A9FFF711
:101FA000D9FB0546601932460099FFF7CDFF28445A
:101FB0003DE54FF0FF303AE501F18002FF2A02D8FB
:101FC00049B200F0A1B901F50042B2F5803F02D25A
:101FD00009B200F0AAB9AD4A6FF07F430A449A42B1
:101FE00001D200F0B8B900F0D3B970B50446401C76
:101FF000FFF7E2FF05460346002203212046FFF7D4
:1020000014FB284470BD70B5064602F180001446EA
:10201000FF2801D801230FE004F50040B0F5803F10
:1020200001D2022308E099486FF07F422044904299
:1020300001D2032300E0042301223046FFF7F5FA22
:10204000054670192146FFF7B7FF284470BD70B5EB
:102050000A460446411C104600F0E6F905460346D0
:10206000002204212046FFF7E0FA284470BD70B535
:102070001546064604230122FFF7D7FA0446311914
:10208000284600F0D1F9204470BD70B515460446CD
:10209000821C1946284600F0FAF90546034600223C
:1020A00005212046FFF7C1FA284470BD2DE9F04113
:1020B00015461E46074608230122FFF7B6FA0446D6
:1020C0003A192846314600F0E2F9204498E40A78AB
:1020D00002704A7842708A788270C978C170042090
:1020E000704770B50446401CFFF7F1FF05460346F4
:1020F00000220B212046FFF798FA284470BD70B5E6
:102100001446054604230122FFF78FFA0346E81818
:102110002146FFF7DCFF184470BD02780A70427850
:102120004A7082788A70C078C870042070470B4665
:10213000042906D000211170D17051709170184699
:1021400070471146E9E738B50D4604466946FFF782
:10215000C8FA9DF800000B2802D04FF0FF3038BDC0
:10216000601C2946FFF7D9FF401C38BD38B504462E
:1021700000201546009020466A46FFF77EFB38B1E6
:10218000009829462044FFF7C8FF0099084401E061
:102190004FF0FF30009038BD0A8840F26C739A42CD
:1021A00002D3A2F26C7201E0FF2A08D802708A788A
:1021B0004270CA7882700979C170042070474FF06C
:1021C000FF30704770B50446401CFFF7E5FF054639
:1021D000034600220A212046FFF727FA284470BD53
:1021E00070B51546064604230122FFF71EFA044681
:1021F00030192946FFF7D0FF204470BD027802F263
:102200006C720A8042788A708278CA70C0780871CD
:10221000042070470B46042906D00021D17091702C
:1022200011711180184670471146E7E738B50D4621
:1022300004466946FFF755FA9DF800000A2802D0C7
:102240004FF0FF3038BD601C2946FFF7D7FF401C18
:1022500038BD38B5044600201546009020466A4631
:10226000FFF70BFB38B1009829462044FFF7C6FF63
:102270000099084401E04FF0FF30009038BD202362
:10228000037041708270032070470000FFFF7F00E1
:102290000A0A027041700220704729B102781202C6
:1022A0000A80407802430A80022070470A0C0270BC
:1022B0000A0A427081700320704749B10278120403
:1022C0000A60437842EA03220A60807802430A6087
:1022D000032070470A0E02700A0C42700A0A8270CC
:1022E000C1700420704769B1027812060A60437811
:1022F00042EA03420A60837842EA03220A60C07815
:1023000002430A600420704701700120704751B1F8
:102310000278120602D56FF0FF0200E000220A6088
:10232000007802430A60012070470A0A0270417077
:102330000220704769B10278120601D5214A00E0F7
:1023400000220A60037842EA03220A6040780243CE
:102350000A60022070470A0C02700A0A42708170FB
:102360000320704791B10278120602D54FF07F42E8
:1023700000E000220A60037842EA03420A604378E0
:1023800042EA03220A60807802430A600320704711
:102390000A0E02700A0C42700A0A8270C170042090
:1023A000704769B1027812060A60437842EA034234
:1023B0000A60837842EA03220A60C07802430A6016
:1023C000042070470000FFFFC37863F3070283789F
:1023D00063F30F224378007863F3174260F31F62C0
:1023E00004200A607047042903D0002308461360C4
:1023F00070471146E8E777B581B0164604469DF868
:102400000810FFF726FA60B120466A4602A9FFF7D6
:10241000A1F9054660193146FFF7D6FF284404B0FC
:1024200070BD4FF0FF30FAE7020E0A70020C4A70DE
:10243000020A8A70C8700420704710B5047864F3EB
:102440000702447864F30F22847864F31742C47857
:1024500064F31F62047964F30703447964F30F2380
:102460008479C07964F3174360F31F63C1E90023E3
:10247000082010BD10B40C46082905D00021C2E97F
:102480000011204610BC704710BC1146D5E71070F3
:10249000030A5370030C9370000ED0701171080A78
:1024A0005071080C9071080ED0710820704777B5F4
:1024B00081B0164604469DF80810FFF7CAF958B1D6
:1024C00020466A4602A9FFF745F9054660193146DC
:1024D000FFF7B3FF2844A2E74FF0FF309FE7002843
:1024E0000CD000290AD04A68C0F801204988A0F819
:1024F0000510062101700021018181727047414061
:1025000081EA410080EA810080EAC10080EA01108E
:1025100080EA411080EA811080EAC11101F0FE00DA
:10252000C1F3002148407047CAB24240080A80EA1D
:10253000022080EAC20080EA023080EA121102F032
:102540000F00414081EAC01080B2704738B505469F
:10255000049C002044B1012C0CD0022C0FD1284641
:102560000094DDF70AFC09E000200090284601F005
:102570007EF903E028460094DDF728FC80B238BDE0
:1025800030B40446029B00202BB1012B08D1204619
:1025900030BCDDF78ABC204630BC002301F083B993
:1025A00030BC704729B1012901D0022903D1DDF7E0
:1025B0000FBD01F0DEB9704729B1012901D0022910
:1025C00003D1DDF7DEBC01F0C4B97047F849002043
:1025D00008707047F6484068704701460120B1F521
:1025E000800F04D2F24A5160F24A11607047002015
:1025F0007047EF494968814201D1012070470020AE
:102600007047DCF79DBD10B5FCF77DFE441CFDF75F
:1026100030FF0444FCF771FA0444FCF7F0FB044477
:10262000FEF719F90444FDF7ACFD044401F0C7FFBF
:10263000044401F07DFE044402F0D3FD044402F0A2
:10264000BCFE204410BD2DE9F041002415460E4685
:102650000746012805D108203060D548012440688C
:1026600028607F1E002C6FD17F1EFCF74CFE874236
:1026700005D2022030603846FCF748FE4BE03F1A96
:10268000FDF7F7FE874205D2052030603846FDF79A
:10269000F3FE40E03F1AFCF730FA874205D20020F3
:1026A00030603846FCF72CFA35E03F1AFCF7A7FB00
:1026B000874205D2012030603846FCF7A3FB2AE0B0
:1026C0003F1AFEF7C8F8874205D20420306038462A
:1026D000FEF7C4F81FE03F1AFDF753FD874205D20D
:1026E000032030603846FDF74FFD14E03F1A01F03B
:1026F00066FF874205D211203060384601F062FF44
:1027000009E03F1A01F014FE874207D2062030602C
:10271000384601F010FE0124286015E03F1A02F04F
:1027200060FD874205D280203060384602F05CFDB3
:10273000F1E73F1A02F055FD874205D213203060C1
:10274000384602F038FEE6E72046BDE8F08138B5AD
:10275000994C6079A179401CC2B2E378974801F2A4
:102760006C7104F05EF80020009023786278A17804
:10277000934804F08EF9607A00B10120DCF764FD23
:10278000BDE83840DCF792BD10B50446FFF7DFFF27
:102790008A49086820600879207189480068C4F86F
:1027A000050010BD10B5FFF7D2FFBDE81040DCF703
:1027B00079BDDCF74CBD2DE9FF4FADF51D7D002443
:1027C0000646DDE9AAA79A949F9879499946254635
:1027D0009B944FF0FF3B4D2852D022DC3E2877D00F
:1027E00010DC1E2875D006DC0B2873D00C285AD0BC
:1027F0001C283CD1F9E02C2853D038286BD039283C
:1028000035D100E1492867D006DC3F2875D0402843
:1028100074D046282BD141E04B282DD04C2826D10E
:1028200082E0792833D010DC62283ED006DC4F28C5
:1028300029D0602851D0612819D13AE06B2871D095
:10284000702822D0782812D125E05E49B0F57A7F31
:1028500069D006DC8B282AD09B283DD0D12806D110
:1028600062E0A0F54070E93874D0012873D00220EE
:102870008AF8000020208FE04A680821304665E091
:10288000DBF7C5FD05E008218DE009788BE0DCF77A
:10289000B0FC0146AAE0DCF753FCBBE0DCF7ACFC83
:1028A000F7E749A1A2E04AA1A0E00121D6E00C216E
:1028B000D4E096A803F074FCE8B2FDF727FA0246CC
:1028C000E9B296A803F075FC6D1C282DF4D324E022
:1028D00065E084E07EE091E07FE096A803F060FC94
:1028E000E9B2002296A803F064FC6D1C332DF7D3E7
:1028F0002F4C4FF4806508340CE089E08CE0D4F86C
:10290000060030B1804720B12178012296A803F05B
:1029100050FC36342088A842F1D396A93046FFF700
:10292000B7F815E03EE07AE0FFF76DFE8046B9F1BA
:10293000000F11D0B9F1FF3F10D09BAA9AA94846C9
:10294000FFF781FE20B3DDE99A123046FFF711F957
:10295000044673E07FE080E041467FE0012514E01B
:102960009BAA9AA92846FFF76EFEDDE99A12301954
:10297000FFF7FFF804442044B0F5167F04DB36204F
:1029800038706FF001046DE06D1C4545E8D955E0E5
:1029900002208AF800002A2038705C4662E04FF47A
:1029A00016715BE003213046FFF7A4FAD0E7000080
:1029B00078020060CC2000204423002094000060B6
:1029C000DE200020A8020260302E382E30000000E9
:1029D000312E30004EF6602140E000213EE04FF401
:1029E00016713046FDF77BF8B2E7FEA1684603F0AA
:1029F00095FC69463046FFF779F9A9E7FD4930466D
:102A0000FFF7E0FBA4E7FC493046FFF76AFB9FE7CE
:102A100000F097FF014621E000F097FFFAE78846B3
:102A20003019B8F800106943FFF733FA0444204422
:102A3000B0F5167FA3DA6D1C052DF1D9002C11DB42
:102A40009F984C280ED0B9F1FF3F0BD002208AF896
:102A500000003220A0E7498800E0C98C3046FFF72B
:102A600018FA75E70DF5217D2046BDE8F08F70B5A9
:102A7000ADF5187D0446D0F8641200256A460C3086
:102A8000FEF722FA02232526002804DA84F86932A8
:102A900084F86A620AE0E0884C280BD0A168491CDF
:102AA00008D084F86932322084F86A0200200DF5DB
:102AB000187D70BD092202A94D2865D00DDC402883
:102AC00031D005DC6946382866D0392814D16BE04E
:102AD000462851D04B280FD115E0B0F57A7F10D0A1
:102AE00004DC78283ED0792806D133E0A0F5407088
:102AF000E93867D0012865D084F86932202084F84D
:102B00006A022846D3E79DF802000C2850D1BDF890
:102B10000300082819D1DDF80500FFF75EFDA0B11C
:102B20009DF805000EE09DF80200022840D1DDF876
:102B30000300401EFD2808D89DF80340204600F001
:102B4000E6FE2046DDF703F840E084F8693284F8B9
:102B50006A62D6E79DF802000728D2D10846DCF762
:102B60004EFB33E09DF802000228CAD1BDF80300F5
:102B700080B2DCF75AFB29E09DF802000728C0D19B
:102B80000846DCF747FB21E09DF8020007280FD13B
:102B90000846DCF73CFA19E09DF802000A2807D144
:102BA000C81CDCF75AFB0BE09DF802000B2804D090
:102BB00084F8693284F86A22A3E7C81CDCF764FB56
:102BC00005469EE79DF8020002289AD1012598E764
:102BD0002DE9F04704460088002702252826904664
:102BE000894612285DD2DFE800F009370E242E193D
:102BF0004A5C535C5C5C5C5C5C5C5C40D4F80200EE
:102C0000FBF775FF19E0D4F80200FCF776FBA8B3D8
:102C1000424649462046FCF7B3FC41E0D4F80200A6
:102C2000FDF721FC50B3424649462046FDF738FDEA
:102C300036E0D4F80200FDF79EFAF8B184F8695244
:102C400084F86A622DE0D4F80200FDF7FEFDA8B119
:102C50002046FDF76CFF23E0D4F80200FCF7C9F82A
:102C600060B12046FCF757FA1AE0D4F8020001F0F0
:102C7000A0FC18B1204601F0F8FD11E011E0D4F8F5
:102C8000020001F04FFB60B1204601F0DBFB07E0E2
:102C9000D4F80200FFF7ADFC18B12046FFF7E7FEBD
:102CA00007463846BDE8F087012070475348406822
:102CB000704710B5514A0C460146526800209142B7
:102CC00007D1DBF7A4FB01462046BDE8104003F026
:102CD00025BB10BD08B14A4B036011B148485C30B8
:102CE0000860002A02D046487030106070472DE915
:102CF000F04104464FF0FF38008800F0B5F80500B9
:102D00004FF001064FF01F070CD0D5F80E1049B157
:102D1000D4F80200884728B12146284600F0B1F8CF
:102D2000804601E02675677540460EE510B50C46F5
:102D3000014600202060A0602061084600F094F861
:102D400040B1D0F81E302BB104F1100204F108019B
:102D500020469847206808B100F07CF86060A068C1
:102D600008B100F077F8E060206908B100F072F86F
:102D7000606110BD10B500F077F8002801D0D0F8E0
:102D8000220010BD70B515460E46002400F06CF808
:102D900030B1D0F812201AB1294630469047044687
:102DA000204670BD2DE9F043ADF5197D0026904613
:102DB0000F4681469696FFF726FC0546012433E030
:102DC00097AA96A92046FFF73EFC60B3969880B27A
:102DD00000F04AF838B3D0F8122022B36946979829
:102DE00090470FE04261636E65742050726F6475A6
:102DF0006374000094000060DE2000207802006010
:102E0000A846050878B16946484603F0D6FA50B19D
:102E100001260FB196983860B8F1000F06D0979947
:102E2000C8F8001002E0641CAC42C9D90DF5197D48
:102E30003046BDE8F08370B50D46002480B200F046
:102E400013F828B1D0F80E202846904700B101248D
:102E5000204670BD002110B904E0001D491C026825
:102E6000521CFAD108467047024629484FF4806345
:102E700002E0914204D0363001889942F9D3002013
:102E800070472DE9FC410546CC684FF0FF30E4B1B6
:102E90000A69D2B1CA88022332264B2A17D04F2A98
:102EA0002DD0D5F81670002F0DD00B7501F115033C
:102EB0004E75581ECDE900038B68D5F81650D1F831
:102EC00002102046A847BDE8FC810020FBE78A6885
:102ED000521C02D00B754E75F5E70888082802D001
:102EE000D1F8022004E00A4A083A5268C1F80220E8
:102EF000014602B02046BDE8F041FEF73ABE8A68BE
:102F0000521CE7D109882046BDE8FC41FEF7F2BF1C
:102F100080020060F74810B5002101714171C17154
:102F200041728172831D41621A7822F02B021A705D
:102F3000F14A1278C272F14A127842730122027386
:102F40008182017201F043F9012010BD7047002217
:102F5000FF2911D001230370417001214318491C3E
:102F60005A700729FADB0281827200214318491C3A
:102F7000DA720729FADB704702704270EDE7F0B5AC
:102F8000DF4D04460021287889B0022815D0012899
:102F900013D0032811D004280FD0DA4800250126C9
:102FA00002788AB10570002305AA6946D64804F064
:102FB00051FA80B2267009B0F0BDF1F7D8FB214676
:102FC0002878E2F7BCFCF6E7D04F387850B1F1F73B
:102FD000CEFB0022501E3D70014604F02EFB08205F
:102FE00002210AE0CA4802784AB10570C9480021A6
:102FF000007804F0F3FC0B2007212170DBE7C64FBB
:10300000387850B1F1F7B3FB3D700022C349C44892
:1030100005F076FA26701420CDE70846CBE72DE9B7
:10302000F043ADF5197D88465521A09D8DF85812C5
:10303000FF218DF859121F4691464FF6FF76002466
:103040008DF85A02FFF75BFA014640468DF85B8225
:10305000FFF755FA014648468DF85C92FFF74FFAA4
:103060000146280A8DF85D02FFF749FA0146E8B2E9
:103070008DF85E02FFF743FAC0438DF85F023DB959
:103080000EE0385D3146FFF74FFA641C0646A4B2E5
:10309000AC42F6D3F0438DF86002000A8DF861026D
:1030A00001F080F8012001F076F8B5B1DDE9960174
:1030B000CDE900012A46394602A805F0ABFE0DEB2A
:1030C0000500BDF8601201810A35A9B2684601F019
:1030D00082F80DF5197DBDE8F083082196A8F6E782
:1030E0002DE9F843834D00248DF8004028794FF0F6
:1030F000010805F1280748B14FF00209012828D03E
:10310000AE1D022860D0032829D139E101F075F8FD
:1031100040B101F05CF8287AFF2801D2401C2872E7
:10312000BDE8F8835146684601F069F80028F7D0F9
:1031300001F04DF8287AFF2801D2401C28729DF832
:103140000000552801D185F8048085F80480387086
:10315000E6E701F024F85A2802D9E5F78CFC64E18F
:1031600001F04BF838B101F032F8287AFF28F6D296
:10317000401C287259E15146684601F040F8002889
:10318000CED001F024F8287AFF2801D2401C287202
:103190009DF80000FF21FF2806D0552808D00328FD
:1031A00009D0192807D00CE06C822970797005E0ED
:1031B00085F80480B4E76C822970787085F80490F3
:1031C000AEE7E5F742FC30E100F0E9FF5A2872D89B
:1031D00001F013F800286FD103E0307840F00100CF
:1031E000CCE05146684601F00AF8002898D000F07B
:1031F000EEFF287AFF2801D2401C2872688A60B14D
:1032000001282FD04FF00308022838D0032854D0CB
:1032100004285FD005286CD0FCE029789DF80000D8
:10322000FFF76DF928709DF800006872397855290C
:103230000CD17978FF2909D1072807D900F0C7FFF9
:10324000287AFF2801D2401C28722C719DF80000BA
:10325000B8703878FF2802D1787819286FD0A5F88F
:1032600012805DE729789DF80000FFF748F9287083
:103270009DF80000E871F870A5F8129050E72978E1
:103280009DF80000FFF73BF928701B4C9DF80000EB
:10329000A8722178884201D2F1F76DFAA87A2178D4
:1032A000884202D1E5F7BBFB01E0E5F750FA9DF853
:1032B00000003871D3E767E06EE029789DF80000E0
:1032C000FFF71DF928709DF800000102A9827871AE
:1032D00004200CE029789DF80000FFF710F9287011
:1032E000A98A9DF800000144A982B871052068826E
:1032F00016E717E0080500609B000060AE20002084
:103300003905006038050060F449002038230020AA
:10331000D42100208E01006039230020DE2000200F
:10332000940000609DF80000F8710621F848EBF762
:1033300080FBF979BA7901EB0221814202D1F0F7E1
:1033400061F9EDE629789DF80000FFF7D8F82870BC
:10335000552806D0E5F779FB307840F00100307051
:1033600001E7A88AF0B3E98A884253D86C824FF605
:10337000FF7028821CE7307840F00200307054E083
:1033800000F00DFF5A2804D9307840F00100307069
:10339000E3E600F032FF40B100F019FF287AFF2881
:1033A000BFF41BAF401C287217E75146684600F077
:1033B00026FF00289CD000F00AFF287AFF2801D2BF
:1033C000401C2872698AA88A81420CD2298A9DF8F9
:1033D0000000FFF7A9F82882688A6A6A9DF8001041
:1033E000115408E01BE008D1298A9DF80000FFF77E
:1033F0009BF82882688A401C79E7401C8142A0D152
:10340000298A9DF80000FFF78FF8A0F57041288207
:10341000B83904D0307840F001003070D1E6E87956
:10342000E97A8842A7D0FF28A5D02C7178E62DE94B
:10343000FC5FB74E0024283E06F1060BF178707B46
:10344000491C401CB1FBF0F200FB1211F27A01F0B2
:10345000FF09511CB1FBF0F300FB1311C9B200913D
:10346000B178B0464B1CB3FBF0F500FB1530C0B291
:10347000019096F805C09BF800000025012798F8F8
:103480000AE020F004034FF0040ABCF1090F7DD2DA
:10349000DFE80CF0051260ADDEEFEEEDEC00B2708F
:1034A000F27032203062777123F0030001248BF830
:1034B000000000F08CFED7E100F071FEB0F5FA7F5D
:1034C00009D3E5F7D8FA3572062070719BF8000031
:1034D00020F00300B2E09BF800005F46C10702D075
:1034E000E5F7B3FA9EE18107E5D5717A07292AD27B
:1034F000DFE801F0040F292129191500F179FF29CE
:1035000021D0757020F006003870022070710124FF
:103510001CE000950023F27AB17A022011E040F01D
:10352000200038700FE040F020003870F079FF285C
:1035300009D00820DDE0B08A0090F27AB17A042048
:10354000736AFFF76CFD70790828B4D0387820F0E2
:1035500002006AE18DF8045001A8FFF710FD3083E6
:103560009DF8041079B3022908D10090694BF27AD2
:10357000FF210620FFF753FD86F805A09DF8040003
:1035800007280DD001280BD0032500E06BE10328AC
:1035900011D0042818D0052816D0062814D01CE015
:1035A000308B00905B4BF27AFF210620FFF737FD4E
:1035B00086F805A011E0E2F7CDFB0146308B0090C4
:1035C000554BF27A05E00CE0308B0090514BF27ACB
:1035D000F17B0520FFF723FD75717078401C70703A
:1035E00042E1307B7070012486F805A03CE100F0D8
:1035F000D6FDB0F5937F04D9E5F73DFA307B7070C6
:1036000008E09BF800005A46C10706D020F00100F0
:103610008BF8000086F805A09BE08107E0D5F179E2
:10362000F37A994206D1717A04290AD006290BD07F
:10363000072906D07771107820F002008BF800007F
:1036400087E086F805A0F6E740F020001070F8E764
:10365000737896F80CC0634502D20220707178E04E
:10366000430707D4914205D100993AE0E3E08CE0AA
:103670005EE040E0336A312B15D243072448A0F1C5
:103680002800006A00F1010005D5009B994202D094
:1036900075703062E1E73062002318460095FFF74D
:1036A000BEFCF56119E04B46894519D140070CD5A0
:1036B0000199F170002301200095FFF7B0FCF07A2A
:1036C000B070C6E90757072013E0F27000231846D0
:1036D0000095FFF7A4FCC6E907573572052008E0FE
:1036E0001946F170002301200095FFF798FCF56161
:1036F00007207071B8E000F052FD5F2804D8307ADE
:10370000042814D9777124E0F06938B1019930E0C8
:1037100030050060F4490020F65E0020F761009556
:103720000023F27AB1781846FFF779FC35729BE0F6
:10373000B04602EB82014FF4FA7000EB410600F054
:103740002EFDB04207D298F80810042902D988F853
:103750000570012488E098F80B004FF4FF7100EB2E
:103760008000464601EB400700F019FDB8427BD2CD
:103770000099F17000950023F27A0120FFF74FFCC9
:10378000F07AB070F5613562B2E7800720D5F07944
:10379000904202D1707A022808D0777101249BF8F8
:1037A000001021F002018BF800105DE08BF8003072
:1037B00086F802E035720023714618460095FFF73F
:1037C0002EFCF07AF07035620520F5617071E6E745
:1037D00000F0E5FC5F2803D89BF80000C00743D049
:1037E0009BF800005F46410704D502207570707198
:1037F000012417E0B178F27A914209D035720023A2
:1038000018460095FFF70BFC0520F561707109E083
:10381000494691450BD0F170002301200095FFF738
:10382000FEFBF561387820F0010038701CE040F0B4
:1038300004003870D9E700070DD5308B0090564B47
:10384000B17B0620FFF7EBFB9BF8001021F008018D
:103850008BF8001005E00023714607200095FFF764
:10386000DEFB77719BE777712046BDE8FC9F70B562
:103870001C4613460646494D049A002072B9497801
:103880002878224661F3041028701946424805F052
:10389000C1FAA81F0483717881732046297841F00A
:1038A0000801297070BD2DE9F0413C4C0026A41F91
:1038B0000746606A08B96162E282384D287881075C
:1038C00008D4C00706D1FFF70BFC2878810701D484
:1038D000C00702D0207918B10BE020790028F2D17E
:1038E0002F48E17A0078814203D8FFF7A0FD002835
:1038F000FBD12878810607D520F020002870A68A01
:1039000001203870A07A78703046BDE8F0812349F4
:10391000891F4873704722490978884206D81F4991
:10392000891FC8724A7B904200D9487370471B4870
:10393000801FC07A7047002802D01849891F087379
:1039400070471648801F007B70471448801F407BDB
:10395000704701220270114A0021921FD27A4270F0
:1039600001810A4681724318491CDA720729FADB81
:103970007047002100280DD001220270FF22427002
:103980004FF6FF720281002282724318491CDA72DC
:103990000729FADB70470000F44900200E0500609B
:1039A000AE200020002803D001684068081A704744
:1039B0000020704700B50246002A05D01046FFF7E8
:1039C000F1FFD168884201D1012000BD002000BD77
:1039D00000B502460B46002A08D01046FFF7E2FF6A
:1039E000D268101A984201D3012000BD002000BD0A
:1039F00000B5002804D0FFF7D5FF08B1002000BDB6
:103A0000012000BD002808D04168C268B1FBF2F374
:103A100002FB13118068405C70470020704700B5BE
:103A2000024600231046FFF7E3FF50B95068D16803
:103A3000B0FBF1F301FB130091680B5C5068401C74
:103A40005060184600BD70B503460C461846FFF797
:103A5000A9FF904200D91046824210D902460EE0DA
:103A60005968DD68B1FBF5F605FB16119D68695CC8
:103A70005D686D1C5D600CB104F8011B401E0028E0
:103A8000EED1104670BD70B503460D460024002BE4
:103A900006D01846FFF78EFF20B1002000F074FB1F
:103AA000204670BD1868DA68B0FBF2F102FB110025
:103AB00099680D541868401C18600124F0E7F0B5AF
:103AC00004460D461646002731462046FFF780FF84
:103AD00090B175B910E02068E168B0FBF1F201FB2C
:103AE0001200A26815F8011B11542068401C2060C8
:103AF000761E002EEFD101273846F0BD002801D0F8
:103B0000016841607047002808D0002906D0002ACB
:103B100004D00023036043608160C26070472DE9D8
:103B2000F04188B000268046059606A814460F4648
:103B3000009003960496ADF8186005AB04AA03A99B
:103B4000404603F063F9BDF81810942917D00025FA
:103B5000401C28D0DDE903012246FBF7DEFE217878
:103B60000122F8B2012911D006291CD1BDF8181084
:103B700094291FD08DE8450043462A460FE00D2FBB
:103B800001D0FF25E4E798F80C50E1E7BDF81810E4
:103B900094290BD0CDE9000602966278434621466F
:103BA0000398E4F71AFD08B0BDE8F0810090CDE974
:103BB0000162F2E7CDE9000243460292DDE710B56B
:103BC00086B00021019102910391ADF8101004A973
:103BD0001446009103AB02AA01A903F017F90028CB
:103BE00004DDDDE901012246FBF72BFF06B010BD25
:103BF0002DE9F04188B00E46074698461546142137
:103C0000684605F020F9002005900690079030786E
:103C1000012827D105AB3A466946304603F00FFA32
:103C200004469DF816004FF6FF7100281AD1002CAB
:103C300018DDAC4216DCBDF80800B0B1884214D0E3
:103C4000DCF79BF9BDF80810884203D19DF80A0003
:103C500006280AD0B8F1010F0FD078782A463146ED
:103C6000E1F7EEFE08B0BDE8F081281B82B2311901
:103C700043463846FCF70CF9F4E729463046E1F7AD
:103C800083FEEFE72DE9FF41804608880C461E467B
:103C900017464FF0FF3505285BD006DC052810D20B
:103CA000DFE800F0677B479B8B00112871D004DCB4
:103CB00006286FD0082804D10BE013286BD0802889
:103CC0006AD0012010701F20187004B02846BDE88B
:103CD000F081D4F80200A149884202D0D4F8020051
:103CE00003E0FEF777FCC4F80200FEF782FC002830
:103CF000EBD0E288A2F58070733808D0CDE9007669
:103D0000A368D4F802104046FEF755FDB4E0002049
:103D100001900290039003AA02A901A8FEF7DAFF1E
:103D200003980090DDE901232146404604F00FFD91
:103D3000A2E0D4F80200FBF7E0FA0028C5D0CDE9F4
:103D40000076A368E288D4F802104046FBF73AFBFD
:103D500092E0D4F80200FCF786FB0028B5D0CDE94C
:103D60000076A368E288D4F802104046FCF7BEFB58
:103D700082E0D4F80200FAF7BAFE0028A5D0CDE917
:103D80000076A368E288D4F802104046FAF713FFE1
:103D900072E032E041E060E04FE0D4F80200FBF76F
:103DA00028F8002891D0CDE90076A368E288D4F8FD
:103DB00002104046FBF7C9F85EE0D4F80200FCF7B9
:103DC00044FD002881D0CDE90076A368E288D4F8CC
:103DD00002104046FCF7AFFD4EE0D4F80200FCF7BD
:103DE000CAF9002884D0CDE90076A368E288D4F827
:103DF00002104046FCF73AFA3EE0D4F8020000F028
:103E0000D8FB00289AD0CDE90076A368E288D4F8E0
:103E10000210404600F0ECFB2EE0D4F8020000F067
:103E200081FA00288AD0CDE90076A368E288D4F828
:103E30000210404600F095FA1EE0D4F8020001F0AE
:103E4000CAF900288AD0CDE90076A368E288D4F8C0
:103E50000210404601F0E4F90EE0D4F8020001F04F
:103E6000AFFA00288AD0CDE90076A368E288D4F8BA
:103E70000210404601F011FB054626E72DE9F04F00
:103E800091B080460120DDF868A08DF83C001F202D
:103E90000F468DF840001E46934651460AA8FEF78D
:103EA0008BFB0022114607A803F0BAF840F2391143
:103EB0000AFB01F02A4907AB01EB40040AAA594664
:103EC000204603F02AF80546307810B1F17A6019DF
:103ED0003FE001AA3946404603F0BBF90028F17AD9
:103EE00004EB050002DA0123002234E0804601AA37
:103EF00003F00EFA814605EB0900204410AB0FAA2F
:103F000001A9FFF7BFFE070009D4E91901EB090079
:103F1000204403F024FA09EB070108440CE010F1F7
:103F2000020F14D09DF840000090F17A40469DF8B1
:103F30003C300C2202F0D4F82B18224607A9584630
:103F4000CDF800A0FEF702FB11B0BDE8F08FF17ACA
:103F500040460123042202F05DF8EDE7FFFF3F0039
:103F6000F65E00207CB500220092019201AB6A4609
:103F700003F042FD0B4D012448B1401C08D0FEF770
:103F800029FB0099884204DB019A904201DC2C70E5
:103F90007CBDB1F5800FFBD2034901988842F6D26F
:103FA0007CBD000038050060FFFF3F002DE9F043B5
:103FB0008BB01E460B4601218DF804101F2191463F
:103FC0008DF80810129F594A194603F0A4FD804647
:103FD000394606A8FEF7F0FA0022114603A803F0BE
:103FE0001FF840F239105249784301EB400403AB0B
:103FF00006AA4946204602F090FF0546B8F1000F98
:1040000004DC60190123F17A002205E0307830B138
:10401000F17A60190123042201F0FCFF70E04348AB
:10402000008805283AD006DC05285FD2DFE800F0DA
:10403000222A1C322E00112820D004DC062833D07E
:10404000082853D104E013283AD080284ED12FE01D
:1040500002AA01A93548FEF7BBFD2EE0F17A6019EE
:104060000F22FEF70CF94BE002AA01A92F48FBF73B
:1040700087FA22E02D48FAF723FE1EE02B4800F0D5
:10408000F4FB1AE02948FBF746F816E02748FCF74E
:104090004EFD12E02548FCF75FF90EE002AA01A9E7
:1040A0002248FCF7FDFA08E0204800F0CBF904E0D4
:1040B00002AA01A91D4801F0FBF80028CED115E0A5
:1040C00002AA01A9194801F0A4FA28B1F17A6019ED
:1040D0000F22FEF7D4F809E09DF808000090F17A6D
:1040E00060199DF804300F2201F0FAFF9DF80800D6
:1040F0000090F17A60199DF804300F2201F0F0FF72
:104100002B18224603A948460097FEF71FFA0BB06A
:10411000BDE8F08310B504460120A4788C4204D099
:104120000221002011700921197010BD664C002079
:10413000F65E0020F0B589B01F460E9E154631464A
:1041400004A8FEF739FA0022114601A802F068FF20
:1041500001AB04AA29460B4802F0DFFE044640F2F8
:104160003910084A604302EB4000F97A092203F053
:1041700039F82318034A01A928460096FEF7E6F904
:1041800009B0F0BDF65E002025494FF4007201F53C
:104190000070FFF7B8BC00B10120D9F769BC214815
:1041A0000088704710B5EFF72AFA052809D00628CD
:1041B00009D0072809D002201A490A888242FCD374
:1041C00010BD0620F8E70420F6E70320F4E71549C0
:1041D00000200880704770B50C460546EEF7F2FCEB
:1041E000401C06D0EEF7EEFC024621462846EAF7D0
:1041F00037FC0C490020088070BD0020704770B566
:10420000054600240848FFF7F3FB28B91DB106480E
:10421000FFF705FC28700124204670BD70470000A0
:104220001CC104603A0500601CC304602DE9F04124
:104230008AB00F4680461546114604A8FEF7BCF921
:104240000022114601A802F0EBFE40F2391030497D
:10425000684301EB400401AB04AA4146204602F04A
:104260005CFE2C490646A0193A460978E3F7DCFAC9
:104270003318224601A940460095FEF767F90AB0B7
:10428000BDE8F0812DE9F0478AB08946824616469E
:10429000114604A8FEF790F90022012101A802F0BE
:1042A000BFFE40F23910DFF86880704308EB40042D
:1042B00001AB04AA5146204602F02FFE074603F048
:1042C0003CFA050001D103F0BFF92946E0194A463E
:1042D000E3F7DAF907445EB90F483A46017821F06E
:1042E0000801017041460D4804F094FD0C48077028
:1042F00022463B4601A950460096FEF727F90028C2
:1043000003DD28460AB0BDE8F0876FF00100F9E749
:10431000F65E00209B2000200E050060F44900207E
:10432000A6200020052801D20120704700207047F8
:10433000974800787047401C7047401E704710B582
:104340000C46014600204A1E042909D2D1B206209B
:10435000D9F738FC01462046BDE8104001F0DEBF29
:1043600010BD2DE9FF4FADF51B7D491EDDE9A89875
:10437000002407460D464FF0020A4FF0FF3B4D2A3E
:1043800014D006DC172A35D01C2A16D04B2A04D1AB
:1043900007E04F2A1ED0552A20D089F800A02021FE
:1043A00048E00A460621FDF7E4FB04E0C9B2062016
:1043B000D9F708FC05E0044634E0C9B20620D9F775
:1043C0005BFB0146684601F0A9FF69463846FDF7E8
:1043D0008DFCF0E70621FDF78DFDECE7CAB2002168
:1043E0000620D9F759FE05F047F901463846FDF792
:1043F00050FDE0E7002610E0E9B2324698A8DAF76F
:104400004BF9DDE99801CDE99601381996AA00210A
:10441000FDF7E6FE761C0444F6B2E8B2DAF7D9F806
:10442000B042E9D8002C08DB9E98401C05D089F8E2
:1044300000A0322188F800105C460DF51F7D204653
:10444000BDE8F08F2DE9F0410446007B0026ADF574
:104450001A7D00074FF002071CD4D4F864126A4694
:1044600004F10C00FCF730FD002803DA84F86972CF
:10447000252008E0E08882280CD0A068401C09D0E4
:1044800084F86972322084F86A0200200DF51A7DE2
:10449000BDE8F081D4F80250E08809216D1E4F2854
:1044A0000ED009DC172822D002AB1C2847D02428C4
:1044B00006D04D2804D137E051284BD0552806D0DE
:1044C00084F86972202084F86A023046DEE79DF89D
:1044D0000200042842D19DF8030005F091F803463C
:1044E000EAB294F868120620DAF721FA41E0D4F82B
:1044F0006402052190FBF1F000F0FF080027E8B20C
:10450000DAF784F800260CE0E01998A90D30FDF7E1
:1045100075FEDDE99812E8B2DAF7B9FD761CF6B25D
:104520007F1D4645F0D324E09DF80200072815D1F1
:10453000EAB294F868120620DAF7FBFC19E09DF85D
:10454000020007280AD1EAB294F868120620DAF7C6
:104550007FF90EE09DF80200012804D084F869720A
:1045600084F86A12B1E79DF80320E9B20620DAF771
:10457000A4FC0126A9E708B1064B036011B1054868
:1045800008380860002A02D00248001F10607047F7
:104590003C0500603047050808B1FC4B036011B1D1
:1045A000FA4808380860002A02D0F8480C38106031
:1045B0007047092801D20120704700207047F44855
:1045C00000787047401C7047401E704710B50C467D
:1045D000014600204A1E082909D2D1B20520D9F788
:1045E000F1FA01462046BDE8104001F097BE10BD2B
:1045F0002DE9FF4FADF2347D0446491EDDF83C073E
:104600000026DDF86CB799460D464F2841D010DCE6
:10461000262873D006DC1C282ED020286FD0242812
:1046200017D118E13628F4D04B2818D04D2810D1D6
:104630001BE06728F5D006DC51283BD055282AD04E
:10464000582806D10CE16F287ED07B2839D0AE28BF
:10465000E7D0DDF86817022008702021C2E00A4682
:1046600011212046FDF785FA04E0C9B20520D9F7EB
:10467000A9FA05E006469FE0C9B20520D9F7FCF982
:10468000014699A801F04AFE99A92046FDF72EFBA4
:10469000F0E71121E0E0CAB200210520D9F7FCFCC7
:1046A00000F0FF400AE0012100E000212046FDF774
:1046B00026F9DFE7C9B20520D9F77CFC0028F4D041
:1046C000F1E7B9F1000F79D0B9F1FF3F4FF0090AD6
:1046D0000BD0B9F1070F7DD8A9F1010820460021C0
:1046E000FCF7D9FF074600265AE00027A019002151
:1046F000FCF7D1FF00EB060800261FE05EE07AE041
:10470000F3B2FAB2E9B20DF2BC40D9F78BFE4FF426
:1047100019720DF2BC41684604F07CFB8DF806A0CE
:10472000F2B2F9B2E8B2D9F774FECDF8070004EBA3
:104730000800694603F086FA8044761CF9B2E8B2B4
:10474000D9F79BFEB04200E063E0D9DC04EB08003F
:104750000021FCF7B3FF7F1C00EB0806072FC5DB29
:104760002AE0F3B208F0FF02E9B20DF2BC40D9F73B
:1047700059FE4FF419720DF2BC41684604F04AFB31
:104780008DF806A0F2B208F0FF01E8B2D9F741FEB9
:10479000CDF80700E019694603F054FA0744761C87
:1047A00008F0FF01E8B2D9F768FEB042D9DCE019A1
:1047B0000021FCF783FFC619002E17DBB9F1FF3F7C
:1047C00014D0DDF83C077B2810D0DDF868170220F4
:1047D000087000E001E0322104E0DDF868170220F3
:1047E00008702A218BF800104FF0FF360DF2447D3F
:1047F0003046BDE8F08FA421FF2021706070A070CA
:10480000E07020716171A071E071207260720A26FF
:10481000D4E70DF5E46001F0C3FC002211460DF56C
:10482000E46001F0C6FC002201210DF5E46001F016
:10483000C0FC002202210DF5E46001F0BAFC002268
:1048400003210DF5E46001F0B4FC0DF5E4612046B0
:10485000FDF71EF90EE700212046FDF74BFB09E7A7
:104860000A212046FDF715FB04E72DE9F047044631
:10487000007B0025010704F10C00ADF59A6D4FF0A7
:10488000020680461AD4D4F8641202AAFCF71CFB74
:10489000002803DA84F86962252008E0E08882288D
:1048A0000CD0A068401C09D084F86962322084F8DA
:1048B0006A0200200DF59A6DBDE8F087D4F8027009
:1048C000E08809217F1E4F2825D011DC04AB262863
:1048D00021D006DC1C287CD020287BD0242815D1B0
:1048E00019E0362828D04B2815D04D280ED184E069
:1048F000672810D006DC51286DD055280DD05828D7
:1049000004D108E06F2806D07B2816D084F86962AD
:10491000202084F86A022846CCE79DF80A00012886
:1049200076D19DF80B0004F06BFE0346FAB294F8C2
:1049300068120520D9F7FBFF92E04FF000094D46C1
:104940004FF0070A40E004EB050898F80C000E2829
:1049500007D00F280DD0B6FBFAF10AFB116098BB07
:1049600018E00026F8B24946DAF75BFB6D1CADB2E1
:104970002AE0B6FBFAF16D1C0AFB1160ADB218BB60
:1049800009F1010000F0FF0900261DE05447050869
:104990003D05006008F10C009AA903F073F998F83E
:1049A0001100912818D0B6FBFAF2FF219DF8690298
:1049B000CDE90001AD1DADB29DF86832F8B24946AF
:1049C000DAF74AFBF61DF6B2D4F86402A842BADC64
:1049D00046E01EE038E027E0B6FBFAF298F8121045
:1049E0009DF86902CDE900019DF86832F8B24946A8
:1049F000DAF732FBED1DADB2E4E79DF80A000728B7
:104A000016D1FAB294F868120520DAF792FA27E084
:104A10000EE09DF80A0007280AD1FAB294F868124D
:104A20000520D9F715FF1BE09DF80A00012804D0E6
:104A300084F8696284F86A126DE79DF80B20F9B278
:104A40000520DAF73AFA0BE006494046FDF7EEFB9F
:104A500004492044491D0C30FDF7E8FB0028EBDD3C
:104A6000012558E73E0500602DE9FF4F8FB09A46BB
:104A70001E9F93465FEA000937D002F05EFE0600F3
:104A800037D039460AA8FDF797FD0022012107A873
:104A900002F0C6FA40F23910DFF8D08007FB00F1CF
:104AA00008EB410407AB0AAA4946204602F035FA52
:104AB000ADF804B00546CDF806A01C98ADF80A0084
:104AC0001D980390601901AA314602F09FFB05442E
:104AD0001099A8B288421ED20090234607AA4946E0
:104AE000304602F068FE3FB10DE0002013B0BDE893
:104AF000F08F02F0A9FD12E041462A461C4804F05E
:104B000089F91C48057022462B4607A9484600979C
:104B1000FDF71CFD03E0304602F0A4FD0026304600
:104B2000E4E72DE9F0478AB08A46DDE9127680464F
:104B30001D469146142103A804F085F9002004467F
:104B4000089003AA08A94046FAF7A7FE50B10898B2
:104B5000CDE9005781B202964B46524603A8FFF7B3
:104B600083FF04460AB02046BDE8F087F65E0020C9
:104B7000F4490020A62000202DE9FF4FADF52B7D44
:104B80009B460346002089460646A990DDF8E4A22C
:104B9000BC9F9CAAA9A91846FAF77FFEF0B302F0C1
:104BA000CCFD06003FD03946A4A8FDF705FD002244
:104BB0000121A1A802F034FA40F23910DFF828816F
:104BC00007FB00F108EB4104A1ABA4AA9CA9204675
:104BD00002F0A3F90546ADF80490AD98CDF80600B3
:104BE000ADF80AB0BB98CDF868A20390524604A86D
:104BF000B89904F00FF9BA988DF86C02601901AAFF
:104C0000314602F03DFF0544A99885421DD2A8B265
:104C100000902346A1AA9CA9304600E003E002F0E0
:104C2000CAFD1FB109E002F00FFD12E041462A461D
:104C30002E4804F0EFF82E48057022462B46A1A915
:104C40009CA80097FDF782FC03E0304602F00AFDC5
:104C500000260DF52F7D3046BDE8F08F2DE9FF4F82
:104C6000ADF51B7D0E46DDE9A84BDDE9AA7A4FF4D0
:104C70001678414605A8DDF8B09204F0E4F8002566
:104C800004212A46042E09D0052E07D0032E05D074
:104C9000A17022706170C4F8037009E00920A0704F
:104CA00017F0FF4000D00120C4F8030022706170AB
:104CB00005AF3CB178192146FCF7C7FA41194145C7
:104CC0000FDA0544CDE90075CDF808B0CDE903A9A8
:104CD000DDE99D2331469B98FFF74EFF0DF51F7DC3
:104CE000BAE70020FAE70000F65E0020F449002051
:104CF000A62000202DE9F04F16468846834687B04F
:104D00001C469A68D988E14803F04CF905460346E9
:104D10004246DE495846009603F0ADFB36276FF059
:104D2000010988B301208DF818001F208DF81900A3
:104D30002088ADF80400D4F80200CDF80600E08821
:104D4000ADF80A00A0680390D04804904FF41670A4
:104D5000059001A8FDF7CBFF00281CDA811C14D0B8
:104D6000C11C12D09DF819209DF81810C74803F0F7
:104D70004DF9824608EB05025346C4495846009651
:104D800003F079FB00B114E016E09DF8191061738F
:104D900007B0BDE8F08F08EB05010A18921CB2427B
:104DA0000ADA01EB0B030246B849184603F00FF983
:104DB000824605EB0A00EBE767734846E8E72DE912
:104DC000FF4F95B0002583462C46A84610A822998F
:104DD000FDF7F2FB002211460DA802F021F92298FE
:104DE00040F239114843AA490DAB01EB400010AA2B
:104DF0000B90179902F091F80C901898007828B150
:104E000036208DF811006FF00108F5E01898C17A8E
:104E1000DDE90B028618304603F0A7F80446169821
:104E200001AA411B0BEB050003F010F8002871DB11
:104E3000284487B2BDF80400082808D1DDF8060030
:104E40009449884203D1FDF7C5FBCDF8060001A9BE
:104E50008E4803F094F803464FF4167000903046E5
:104E600022468A4903F007FB0004000CC8D0044422
:104E7000169801AAC11B0BEB070003F020F80028CD
:104E800048DBBDF80A10384487B2082907D06929E1
:104E900005D0502903D0A1F58070733870D10398E4
:104EA0000025401C25D07948039A03F07BF805467D
:104EB0004FF4167930462B4622467449CDF80090BF
:104EC00003F0D9FA0004000C9AD02C4432220221BB
:104ED0006E4803F09BF8054630462B4622466B4948
:104EE000CDF8009003F0C7FA0004000C88D02C44E1
:104EF0005BE08946BDF8040005A9FDF717FF002017
:104F00004946B9F1080F06D069290AD0B9F1500F06
:104F100009D009E083E00899069808440A990844F2
:104F200002E0069800E008985FEA000A6ED03AE0D6
:104F300004443AE0DDF828C0089B06994A464FF041
:104F4000FF30B9F1080F05D0692A16D0B9F1500F1A
:104F500017D01BE08D4201D2059915E0CA18AA426C
:104F600002D9681A079905E002EB0C03AB420DD990
:104F70000999A81A51F8200008E08D42ECD305E009
:104F800044E09D4202D2079951F82500ADF80A008D
:104F9000A1B2304601AB4FF41672FFF7ABFE00280A
:104FA0003DDD04446D1C5545C4D30BEB07000121C6
:104FB000FCF790FC00283FF45BAF7F1CBDB2334888
:104FC00003F041F803464FF4167000903046224635
:104FD0002E4903F050FA0004000C87D004441698C0
:104FE0008542FFF41CAF1898D0F80700A042FFF6E6
:104FF00007AFB8F1000F3DD018F1020F11D0B8F192
:10500000FF3F1CD018F1030F27D033E0A1B2304688
:1050100001AB4FF41672FFF76DFE002888DC804666
:10502000E7E79DF8110000F0E1FF02461898C17A09
:10503000DDE90B031844012300F0ECFF19E09DF8B3
:105040001100009018989DF81030C17ADDE90B022C
:1050500010440E2201F044F80BE09DF8110002F01C
:10506000A1F802461898C17ADDE90B03184402F052
:10507000B9F804460C980DA92318229800900B9AB1
:105080001798FDF763FA19B083E60000D14E0020AF
:10509000F65E0020FFFF3F002DE9F04FADF5277DC4
:1050A0000646012000248DF890021F208DF89402FE
:1050B000DDF8C0A21878994693468846274620B165
:1050C00036208DF86E02A51E2FE0A8EB040081B2F9
:1050D000301901AA03F040F8051E25DD2C443019D3
:1050E0000121641CFCF7E0FBD8B1A8EB040081B2FD
:1050F000301901AA03F07BF8051E15DD2C44A5AA82
:10510000A4A901A8FDF764FD40B130190121FCF705
:10511000E1FB0028E9D0641C3FB902E00127BD1E75
:1051200003E04445D1DB00E0012751469FA8FDF78D
:1051300043FA002211469CA801F072FF40F2391197
:105140000AFB01F020499CAB01EB40049FAA5946A1
:10515000204601F0E2FE0646002027B3A91C04D039
:10516000691C0ED0ED1C13D022E09DF86E0200F0F9
:105170003DFF024699F80B10A019012300F04AFFE9
:1051800016E099F80B10A01901AA03F032F90FE00C
:105190009DF86E0202F006F8024699F80B10A0196D
:1051A00002F020F804E099F80B10A01903F017F9A9
:1051B000331822469CA95846CDF800A0FDF7C6F941
:1051C0000DF5277DBDE8F08FF65E0020002801D0A8
:1051D0006C49016070470B2801D201207047002004
:1051E0007047694800787047401C7047401E704700
:1051F00010B500210A2804D2C2B20A20D8F74CFF09
:105200000146084610BD10B50A2807D2C2B20B46A7
:1052100000210A20D9F78BFB012010BD002010BD12
:105220002DE9F043ADF5177D0746DDE99E54481E94
:10523000022699464FF0FF384B2A08D04D2A0CD051
:105240004F2A0FD0552A12D02E7020202AE0024675
:1052500080213846FCF78DFC1DE0C1B20A20D8F74A
:10526000B1FC10E080213846FCF744FE13E004282E
:1052700006D0FFF7BDFF01463846FCF7E8FE0AE01E
:105280000420DAF768FC0146684601F047F86946F1
:105290003846FCF72BFD002806DBB9F1FF3F03D0B1
:1052A0002E703220207040460DF5177DBDE8F0834A
:1052B0002DE9F0410446D0F80200ADF5187D401EFE
:1052C00015460E4600278046FFF785FF68B1D4F8E3
:1052D00064126A4604F10C00FBF7F6FD01004FF082
:1052E000020006D5307025200BE0012030701F2011
:1052F00007E0E288572A0AD0A168491C07D030701D
:105300003220287000200DF5187DBDE8F0810923BA
:1053100002A94D2A21D0552A04D0307020202870AF
:105320003846F0E7B8F1040F04D09DF802100429C4
:105330000BD003E09DF80220072A02D030702B70BA
:10534000EEE70420DAF72DFC19E094F86822DDF886
:1053500003104046FFF757FF11E09DF80220072A8F
:1053600004D084F8690284F86A32D9E794F86802B4
:105370000B46014608F0FF020020D9F7DAFD0127AD
:10538000CEE70000884705083A23002008B1CF4B3C
:10539000036011B1CD4824300860002A02D0CB4808
:1053A000001F106070470146C9480078421C9142B6
:1053B00000D208467047401C7047C54800787047C7
:1053C00000B5FFF7F0FFC2490978491C884201D2B5
:1053D000012000BD002000BD10B50123FFF7E3FF51
:1053E000BB490978884207D2C2B200210B20D8F706
:1053F00053FE04F041F90346184610BD70B50D4642
:105400000026FFF7D0FFB2490446097888420FD240
:1054100075B1E0B2DAF742FAA84209D3284604F09F
:10542000EFF80346E2B200210B20D9F780FA0126FB
:10543000304670BD70B50D460026FFF7B4FFA44995
:105440000446097888420BD255B1E0B2DAF726FA61
:10545000A84205D36D1EE9B2E0B2DAF746FA064675
:10546000304670BD2DE9F04116460C460746002532
:10547000FFF799FF9649097888420BD254B1C0B220
:10548000DAF70CFAA04205D3611E012532463846F0
:10549000DAF749FA2846BDE8F0812DE9F04FADF57D
:1054A0001B7D8146DDE9A4861D4692460024084600
:1054B000FFF779FF02465046BAF14D0F1DD009DCC7
:1054C0001C281FD0242847D04A2861D0BAF14B0F9E
:1054D00009D10DE04F2822D0552822D06E2846D081
:1054E000BAF16F0F21D0022088F80000202088E058
:1054F00013214846FCF73DFB37E0D1B20B20D8F72B
:1055000061FB03E0D1B20B20D8F7B6FA014668463A
:1055100000F004FF69464846FCF7E8FB25E013214C
:105520001BE01046FFF758FF1BE096A800F038FE7E
:105530000022114696A800F03CFE0022012196A808
:1055400000F037FE0022022196A800F032FE96A954
:105550004846FCF79DFA08E000214846FCF7CAFCE3
:1055600003E001464846FCF794FC044631E07DB177
:10557000681C104610D0FFF716FF0446C0B2DAF7D9
:105580008DF9A84239D329462046FFF753FFBDE7DE
:10559000D0B2DAF783F9E4E7FFF705FF8346012786
:1055A00011E039465846FFF745FF0146684600F0CE
:1055B000B5FE09EB04006946FCF798FB0444B4F51A
:1055C000167F15DA7F1C0BF0FF00DAF767F9B84297
:1055D000E7D2002C18DBBAF16E0F15D0BAF1570FD5
:1055E00012D06D1C10D0022088F80000322008E094
:1055F000052188F80010122003E0022088F800003E
:105600002A2030704FF0FF340DF51B7D2046BDE899
:10561000F08F2DE9F0430446ADF5197D15460E4691
:105620004FF00008D0F80200FFF7BDFED4F8641276
:105630006A4604F10C00FBF747FC02274FF02509EE
:10564000002803DA377085F800900AE0E0886E28B9
:105650000CD057280AD0A168491C07D037703220D7
:10566000287000200DF5197DBDE8F0834F2827D064
:1056700006DC1C2824D0242822D04A2806D11FE08A
:10568000552806D06E281BD06F2819D037702020DF
:1056900018E004F26A235A1E02216846FEF73AFD1A
:1056A0005FEA00080FD0DDF80310D4F80200FFF71E
:1056B000A5FE5FEA000806D1377085F8009002E089
:1056C0003770282028704046CCE70000A047050826
:1056D00048050060704770472DE9F0470822002513
:1056E000431EDCB26308FE4EFE4F7688A7F1280CFD
:1056F0002A2E7DD3032B52D84FF0640903EB0313FA
:1057000007F5B07606EB4306338C8B4204D307EBE8
:10571000C4004068BDE8F08733888B4202D857F850
:105720003400F7E7082337E036F8138088451ED8A1
:10573000A3F1010A36F81AA08A4518D35B1E5A1C39
:1057400036F8135036F81220AA1A002AE2D0681A46
:1057500000FB09F090FBF2F003FB09015CF8240068
:10576000484390FBF9F057F834100844D2E702B9E7
:10577000012502EBD2725210884501D9134400E092
:105780009B1A002B02DC57F83400C3E7102B03DB15
:1057900007EBC4004068BDE7002DC5D0B8E0642623
:1057A000D04AFA3213888B4202D357F83400B1E75B
:1057B000B2F864308B4257D807EBC4004068A9E7C1
:1057C000538E8B4229D2192332F8138088451FD873
:1057D00003F1010832F81880884519D35D1C32F8AE
:1057E000158032F81350A8EB0502002A92D000E091
:1057F0003DE0481B704390FBF2F003FB06015CF8B0
:105800002400484390FBF6F057F83410084481E731
:105810005B1CDBB2322BD7D326E0002332F8138097
:1058200088451DD803F1010832F81880884517D340
:105830005D1C32F8158032F81350A8EB0502002ADF
:1058400094D0481B704390FBF2F003FB06015CF818
:105850002400484390FBF6F057F83410084459E709
:105860005B1CDBB2192BD9D3002DA9D050E04FF02F
:1058700064099C4E03EB0313503606EB4306338C4E
:105880008B4203D307EBC400406843E733888B4265
:1058900002D857F834003DE7082337E036F8138084
:1058A00088451ED8A3F1010A36F81AA08A4518D3F4
:1058B0005B1E5A1C36F8135036F81220AA1A002A1A
:1058C000A5D0681A00FB09F090FBF2F003FB090178
:1058D0005CF82400484390FBF9F057F83410084472
:1058E00018E702B9012502EBD2725210884501D99E
:1058F000134400E09B1A002B02DC57F8340009E740
:10590000102B03DB07EBC400406803E7002DC5D074
:105910000020FFE62DE9F0410C4601210022143859
:1059200000B2C0EB0010704BC0EBC000C51801EB1B
:10593000410005EB40030933B3F90000FFF7CBFE4C
:10594000A04207D1D3F80200FFF7C4FEBDE8F04142
:1059500003F04DBE33F9060CFFF7BDFEA04207D1A0
:1059600053F8040CFFF7B6FEBDE8F04103F03FBE6C
:10597000B3F90000FFF7AFFEA04208DD33F9060CD3
:10598000FFF7A9FEA04202DA491E09B203E0491C52
:1059900009B20E29CBDD0F292FDB002000EB4003DD
:1059A00005EB430309331F8817B9D3F8023013B14D
:1059B000521CD2B205E008B9521CD2B2012800D163
:1059C0000022401CC0B21028E8D3B2B1093502EB66
:1059D000420005EB4000B5F9001030F9062C914269
:1059E00005DDD5F80200BDE8F04103F000BE50F837
:1059F000040CBDE8F04103F0FABD01EB410005EBFA
:105A000040050935B5F90600FFF765FE0146B5F911
:105A10000000FFF760FE081A07B2DFF8D08097B1E8
:105A2000B5F90000FFF757FE201A03F0E0FD4146EC
:105A300003F0D9FB0446384603F0D9FD0146204661
:105A400003F003FC0646A868FFF744FE0146D5F8BC
:105A50000200FFF73FFE081A03F0C9FD014611F0EE
:105A6000FF4F10D0304603F0BEFB414603F0EDFB84
:105A70000446D5F80200FFF72DFE03F0B8FD2146DD
:105A800003F059FB06463046BDE8F0812DE9F05F92
:105A900000260127164C124840882A2800D30427E4
:105AA0004FF0040BDFF84C80DFF83C904FF0000A19
:105AB00059E23046E3F775F9002859D0E3F70FF9BA
:105AC000B0426ED994F82D00A0F11401042916D823
:105AD00094F9230001110FD0000908F8060023E013
:105AE0006E070260F84705082951002000007A443B
:105AF00036530020B65E002008F806B014E094F893
:105B00002810B1B30B2840D011283ED0132840D024
:105B100010283ED00D2840D012283ED0092841D070
:105B20000A283FD008F806B094F8230000F00F00D0
:105B300018F8061040EA011084F82300E3F7D5F8BE
:105B4000B0426ED984F824A084F825A084F82AA055
:105B50004EB1FA4918F806008A5D904203D0885584
:105B60003046E3F709F894F92700F8B1012870D01E
:105B7000F6E1FFE794F92300011103D0000908F8CA
:105B80000600D1E708F806B0CEE7022008F80600C4
:105B9000CAE7032008F80600C6E7012008F8060057
:105BA000C2E7D1E1052008F80600BDE794F82D0012
:105BB00000284FD03046E2F7E0FF054694F9280070
:105BC00010B101283BD06BE114F8230F00F0F00076
:105BD0002070A07A233CA0F10C010A2908D8B5EB6B
:105BE000472F01D9012100E0002184F8261007E0A9
:105BF000B5EB472F01D3012100E0002184F82610E6
:105C00001738072807D8B5EB472F01D3012000E04C
:105C1000002084F8260094F8260018B14FF47A701A
:105C200001E07AE10020FFF755FDC4F81E0094F86A
:105C3000260010B14FF47A7532E1002530E114F8F6
:105C4000230F00F0F0002070A07A233C1E2839D2E8
:105C500001E05BE137E1DFE800F0350F0F0F0F0FD8
:105C60000F0F0F36365E6A7077F47E7E84649494EC
:105C7000949494F4353535F33046E2F77EFF07EB24
:105C80004701C1EBC711B0EBC10F08D994F823004D
:105C900000F0F00040F0010084F823000CE03046F2
:105CA000E2F76BFF142807D294F8230000F0F0000D
:105CB00040F0020084F82300A9B294F82D00FFF709
:105CC0000BFD0546DEE03046E2F757FFB0F57A6F90
:105CD00008D994F8230000F0F00040F0010084F8A7
:105CE000230011E03046E2F748FF07EBC70101EB64
:105CF0000711B0EB410F07D294F8230000F0F00039
:105D000040F0020084F82300A9B294F82D00FFF7B8
:105D1000E3FC0546B6E0B5FBF7F0E2F73AFF0546CF
:105D2000B0E0B5FBF7F0E2F75DFF0546AAE0844876
:105D30004543B5FBF7F0850AA4E044F620604543EF
:105D4000B5FBF7F0850A9DE044F620604543B5FBBE
:105D5000F7F0850A96E07A484543B5FBF7F0850AE7
:105D600090E0B5FBF7F0CC2801D200258AE0B5FB26
:105D7000F7F07349CC3848434FF44C71B0FBF1F560
:105D800080E0284603F03CFC054618F8060005288C
:105D900020D13046E2F7F1FEB0F57A6F08D994F8D9
:105DA000230000F0F00040F0010084F8230011E02F
:105DB0003046E2F7E2FE07EBC70101EB0711B0EB5B
:105DC000410F07D294F8230000F0F00040F00200E9
:105DD00084F8230094F82D001438C0EB0010C0EBB9
:105DE000C0004844007AEF282CD0384603F008FC65
:105DF0000146284603F029FA03F03EFC01463046EE
:105E0000E2F713FF6421B0FBF1F003F0F9FB03F0BC
:105E10001AFC01B294F82D00FFF77CFD494903F00C
:105E2000E2F903F029FC054694F82D001438C0EB84
:105E30000010C0EBC0004844007AEF2815D021E0E4
:105E40001CE016E0384603F0DBFB0146284603F071
:105E5000FCF903F011FC01463046E2F7E6FE0A21A8
:105E6000B0FBF1F003F0CCFBD1E76420B5FBF0F51B
:105E700008E03046E2F7C0FF054603E03046E3F7AE
:105E80008DF8054694F8290080B194F82C0094F818
:105E90002B1000EB01206FF01801484305EB800543
:105EA0002846FFF717FCC4F81E0059E094F82C00B0
:105EB00094F82B1000EB012000EBC00101EB001067
:105EC00005EB8005ECE794F8230000F0F00084F87F
:105ED0002300E2F70AFFB04210D93046E2F74DFE48
:105EE000B0FBF7F040F6B831484340F2FF31B0FB69
:105EF000F1F0FFF7EFFBC4F81E0031E03046E2F7A7
:105F00003CFEFFF7E7FBC4F81E0029E094F82300ED
:105F100000F0F00084F8230022E03046E3F777F841
:105F2000F0B984F824A084F825A084F82AA094F875
:105F3000230000F0F00084F8230011E0D65E00207A
:105F4000A086010000007A4484F824A084F825A0EB
:105F500084F82AA094F8230000F0F00084F82300CD
:105F6000761CF6B22E34402EFFF4A3ADBDE8F09FB0
:105F70002DE9F04100251C4C0026012730E0E2F716
:105F8000B1FEA84223D9E2F7E0FEA84205D92734A2
:105F9000A670E670267104F8276994F8280008B9FD
:105FA000C4F81E602846E3F75EF801280BD004F819
:105FB000296F6670A670293CE2F7C7FEA8420CD88C
:105FC00084F8277009E02846E3F720F805E0273435
:105FD000A670E670267104F827796D1CEDB22D3499
:105FE000402DCCD3BDE8F0812CC3046001460020D5
:105FF0003339052905D2DFE801F0030507090B0055
:10600000012070470220704703207047042070472A
:106010004020704710B5002438B10BB1712300E067
:1060200070230370417082700324204610BD10B5A8
:10603000002429B10AB1017811700BB140781870B1
:10604000204610BD10B50022002816D0002914D01B
:106050000B7803708B1884185B78521C6370072AC6
:10606000F8DB0A8902818A7A827200228B188418EE
:10607000DB7A521CE372072AF8DB10BD70B50022F0
:1060800088422BD004890B899C4221D1837A8D7A56
:10609000AB421DD1072B09D9072307E085188E18BD
:1060A000ED7AF67AB54213D1521CD2B29A42F5D3A8
:1060B000A4B903780A7893420AD1072B00D90723A1
:1060C000002209E084188D1864786D78AC4201D004
:1060D000002070BD521CD2B29A42F3D3012070BD91
:1060E00070B50400049E4FF000000DD050202070C9
:1060F0006170A270E01C1946FBF7FCFEC51C60191C
:106100003146FBF7F7FE284470BDFEB5044600207B
:106110001E4617468DF800000190029000291DD000
:10612000204601AA6946FBF715FB05469DF80000CD
:10613000092812D1601902AA0199FBF7B8FE05449B
:106140000FB102983870601901AA6946FBF702FB8B
:1061500005449DF80000092801D00020FEBD60190B
:1061600002AA0199FBF7A3FE2844002EF6D002995B
:106170003170FEBD70B50024DDE9045602290CD94A
:106180000AB1047814700BB142781A7033462A466B
:10619000801C891EFFF7B9FF0446204670BD000031
:1061A0000022027011464318491C5A700F29FADB6D
:1061B000704770B5CB0801250F2B11D206784C1C07
:1061C000A64200D204705B4201EBC30300EBD10096
:1061D0009D404178EBB20AB1194300E09943417008
:1061E00070BD30B504460020CA080123782909D2C1
:1061F0005542224401EBC5018B405278D9B20A4284
:1062000000D0012030BD0078704701460020097899
:10621000002903D0491EC1F3C400401C704702008E
:106220004FF0000003D00F2901D25018407870477A
:1062300003004FF0000004D00F2902D2581842701A
:106240000120704703004FF0000003D0C2EBC100F3
:10625000187001207047002800D07820704710B5D2
:10626000002258B151B10A78027000228B188418AC
:106270005B78521C63700F2AF8D30122104610BDC0
:1062800070B5002200B304780B789C421CD17F2C9F
:106290001AD8E30804F00704C4F10805FF24EC4011
:1062A00006E085188E186D787678B5420CD1521CB0
:1062B0009A42F6DB1844194440784978204021403E
:1062C000884201D1012070BD002070BDF0B50025CD
:1062D00010B300240460017140F251218B421BD89D
:1062E0004D1C4FF000018AB1461D994208D2D0F8EA
:1062F00000C0575C0CF8067007687F1C076001E05F
:1063000047187C71491CA942EFD304E04218491C8C
:106310005471A942FAD301252846F0BD70B505464F
:106320000C0003D0084602F0ABFD00E0002003465D
:1063300022462846BDE870400021C7E701004FF023
:10634000000000D00868704701004FF0000000D046
:10635000481D704701004FF0000000D008797047D9
:1063600030B504460D460846FFF7E8FF03462846C9
:10637000FFF7EAFF02462846FFF7ECFF01462046FA
:10638000BDE83040A2E730B5A8B1A2B1137993B906
:1063900013688B420FD200231C4608E015689D420B
:1063A00003D9D5186D79C55400E0C4545B1C8B42E9
:1063B000F4D3012030BD002030BD70B5034600206D
:1063C000E1B1BBB10C681A68944212D10A791D7907
:1063D000AA420ED10120002207E08D189E186D7987
:1063E0007679B54200D00020521C944201D9002891
:1063F000F3D170BD096804E0012070BD002BFCD012
:1064000019680029F8D070BD70B50E0005464FF030
:1064100000041AD00846ADB102F032FD2968884266
:1064200017D12879A8B90124002006E02B18325C86
:106430005B799A4200D00024401C814209D9002C8B
:10644000F4D106E002F01CFD01E015B1006800B9CE
:106450000124204670BD70B5002388B1046840F265
:1064600051251444AC420BD8451D06E00668CC5CAF
:1064700074550468641C04605B1C9342F6D30123CA
:10648000184670BD02004FF0000005D040F25123C5
:10649000994201D811600120704701004FF00000BF
:1064A00001D040F25120704702004FF0000001D0AF
:1064B00011710120704730B502004FF0000013D079
:1064C000107900284FF001000ED11368002140F22E
:1064D00052248B4208D955186D79203D5F2D00D389
:1064E0000020491CA142F4D330BDF0B5461871B369
:1064F000022541E002785AB3802A3CD30323B3EB50
:10650000921F34D17E4B9B5C994230D310F8014FDF
:10651000C91AB5EB941F2AD1062B2AD2DFE803F063
:106520002903070C111912F03E0F20D023E0E02AB6
:106530001FD1A2061BD51CE0F02A1AD104F03002AC
:1065400003E0F82A15D104F038020AB111E015E091
:106550000DE0FE2A0BD0FF2A09D0FC2A09D104F055
:106560003C02F2E710F8012FB5EB921F01D000209A
:10657000F0BD5B1EF6D1401CB042BBD30120F0BD84
:1065800010B501790024062906D221B950F8051B5F
:10659000FFF7ABFF00B10124204610BDF0B5002588
:1065A000F8B1002440F2522304609A4219D881B114
:1065B0000023051D0AE006D20768CE5C7E550668FA
:1065C000761C066001E0C61834715B1C9342F2D35E
:1065D00006E000EB010201F1010114719942F8D3C8
:1065E00001252846F0BD30B5464B00221C88464B9D
:1065F0001B781C4440F252239C4202D201230460C7
:1066000009E000210160084630BD8C5C8518521CF1
:106610002C71046892B29442F7D8184630BD01003C
:106620004FF0000000D00868704701004FF00000F4
:1066300000D0081D704710B503460C460846FFF70A
:10664000EEFF02462046FFF7F0FF0146BDE810408E
:106650001846A3E710B500236AB160B114688C42F4
:1066600009D3002103E053181B794354491C1368D4
:106670008B42F8D81368184610BD70B5002388B156
:10668000046840F252251444AC420BD8051D06E0C4
:106690000668CC5C74550468641C04605B1C9342FF
:1066A000F6D30123184670BD02004FF0000005D05C
:1066B00040F25223994201D8116001207047010035
:1066C0004FF0000001D040F25220704730B5002258
:1066D000A0B199B103680C68A3420FD140F25224D3
:1066E000A34207D90AE084188D1824792D79AC4289
:1066F00004D1521C9342F6D8012030BD002030BD99
:10670000024A0508A22000209C20002081070CD10D
:106710006421B0FBF1F201FB120141B94FF4C871E1
:10672000B0FBF1F201FB120008B10020704701201C
:10673000704730B58DB00C4605463422F94968469D
:1067400002F068FB0023022C05D12846FFF7DEFF8C
:1067500008B11D2304E0601E0B2801D81DF8243069
:106760000DB0184630BD70B5154606460024FFF73B
:10677000E0FF40F26C718E4204D318B115B185422E
:1067800000D80124204670BD10B5002128B1C27880
:1067900081780088FFF7E7FF0146084610BD2DE924
:1067A000F04117460E4680460025FFF7DCFF58B142
:1067B000012406E021464046FFF7BBFF641C054468
:1067C000E4B2B442F6D33D442846BDE8F0812DE959
:1067D000F04116460F4605460024FFF7C4FFA0B15E
:1067E00040F26C7308E0184604F26D14FFF78EFF58
:1067F00000B1641C5B1C9BB2AB42F4D332463946F9
:106800002846FFF7CCFF0444641E2046DDE710B5A0
:10681000FFF7DDFF0721B0FBF1F201FB1200401C86
:1068200010BD70B516460D46040008D02580A67030
:10683000E3701A4631462846FFF7E9FF207170BD24
:106840002DE9FC4789460021924604468DF8041044
:106850008DF8001001AF6E460125884606E02946F6
:106860004846FFF766FF241A6D1CEDB229464846DC
:10687000FFF75FFFA042F2D308EB0400C0B207B1FC
:106880003D7006B130709DF800309DF804204946F7
:106890005046FFF7C6FFBDE8FC8710B5002128B1C0
:1068A000C27881780088FFF77AFF0146084610BD5C
:1068B00010B5002128B1C27881780088FFF787FFE2
:1068C0000146084610BD3EB500220C46ADF8082032
:1068D0008DF804208DF800206B4601AA02A900F073
:1068E00029FA9DF800309DF80420BDF808102046D4
:1068F000FFF797FF3EBD002160B10278182A09D248
:1069000042783C2A06D282783C2A03D2C078642896
:1069100000D201210846704710B50C46FFF734FF3E
:1069200028B12046FFF7E7FF08B1012010BD002085
:1069300010BD02004FF000000CD000290AD01088D2
:106940000B88C01A06D190788B78C01A02D1D07803
:10695000C978401A704702004FF0000010D000299B
:106960000ED010780B78C01A0AD150784B78C01A24
:1069700006D190788B78C01A02D1D078C978401AA5
:10698000704730B50D460446FFF7D3FF002804D109
:10699000A91DA01DBDE83040DDE730BD30B50200C7
:1069A0004FF000001AD0002918D0148840F66B056B
:1069B000AC4204D00B88AB4201D0E01A0ED19378E0
:1069C000FF2B04D08C78FF2C01D0181B06D1D27875
:1069D000FF2A03D0C978FF2900D0501A30BD10B566
:1069E00002004FF0000020D000291ED01378FF2BAA
:1069F00004D00C78FF2C01D0181B16D15478FF2C32
:106A000004D04B78FF2B01D0E01A0ED19478FF2CE4
:106A100004D08B78FF2B01D0E01A06D1D278FF2A60
:106A200003D0C978FF2900D0501A10BD30B50D46EB
:106A30000446FFF7B3FF002804D1A91DA01DBDE83F
:106A40003040CCE730BD002809D0002907D00A88A3
:106A500002808A788270CA78C270097901717047A1
:106A6000002809D0002907D00A7802704A784270BD
:106A70008A788270C978C170704710B50B46044699
:106A8000891D801DFFF7ECFF2046BDE81040194628
:106A9000D9E710B50028029C03D0017042708370C2
:106AA000C47010BD002913D0002A11D000280FD0C7
:106AB000137883715378C37193780372D2784272DA
:106AC0000A8802808A788270CA78C2700979017156
:106AD00070472DE9F0479046DDE90965DDF82C9017
:106AE000089F8C4604000FD0A4F800C084F80280F0
:106AF000E3701A4641466046FFF789FE2071A77190
:106B0000E671257284F80990BDE8F08710B5002180
:106B100028B182784178007800F04BF901460846A8
:106B200010BD0000044B0508002128B10178407811
:106B3000C1EB011100EB810188B270472DE9F041F2
:106B40000E460446027AC179807900F032F93C277A
:106B5000B0FBF7F52046FFF7ABFE4FF4B46296FBAF
:106B6000F2F10844A1EB011101EB410116EB4111D7
:106B70002DD54942A94204D9C1F5B4612944401E2A
:106B800009E0691AB1FBF2F21044A2EB021202EB27
:106B9000420201EB4211C1EB01118D004FF4616320
:106BA000B5FBF3F3DBB26FF0E00603FB06F605EB93
:106BB0000615B5FBF7F5A21D04F10701EDB200D0F3
:106BC000137001B10D702146BDE8F0417BE6294408
:106BD000D8E70021D0B10288A2F500636B3B15D144
:106BE0008278FF2A12D1C278FF2A0FD10279FF2AB8
:106BF0000CD18279FF2A09D1C279FF2A06D1027A03
:106C0000FF2A03D1407AFF2800D1012108467047AE
:106C10000021B8B10288A2F500636B3B11D08278E5
:106C20000C2A0ED8C2781F2A0BD88279FF2A08D0E6
:106C3000C279FF2A05D0027AFF2A02D0407AFF28C3
:106C400000D1012108467047002806D040F66B01AC
:106C50000180FF218170C17001717047002804D04C
:106C6000FF21017041708170C170704700B5020052
:106C700005D0FFF7E9FF901D5DF804EBEEE700BDDE
:106C800070B506000D464FF000000AD0002D08D068
:106C90003046FBF797FA04463019A91DFBF721FA95
:106CA000204470BD2DE9F041040017460E464FF018
:106CB00000000FD0002F0DD02046FAF7ECFC05465F
:106CC00060193946FFF7DCFF054460193146FAF7D1
:106CD000F5FC284479E52DE9F0410F460546FBF720
:106CE000A5FA411C4FF0FF3608D004462819B91DFB
:106CF000FBF729FA411C01D0204466E5304664E5E3
:106D00002DE9F04114460F460546FAF7CDFD4FF048
:106D1000FF3668B1681C2146FFF7DDFF411C07D034
:106D20000C4628193946FAF7D5FD08B1601C4CE528
:106D300030464AE52DE9F0471F4601259046894631
:106D4000044640F26C76AA4640F26D134FF4B67CCE
:106D50000EE03046FFF7DAFC08B19C4212D0304614
:106D6000A4F26D14FFF7D2FC00B1641E761CB6B21B
:106D70006445EED806E029463046FFF7DAFC241ACF
:106D80006D1CEDB229463046FFF7D3FCA042F2D984
:106D90000AEB0400C0B2B9F1000F01D0A9F80060FD
:106DA000B8F1000F01D088F80050002F00D03870E3
:106DB000AAE6C0EB001001EB8000C0EB001002EB74
:106DC000800070472DE9F0410400069E9846174662
:106DD0004FF0000018D010202070002060700A468C
:106DE000A01C0821FAF7C5FE851C60193946FBF77F
:106DF00050F8054460194146FBF77CF805446019DA
:106E00003146FBF746F82844BDE8F0812DE9F0470C
:106E100086B004460020DDF8389090460E46ADF866
:106E2000000001908DF80800039004901D46204654
:106E300003AA02A9FAF78EFC07469DF808004FF056
:106E4000FF3A0C284BD1E01901AA6946FAF747FE30
:106E50000744BDF80000082841D10EB10198306008
:106E6000E01903AA02A9FAF775FC3E189DF808007C
:106E7000022834D1A01904AA0399FAF79EFF064408
:106E8000B8F1000F02D00499C8F80010A01903AAA5
:106E900002A9FAF75FFC06449DF8080009281ED1F4
:106EA000A01904AA0399FBF702F8064404980428E1
:106EB00015D205B12860A01903AA02A9FAF74AFC65
:106EC00035189DF80800022809D1601904AA039911
:106ED000FAF773FF04992844B1F5803F03D3504675
:106EE00006B0BDE8F087B9F1000FF9D0A9F800109D
:106EF000F6E7000000280FD000290DD00A780270B4
:106F00004A7842708A788270CA78C2708A88828091
:106F1000CA88C280097A017270472DE9F0474FF0A4
:106F20000004984616460F460500A14675D0B8F1F4
:106F3000000F72D098F8000028700020687098F850
:106F4000020008B1802068702FB1388918B16878C4
:106F500040F0200068703EB1308928B1B07A18B195
:106F6000687840F00800687098F8010018B16878F7
:106F700040F00400687098F80310687801F003018D
:106F8000084368700224BFB13989A9B1A81CFBF776
:106F90007FF9801CB97A2954441CB87A48B90BE0AF
:106FA00007EB0900C07A285509F1010000F0FF093C
:106FB000641CB97A4945F3D8BEB13189A9B1B07A18
:106FC00098B12819FBF764F90444B07A2855B07ACF
:106FD000641C50B1002005E03118401CC97A2955C5
:106FE000C0B2641CB17A8142F6D82FB1388918B189
:106FF00098F808002855641C98F8020068B198F8C1
:1070000004002855B8F80400641C802805D3B8F89B
:1070100006102819FBF73CF904442046BDE8F08728
:1070200000280BD0417001210170002181704FF4C4
:1070300080738380C180C270FF21017270472DE987
:10704000FC5F4FF000049946174688460500264627
:10705000A246ADF80040ADF804407DD0B9F1000F74
:107060007AD0297889F8001068780224C10989F853
:10707000021068784FF0FF3BC0F3800189F80110DF
:10708000687800F0030189F803106878800620D53D
:10709000A81C01A9FBF701F9841C285D641CB8F148
:1070A000000F05D0BDF80420A8F8082088F80A00D1
:1070B000F0B1072831D809E0295D641CB8F1000F50
:1070C00002D008EB0602D172761CF6B28642F3D3E8
:1070D0000EE0B8F1000F0BD0A8F808A0504688F8D1
:1070E0000AA008EB0601761CF6B2C872072EF8D388
:1070F000687801072A481FD50121017028196946BF
:10710000FBF7CBF80444295D641C1FB1BDF80000F7
:107110003881B97221B3072902D95846BDE8FC9FCE
:10712000002006E02A5D641C0FB13B18DA72401C97
:10713000C0B28842F6D313E097B180F800A0388936
:107140005146A0F57F42FF3A00D03981B972002044
:107150003A18401CD17200E01BE0C0B20728F7D3F8
:10716000BDF8040020B1295D89F80810641C01E015
:1071700089F808A099F8020060B1285D641CA9F89C
:10718000040080280AD3281909F10601FBF785F8C5
:10719000044403E04FF48071A9F804102046BDE7D1
:1071A00054200020014600203B390A2907D2DFE89D
:1071B00001F00507090B0D0F11131517012070477A
:1071C0000220704703207047042070470520704755
:1071D0000620704707207047082070470920704735
:1071E00040207047002320B16023037041708270FB
:1071F00003231846704710B5002429B10AB101785D
:1072000011700BB140781870204610BD70B50400A5
:1072100016460D464FF000001AD0207040F2C451BF
:10722000FAF790F96070A5700C20E07032880425A0
:10723000B2F5806F06D2D6F80230201D0021FAF791
:1072400087FC051DF28860190121FAF761FE2844C8
:1072500070BD2DE9F04385B04FF000050F4606469E
:1072600014008DF800500195ADF8085003956FF0AB
:10727000020904953FD0072F02D23F2050753EE00F
:1072800030460021FAF7E5FA4FF03E0890B1701C45
:10729000A21C02A9FAF723FC451CBDF808002080B7
:1072A000701901AA6946FAF755FA05449DF80000DD
:1072B000012802D084F8158021E0701903AA0199F1
:1072C000FAF7F5FD05440398E080BD421BD2701922
:1072D00001AA6946FAF73EFA05449DF80000022823
:1072E000E8D1BD42E6D2701904AA0199FAF765FD0A
:1072F00005440498A060BD4208D24120607548460C
:1073000005B0BDE8F0834FF0FF30F3E72846F7E71C
:1073100070B5040016464FF000001FD030202070DA
:1073200061700C20A070D6F802303288E01C002179
:10733000FAF70EFCC51CF28860190121FAF7E8FD86
:10734000B2680544501C04D060190221FAF785FD8B
:10735000054460190321FAF79EF9284470BD020024
:107360004FF0000003D003211046FAF7A7B9704789
:107370002DE9F04106004FF000051746284611D0D0
:107380003046FFF7C5FF044604E0F868405D30551D
:10739000641C6D1C3869A842F7DC30190321FAF728
:1073A0008DF92044BDE8F0812DE9F041044686B016
:1073B00000200F468DF800000190ADF80800039002
:1073C0000146049015462046FAF743FA4FF0FF387D
:1073D00098B3601CAA1C02A9FAF781FB461CBDF8F1
:1073E00008002880A01901AA6946FAF7B3F90644F3
:1073F0009DF8000001282BD1A01903AA0199FAF7E2
:1074000056FD06440398E880A01901AA6946FAF7D8
:10741000A1F99DF80010022910D0C5F80880A01924
:107420000321FAF741FA40B1761CA019E860B81BB5
:10743000401E2861384606B0B4E709E00644A019AA
:1074400004AA0199FAF7B9FC06440498A860E6E793
:107450004046F0E7F0B587B00E46054614461F4695
:10746000194601A8FBF7A8F839463046FBF79AF809
:10747000002211462046FFF7D3FD234601AA3146DC
:107480002846FFF74AFD0446FBF7BBF80646FBF724
:10749000A1F80146281903234FF416720096FFF74E
:1074A00091FC204407B0F0BD30B589B00C460B46C6
:1074B000054606AA01A9FFF7CDFF03462A4606A9FD
:1074C00001A80094FBF742F809B030BDF0B587B0D1
:1074D00005461C46174610460C9EFEF7B3FD314686
:1074E00001A8FBF769F8002211462046FFF798FD36
:1074F000234601AA39462846FFF70FFD0446FBF74D
:1075000080F80646FBF766F80146281903234FF476
:1075100016720096FFF756FC2044C3E730B589B0D9
:1075200014460092054606AB01AAFFF7CFFF0346BB
:107530002A4606A901A80094FBF708F8C4E7000052
:107540002DE9F0478AB08946824690461D46194685
:1075500004A8FBF731F80022114601A8FFF760FDEF
:1075600040F2391105FB01F0344F01AB07EB400449
:1075700004AA51462046FFF7D0FC0646A019424611
:10758000494600F0A9F9064435B9394632462C4837
:1075900001F040FC2B4806702246334601A95046B4
:1075A0000095FAF7D3FF0AB0BDE8F08770B586B052
:1075B0000D460646144611466846FAF7F3FF234681
:1075C0002A4631466846FFF7BBFF06B070BDF0B5EE
:1075D00087B00D460646144611466846FAF7E2FFA4
:1075E0000020ADF808009DF804008DF814009DF807
:1075F00003008DF815009DF802008DF816009DF827
:1076000001008DF817009DF806008DF818009DF810
:1076100005008DF8190000216A4605A85718435C3B
:10762000491C7B700629F9DB23462A463146684609
:10763000FFF786FF07B0F0BD82E7B7E7F65E0020F0
:10764000F4490020A62000200020A14B024640F271
:107650004B11414303EB4101401C0A71CA70FF28E2
:10766000F5DB704710B500F01FF9FF2808D20021A4
:1076700040F24B125043964A02EB40000171C17038
:1076800010BD2DE9F0470025DFF844820746A946E2
:1076900040F24B1005FB00F608EB46042179012966
:1076A0001ED1B4F80100B84206D9C01B0004000C7A
:1076B000A4F8010002D013E0A4F80190F8F7E2FB6F
:1076C00018F81610884209D9F8F7D6FBA4F801007B
:1076D00018F81600401C08F8160001E084F8049021
:1076E0006D1CFF2DD4D3BDE8F0870020784A0146F9
:1076F00040F24B134B4302EB4303DB781BB1491CB5
:10770000FF29F5D370470120704710B50020704B5A
:10771000014640F24B124A4303EB4202D4781CB9B3
:1077200012790AB9401CC0B2491CFF29F1D310BD1F
:1077300000B901206749087070472DE9F04700271C
:107740003D46FFF7D2FF78B3DFF88491614E4FF0EA
:107750000108307800F0A8F8FF281CD1012500208E
:10776000FF214A4640F24B13434302EB4303DB78CD
:10777000C3B1401CFF28F5D3FF2918D040F24B10AD
:10778000414309EB41043778E77000202071F8F796
:1077900073FBA4F801003078401C10F0FF0030703B
:1077A00003D004E0C1B2E7E703E086F80080002DD3
:1077B000CFD0384697E72DE9F0470024089E1F46B2
:1077C0009046894600288ED000F06EF8FF288AD2B5
:1077D00040F24B1250433E4A012102EB4005297111
:1077E000002102F81010F8F747FBA5F8010005E0AA
:1077F000385D2919641C81F82000A4B2B442F7D383
:10780000C5F8926205F117004146FFF773FB681D4A
:107810004946BDE8F047FEF715BC64E72DE9F0479F
:107820000024089E1F4690468946254600B300F076
:107830003BF8FF281CD240F24B114843244901EB8E
:107840004005B5F89202308005E0281990F8200034
:107850003855641CA4B23088A042F6D805F117014F
:107860004046FFF747FB691D4846FEF7EBFB012545
:10787000284638E710B5012400F016F8FF2800D29A
:107880000024204610BD10B5002400F00DF8FF289C
:1078900008D240F24B1148430D4901EB40000079FA
:1078A00000B90124204610BD10B50021084AFF246C
:1078B00040F24B134B4302EB4303DB78834201D18D
:1078C000CCB202E0491CFF29F2D3204610BD0000D3
:1078D0006CCE04603B23002070B5040016464FF0C8
:1078E000000017D010202070082060700220420590
:1078F00091420FD2002E0DDB96420BDA0A46A01CF5
:107900000021FAF7AAFA851C601932460121FAF71C
:10791000A4FA284470BD2DE9F04104001E46154626
:107920004FF000001FD0102020700820607002204F
:10793000420591420FD2002D0DDB95420BDA0A462B
:10794000A01C0021FAF789FA871CE0192A460121B8
:10795000FAF783FA3844DF212154401CFD212154D9
:10796000401C2654401CBDE8F0812DE9F0478AB048
:107970008946824615464FF0FF36114604A8FAF7AD
:107980001BFE0022114601A8FFF74AFB40F2391006
:10799000DFF8E08005FB00F108EB410401AB04AA2D
:1079A00051462046FFF7B9FA07463246E0194B46E2
:1079B0001146FFF7B0FF3E1835B9414632462E4812
:1079C00001F028FA2D4806702246334601A9504698
:1079D0000095FAF7BBFD0AB0BDE8F08730B585B079
:1079E00005460C466846FAF7DDFD224629466846FC
:1079F000FFF7BBFF05B030BD2DE9FE430446002074
:107A00001E4617468DF8000001900290002922D0F2
:107A1000204601AA6946F9F79DFE05469DF800003B
:107A20004FF0FF39B0B9601902AA0199FAF7C5F908
:107A3000054402984FF48008404501D207B13860F0
:107A4000601901AA6946F9F785FE05449DF8000012
:107A5000012802D04846BDE8FE83601902AA0199B8
:107A6000FAF7ABF9029928444145F4D2002EF2D03E
:107A70003160F0E7F65E0020F4490020A6200020E7
:107A80002DE9F04115460F4604004FF000063FD0A7
:107A9000002020704FF41671F9F754FD6070A77044
:107AA0000F20E070D5F802302A88201D0021FAF757
:107AB0004FF8061DEA88A0190121FAF729FAAA68E9
:107AC0000644501C04D0A0190221FAF7C6F9064456
:107AD000A0190321F9F7DFFD3118002004E02A186E
:107AE0000B18127BE254401CD5F864228242F6DC6B
:107AF000D5F864024618A0190321F9F7DFFD95F8BF
:107B00006822064422B1A0190421FAF7A6F9064416
:107B10003046BDE8F0812DE9F04786B04FF0000710
:107B200014465FEA010805468DF800700197ADF82C
:107B3000087003973E4604977FD0002C7DD02846DE
:107B40000021F9F786FE4FF0FF3AB0B3681CA21C83
:107B500002A9F9F7C4FF471CBDF808002080E81906
:107B600001AA6946F9F7F6FD07449DF800000128CF
:107B70002ED1E81903AA0199FAF799F90744039855
:107B8000E080E81901AA6946F9F7E4FD9DF80010C4
:107B9000022913D0C4F808A0E81981460321F9F797
:107BA00083FE50B10398A8EB070182B24846F9F76B
:107BB000AFFBC4F864027F1C13E009E00744E81936
:107BC00004AA0199FAF7F9F807440498A060E3E7DA
:107BD000504606B0BDE8F087B819A119285C0873B3
:107BE000761CD4F86402B042F6DCD4F864020321B7
:107BF0000744E819F9F76EFE78B110207F1C84F86D
:107C00006802474519D2E81901AA6946F9F7A2FDA9
:107C10009DF80010042903D00FE06FF00100D8E7B1
:107C20003844284404AA0199FAF7C7F8074604988B
:107C3000411E0F2903D884F868023846C9E76FF05F
:107C40000400C6E770B50E460546FAF74AFA044640
:107C50002819311DF9F774F8204470BD2DE9F04161
:107C600017460E460446F9F716FD054660193946D3
:107C7000FFF7E8FF054460193146F9F71FFD284476
:107C8000BDE8F0812DE9F0410E460446FAF75BFAB3
:107C90004FF0FF35002808DD0746E019321D4FF48C
:107CA0000061F9F711F9002801DC2846E8E73844BB
:107CB000E6E72DE9F04114460F460546F9F7F4FDD5
:107CC0004FF0FF3668B1681C2146FFF7DBFF002844
:107CD00007DD441C28193946F9F7FCFD08B1601C82
:107CE000CEE73046CCE770B504000D464FF00000FB
:107CF00009D020704FF41671F9F724FC6070A5705C
:107D00000E20E070042070BD70B505004FF000003B
:107D10000BD013460A4600212846F9F719FF0446FE
:107D200028190121F9F7B7FC204470BD70B516463B
:107D300005004FF000040CD00A460021FAF7E8F8DD
:107D40000446701C05D0281932460121FAF785F83F
:107D50000444204670BD02004FF0000003D0012112
:107D60001046F9F7ABBC70472DE9F04186B00F46DD
:107D700080461E460024114601A8FFF7B4FF0346C3
:107D8000224601A94046009700F075FB00285AD012
:107D9000044655E0D6F802303288002101A8F9F7F0
:107DA000D7FE0346224601A94046009700F063FB38
:107DB000002848D00444012101A8F9F76CFC0346CF
:107DC000224601A94046009700F055FB00283AD012
:107DD0002518D6F8064021E02288002101A8FAF7EC
:107DE00097F803462A4601A94046009700F043FB56
:107DF000002828D0D4F802200544501C0DD00121C1
:107E000001A8FAF72AF803462A4601A94046009736
:107E100000F031FB002816D00544E468002CDBD1CB
:107E2000012101A8F9F74AFC03462A4601A9404668
:107E3000009700F020FB002805D0D6F80A602C1827
:107E4000002EA7D1204606B0BDE8F0812DE9F84309
:107E500005004FF000001446ADF800001FD00029C7
:107E60001DD0002C1BD06FF00208052902D23F2044
:107E7000607317E028460021F9F7EBFC3E2780B13C
:107E8000681CA21C6946F9F72AFE461CBDF80000D2
:107E90002080A8190121F9F707FD10B1701CBDE879
:107EA000F88367734046FAE710B5002428B121B182
:107EB0000121F9F70FFD00B10124204610BD2DE985
:107EC000FF474FF000060F46050014468DF800608E
:107ED00001960296039646D0EFB3E4B328784FF0AC
:107EE0003E0800076FF0020902D482F80D802EE0F0
:107EF000284601AA6946F9F72DFC06469DF80000C0
:107F000018BB01994FF03F087018B8421DD2A8194C
:107F100002AAF9F7CCFF06440298E0804FF0FF3048
:107F2000A060A85D01071ED5C04340071BD0A8195B
:107F300001AA6946F9F70EFC9DF80010012912D13B
:107F4000019906447018B84206D384F80D8048465B
:107F500004B0BDE8F08706E0A81903AAF9F72DFFE1
:107F600006440398A0603046F2E7002228B1302290
:107F7000027041700E21817003221046704770B567
:107F800005004FF000000CD0D1F802300A88002123
:107F90002846F9F7DDFD044628190121F9F77BFB96
:107FA000204470BD70B5164605004FF000040CD09B
:107FB0000A460221F9F7ACFF0446701C05D02819C7
:107FC00032460321F9F749FF0444204670BD2DE9EC
:107FD000F04106004FF0000090460F46054614D0D1
:107FE00030460421F9F757FB04463019B84205D151
:107FF000444405E0785D3055641C6D1C4545F9D35B
:1080000030190421F9F75AFB20441DE72DE9F0410E
:10801000040016460F464FF0000013D020460521FD
:10802000F9F739FB054660193946F9F763FF05444E
:1080300060193146F9F75EFF054460190521F9F72B
:108040003DFB284400E702004FF0000003D001216F
:108050001046F9F733BB7047F8B504004FF0000045
:108060001D461646ADF800001BD0002919D0002E81
:1080700017D0002D15D020460021F9F7EAFB4FF06C
:10808000FF3778B1601C2A466946F9F728FD451C80
:10809000BDF80000308060190121F9F705FC08B136
:1080A000681CF8BD3846F8BD10B5002428B121B1D0
:1080B0000121F9F70FFC00B10124204610BD2DE984
:1080C000FF474FF000051E469046894604008DF894
:1080D000005001950295039532D0B9F1000F2FD0D1
:1080E000B8F1000F2CD05EB320784FF0FF370007B7
:1080F00009D5204601AA6946F9F72CFB05469DF8EB
:108100000000022801D0384622E7601902AA01992E
:10811000F9F7CDFE05440298A8F800004D450ED2AF
:10812000605D01070BD5C043400708D0601901AA64
:108130006946F9F70FFB9DF80010032902D037605C
:10814000284605E70544601903AA0199F9F735FEA9
:10815000054403983060F3E72DE9FF4706004FF030
:1081600000000F4614468DF8000001900290ADF813
:108170000C004FF03F086FF0020A35D0052F33D9BD
:108180008CB3304601AA6946F9F7E4FA85B29DF846
:1081900000004FF03E0910BBAF4220D9781B87B2D8
:1081A000042F19D3701902AA03A9F9F798FC2844DF
:1081B00085B2BDF80C0020800298C4F80200781B3C
:1081C00010EA1A4004D070190121F9F76DFB30B1A3
:1081D000284604B0BDE8F08784F86A8201E084F89C
:1081E0006A925046F5E7FFE782F86A82F9E72DE9DF
:1081F000FE4F05004FF00000894614468DF8000040
:10820000019006466FF0020A029078D0B9F1000F93
:1082100075D0002C73D0411EA160102184F8681223
:10822000C4F86402284601AA6946F9F793FA07469A
:108230009DF800004FF03E0890B9E81902AA019994
:10824000F9F735FE07440298E080E81901AA69466B
:10825000F9F780FA07449DF80000012803D010E0E8
:1082600084F86A824CE0E81902AA0199F9F7A5FDA1
:1082700007440298A060E81901AA6946F9F76AFA6A
:1082800007449DF800000228EAD1E819401EF9F7DA
:1082900050FA0028E4D07F1EE288A9EB0701E81914
:1082A000F9F736F8C4F864027F1C04E0B819A11984
:1082B000285C0873761CD4F86402B042F6DCD4F86B
:1082C000640201AAC619A8196946F9F743FA0644D7
:1082D0009DF80000022805D0A819401EF9F732FACF
:1082E0000028BDD1A81901AA6946F9F733FA064456
:1082F0009DF80000032805D0701EBDE8FE8F0BE03E
:108300005046FAE7A81902AA0199F9F756FD029911
:10831000304484F86812F0E73F2082F86A02EFE701
:1083200070B504000D464FF0000009D020704FF4E6
:108330001671F9F707F96070A5701020E07004203D
:1083400070BD70B505004FF000000BD013460A4613
:1083500000212846F9F7FCFB044628190121F9F70A
:108360009AF9204470BD02004FF0000003D00121B3
:108370001046F9F7A3B970472DE9F0414FF000041A
:108380000F460600254627D0FA880021F9F7C0FDE0
:10839000BA680446501C04D030190121F9F75DFD7C
:1083A000044430190221F9F776F9044404E07819FD
:1083B000007B3055641C6D1CD7F86402A842F6DCC3
:1083C00030190221F9F77AF997F8682204441AB1B2
:1083D00030190321F9F741FD2046BDE8F081002264
:1083E00028B12022027041701021817003221046B2
:1083F000704770B5040015464FF000003AD0502089
:10840000207061701020A070E01C0021F9F743F982
:10841000C61C95F86912A019F9F76CFD064495F889
:108420006A12A019F9F766FD0644A0190021F9F7B0
:1084300045F90644A0190121F9F72DF90644D5F8AC
:1084400002302A88A0190021F9F782FB0644EA8845
:10845000A0190121F9F75CFDAA680644501C04D05C
:10846000A0190221F9F7F9FC0644A0190121F9F736
:1084700025F9304470BD10B51C46029B9B1AA342DF
:1084800005D31044224600F0C5FC204610BD002054
:1084900010BD00002DE9F0478AB08946824690461B
:1084A0001D46194604A8FAF787F80022114601A8CC
:1084B000FEF7B6FD40F2391105FB01F04B4F01AB61
:1084C00007EB400404AA51462046FEF726FD064667
:1084D000A0194246494600F02DFA064435B93946FE
:1084E0003246434800F096FC424806702246334626
:1084F00001A950460095FAF729F80AB0BDE8F087BF
:1085000070B586B00D460646144611466846FAF721
:1085100049F823462A4631466846FFF7BBFF06B0B6
:1085200070BD2DE9F0418EB00F46804615461146CC
:1085300001A8FAF737F8294609A8FAF73DF800220A
:10854000114606A8FEF76CFD40F23910274E68432D
:1085500006EB400406AB09AA01A92046FEF7DDFCA4
:1085600020443A46414600F0E1F9074635B9024653
:1085700031461F4800F04EFC1E48077022463B461D
:1085800006A901A80095F9F7E1FF0EB0BDE8F0815A
:1085900070B586B0054603A8FAF7F6F8FAF709F9B8
:1085A00008B1012400E00024FAF7FCF8064603A90C
:1085B0006846FEF762FA31466846FEF7BFFA24B114
:1085C0006FF03B016846FEF7B9FA68462A46411D3E
:1085D000FFF7A7FFA3E73EB504466846FAF7D4F8CD
:1085E00068462246411DFFF78BFF3EBDF65E002028
:1085F000F4490020A620002070B586B0044605ABE3
:1086000003AA00F09BF900281BDD2078A42818D1CC
:108610006079B42815D160786438C6B21D48867177
:10862000A1784171E278C270A3798370E5794570D1
:10863000247A047000200095CDE901403046D2F73D
:1086400049FD06B070BD70B586B0044605AB03AAFF
:1086500000F074F90028F4DD2078A428F1D16079C5
:10866000B428EED160786438C6B20A488671A17821
:108670004171E278C270A3798370E5794570247AFC
:10868000047000200095CDE901403046D2F722FD6C
:10869000D7E700004423002010B5ADF5187D1C4637
:1086A0006A4600F0B3FA002813DD0098401C0CD095
:1086B0000198401C09D0F9F78DFF0099884208D332
:1086C000F9F788FF0199884203D82146684600F0EF
:1086D00003F80DF5187D10BD30B5ADF5197D0446D4
:1086E000002097909890207A0D4680B104F10900FF
:1086F00098AA97A90446FAF755FB00281AD0F9F76B
:1087000069FF9799009589B22346989A10E0D4F8AA
:108710000B10B4F8090001AAFAF734FB002809D0BD
:10872000F9F758FF0095D4F80B20B4F8091001AB05
:1087300000F0F6F90DF5197D30BD002110B904E007
:10874000001D491C0268521CFAD1084670472DE9E9
:10875000FF4F81B0804600240D4627460398FFF75F
:10876000ECFF81460498FFF7E8FF83460E98FFF779
:10877000E4FF824609EB0B015144B9F1030F00D32A
:10878000C91E6DB1E86858B1286948B10090E88801
:108790000223A0F58070733806D02B752020A8E046
:1087A000002005B0BDE8F08FA86840B1421C0AD097
:1087B000884274D80026B9F1030F68D86AE04046B1
:1087C000F9F767FB8DE0B9F1030F19D81AE00398A8
:1087D00050F827104F2912D04B2910D04D290ED018
:1087E00008EB0400F9F786FB04440098844206DB9A
:1087F00005202875122068754FF0FF3402E07F1CB9
:108800004F45E4D3BBF1000F0FD000260BE00498D6
:1088100050F8261008EB0400F9F76CFB04440098AC
:10882000844207DA761C5E45F1D3BAF1000F63D0BB
:10883000002612E005202875122068754FF0FF34DD
:10884000F3E70E9850F8261008EB0400F9F752FBF6
:1088500004440098844203DA761C5645F1D34BE079
:1088600005202875122044E0039951F827104F295C
:108870000CD04B290AD04D2908D0761CB04205D126
:1088800008EB0400F9F736FB044602E07F1C4F4575
:10889000EAD33CBBBBF1000F13D000200EE026E072
:1088A000A968761CB14208D1049951F8201008EB50
:1088B0000400F9F71FFB044602E0401C5845EFD3C3
:1088C00084B9BAF1000F17D000200DE0A968761C1A
:1088D000B14208D10E9951F8201008EB0400F9F7C5
:1088E00009FB044608E0401C5045EFD304E02B751B
:1088F0002A2068754FF0FF34204652E770B5040017
:108900001E464FF0000010D0002A0ED0002E0CD0D2
:10891000102020706170A01C1146F9F753FC851CD3
:1089200060193146F9F7DDFB284470BD13460A464D
:108930000921E3E713460A460621DFE72DE9FC415A
:10894000044600201E4617468DF8000001900029BD
:108950001FD0002F1DD0002E1BD0204601AA694633
:10896000F8F7F8FE05469DF800004FF0FF380A289A
:108970000ED160193946F9F741FC0544601901AA86
:108980006946F8F7E7FE05449DF800000B2802D081
:108990004046BDE8FC8160193146F9F7BEFB28442A
:1089A000F7E7F0B5ADF5177D14460F4606460025EE
:1089B00047E0207810B1012810D040E0052F08D3FF
:1089C000D4F80330B4F8012070190021F9F7C0F889
:1089D00034E06FF001000DF5177DF0BDB4F809002B
:1089E00008B1E07A00E06078C01D874227D3701993
:1089F0000121F8F750FE0544B4F809107019F9F791
:108A000048FA0544B4F80900A0F57F41FF3904D0C5
:108A100030B1E27A04F10C0104E00022114601E0D9
:108A20006278A11C6846FDF7B9FD70196946F9F72F
:108A3000C5F8054470190121F8F740FE0544D4F843
:108A40001340002CB5D12846C5E72DE9F043ADF51C
:108A5000197D002514460646A8468DF8585297956C
:108A60006FF00109989557E0771900213846F8F71B
:108A7000F0FE58B184F800803846E31C621C0021E7
:108A8000F9F748F8002826DB054443E03846012181
:108A9000F8F7DFFEF8B1012020706D1C701997AA5D
:108AA00096A9F8F757FE05449DF85802022812D1FE
:108AB000701998AA9799F9F780F99899A4F809106C
:108AC0000544701997AA96A9F8F744FE05449DF845
:108AD0005802062804D048460DF5197DBDE8F083FC
:108AE0006A4630469799F9F7AAF805446846FDF7B3
:108AF00096FD78B1B4F809006A464FF0070128B135
:108B000004F10C00FDF7A6FDE07203E0A01CFDF7E8
:108B1000A1FD6070D4F81340002CA5D12846DBE7F6
:108B20002DE9F047ADF5287D0F46B09D81469A4668
:108B300090462946A2A8F9F73FFD29469AA8F9F7D9
:108B400031FD002211469FA8FEF76AFA40F2391063
:108B50001349684301EB40049FABA2AA9AA920469F
:108B6000FEF7DBF906460820ADF80400CDF80690C4
:108B7000ADF80A70514604A8CDF80C80FDF7F0FB63
:108B8000A01901A900F0BCF8331822469FA99AA8A1
:108B90000095F9F7DBFC0DF5287DBDE8F0870000B6
:108BA000F65E002070B505000C464FF000002CD09A
:108BB000002C2AD010202870072068700226226816
:108BC00071058A420FD2606800280CDB88420ADAFD
:108BD000A81C0021F9F741F9861C6268A819012137
:108BE000F9F73BF90644207A30B1A81904F10902DB
:108BF0000321F9F796F807E0D4F80B30B4F8092010
:108C0000A8190221F8F7A4FF304470BD2DE9FF47F1
:108C1000002614460546B0468DF80060019602967F
:108C2000ADF80C60002965D0002C63D028460021E7
:108C3000F8F70FFE4FF0FF3AE8B3284601AA69465D
:108C4000F8F788FD0646A81902AA0199F9F7B5F8C0
:108C5000064402984FF48009484500D22060A819C4
:108C600007460121F8F7F5FD30B3384601AA6946F9
:108C7000F8F770FD0644A81902AA0199F9F79DF8C2
:108C800006440298484500D26060AF190221384678
:108C9000F8F7DFFDD0B184F80880384601AA6946AC
:108CA000F8F758FD0644A81904F10B0203A9F8F7D8
:108CB00016FF064401E005E020E0BDF80C00A4F832
:108CC000090017E05046C4F800A0DDE7384603214C
:108CD000F8F7BFFD90B101202072384601AA69461D
:108CE000F8F738FD0644A81904F109020199F9F7CB
:108CF00034F80644304604B0BDE8F0875046FAE741
:108D000070B504000D464FF0000018D0002D16D0AD
:108D10001020207001206070D5F802202988A01C46
:108D2000F8F727FF861CAA68E988A019F8F721FF41
:108D30000644A01905F10C01F8F7D8FF304470BDC6
:108D4000FEB50446002015468DF800000190ADF8F0
:108D50000800471E89B385B3204601AA6946F8F783
:108D6000F9FC06469DF800000C2826D1A019AA1C83
:108D700002A9F8F7B4FE0644BDF808002880A0193F
:108D800001AA6946F8F7E6FC06449DF800000C28A5
:108D900013D1A01905F1080202A9F8F7A0FE0644B4
:108DA000BDF80800E880A01901AA6946F8F7D2FCCE
:108DB00006449DF80000072801D03846FEBDA019E2
:108DC00005F10C020199F8F7C8FF3044FEBD30B43C
:108DD0004FF0FF3328B10478102C02D14478012CD5
:108DE00002D030BC18467047801C30BC891EA7E7F3
:108DF0000649074A0868504343F2390210440860A4
:108E00004008704701490860704700003C2300207B
:108E10006D4EC64140EA01039B0703D009E008C933
:108E2000121F08C0042AFAD203E011F8013B00F82F
:108E3000013B521EF9D27047D2B201E000F8012B7B
:108E4000491EFBD270470022F6E710B513460A46CA
:108E500004461946FFF7F0FF204610BD30B5054621
:108E60002A460B4612F8010B13F8014B08B1A04239
:108E7000F8D01CB1002802D06D1CF1E7284630BDA7
:108E8000421C10F8011B0029FBD1801A7047CBB29D
:108E900003E00178994203D0401C521EF9D2002011
:108EA000704730B504460020034600E05B1C934247
:108EB00003D2E05CCD5C401BF8D030BD034611F816
:108EC000012B00F8012B002AF9D118467047000049
:108ED0000FB400B58DB010A909900B9000914FF020
:108EE000FF300A9000200C90054806900548079036
:108EF0006A4609A80F9900F0FFFC0DB05DF814FB5D
:108F000015990308339903082DE9FF5F1D464FF0BB
:108F1000FF3BD5E9014691465F464FF00008A9693D
:108F20007F1C01988847296A824688470028F6D125
:108F3000BAF1FF3F0CD024F4C064002E19DD6006A6
:108F400014D5BAF12B0F09D0BAF12D0F0ED103E0D1
:108F5000584604B0BDE8F09F44F48064A9697F1CC2
:108F600001988847761E8246002E02DDBAF1300F46
:108F700003D0B9F1000F26D032E0A969761E44F47F
:108F800000747F1C019888478246002E05DDBAF1E7
:108F9000780F06D0BAF1580F03D0B9F1000F10D0F6
:108FA0001EE0B9F1000F02D0B9F1100F18D1A96974
:108FB000761E24F400747F1C019888478246102096
:108FC00002E0082000E00A20814609E008FB0908C9
:108FD000A969761E44F400747F1C01988847824674
:108FE000002E05DD4946504600F071FC0028EDDA00
:108FF000E96901988847A00502D46FF00100A8E74D
:10900000E00725D1600613D5600502D5C8F1000040
:1090100000E0404629680A1D2A600968220501D53A
:10902000087015E0220701D5088011E008600FE004
:109030002868011D29600068210502D580F800809C
:1090400006E0210702D5A0F8008001E0C0F800800A
:1090500038467EE72DE9F04791460F4680460446A4
:10906000002614F8015B2DB100F024FC0068405D7F
:10907000C007F6D12B2D02D02D2D18D0641E4A46E4
:109080003946204600F066FC27B13968A14201D17B
:10909000C7F8008071054FF002040BD5404200284C
:1090A00003DD01F003FA0460A007BDE8F08746F491
:1090B0008066E4E70028F8DA01F0F8F904606FF060
:1090C0000040F2E72DE9F05F93460F4680460446E4
:1090D000002601F0EBF9D0F80090824614F8015B0D
:1090E0002DB100F0E7FB0068405DC007F6D12B2DE5
:1090F00002D02D2D1AD0641E0021CAF800105A4645
:109100003946204600F026FC014627B13868A042C7
:1091100001D1C7F80080DAF80000022809D0CAF8A7
:109120000090700505D54842BDE8F09F46F4806682
:10913000E2E70846F8E7F0B480EA0102D40F420003
:10914000B2EB410F02D20246084611464A0042D015
:10915000C30DDDB2C1F3C752AD1A202D35DAC1F30C
:10916000160141F4000204B15242C5F1200602FA90
:1091700006F12A411044B3EBD05F23D0C4B1012DD6
:10918000A0EBC35009DCF0BC4FF0004202EAC3522E
:10919000DBB200F5000000F084BC400000F18070FC
:1091A00000EBC350A0F1807040EAD170490009E0A3
:1091B000490841EAC071A0EBC35000F50000400827
:1091C00000EBC350F0BC00F063BC6142012202EB33
:1091D0004101001BF6E7F0BC704781F00041AAE7AF
:1091E00080F00040A7E780EA010210B502F00043DA
:1091F000400022D04A001FD0010E01EB1261C0F3E3
:109200005600C2F3560240F4000042F40002A0FBF4
:10921000022000047F39140400D0401C50EA1240A0
:1092200001D44000491EC2B20C0604EBD010401C11
:109230004008802A02D003E0002010BD20F0010089
:10924000002900DA0020184310BD30B480EA010282
:1092500002F0004530F0004221F0004013D090B100
:10926000C30DD40DC2F31601C0F31600E41A41F485
:10927000000140F400027D34914201D3641C00E0FF
:109280004900002C02DA30BC002070474FF4000087
:109290000023914201D3891A034340084FEA410158
:1092A000F7D151B1914202D14FF0004105E002D215
:1092B0004FF0010101E06FF0010103EBC4502844BD
:1092C00030BC00F0E5BB420005D0C0F3C7525242AB
:1092D000914201DC0020704700EBC15070472DE93E
:1092E000FE4F804681EA0300C00F0C46009021F03B
:1092F000004123F00045B8EB0200A94105D24046E9
:10930000214690461C460B46024623F0004010437F
:1093100047D0270DC7F30A00C3F30A510290401A41
:10932000019040286BDAC3F3130040F4801B0098CF
:10933000924620B10023D2EB030A63EB0B0B01989A
:109340005946C0F14002504600F082FA06460D46EA
:1093500050465946019A00F09AFA10EB0800614114
:10936000002487EA115284EAE7731A4340D0009A36
:1093700062B3019A012A4FEA075215DC001B61EB28
:1093800002014FF0004202EA0752CDE90042001C00
:1093900041F5801132462B4600F0C0FB03B0BDE81A
:1093A000F08F40462146F9E7001B61EB0201001CEB
:1093B00041F5801300185B412018A2F5001747EB18
:1093C000030140EAD570B6196D4111E06D084FEA0E
:1093D000360645EAC0754FEA0752001B61EB0201F1
:1093E000001C41F5801149084FEA30000019514135
:1093F00032462B4603B0BDE8F04F00F080BB00982A
:10940000012240000023D0EB020263EBE0730098DE
:1094100021464FEAE074B8EB000061EB0401E9E794
:1094200083F000435BE781F0004158E72DE9FE4FF0
:1094300081EA030404F0004421F0004100944FF05D
:10944000000B23F0004350EA01045ED052EA03040B
:109450005BD0C3F30A54C1F30A552C44A4F2F3348D
:109460000194A0FB0254C1F3130141F48011C3F332
:10947000130343F4801301FB024400FB034E840AF0
:10948000970A44EA815447EA8357A4FB0768029588
:109490008D0A05FB07854FEA932C04FB0C54270526
:1094A000029D4FEA065847EA1637B5EB08056EEB02
:1094B000070C870E920E47EA811742EA8312A7FB38
:1094C0000201B6EB0B0164EB00042B0D43EA0C33F5
:1094D0005E1844EB1C50DA465146E7FB0201C5F327
:1094E00013044FEA0B3343EA14534FEA0432019C4E
:1094F00043EA0603A4F10C040294009CCDE900B4F5
:1095000000F00CFB03B0BDE8F08F00200146F9E746
:109510002DE9F04D81EA030404F0004B21F00045F1
:1095200014464FF0000A23F0004150EA050220D013
:1095300054EA01021DD0C5F30A570246C5F31303CE
:10954000C1F31300C1F30A5640F4801543F48013AD
:10955000A7EB0608101BD64608F2FD3873EB050092
:1095600002D308F1010801E092185B41B8F1000F45
:1095700003DA00200146BDE8F08D00204FF4801191
:10958000064684460EE0171B73EB050705D3121B36
:1095900063EB050306434CEA010C49084FEA30002F
:1095A00092185B4150EA0107EDD152EA030012D054
:1095B00082EA040083EA0501084305D0101BAB4191
:1095C00006D20122002306E000224FF0004302E011
:1095D0006FF0010253101AEB06004CEB085110EB30
:1095E0000A0041EB0B01BDE8F04D00F088BAC10F55
:1095F00080EAE0700844CA079623002100F051BABF
:1096000096230022114600F04CBA0EB5C10F80EA35
:10961000E0700844CA07002140F233438DE80E0091
:109620000A460B4600F07AFA03B000BD0EB540F2D0
:10963000334102910021CDE900110A460B4600F0AA
:109640006DFA03B000BD00F0004220F00040C10DF3
:10965000C0F3160040F400007F2901DA00207047B3
:10966000962903DCC1F19601C84001E09639884093
:10967000002AF4D04042704720F00040C10DC0F3F2
:10968000160040F400007F2901DA00207047962977
:1096900003DCC1F19601C840704796398840704795
:1096A00070B5C1F30A5201F000450024C1F3130163
:1096B00040F2FF3341F480119A4201DA002070BD7C
:1096C00040F233439A42A2F2334203DC524200F0AA
:1096D000CEF800E090402C43F1D0404270BDC1F381
:1096E0000A5210B5C1F3130140F2FF3341F4801167
:1096F0009A4201DA002010BD40F233439A42A2F2AE
:10970000334203DC524200F0B2F810BD904010BD6D
:1097100000F0004230F000400AD0C10D01F5607148
:10972000C0F3160042EA0151C208400711437047D6
:1097300000200146704701F0004330B421F00041A1
:1097400050EA010206D00A0DA2F56072C1F31301BE
:10975000002A02DC30BC00207047440F44EAC104F8
:10976000C100E01830BC00EBC25000F091B900001D
:10977000002801DBC0F10040002901DBC1F10041FC
:1097800081427047A0E8004FF0C040F804DB01B50B
:10979000AFF30080BDE8024001C10020704700F136
:1097A0002C080C4658F8040DAFF3008058F8040D4F
:1097B0008546200008BF012038E9F00018E9004F75
:1097C000704730B50B46014600202022012409E0F5
:1097D00021FA02F59D4205D303FA02F5491B04FA6A
:1097E00002F52844151EA2F10102F1DC30BD2DE97D
:1097F000F05F0546002092469B4688460646814615
:1098000040241BE0284641464746224600F02FF8F8
:1098100053465A46C01A914110D311461846224663
:1098200000F016F82D1A67EB01084F46224601207A
:10983000002100F00DF817EB00094E41201EA4F1A5
:109840000104DFDC484631462A464346BDE8F09F26
:10985000202A04DB203A00FA02F1002070479140F0
:10986000C2F1200320FA03F3194390407047202AE5
:1098700004DB203A21FA02F00021704721FA02F3BA
:10988000D040C2F120029140084319467047202A77
:1098900006DBCB17203A41FA02F043EAE07306E018
:1098A00041FA02F3D040C2F1200291400843194628
:1098B0007047000000487047FC4D050810B504468D
:1098C000FFF7F8FF0068005D00F0010010BD3A28C6
:1098D00000D2303820F02002412A01D3A2F1370013
:1098E000884201D34FF0FF307047000002681144F6
:1098F0001378016018467047D160044951610449EA
:10990000116200211161114600F018BAED980308A8
:10991000BD980308426842B1016811F8013B23B1C8
:10992000521EC0E90012184670470121C160881E0E
:10993000704742685AB1C368016843B983688B4273
:1099400005D0491E521CC0E90012002070474FF09C
:10995000FF3070472DE9F05F8246007800271546FA
:109960008B460AF10104B946302801D09DB113E0BD
:1099700014F8010B0127782803D0582801D045B1ED
:109980000AE00DB1102D07D10027102514F8010BA6
:1099900002E0082500E00A250026B0460EE005FB9F
:1099A000080005FB06F1012701EB10461FFA80F8BD
:1099B000B6F5803F00D3B94614F8010B2946FFF7EE
:1099C00086FF0028EBDABBF1000F05D00FB1641E53
:1099D00000E05446CBF80040B9F1000F06D000F08B
:1099E00065FD02210160C81EBDE8F09F48EA0640FF
:1099F000FAE700000FB4002300B589B00CA900916C
:109A00000B996FF00042CB601E4B06931E4B0793E1
:109A10000423CDE901321D4A089202466B4600201C
:109A200000F0B8FB09B05DF814FB70B586B00646CF
:109A30004FF0FF300091CDE90101002015460C46A2
:109A400004903246694604A8FFF7D4FF0246049802
:109A5000211825B108B1084600E020462860049886
:109A600000280DD0002A02DD0098884208D0081B8B
:109A70000094CDE901043246694604A8FFF7BAFF15
:109A800006B070BD1599030833990308BD98030803
:109A90000029A8BF7047401C490008BF20F0010002
:109AA000704710B4B0FA80FC00FA0CF050EA0104E0
:109AB00004BF10BC704749B1CCF1200421FA04F472
:109AC00011FA0CF118BF012121430843A3EB0C014B
:109AD000CB1D4FEA00614FEA102042BF002010BCAE
:109AE000704700EBC35010440029A4BF10BC70475E
:109AF000401C490008BF20F0010010BC704710B5A1
:109B0000141E73F1000408DA401C41F100019218A0
:109B10005B411A4301D120F0010010BD2DE9F04D49
:109B200092469B4611B1B1FA81F202E0B0FA80F29E
:109B300020329046FFF78CFE04460F4640EA0A00AA
:109B400041EA0B0153465A46084313D0114653EAE3
:109B5000010019D0C8F140025046FFF788FE0546C3
:109B60000E46504659464246FFF772FE084305D05E
:109B7000012004E020463946BDE8F08D0020054371
:109B800046EAE0762C4337430A986305E40AA0EBE3
:109B900008000022FD0A44EA47540A3002D500209A
:109BA0000146E9E7010510196941DDE90845001999
:109BB0006941BDE8F04DA2E770B521F000430343D1
:109BC0000CD0C1F30A550024D5EB040564EB040363
:109BD000D617AD1AB34102DB0020014670BD201834
:109BE00041EB025170BD2DE9F04D00231A461B1ABE
:109BF0008A4103DB00200146BDE8F08DC1F30A5223
:109C0000C1F3130141F480154FF0000BD10702D1CD
:109C100000186D41521E0027044640F2FF113846DD
:109C200001EB620A3E468046024600204FF4801156
:109C3000FFF71DFEC2197141BB1846EB0100B4EBE2
:109C4000030C75EB000C04D3E41A65EB0005174612
:109C50000E46241908F101006D4180463428E3DDE9
:109C6000F91946EB0600091BA84103D24FF0FF3259
:109C7000134601E0002213461BEB070046EB0A5196
:109C8000BDE8F04DFFF73BBFC1F30A52C1F313012A
:109C900040F2FF3341F480119A4202DA002001467B
:109CA000704740F233439A42A2F2334202DC5242FE
:109CB000FFF7DDBDFFF7CCBD30B5041E71F1000428
:109CC00004DB4FF00044404264EB0101141E73F1C9
:109CD000000405DB1C464FF00043524263EB0403D3
:109CE0008B4208BF824230BD30B5041E71F10004C2
:109CF00004DB4FF00044404264EB0101141E73F199
:109D0000000405DB1C464FF00043524263EB0403A2
:109D1000994208BF904230BD064C074D06E0E0680E
:109D200040F0010394E8070098471034AC42F6D3A2
:109D3000CEF702FA084E0508484E05082DE9F34F04
:109D40008BB04FF0000801F10C000C464FF0010BF6
:109D500046460DF1080A0190626901210198904779
:109D6000051E2DD0252D2CD0216A8847C0B16269EF
:109D7000012101989047216A88470028F7D1411EA8
:109D800062690198904700E0761CA1690B988847AA
:109D9000216A88470028F7D1E1690B988847DBE7FB
:109DA000A1690B9888470746A84201D1761CD3E7E2
:109DB000E1690B9888477F1C02D1B8F1000F6FD082
:109DC00047E1002762693D463946019890472A28B5
:109DD00004D162690121019890470125DFF888923A
:109DE0006269012101989047A0F130010A290AD245
:109DF0004F45E5DC07EB870100EB4107303FDFD43F
:109E000045F01005ECE7E90601D46FF000476C2837
:109E10000AD04C2814D0682815D06A280DD0742890
:109E20001CD07A281AD01DE0626901210198904760
:109E30006C2802D045F0040514E045F002050DE061
:109E400045F020050AE062690121019890476828E1
:109E500002D045F0080505E045F40065626901217E
:109E600001989047C4E9015765283DD019DC58286E
:109E70007AD00CDC452837D004DC252826D04128B0
:109E800031D131E046282FD047282CD12CE05B2857
:109E900077D0612828D063287CD0642823D15AE069
:109EA000D1E06F2848D008DC66281DD067281BD079
:109EB000692821D06E2816D127E0702845D0732854
:109EC00068D0752847D078280DD14DE0A1690B984E
:109ED0008847054625283FF469AFE1690B98884714
:109EE0006D1C3FF46AAFB4E023466A466FF0010090
:109EF0000B9900F04FF99FE045F040006060A80723
:109F000023464FF0000236D43EE0E8077FF447AF27
:109F10002068011D21600068290501D506701BE736
:109F2000290701D5068017E7A90703D5F117C0E96E
:109F3000006111E706600FE745F040006060A80788
:109F400023464FF0080216D41EE040F60E0125EA23
:109F50000100606016E045F040006060A8072346FD
:109F60004FF00A0207D40FE045F040006060A807F8
:109F700008D5234610226FF001000B99AFF3008043
:109F80005AE007E0234610226FF001000B99FEF71C
:109F9000BBFF51E04FF000094F464B46632802D00B
:109FA0005B2807D041E02079C00601D40120A060E1
:109FB00001273AE062690121019890475E2805D1A6
:109FC0004FF001096269494601989047216939B902
:109FD00000210A46534643F82120491C0829FADB90
:109FE000B0B3216969B9C11700EBD16253110AEB13
:109FF000830122F01F02821A01200B689040034364
:10A000000B6062690121019890475D28E8D1B9F1A0
:10A01000000F09D00020514651F82020D24341F8CA
:10A020002020401C0828F7DB02AB224600976FF087
:10A0300001000B99AFF3008000280CDA401C08D116
:10A04000BBF1000F05D04FF0FF300DB0BDE8F08F31
:10A05000FFE74046F9E7E90701D108F101080644A6
:10A060004FF0000B78E60000CCCCCC0C2DE9FF4F74
:10A07000087883B09946FF2805D0491C2D2804D0C4
:10A080000024002008E000200BE00124F9E700EBA9
:10A09000800003EB4000491C0B78FF2BF7D104B183
:10A0A000404200230293147819461D462D2C01D0FE
:10A0B0002B2C04D1521C2D2C13D000240294AA4620
:10A0C0001478FF2C0FD00A25A3FB057801FB05812E
:10A0D0004FF0000C03FB0C11521CE3194AEB010179
:10A0E000EEE70124EAE7814453EA010002D019F5C2
:10A0F000C87F06DA03980021C0E9001107B0BDE867
:10A10000F08F0025AE4E2F46DFF8B882184600F0DB
:10A110005DF9CDE90001B9F1000002DAC9F10004EE
:10A1200000E004460023A74A1AEB030B42EB045A53
:10A1300012E0E00707D02A46334638464146FFF78B
:10A1400075F9074688462A46334610461946FFF7F2
:10A150006DF905460E466410002CEAD1DDE90001D8
:10A16000B9F1000F5A46534606DAFFF7D1F93A46DD
:10A170004346FFF7CDF905E0FFF758F93A46434665
:10A18000FFF754F9029A0AB181F00041039AC2E93B
:10A190000001B3E72DE9FF4F1F468DB0D7E9014617
:10A1A0004FF0FF382E2045464FF000090B90B9695B
:10A1B0006D1C0E988847396A824688470028F6D178
:10A1C000BAF1FF3F0AD024F4D064002E11DDBAF1B9
:10A1D0002B0F08D0BAF12D0F0BD102E0404611B081
:10A1E0008DE744F48064B9696D1C0E9888478246F7
:10A1F000761E6946600501D52D2000E02B208DF8E4
:10A20000000001F1010B0DF1200809E0B9696D1C96
:10A210000E98884782460F9844F40074761E0560B5
:10A22000002E02DDBAF1300FF0D00B998A453ED1F5
:10A2300044F0800406E00F99681CA9F1010944F478
:10A2400000740860B9696D1C761E0E9888478246B6
:10A250003028F0D02BE00B998A4505D1200603D495
:10A2600044F08004761E18E0504600F029FD08B343
:10A270000DF11301761E44F400748B4508D2AAF147
:10A2800030000BF8010B200607D5A9F1010003E00F
:10A29000200602D409F101008146A00502D50F99DC
:10A2A000681C0860B9696D1C0E9888478246002EAC
:10A2B000D1DC53E0002E51DDBAF1650F02D0BAF1C6
:10A2C000450F4BD1A00549D5B9696D1C24F44074E4
:10A2D000761E0E9888478246002E0CDD2B2804D06F
:10A2E000BAF12D0F07D144F48074B9696D1C0E9832
:10A2F00088478246761EE00501D52D2100E02B21FE
:10A3000008F8011BCDF82C8021E00DF12901761E03
:10A3100044F4007488450CD2AAF1300010F0FF001C
:10A3200088F8000002D10B99884509D908F1010885
:10A3300006E0E00501D5244801E042F20F708146B5
:10A34000B9696D1C0E98884782460F980560002EEB
:10A3500004DD504600F0B4FC0028D6D1F9690E980F
:10A360008847FF208BF8000088F800000020069046
:10A3700007904B466A4608A906A8FFF777FEA00596
:10A3800002D46FF001002AE714F0240F0AD0E0078E
:10A3900014D1DDE906123868031D3B600068C0E98E
:10A3A00000120BE0DDE90601FFF7C5F90146E00701
:10A3B00004D13868021D3A600068016028460EE743
:10A3C000000014400000F03FF1D8FFFF0EB540F24E
:10A3D000334202920022CDE900221346FFF79EFB92
:10A3E00003B000BD70B58C1810F8015B15F00703C1
:10A3F00001D110F8013B2A1106D110F8012B03E01E
:10A4000010F8016B01F8016B5B1EF9D12B0705D425
:10A410000023521E0DD401F8013BFAE710F8013B6E
:10A42000CB1A921C03E013F8015B01F8015B521E8A
:10A43000F9D5A142D8D3002070BD00000FB4054B60
:10A4400010B503A9044A029800F042FC10BC5DF864
:10A4500014FB0000C3D60008262000200FB4084BD0
:10A4600010B504A902AA039800F032FC044602A920
:10A47000002000F0B0FF204610BC5DF814FB000087
:10A48000D7B30308490050EAC12018BF04204A0D81
:10A4900018BF40F0010040F2FF72B2EB515F08BFFD
:10A4A00040F00200012808BF0520704700487047AF
:10A4B000500500602DE9F74F144694B00021C4E91F
:10A4C00002111599079121F00045C9498D4206DC1A
:10A4D0001599C4E9000117B00020BDE8F08FC54907
:10A4E000DFF814A3A9423CDD0799C44E0029C44FEC
:10A4F000C44A1599534619DDFEF792FF554506D01B
:10A50000C14AC24BFEF78CFFC4E900010AE04FF0DC
:10A51000D352BE4BFEF784FF32463B46FEF780FF28
:10A52000C4E9000117B00120BDE8F08FFEF7D7FEA7
:10A53000554506D0B44AB54BFEF7D1FEC4E900013B
:10A540000AE04FF0D352B14BFEF7C9FE32463B460C
:10A55000FEF7C5FEC4E9000117B04FF0FF30BDE8BB
:10A56000F08FAB49A942159978DB21F00041834671
:10A570008846A84AA84BFEF759FF0022A74BFEF7D2
:10A58000AEFEFFF78DF80990FFF73FF806460F463D
:10A590009C4A5346FEF74AFF43465A46FEF743FF9E
:10A5A00080468A46984A994B30463946FEF73EFF28
:10A5B0002A0D01250B9242465346FEF734FF032D28
:10A5C000C4E9000139D00B98C1F30A51401A05EBD8
:10A5D00045111139814230DA9148C346784400EB85
:10A5E0000510CDF80CA00C90D0E900233046394678
:10A5F000FEF71CFF02460B4604910690584603994D
:10A60000FEF70EFF80468A4602460B4658460399DF
:10A61000FEF706FF049B069AFEF702FF83460C989E
:10A6200003913946D0E902233046FEF7FFFE5A4631
:10A63000039BFEF7F5FE6D1CBDE707980028A2BF3F
:10A64000099817B0BDE8F08F616881F00041616042
:10A65000099817B04042BDE8F08FFFE7844615988F
:10A66000C1F31301C0F30A50A0F2F5304FEA6018AD
:10A6700000F01F06C6F120001390002006900790FE
:10A6800041F4801E05206D4676B1664A08EB000154
:10A690007A4452F8213002EB8101B3404A681399A1
:10A6A00022FA01F1194305E05F4908EB0002794401
:10A6B00051F82210A1FB0E27A1FB0C131A449A4259
:10A6C00034BF0123002303EB070A05EB8003D3E922
:10A6D00001B70F448F4234BF0121002193448B44C2
:10A6E00011B1934502D903E0934501D2012100E065
:10A6F0000021C3E901B7514445F82010011EA0F123
:10A700000100C1DC0298059F00F10050800F1290FB
:10A710000298DDE903568000FEF777FF834628465E
:10A720000D91FEF783FF6FF01D02FFF745FACDE9AB
:10A730000E013046FEF77AFF6FF03D02FFF73CFA5C
:10A7400080468A463846FEF771FF6FF05D02FFF7DC
:10A7500033FA0746424653461191FEF7C0FDDDE944
:10A760000E23FEF7BCFD5A460D9BFEF7B8FD0025F3
:10A770000E465A4628460D9BFEF752FEDDE90E2393
:10A78000FEF74EFE42465346FEF74AFE3A46119BFE
:10A79000FEF749FEDFF898A0244A5346FEF746FE2E
:10A7A00007468846234A244B31462846FEF73EFE9C
:10A7B0003A464346FEF793FD074688464FF0A842C7
:10A7C000534631462846FEF731FE3A464346FEF7E9
:10A7D00086FD159A12F0004F04D0129A81F00041C4
:10A7E00052421292C4E90001129817B0BDE8F08FEE
:10A7F000FB21E93F7CD90240FB21F93F7370032E16
:10A800008A19A33B000040543163621A61B4D03D01
:10A81000FB21394183C8C96D305FE43F0000E03F50
:10A82000A8A6010024A6010006A60100182D445484
:10A83000FB21F93D3326A611460B113C2DE9FF4DB6
:10A8400021F0004807460C46B8F1795F08DAFEF7B8
:10A8500027FF002801BF0020324904B0BDE8F08D79
:10A860003A46234610461946FEF7E0FD05460246E5
:10A870002D480E460B460621784400F05DF82A4626
:10A880003346FEF7D3FDDDE9022382468B46384688
:10A890002146FEF7CBFD04460F4652465B4628464E
:10A8A0003146FEF7C3FD22463B46FEF7B9FD07469B
:10A8B0008A464FF0FF3228463146FFF77DF91B4AA2
:10A8C00090450ADA3A465346FEF7AAFD04B0002244
:10A8D000BDE8F04D134BFEF7A6BD154A4245A8BF93
:10A8E000A8F500154FF00004B8BF124D22462B46C4
:10A8F000FEF796FD0646884622462B46002009496B
:10A90000FEF78EFD04460D463A4653463046414614
:10A91000FEF786FD04B022462B46BDE8F04DFEF75B
:10A9200082BD00000000F03FD4A301003333D33FC9
:10A930000000E93F0000D23F2DE9F0414F1E00EB3F
:10A94000C7010446D1E9000115461E4637F006024C
:10A950000DD02A463346FEF769FD7F1E04EBC70380
:10A96000D3E90023FEF7BBFC37F00602F1D1022F3A
:10A9700025D0042F13D0062F18BFBDE8F0812A463A
:10A980003346FEF753FDD4E90A23FEF7A8FC2A4616
:10A990003346FEF74BFDD4E90823FEF7A0FC2A4618
:10A9A0003346FEF743FDD4E90623FEF798FC2A461A
:10A9B0003346FEF73BFDD4E90423FEF790FC2A461C
:10A9C0003346FEF733FDD4E90223FEF788FC2A461E
:10A9D0003346FEF72BFDD4E90023BDE8F041FEF736
:10A9E0007EBC00002DE9FF4D054621F0004084B0FB
:10A9F0000C46B0F1795F0BDA2846FFF743FD0428D7
:10AA000008BF00F07DF8284608B02146BDE8F08D6B
:10AA10002A460B461046FEF709FD06460F462A4613
:10AA20002346FEF703FD804626488A4632463B46CB
:10AA300005217844FFF780FF83461098029160B3A8
:10AA4000214A224B40465146FEF7F0FCCDE9000179
:10AA50005A4640465146029BFEF7E8FC824688462D
:10AA6000DDE906014FF0FF32FFF7A6F852464346F4
:10AA7000FEF7D6FC32463B46FEF7D8FCDDE906235E
:10AA8000FEF7CEFCDDE90023FEF7CAFC08B02A463B
:10AA90002346BDE8F04DFEF7C6BC0B465A4630468D
:10AAA0003946FEF7C3FC084A084BFEF718FC42463D
:10AAB0005346FEF7BBFC08B02A462346BDE8F04DDE
:10AAC000FEF70DBC1AA30100495555555555C5BF94
:10AAD0000022134610460149FEF71ABD0000F03F60
:10AAE000FEF7FDBB0022134610461146FEF710BDCF
:10AAF00040F2013200204FF0E041FFF75DB8000066
:10AB0000024A00201107FFF757B8000001FDFFFFC0
:10AB100002E008C8121F08C1002AFAD17047704726
:10AB2000002001E001C1121F002AFBD17047000084
:10AB30000149086070470000500500602DE9FF5F83
:10AB400082B00021DDE90430020DDDF840B003439E
:10AB500018D044F61050A2F2FF3242431514119857
:10AB600001281FD0A5EB0B00401C5FEA000A4FF044
:10AB700000064E4FDFF83891B046504615D5CAF161
:10AB8000000413E0119801244AA3012801D16FEABF
:10AB90000B010298119AC0E90031C0E9024206B0E7
:10ABA000BDE8F09FCBF10000DFE704460021404AFA
:10ABB000491842EB0450CDE9001012E0E00707D03D
:10ABC00032463B4640464946FEF730FC80468946C1
:10ABD00032463B4610461946FEF728FC06460F460D
:10ABE0006410002CEAD1DDE90401DDE90023BAF1AB
:10ABF000000F06DAFEF71AFC42464B46FEF716FC3B
:10AC000005E0FEF785FC42464B46FEF781FC044614
:10AC10000E460022284BFFF767F803D84FF0FF30AD
:10AC2000014607E00022254B20463146FEF757FB40
:10AC3000FFF72AF8102409E0002C0ADB0A2200237F
:10AC4000FEF7D5FD039B30321A55641E50EA01020F
:10AC5000F2D1641C039AC4F111031444119A012A1D
:10AC600003D0012208430DD10AE0084304D000209C
:10AC70004FF0110B119072E7A3EB0B056D1E0DE069
:10AC80005B4504DD4FF0000205F1010504E003DA45
:10AC90004FF00002A5F10105002AECD002981199AD
:10ACA000C0E90231C0E9004579E700000000144026
:10ACB0000000F03F300000000000F0430000E03FE3
:10ACC00030380A2801D20120704700207047000068
:10ACD0002DE9FF4F95B09A46884606460025EEE1DD
:10ACE000252877D100242746F94A0121039400E062
:10ACF000044316F8013F203B01FA03F01042F7D15C
:10AD000030782A2811D06FF02F033078A0F130026C
:10AD1000092A16D8039A44F0020402EB820203EBDC
:10AD200042021044761C0390EFE758F8042B03927C
:10AD3000002A03DA504244F40054039044F0020421
:10AD4000761C30782E2816D116F8010F44F0040432
:10AD50002A280DD06FF02F023078A0F13003092B94
:10AD600009D807EB870302EB4303C718761CF3E708
:10AD700058F8047B761C30786C280FD006DC4C2801
:10AD800017D068280DD06A2814D104E0742810D098
:10AD90007A280FD10DE044F400140AE044F4801442
:10ADA00001E044F440147278824202D104F5801428
:10ADB000761C761C307866280BD013DC582877D0A8
:10ADC00009DC002875D04528F6D04628F4D047285D
:10ADD0001AD193E118E0632835D0642879D065282A
:10ADE00012D18BE1702873D008DC6728F1D0692874
:10ADF0006FD06E280DD06F2806D1ACE073282CD010
:10AE0000752874D0782853D05246179990476D1CF6
:10AE100054E1C4F30250022809D003280DD0D8F819
:10AE2000001004280DD00D6008F1040846E1D8F8A0
:10AE30000010EA17C1E90052F6E7D8F800100D80BB
:10AE4000F2E70D70F0E718F8041B8DF800100020F1
:10AE50008DF80100EB46012003E058F804BB4FF0E9
:10AE6000FF3061074FF0000102D40DE009F101014C
:10AE70008946B9420FDA8145F8DB1BF80910002931
:10AE8000F4D108E009F1010189468142FADB1BF89F
:10AE900009100029F6D103985346A0EB0907214673
:10AEA0003846179A00F080FA284400EB090507E0BD
:10AEB00044E008E10DE01BF8010B5246179990475A
:10AEC000B9F10109F7D2534621463846179AF2E004
:10AED00039E00A21C4F302524FF0000B0091022A1C
:10AEE00006D058F8040BC117032A09D00AE023E062
:10AEF00008F1070020F00702F2E80201904605E0A1
:10AF000000B2C117042A01D140B2C117002906DAE4
:10AF10000A460021404261EB02012D2202E0220597
:10AF200004D52B228DF80420012203E0E20701D092
:10AF30002022F7E7914657E00A2100E010214FF068
:10AF4000000B00910BE010214FF0000B44F00404C3
:10AF50000827009103E008204FF0000B0090C4F395
:10AF60000252022A05D058F8040B0021032A08D007
:10AF700008E008F1070020F00702F2E8020190461D
:10AF800003E080B2042A00D1C0B24FF000092207CA
:10AF90002AD53278702A07D0DDF800C08CF0100C6A
:10AFA0005CEA0B0C05D00EE040228DF80420012253
:10AFB00008E050EA010306D030238DF804308DF804
:10AFC000052002229146009B83F0080353EA0B03FD
:10AFD0000AD150EA010201D1620705D530228DF86D
:10AFE00004204FF001097F1E3278582A04D039A27C
:10AFF0000C920CAA02920BE03BA2F9E75B46009A86
:10B00000FEF7F5FB0C9B9B5C029A521E029213709A
:10B0100050EA0102F2D1029804A9081A00F1200BAB
:10B02000600702D524F4803400E001275F4502DD8B
:10B03000A7EB0B0000E0002000EB0B010090039851
:10B040004944401A0390E00306D453462146179A18
:10B05000039800F0A9F90544002706E001A852462C
:10B06000C05D179990476D1C7F1C4F45F6DBE003D0
:10B070000CD553462146179A039800F095F90544DC
:10B0800004E030205246179990476D1C0099481EE5
:10B0900000900029F5DC08E00298029952460078F9
:10B0A000491C0291179990476D1CBBF10001ABF14F
:10B0B000010BF1DC5BE100F065F90544761C3078AA
:10B0C00000287FF40DAE19B02846BDE8F08F0000CF
:10B0D000092801003031323334353637383961626E
:10B0E0006364656600000000303132333435363732
:10B0F000383941424344454600000000600700D40F
:10B10000062708F1070020F00700F0E80223804638
:10B1100003F0004C5FEA0C0001D097A009E0200585
:10B1200001D596A005E0E00701D095A001E0AFF2BF
:10B130004C001390307823F0004365280CD006DCD7
:10B14000452809D046281DD047287FD13BE06628F6
:10B1500018D067287AD136E00021112F01DB1120A9
:10B1600000E0781CCDE9000104A90CA8FFF7E6FC7B
:10B17000DDE90D010C9A4FF0000B07F10109109267
:10B1800000914EE04FF000400097CDE9011004A976
:10B190000CA8FFF7D3FCDDE90D020C9B0F994FF0D3
:10B1A000000B91461093009211B9791C00EB010934
:10B1B000B7EB090003D4C0F1FF3B07F10109A9EB8C
:10B1C0000700019042E0012F00DA01270021112F32
:10B1D00001DD112000E03846CDE9000104A90CA8EA
:10B1E000FFF7ACFCDDE90D010C9A00914FF0000B6C
:10B1F000B946109221070FD4009A4A4503DA9146C6
:10B2000001E0A9F10109B9F1010F05DD109AA9F1D9
:10B210000101515C3029F4D0B84202DA10F1040F78
:10B2200003DA0121CDE9011010E0002803DC83449A
:10B23000A9EB000102E0411C494500DD8946A0EB75
:10B240000B00401C01904FF000400290200705D4F5
:10B250000198484502DB4FF0FF30019000208DF847
:10B260004B0002980DF14B07B0F1004F25D00220A2
:10B270000C902B200D90029800280CDA404202908E
:10B280002D200D9007E00A210298FEF79AFA30313E
:10B29000029007F8011D0C99481E0C900029F2DC61
:10B2A00002980028EFD1791E0D980870307800F0D0
:10B2B000200040F0450007F8020D11A8C01BC01D7A
:10B2C00002901398007800B1012000EB0901019869
:10B2D00001EBE071029801440398401A401E03906C
:10B2E000E00306D453462146179A039800F05CF811
:10B2F00005441398007818B15246179990476D1C71
:10B30000E00323D553462146179A039800F04CF8E2
:10B3100005441BE0BBF1000F07DB0098584504DD36
:10B320001098179910F80B0001E017993020524639
:10B33000904701980BF1010B401E05F101050190AA
:10B3400004D12E205246179990476D1CB9F1000187
:10B35000A9F10109DEDC05E017F8010B5246179947
:10B3600090476D1C0299481E02900029F4DC534658
:10B370002146179A03989EE62D0000002B0000003E
:10B38000200000002DE9F041044600251E46174626
:10B39000880404D405E039462020B0476D1C641EA3
:10B3A000F9D52846BDE8F0812DE9F0410446002595
:10B3B0001E469046C80301D5302700E020278804A8
:10B3C00004D505E041463846B0476D1C641EF9D5EA
:10B3D0002846BDE8F0810A68531C0B601070704766
:10B3E00000B5244B21F0004287B09A42DCBF002216
:10B3F000134629DD204B9A4208D140B94FF0010095
:10B40000FFF796FBFFF76EFB07B000BD03DBCCF741
:10B41000F4FE07B000BD02AAFFF74CF810F00301DC
:10B4200004BF0DF1080C9CE80F000DD0012001298C
:10B430000ED0022914D00DF1080C00909CE80F00EA
:10B44000FFF7D0FA07B000BDFFF7F8F907B000BD6D
:10B450000DF1080C00909CE80F00FFF7C3FA05E01F
:10B460000DF1080C9CE80F00FFF7E8F907B081F038
:10B47000004100BDFB21E93F0000F07F2DE9F04DC8
:10B48000894BCE0F21F0004784B005460C469F4201
:10B4900030D38648874211D3C7F31300284305D021
:10B4A00004B02846BDE8F04DCCF7A7BE002E1ABF69
:10B4B00000200146284604B0BDE8F08D7C4A2846AD
:10B4C000FEF712FC07D20220FFF732FB04B0BDE802
:10B4D000F04DFFF70DBB774A774B28462146FEF724
:10B4E000EBFB07D20220FFF723FB04B0BDE8F04DD1
:10B4F000FFF706BB7148B84248D27148874215D25F
:10B500007048784400EBC6002146D0E90023284665
:10B51000FDF786FFCDE900016B48784400EBC600DB
:10B52000D0E900ABC6F10100861B26E0674A684BF4
:10B5300028462146FDF77AFF664A7A4402EBC603A5
:10B54000D3E90023FDF7CBFEFEF7AAF80646FEF787
:10B550005CF807468846604A604BFDF767FF2A465D
:10B560002346FDF760FFCDE900015D4A5D4B38469B
:10B570004146FDF75BFF82468B46DDE900015246FE
:10B580005B46FDF74DFF05460C4618E056488742DE
:10B5900014D2564A564B28462146FDF7A0FE554E7A
:10B5A00000223346FEF7A0FB08D204B033462846FB
:10B5B0002146BDE8F04D0022FDF791BE00262A4647
:10B5C000234610461946FDF731FF804602464A4899
:10B5D0000F460B4605217844FFF7AEF942463B463D
:10B5E000FDF724FF2A462346FDF71DFF0746884640
:10B5F000E6B302460B4600204FF08041FDF710FFF6
:10B60000CDE902013A46434628462146FDF70EFFA2
:10B61000DDE90223FDF77CFF52465B46FDF703FFA1
:10B62000DDE90023FDF7FCFE0022324BFDF7FBFEB7
:10B630006FF47F729642A2BF01EB065104B0BDE8E1
:10B64000F08D4FF07A5202EB065211442B4AFEF76E
:10B65000B3FA04460D46FEF715FF042808BFFFF7AE
:10B660004FFA204604B02946BDE8F08DFFE70022DE
:10B670004FF08043FDF7D4FE82460E463A464346DD
:10B6800028462146FDF7D2FE52463346FDF740FFDD
:10B690002A462346FDF7C4FE04B00022BDE8F04D63
:10B6A000144BFDF7C0BE0000422E86400000F07F24
:10B6B000EF39FAFE51302DD5104987C0422ED63FC2
:10B6C000B2A2F03F429601003A960100FE822B653D
:10B6D0004715F73FFA9501000000E0FE422EE63FD5
:10B6E000763C7935EF39EA3D0000303E9C750088A4
:10B6F0003CE4377E0000F03F8E95010018FCFFFF10
:10B7000010B5002821D0114B0022001F196803E05A
:10B71000814203D80A4649680029F9D152B1136819
:10B72000841A9C4204D1006818441060104602E05C
:10B73000506000E0186039B102680B1A934203D1DF
:10B740000B681A4402604968416010BD4C050060F6
:10B750002DE9F04DC84A002490B0914205DA21F05D
:10B760000043934201D805D120B110B0BDE8F04D9F
:10B77000CCF743BDB1F5801F1BDA53EA000209D0B4
:10B78000002911DA0120FFF7D3F910B0BDE8F04D20
:10B79000FFF7A8B90220FFF7CBF9FFF799F910B02E
:10B7A00081F00041BDE8F08D6FF035043622FEF7E0
:10B7B00003FA04EB2152C1F31308B049A2F2FF339C
:10B7C000414401F4801282F07F6103EB225281F048
:10B7D0004051009241EA08010022A94BFDF720FEEA
:10B7E000044608F10200A74EC0F313000D467E4444
:10B7F000032867D2D6E900232046FEF75DFA1ED162
:10B800000098002802BFD6E9000110B0BDE8F08D15
:10B81000FDF7FBFE07460C469B4A9C4BFDF706FED8
:10B8200006460D469A4A9B4B38462146FDF7FEFDDB
:10B8300010B032462B46BDE8F04DFDF750BD4FF03D
:10B840005532954B20462946FDF7F0FD0022934BDB
:10B85000FDF7E9FD06460F4622462B4610461946DF
:10B86000FDF7E4FD32463B46FDF7E0FD0646009855
:10B870000F46F0B1FDF7C9FE80468A46824A834BE7
:10B88000FDF7D4FD32463B46FDF7CDFD22462B4663
:10B89000FDF7C6FD05460C467D4A7E4B40465146A7
:10B8A000FDF7C4FD10B02A462346BDE8F04DFDF774
:10B8B000B7BD0B4610B0324620462946BDE8F04DD4
:10B8C000FDF7AEBD00224FF080432046FDF707FD97
:10B8D00002460B4620462946FDF71AFE06460F464D
:10B8E0000098FDF792FECDE9040132463B46104632
:10B8F0003946FDF79BFD0C9069480C9A4044019035
:10B9000009910B461046FDF791FD824602466548B7
:10B910008B46C8F151080B4608F5D7280321784417
:10B92000FFF70AF852465B46FDF780FD0A905E4835
:10B930000D9152465B4604217844FEF7FDFF099BBA
:10B940000C9AFDF773FD844601980D9B40EA0808A8
:10B9500060460A9AFDF7C3FC83460891B8F1000FD0
:10B960004EDD4FF0FF3220462946FEF725F92246EC
:10B970002B46FDF75BFD804600988A4660B3DDE903
:10B980000401414A414BFDF751FD099100905A468F
:10B9900040465146089BFDF7A2FC32463B46FDF768
:10B9A00045FD099B009AFDF79AFC42465346FDF778
:10B9B0003AFD22462B46FDF733FD04460D46DDE9F0
:10B9C0000401334A334BFDF731FD10B022462B46BC
:10B9D000BDE8F04DFDF724BD5A464046089BFDF7F3
:10B9E0007EFC32463B46FDF721FD42465346FDF7BD
:10B9F0001AFD10B022462B46BDE8F04DFDF713BDF1
:10BA0000009840B3DDE904011F4A204BFDF70EFD0D
:10BA100080468A465A4620462946089BFDF700FD87
:10BA200032463B46FDF702FD42465346FDF7F8FC21
:10BA300022462B46FDF7F4FC04460D46DDE90401E1
:10BA4000134A144BFDF7F2FC10B022462B46BDE81A
:10BA5000F04DFDF7E5BC0B465A4620462946FDF75A
:10BA6000DFFC32463B46FDF7E1FC10B022462B4698
:10BA7000BDE8F04DFDF7D7BC0000F07F645F090022
:10BA80000000F03F8E940100763C7935EF39EA3DB5
:10BA90000000E0FE422EE63F5555D53F0000E03F56
:10BAA00086EBF9FF6E9201006C920100F0B50B304D
:10BAB000154D20F007010024144A0FE003688B4263
:10BAC0000BD38B4205D95E1A43184768C3E9006758
:10BAD00000E04368136002C004E0021D1068002803
:10BAE000ECD12046002802D1286808B10020F0BD22
:10BAF000064A07481060074A121A22F00702C0E9F6
:10BB0000002401202860D7E7402300204C05006076
:10BB1000DC610760D86307602DE9F04D1D460C46D7
:10BB200098B0174621F0004123F00043002814BFCD
:10BB30004FF0010C4FF0000C0CEB440CFE4A0CEBE8
:10BB400002064FEA620C66452BD33E0018BF012661
:10BB500006EB45061644F94A964222D3F84A53EAC0
:10BB6000070C02D0944205D148B918B00020114604
:10BB7000BDE8F08D002808BF4FF0000C01D04FF059
:10BB8000010C0CEB440212F5001F0AD8002F14BF61
:10BB90004FF0010C4FF0000C0CEB450212F5001FAA
:10BBA00007D918B03A462B462146BDE8F04DFEF7BE
:10BBB00097BF0022DFF88CA3002CB8BF534526DACC
:10BBC000DFF884C36345A8BF022220DADFF870C320
:10BBD0009C451CDCDFF874C30CEB235CBCF1140F38
:10BBE00008DDCCF1340627FA06FC0CFA06F6BE4254
:10BBF0000DD108E05FB9CCF1140623FA06FC0CFA6B
:10BC000006F69E4203D10CF00102C2F1020251EA93
:10BC1000000C19D1002D17DA002C18BF022A01D010
:10BC2000012A07D00220FEF783FF18B0BDE8F04DCF
:10BC3000FEF74EBF0220FEF77BFFFEF749FF18B06C
:10BC400081F00041BDE8F08DB7F1000C6CD1534597
:10BC500025D104F1804212F5801201BF0028002096
:10BC6000B74918B008BFBDE8F08DB548884207DC79
:10BC7000002DA1BF6046294618B0BDE8F08D07E051
:10BC8000281E05DA80F0004118B06046BDE8F08D4E
:10BC9000AF497944D1E9000118B0BDE8F08DDFF873
:10BCA000A0C2634525D1002D1FDA19B1514512D12B
:10BCB000D8B909E0002840F0EC82A24A214618B029
:10BCC00062F31E01BDE8F08D0020214618B060F33C
:10BCD0001E01BDE8F08D08DA18B02346BDE8F04D2E
:10BCE000024600206146FDF713BC18B02146BDE8AE
:10BCF000F08D514518DAB5F1804F0DD0A5F1005CFB
:10BD0000BCF1FF5C10D1B4F1000C0DDB18B0614642
:10BD1000BDE8F04D00F03CBC234618B00246BDE83B
:10BD2000F04D1946FDF782BB060024F0004C3BD1D4
:10BD3000D9B1514533D1002C06DD002DA1BF002023
:10BD4000514618B0BDE8F08D002C01DD002D1BDB45
:10BD5000002C13DA002D11DB012A4FF0000014BF74
:10BD600078497C4918B0BDE8F08D022A18BF002C34
:10BD70000AD0012A08D1002C06DA0AE0002CB8BF4C
:10BD8000002D11DA012A04D0002018B00146BDE8C8
:10BD9000F08D18B000204FF00041BDE8F08DA1F10A
:10BDA0004050B0F17F601AD0012000EBE47050EAFF
:10BDB000020421D0624C521E4FF0000B104304BF0E
:10BDC0004FF0000B644C654883427CDD644A654853
:10BDD00093421FDD884217DB002D25DB37E0002C66
:10BDE00000DA4AB1022A0CBF01204FF0FF3018B030
:10BDF000BDE8F04DFDF709BC0120FEF799FE18B033
:10BE0000BDE8F04DFEF76EBE4D4A8A4202DC002DC1
:10BE10000ADC1CE0814202DA002D18DA04E0484B0B
:10BE2000994220DD002D12DD0220FEF781FEFEF793
:10BE30005FFE05460E460022534658462146FDF752
:10BE4000F5FA18B066F31E012846BDE8F08D022011
:10BE5000FEF76EFEFEF754FE0A46214618B062F366
:10BE60001E01BDE8F08D002230466146FDF7D8FA8C
:10BE700080460E466FF00102FDF79EFE4FF05532F0
:10BE8000394BFDF7D0FA42463346FDF7CFFA002290
:10BE9000364BFDF7C8FA82464246334604911046B7
:10BEA0001946FDF7C3FA5246049BFDF7BFFA8A46CE
:10BEB00000904FF0C0422E4B40463146FDF7B6FA97
:10BEC0002C4A2B4B00E027E0CDE9060151460098B3
:10BED000FDF7ACFA82460191274A284B404631468D
:10BEE000FDF7A4FA5246019BFDF79AFA82460B46EB
:10BEF00002460591DDE90601FDF7F1F9DDE90623CA
:10BF0000002688463046FDF78BFA5246059BFDF722
:10BF10008AFA024600F07EB90020B1F5801F07DAE8
:10BF2000352230466146FDF747FE06466FF0340085
:10BF300000EB215024E00000FFFF1F00FFFF0F0077
:10BF40000000F03F0000F07F0000404301FCFFFFD5
:10BF5000EA8F01000000F0FF0000F0BF0000E041A8
:10BF60000000F043FFFFEF3F5555D53F0000E03F95
:10BF70004715F73FFE822B6544DF5DF80BAE543E5C
:10BF8000A0F2FF300190C1F3130040F07F6141F057
:10BF900040510291FE498842D8BF002004DDFD498E
:10BFA0008142C8BF012001DD0D9008E000200D9006
:10BFB0000198401C01900298A0F58010029002990F
:10BFC000F54878440B910D9900EBC100D0E90023AE
:10BFD0000F9330460A920B99FDF722FACDE906013C
:10BFE000DDE90A2130460F9BFDF779F902460B4641
:10BFF0000020EA49FDF78CFA059102460B460090B5
:10C00000DDE90601FDF712FA1490E5488A464FF083
:10C01000000878440299006812904FF0005040EAFE
:10C0200061010D980F9B01EB804000F50021099103
:10C030000A9A1298FDF7F4F932460B9BFDF7F3F9D3
:10C0400042465346FDF7F2F90646029140465146F4
:10C05000099B129AFDF7EAF9DDE90623FDF7E3F9FA
:10C060003246029BFDF7DCF9059B009AFDF7DEF9ED
:10C070000091149A0490534610461946FDF7D6F9DC
:10C0800006460246C7480B46029106217844FEF751
:10C0900053FCCDE90510029B324610461946FDF7C8
:10C0A000C5F9DDE90532FDF7C1F9059106465346AC
:10C0B00040461946149AFDF712F9009B049AFDF7C1
:10C0C000B5F93246059BFDF70AF9CDE90510424660
:10C0D000534610461946FDF7A9F90022B24B0291CA
:10C0E0000A90FDF7FCF8DDE90532FDF7F8F80E4699
:10C0F0004246AD4B4046FDF793F9029B0A9AFDF785
:10C100008FF9DDE90532FDF78EF9424602910A907A
:10C11000334610465146FDF789F9CDE906015346ED
:10C12000149A02990A98FDF781F98A4602903346DB
:10C13000424600990498FDF779F95346029AFDF7B3
:10C14000CEF882460B4602460591DDE90601FDF771
:10C15000C6F8DDE90623002088460646FDF760F9AB
:10C160005246059BFDF75FF9824609914FF0604208
:10C170008E4B30464146FDF759F9049006918C4AA2
:10C180008A4B50460999FDF751F982460291894A36
:10C19000894B30464146FDF749F95246029BFDF76F
:10C1A0009EF8864B7B440D9A03EBC203D3E9002330
:10C1B000FDF795F80E9007910198FDF726FA059185
:10C1C000DDE9061382460E9A0498FDF788F87C4A4A
:10C1D0007A440D9B02EBC303D3E900230093029240
:10C1E000FDF77DF85246059BFDF779F80026884655
:10C1F00052463046059BFDF713F9009B029AFDF766
:10C200000FF9069B049AFDF70BF9079B0E9AFDF7B1
:10C210000AF9024600200B46029038462946FDF7EF
:10C2200005F9824601912B4638461946029AFDF7D8
:10C23000F7F832464346FDF7F9F85246019BFDF701
:10C240004EF807468A463246434629460298FDF78D
:10C25000EDF805460E463A465346FDF740F8594A72
:10C260008846914221DBA8EB020353EA000210D179
:10C270002A463346FDF7D4F8CDE90401524A534B20
:10C2800038465146FDF72BF8DDE90423FDF72CFD78
:10C2900021D20220FEF74CFCFEF72AFC0A4621467A
:10C2A00018B062F31E01BDE8F08D494B28F0004242
:10C2B0009A4210D3474A08EB020353EA00027FF484
:10C2C000C6AD2A463346FDF7ABF83A465346FDF76E
:10C2D0000BFD7FF6BCAD0022019228F000403E49E4
:10C2E0003E4A01EB2051824223DA481C4FF4801170
:10C2F00021FA00F040443A4AC0F30A517A44394BDB
:10C30000A1F2FF31CB4020EA0303C0F3130040F455
:10C310008010C1F11401C84012680190B8F1000FFB
:10C32000BCBF4042019028463146FDF779F80546EA
:10C330000E462A46334638465146FCF7D0FF4FF0AA
:10C3400000084246284B40460591FDF76FF8CDE9BD
:10C350000601264A264B40460599FDF767F80091ED
:10C3600002902A46334640460599FDF759F83A4669
:10C370005346FDF758F81F4A1F4BFDF757F8009B2F
:10C38000029AFCF7ACFF0746884602460B4635E0AA
:10C390008E9803007AB60B00028C01000000F03F7B
:10C3A0006A8C0100688B01000000084009C7EE3F5D
:10C3B000FD033ADCF5015B14E02F3EBE408A01002C
:10C3C000048A010000009040FE822B654715973CCF
:10C3D00000CC904000346F3F01FCFFFF0000E03FC5
:10C3E00080890100FFFF0F00432EE63F396CA80C47
:10C3F000615C20BEEF39FAFE422EE63FDDE9060120
:10C40000FCF76DFFDDE9062305460E46FDF708F84B
:10C410003A464346FDF707F80F462A463346009052
:10C4200010461946FDF702F8824602462E48884615
:10C430000B4605217844FEF77FFA52464346FCF747
:10C44000F5FF2A463346FCF7EEFF80468A463B4618
:10C4500028463146009AFCF7E9FF3B46009AFCF774
:10C460003EFF0691009000224FF080434046514627
:10C47000FCF7D6FF0F460C904246534628463146FD
:10C48000FCF7D4FF3B460C9AFDF742F8069B009A56
:10C49000FCF7C6FF2A463346FCF7C2FF0022134BC7
:10C4A000FCF7C1FF054601980E4601EB0051081547
:10C4B000002810DC28463146019AFDF77DFBFDF788
:10C4C000E1FF042808BFFEF71BFB28463146019A0E
:10C4D000FDF772FB05460B4618B02A465846214622
:10C4E000BDE8F04DFCF7A2BFF08701000000F03F6F
:10C4F00000B5254B21F0004287B09A4203DC0022B0
:10C50000134600922BE0214B9A4208D140B94FF0DC
:10C510000100FEF70DFBFEF7E5FA07B000BD03DBF7
:10C52000CBF76BFE07B000BD02AAFDF7C3FF10F00A
:10C5300003014FF001000DD0012914D002291AD0B7
:10C540000DF1080C9CE80F00FEF778F907B081F0B8
:10C55000004100BD0DF1080C00909CE80F00FEF7B3
:10C5600041FA07B000BD0DF1080C9CE80F00FEF782
:10C5700065F907B000BD0DF1080C00909CE80F00B4
:10C58000FEF730FAE2E70000FB21E93F0000F07F10
:10C590002DE9F04106460F46FDF725FB041E0D462A
:10C5A00018BF0120284320F00040C0F17F6000F157
:10C5B000E040C00F0ED0301C18BF0120384320F0DF
:10C5C0000040C0F17F6000F1E040C00F04BF0120D7
:10C5D000FEF7AEFA20462946BDE8F08100B583B0EB
:10C5E0000A460021CDE9001101466846FDF71DFA13
:10C5F000DDE9000103B000BD0003030601040602EB
:10C60000050003051F1C1F1E1F1E1F1F1E1F1E1FB0
:10C6100053455420504F494E540000000000000084
:10C62000000000000046414E2053504545440000A4
:10C630000000000000000000000053595354454D15
:10C64000204D4F4445000000000000000000005352
:10C65000455400000000000046414E00000000006C
:10C6600000535953000000000000404080100804AF
:10C670001005020C1010100808000000A40D050899
:10C6800018140508F81305086C1A05085265766534
:10C6900072736520414320737570706C79206973E3
:10C6A000206465746563746564204241434E45545B
:10C6B000204D53545020697320646574656374651C
:10C6C00064200000000000000000000000000000E6
:10C6D000000000000000000000000000000000005A
:10C6E000000000000000000000000000000000004A
:10C6F000000000000000000000000000000000003A
:10C700000000000000000000000000000000000029
:10C710000000000000000000000000000000000019
:10C720000000000000000000000000000000000009
:10C7300000000000000000000000000000000000F9
:10C7400000000000000000000000000000000000E9
:10C7500000000000000000000000000000000000D9
:10C7600000000000000000000000000000000000C9
:10C7700000000000000000000000000000000000B9
:10C7800000000000000000000000000000000000A9
:10C790000000001011000000000000000000000078
:10C7A00000000000000000000062C9EDDEAC3700B0
:10C7B0000000000000000000000000000000000079
:10C7C000A4FEFFFFFFFFFF5B000000000000000071
:10C7D00000000000000000A2FFFFFFFFFFFFFFFFBF
:10C7E0003C0000000000000000000000000040FDD0
:10C7F000FFFFFFFFFFFFFFFFFF060000000000003C
:10C80000000000000000F6FFFFFFFFFFFFFFFFFF3B
:10C81000FF7F000000000000000000000050FFFF4C
:10C82000FFFFFFFFFFFFFFFFFFFF0700000000000B
:10C830000000000000F4FFFFFFFFFFFFFFFFFFFF0E
:10C84000FFFF4F00000000000000000010FEFFFF8F
:10C85000FFFFFFFFFFFFFFFFFFFFDF010000000002
:10C8600000000000A0FFFFFFFFFFFFFFFFFFFFFF33
:10C87000FFFFFF090000000000000000F5FFFFFFC0
:10C88000FFFFFFFFFFFFFFFFFFFFFF3F0000000074
:10C8900000000000FCFFFFFFFFFFFFEFFEFFFFFFB8
:10C8A000FFFFFFBF0000000000000060FFFFFFFF70
:10C8B000FFFF6C1242F9FFFFFFFFFFFF03000000C4
:10C8C000000000C0FFFFFFFFFF7F00000030FDFF02
:10C8D000FFFFFFFF09000000000000F4FFFFFFFF63
:10C8E000FF0600000000D2FFFFFFFFFF1E00000058
:10C8F000000000FAFFFFFFFF9F000000000030FE75
:10C90000FFFFFFFF5F000000000010FEFFFFFFFFC2
:10C910001D000000000000F7FFFFFFFFAF00000058
:10C92000000050FFFFFFFFFF06000000000000D1E5
:10C93000FFFFFFFFEF0100000000A0FFFFFFFFDF90
:10C940000100000000000070FFFFFFFFFF04000077
:10C950000000D1FFFFFFFF8F00000000000000205B
:10C96000FEFFFFFFFF0700000000F3FFFFFFFF3F98
:10C970000000000000000000FBFFFFFFFF0B0000B5
:10C980000000F6FFFFFFFF0C0000000000000000A9
:10C99000F6FFFFFFFF1D00000000FAFFFFFFFF088A
:10C9A0000000000000000000F4FFFFFFFF3F000058
:10C9B0000000FCFFFFFFFF0500000000000000304A
:10C9C000FEFFFFFFFF5F00000010FEFFFFFFFF0202
:10C9D00000000000000000E3FFFFFFFFFF7F0000FA
:10C9E0000030FFFFFFFFDF0000000000000040FEFE
:10C9F000FFFFFFFFFF9F00000050FFFFFFFFBF0092
:10CA0000000000000000E4FFFFFFFFFFFFBF000089
:10CA10000070FFFFFFFF8F00000000000040FEFFDE
:10CA2000FFFFFFFFFFCF00000090FFFFFFFF6F0041
:10CA30000000000000F4FFFFFFFFFFFFFFDF010029
:10CA400000A0FFFFFFFF5F000000000050FFFFFF9E
:10CA5000FFFFFFFFFFEF010000C0FFFFFFFF3F00F0
:10CA600000000000F5FFFFFFFFFFFFFFFFFF0200D8
:10CA700000C0FFFFFFFF2F0000000050FFFFFFFF7F
:10CA8000FFFFFFFFFFFF030000D0FFFFFFFF2E00AF
:10CA9000000000F5FFFFFFFFFFFFFFFFFFFF0400A7
:10CAA00000E1FFFFFFFF1E00000060FFFFFFFFFF30
:10CAB000FFFFFFFFFFFF040000E1FFFFFFFF1E007D
:10CAC0000000F6FFFFFFFFFFDFFCFFFFFFFF050099
:10CAD00000E2FFFFFFFF1D000060FFFFFFFFFFFF01
:10CAE0002DFAFFFFFFFF050000F2FFFFFFFF0D0023
:10CAF00000F6FFFFFFFFFFDF02FAFFFFFFFF050069
:10CB000000F2FFFFFFFF0D0070FFFFFFFFFFFF2D93
:10CB100000FAFFFFFFFF050000F2FFFFFFFF0D001F
:10CB2000F7FFFFFFFFFFDF0200FAFFFFFFFF050037
:10CB300000F2FFFFFFFF0D70FFFFFFFFFFFF2C0064
:10CB400000FAFFFFFFFF050000F2FFFFFFFF0DF7F8
:10CB5000FFFFFFFFFFCF010000FAFFFFFFFF05000F
:10CB600000E2FFFFFFFF8DFFFFFFFFFFFF1C000044
:10CB700000FBFFFFFFFF040000E1FFFFFFFFFFFFDF
:10CB8000FFFFFFFFCF01000000FBFFFFFFFF0400DE
:10CB900000E1FFFFFFFFFFFFFFFFFFFF1C000000A2
:10CBA00000FCFFFFFFFF030000D0FFFFFFFFFFFFC0
:10CBB000FFFFFFCF0100000000FCFFFFFFFF0200AE
:10CBC00000C0FFFFFFFFFFFFFFFFFF1C0000000092
:10CBD00010FDFFFFFFEF010000C0FFFFFFFFFFFFA1
:10CBE000FFFFBF010000000020FEFFFFFFDF01008C
:10CBF00000A0FFFFFFFFFFFFFFFF1B000000000082
:10CC000030FFFFFFFFCF00000090FFFFFFFFFFFF9F
:10CC1000FFBF01000000000050FFFFFFFFBF00004A
:10CC20000070FFFFFFFFFFFFFF1B00000000000080
:10CC300070FFFFFFFF9F00000060FFFFFFFFFFFF8F
:10CC4000BF0100000000000090FFFFFFFF7F000019
:10CC50000040FFFFFFFFFFFF0B000000000000008F
:10CC6000C0FFFFFFFF4F00000020FEFFFFFFFFAFF0
:10CC70000000000000000000E1FFFFFFFF2F0000A8
:10CC80000000FDFFFFFFFF0B0000000000000000A0
:10CC9000F4FFFFFFFF0D00000000FAFFFFFFFF0A97
:10CCA0000000000000000000F8FFFFFFFF0A000086
:10CCB0000000F7FFFFFFFF1E000000000000000063
:10CCC000FDFFFFFFFF0700000000F4FFFFFFFF5F15
:10CCD0000000000000000040FFFFFFFFFF03000016
:10CCE0000000E1FFFFFFFFAF00000000000000A018
:10CCF000FFFFFFFFDF0100000000A0FFFFFFFFFFBD
:10CD000003000000000000F2FFFFFFFF9F00000093
:10CD1000000060FFFFFFFFFF0A000000000000FAB4
:10CD2000FFFFFFFF4F000000000020FEFFFFFFFF9E
:10CD30005F000000000050FFFFFFFFFF1D0000002C
:10CD4000000000FBFFFFFFFFEF0400000000E3FF17
:10CD5000FFFFFFFF08000000000000F5FFFFFFFFDE
:10CD6000FF5E00000050FEFFFFFFFFFF020000001B
:10CD7000000000D1FFFFFFFFFFFF5B1252FAFFFF31
:10CD8000FFFFFFAF0000000000000060FFFFFFFF9B
:10CD9000FFFFFFEFFEFFFFFFFFFFFF2F0000000080
:10CDA00000000010FDFFFFFFFFFFFFFFFFFFFFFF81
:10CDB000FFFFFF080000000000000000F5FFFFFF7C
:10CDC000FFFFFFFFFFFFFFFFFFFFDF01000000008D
:10CDD00000000000A0FFFFFFFFFFFFFFFFFFFFFFBE
:10CDE000FFFF4F00000000000000000010FDFFFFEB
:10CDF000FFFFFFFFFFFFFFFFFFFF07000000000036
:10CE00000000000000E3FFFFFFFFFFFFFFFFFFFF49
:10CE1000FF9F000000000000000000000040FEFF37
:10CE2000FFFFFFFFFFFFFFFFFF0900000000000002
:10CE3000000000000000D3FFFFFFFFFFFFFFFFFF28
:10CE40007F0000000000000000000000000010F95A
:10CE5000FFFFFFFFFFFFFFCF030000000000000007
:10CE60000000000000000030EAFFFFFFFFFFCF05D9
:10CE700000000000000000000000000000000000B2
:10CE80002096DCEECD7A03000000000000000000D8
:10CE90000000000000000000000010110100000070
:10CEA0000000000000000000000000000000000082
:10CEB0000000000000000000000000000000000072
:10CEC0000000000000000000000000000000000062
:10CED0000000000000000000000000000000000052
:10CEE0000000000000000000000000000000000042
:10CEF0000000000000000000000000000000000032
:10CF00000000000000000000000000000000000021
:10CF10000000000000000000000000000000000011
:10CF20000000000000000000000000000000000001
:10CF300000000000000000000000000000000000F1
:10CF400000000000000000000000000000000000E1
:10CF500000000000000000000000000000000000D1
:10CF600000000000000000000000000000000000C1
:10CF700000000000000000000000000000000000B1
:10CF800000000000000000000000000000000000A1
:10CF90000000000000000000000000000000000091
:10CFA0000000000000000000000000000000000081
:10CFB0000000000000000000000000000000000071
:10CFC0000000000000000000000000000000000061
:10CFD0000000000000000000000000000000000051
:10CFE0000000000000000000000000000000000041
:10CFF0000000000000000000000000000000000031
:10D000000000000000000000000000000000000020
:10D010000000000000000000000000000000000010
:10D020000000000000000000000000000000000000
:10D0300000000000000000000000000000000000F0
:10D0400000000000000000000000000000000000E0
:10D0500000000000000000000000000000000000D0
:10D0600000000000000000000000000000000000C0
:10D0700000000000000000000000000000000000B0
:10D0800000000000000000000000000000000000A0
:10D090000000000000000000000000000000000090
:10D0A000000000000000000000000043444444026F
:10D0B0000000000000000000000000000000000070
:10D0C0000000A1FFFFFFFF0A0000000000000000B9
:10D0D00000000000000000000050FDFFFFFFFF09FE
:10D0E0000000000000000000000000000000000040
:10D0F00000F8FFFFFFFFFF09000000000000000034
:10D100000000000000000000C3FFFFFFFFFFFF0959
:10D1100000000000000000000000000000000060AF
:10D12000FEFFFFFFFFFFFF090000000000000000FE
:10D1300000000000000020FAFFFFFFFFFFFFFF09D3
:10D140000000000000000000000000000000D5FF0B
:10D15000FFFFFFFFFFFFFF090000000000000000CD
:10D16000000000000091FFFFFFFFFFFFFFFFFF092E
:10D1700000000000000000000000000030FCFFFF85
:10D18000FFFFFFFFFFFFFF0900000000000000009D
:10D1900000000000F7FFFFFFFFFFFFFFFFFFFF0999
:10D1A0000000000000000000000000B2FFFFFFFFD1
:10D1B000FFFFFFFFFFFFFF0900000000000000006D
:10D1C000000040FEFFFFFFFFFFFFFFFFFFFFFF0923
:10D1D0000000000000000000000060FFFFFFFFFFF4
:10D1E000FFFFFFFFFFFFFF0900000000000000003D
:10D1F000000020FEFFFFFFFFFFFFFFFFFFFFFF0913
:10D200000000000000000000000000FBFFFFFFFF27
:10D21000FF9FF9FFFFFFFF09000000000000000072
:10D22000000000F7FFFFFFFFFF06F8FFFFFFFF0909
:10D230000000000000000000000000F3FFFFFFFFFF
:10D240003C00F8FFFFFFFF090000000000000000A5
:10D25000000000D0FFFFFF9F0100F8FFFFFFFF0964
:10D26000000000000000000000000090FFFFEF063B
:10D270000000F8FFFFFFFF090000000000000000B1
:10D2800000000050FFFF3C000000F8FFFFFFFF0917
:10D29000000000000000000000000010FE9F0100E0
:10D2A0000000F8FFFFFFFF09000000000000000081
:10D2B00000000000FB0600000000F8FFFFFFFF0970
:10D2C0000000000000000000000000004500000019
:10D2D0000000F8FFFFFFFF09000000000000000051
:10D2E00000000000000000000000F8FFFFFFFF0941
:10D2F000000000000000000000000000000000002E
:10D300000000F8FFFFFFFF09000000000000000020
:10D3100000000000000000000000F8FFFFFFFF0910
:10D3200000000000000000000000000000000000FD
:10D330000000F8FFFFFFFF090000000000000000F0
:10D3400000000000000000000000F8FFFFFFFF09E0
:10D3500000000000000000000000000000000000CD
:10D360000000F8FFFFFFFF090000000000000000C0
:10D3700000000000000000000000F8FFFFFFFF09B0
:10D38000000000000000000000000000000000009D
:10D390000000F8FFFFFFFF09000000000000000090
:10D3A00000000000000000000000F8FFFFFFFF0980
:10D3B000000000000000000000000000000000006D
:10D3C0000000F8FFFFFFFF09000000000000000060
:10D3D00000000000000000000000F8FFFFFFFF0950
:10D3E000000000000000000000000000000000003D
:10D3F0000000F8FFFFFFFF09000000000000000030
:10D4000000000000000000000000F8FFFFFFFF091F
:10D41000000000000000000000000000000000000C
:10D420000000F8FFFFFFFF090000000000000000FF
:10D4300000000000000000000000F8FFFFFFFF09EF
:10D4400000000000000000000000000000000000DC
:10D450000000F8FFFFFFFF090000000000000000CF
:10D4600000000000000000000000F8FFFFFFFF09BF
:10D4700000000000000000000000000000000000AC
:10D480000000F8FFFFFFFF0900000000000000009F
:10D4900000000000000000000000F8FFFFFFFF098F
:10D4A000000000000000000000000000000000007C
:10D4B0000000F8FFFFFFFF0900000000000000006F
:10D4C00000000000000000000000F8FFFFFFFF095F
:10D4D000000000000000000000000000000000004C
:10D4E0000000F8FFFFFFFF0900000000000000003F
:10D4F00000000000000000000000F8FFFFFFFF092F
:10D50000000000000000000000000000000000001B
:10D510000000F8FFFFFFFF0900000000000000000E
:10D5200000000000000000000000F8FFFFFFFF09FE
:10D5300000000000000000000000000000000000EB
:10D540000000F8FFFFFFFF090000000000000000DE
:10D5500000000000000000000000F8FFFFFFFF09CE
:10D5600000000000000000000000000000000000BB
:10D570000000F8FFFFFFFF090000000000000000AE
:10D5800000000000000000000000F8FFFFFFFF099E
:10D59000000000000000000000000000000000008B
:10D5A0000000F8FFFFFFFF0900000000000000007E
:10D5B00000000000000000000000F8FFFFFFFF096E
:10D5C000000000000000000000000000000000005B
:10D5D0000000F8FFFFFFFF0900000000000000004E
:10D5E00000000000000000000000F8FFFFFFFF093E
:10D5F000000000000000000000000000000000002B
:10D600000000F8FFFFFFFF0900000000000000001D
:10D6100000000000000000000000F8FFFFFFFF090D
:10D6200000000000000000000000000000000000FA
:10D630000000F8FFFFFFFF090000000000000000ED
:10D6400000000010111111111111F9FFFFFFFF1A55
:10D650001111111111000000000000E2EEEEEEEEDB
:10D66000EEEEFFFFFFFFFFEFEEEEEEEEEE0400004A
:10D67000000000F2FFFFFFFFFFFFFFFFFFFFFFFFC4
:10D68000FFFFFFFFFF040000000000F2FFFFFFFFAD
:10D69000FFFFFFFFFFFFFFFFFFFFFFFFFF04000093
:10D6A000000000F2FFFFFFFFFFFFFFFFFFFFFFFF94
:10D6B000FFFFFFFFFF040000000000F2FFFFFFFF7D
:10D6C000FFFFFFFFFFFFFFFFFFFFFFFFFF04000063
:10D6D000000000F2FFFFFFFFFFFFFFFFFFFFFFFF64
:10D6E000FFFFFFFFFF040000000000F2FFFFFFFF4D
:10D6F000FFFFFFFFFFFFFFFFFFFFFFFFFF04000033
:10D70000000000F2FFFFFFFFFFFFFFFFFFFFFFFF33
:10D71000FFFFFFFFFF040000000000F2FFFFFFFF1C
:10D72000FFFFFFFFFFFFFFFFFFFFFFFFFF04000002
:10D73000000000E2FFFFFFFFFFFFFFFFFFFFFFFF13
:10D74000FFFFFFFFFF040000000000F2FFFFFFFFEC
:10D75000FFFFFFFFFFFFFFFFFFFFFFFFFF040000D2
:10D76000000000B2BBBBBBBBBBBBBBBBBBBBBBBB43
:10D77000BBBBBBBBBB0300000000000000000000FF
:10D780000000000000000000000000000000000099
:10D790000000000000000000000000000000000089
:10D7A0000000000000000000000000000000000079
:10D7B0000000000000000000000000000000000069
:10D7C0000000000000000000000000000000000059
:10D7D0000000000000000000000000000000000049
:10D7E0000000000000000000000000000000000039
:10D7F0000000000000000000000000000000000029
:10D800000000000000000000000000000000000018
:10D810000000000000000000000000000000000008
:10D8200000000000000000000000000000000000F8
:10D8300000000000000000000000000000000000E8
:10D8400000000000000000000000000000000000D8
:10D8500000000000000000000000000000000000C8
:10D8600000000000000000000000000000000000B8
:10D8700000000000000000000000000000000000A8
:10D880000000000000000000000000000000000098
:10D890000000000000000000000000000000000088
:10D8A0000000000000000000000000000000000078
:10D8B0000000000000000000000000000000000068
:10D8C0000000000000000000000000000000000058
:10D8D0000000000000000000000000000000000048
:10D8E0000000000000000000000000000000000038
:10D8F0000000000000000000000000000000000028
:10D900000000000000000000000000000000000017
:10D910000000000000000000000000000000000007
:10D9200000000000000000000000000000000000F7
:10D9300000000000000000000000000000000000E7
:10D9400000000000000000000000000000000000D7
:10D9500000000000000000000000000000000000C7
:10D9600000000000000000000000000000000000B7
:10D9700000000000000000000000000000000000A7
:10D980000000000000000000000000000000000097
:10D990000000101101000000000000000000000065
:10D9A000000000000000000030A7DCEECD7A03008C
:10D9B00000000000000000000000000000000071F6
:10D9C000FCFFFFFFFFFFCF1600000000000000007B
:10D9D00000000000000060FDFFFFFFFFFFFFFFCF22
:10D9E0000400000000000000000000000020FBFF19
:10D9F000FFFFFFFFFFFFFFFF8F00000000000000A0
:10DA00000000000000E5FFFFFFFFFFFFFFFFFFFF3B
:10DA1000FF090000000000000000000070FFFFFF91
:10DA2000FFFFFFFFFFFFFFFFFF8F00000000000070
:10DA300000000000F8FFFFFFFFFFFFFFFFFFFFFFF9
:10DA4000FFFF05000000000000000080FFFFFFFF57
:10DA5000FFFFFFFFFFFFFFFFFFFF1D0000000000B3
:10DA6000000000F7FFFFFFFFFFFFFFFFFFFFFFFFCB
:10DA7000FFFF7F0000000000000020FFFFFFFFFF0E
:10DA8000FFFFFFFFFFFFFFFFFFFFEF0100000000B0
:10DA9000000000FAFFFFFFFFFFFFFFFFFFFFFFFF98
:10DAA000FFFFFF0600000000000000E2FFFFFFFF95
:10DAB000FFEFBCDCFFFFFFFFFFFFFF0B00000000DC
:10DAC00000000080FFFFFFFFBF250010B4FFFFFF35
:10DAD000FFFFFF2E0000000000000010FDFFFFDF31
:10DAE0000500000000F9FFFFFFFFFF5F00000000DE
:10DAF00000000000F5FFFF2B0000000000A0FFFF6A
:10DB0000FFFFFF8F0000000000000000B0FFAF002B
:10DB1000000000000020FEFFFFFFFFBF000000002C
:10DB20000000000030FF0A00000000000000F9FFC4
:10DB3000FFFFFFCF000000000000000000CA00004F
:10DB4000000000000000F4FFFFFFFFDF0100000005
:10DB50000000000000210000000000000000E1FFC4
:10DB6000FFFFFFEF020000000000000000000000C7
:10DB7000000000000000C0FFFFFFFFFF02000000E8
:10DB80000000000000000000000000000000A0FFF6
:10DB9000FFFFFFFF02000000000000000000000087
:10DBA00000000000000090FFFFFFFFFF02000000E8
:10DBB000000000000000000000000000000090FFD6
:10DBC000FFFFFFFF02000000000000000000000057
:10DBD000000000000000A0FFFFFFFFEF01000000B9
:10DBE0000000000000000000000000000000B0FF86
:10DBF000FFFFFFDF01000000000000000000000048
:10DC0000000000000000C0FFFFFFFFCF0000000089
:10DC10000000000000000000000000000000E1FF24
:10DC2000FFFFFFBF00000000000000000000000038
:10DC3000000000000000F3FFFFFFFF8F0000000066
:10DC40000000000000000000000000000000F6FFDF
:10DC5000FFFFFF5F00000000000000000000000068
:10DC6000000000000000FAFFFFFFFF2F000000008F
:10DC70000000000000000000000000000020FEFF87
:10DC8000FFFFFF0C0000000000000000000000008B
:10DC9000000000000070FFFFFFFFFF090000000010
:10DCA00000000000000000000000000000D0FFFFA6
:10DCB000FFFFFF0400000000000000000000000063
:10DCC0000000000000F6FFFFFFFFDF000000000083
:10DCD00000000000000000000000000010FDFFFF39
:10DCE000FFFF7F00000000000000000000000000B7
:10DCF0000000000070FFFFFFFFFF2E00000000008B
:10DD0000000000000000000000000000E1FFFFFF35
:10DD1000FFFF0900000000000000000000000000FC
:10DD200000000000F9FFFFFFFFFF020000000000FD
:10DD3000000000000000000000000040FFFFFFFFA7
:10DD4000FF9F000000000000000000000000000035
:10DD5000000000D1FFFFFFFFFF2E000000000000C9
:10DD60000000000000000000000000F8FFFFFFFFBF
:10DD7000FF0700000000000000000000000000009D
:10DD8000000040FFFFFFFFFFCF0000000000000089
:10DD900000000000000000000000D1FFFFFFFFFFB7
:10DDA0003F00000000000000000000000000000034
:10DDB0000000FAFFFFFFFFFF080000000000000066
:10DDC00000000000000000000060FFFFFFFFFFCF29
:10DDD0000000000000000000000000000000000043
:10DDE00000E2FFFFFFFFFF3E000000000000000018
:10DDF000000000000000000000FCFFFFFFFFFF0626
:10DE00000000000000000000000000000000000012
:10DE100090FFFFFFFFFFAF000000000000000000C8
:10DE20000000000000000000F5FFFFFFFFFF1D00E5
:10DE300000000000000000000000000000000020C2
:10DE4000FEFFFFFFFFFF03000000000000000000D6
:10DE500000000000000000C0FFFFFFFFFF6F000098
:10DE6000000000000000000000000000000000F8BA
:10DE7000FFFFFFFFFF09000000000000000000009E
:10DE800000000000000040FFFFFFFFFFCF00000088
:10DE90000000000000000000000000000000E2FFA1
:10DEA000FFFFFFFF2E000000000000000000000048
:10DEB000000000000000FBFFFFFFFFFF0500000067
:10DEC0000000000000000000000000000070FFFFE4
:10DED000FFFFFF8F000000000000000000000000B6
:10DEE0000000000000F4FFFFFFFFFF0B0000000038
:10DEF00000000000000000000000000010FDFFFF17
:10DF0000FFFFDF0100000000000000000000000033
:10DF100000000000B0FFFFFFFFFF4F000000000007
:10DF2000000000000000000000000000F7FFFFFFFD
:10DF3000FFFF0500000000000000000000000000DE
:10DF400000000030FFFFFFFFFFEF87888888888888
:10DF50008888887878010000000000D1FFFFFFFF6B
:10DF6000FFFFFFFFFFFFFFFFFFFFFFFFFF010000BD
:10DF7000000000FAFFFFFFFFFFFFFFFFFFFFFFFFB3
:10DF8000FFFFFFFFEF010000000010FEFFFFFFFF9B
:10DF9000FFFFFFFFFFFFFFFFFFFFFFFFEF0100009D
:10DFA000000010FEFFFFFFFFFFFFFFFFFFFFFFFF6F
:10DFB000FFFFFFFFEF010000000010FEFFFFFFFF6B
:10DFC000FFFFFFFFFFFFFFFFFFFFFFFFEF0100006D
:10DFD000000010FEFFFFFFFFFFFFFFFFFFFFFFFF3F
:10DFE000FFFFFFFFEF010000000010FEFFFFFFFF3B
:10DFF000FFFFFFFFFFFFFFFFFFFFFFFFEF0100003D
:10E00000000010FEFFFFFFFFFFFFFFFFFFFFFFFF0E
:10E01000FFFFFFFFEF010000000010FEFFFFFFFF0A
:10E02000FFFFFFFFFFFFFFFFFFFFFFFFEF0100000C
:10E03000000010FEFFFFFFFFFFFFFFFFFFFFFFFFDE
:10E04000FFFFFFFFEF010000000010FFFFFFFFFFD9
:10E05000FFFFFFFFFFFFFFFFFFFFFFFFFF010000CC
:10E06000000010BABBBBBBBBBBBBBBBBBBBBBBBB22
:10E07000BBBBBBBBAB010000000000000000000008
:10E080000000000000000000000000000000000090
:10E090000000000000000000000000000000000080
:10E0A0000000000000000000000000000000000070
:10E0B0000000000000000000000000000000000060
:10E0C0000000000000000000000000000000000050
:10E0D0000000000000000000000000000000000040
:10E0E0000000000000000000000000000000000030
:10E0F0000000000000000000000000000000000020
:10E10000000000000000000000000000000000000F
:10E1100000000000000000000000000000000000FF
:10E1200000000000000000000000000000000000EF
:10E1300000000000000000000000000000000000DF
:10E1400000000000000000000000000000000000CF
:10E1500000000000000000000000000000000000BF
:10E1600000000000000000000000000000000000AF
:10E17000000000000000000000000000000000009F
:10E18000000000000000000000000000000000008F
:10E19000000000000000000000000000000000007F
:10E1A000000000000000000000000000000000006F
:10E1B000000000000000000000000000000000005F
:10E1C000000000000000000000000000000000004F
:10E1D000000000000000000000000000000000003F
:10E1E000000000000000000000000000000000002F
:10E1F000000000000000000000000000000000001F
:10E20000000000000000000000000000000000000E
:10E2100000000000000000000000000000000000FE
:10E2200000000000000000000000000000000000EE
:10E2300000000000000000000000000000000000DE
:10E2400000000000000000000000000000000000CE
:10E2500000000000000000000000000000000000BE
:10E2600000000000000000000000000000000000AE
:10E27000000000000000000000000000000000009E
:10E28000000000000000000000000000000000008E
:10E29000001011110000000000000000000000004C
:10E2A0000000000000001074B9DDEEDEBC58010073
:10E2B0000000000000000000000000000062EBFF12
:10E2C000FFFFFFFFFFFFAE040000000000000000A2
:10E2D00000000000A5FEFFFFFFFFFFFFFFFFFFAFF5
:10E2E000020000000000000000000030FFFFFFFF00
:10E2F000FFFFFFFFFFFFFFFF6E00000000000000B8
:10E3000000000030FFFFFFFFFFFFFFFFFFFFFFFFE9
:10E31000FF0700000000000000000030FFFFFFFFCB
:10E32000FFFFFFFFFFFFFFFFFF6F00000000000087
:10E3300000000030FFFFFFFFFFFFFFFFFFFFFFFFB9
:10E34000FFFF03000000000000000030FFFFFFFFA0
:10E35000FFFFFFFFFFFFFFFFFFFF0C0000000000BB
:10E3600000000030FFFFFFFFFFFFFFFFFFFFFFFF89
:10E37000FFFF6F000000000000000030FFFFFFFF04
:10E38000FFFFFFFFFFFFFFFFFFFFCF0000000000C8
:10E3900000000030FFFFFFFFFFFFFFFFFFFFFFFF59
:10E3A000FFFFFF040000000000000030FFFFFFBE81
:10E3B00079454496FDFFFFFFFFFFFF0800000000C6
:10E3C00000000030FFDF48010000000060FEFFFF9A
:10E3D000FFFFFF0B00000000000000309E04000063
:10E3E0000000000000D2FFFFFFFFFF1E0000000042
:10E3F0000000001001000000000000000040FFFFCE
:10E40000FFFFFF3F000000000000000000000000D0
:10E41000000000000000FBFFFFFFFF4F00000000B6
:10E420000000000000000000000000000000F5FFF8
:10E43000FFFFFF5F00000000000000000000000080
:10E44000000000000000F2FFFFFFFF5F000000007F
:10E450000000000000000000000000000000E1FFDC
:10E46000FFFFFF5F00000000000000000000000050
:10E47000000000000000D0FFFFFFFF5F0000000071
:10E480000000000000000000000000000000D0FFBD
:10E49000FFFFFF4F00000000000000000000000030
:10E4A000000000000000E1FFFFFFFF3F0000000050
:10E4B0000000000000000000000000000000F2FF6B
:10E4C000FFFFFF1E00000000000000000000000031
:10E4D000000000000000F4FFFFFFFF0C0000000040
:10E4E0000000000000000000000000000000F8FF35
:10E4F000FFFFFF0900000000000000000000000016
:10E50000000000000010FDFFFFFFFF0500000000FD
:10E510000000000000000000000000000080FFFF7D
:10E52000FFFFEF01000000000000000000000000FD
:10E530000000000000F5FFFFFFFF8F00000000005B
:10E5400000000000000000000000000070FFFFFF5E
:10E55000FFFF2E000000000000000000000000008F
:10E5600000000051FCFFFFFFFFFF0600000000005D
:10E5700000000000000082888888C9FEFFFFFFFFBE
:10E58000FFAF000000000000000000000000F3FFEB
:10E59000FFFFFFFFFFFFFFFFFF1B00000000000069
:10E5A000000000000000F3FFFFFFFFFFFFFFFFFF81
:10E5B000BF01000000000000000000000000F3FFA9
:10E5C000FFFFFFFFFFFFFFEF07000000000000005C
:10E5D000000000000000F3FFFFFFFFFFFFFFFF9FB1
:10E5E0000100000000000000000000000000F3FF38
:10E5F000FFFFFFFFFFFFFFFFBF0400000000000060
:10E60000000000000000F3FFFFFFFFFFFFFFFFFF20
:10E61000FFAF010000000000000000000000F3FF59
:10E62000FFFFFFFFFFFFFFFFFFFF3D0000000000B7
:10E63000000000000000F3FFFFFFFFFFFFFFFFFFF0
:10E64000FFFFEF0200000000000000000000F3FFE9
:10E65000FFFFFFFFFFFFFFFFFFFFFF1C00000000A9
:10E66000000000000000B2BBBBBBDCFEFFFFFFFFF1
:10E67000FFFFFF8F0000000000000000000000000E
:10E6800000000041C7FFFFFFFFFFFFFF0200000087
:10E6900000000000000000000000000000C4FFFFB8
:10E6A000FFFFFFFF09000000000000000000000065
:10E6B000000000000000F8FFFFFFFFFF1E00000049
:10E6C000000000000000000000000000000080FFCB
:10E6D000FFFFFFFF5F0000000000000000000000DF
:10E6E00000000000000000FBFFFFFFFF9F00000094
:10E6F000000000000000000000000000000000F327
:10E70000FFFFFFFFCF00000000000000000000003E
:10E7100000000000000000C0FFFFFFFFEF0100004D
:10E720000000000000000000000000000000008069
:10E73000FFFFFFFFFF0200000000000000000000DC
:10E740000000000000000060FFFFFFFFFF0300006B
:10E750000000000000000000000000000000005069
:10E76000FFFFFFFFFF0300000000000000000000AB
:10E770000000000000000050FFFFFFFFFF0300004B
:10E780000000000000000000000000000000005039
:10E79000FFFFFFFFFF03000000000000000000007B
:10E7A0000000000000000070FFFFFFFFFF020000FC
:10E7B000000000000000000000000000000000A0B9
:10E7C000FFFFFFFFEF01000000000000000000005D
:10E7D00000000000000000D0FFFFFFFFDF0000008E
:10E7E000000000000000000000000000000000F435
:10E7F000FFFFFFFFAF00000000000000000000006E
:10E8000000000000000000FBFFFFFFFF8F00000082
:10E81000000000000000000000000000000070FF89
:10E82000FFFFFFFF4F00000000000000000000009D
:10E83000000000000000F6FFFFFFFFFF1E000000C9
:10E840000000000000000000000000000092FFFF38
:10E85000FFFFFFFF0A000000000000B8581300008F
:10E860000000001094FEFFFFFFFFFFFF0400000008
:10E87000000000F9FFEFBD9A8888A8EBFFFFFFFFBB
:10E88000FFFFFFCF00000000000000F9FFFFFFFFC7
:10E89000FFFFFFFFFFFFFFFFFFFFFF5F0000000024
:10E8A000000000F9FFFFFFFFFFFFFFFFFFFFFFFF7B
:10E8B000FFFFFF0B00000000000000F9FFFFFFFF5B
:10E8C000FFFFFFFFFFFFFFFFFFFFEF020000000061
:10E8D000000000F9FFFFFFFFFFFFFFFFFFFFFFFF4B
:10E8E000FFFF4F0000000000000000F9FFFFFFFFE6
:10E8F000FFFFFFFFFFFFFFFFFFFF0500000000001D
:10E90000000000F9FFFFFFFFFFFFFFFFFFFFFFFF1A
:10E91000FF4E000000000000000000F9FFFFFFFFB5
:10E92000FFFFFFFFFFFFFFFFBF020000000000002E
:10E93000000000F9FFFFFFFFFFFFFFFFFFFFFFDF0A
:10E940000600000000000000000000FAFFFFFFFFCB
:10E95000FFFFFFFFFFFFCF160000000000000000D8
:10E96000000000B5FDFFFFFFFFFFFFFFEF8B03007F
:10E97000000000000000000000000000215487A9F2
:10E98000BBBB9A571300000000000000000000000D
:10E990000000000000000000000000000000000077
:10E9A0000000000000000000000000000000000067
:10E9B0000000000000000000000000000000000057
:10E9C0000000000000000000000000000000000047
:10E9D0000000000000000000000000000000000037
:10E9E0000000000000000000000000000000000027
:10E9F0000000000000000000000000000000000017
:10EA00000000000000000000000000000000000006
:10EA100000000000000000000000000000000000F6
:10EA200000000000000000000000000000000000E6
:10EA300000000000000000000000000000000000D6
:10EA400000000000000000000000000000000000C6
:10EA500000000000000000000000000000000000B6
:10EA600000000000000000000000000000000000A6
:10EA70000000000000000000000000000000000096
:10EA80000000000000000000000000000000000086
:10EA90000000000000000000000000000000000076
:10EAA0000000000000000000000000000000000066
:10EAB0000000000000000000000000000000000056
:10EAC0000000000000000000000000000000000046
:10EAD0000000000000000000000000000000000036
:10EAE0000000000000000000000000000000000026
:10EAF0000000000000000000000000000000000016
:10EB00000000000000000000000000000000000005
:10EB100000000000000000000000000000000000F5
:10EB200000000000000000000000000000000000E5
:10EB300000000000000000000000000000000000D5
:10EB400000000000000000000000000000000000C5
:10EB500000000000000000000000000000000000B5
:10EB600000000000000000000000000000000000A5
:10EB70000000000000000000000000000000000095
:10EB80000000000000000000000000000000000085
:10EB90000000000000000000000000000000000075
:10EBA0000000000000000000000000000000000065
:10EBB0000000000000000000000000000000000055
:10EBC000000000B2BBBBBBBBBBBB08000000000029
:10EBD0000000000000000000000000F8FFFFFFFF41
:10EBE000FFFF0B000000000000000000000000001C
:10EBF000000010FEFFFFFFFFFFFF0A000000000003
:10EC00000000000000000000000060FFFFFFFFFFA9
:10EC1000FFFF0B00000000000000000000000000EB
:10EC20000000D0FFFFFFFFFFFFFF0B000000000010
:10EC300000000000000000000000F5FFFFFFFFFFE4
:10EC4000FFFF0B00000000000000000000000000BB
:10EC50000000FCFFFFFFFFFFFFFF0B0000000000B4
:10EC600000000000000000000040FFFFFFFFFFFF6A
:10EC7000FFFF0B000000000000000000000000008B
:10EC800000A0FFFFFFFFFFFFFFFF0B0000000000E1
:10EC9000000000000000000000F3FFFFFFFFFFFF87
:10ECA000FFFF0B000000000000000000000000005B
:10ECB00000F9FFFFFFFFFFFFFFFF0B000000000058
:10ECC000000000000000000020FEFFFFFFFFFFFF2C
:10ECD000FFFF0B000000000000000000000000002B
:10ECE00080FFFFFFFFFFFFFFFFFF0B0000000000A2
:10ECF0000000000000000000E1FFFFFFFFDEFFFF5B
:10ED0000FFFF0B00000000000000000000000000FA
:10ED1000F6FFFFFFFFB8FFFFFFFF0B000000000042
:10ED20000000000000000000FDFFFFFFEFC2FFFF3A
:10ED3000FFFF0B000000000000000000000000507A
:10ED4000FFFFFFFF9FC0FFFFFFFF0B000000000061
:10ED500000000000000000C0FFFFFFFF2FC0FFFF0A
:10ED6000FFFF0B000000000000000000000000F4A6
:10ED7000FFFFFFFF0AC0FFFFFFFF0B0000000000C6
:10ED800000000000000000FAFFFFFFFF03C0FFFFCC
:10ED9000FFFF0B000000000000000000000030FF3B
:10EDA000FFFFFFBF00C0FFFFFFFF0B0000000000E0
:10EDB00000000000000090FFFFFFFF4F00C0FFFFBA
:10EDC000FFFF0B0000000000000000000000E2FF59
:10EDD000FFFFFF0C00C0FFFFFFFF0B000000000063
:10EDE000000000000000F8FFFFFFFF0500C0FFFF6C
:10EDF000FFFF0B0000000000000000000010FEFFFD
:10EE0000FFFFDF0000C0FFFFFFFF0B00000000005E
:10EE1000000000000060FFFFFFFF6F0000C0FFFF69
:10EE2000FFFF0B00000000000000000000D0FFFF0B
:10EE3000FFFF1D0000C0FFFFFFFF0B0000000000F0
:10EE40000000000000F5FFFFFFFF070000C0FFFF0C
:10EE5000FFFF0B00000000000000000000FCFFFFAF
:10EE6000FFEF010000C0FFFFFFFF0B0000000000EC
:10EE70000000000040FFFFFFFF8F000000C0FFFF09
:10EE8000FFFF0B000000000000000000B0FFFFFFCC
:10EE9000FF2E000000C0FFFFFFFF0B00000000007E
:10EEA00000000000F3FFFFFFFF09000000C0FFFFAC
:10EEB000FFFF0B000000000000000000F9FFFFFF53
:10EEC000FF02000000C0FFFFFFFF0B00000000007A
:10EED00000000020FEFFFFFFAF00000000C0FFFFAA
:10EEE000FFFF0B000000000000000080FFFFFFFF9D
:10EEF0003F00000000C0FFFFFFFF0B00000000000C
:10EF0000000000E1FFFFFFFF0B00000000C0FFFF5B
:10EF1000FFFF0B0000000000000000F6FFFFFFFFF6
:10EF20000400000000C0FFFFFFFF0B000000000016
:10EF3000000000FDFFFFFFCF0000000000C0FFFF4A
:10EF4000FFFF0B0000000000000050FFFFFFFF5F0D
:10EF50000000000000C0FFFFFFFF0B0000000000EA
:10EF60000000C0FFFFFFFF0C0000000000C0FFFF1B
:10EF7000FFFF0B00000000000000F4FFFFFFFF0692
:10EF80000000000000C0FFFFFFFF0B0000000000BA
:10EF90000000FBFFFFFFDF010000000000C0FFFFDB
:10EFA000FFFF0B00000000000030FFFFFFFF7F00AD
:10EFB0000000000000C0FFFFFFFF0B00000000008A
:10EFC0000090FFFFFFFF1E000000000000C0FFFFD9
:10EFD000FFFF0B000000000000E2FFFFFFFF070043
:10EFE0000000000000C0FFFFFFFF0A00000000005B
:10EFF00000F8FFFFFFFF89888888888888E8FFFF7E
:10F00000FFFF8D888887060000FAFFFFFFFFFFFFE4
:10F01000FFFFFFFFFFFFFFFFFFFFFFFFFFFF0C00F2
:10F0200000FAFFFFFFFFFFFFFFFFFFFFFFFFFFFFF4
:10F03000FFFFFFFFFFFF0B0000FAFFFFFFFFFFFFD7
:10F04000FFFFFFFFFFFFFFFFFFFFFFFFFFFF0B00C3
:10F0500000FAFFFFFFFFFFFFFFFFFFFFFFFFFFFFC4
:10F06000FFFFFFFFFFFF0B0000FAFFFFFFFFFFFFA7
:10F07000FFFFFFFFFFFFFFFFFFFFFFFFFFFF0B0093
:10F0800000FAFFFFFFFFFFFFFFFFFFFFFFFFFFFF94
:10F09000FFFFFFFFFFFF0B0000FAFFFFFFFFFFFF77
:10F0A000FFFFFFFFFFFFFFFFFFFFFFFFFFFF0B0063
:10F0B00000FAFFFFFFFFFFFFFFFFFFFFFFFFFFFF64
:10F0C000FFFFFFFFFFFF0B0000FAFFFFFFFFFFFF47
:10F0D000FFFFFFFFFFFFFFFFFFFFFFFFFFFF0B0033
:10F0E00000FAFFFFFFFFFFFFFFFFFFFFFFFFFFFF34
:10F0F000FFFFFFFFFFFF0B0000FAFFFFFFFFFFFF17
:10F10000FFFFFFFFFFFFFFFFFFFFFFFFFFFF0C0001
:10F1100000434444444444444444444444E5FFFFDD
:10F12000FFFF4C44444403000000000000000000C6
:10F130000000000000E0FFFFFFFF0A0000000000E9
:10F1400000000000000000000000000000E1FFFFE0
:10F15000FFFF0B00000000000000000000000000A6
:10F160000000000000E1FFFFFFFF0B0000000000B7
:10F1700000000000000000000000000000E1FFFFB0
:10F18000FFFF0B0000000000000000000000000076
:10F190000000000000E1FFFFFFFF0B000000000087
:10F1A00000000000000000000000000000E1FFFF80
:10F1B000FFFF0B0000000000000000000000000046
:10F1C0000000000000E1FFFFFFFF0B000000000057
:10F1D00000000000000000000000000000E1FFFF50
:10F1E000FFFF0B0000000000000000000000000016
:10F1F0000000000000E1FFFFFFFF0B000000000027
:10F2000000000000000000000000000000E1FFFF1F
:10F21000FFFF0B00000000000000000000000000E5
:10F220000000000000E1FFFFFFFF0B0000000000F6
:10F2300000000000000000000000000000D1FFFFFF
:10F24000FFFF0A00000000000000000000000000B6
:10F250000000000000E1FFFFFFFF0B0000000000C6
:10F2600000000000000000000000000000A1BBBB87
:10F27000BBBB080000000000000000000000000010
:10F28000000000000000000000000000000000007E
:10F29000000000000000000000000000000000006E
:10F2A000000000000000000000000000000000005E
:10F2B000000000000000000000000000000000004E
:10F2C000000000000000000000000000000000003E
:10F2D000000000000000000000000000000000002E
:10F2E000000000000000000000000000000000001E
:10F2F000000000000000000000000000000000000E
:10F3000000000000000000000000000000000000FD
:10F3100000000000000000000000000000000000ED
:10F3200000000000000000000000000000000000DD
:10F3300000000000000000000000000000000000CD
:10F3400000000000000000000000000000000000BD
:10F3500000000000000000000000000000000000AD
:10F36000000000000000000000000000000000009D
:10F37000000000000000000000000000000000008D
:10F38000000000000000000000000000000000007D
:10F39000000000000000000000000000000000006D
:10F3A000000000000000000000000000000000005D
:10F3B000000000000000000000000000000000004D
:10F3C000000000000000000000000000000000003D
:10F3D000000000000000000000000000000000002D
:10F3E000000000000000000000000000000000001D
:10F3F000000000000000000000000000000000000D
:10F4000000000000000000000000000000000000FC
:10F4100000000000000000000000000000000000EC
:10F4200000000000000000000000000000000000DC
:10F4300000000000000000000000000000000000CC
:10F4400000000000000000000000000000000000BC
:10F4500000000000000000000000000000000000AC
:10F46000000000000000000000000000000000009C
:10F47000000000000000000000000000000000008C
:10F48000000000000000000000000000000000007C
:10F49000000000000000000000000000000000006C
:10F4A000000000000000000000000000000000005C
:10F4B000000000000000000000000000BABBBBBB61
:10F4C000BBBBBBBBBBBBBBBBBBBBBB08000000002B
:10F4D00000000010FEFFFFFFFFFFFFFFFFFFFFFF29
:10F4E000FFFFFF0B0000000000000010FDFFFFFF0A
:10F4F000FFFFFFFFFFFFFFFFFFFFFF0A000000000D
:10F5000000000010FDFFFFFFFFFFFFFFFFFFFFFFF9
:10F51000FFFFFF0A0000000000000010FDFFFFFFDA
:10F52000FFFFFFFFFFFFFFFFFFFFFF0A00000000DC
:10F5300000000010FDFFFFFFFFFFFFFFFFFFFFFFC9
:10F54000FFFFFF0A0000000000000010FDFFFFFFAA
:10F55000FFFFFFFFFFFFFFFFFFFFFF0A00000000AC
:10F5600000000010FDFFFFFFFFFFFFFFFFFFFFFF99
:10F57000FFFFFF0A0000000000000010FDFFFFFF7A
:10F58000FFFFFFFFFFFFFFFFFFFFFF0A000000007C
:10F5900000000010FDFFFFFFFFFFFFFFFFFFFFFF69
:10F5A000FFFFFF0A0000000000000010FDFFFFFF4A
:10F5B000FFFFFFFFFFFFFFFFFFFFFF0A000000004C
:10F5C00000000010FDFFFFFFFFFFFFFFFFFFFFFF39
:10F5D000FFFFFF0B0000000000000010FDFFFFFF19
:10F5E000CFBBBBBBBBBBBBBBBBBBBB0800000000F6
:10F5F00000000010FDFFFFFF4F00000000000000B2
:10F60000000000000000000000000010FDFFFFFFF0
:10F610005F0000000000000000000000000000008B
:10F6200000000010FDFFFFFF5F0000000000000071
:10F63000000000000000000000000010FDFFFFFFC0
:10F640005F0000000000000000000000000000005B
:10F6500000000010FDFFFFFF5F0000000000000041
:10F66000000000000000000000000010FDFFFFFF90
:10F670005F0000000000000000000000000000002B
:10F6800000000010FDFFFFFF5F0000000000000011
:10F69000000000000000000000000010FDFFFFFF60
:10F6A0005F000000000000000000000000000000FB
:10F6B00000000010FDFFFFFF5F00000000000000E1
:10F6C000000000000000000000000010FDFFFFFF30
:10F6D0005F000000000000000000000000000000CB
:10F6E00000000010FDFFFFFF5F00000000000000B1
:10F6F000000000000000000000000010FDFFFFFF00
:10F700005F0000000000000000000000000000009A
:10F7100000000010FDFFFFFF5F0000000000000080
:10F72000000000000000000000000010FDFFFFFFCF
:10F730004F0000000000000000000000000000007A
:10F7400000000010FDFFFFFFCFBBBBAB7824000023
:10F75000000000000000000000000010FDFFFFFF9F
:10F76000FFFFFFFFFFFF9C040000000000000000FF
:10F7700000000010FDFFFFFFFFFFFFFFFFFFFFCFB7
:10F78000050000000000000000000010FDFFFFFF6A
:10F79000FFFFFFFFFFFFFFFFBF02000000000000B0
:10F7A00000000010FDFFFFFFFFFFFFFFFFFFFFFF57
:10F7B000FF5E00000000000000000010FDFFFFFFE2
:10F7C000FFFFFFFFFFFFFFFFFFFF0500000000003E
:10F7D00000000010FDFFFFFFFFFFFFFFFFFFFFFF27
:10F7E000FFFF3F000000000000000010FDFFFFFFD2
:10F7F000FFFFFFFFFFFFFFFFFFFFDF010000000033
:10F8000000000010FDFFFFFFFFFFFFFFFFFFFFFFF6
:10F81000FFFFFF090000000000000010FDFFFFFFD8
:10F82000FFFFFFFFFFFFFFFFFFFFFF2F00000000B4
:10F8300000000010FEFFFFFFFFFFFFFFFFFFFFFFC5
:10F84000FFFFFF9F0000000000000000434444440D
:10F85000444465C9FEFFFFFFFFFFFFEF010000000A
:10F8600000000000000000000000000072FDFFFF2B
:10F87000FFFFFFFF06000000000000000000000086
:10F88000000000000091FFFFFFFFFFFF0A000000E3
:10F890000000000000000000000000000000F8FF71
:10F8A000FFFFFFFF0D00000000000000000000004F
:10F8B000000000000000B0FFFFFFFFFF2F0000006E
:10F8C000000000000000000000000000000030FF09
:10F8D000FFFFFFFF4F0000000000000000000000DD
:10F8E00000000000000000FBFFFFFFFF6F000000B2
:10F8F000000000000000000000000000000000F711
:10F90000FFFFFFFF7F00000000000000000000007C
:10F9100000000000000000F4FFFFFFFF8F00000068
:10F92000000000000000000000000000000000F2E5
:10F93000FFFFFFFF9F00000000000000000000002C
:10F9400000000000000000E1FFFFFFFF9F0000003B
:10F95000000000000000000000000000000000E1C6
:10F96000FFFFFFFF9F0000000000000000000000FC
:10F9700000000000000000E1FFFFFFFF9F0000000B
:10F98000000000000000000000000000000000F285
:10F99000FFFFFFFF8F0000000000000000000000DC
:10F9A00000000000000000F4FFFFFFFF6F000000F8
:10F9B000000000000000000000000000000000F750
:10F9C000FFFFFFFF4F0000000000000000000000EC
:10F9D00000000000000000FBFFFFFFFF2F00000001
:10F9E000000000000000000000000000000030FFE8
:10F9F000FFFFFFFF0D0000000000000000000000FE
:10FA0000000000000000A0FFFFFFFFFF0A00000051
:10FA10000000000000000000000000000000F6FFF1
:10FA2000FFFFFFFF050000000000000000000000D5
:10FA3000000000000060FFFFFFFFFFEF010000007B
:10FA400000000020000000000000000010F9FFFF8F
:10FA5000FFFFFF9F00000000000000D18C35010077
:10FA600000000030D8FFFFFFFFFFFF3F0000000055
:10FA7000000000D1FFFFCE9B8888B9FDFFFFFFFF8C
:10FA8000FFFFFF0A00000000000000D1FFFFFFFFA2
:10FA9000FFFFFFFFFFFFFFFFFFFFEF02000000007F
:10FAA000000000D1FFFFFFFFFFFFFFFFFFFFFFFF91
:10FAB000FFFF6F0000000000000000D1FFFFFFFF0C
:10FAC000FFFFFFFFFFFFFFFFFFFF0A000000000036
:10FAD000000000D1FFFFFFFFFFFFFFFFFFFFFFFF61
:10FAE000FFCF010000000000000000D1FFFFFFFF7A
:10FAF000FFFFFFFFFFFFFFFFFF1C000000000000F3
:10FB0000000000D1FFFFFFFFFFFFFFFFFFFFFFFF30
:10FB1000AF01000000000000000000D1FFFFFFFF68
:10FB2000FFFFFFFFFFFFFFFF0700000000000000D6
:10FB3000000000D1FFFFFFFFFFFFFFFFFFFFFF3BC4
:10FB40000000000000000000000000E1FFFFFFFFD8
:10FB5000FFFFFFFFFFFF4B00000000000000000060
:10FB600000000080ECFFFFFFFFFFFFFFBE2700004B
:10FB7000000000000000000000000000104276A815
:10FB8000BBBB8A460100000000000000000000002E
:10FB90000000000000000000000000000000000065
:10FBA0000000000000000000000000000000000055
:10FBB0000000000000000000000000000000000045
:10FBC0000000000000000000000000000000000035
:10FBD0000000000000000000000000000000000025
:10FBE0000000000000000000000000000000000015
:10FBF0000000000000000000000000000000000005
:10FC000000000000000000000000000000000000F4
:10FC100000000000000000000000000000000000E4
:10FC200000000000000000000000000000000000D4
:10FC300000000000000000000000000000000000C4
:10FC400000000000000000000000000000000000B4
:10FC500000000000000000000000000000000000A4
:10FC60000000000000000000000000000000000094
:10FC70000000000000000000000000000000000084
:10FC80000000000000000000000000000000000074
:10FC90000000000000000000000000000000000064
:10FCA0000000000000000000000000000000000054
:10FCB0000000000000000000000000000000000044
:10FCC0000000000000000000000000000000000034
:10FCD0000000000000000000000000000000000024
:10FCE0000000000000000000000000000000000014
:10FCF0000000000000000000000000000000000004
:10FD000000000000000000000000000000000000F3
:10FD100000000000000000000000000000000000E3
:10FD200000000000000000000000000000000000D3
:10FD300000000000000000000000000000000000C3
:10FD400000000000000000000000000000000000B3
:10FD500000000000000000000000000000000000A3
:10FD60000000000000000000000000000000000093
:10FD70000000000000000000000000000000000083
:10FD80000000000000000000000000000000000073
:10FD90000000000000000000000000000000000063
:10FDA0000000000000000000000000000000000053
:10FDB0000000000000000000000000000000000043
:10FDC00000000000106498BABBBBBB1A0000000022
:10FDD000000000000000000000000083ECFFFFFFB7
:10FDE000FFFFFF1E000000000000000000000000F8
:10FDF0000010C6FFFFFFFFFFFFFFFF1D0000000018
:10FE0000000000000000000000D6FFFFFFFFFFFF22
:10FE1000FFFFFF1D000000000000000000000000C8
:10FE2000B3FFFFFFFFFFFFFFFFFFFF1D000000000C
:10FE30000000000000000050FEFFFFFFFFFFFFFF7B
:10FE4000FFFFFF1D0000000000000000000000F7A1
:10FE5000FFFFFFFFFFFFFFFFFFFFFF1D0000000090
:10FE600000000000000070FFFFFFFFFFFFFFFFFF2B
:10FE7000FFFFFF1D00000000000000000000F6FF73
:10FE8000FFFFFFFFFFFFFFFFFFFFFF1D0000000060
:10FE9000000000000030FFFFFFFFFFFFFFFFFFFF3C
:10FEA000FFFFFF1D000000000000000000C0FFFF7A
:10FEB000FFFFFFFFFFFFFFFFFFFFFF1E000000002F
:10FEC0000000000000F7FFFFFFFFFFFFFFDF9B8840
:10FED00088888707000000000000000020FEFFFF68
:10FEE000FFFFFFFF6B0200000000000000000000A9
:10FEF0000000000080FFFFFFFFFFFF3B000000004D
:10FF0000000000000000000000000000E1FFFFFF13
:10FF1000FFFF7F0000000000000000000000000064
:10FF200000000000F7FFFFFFFFFF050000000000DA
:10FF3000000000000000000000000000FCFFFFFFC8
:10FF4000FF7F000000000000000000000000000033
:10FF500000000030FFFFFFFFFF0B0000000000006B
:10FF6000000000000000000000000080FFFFFFFF15
:10FF7000FF0300000000000000000000000000007F
:10FF8000000000C0FFFFFFFFAF0000000000000006
:10FF90000000000000000000000000F2FFFFFFFF73
:10FFA0004F00000000000000000000000000000002
:10FFB000000000F5FFFFFFFF1D0000000000000033
:10FFC0000000000000000000000000F9FFFFFFFF3C
:10FFD0000A00000000000000000000000000000017
:10FFE000000000FCFFFFFFFF070000000000000012
:10FFF0000000000000000000000010FEFFFFFFFFF7
:020000040804EE
:1000000004000000000000000000000000000000EC
:10001000000030FFFFFFFFEF0200000000000000C3
:100020000000000000000000000050FFFFFFFFDFA5
:1000300000000000000000000000000000000000C0
:10004000000070FFFFFFFFCF00003096BAAB7914BD
:100050000000000000000000000090FFFFFFFFAF65
:100060000094FDFFFFFFFFEF5A00000000000000BA
:100070000000A0FFFFFFFF9FB4FFFFFFFFFFFFFF98
:10008000FF3B0000000000000000C0FFFFFFFFEF8B
:10009000FFFFFFFFFFFFFFFFFFFF07000000000063
:1000A0000000D0FFFFFFFFFFFFFFFFFFFFFFFFFF8D
:1000B000FFFF9F00000000000000E1FFFFFFFFFFC7
:1000C000FFFFFFFFFFFFFFFFFFFFFF080000000033
:1000D0000000E1FFFFFFFFFFFFFFFFFFFFFFFFFF4C
:1000E000FFFFFF5F000000000000F2FFFFFFFFFFC7
:1000F000FFFFFFFFFFFFFFFFFFFFFFEF010000001B
:100100000000F3FFFFFFFFFFFFFFFFFFFFFFFFFF09
:10011000FFFFFFFF080000000000F3FFFFFFFFFFED
:10012000FFFFFFFFFFFFFFFFFFFFFFFF2E000000AD
:100130000000F3FFFFFFFFFFFFFFFFFFFFFFFFFFD9
:10014000FFFFFFFF7F0000000000F4FFFFFFFFFF45
:10015000FFFFAE5754B7FFFFFFFFFFFFCF000000C8
:100160000000F4FFFFFFFFFFFF6C01000000C3FF72
:10017000FFFFFFFFFF0300000000F4FFFFFFFFFF92
:100180005D000000000000FBFFFFFFFFFF06000016
:100190000000F4FFFFFFFFAF01000000000000D1EE
:1001A000FFFFFFFFFF0A00000000F4FFFFFFFF4F0B
:1001B0000000000000000050FFFFFFFFFF0C0000E8
:1001C0000000F4FFFFFFFF5F0000000000000000E0
:1001D000FDFFFFFFFF1E00000000F3FFFFFFFF5FBA
:1001E0000000000000000000F9FFFFFFFF2F0000EB
:1001F0000000F3FFFFFFFF5F0000000000000000B1
:10020000F5FFFFFFFF4F00000000F3FFFFFFFF6F50
:100210000000000000000000F3FFFFFFFF4F0000A0
:100220000000E2FFFFFFFF7F000000000000000071
:10023000E2FFFFFFFF5F00000000E1FFFFFFFF8F15
:100240000000000000000000E1FFFFFFFF6F000062
:100250000000D0FFFFFFFFAF000000000000000023
:10026000E1FFFFFFFF6F00000000B0FFFFFFFFBFD7
:100270000000000000000000E1FFFFFFFF5F000042
:100280000000A0FFFFFFFFDF0100000000000000F2
:10029000E1FFFFFFFF4F0000000080FFFFFFFFFFB7
:1002A0000200000000000000F3FFFFFFFF3F00001E
:1002B000000050FFFFFFFFFF0500000000000000EE
:1002C000F5FFFFFFFF2F0000000030FFFFFFFFFFE3
:1002D0000900000000000000F8FFFFFFFF1E000003
:1002E000000010FEFFFFFFFF0D00000000000000F7
:1002F000FCFFFFFFFF0C0000000000FBFFFFFFFF03
:100300004F00000000000040FFFFFFFFFF0900005A
:10031000000000F8FFFFFFFFBF000000000000B07A
:10032000FFFFFFFFFF050000000000F4FFFFFFFFDD
:10033000FF050000000000F6FFFFFFFFEF020000D6
:10034000000000D1FFFFFFFFFF3E0000000040FF64
:10035000FFFFFFFFBF00000000000080FFFFFFFF66
:10036000FFEF05000000F7FFFFFFFFFF5F00000049
:1003700000000030FFFFFFFFFFFFCF5754D8FFFF03
:10038000FFFFFFFF1D00000000000000FBFFFFFF5C
:10039000FFFFFFFFFFFFFFFFFFFFFFFF0600000063
:1003A00000000000F4FFFFFFFFFFFFFFFFFFFFFF64
:1003B000FFFFFFDF0100000000000000B0FFFFFFB3
:1003C000FFFFFFFFFFFFFFFFFFFFFF4F00000000E9
:1003D0000000000020FEFFFFFFFFFFFFFFFFFFFF09
:1003E000FFFFFF09000000000000000000F6FFFF13
:1003F000FFFFFFFFFFFFFFFFFFFFCF010000000037
:10040000000000000090FFFFFFFFFFFFFFFFFFFF66
:10041000FFFF1D0000000000000000000000FAFFC8
:10042000FFFFFFFFFFFFFFFFFFCF02000000000004
:1004300000000000000080FFFFFFFFFFFFFFFFFF45
:10044000FF1900000000000000000000000000D5BF
:10045000FFFFFFFFFFFFFFFF5D0000000000000047
:100460000000000000000010D7FFFFFFFFFFFF6C3F
:10047000010000000000000000000000000000007B
:100480000084CBEDDEAC370000000000000000006F
:10049000000000000000000000000011110000003A
:1004A000000000000000000000000000000000004C
:1004B000000000000000000000000000000000003C
:1004C000000000000000000000000000000000002C
:1004D000000000000000000000000000000000001C
:1004E000000000000000000000000000000000000C
:1004F00000000000000000000000000000000000FC
:1005000000000000000000000000000000000000EB
:1005100000000000000000000000000000000000DB
:1005200000000000000000000000000000000000CB
:1005300000000000000000000000000000000000BB
:1005400000000000000000000000000000000000AB
:10055000000000000000000000000000000000009B
:10056000000000000000000000000000000000008B
:10057000000000000000000000000000000000007B
:10058000000000000000000000000000000000006B
:10059000000000000000000000000000000000005B
:1005A000000000000000000000000000000000004B
:1005B000000000000000000000000000000000003B
:1005C000000000000000000000000000000000002B
:1005D000000000000000000000000000000000001B
:1005E000000000000000000000000000000000000B
:1005F00000000000000000000000000000000000FB
:1006000000000000000000000000000000000000EA
:1006100000000000000000000000000000000000DA
:1006200000000000000000000000000000000000CA
:1006300000000000000000000000000000000000BA
:1006400000000000000000000000000000000000AA
:10065000000000000000000000000000000000009A
:10066000000000000000000000000000000000008A
:10067000000000000000000000000000000000007A
:10068000000000000000000000000000000000006A
:10069000000000000000000000000000000000005A
:1006A000000000000000000000000000000000004A
:1006B00000000000000000000000A1BBBBBBBBBBF2
:1006C000BBBBBBBBBBBBBBBBBBBBBBBBAB010000BA
:1006D0000000E1FFFFFFFFFFFFFFFFFFFFFFFFFF46
:1006E000FFFFFFFFEF0100000000D1FFFFFFFFFF52
:1006F000FFFFFFFFFFFFFFFFFFFFFFFFDF01000026
:100700000000D1FFFFFFFFFFFFFFFFFFFFFFFFFF25
:10071000FFFFFFFFDF0100000000D1FFFFFFFFFF31
:10072000FFFFFFFFFFFFFFFFFFFFFFFFDF010000F5
:100730000000D1FFFFFFFFFFFFFFFFFFFFFFFFFFF5
:10074000FFFFFFFFDF0100000000D1FFFFFFFFFF01
:10075000FFFFFFFFFFFFFFFFFFFFFFFFDF010000C5
:100760000000D1FFFFFFFFFFFFFFFFFFFFFFFFFFC5
:10077000FFFFFFFFDF0100000000D1FFFFFFFFFFD1
:10078000FFFFFFFFFFFFFFFFFFFFFFFFDF01000095
:100790000000D1FFFFFFFFFFFFFFFFFFFFFFFFFF95
:1007A000FFFFFFFFDF0100000000D1FFFFFFFFFFA1
:1007B000FFFFFFFFFFFFFFFFFFFFFFFFDF01000065
:1007C0000000D1FFFFFFFFFFFFFFFFFFFFFFFFFF65
:1007D000FFFFFFFFEF0100000000E1FFFFFFFFFF51
:1007E000FFFFFFFFFFFFFFFFFFFFFFFFBF00000056
:1007F000000030444444444444444444444444FA9F
:10080000FFFFFFFF6F00000000000000000000007D
:1008100000000000000000FDFFFFFFFF2E000000B1
:10082000000000000000000000000000000050FF79
:10083000FFFFFFFF0A0000000000000000000000B2
:10084000000000000000A0FFFFFFFFFF0500000008
:100850000000000000000000000000000000E1FFB8
:10086000FFFFFFEF0100000000000000000000009B
:10087000000000000000F6FFFFFFFF9F00000000E7
:100880000000000000000000000000000000FBFF6E
:10089000FFFFFF4F0000000000000000000000000C
:1008A000000000000020FEFFFFFFFF1D0000000011
:1008B0000000000000000000000000000070FFFFCA
:1008C000FFFFFF0800000000000000000000000023
:1008D0000000000000C0FFFFFFFFFF03000000005A
:1008E00000000000000000000000000000F3FFFF17
:1008F000FFFFCF000000000000000000000000002B
:100900000000000000F8FFFFFFFF7F000000000074
:1009100000000000000000000000000000FDFFFFDC
:10092000FFFF2F000000000000000000000000009A
:100930000000000040FFFFFFFFFF0B000000000071
:1009400000000000000000000000000090FFFFFF1A
:10095000FFFF060000000000000000000000000093
:1009600000000000E1FFFFFFFFEF020000000000B9
:10097000000000000000000000000000F5FFFFFF85
:10098000FFAF0000000000000000000000000000B9
:1009900000000000FAFFFFFFFF5F00000000000002
:1009A000000000000000000000000020FEFFFFFF2C
:1009B000FF1E00000000000000000000000000001A
:1009C00000000060FFFFFFFFFF09000000000000C3
:1009D0000000000000000000000000C0FFFFFFFF5B
:1009E000FF04000000000000000000000000000004
:1009F000000000F3FFFFFFFFDF0100000000000028
:100A00000000000000000000000000F8FFFFFFFFF2
:100A10008F00000000000000000000000000000047
:100A2000000000FDFFFFFFFF3F000000000000008E
:100A30000000000000000000000040FFFFFFFFFF7B
:100A40000C0000000000000000000000000000009A
:100A5000000090FFFFFFFFFF070000000000000004
:100A600000000000000000000000D1FFFFFFFFFFBA
:100A70000200000000000000000000000000000074
:100A80000000F5FFFFFFFFBF0000000000000000B6
:100A900000000000000000000000FAFFFFFFFF6FF1
:100AA0000000000000000000000000000000000046
:100AB0000010FEFFFFFFFF2E0000000000000000FE
:100AC00000000000000000000060FFFFFFFFFF0AC1
:100AD0000000000000000000000000000000000016
:100AE00000B0FFFFFFFFFF05000000000000000056
:100AF000000000000000000000F2FFFFFFFFEF0118
:100B000000000000000000000000000000000000E5
:100B100000F7FFFFFFFF9F00000000000000000043
:100B2000000000000000000000FCFFFFFFFF4F007E
:100B300000000000000000000000000000000000B5
:100B400030FFFFFFFFFF1D0000000000000000005D
:100B5000000000000000000080FFFFFFFFFF080012
:100B60000000000000000000000000000000000085
:100B7000D1FFFFFFFFFF03000000000000000000A6
:100B80000000000000000000F4FFFFFFFFCF0000A6
:100B90000000000000000000000000000000000055
:100BA000FAFFFFFFFF7F00000000000000000000D0
:100BB0000000000000000010FEFFFFFFFF2F0000FC
:100BC00000000000000000000000000000000060C5
:100BD000FFFFFFFFFF0B000000000000000000000F
:100BE00000000000000000B0FFFFFFFFFF06000054
:100BF000000000000000000000000000000000F203
:100C0000FFFFFFFFEF0200000000000000000000F7
:100C100000000000000000F7FFFFFFFFAF00000032
:100C2000000000000000000000000000000000FCC8
:100C3000FFFFFFFF5F000000000000000000000059
:100C400000000000000030FFFFFFFFFF1E0000005B
:100C5000000000000000000000000000000080FF15
:100C6000FFFFFFFF0900000000000000000000007F
:100C7000000000000000D0FFFFFFFFFF04000000A5
:100C80000000000000000000000000000000F4FF71
:100C9000FFFFFFDF01000000000000000000000077
:100CA000000000000000F9FFFFFFFF8F00000000C0
:100CB0000000000000000000000000000010FEFF27
:100CC000FFFFFF3F000000000000000000000000E8
:100CD000000000000050FFFFFFFFFF0C00000000BD
:100CE00000000000000000000000000000A0FFFF66
:100CF000FFFFFF07000000000000000000000000F0
:100D00000000000000E2FFFFFFFFFF020000000004
:100D100000000000000000000000000000F6FFFFDF
:100D2000FFFFBF0000000000000000000000000006
:100D30000000000000FBFFFFFFFF6F00000000004D
:100D400000000000000000000000000030FFFFFF76
:100D5000FFFF2F0000000000000000000000000066
:100D60000000000050BBBBBBBBBB08000000000084
:100D70000000000000000000000000000000000073
:100D80000000000000000000000000000000000063
:100D90000000000000000000000000000000000053
:100DA0000000000000000000000000000000000043
:100DB0000000000000000000000000000000000033
:100DC0000000000000000000000000000000000023
:100DD0000000000000000000000000000000000013
:100DE0000000000000000000000000000000000003
:100DF00000000000000000000000000000000000F3
:100E000000000000000000000000000000000000E2
:100E100000000000000000000000000000000000D2
:100E200000000000000000000000000000000000C2
:100E300000000000000000000000000000000000B2
:100E400000000000000000000000000000000000A2
:100E50000000000000000000000000000000000092
:100E60000000000000000000000000000000000082
:100E70000000000000000000000000000000000072
:100E80000000000000000000000000000000000062
:100E90000000000000000000000000000000000052
:100EA0000000000000000000000000000000000042
:100EB0000000000000000000000000000000000032
:100EC0000000000000000000000000000000000022
:100ED0000000000000000000000000000000000012
:100EE0000000000000000000000000000000000002
:100EF00000000000000000000000000000000000F2
:100F000000000000000000000000000000000000E1
:100F100000000000000000000000000000000000D1
:100F200000000000000000000000000000000000C1
:100F300000000000000000000000000000000000B1
:100F400000000000000000000000000000000000A1
:100F50000000000000000000000000000000000091
:100F60000000000000000000000000000000000081
:100F70000000000000000000000000000000000071
:100F80000000000000000000000000000000000061
:100F9000000000111100000000000000000000002F
:100FA00000000000000000002096DBEEDEBC5902CD
:100FB00000000000000000000000000000000040F1
:100FC000EBFFFFFFFFFFFFBE050000000000000079
:100FD00000000000000030FBFFFFFFFFFFFFFFFFEE
:100FE000CF04000000000000000000000000F7FF38
:100FF000FFFFFFFFFFFFFFFFFF8F0000000000006B
:10100000000000000080FFFFFFFFFFFFFFFFFFFF6A
:10101000FFFF0900000000000000000000F8FFFFD3
:10102000FFFFFFFFFFFFFFFFFFFF9F00000000002B
:101030000000000050FFFFFFFFFFFFFFFFFFFFFF6B
:10104000FFFFFF060000000000000000E1FFFFFFBF
:10105000FFFFFFFFFFFFFFFFFFFFFF1E000000007D
:1010600000000000F9FFFFFFFFFFFFFFFFFFFFFF92
:10107000FFFFFF8F0000000000000020FFFFFFFFC8
:10108000FFFFFFFFFFFFFFFFFFFFFFEF010000007B
:1010900000000080FFFFFFFFFFEF7A4564D9FFFFEC
:1010A000FFFFFFFF05000000000000D0FFFFFFFF73
:1010B000FF2900000000E5FFFFFFFFFF0A0000001E
:1010C000000000F3FFFFFFFF7F000000000020FE94
:1010D000FFFFFFFF0D000000000000F7FFFFFFFF14
:1010E0000A000000000000F5FFFFFFFF2E000000D7
:1010F000000000FAFFFFFFFF03000000000000C037
:10110000FFFFFFFF3F000000000000FCFFFFFFDFCC
:101110000000000000000080FFFFFFFF4F00000004
:10112000000000FDFFFFFFBF0000000000000060A6
:10113000FFFFFFFF4F000000000010FEFFFFFFAFAA
:101140000000000000000050FFFFFFFF4F00000004
:10115000000010FEFFFFFFAF000000000000006075
:10116000FFFFFFFF3F000000000010FEFFFFFFBF7A
:101170000000000000000070FFFFFFFF2F000000D4
:10118000000010FDFFFFFFEF01000000000000A0C5
:10119000FFFFFFFF1E000000000000FDFFFFFFFF3C
:1011A00004000000000000D1FFFFFFFF0C00000062
:1011B000000000FBFFFFFFFF0B000000000000F439
:1011C000FFFFFFFF09000000000000F9FFFFFFFF25
:1011D0005F000000000000FBFFFFFFFF05000000B4
:1011E000000000F6FFFFFFFFEF030000000050FFCC
:1011F000FFFFFFEF01000000000000F2FFFFFFFF14
:10120000FF2D00000000D1FFFFFFFF9F0000000046
:10121000000000B0FFFFFFFFFFDF04000000FBFF46
:10122000FFFFFF3F0000000000000060FFFFFFFF26
:10123000FFFF6F0000A0FFFFFFFFFF0B000000009B
:1012400000000010FDFFFFFFFFFFFF2A10FBFFFF64
:10125000FFFFFF030000000000000000F6FFFFFF9B
:10126000FFFFFFEFD7FFFFFFFFFF8F000000000031
:1012700000000000C0FFFFFFFFFFFFFFFFFFFFFFB9
:10128000FFFF0B00000000000000000020FEFFFF39
:10129000FFFFFFFFFFFFFFFFFFDF01000000000077
:1012A0000000000000F5FFFFFFFFFFFFFFFFFFFF53
:1012B000FF2D000000000000000000000070FFFF94
:1012C000FFFFFFFFFFFFFFFFDF0200000000000045
:1012D000000000000000F7FFFFFFFFFFFFFFFFFF20
:1012E0001C0000000000000000000000000060FE84
:1012F000FFFFFFFFFFFFFFFF5D0000000000000099
:1013000000000000000000F7FFFFFFFFFFFFFFFFEE
:10131000FF0700000000000000000000000060FE69
:10132000FFFFFFFFFFFFFFFFFF8F00000000000037
:10133000000000000000F7FFFFFFFFFFFFFFFFFFBF
:10134000FFFF090000000000000000000080FFFF18
:10135000FFFFFFFFFFFFFFFFFFFF7F000000000018
:101360000000000000F7FFFFFFFFFFFFFFFFFFFF90
:10137000FFFFFF04000000000000000050FFFFFF1F
:10138000FFFFFFFEFFFFFFFFFFFFFF1D000000004C
:1013900000000000E2FFFFFFFFFF9F71FFFFFFFF64
:1013A000FFFFFF8F0000000000000000FBFFFFFFB9
:1013B000FFFF0700C3FFFFFFFFFFFFEF020000007A
:1013C00000000050FFFFFFFFFF6F000010F9FFFF5C
:1013D000FFFFFFFF08000000000000C0FFFFFFFF4D
:1013E000FF0600000070FFFFFFFFFFFF1D00000071
:1013F000000000F5FFFFFFFF9F0000000000F6FF68
:10140000FFFFFFFF4F000000000000FAFFFFFFFF9B
:101410001D000000000070FFFFFFFFFF8F000000B5
:10142000000010FEFFFFFFFF06000000000000FAB2
:10143000FFFFFFFFCF000000000050FFFFFFFFDFB6
:1014400001000000000000E2FFFFFFFFEF010000CD
:10145000000090FFFFFFFF8F0000000000000080F1
:10146000FFFFFFFFFF0300000000B0FFFFFFFF4F83
:101470000000000000000030FFFFFFFFFF0400003D
:101480000000D0FFFFFFFF2E000000000000000062
:10149000FDFFFFFFFF0500000000E1FFFFFFFF1D54
:1014A0000000000000000000FBFFFFFFFF05000040
:1014B0000000F2FFFFFFFF0D000000000000000031
:1014C000FAFFFFFFFF0500000000F2FFFFFFFF0D26
:1014D0000000000000000000FAFFFFFFFF05000011
:1014E0000000F2FFFFFFFF1E0000000000000000F0
:1014F000FBFFFFFFFF0400000000E2FFFFFFFF3FD4
:101500000000000000000010FDFFFFFFFF030000CF
:101510000000E1FFFFFFFF7F00000000000000402F
:10152000FFFFFFFFEF0100000000C0FFFFFFFFDF34
:1015300000000000000000A0FFFFFFFFCF00000040
:101540000000A0FFFFFFFFFF09000000000000F502
:10155000FFFFFFFF9F000000000070FFFFFFFFFF85
:101560008F000000000050FFFFFFFFFF5F00000042
:10157000000030FFFFFFFFFFFF4C01000030FAFFCB
:10158000FFFFFFFF1E000000000000FDFFFFFFFF48
:10159000FFFFAD88A8FCFFFFFFFFFFFF0800000072
:1015A000000000F7FFFFFFFFFFFFFFFFFFFFFFFF50
:1015B000FFFFFFEF02000000000000E1FFFFFFFF60
:1015C000FFFFFFFFFFFFFFFFFFFFFF8F0000000097
:1015D00000000060FFFFFFFFFFFFFFFFFFFFFFFFB7
:1015E000FFFFFF1D0000000000000000FBFFFFFFE9
:1015F000FFFFFFFFFFFFFFFFFFFFFF0300000000F3
:1016000000000000C1FFFFFFFFFFFFFFFFFFFFFF24
:10161000FFFF5F00000000000000000020FCFFFF53
:10162000FFFFFFFFFFFFFFFFFFEF050000000000CF
:101630000000000000A1FFFFFFFFFFFFFFFFFFFF13
:10164000FF3C000000000000000000000000C5FF9B
:10165000FFFFFFFFFFFFFFFF7E0100000000000013
:1016600000000000000000B5FFFFFFFFFFFFFF7C50
:101670000100000000000000000000000000000069
:1016800052B9DCEEDE9C36000000000000000000D5
:101690000000000000000000000010110100000028
:1016A000000000000000000000000000000000003A
:1016B000000000000000000000000000000000002A
:1016C000000000000000000000000000000000001A
:1016D000000000000000000000000000000000000A
:1016E00000000000000000000000000000000000FA
:1016F00000000000000000000000000000000000EA
:1017000000000000000000000000000000000000D9
:1017100000000000000000000000000000000000C9
:1017200000000000000000000000000000000000B9
:1017300000000000000000000000000000000000A9
:101740000000000000000000000000000000000099
:101750000000000000000000000000000000000089
:101760000000000000000000000000000000000079
:101770000000000000000000000000000000000069
:101780000000000000000000000000000000000059
:101790000000000000000000000000000000000049
:1017A0000000000000000000000000000000000039
:1017B0000000000000000000000000000000000029
:1017C0000000000000000000000000000000000019
:1017D0000000000000000000000000000000000009
:1017E00000000000000000000000000000000000F9
:1017F00000000000000000000000000000000000E9
:1018000000000000000000000000000000000000D8
:1018100000000000000000000000000000000000C8
:1018200000000000000000000000000000000000B8
:1018300000000000000000000000000000000000A8
:101840000000000000000000000000000000000098
:101850000000000000000000000000000000000088
:101860000000000000000000000000000000000078
:101870000000000000000000000000000000000068
:101880000000000000000000000000000000000058
:101890000000101101000000000000000000000026
:1018A000000000000000000030A7DCEECD7A04004C
:1018B00000000000000000000000000000000060C8
:1018C000FCFFFFFFFFFFDF1700000000000000002B
:1018D00000000000000050FCFFFFFFFFFFFFFFEFD4
:1018E0000600000000000000000000000000F9FFFA
:1018F000FFFFFFFFFFFFFFFFAF0000000000000041
:101900000000000000B1FFFFFFFFFFFFFFFFFFFF30
:10191000FF0B0000000000000000000010FCFFFFB3
:10192000FFFFFFFFFFFFFFFFFFAF00000000000011
:1019300000000000B0FFFFFFFFFFFFFFFFFFFFFF02
:10194000FFFF07000000000000000000F9FFFFFF9C
:10195000FFFFFFFFFFFFFFFFFFFF3F000000000052
:1019600000000040FFFFFFFFFFFFFFFFFFFFFFFF43
:10197000FFFFBF0000000000000000D1FFFFFFFFDD
:10198000FFFFFFFFFFFFFFFFFFFFFF04000000005E
:10199000000000F6FFFFFFFFFFFFFFFFFFFFFFFF5D
:1019A000FFFFFF0B00000000000000FDFFFFFFFF36
:1019B000FFDF5854C7FFFFFFFFFFFF2F00000000AD
:1019C000000050FFFFFFFFFFFF17000000E5FFFFD3
:1019D000FFFFFF8F000000000000A0FFFFFFFFFFE0
:1019E0005F0000000030FEFFFFFFFFCF000000009F
:1019F0000000E1FFFFFFFFFF060000000000F5FF11
:101A0000FFFFFFFF030000000000F5FFFFFFFFBF27
:101A1000000000000000B0FFFFFFFFFF0700000014
:101A20000000F8FFFFFFFF4F00000000000040FF34
:101A3000FFFFFFFF0A0000000000FBFFFFFFFF0D9C
:101A400000000000000000FDFFFFFFFF0D00000090
:101A50000010FDFFFFFFFF0900000000000000F97B
:101A6000FFFFFFFF2F0000000020FEFFFFFFFF052C
:101A700000000000000000F5FFFFFFFF5F00000016
:101A80000030FFFFFFFFFF0300000000000000F236
:101A9000FFFFFFFF7F0000000040FFFFFFFFFF028E
:101AA00000000000000000D1FFFFFFFF9F000000CA
:101AB0000050FFFFFFFFEF0100000000000000C02A
:101AC000FFFFFFFFBF0000000050FFFFFFFFEF011F
:101AD00000000000000000A0FFFFFFFFCF0000009B
:101AE0000050FFFFFFFFEF0100000000000000902A
:101AF000FFFFFFFFDF0100000050FFFFFFFFFF02BD
:101B00000000000000000070FFFFFFFFEF01000079
:101B10000040FFFFFFFFFF03000000000000006027
:101B2000FFFFFFFFFF0200000030FFFFFFFFFF0687
:101B30000000000000000060FFFFFFFFFF03000047
:101B40000020FFFFFFFFFF09000000000000005021
:101B5000FFFFFFFFFF0300000010FEFFFFFFFF0D70
:101B60000000000000000050FFFFFFFFFF03000027
:101B70000000FCFFFFFFFF5F0000000000000040CE
:101B8000FFFFFFFFFF0400000000FAFFFFFFFFDF81
:101B90000100000000000091FFFFFFFFFF040000B4
:101BA0000000F7FFFFFFFFFF1B000000000050FCDC
:101BB000FFFFFFFFFF0400000000F3FFFFFFFFFF38
:101BC000CF0400000051FBFFFFFFFFFFFF040000F8
:101BD0000000D0FFFFFFFFFFFFBF5754A7FEFFFF2E
:101BE000FFFFFFFFFF040000000080FFFFFFFFFF7B
:101BF000FFFFFFFFFFFFFFFFFFFFFFFFFF040000EE
:101C0000000020FFFFFFFFFFFFFFFFFFFFFFFFFFC1
:101C1000FFFFFFFFFF030000000000FAFFFFFFFFD0
:101C2000FFFFFFFFFFFFFFFFFFFFFFFFFF030000BE
:101C3000000000F2FFFFFFFFFFFFFFFFFFFFFFFFBE
:101C4000FFFFFFFFFF03000000000070FFFFFFFF2A
:101C5000FFFFFFFFFFFFFFFFFFFFFFFFFF0200008F
:101C600000000000FAFFFFFFFFFFFFFFFFFFFFFF85
:101C7000FFFFFFFFEF01000000000000B0FFFFFFCB
:101C8000FFFFFFFFFFFFFFFFFFFFFFFFDF01000080
:101C90000000000000F9FFFFFFFFFFFFFFFFFFEF65
:101CA000FFFFFFFFCF000000000000000050FDFF1D
:101CB000FFFFFFFFFFFFBF94FFFFFFFFBF0000001C
:101CC00000000000000051EBFFFFFFFFFF9D04A09C
:101CD000FFFFFFFF9F000000000000000000002049
:101CE00075A9BB8A360000B0FFFFFFFF8F00000020
:101CF000000000000000000000000000000000D014
:101D0000FFFFFFFF6F000000000000000000000068
:101D100000000000000000E1FFFFFFFF3F000000A7
:101D2000000000000000000000000000000000F3C0
:101D3000FFFFFFFF1E000000000000000000000089
:101D400000000000000000F6FFFFFFFF0C00000095
:101D5000000000000000000000000000000000FA89
:101D6000FFFFFFFF0900000000000000000000006E
:101D700000000000000000FDFFFFFFFF0600000064
:101D8000000000000000000000000000000040FF14
:101D9000FFFFFFFF02000000000000000000000045
:101DA000000000000000A0FFFFFFFFCF00000000C8
:101DB0000000000000000000000000000000F3FF31
:101DC000FFFFFF8F00000000000000000000000087
:101DD000000000000000FBFFFFFFFF4F00000000BD
:101DE0000000000000000000000000000080FFFF75
:101DF000FFFFFF0D000000000000000000000000D9
:101E00000000000000F7FFFFFFFFFF0700000000D9
:101E1000000000000000000000000000A2FFFFFF23
:101E2000FFFFEF02000000000000000000000000C3
:101E300000000072FEFFFFFFFFFF9F000000000098
:101E400000000000000000000031A6FEFFFFFFFFC1
:101E5000FFFF2E0000000000000000B2BBBBBBBBB8
:101E6000DCFEFFFFFFFFFFFFFFFF08000000000098
:101E7000000000F3FFFFFFFFFFFFFFFFFFFFFFFF7B
:101E8000FFDF010000000000000000F3FFFFFFFF84
:101E9000FFFFFFFFFFFFFFFFFF3F0000000000000C
:101EA000000000F3FFFFFFFFFFFFFFFFFFFFFFFF4B
:101EB000FF06000000000000000000F3FFFFFFFF2E
:101EC000FFFFFFFFFFFFFFFF8F000000000000008B
:101ED000000000F3FFFFFFFFFFFFFFFFFFFFFFFF1B
:101EE0000800000000000000000000F3FFFFFFFFFB
:101EF000FFFFFFFFFFFFFF6F00000000000000007A
:101F0000000000F3FFFFFFFFFFFFFFFFFFFFCF0316
:101F10000000000000000000000000F3FFFFFFFFD2
:101F2000FFFFFFFFFFEF07000000000000000000C0
:101F3000000000F3FFFFFFFFFFFFFFFFCF170000D0
:101F40000000000000000000000000F3FFFFFFFFA2
:101F5000FFFFEF8B03000000000000000000000006
:101F6000000000B2BBBBBBAB8957130000000000F0
:101F70000000000000000000000000000000000061
:101F80000000000000000000000000000000000051
:101F90000000000000000000000000000000000041
:101FA0000000000000000000000000000000000031
:101FB0000000000000000000000000000000000021
:101FC0000000000000000000000000000000000011
:101FD0000000000000000000000000000000000001
:101FE00000000000000000000000000000000000F1
:101FF00000000000000000000000000000000000E1
:1020000000000000000000000000000000000000D0
:1020100000000000000000000000000000000000C0
:1020200000000000000000000000000000000000B0
:1020300000000000000000000000000000000000A0
:102040000000000000000000000000000000000090
:102050000000000000000000000000000000000080
:102060000000000000000000000000000000000070
:102070000000000000000000000000000000000060
:102080000000000000000000000000000000000050
:102090000000000000000000000000000000000040
:1020A0000000000000000000000000000000000030
:1020B0000000000000000000000000000000000020
:1020C0000000000000000000000000000000000010
:1020D0000000000000000000000000000000000000
:1020E00000000000000000000000000000000000F0
:1020F00000000000000000000000000000000000E0
:1021000000000000000000000000000000000000CF
:1021100000000000000000000000000000000000BF
:1021200000000000000000000000000000000000AF
:10213000000000000000000000000000000000009F
:10214000000000000000000000000000000000008F
:10215000000000000000000000000000000000007F
:10216000000000000000000000000000000000006F
:10217000000000000000000000000000000000005F
:10218000000000000000000000000000000000004F
:10219000000000000000000000000000000000003F
:1021A000000000000000000000000000000000002F
:1021B000000000000000000000000000000000001F
:1021C000000000000000000000000000000000000F
:1021D00000000000000000000000000000000000FF
:1021E00000000000000000000000000000000000EF
:1021F00000000000000000000000000000000000DF
:1022000000000000000000000000000000000000CE
:1022100000000000000000000000000000000000BE
:1022200000000000000000000000000000000000AE
:10223000000000000000000000000000000000009E
:10224000000000000000000000000000000000008E
:10225000000000000000000000000000000000007E
:10226000000000000000000000000000000000006E
:10227000000000000000000000000000000000005E
:10228000000000000000000000000000000000004E
:10229000000000000000000000000000000000003E
:1022A000000000000000000000000000000000002E
:1022B000000000000000000000000000000000001E
:1022C000000000000000000000000000000000000E
:1022D00000000000000000000000000000000000FE
:1022E00000000000000000000000000000000000EE
:1022F00000000000000000000000000000000000DE
:1023000000000000000000000000000000000000CD
:1023100000000000000000000000000000000000BD
:1023200000000000000000000000000000000000AD
:10233000000000000000000000000000000000009D
:10234000000000000000000000000000000000008D
:10235000000000000000000000000000000000007D
:10236000000000000000000000000000000000006D
:10237000000000000000000000000000000000005D
:10238000000000000000000000000000000000004D
:10239000000000000000000000000000000000003D
:1023A000000000000000000000000000000000002D
:1023B000000000000000000000000000000000001D
:1023C000000000000000000000000000000000000D
:1023D00000000000000000000000000000000000FD
:1023E00000000000000000000000000000000000ED
:1023F00000000000000000000000000000000000DD
:1024000000000000000000000000000000000000CC
:1024100000000000000000000000000000000000BC
:1024200000000000000000000000000000000000AC
:10243000000000000000000000000000000000009C
:10244000000000000000000000000000000000008C
:10245000000000000000000000000000000000007C
:10246000000000000000000000000000000000006C
:10247000000000000000000000000000000000005C
:10248000000000000000000000000000000000004C
:10249000000000000000000000000000000000003C
:1024A000000000000000000000000000000000002C
:1024B000000000000000000000000000000000001C
:1024C000000000000000000000000000000000000C
:1024D00000000000000000000000000000000000FC
:1024E00000000000000000000000000000000000EC
:1024F00000000000000000000000000000000000DC
:1025000000000000000000000000000000000000CB
:1025100000000000000000000000000000A1BBBBA4
:10252000BBBBBBBBBBBBBBBBBBBB0300000000005A
:102530000000000000F1FFFFFFFFFFFFFFFFFFFFB4
:10254000FFFF0400000000000000000000E1FFFFAA
:10255000FFFFFFFFFFFFFFFFFFFF04000000000081
:102560000000000000E1FFFFFFFFFFFFFFFFFFFF94
:10257000FFFF0400000000000000000000E1FFFF7A
:10258000FFFFFFFFFFFFFFFFFFFF04000000000051
:102590000000000000E1FFFFFFFFFFFFFFFFFFFF64
:1025A000FFFF0400000000000000000000E1FFFF4A
:1025B000FFFFFFFFFFFFFFFFFFFF04000000000021
:1025C0000000000000E1FFFFFFFFFFFFFFFFFFFF34
:1025D000FFFF0400000000000000000000E1FFFF1A
:1025E000FFFFFFFFFFFFFFFFFFFF040000000000F1
:1025F0000000000000E1FFFFFFFFFFFFFFFFFFFF04
:10260000FFFF0400000000000000000000E1FFFFE9
:10261000FFFFFFFFFFFFFFFFFFFF040000000000C0
:102620000000000000D1EEEEEEEEEEEEEEEEEEEE8D
:10263000EEEE040000000000000000000010111188
:1026400011111111111111111111000000000000E0
:10265000000000000000000000000000000000007A
:10266000000000000000000000000000000000006A
:10267000000000000000000000000000000000005A
:10268000000000000000000000000000000000004A
:10269000000000000000000000000000000000003A
:1026A000000000000000000000000000000000002A
:1026B000000000000000000000000000000000001A
:1026C000000000000000000000000000000000000A
:1026D00000000000000000000000000000000000FA
:1026E00000000000000000000000000000000000EA
:1026F00000000000000000000000000000000000DA
:1027000000000000000000000000000000000000C9
:1027100000000000000000000000000000000000B9
:1027200000000000000000000000000000000000A9
:102730000000000000000000000000000000000099
:102740000000000000000000000000000000000089
:102750000000000000000000000000000000000079
:102760000000000000000000000000000000000069
:102770000000000000000000000000000000000059
:102780000000000000000000000000000000000049
:102790000000000000000000000000000000000039
:1027A0000000000000000000000000000000000029
:1027B0000000000000000000000000000000000019
:1027C0000000000000000000000000000000000009
:1027D00000000000000000000000000000000000F9
:1027E00000000000000000000000000000000000E9
:1027F00000000000000000000000000000000000D9
:1028000000000000000000000000000000000000C8
:1028100000000000000000000000000000000000B8
:1028200000000000000000000000000000000000A8
:102830000000000000000000000000000000000098
:102840000000000000000000000000000000000088
:102850000000000000000000000000000000000078
:102860000000000000000000000000000000000068
:102870000000000000000000000000000000000058
:102880000000000000000000000000000000000048
:102890000000000000000000000000000000000038
:1028A0000000000000000000000000000000000028
:1028B0000000000000000000000000000000000018
:1028C0000000000000000000000000000000000008
:1028D00000000000000000000000000000000000F8
:1028E00000000000000000000000000000000000E8
:1028F00000000000000000000000000000000000D8
:1029000000000000000000000000000000000000C7
:1029100000000000000000000000000000000000B7
:1029200000000000000000000000000000000000A7
:102930000000000000000000000000000000000097
:102940000000000000000000000000000000000087
:102950000000000000000000000000000000000077
:102960000000000000000000000000000000000067
:102970000000000000000000000000000000000057
:102980000000000000000000000000000000000047
:102990000000000000000000000000000000000037
:1029A0000000000000000000000000000000000027
:1029B0000000000000000000000000000000000017
:1029C0000000000000000000000000000000000007
:1029D00000000000000000000000000000000000F7
:1029E00000000000000000000000000000000000E7
:1029F00000000000000000000000000000000000D7
:102A000000000000000000000000000000000000C6
:102A100000000000000000000000000000000000B6
:102A200000000000000000000000000000000000A6
:102A30000000000000000000000000000000000096
:102A40000000000000000000000000000000000086
:102A50000000000000000000000000000000000076
:102A60000000000000000000000000000000000066
:102A70000000000000000000000000000000000056
:102A80000000000000000000000000000000000046
:102A90000000000000000000000000000000000036
:102AA0000000000000000000000000000000000026
:102AB0000000000000000000000000000000000016
:102AC0000000000000000000000000000000000006
:102AD00000000000000000000000000000000000F6
:102AE00000000000000000000000000000000000E6
:102AF00000000000000000000000000000000000D6
:102B000000000000000000000000000000000000C5
:102B100000000000000000000000000000000000B5
:102B200000000000000000000000000000000000A5
:102B30000000000000000000000000000000000095
:102B40000000000000000000000000000000000085
:102B50000000000000000000000000000000000075
:102B60000000000000000000000000000000000065
:102B70000000000000000000000000000000000055
:102B80000000000000000000000000000000000045
:102B90000000000000000000000000000000000035
:102BA0000000000000000000000000000000000025
:102BB0000000000000000000000000000000000015
:102BC0000000000000000000000000000000000005
:102BD00000000000000000000000000000000000F5
:102BE00000000000000000000000000000000000E5
:102BF00000000000000000000000000000000000D5
:102C000000000000000000000000000000000000C4
:102C100000000000000000000000000000000000B4
:102C200000000000000000000000000000000000A4
:102C30000000000000000000000000000000000094
:102C40000000000000000000000000000000000084
:102C50000000000000000000000000000000000074
:102C60000000000000000000000000000000000064
:102C70000000000000000000000000000000000054
:102C80000000000000000000000000000000000044
:102C90000000000000000000000000000000000034
:102CA0000000000000000000000000000000000024
:102CB0000000000000000000000000000000000014
:102CC0000000000000000000000000000000000004
:102CD00000000000000000000000000000000000F4
:102CE00000000000000000000000000000000000E4
:102CF00000000000000000000000000000000000D4
:102D000000000000000000000000000000000000C3
:102D100000000000000000000000000000000000B3
:102D200000000000000000000000000000000000A3
:102D30000000000000000000000000000000000093
:102D40000000000000000000000000000000000083
:102D50000000000000000000000000000000000073
:102D60000000000000000000000000000000000063
:102D70000000000000000000000000000000000053
:102D80000000000000000000000000000000000043
:102D90000000000000000000000000000000000033
:102DA0000000000000000000000000000000000023
:102DB0000000000000000000000000000000000013
:102DC0000000000000000000000000000000000003
:102DD00000000000000000000000000000000000F3
:102DE00000000000000000000000000000000000E3
:102DF00000000000000000000000000000000000D3
:102E000000000000000000000000000000000000C2
:102E100000000000000000000000000000000000B2
:102E200000000000000000000000000000000000A2
:102E30000000000000000000000000000000000092
:102E40000000000000000000000000000000000082
:102E50000000000000000000000000000000000072
:102E60000000000000000000000000000000000062
:102E70000000000000000000000000000000000052
:102E80000000000000000000000000000000000042
:102E90000000000000000000000000000000000032
:102EA0000000000000000000000000000000000022
:102EB0000000000000000000000000000000000012
:102EC0000000000000000000000000000000000002
:102ED00000000000000000000000000000000000F2
:102EE00000000000000000000000000000000000E2
:102EF00000000000000000000000000000000000D2
:102F000000000000000000000000000000000000C1
:102F100000000000000000000000000000000000B1
:102F200000000000000000000000000000000000A1
:102F30000000000000000000000000000000000091
:102F40000000000000000000000000000000000081
:102F50000000000000000000000000000000000071
:102F60000000000000000000000000000000000061
:102F70000000000000000000000000000000000051
:102F80000000000000000000000000000000000041
:102F90000000000000000000000000000000000031
:102FA0000000000000000000000000000000000021
:102FB0000000000000000000000000000000000011
:102FC0000000000000000000000000000000000001
:102FD00000000000000000000000000000000000F1
:102FE00000000000000000000000000000000000E1
:102FF00000000000000000000000000000000000D1
:1030000000000000000000000000000000000000C0
:1030100000000000000000000000000000000000B0
:1030200000000000000000000000000000000000A0
:103030000000000000000000000000000000000090
:103040000000000000000000000000000000000080
:103050000000000000000000000000000000000070
:103060000000000000000000000000000000000060
:103070000000000000000000000000000000000050
:103080000000000000000000000000000000000040
:103090000000000000000000000000000000000030
:1030A0000000000000000000000000000000000020
:1030B0000000000000000000000000000000000010
:1030C0000000000000000000000000000000000000
:1030D00000000000000000000000000000000000F0
:1030E00000000000000000000000000000000000E0
:1030F00000000000000000000000000000000000D0
:1031000000000000000000000000000000000000BF
:1031100000000000000000000000000000000000AF
:10312000000000000000000000000000000000009F
:10313000000000000000000000000000000000008F
:10314000000000000000000000000000000000007F
:10315000000000000000000000000000000000006F
:10316000000000000000000000000000000000005F
:10317000000000000000000000000000000000004F
:10318000000000000000000000000000000000003F
:10319000000000000000000000000000000000002F
:1031A000000000000000000000000000000000001F
:1031B000000000000000000000000000000000000F
:1031C00000000000000000000000000000000000FF
:1031D00000000000000000000000000000000000EF
:1031E00000000000000000000000000000000000DF
:1031F00000000000000000000000000000000000CF
:1032000000000000000000000000000000000000BE
:1032100000000000000000000000000000000000AE
:10322000000000000000000000000000000000009E
:10323000000000000000000000000000000000008E
:10324000000000000000000000000000000000007E
:10325000000000000000000000000000000000006E
:10326000000000000000000000000000000000005E
:10327000000000000000000000000000000000004E
:10328000000000000000000000000000000000003E
:10329000000000000000000000000000000000002E
:1032A000000000000000000000000000000000001E
:1032B000000000000000000000000000000000000E
:1032C00000000000000000008300830083008300F2
:1032D00083008300830083008300830083008300D6
:1032E00083008300830083008300830083008300C6
:1032F00083008300830083008300830083008300B6
:1033000083008300830083008300830083008300A5
:103310008300830083008300830083008300830095
:10332000830083008300EC5255A555A5EC52830021
:103330008300830083008300830083008300830075
:1033400096B5FFFFFFFFFFFFFFFF96B583008300E9
:10335000830083008300830083000C5BFFFF9AD609
:10336000A731E8319AD6FFFFEC5283008300830037
:1033700083008300830055A5FFFF8621830083001F
:10338000A731FFFF55A583008300830083008300DE
:10339000830055A5FFFF862183008300A731FFFF2F
:1033A00055A58300830083008300830083000C5BAA
:1033B000FFFF9AD68621A7319AD6FFFF0C5B8300C8
:1033C00083008300830083008300830096B5FFFFA2
:1033D000FFFFFFFFFFFF96B583008300830083009C
:1033E00083008300830083008300EC5255A555A51C
:1033F000EC528300830083008300830083008300FA
:1034000083008300830083008300830083008300A4
:103410008300830083008300830083008300830094
:103420008300830083008300830083008300830084
:103430008300830083008300830083008300830074
:103440008300830083008300830083008300830064
:10345000000000000000000000000000000000006C
:10346000000000000000000000000000000000005C
:10347000000000000000000000000000000000004C
:10348000000000000000000000000000000000003C
:10349000000000000000000000000000000000002C
:1034A000000000000000000000000000000000001C
:1034B000000000000000000000000000000000000C
:1034C00000000000000000000000000000000000FC
:1034D00000000000000000000000000000000000EC
:1034E00000000000000000000000000000000000DC
:1034F00000000000000000000000000000000000CC
:1035000000000000000000000000000000000000BB
:1035100000000000000000000000000000000000AB
:10352000000000000000000000000000000000009B
:10353000000000000000540500000000F80F00002B
:103540000000F80F00000000F80F00000000F80F66
:1035500000000000F80F00000000F80F000000005D
:10356000F80F00000000F80B00000000F80B00004E
:103570000000F40B00000000F40B00000000F40B4E
:1035800000000000F40B00000000F40B000000003D
:10359000F40B00000000F40B00000000F40B00002E
:1035A0000000A006000000000000000000009001E4
:1035B00000000000F40B00000000FC1F00000000F1
:1035C000FC1F00000000F80F00000000E0060000F3
:1035D00000000000000000000000000000000000EB
:1035E00000000000000000000000000000000000DB
:1035F00000000000000000000000000000000000CB
:103600000000000000000000000000000050055411
:10361000010000F41FFC0B0000F41FFC070000F089
:103620001FFC070000F00FF8070000F00FF807007C
:1036300000F00FF8070000E00FF8030000E00FF8BB
:103640000300009006A4010000000000000000003C
:10365000000000000000000000000000000000006A
:10366000000000000000000000000000000000005A
:10367000000000000000000000000000000000004A
:10368000000000000000000000000000000000003A
:10369000000000000000000000000000000000002A
:1036A000000000000000000000000000000000001A
:1036B000000000000000000000000000000000000A
:1036C00000000000000000000000000000000000FA
:1036D00000000000000000000000000000000000EA
:1036E00000000000000000000000000000000000DA
:1036F00000401A80090000C02FD01F0000C01FD05A
:103700000F0000C01FE00F0000C01FE00B0000D042
:103710001FE00B0080FFFFFFFF0280FFFFFFFF02A3
:1037200080FFFFFFFF0200E55FF5570100E00BF4AB
:10373000070000E00BF4030000F00BF4030000F0BE
:1037400007F8030090FAABFEAB00E0FFFFFFFF00BD
:10375000E0FFFFFFFF0090F99BFE660000F403FC12
:10376000010000F802FD010000F802FD010000F870
:1037700002FD000000FC02FD000000A40159000051
:103780000000000000000000000000000000000039
:103790000000000000000000000000000000000029
:1037A0000000000000000000000000000000000019
:1037B0000000000000000000003F00000000403F4B
:1037C00000000000402F00000000946F01000090F6
:1037D000FFFF1F0000F8FFFF1F0000FDFFFF1F009D
:1037E00000FFD75F090040FFD10B000080FFD00B26
:1037F000000080FFE10B000040FFE707000000FF32
:10380000FF07000000FDFF6F000000F4FFFF020053
:103810000080FFFF1F000000F8FF3F000000F8FAE3
:10382000BF000000F8D1BF000000FC81FF000000D5
:10383000FC80BF004001FCD0BF00806FFEF97F001C
:1038400080FFFFFF1F0080FFFFFF070040FEFFBF5C
:1038500001000050BF05000000003F0000000040D4
:103860003F00000000402F00000000402F0000003B
:103870000000000000000000000000000000000048
:103880000000000000000000000000000000000038
:103890000000000000540100500100FE1F00F4036E
:1038A00080FF7F00FC01D05FBF00BE00E00BBD4089
:1038B0003F00E007FDC01F00E007FDE00B00E00B4C
:1038C000BDF40300D0AF7FFC010080FF2FBE0000DD
:1038D00000FE4B3F00000050C01F00000000E00B46
:1038E00000000000F40700000000FC0100000000E0
:1038F000BE901A0000407FFCBF0000C02FFEFF01F9
:1039000000E04F7FF80200F4872FF40300FC822FC1
:10391000F40300FE802FF403407F403FF802C02FE5
:1039200000FFFE01E00F00FDBF00600600E41B0089
:103930000000000000000000000000000000000087
:103940000000000000000000000000000000000077
:103950000000000000000000000000000000000067
:103960000000000000000000000000000000540003
:1039700000000080FF1B000000F4FFBF000000FCFF
:10398000FFFF010000FD47FE020000FE01FD0300F5
:1039900000FF00FC030000FF00FC030000FE01FE2E
:1039A000020000FD83FF010000FCFB7F000000F42B
:1039B000FF1F000000E0FF02000000F8FF016900A7
:1039C00000FEFF03FF0080FFFD0BFF00D07FF42F00
:1039D000BF00D02FE0BFBF00E02F80FF7F00E02FAF
:1039E00000FF3F00E02F00FC2F00D0BF00F82F00A9
:1039F000C0FFAAFFBF0040FFFFFFFF0100FDFF6FF8
:103A0000FE070090BF065406000000000000000002
:103A100000000000000000000000000000000000A6
:103A20000000000000000000000000000000000096
:103A30000000000000000000000000000000000086
:103A4000000000000000540500000000F80F000016
:103A50000000F80F00000000F80F00000000F80B55
:103A600000000000F40B00000000F40B0000000058
:103A7000F40B00000000F40B0000000060060000E2
:103A80000000000000000000000000000000000036
:103A90000000000000000000000000000000000026
:103AA0000000000000000000000000000000000016
:103AB0000000000000000000000000000000000006
:103AC00000000000000000000000000000000000F6
:103AD00000000000000000000000000000000000E6
:103AE00000000000000000000000000000000000D6
:103AF00000000000000000000000000000000000C6
:103B000000000000000000000000000000000000B5
:103B1000000000000000000000500000000000F461
:103B20000100000000FD0700000040FF020000004F
:103B3000C0BF00000000E03F00000000F41F0000D4
:103B40000000FC0B00000000FD0300000000FF016E
:103B500000000040FF0000000080BF00000000C027
:103B60007F00000000C03F00000000D03F000000C8
:103B700000D02F00000000D02F00000000D02F0048
:103B8000000000D02F00000000D03F00000000D057
:103B90003F00000000C07F0000000080BF00000068
:103BA0000040FF0000000000FF0100000000FE03D5
:103BB00000000000FD0700000000F81F00000000EA
:103BC000F02F00000000D0BF0000000040FF020006
:103BD000000000FE0700000000F80200000000A046
:103BE00000000000000000000000000000000000D5
:103BF0000100000000800B00000000F02F0000001A
:103C000000E0BF0000000080FF0100000000FE0790
:103C100000000000FC0B00000000F41F000000008A
:103C2000E03F00000000C07F0000000080BF0000F7
:103C3000000040FF0000000000FF0100000000FE47
:103C40000200000000FE0200000000FD0200000073
:103C500000FD0200000000FD0200000000FD020067
:103C6000000000FD0200000000FE0200000000FE57
:103C70000100000000FF0000000040BF0000000045
:103C8000C07F00000000D03F00000000F01F0000D7
:103C90000000F80F00000000FD0700000040FF02D8
:103CA000000000D0BF00000000F02F00000000D096
:103CB0000B000000004002000000000000000000B7
:103CC00000000000000000000000000000005001A3
:103CD00000000000F00700000000F00700000024D2
:103CE000F007090000BCE1831F0000FEE7E73F008A
:103CF00000F9FFFF1B000090FFBF01000000FE2F36
:103D0000000000D0FFFF020000FDFFFF2F0000FDBC
:103D1000E6E32F0000B8F0470F000014F00705009D
:103D20000000F00700000000F007000000000000A5
:103D30000000000000000000000000000000000083
:103D40000000000000000000000000000000000073
:103D50000000000000000000000000000000000063
:103D60000000000000000000000000000000000053
:103D70000000000000000000000000000000000043
:103D80000000000000000000000000000000000033
:103D90000000000000000000000000000000000023
:103DA0000000000000000000000000000000000013
:103DB0000000000000000000000000000000000003
:103DC00000000000000000000000000000000000F3
:103DD000600600000000F40B00000000F40B00007F
:103DE0000000F40B00000000F40B00000000F40BD6
:103DF00000000000F40B000080AAFAAFAA00C0FF88
:103E0000FFFFFF01C0FFFFFFFF0180AAFAAFAA007A
:103E10000000F40B00000000F40B00000000F40BA5
:103E200000000000F40B00000000F40B0000000094
:103E3000F40B00000000600600000000000000001D
:103E40000000000000000000000000000000000072
:103E50000000000000000000000000000000000062
:103E60000000000000000000000000000000000052
:103E70000000000000000000000000000000000042
:103E80000000000000000000000000000000000032
:103E90000000000000000000000000000000000022
:103EA0000000000000000000000000000000000012
:103EB0000000000000000000000000000000000002
:103EC00000000000000000000000000000000000F2
:103ED00000000000000000000000000000000000E2
:103EE00000000000000000000000000000000000D2
:103EF000E40600000000FD0F00000000FE2F00009F
:103F00000000FD3F00000000FC3F00000000F43F07
:103F100000000000E02F00000000E02F0000000083
:103F2000F00F00000040FD07000000F4FF02000059
:103F300000F86F00000000A4050000000000000071
:103F40000000000000000000000000000000000071
:103F50000000000000000000000000000000000061
:103F60000000000000000000000000000000000051
:103F70000000000000000000000000000000000041
:103F80000000000000000000000000000000000031
:103F90000000000000000000000000000000000021
:103FA000000000000000000000E0FFFF030000E050
:103FB000FFFF030000F0FFFF030000A0AAAA020019
:103FC00000000000000000000000000000000000F1
:103FD00000000000000000000000000000000000E1
:103FE00000000000000000000000000000000000D1
:103FF00000000000000000000000000000000000C1
:1040000000000000000000000000000000000000B0
:1040100000000000000000000000000000000000A0
:104020000000000000000000000000000000000090
:104030000000000000000000000000000000000080
:104040000000000000000000000000000000000070
:104050000000000000000000000000000000000060
:104060000000000000000000000000000000000050
:104070000000000000000000000000000000000040
:104080000000000000000000000000000000000030
:104090000000000000000000000000000000000020
:1040A000E40600000000FD1F00000000FE3F0000CD
:1040B0000000FE3F00000000FE3F00000000FD1F6A
:1040C00000000000E4060000000000000000000006
:1040D00000000000000000000000000000000000E0
:1040E00000000000000000000000000000000000D0
:1040F00000000000000000000000000000000000C0
:1041000000000000000000401500000000C07F001B
:10411000000000D02F00000000F01F00000000F49D
:104120000B00000000F80700000000FD0300000085
:1041300000FE0200000000FF0000000040BF000081
:104140000000C07F00000000D02F00000000E01F32
:1041500000000000F40F00000000F80B0000000059
:10416000FC0300000000FD0200000000FF01000051
:104170000040BF00000000807F00000000D03F0032
:10418000000000E02F00000000F00F00000000F829
:104190000B00000000FC0700000000FD0200000012
:1041A00000FE0100000040FF0000000080BF000092
:1041B00000004015000000000000000000000000AA
:1041C00000000000000000000000000000000000EF
:1041D00000000000000000000000000000000000DF
:1041E00000000000000000000000F96B000000D09B
:1041F000FFFF020000F4FFFF0B0000FCAFFE2F00EA
:1042000000FE07E07F0040FF01C0BF0080FF00808C
:10421000FF0080BF0090FF01C07F00F4FF01D07F4E
:1042200000FEFF02D03FD0FFFF02D03FF87FFE022A
:10423000D07FFE0BFE02D0FFFF01FE02D0FF7F0009
:10424000FE01C0FF0B00FF01C0FF0140FF0080FF27
:104250000080BF0040FF01C07F0000FF07E03F007B
:1042600000FDAFFE1F0000F8FFFF0B0000D0FFFFB6
:1042700001000040FA1B00000000000000000000E8
:10428000000000000000000000000000000000002E
:10429000000000000000000000000000000000001E
:1042A000000000000000000000000000000000000E
:1042B00000000000000000000000000000000000FE
:1042C0000000501900000000F92F00000090FF2F9F
:1042D000000000F9FF2F000000FFFF2F000000FE8C
:1042E000E72F0000007DE02F00000004E02F000019
:1042F0000000E02F00000000E02F00000000E02F91
:1043000000000000E02F00000000E02F000000008F
:10431000E02F00000000E02F00000000E02F000070
:104320000000E02F00000000E02F00000000E02F60
:1043300000000054E56F550000FEFFFFBF0000FEC7
:10434000FFFFBF0000FEFFFFBF000099AAAA6600A2
:10435000000000000000000000000000000000005D
:10436000000000000000000000000000000000004D
:10437000000000000000000000000000000000003D
:10438000000000000000000000000000000000002D
:1043900000000000000000000040FA2B000000E4D4
:1043A000FFFF010000FDFFFF070000FEAFFF0F0051
:1043B00000FC01FD1F00002400F42F00000000F0AD
:1043C0002F00000000F02F00000000F02F00000080
:1043D00000F41F00000000F80F00000000FE0700BE
:1043E000000040FF02000000D0FF00000000F47F4A
:1043F00000000000FD1F00000040FF07000000D08B
:10440000FF01000000F42F00000000FD6FA6660011
:1044100000FFFFFFBF0000FFFFFFBF0000FFFFFF27
:10442000BF000099AAAA660000000000000000007A
:10443000000000000000000000000000000000007C
:10444000000000000000000000000000000000006C
:10445000000000000000000000000000000000005C
:10446000000000000000000000000000000000004C
:104470000094FE1B000000FDFFFF010000FDFFFF98
:10448000070000BDAAFF0F00000400F81F00000095
:1044900000F01F00000000F01F00000000F01F00EF
:1044A000000000F80F00000040FE070000C0FFBF42
:1044B000010000C0FFBF010000C0FFFF0B00004073
:1044C00055FE2F00000000E07F00000000C0BF008C
:1044D00000000080BF00000000C0BF00000000D04E
:1044E0007F00000000F43F0000AAAAFF2F0000FE9A
:1044F000FFFF0B0000FEFFFF010000FEFF1A00009F
:1045000000000000000000000000000000000000AB
:10451000000000000000000000000000000000009B
:10452000000000000000000000000000000000008B
:10453000000000000000000000000000000000007B
:1045400000000000000000000000406602000000C3
:10455000D0FF07000000E0FF07000000F4FF0700A5
:104560000000FCFF07000000FEFA07000040FFF813
:10457000070000C07FF8070000E02FF8070000F0F8
:104580000FF8070000F807F8070000FD02F8070021
:1045900000FF01F8070080BF00F80700D03F00F8D7
:1045A0000700E0FFFFFFFF02E0FFFFFFFF02E0FF69
:1045B000FFFFFF0290AAAAFEAB02000000F807006E
:1045C000000000FC0700000000F80700000000FCED
:1045D000070000000064020000000000000000006E
:1045E00000000000000000000000000000000000CB
:1045F00000000000000000000000000000000000BB
:1046000000000000000000000000000000000000AA
:10461000000000000000000000000000000000009A
:104620000064AAAA0A0000FCFFFF1F0000FCFFFFB5
:104630001F0000FCFFFF1F0000FCABAA0A0000FCEB
:104640000300000000FC0300000000FC0300000069
:1046500000FC0300000000FCAB1A000000FCFFFFA0
:10466000010000FCFFFF0B0000A8EAFF1F00000094
:1046700000F93F00000000E07F00000000D07F0054
:10468000000000D07F00000000D07F00000000E0AC
:104690003F00000000F82F0000A9AAFF0F0000FE55
:1046A000FFFF070000FEFFBF000000F9BF0600008B
:1046B00000000000000000000000000000000000FA
:1046C00000000000000000000000000000000000EA
:1046D00000000000000000000000000000000000DA
:1046E00000000000000000000000000000000000CA
:1046F000000000000000000000000055090000005C
:10470000E4FF1F000040FFFF1F0000D0FFFF1F005D
:1047100000F4BF56050000FC1F00000000FD07006C
:10472000000000FE0200000000FF0100000040FF4A
:10473000A56A000040FFFFFF070040FFFFFF2F00BA
:1047400040FFBFFE7F0080FF06E0BF0080FF0080CB
:10475000FF0040FF0040FF0140FF0140FF0140FF1C
:104760000140FF0000FF0280FF0000FE07D0BF00F5
:1047700000FCAFFA3F0000F4FFFF1F0000D0FFFF76
:1047800006000000F96B00000000000000000000BF
:104790000000000000000000000000000000000019
:1047A0000000000000000000000000000000000009
:1047B00000000000000000000000000000000000F9
:1047C00000000000000000000000000000000000E9
:1047D00040A6AAAA660040FFFFFFBF0040FFFFFF00
:1047E000BF0040FFFFFFBF0040AAAAFA7F00000001
:1047F00000E03F00000000F42F00000000F80F0070
:10480000000000FD0B00000000FE0300000040FF60
:104810000200000080FF00000000C0BF0000000098
:10482000E07F00000000F02F00000000F81F0000F3
:104830000000FC0B00000000FE0700000000FF026B
:1048400000000080FF01000000C0BF00000000E089
:104850007F00000000F02F00000000641500000041
:104860000000000000000000000000000000000048
:104870000000000000000000000000000000000038
:104880000000000000000000000000000000000028
:104890000000000000000000000000000000000018
:1048A00000000000000000000040FA6F000000E07F
:1048B000FFFF070000F8FFFF1F0000FD5BF93F004E
:1048C00000FE02D07F0000FF01C07F0000FF01C09A
:1048D0007F0000FE02D03F0000FD1BF41F0000F827
:1048E000BFFE0B0000F0FFFF02000080FFBF0000D2
:1048F0000090FFFF070000F4BFFF1F0000FD0BF951
:104900003F0000FF02E07F0040FF00C0BF0040FF0B
:104910000080BF0040FF0080BF0040FF02D07F004A
:1049200000FFAFFA3F0000FDFFFF1F0000F4FFFF94
:1049300007000040FA6B00000000000000000000CB
:104940000000000000000000000000000000000067
:104950000000000000000000000000000000000057
:104960000000000000000000000000000000000047
:104970000000000000000000000000000000000037
:104980000040FA6B000000E0FFFF020000FCFFFFA8
:104990000B0000FEAFFE1F0040FF02F42F0080FF5F
:1049A00000E03F00C0BF00D07F00C07F00C0BF005C
:1049B000C0BF00C0BF0080FF0080BF0080FF02E4D6
:1049C000BF0040FFAFFFBF0000FDFFFFBF0000F4CE
:1049D000FFFFBF000040AAC67F00000000D07F009C
:1049E000000000E03F00000000F02F00000000FD8C
:1049F0000F000054A5FF070000FEFFFF020000FEAD
:104A0000FF7F000000FEFF0B0000005915000000B2
:104A10000000000000000000000000000000000096
:104A20000000000000000000000000000000000086
:104A30000000000000000000000000000000000076
:104A40000000000000000000000000000000000066
:104A50000000000000000000000000000000000056
:104A60000000000000000000000000000000000046
:104A70000000000000000000400000000000F40BF7
:104A800000000000FD1F00000000FD2F00000000DE
:104A9000FD2F00000000FC1F00000000E4060000E5
:104AA0000000000000000000000000000000000006
:104AB00000000000000000000000000000000000F6
:104AC000400000000000F40B00000000FD1F00008B
:104AD0000000FD2F00000000FD2F00000000FC1F63
:104AE00000000000E40600000000000000000000DC
:104AF00000000000000000000000000000000000B6
:104B000000000000000000000000000000000000A5
:104B10000000000000000000000000000000000095
:104B20000000000000000000000000000000000085
:104B30000000000000000000000000000000000075
:104B40000000000000000000000000000000000065
:104B5000400000000000F40B00000000FD1F0000FA
:104B60000000FD2F00000000FD2F00000000FC1FD2
:104B700000000000E406000000000000000000004B
:104B80000000000000000000000000000000000025
:104B90000000000000000000E40600000000FC1F10
:104BA00000000000FD2F00000000FD3F000000009D
:104BB000F87F00000000F07F00000000D03F000000
:104BC0000000D02F00000000E01F00000000F90BE3
:104BD000000000F4FF02000000F46F00000000A4D9
:104BE00005000000000000000000000000000000C0
:104BF00000000000000000000000000000000000B5
:104C000000000000000000000000000000000000A4
:104C10000000000000000000000000000000000094
:104C2000000000900000000000F40200000000FE00
:104C30000B00000080FF07000000E0FF0100000003
:104C4000FD2F00000040FF0B000000E0FF0100000E
:104C500000F87F00000000FE0B00000000FE1F00B7
:104C6000000000F87F00000000D0FF0100000040BD
:104C7000FF0B00000000FD2F00000000E0FF01001E
:104C8000000080FF0700000000FE0B00000000F4A1
:104C90000200000000900000000000000000000082
:104CA0000000000000000000000000000000000004
:104CB00000000000000000000000000000000000F4
:104CC00000000000000000000000000000000000E4
:104CD00000000000000000000000000000000000D4
:104CE00000000000000000000000000000000000C4
:104CF00000000000000000000000000000000000B4
:104D000000000000000000000000000000000000A3
:104D100000555555150000FFFFFF7F0000FFFFFF06
:104D20007F0000FFFFFF7F00005555551500000074
:104D3000000000000000000000000055555515005F
:104D400000FFFFFF7F0000FFFFFF7F0000FFFFFF6E
:104D50007F000055555515000000000000000000C0
:104D60000000000000000000000000000000000043
:104D70000000000000000000000000000000000033
:104D80000000000000000000000000000000000023
:104D90000000000000000000000000000000000013
:104DA0000000000000000000000000000000000003
:104DB00000000000000000000000000000000000F3
:104DC00000000000000000000000000000000000E3
:104DD00000800200000000E00B00000000F42F0043
:104DE000000000E4FF0100000080FF070000000059
:104DF000FE1F00000000F4BF00000000D0FF020012
:104E0000000000FE0B00000000F87F00000000F82A
:104E10007F00000000FE0B000000D0FF0200000039
:104E2000F4BF00000000FE1F00000080FF0700002C
:104E300000E4FF01000000F42F00000000E00B0080
:104E400000000080020000000000000000000000E0
:104E50000000000000000000000000000000000052
:104E60000000000000000000000000000000000042
:104E70000000000000000000000000000000000032
:104E80000000000000400500000000D0FF06000008
:104E900000D0FF6F000000D0FFFF01000090FEFF78
:104EA0000700000040FF0F00000000F81F00000096
:104EB00000F42F00000000F02F00000000F02F0091
:104EC000000000F81F00000055FE0F000000FEFF6C
:104ED00007000000FEFF01000000FE1B00000000B4
:104EE000FE0100000000FE0100000000FE010000C5
:104EF00000005400000000000000000000006800F6
:104F000000000000FF0200000040FF07000000401A
:104F1000FF0700000040FF0200000000B900000091
:104F20000000000000000000000000000000000081
:104F30000000000000000000000000000000000071
:104F40000000000000000000000000000000000061
:104F500000000000000000000000000000004055BC
:104F600000000000F8FF06000040FFFF1F0000D017
:104F7000BFEA3F0000F01F40BF0000F80700FE013D
:104F800000FD0200FC0200FE0000F802407F00006D
:104F9000F403803FE4ABF607802FFDFFF207C01F4C
:104FA000FFFFF207D04FBFFDF107E08F3FFCF10795
:104FB000E0CB2FFDF107F0CB2FFDF107F0C71FFD70
:104FC000F007F0D71FFEF407F0D71FFEF403F0D769
:104FD0001FFEF802F0D71FBFF802F0C7AFFFFE01B7
:104FE000F08BFFFFBF00E04BFFF62F00E00F699052
:104FF0000600D00F00000000D02F00000000C03FCE
:105000000000000040BF0000010000FF06E40300B4
:1050100000FDFFFF030000F4FFFF02000040FE6BF5
:105020000000000000000000000000000000000080
:105030000000000000000000000000000000000070
:105040000000951500000000FE3F00000000FF7FFB
:1050500000000040FFBF00000080FFBF0000008094
:10506000BFFF010000D03FFF010000D02FFE020073
:1050700000E01FFD030000F00FFD070000F40BFC33
:105080000B0000F80BF80F0000FC07F41F0000FDF8
:1050900003F02F0000FE02E02F0000FE6AEA3F004E
:1050A00000FFFFFF7F0040FFFFFFBF0080FFFFFF0B
:1050B000FF00C07F0040FF01D03F0040FF02E02F13
:1050C0000000FF03F01F0000FE07900900005906D2
:1050D00000000000000000000000000000000000D0
:1050E00000000000000000000000000000000000C0
:1050F00000000000000000000000000000000000B0
:10510000000000000000000000000000000000009F
:10511000000000000000000000996A15000000FF78
:10512000FFFF020000FFFFFF0F0000FFFFFF2F0047
:1051300000FF01F93F0000FF01E07F0000FF01D008
:105140007F0000FF01D03F0000FF01E02F0000FFC3
:1051500001F91F0000FFFFFF060000FFFFFF060030
:1051600000FFFFFF2F0000FF55F97F0000FF01D077
:10517000FF0000FF0180FF0000FF0140FF0100FF72
:105180000180FF0000FF01D0FF0000FF01F4BF001D
:1051900000FFFFFF3F0000FFFFFF1F0000FFFFFFBA
:1051A000020000996A1500000000000000000000E5
:1051B00000000000000000000000000000000000EF
:1051C00000000000000000000000000000000000DF
:1051D00000000000000000000000000000000000CF
:1051E00000000000000000000000000000000000BF
:1051F0000000A4FF1A000000FEFF7F0000D0FFFFA8
:105200007F0000F4FFAB7F0000F86F00640000FD3A
:105210000B00000000FE0300000040FF0200000041
:1052200040FF0100000080FF0000000080FF000040
:10523000000080FF0000000080FF0000000080FFF1
:105240000000000080FF0100000080FF010000005E
:1052500040FF0200000000FF0700000000FE0F00FA
:10526000000000FD7F41790000F8FFFF7F0000E0B3
:10527000FFFF7F000040FFFF7F000000A4BF06008B
:10528000000000000000000000000000000000001E
:10529000000000000000000000000000000000000E
:1052A00000000000000000000000000000000000FE
:1052B00000000000000000000000000000000000EE
:1052C000000000000000000040A65A05000080FF1A
:1052D000FFBF000080FFFFFF070080FFFFFF1F00F0
:1052E00080BF40FD3F0080BF00E07F0080BF00C066
:1052F000FF0080BF0080FF0180BF0040FF0180BF32
:105300000040FF0180BF0000FF0280BF0000FF02DD
:1053100080BF0000FF0280BF0000FF0280BF00408E
:10532000FF0180BF0040FF0180BF0080FF0080BF01
:1053300000D0BF0080BF00F47F0080BF40FE2F0080
:1053400080FFFFFF0B0080FFFFFF010080FFFF2FAA
:10535000000040A656010000000000000000000010
:10536000000000000000000000000000000000003D
:10537000000000000000000000000000000000002D
:10538000000000000000000000000000000000001D
:10539000000000000000000000000000000000000D
:1053A0000064AAAA190000FCFFFF3F0000FCFFFFF9
:1053B0002F0000FCFFFF2F0000FC5B55150000FCD8
:1053C0000700000000FC0700000000FC07000000D0
:1053D00000FC0700000000FC0700000000FCFFFFCD
:1053E0001F0000FCFFFF1F0000FCFFFF1F0000FC70
:1053F000ABAA190000FC0700000000FC0700000039
:1054000000FC0700000000FC0700000000FC070093
:10541000000000FC5B55150000FCFFFF2F0000FCA6
:10542000FFFF2F0000FCFFFF3F000064AAAA190045
:10543000000000000000000000000000000000006C
:10544000000000000000000000000000000000005C
:10545000000000000000000000000000000000004C
:10546000000000000000000000000000000000003C
:1054700000000000000000000064AAAA190000FC5F
:10548000FFFF2F0000FCFFFF2F0000FCFFFF2F009D
:1054900000FC5B55050000FC0700000000FC070055
:1054A000000000FC0700000000FC0700000000FCFA
:1054B0000700000000FCAB6A060000FCFFFF0F00C5
:1054C00000FCFFFF0F0000FCFFFF0F0000FC0700C7
:1054D000000000FC0700000000FC0700000000FCCA
:1054E0000700000000FC0700000000FC07000000AF
:1054F00000FC0700000000FC0700000000FC0700A3
:105500000000006406000000000000000000000031
:10551000000000000000000000000000000000008B
:10552000000000000000000000000000000000007B
:10553000000000000000000000000000000000006B
:10554000000000000000000000000000000000005B
:105550000000A4FF1A000040FFFFBF0000E0FFFFB3
:10556000BF0000F8FFEBBF0000FD2F00A40000FF0C
:105570000700000040FF0200000080FF0000000064
:10558000C0BF00000000D07F00000000D07F40AA14
:10559000AA00D07F40FFFF00D07F40FFFF00D07FF8
:1055A00040AAFF00D07F0040FF00D0BF0040FF00B6
:1055B000C0BF0040FF0080FF0140FF0040FF0340EC
:1055C000FF0000FE1F40FF0000FCFFEAFF0000F4A8
:1055D000FFFFFF000080FFFFBF000000E9BF0600E3
:1055E00000000000000000000000000000000000BB
:1055F00000000000000000000000000000000000AB
:10560000000000000000000000000000000000009A
:10561000000000000000000000000000000000008A
:10562000000000000000000040660040660080BFEF
:105630000040FF0080BF0040BF0080BF0040FF006F
:1056400080BF0040FF0080BF0040FF0080BF0040DF
:10565000FF0080BF0040FF0080BF0040FF0080BF10
:105660005595FF0080FFFFFFFF0080FFFFFFFF0059
:1056700080FFFFFFFF0080FFAAAAFF0080BF00405D
:10568000FF0080BF0040FF0080BF0040FF0080BFE0
:105690000040FF0080BF0040FF0080BF0040FF00CF
:1056A00080BF0040FF0080BF0040BF0080BF0040BF
:1056B000FF0040660040660000000000000000009F
:1056C00000000000000000000000000000000000DA
:1056D00000000000000000000000000000000000CA
:1056E00000000000000000000000000000000000BA
:1056F00000000000000000000000000000000000AA
:105700000099AAAA190000FEFFFF3F0000FEFFFF5C
:105710003F0000FEFFFF2F000000F80B000000001C
:10572000F80B00000000F80B00000000F80B000070
:105730000000F80B00000000F80B00000000F80B60
:1057400000000000F80B00000000F80B0000000053
:10575000F80B00000000F80B00000000F80B000040
:105760000000F80B00000000F80B00000000F80B30
:1057700000000000F80B000000FEFFFF2F0000FEFD
:10578000FFFF3F0000FEFFFF3F000099AAAA19009B
:105790000000000000000000000000000000000009
:1057A00000000000000000000000000000000000F9
:1057B00000000000000000000000000000000000E9
:1057C00000000000000000000000000000000000D9
:1057D00000000000000000000064AA6A060000FC4F
:1057E000FFFF0B0000FCFFFF0B0000FCFFFF0B00A6
:1057F000000000F80B00000000F80B00000000F8AB
:105800000B00000000F80B00000000F80B00000087
:1058100000F80B00000000F80B00000000F80B007F
:10582000000000F80B00000000F80B00000000F87A
:105830000B00000000F80B00000000F80B00000057
:1058400000F80B00000000FD0700001900FE070033
:1058500000FDEAFF020000FDFFFF000000FDFF6FFA
:10586000000000A4FF06000000000000000000008F
:105870000000000000000000000000000000000028
:105880000000000000000000000000000000000018
:105890000000000000000000000000000000000008
:1058A00000000000000000000000000000000000F8
:1058B00000990140960000FF01D0FF0000FF01F0B9
:1058C0003F0000FF01F81F0000FF01FD0B0000FF7B
:1058D00001FF030000FF81FF010000FFD1BF0000B6
:1058E00000FFF12F000000FFF51F000000FFFE0782
:1058F000000000FFFF03000000FFFF07000000FFA3
:10590000F90F000000FFF52F000000FFE17F00000D
:1059100000FFC1FF000000FF41FF020000FF01FE89
:10592000070000FF01FD1F0000FF01F82F0000FF2E
:1059300001F0BF0000FF01D0FF0100990140960176
:105940000000000000000000000000000000000057
:105950000000000000000000000000000000000047
:105960000000000000000000000000000000000037
:105970000000000000000000000000000000000027
:10598000000000000000000000640600000000F8B5
:105990000B00000000F80B00000000F80B000000F6
:1059A00000F80B00000000F80B00000000F80B00EE
:1059B000000000F80B00000000F80B00000000F8E9
:1059C0000B00000000F80B00000000F80B000000C6
:1059D00000F80B00000000F80B00000000F80B00BE
:1059E000000000F80B00000000F80B00000000F8B9
:1059F0000B00000000F80B00000000F85B551500DC
:105A000000F8FFFF7F0000F8FFFF7F0000F8FFFFB6
:105A10007F000064AAAA2600000000000000000029
:105A20000000000000000000000000000000000076
:105A30000000000000000000000000000000000066
:105A40000000000000000000000000000000000056
:105A50000000000000000000000000000000000046
:105A600040560150650040FF03E0BF0040FF07F0D3
:105A7000BF0040FF07F4BF0080FF0BF8BF0080FFAE
:105A80000FFCBF0080EF1FFDFE0080AF2FBEFE00A9
:105A9000806F3F7EFD00802F7F3FFD00802FBE2F57
:105AA000FD00C02FFE1FFD01C02FFD0FFD01C02F07
:105AB000FC0BFD01C01FF807FD01C01FF403FD0131
:105AC000C01FA002FD01D01F0000FD01D01F00007B
:105AD000FD02D01F0000FD02D01F0000FD02D01FFC
:105AE0000000FC02D01F0000FC029009000094019D
:105AF00000000000000000000000000000000000A6
:105B00000000000000000000000000000000000095
:105B10000000000000000000000000000000000085
:105B20000000000000000000000000000000000075
:105B3000000000000000000040960100690080FFA6
:105B40000700FF0080FF0B00FF0080FF0F00FF0039
:105B500080FF2F00FF0080FF3F00FF0080FF7F00DD
:105B6000FF0080BFFF00FF00807FFE01FF00807FFD
:105B7000FD02FF00807FFC07FF00807FF80BFF0025
:105B8000807FF41FFF00807FE02FFF00807FD03FE9
:105B9000FF00807F807FFE00807F40FFFF00807FCE
:105BA00000FFFF00807F00FDFF00807F00FCFF0002
:105BB000807F00F8FF00807F00F0FF00807F00E022
:105BC000FF0040660050650000000000000000007B
:105BD00000000000000000000000000000000000C5
:105BE00000000000000000000000000000000000B5
:105BF00000000000000000000000000000000000A5
:105C00000000000000000000000000000000000094
:105C10000000F96B000000D0FFFF060000F4FFFF5A
:105C20001F0000FDFFFF3F0000FF1BF47F0040FF4F
:105C300001D0FF0080BF0080FF01C07F0040FF0156
:105C4000D07F0000FF02D03F0000FE02E03F0000D6
:105C5000FE02E03F0000FE03E03F0000FE03E03FE5
:105C60000000FE02D03F0000FE02D07F0000FF02D5
:105C7000D07F0040FF01C0BF0080FF0080FF01D047
:105C8000BF0040FF1BF47F0000FEFFFF2F0000F865
:105C9000FFFF0B0000E0FFFF02000040FA6B000076
:105CA00000000000000000000000000000000000F4
:105CB00000000000000000000000000000000000E4
:105CC00000000000000000000000000000000000D4
:105CD00000000000000000000000000000000000C4
:105CE000000000000000000000996A05000000FFAD
:105CF000FFBF010000FEFFFF0B0000FFFFFF2F00B2
:105D000000FF02F97F0000FF01D0BF0000FF01800B
:105D1000FF0000FF0140FF0000FF0140FF0000FF07
:105D20000180FF0000FF01C0BF0000FF01E47F0011
:105D300000FFAAFE2F0000FFFFFF0B0000FFFFFF88
:105D4000020000FFFF1B000000FF0200000000FF38
:105D50000100000000FF0100000000FF0100000042
:105D600000FF0100000000FE0100000000FF020033
:105D70000000009901000000000000000000000089
:105D80000000000000000000000000000000000013
:105D90000000000000000000000000000000000003
:105DA00000000000000000000000000000000000F3
:105DB00000000000000000000000000000000000E3
:105DC0000000F96B000000D0FFFF060000F4FFFFA9
:105DD0001F0000FDFFFF3F0000FF1BF4BF0040FF5E
:105DE00001C0FF0080FF0080FF01C07F0040FF0274
:105DF000D07F0000FF02D03F0000FE02E03F000025
:105E0000FE02E03F0000FE03E03F0000FE03E03F33
:105E10000000FE02D03F0000FE02D07F0000FF0223
:105E2000D0BF0040FF01C0FF0080FF0080FF02D014
:105E3000BF0000FF5BF93F0000FDFFFF1F0000F8FF
:105E4000FFFF070000D0FFBF01000000F91B0000AA
:105E50000000F40B00000000F41F40000000F0BF41
:105E6000FA010000D0FFFF07000080FFFF070000DD
:105E700000F9BF0100000040050000000000000024
:105E80000000000000000000000000000000000012
:105E9000000000000000000000996A05000000FFFB
:105EA000FFBF010000FFFFFF070000FFFFFF1F0013
:105EB00000FF01F92F0000FF01F03F0000FF01E0AB
:105EC0003F0000FF01D03F0000FF01E03F0000FF66
:105ED00001F82F0000FFAAFF0B0000FFFFFF0200E8
:105EE00000FFFF2F000000FFFF7F000000FF91FF79
:105EF000010000FF01FF020000FF01FD070000FF9D
:105F000001FC0B0000FF01F81F0000FF01F42F004F
:105F100000FF01E07F0000FF01D0BF0000FF01C0D3
:105F2000FF01009901405501000000000000000041
:105F30000000000000000000000000000000000061
:105F40000000000000000000000000000000000051
:105F50000000000000000000000000000000000041
:105F60000000000000000000000000000000000031
:105F70000000F9AF060000E0FFFF0F0000F8FFFF90
:105F80000F0000FDBFFA0F0000FF0700090040FFEF
:105F90000200000040FF0100000040FF020000007E
:105FA00000FF1B00000000FEFF02000000FCFF6F6E
:105FB000000000F4FFFF02000040FFFF0F000000A0
:105FC000E4FF2F00000000FE7F00000000E0BF00A3
:105FD000000000D0BF00000000C0BF00000000D0E3
:105FE0007F00401600F47F0080FFABFF2F0080FF92
:105FF000FFFF0B0080FFFFFF020000E9FF1A000017
:106000000000000000000000000000000000000090
:106010000000000000000000000000000000000080
:106020000000000000000000000000000000000070
:106030000000000000000000000000000000000060
:10604000000000000000000040A6AAAAAA00C0FFAD
:10605000FFFFFF0180FFFFFFFF0180FFFFFFFF0148
:106060000000F80F00000000F80B00000000F80B23
:1060700000000000F80B00000000F80B000000001A
:10608000F80B00000000F80B00000000F80B000007
:106090000000F80B00000000F80B00000000F80BF7
:1060A00000000000F80B00000000F80B00000000EA
:1060B000F80B00000000F80B00000000F80B0000D7
:1060C0000000F80B00000000F80B00000000F80FC3
:1060D0000000000064060000000000000000000056
:1060E00000000000000000000000000000000000B0
:1060F00000000000000000000000000000000000A0
:10610000000000000000000000000000000000008F
:10611000000000000000000000000000000000007F
:1061200040660000660080BF0040FF0080BF004066
:10613000FF0080BF0040FF0080BF0040FF0080BF25
:106140000040FF0080BF0040FF0080BF0040FF0014
:1061500080BF0040FF0080BF0040FF0080BF0040C4
:10616000FF0080BF0040FF0080BF0040FF0080BFF5
:106170000040FF0080BF0040FF0080BF0040FF00E4
:1061800080BF0040FF0080BF0040BF0040FF008094
:10619000BF0040FF02D07F0000FEAFFA2F0000FDDD
:1061A000FFFF0F0000E4FFFF02000040FA6B000059
:1061B00000000000000000000000000000000000DF
:1061C00000000000000000000000000000000000CF
:1061D00000000000000000000000000000000000BF
:1061E00000000000000000000000000000000000AF
:1061F0000000000000000000601500006405F03F92
:106200000000FD07E07F0000FE03D07F0000FF02DA
:10621000C0BF0040FF0180FF0040FF0040FF018041
:10622000BF0000FF02C07F0000FE03D03F0000FE61
:1062300007E02F0000FD07F01F0000FC0BF41F001B
:1062400000F80FF40F0000F41FF80B0000F02FFC13
:10625000070000E03FFD030000D03FFE020000C049
:106260007FFE01000080BFFF00000040FFBF000074
:106270000040FF7F00000000FE3F00000000FE2FF6
:106280000000000098150000000000000000000061
:1062900000000000000000000000000000000000FE
:1062A00000000000000000000000000000000000EE
:1062B00000000000000000000000000000000000DE
:1062C00000000000000000000000000000000000CE
:1062D00090090000A401E01F0000F803E01F000087
:1062E000F802E01F0000F802D01F0000F802D01FE3
:1062F0000000FC02D01F0000FC02D01F5001FC0275
:10630000D01FF007FC02D01FF40BFC01C02FF80FC8
:10631000FC01C02FF81FFD01C02FFD2FFD01C02F74
:10632000FD3FFD01C02F7E7FFD01802F3F7EFD00E0
:10633000806F2FBEFD0080AF1FFDFD0080EF0FFCC2
:10634000FE0080FF0BF8FF0080FF07F4BF0040FF56
:1063500003F0BF0040FF02E0BF004056015065005F
:10636000000000000000000000000000000000002D
:10637000000000000000000000000000000000001D
:10638000000000000000000000000000000000000D
:1063900000000000000000000000000000000000FD
:1063A0000000000000000000906500409601D0FF52
:1063B00000C0FF0140FF01D07F0000FF03F03F005D
:1063C00000FD0BF41F0000F80FFC0B0000F02FFE87
:1063D000070000E07FFF020000C0FFFF0000004058
:1063E000FF7F00000000FE2F00000000FD1F0000E6
:1063F0000000FE2F00000040FF7F00000080FFFF34
:10640000000000D0BFFF020000F02FFE070000F8E0
:106410001FFD0B0000FC0BF81F0000FE07F43F00FF
:1064200040FF02E0BF00C0FF01D0FF01E0BF0080DD
:10643000FF0350150000550200000000000000009E
:10644000000000000000000000000000000000004C
:10645000000000000000000000000000000000003C
:10646000000000000000000000000000000000002C
:10647000000000000000000000000000000000001C
:10648000501900005502E07F0000FE03C0BF00402D
:10649000FF0180FF0180BF0000FF02D07F0000FEEF
:1064A00003E02F0000FC0BF41F0000F80FF80B00B6
:1064B00000F02FFD070000E03FFE020000C0BFFF1C
:1064C00001000080FFBF00000000FF7F000000000F
:1064D000FE2F00000000FC1F00000000F80B000071
:1064E0000000F80B00000000F80B00000000F80BA3
:1064F00000000000F80B00000000F80B0000000096
:10650000F80B00000000F80F000000006406000017
:10651000000000000000000000000000000000007B
:10652000000000000000000000000000000000006B
:10653000000000000000000000000000000000005B
:10654000000000000000000000000000000000004B
:1065500000000000000000000099AAAA660000FFE9
:10656000FFFFBF0000FFFFFFBF0000FFFFFFBF00F6
:106570000099AAFA7F00000000F82F00000000FD3B
:106580000B00000000FF0700000080FF010000007A
:10659000D0BF00000000F03F00000000F81F000026
:1065A0000000FD0B00000000FF0300000080FF0161
:1065B000000000D0BF00000000F03F00000000F825
:1065C0001F00000000FD0B00000000FFABA96600EB
:1065D00040FFFFFFBF0040FFFFFFBF0040FFFFFF86
:1065E000BF0040A6AAAA660000000000000000004C
:1065F000000000000000000000000000000000009B
:10660000000000000000000000000000000000008A
:10661000000000000000000000000000000000403A
:106620005555000000C0FFFF010000C0FFFF010042
:1066300000C0FFFF010000C07F00000000C03F005D
:10664000000000C03F00000000C03F00000000C08C
:106650003F00000000C03F00000000C03F000000FD
:1066600000C03F00000000C03F00000000C03F002D
:10667000000000C03F00000000C03F00000000C05C
:106680003F00000000C03F00000000C03F000000CD
:1066900000C03F00000000C03F00000000C03F00FD
:1066A000000000C03F00000000C03F00000000C02C
:1066B0003F00000000C03F00000000C03F0000009D
:1066C00000C03F00000000C03F00000000C03F00CD
:1066D000000000C0BFAA01000080FFFF010000C051
:1066E000FFFF0100004055550100000000000000C0
:1066F0000000000000000000000000000055000045
:10670000000000FF0100000000FD0200000000FC8E
:106710000700000000F80B00000000F00F00000070
:1067200000E01F00000000D03F00000000807F005C
:1067300000000040BF0000000000FF01000000005A
:10674000FE0200000000FC0300000000F80B000047
:106750000000F40F00000000E01F00000000D02F38
:1067600000000000C07F0000000080BF00000000AB
:1067700000FF0000000000FE0200000000FD03001A
:10678000000000F80700000000F40B00000000F01B
:106790001F00000000E02F00000000C03F000000CC
:1067A0000080BF0000000040FF0000000000550016
:1067B00000000000000000000000000000000000D9
:1067C0000000000000000000000000000000004089
:1067D0005515000000E0FFBF000000E0FFBF000013
:1067E00000E0FFBF0000000040BF0000000040BF0D
:1067F0000000000040BF0000000040BF000000009B
:1068000040BF0000000040BF0000000040BF00008B
:10681000000040BF0000000040BF0000000040BF7B
:106820000000000040BF0000000040BF000000006A
:1068300040BF0000000040BF0000000040BF00005B
:10684000000040BF0000000040BF0000000040BF4B
:106850000000000040BF0000000040BF000000003A
:1068600040BF0000000040BF0000000040BF00002B
:10687000000040BF0000000040BF0000000040BF1B
:1068800000000090EABF000000E0FFBF000000E051
:10689000FFBF000000505555000000000000000040
:1068A00000000000000000000000000000000000E8
:1068B0000000000000000000000050010000000087
:1068C000F80B00000000FD1F00000000FF3F00006B
:1068D00000407FBF000000C01FFD010000E00BFC76
:1068E000020000F407F4070000F802E00F0000FDCA
:1068F00001D02F0000BF00807F00402A0000AA00C6
:106900000000000000000000000000000000000087
:106910000000000000000000000000000000000077
:106920000000000000000000000000000000000067
:106930000000000000000000000000000000000057
:106940000000000000000000000000000000000047
:106950000000000000000000000000000000000037
:106960000000000000000000000000000000000027
:106970000000000000000000000000000000000017
:106980000000000000000000000000000000000007
:1069900000000000000000000000000000000000F7
:1069A00000000000000000000000000000000000E7
:1069B00000000000000000000000000000000000D7
:1069C00000000000000000000000000000000000C7
:1069D00000000000000000000000000000000000B7
:1069E00000000000000000000000000000000000A7
:1069F0000000000000000000000000000000000097
:106A00000000000000000000000000000000000086
:106A10000000000000000000000000000000000076
:106A20000000000000000000000000000000000066
:106A30000000A4AAAAAAAA06F4FFFFFFFF0BF4FF16
:106A4000FFFFFF0BA4AAAAAAAA06000000000000EC
:106A500000000000000000000000000000550100E0
:106A6000000000FE0B00000000F43F00000000806A
:106A7000FF0000000000FE070000000054050000B9
:106A80000000000000000000000000000000000006
:106A900000000000000000000000000000000000F6
:106AA00000000000000000000000000000000000E6
:106AB00000000000000000000000000000000000D6
:106AC00000000000000000000000000000000000C6
:106AD00000000000000000000000000000000000B6
:106AE00000000000000000000000000000000000A6
:106AF0000000000000000000000000000000000096
:106B00000000000000000000000000000000000085
:106B10000000000000000000000000000000000075
:106B20000000000000000000000000000000000065
:106B30000000000000000000000000000000000055
:106B40000000000000000000000000000000000045
:106B500000000000000000000000000000000050E5
:106B6000AA5A000000F8FFFF020000FCFFFF0F0020
:106B700000FCAAFE2F00001800E03F00000000D03B
:106B80003F00000000D03F00000054EA3F000090AA
:106B9000FFFF3F0000F8FFFF3F0000FDAFEA3F00AE
:106BA00000FF02D03F0040FF01D03F0040FF01E066
:106BB0003F0040FF02F83F0000FFABFF3F0000FE38
:106BC000FFAF3F0000F8FF8B3F000090BF41150072
:106BD00000000000000000000000000000000000B5
:106BE00000000000000000000000000000000000A5
:106BF0000000000000000000000000000000000095
:106C0000000000000000000000000000005500002F
:106C1000000000FE0200000000FE0100000000FE77
:106C20000100000000FE0100000000FE0100000065
:106C300000FE0100000000FE416A000000FEF5FFBA
:106C4000070000FEFEFF1F0000FEFFFF3F0000FEEA
:106C50007FE47F0000FE0FC0BF0000FE0380FF0046
:106C600000FE0240FF0100FE0140FF0100FE014066
:106C7000FF0100FE0140FF0100FE0140FF0000FE99
:106C80000180FF0000FE01D0BF0000FE01F47F0084
:106C900000FEABFE2F0000FEFFFF0B0000FEFFFF1B
:106CA000020000A4FE1B0000000000000000000025
:106CB00000000000000000000000000000000000D4
:106CC00000000000000000000000000000000000C4
:106CD00000000000000000000000000000000000B4
:106CE00000000000000000000000000000000000A4
:106CF0000000000000000000000000000000000094
:106D00000000000000000000000000000000000083
:106D100090AA06000000FEFF2F000080FFFF2F005A
:106D200000E0FFFF2F0000F87F41290000FC1F005A
:106D3000000000FD0700000000FE0300000000FE50
:106D40000200000000FF0200000000FF020000003F
:106D500000FE0300000000FE0700000000FD0F0021
:106D6000000000FC6F00140000F4FFEB2F0000E0B7
:106D7000FFFF2F000040FFFF2F000000E4BF0600D0
:106D80000000000000000000000000000000000003
:106D900000000000000000000000000000000000F3
:106DA00000000000000000000000000000000000E3
:106DB0000000000000000000000000000000004093
:106DC0001500000000D07F00000000D07F00000010
:106DD00000D07F00000000D07F00000000D07F00C6
:106DE000000000C07F000000A4EA7F000080FFFFD9
:106DF0007F0000F4FFFF7F0000FCBFFE7F0000FE6D
:106E00000BD07F0040FF02C07F0040FF01D07F0019
:106E100080BF00D07F0080BF00D07F00C0BF00D007
:106E20007F00C0BF00D07F0080BF00C07F0080BF58
:106E300000E07F0080FF01F47F0040FF02FD7F0043
:106E400000FEEFFF7F0000FDFFAF3F0000F4FF8B6F
:106E50007F000090BF41150000000000000000000E
:106E60000000000000000000000000000000000022
:106E70000000000000000000000000000000000012
:106E80000000000000000000000000000000000002
:106E900000000000000000000000000000000000F2
:106EA00000000000000000000000000000000000E2
:106EB00000000000000000000000000000000000D2
:106EC000A41A00000080FFFF020000E0FFFF0B009B
:106ED00000F8AFFE1F0000FD07E03F0000FE02C00B
:106EE0007F0000FF0180BF0040FF5595BF0040FFBD
:106EF000FFFFBF0040FFFFFFBF0040FFAAAA6A00DC
:106F000040FF0000000040FF0100000000FF020001
:106F1000000000FE0B00000000FCBFAA2E0000F4E1
:106F2000FFFF2F0000D0FFFF2F000000E9BF1A0075
:106F30000000000000000000000000000000000051
:106F40000000000000000000000000000000000041
:106F50000000000000000000000000000000000031
:106F600000000000000000000000000000000054CD
:106F70005500000080FFFF010000E0FFFF0100005E
:106F8000F8FFFF010000FC1F50000000FD0700009B
:106F90000000FE0200000000FE0200000000FE02F1
:106FA00000000000FE02000040A6FEAA6600C0FF2E
:106FB000FFFFBF00C0FFFFFFBF0080AAFFABAA001A
:106FC0000000FE0200000000FE0200000000FE02C1
:106FD00000000000FE0200000000FE0200000000B1
:106FE000FE0200000000FE0200000000FE020000A1
:106FF0000000FE0200000000FE0200000000FE0291
:1070000000000000990100000000000000000000E6
:107010000000000000000000000000000000000070
:107020000000000000000000000000000000000060
:107030000000000000000000000000000000000050
:107040000000000000000000000000000000000040
:107050000000000000000000000000000000000030
:107060000000000000000000000000000000000020
:10707000A956550000D0FFFFFF0100F4FFFFFF01FC
:1070800000FC5BFDFF0100FD02F00F0000FE01E0CF
:107090001F0000FE01E01F0000FE01E01F0000FDD8
:1070A00002F41F0000FCAFFE0B0000F4FFFF020023
:1070B00000FDFFBF000000FE5405000000BF0000FF
:1070C000000000FF0100000000FFFFAA010000FD1A
:1070D000FFFF2F0000F8FFFFBF0000FE56E9FF0092
:1070E00040FF0040FF0180BF0000FF01C0BF0080E3
:1070F000FF0080FF06E4BF0040FFFFFF2F0000FD00
:10710000FFFF0B000090FE6B00000000000000007D
:10711000000000000000000000000000005500001A
:10712000000000FE0200000000FE0100000000FE62
:107130000100000000FE0100000000FE0100000050
:1071400000FE0100000000FE416A000000FEF5FFA5
:10715000070000FEFEFF1F0000FEFFFF2F0000FEE5
:107160007FF43F0000FE0FD03F0000FE03D07F0001
:1071700000FE02D07F0000FE01D07F0000FE01D0A3
:107180007F0000FE01D07F0000FE01D07F0000FEE6
:1071900001D07F0000FE01D07F0000FE01D07F0003
:1071A00000FE01D07F0000FE01D03F0000FF02D0B2
:1071B0007F00009901801A0000000000000000001C
:1071C00000000000000000000000000000000000BF
:1071D00000000000000000000000000000000000AF
:1071E000000000000000000000000000000000009F
:1071F000000000000000900600000000F41F0000E6
:107200000000F82F00000000FC2F00000000F41F19
:107210000000000090060000000000000000005484
:107220005505000000FCFF1F000000FCFF1F0000D0
:1072300000FCFF1F00000000F01F00000000F01F16
:1072400000000000F01F00000000F01F0000000020
:10725000F01F00000000F01F00000000F01F000001
:107260000000F01F00000000F01F00000000F01FF1
:1072700000000000F01F000000AAFABF6A0000FE34
:10728000FFFFBF0000FEFFFFBF000099AAAA660033
:1072900000000000000000000000000000000000EE
:1072A00000000000000000000000000000000000DE
:1072B00000000000000000000000000000000000CE
:1072C000000000000000000000000000000000A41A
:1072D0000100000000FD0700000000FF0B0000009F
:1072E00000FF0B00000000FE0700000000A40100EA
:1072F00000000000000000545555010000FEFFFF93
:10730000070000FEFFFF070000FEFFFF0700000070
:1073100000FD0700000000FC0700000000FC070063
:10732000000000FC0700000000FC0700000000FC5B
:107330000700000000FC0700000000FC0700000040
:1073400000FC0700000000FC0700000000FC070034
:10735000000000FC0700000000FC0700000000FC2B
:107360000700000000FC0700000000FD070000000F
:1073700000FE0300400640FF020040BFEAFF01009C
:1073800040FFFFBF000040FFFF1F000000E9BF01FA
:1073900000000000000000000000000000000000ED
:1073A0000000000000540100000000FE0200000088
:1073B00000FE0200000000FE0200000000FE0200CD
:1073C000000000FE0200000000FE0200000000FEBF
:1073D0000240550000FE02E0BF0000FE02F82F0050
:1073E00000FE02FD0B0000FE42FF020000FEC2FF95
:1073F000000000FEF27F000000FEFA1F000000FE09
:10740000FF07000000FEFF0B000000FEFA1F000057
:1074100000FEF27F000000FED2FF000000FE42FFEF
:10742000020000FE02FE0B0000FE02FC1F0000FE38
:1074300002F47F0000FE02D0FF0100990140950197
:10744000000000000000000000000000000000003C
:10745000000000000000000000000000000000002C
:10746000000000000000000000000000000000001C
:10747000000000000000000000000000005455055E
:10748000000000FCFF1F000000FCFF1F000000FCCC
:10749000FF1F00000000F01F00000000F01F0000B0
:1074A0000000F01F00000000F01F00000000F01FAF
:1074B00000000000F01F00000000F01F00000000AE
:1074C000F01F00000000F01F00000000F01F00008F
:1074D0000000F01F00000000F01F00000000F01F7F
:1074E00000000000F01F00000000F01F000000007E
:1074F000F01F00000000F01F00000000F01F00005F
:1075000000AAFABF6A0000FEFFFFBF0000FEFFFFF7
:10751000BF000099AAAA6600000000000000000059
:10752000000000000000000000000000000000005B
:10753000000000000000000000000000000000004B
:10754000000000000000000000000000000000003B
:10755000000000000000000000000000000000002B
:10756000000000000000000000000000000000001B
:1075700000000000000000000000000000004005C6
:107580006A801A00D08FFFF17F00D0EFFFFAFF0072
:10759000D0FFFEBFFF01D0BFF42FFD01D07FF40F5D
:1075A000FD02D02FF40BFD02D01FF407FD02D02FF7
:1075B000F407FD02D01FF407FD02D01FF407FD02FF
:1075C000D01FF407FD02D01FF407FD02D01FF407FF
:1075D000FD02D01FF407FD02D01FF407FD02D01FEB
:1075E000F407FD01D02FF40BFD028019600698010D
:1075F000000000000000000000000000000000008B
:10760000000000000000000000000000000000007A
:10761000000000000000000000000000000000006A
:10762000000000000000000000000000000000005A
:10763000000000000000000000000000000000004A
:10764000000000000000000000000000000000003A
:107650000000000000000055406A000000FEF4FF3A
:10766000070000FEFDFF1F0000FEFFFF2F0000FED1
:107670007FF43F0000FE0FD03F0000FE03D07F00EC
:1076800000FE02D07F0000FE01D07F0000FE01D08E
:107690007F0000FE01D07F0000FE01D07F0000FED1
:1076A00001D07F0000FE01D07F0000FE01D07F00EE
:1076B00000FE01D07F0000FE01D03F0000FF02D09D
:1076C0007F00009901801A00000000000000000007
:1076D00000000000000000000000000000000000AA
:1076E000000000000000000000000000000000009A
:1076F000000000000000000000000000000000008A
:107700000000000000000000000000000000000079
:107710000000000000000000000000000000000069
:107720000000000000000000000000000000000059
:10773000A51A00000090FFFF020000F4FFFF0B00FD
:1077400000FDFFFF2F0000FE1BF47F0040FF02D072
:10775000BF0080FF0080FF0080BF0040FF01C0BF6E
:107760000040FF01C07F0040FF01C0BF0040FF019B
:10777000C0BF0040FF0080FF0080FF0040FF01C04D
:10778000BF0000FF07F47F0000FEBFFE2F0000F8DF
:10779000FFFF0B0000E0FFFF02000040FA6B00005B
:1077A00000000000000000000000000000000000D9
:1077B00000000000000000000000000000000000C9
:1077C00000000000000000000000000000000000B9
:1077D00000000000000000000000000000000000A9
:1077E0000000000000000000000000000000000099
:1077F0000000000000000000000000000000000089
:107800000000000000000055406A000000FEF4FF88
:10781000070000FEFDFF1F0000FEFFFF3F0000FE0F
:107820007FE47F0000FE0FC0BF0000FE0380FF006A
:1078300000FE0240FF0100FE0140FF0100FE01408A
:10784000FF0100FE0140FF0100FE0140FF0000FEBD
:107850000180FF0000FE01D0BF0000FE01F47F00A8
:1078600000FEABFE2F0000FEFFFF0B0000FEFFFF3F
:10787000020000FEFB1B000000FE0100000000FEF5
:107880000100000000FE0100000000FE01000000F9
:1078900000FE0100000000FF020000000055010092
:1078A00000000000000000000000000000000000D8
:1078B00000000000000000000000000000000000C8
:1078C00000000000000000000000000000000000B8
:1078D00000000000000000000000000000000000A8
:1078E000A46A25000080FFFF7F0000F4FFFF7F00F7
:1078F00000FCBFFE7F0000FE0BD07F0040FF02C0F7
:107900007F0040FF01D07F0080BF00D07F0080BF9C
:1079100000D07F00C0BF00D07F00C0BF00D07F007C
:1079200080BF00C07F0080BF00E07F0080FF01F4C7
:107930007F0040FF02FD7F0000FEEFFF7F0000FDA3
:10794000FFEF7F0000F4FFCB7F000090BFC17F00FE
:10795000000000D07F00000000D07F00000000D0B9
:107960007F00000000D07F00000000D03F0000003A
:1079700000D07F0000000040150000000000000063
:1079800000000000000000000000000000000000F7
:1079900000000000000000000000000000000000E7
:1079A00000000000000000000000000000000000D7
:1079B000000000000000005401A9010000FCD3FFFA
:1079C0000F0000FCF6FF3F0000FCFFFB7F0000FC07
:1079D000BFC0BF0000FC2F80FF0000FC0B40FF0079
:1079E00000FC0740AA0000FC0700000000FC0700A4
:1079F000000000FC0700000000FC0700000000FC85
:107A00000700000000FC0700000000FC0700000069
:107A100000FC0700000000FC0700000000FC07005D
:107A200000000064020000000000000000000000F0
:107A30000000000000000000000000000000000046
:107A40000000000000000000000000000000000036
:107A50000000000000000000000000000000000026
:107A60000000000000000000000000000000000016
:107A70000000000000000000000000000000000006
:107A800000000000000000000000000000000000F6
:107A9000A56A01000090FFFF0B0000F4FFFF0B0040
:107AA00000FCAFEA0B0000FD0700050000FE03002C
:107AB000000000FD0B00000000FDBF01000000F809
:107AC000FF6F000000E0FFFF06000040FEFF1F0008
:107AD000000090FF2F00000000F43F00000000E0D5
:107AE0003F00000500F02F0000AE55FD1F0000FD17
:107AF000FFFF0B0000FEFFFF020000A4FF6B000071
:107B00000000000000000000000000000000000075
:107B10000000000000000000000000000000000065
:107B20000000000000000000000000000000000055
:107B30000000000000000000000000000000000045
:107B400000000000000000000000A4000000004051
:107B5000FF0000000040FF0000000040FF000000A8
:107B60000040FF0000004095FF551500D0FFFFFFCB
:107B70003F00D0FFFFFF3F00D0FFFFFF2F0000407E
:107B8000FF0000000040FF0000000040FF00000078
:107B90000040FF0000000040FF0000000040FF0028
:107BA00000000040FF0000000040FF000000004017
:107BB000FF0000000040FF0000000040FF02000046
:107BC0000000FFAB2A000000FEFF3F000000F8FFAE
:107BD0003F00000090FE2A000000000000000000AE
:107BE0000000000000000000000000000000000095
:107BF0000000000000000000000000000000000085
:107C00000000000000000000000000000000000074
:107C10000000000000000000000000000000000064
:107C20000000000000000000000000000000000054
:107C300000000000000000000000000000000055EF
:107C40000040150000FF01D03F0000FE01D03F00C2
:107C500000FE01D03F0000FE01D03F0000FE01D039
:107C60003F0000FE01D03F0000FE01D03F0000FEBB
:107C700001D03F0000FE01D03F0000FE01D03F00D8
:107C800000FE01D03F0000FE01E03F0000FE02F4D4
:107C90003F0000FE03FD3F0000FDEFFF3F0000FC42
:107CA000FFAF3F0000F4FF8B3F000090BF41150085
:107CB00000000000000000000000000000000000C4
:107CC00000000000000000000000000000000000B4
:107CD00000000000000000000000000000000000A4
:107CE0000000000000000000000000000000000094
:107CF0000000000000000000000000000000000084
:107D00000000000000000000000000000000000073
:107D1000000000000000501500005401E07F00004A
:107D2000FE03C0BF0000FF0180FF0040FF0040FFD6
:107D30000180BF0000FF02C07F0000FE03D03F00B3
:107D400000FD07E02F0000F80BF40F0000F40FF81F
:107D50000B0000F01FFC070000E02FFD030000D027
:107D60003FFE02000080BFFF01000040FFBF000097
:107D70000000FF7F00000000FE3F00000000FD2F1C
:107D8000000000006405000000000000000000008A
:107D900000000000000000000000000000000000E3
:107DA00000000000000000000000000000000000D3
:107DB00000000000000000000000000000000000C3
:107DC00000000000000000000000000000000000B3
:107DD00000000000000000000000000000000000A3
:107DE000000000000000000000000000000050053E
:107DF00000005001F00F0000F807E01F0000F8033A
:107E0000E01F0000F803E01F0000FC02D02F50012B
:107E1000FC02D02FF40BFC02D02FF80FFD01C03F65
:107E2000F81FFD01803FFC2FFD00803FFD3FFE005D
:107E3000807FBE7FBE0040BF3FBEBE0040FF2FFE22
:107E4000BF0040FF2FFD7F0000FF1FFC7F0000FEF2
:107E50000BF87F0000FE0BF43F0000590290150064
:107E60000000000000000000000000000000000012
:107E70000000000000000000000000000000000002
:107E800000000000000000000000000000000000F2
:107E900000000000000000000000000000000000E2
:107EA00000000000000000000000000000000000D2
:107EB00000000000000000000000000000000000C2
:107EC00000000000000040550000550080FF0180C8
:107ED000FF0100FF03D07F0000FD0BF02F0000F832
:107EE0001FF80F0000F03FFD070000D0BFFF0200A9
:107EF0000040FFFF00000000FE7F00000000FC2F9C
:107F000000000000FE7F00000040FFFF000000D0E6
:107F1000BFFF020000F03FFE070000F81FFC1F003B
:107F200000FD0BF42F0040FF02E0BF00C0FF01C0C6
:107F3000FF019065004056010000000000000000B5
:107F40000000000000000000000000000000000031
:107F50000000000000000000000000000000000021
:107F60000000000000000000000000000000000011
:107F70000000000000000000000000000000000001
:107F800000000000000000000000000000000000F1
:107F9000000000000000000000000000000050157C
:107FA00000005401E07F0000FE03C0BF0000FF019D
:107FB00080FF0040FF0040FF0180BF0000FF02D0B3
:107FC0007F0000FE03E03F0000FD07F02F0000F8F7
:107FD0000BF40F0000F40FF80B0000F01FFC07007B
:107FE00000E03FFD030000D03FFE02000080BFFF25
:107FF00000000040FFBF00000000FF7F0000000005
:10800000FE3F00000000FD1F00000000FC0F00000C
:108010000000FD0B00000000FE0300000080FF01D7
:10802000000090F9BF000000D0FF2F000000D0FF3B
:108030000B000000D0AF01000000000000000000B5
:108040000000000000000000000000000000000030
:108050000000000000000000000000000000000020
:108060000000000000000000000000000000000010
:1080700000000000000000545555150000FDFFFFF2
:108080002F0000FDFFFF2F0000FDFFFF2F000099D4
:10809000A6FE1F00000000FE0700000040FF0200D7
:1080A0000000D0BF00000000F03F00000000F81FFB
:1080B00000000000FE0B00000040FF02000000D0A6
:1080C000FF00000000F07F00000000F86F55150071
:1080D00000FDFFFF3F0000FEFFFF3F0000FEFFFF2F
:1080E0003F000099AAAA190000000000000000004B
:1080F0000000000000000000000000000000000080
:10810000000000000000000000000000000000006F
:10811000000000000000000000000000000000005F
:1081200000400500000000FE0B000000D0FF0B0027
:108130000000F0FF0B000000F41F00000000F80733
:1081400000000000FC0300000000FC030000000031
:10815000FC0300000000FC0300000000FC03000022
:108160000000FC0300000000FC0200000000FD0213
:1081700000000094FF01000000FE7F00000000FEF0
:108180001F00000000FEBF0000000040FF010000D3
:108190000000FD0200000000FC0200000000FC03E3
:1081A00000000000FC0300000000FC0300000000D1
:1081B000FC0300000000FC0300000000FC030000C2
:1081C0000000FC0300000000F80700000000F81F9A
:1081D00000000000F0BF0A000000D0FF0B0000000C
:1081E00040FE0B00000000540500000000000000ED
:1081F0000000F40B00000000F40B00000000F40B82
:1082000000000000F40B00000000F40B0000000070
:10821000F40B00000000F40B00000000F40B000061
:108220000000F40B00000000F40B00000000F40B51
:1082300000000000F40B00000000F40B0000000040
:10824000F40B00000000F40B00000000F40B000031
:108250000000F40B00000000F40B00000000F40B21
:1082600000000000F40B00000000F40B0000000010
:10827000F40B00000000F40B00000000F40B000001
:108280000000F40B00000000F40B00000000F40BF1
:1082900000000000F40B00000000F40B00000000E0
:1082A000F40B00000000F40B00000000F40B0000D1
:1082B0000000F40B00000000F40B00000000A40616
:1082C000000000000000000000000000000000505E
:1082D0000100000000F46F00000000F4FF01000046
:1082E00000F4FF0700000000FD0B00000000F40F89
:1082F00000000000E01F00000000E01F0000000080
:10830000E01F00000000E01F00000000E01F000070
:108310000000E01F00000000E01F00000000D02F60
:1083200000000000C0BF1500000040FE3F0000003C
:1083300000F93F00000040FF2F000000C0BF000018
:108340000000D02F00000000E01F00000000E01F30
:1083500000000000E01F00000000E01F000000001F
:10836000E01F00000000E01F00000000E01F000010
:108370000000E01F00000000F00F00000000F80BFC
:10838000000000A4FF07000000F4FF02000000F45A
:108390007F00000000540500000000000000000005
:1083A00000000000000000000000000000000000CD
:1083B00000000000000000000000000000000000BD
:1083C00000000000000000000000000000000000AD
:1083D000000000000000000000000000000000009D
:1083E000000000000000000000000000000000404D
:1083F0000100000000F82F00000000FFBF00F8029D
:1084000080FFFF07FC02C0BFFE1FFE01D01FF4FF6C
:10841000FF01D01FD0FFBF00500540FE2F0000001D
:1084200000A40600000000000000000000000000A2
:10843000000000000000000000000000000000003C
:10844000000000000000000000000000000000002C
:10845000000000000000000000000000000000001C
:10846000000000000000000000000000000000000C
:1084700000000000000000000000000000000000FC
:1084800000000000000000000000000000000000EC
:1084900000000000000000000000000000000000DC
:1084A00000000000000000000000000000000000CC
:1084B00000000000000000000000000000000000BC
:1084C00000000000000000000000000000000000AC
:1084D000000000000000000000000000000000009C
:1084E0000000000000F0070000F0070000F00700A7
:1084F00000F0030000F0030000F0030000F00300B0
:1085000000E0030000E0030000E0030000E00200E0
:1085100000E00300005001000000000000E0020045
:1085200000F4070000F4070000E002000000000073
:10853000000000000000000000000000000000003B
:1085400000000000402F7E00402F7D00402F7D0066
:10855000402F7D00001F7D00001F7D0000051400DE
:10856000000000000000000000000000000000000B
:1085700000000000000000000000000000000000FB
:1085800000000000000000000000000000000000EB
:1085900000000000000000000000000000000000DB
:1085A00000000000000000000029A400002DF400DD
:1085B000002EB800002EB800A0BFFE0AF0FFFF0B8F
:1085C000906FBE05001F7C00401F7C00400F3D00E7
:1085D000A4AFBE02F8FFFF03945F7E01800B2E0064
:1085E000800B2E00800B2E0080061A000000000079
:1085F0000000000000000000000000000000050076
:1086000000400F0000400B0000E46B0040FFFF0043
:10861000D0FFFB00E0CB4300F0C30300F0D7020023
:10862000E0FF0200C0FF1B0000FEBF0000F4FF01DE
:1086300000F0FD0300F0F00300B4F003A0B5F90270
:10864000F0FFFF01F0FF7F0050BE06000078000041
:10865000003C0000003D00000000000000000000A1
:1086600000010000D02F400BF47EC007B8B8E00234
:1086700078B4F400B8B47C00F47E2D00E02F1F0025
:1086800040850B0000D0030000F0010000B8A801F5
:10869000007DFE07005E9F0B408F4B0BC0874B0B8E
:1086A000E0428B0BF400FF076800B90100000000F6
:1086B00000000000000000000000000000000000BA
:1086C0000000000000F9060040FF1F00D05F3F00DF
:1086D000D0077E00E0077E00D0073F00C0DF1F000C
:1086E00040FF070040FF0000D0FFD107F0F7D3079D
:1086F000F4E1EB03F881FF02F801FF01F802FD014C
:10870000F4ABFF02E0FFFF0B40FE861A0000000002
:108710000000000000000000000000000000000059
:108720000000000000F0070000F0030000F003006C
:1087300000E0030000E0030000E00300004001004F
:108740000000000000000000000000000000000029
:108750000000000000000000000000000000000019
:108760000000000000000000000000000000000009
:1087700000000000000000000000000000000000F9
:108780000000180000007E0000402F0000D00F0005
:1087900000E0070000F4020000F8000000BD000047
:1087A000007D0000007E0000003E0000003E000052
:1087B000003E0000003E0000007E0000007D000042
:1087C00000BD000000F8010000F4020000E0070016
:1087D00000D00F0000802F0000000000000000000B
:1087E00000090000002F000000BE000000F801009A
:1087F00000F0030000D00B0000C00F0000801F003D
:1088000000402F0000002F0000003E0000003E004E
:1088100000003E0000003E0000002F0000402F003E
:1088200000801F0000C00F0000D00B0000F003000C
:1088300000F8010000BE0000000000000000000081
:108840000000000000E0020040E0420080D3E200AF
:10885000D0EFFE0140FE6F0000F80B0040FFBF00AC
:10886000D0EBFA0180D2A20000E0020000900200EA
:1088700000000000000000000000000000000000F8
:1088800000000000000000000000000000000000E8
:1088900000000000000000000000000000000000D8
:1088A00000000000000000000000000000000000C8
:1088B000000000000000000000E0020000E00300F3
:1088C00000E0030000E0030050E55701F4FFFF075C
:1088D000F4FFFF0750E5570100E0030000E003004C
:1088E00000E0030000E00300005001000000000071
:1088F0000000000000000000000000000000000078
:108900000000000000000000000000000000000067
:108910000000000000000000000000000000000057
:108920000000000000000000000000000000000047
:10893000000000000000000000A0010000F407009B
:1089400000F80B0000F40B0000D00B0000D00B006F
:1089500000E0030040FE01000000000000000000F5
:108960000000000000000000000000000000000007
:1089700000000000000000000000000000000000F7
:1089800000000000000000000055150000FF7F00FF
:1089900000FF7F00005515000000000000000000EF
:1089A00000000000000000000000000000000000C7
:1089B00000000000000000000000000000000000B7
:1089C00000000000000000000000000000000000A7
:1089D0000000000000000000000000000000000097
:1089E0000000000000000000000000000000000087
:1089F000000000000000000000E0020000F80B0092
:108A000000F80B0000F80B0000E00200000000007E
:108A10000000000000000000000000000000000056
:108A2000000000000000F4020000F8010000BC009B
:108A300000007D0000003E0000402F0000801F006D
:108A400000C00B0000D0070000E0030000F40200AB
:108A500000F8010000BC0000007D0000003E0000A6
:108A6000402F0000801F0000C00B0000D007000056
:108A7000F0030000A0010000000000000000000062
:108A8000000000000000000000E81B0040FFBF00E5
:108A9000C0AFFE01E00BF802F003F003F402F407AC
:108AA000F402FE07F4D1FF0BF4F5DB0BF4FFD10B5E
:108AB000F42FD007F40BE007F003F003E00BF8020B
:108AC000D0AFFE0040FF7F0000F91B000000000057
:108AD0000000000000000000000000000000000096
:108AE00000000000000000000090060000F90B00EC
:108AF00090FF0B00E0EF0B00D0D60B0040D00B0036
:108B000000D00B0000D00B0000D00B0000D00B00F9
:108B100000D00B0000D00B0000D00B0000D00B00E9
:108B2000D0FFFF03D0FFFF0390AAAA0200000000BD
:108B30000000000000000000000000000000000035
:108B4000000000000000000000F91B0080FF7F0013
:108B5000D0AFFF008006FD010000F8010000F80121
:108B60000000FC010000BD0000407F0000C02F009D
:108B700000E00B0000F8020000BE0000803F000093
:108B8000D0FFFF02E0FFFF0390AAAA02000000004E
:108B900000000000000000000000000000000000D5
:108BA000000000000000000040FE0A00C0FF7F003F
:108BB000C0AABF000000FD000000F8010000FC009A
:108BC0000000BE0000E92F0000FE6F000095FF01CD
:108BD0000000F8020000F0030000F4030000F802B7
:108BE00090AAFF01D0FF7F00D0FF06000000000028
:108BF0000000000000000000000000000000000075
:108C0000000000000000000000806A0000D07F002B
:108C100000E07F0000F47F0000BC7D00007E7D004E
:108C2000402F7D00801F7D00D00B7D00E0037D0084
:108C3000F456BE05F8FFFF0BF8FFFF0B6465BE0599
:108C400000007D0000007D000000690000000000C1
:108C50000000000000000000000000000000000014
:108C6000000000000000000080AAAA00C0FFFF0072
:108C7000C0FFFF00C05B5500C00B0000C00B000030
:108C8000C05F0500C0FF2F00C0FFFF000000FD0116
:108C90000000F8020000F4020000F4020000FC01F1
:108CA00090AABF00D0FF2F0090BF06000000000078
:108CB00000000000000000000000000000000000B4
:108CC00000000000000000000050AA0000F8FF00B3
:108CD00000FEAA00806F0000C00F0000D00B000053
:108CE000E0570500E0FFBF00F0FFFF02F01BF803B4
:108CF000F003F007E007E007E007E007D00BF4031C
:108D0000C0AFFE0140FFBF0000F81B0000000000E4
:108D10000000000000000000000000000000000053
:108D20000000000000000000A0AAAA02F0FFFF035C
:108D3000E0FFFF035055F9020000FC010000BD00F8
:108D400000007F0000402F0000801F0000D00F00B7
:108D500000E00B0000F4030000F8020000FC01003A
:108D600000BE0000007F0000402A0000000000005C
:108D700000000000000000000000000000000000F3
:108D8000000000000000000000F91B0040FFBF00D1
:108D9000D05FF901D007F402E007F002D00BF80130
:108DA000C07FBE0040FF2F0000FD2F0040BFFF002E
:108DB000D01FFD02E007F403E003F003E007F40333
:108DC000E06FFE0280FFBF0000F91B000000000002
:108DD0000000000000000000000000000000000093
:108DE000000000000000000000F91B0080FF7F0071
:108DF000D0AFFE00F007F801F003F402F402F40231
:108E0000F403F003F00BF903D0FFFF0380FFFF032F
:108E10000054F5020000F4020000FC010050BF0005
:108E2000D0FF3F00D0FF0B00906A0100000000005F
:108E30000000000000000000000000000000000032
:108E40000000000000000000000000000000000022
:108E5000000000000000000000E0020000F40B0031
:108E600000F80B0000F407000050010000000000B3
:108E700000000000000000000050010000F40700A6
:108E800000F80B0000F40B0000E0020000000000FE
:108E900000000000000000000000000000000000D2
:108EA00000000000000000000000000000000000C2
:108EB000000000000000000000E0020000F40B00D1
:108EC00000F80B0000F40700005001000000000053
:108ED00000000000000000000090010000F4070006
:108EE00000F40B0000F00F0000D00F0000C00B00DA
:108EF00000E0070040FE010000000000000000004C
:108F00000000000000000000000000000000000061
:108F100000000000000028000000BE0000C07F002C
:108F200000F40B0000FD020040BF0000D01F000055
:108F3000D02F000040BF000000F8070000E01F0035
:108F400000807F000000BE0000002800000000003C
:108F50000000000000000000000000000000000011
:108F60000000000000000000000000000000000001
:108F700000000000000000000000000000000000F1
:108F800090AAAA01E0FFFF0290AAAA010000000037
:108F90000000000090AAAA01E0FFFF0290AAAA0127
:108FA00000000000000000000000000000000000C1
:108FB00000000000000000000000000000000000B1
:108FC00000000000000000000000000000000000A1
:108FD00000000000000A0000403F000000FE010009
:108FE00000F8070000E01F0000807F000000FD0285
:108FF0000000FE0100807F0000E01F0000FD020075
:1090000040BF0000402F00000009000000000000E9
:109010000000000000000000000000000000000050
:109020000000000000BE010000FE1F0000FA7F00EB
:109030000040FF000000FD010000FC010000FC01F9
:109040000000FE0000F87F0000F81B0000F801009F
:1090500000F8000000A400000000000000B40000C0
:1090600000FD020000FD020000B40000000000004E
:1090700000000000000000000000000000000000F0
:109080000000050000E46F0000FDFF01006FE40335
:10909000800FD007D007800BE002400BF0E16B0F90
:1090A000F4F87F0FB4BC6E0FB83D6E0F782E6E0FC4
:1090B000782E5E0F7C2E5F0B7C2E5F0B78AEAF0799
:1090C00078FDFF03B8B8B901B8000000F401000052
:1090D000F0021000D05B79000000000000000000EA
:1090E000000000000000000000A40A0000F80F00CB
:1090F00000FC1F0000BD2F00007E2F00002F3F004E
:10910000402F7E00401FBD00800FFD00C00BFC0102
:10911000D00BF801E0FFFF02E0FFFF03F067F90763
:10912000F401E00BF801D00FA800800A0000000055
:10913000000000000000000000000000000000002F
:10914000000000000000000090AA1A00E0FFBF002D
:10915000E0ABFF01E007F802E007F402E007F402E9
:10916000E007F801E0AB7F00E0FF7F00E09BFE023C
:10917000E007F403E007E007E007F007E007F80383
:10918000E0ABFF02E0FFBF0090AA16000000000065
:1091900000000000000000000000000000000000CF
:1091A000000000000000000000A4BF0100FDFF025D
:1091B00040FFFA02C06F4001D00F0000E00B00003A
:1091C000F0070000F0070000F0030000F0030000CB
:1091D000F0070000E0070000E00F0000D02F400182
:1091E00080FFFA0200FEFF0200E4AF010000000071
:1091F000000000000000000000000000000000006F
:109200000000000000000000A0AA0600F0FF6F00B0
:10921000F0ABFF00F002FD02F002F403F002E00701
:10922000F002E007F002E00BF002E00BF002E00BCE
:10923000F002E007F002F007F002F403F002FD0193
:10924000F0EBBF00F0FF2F00A0AA0100000000001B
:10925000000000000000000000000000000000000E
:10926000000000000000000080AAAA01C0FFFF016A
:10927000C0AFAA01C00F0000C00F0000C00F000067
:10928000C01F0000C0FFFF00C0FFFF00C06F5500FF
:10929000C00F0000C00F0000C00F0000C00F000092
:1092A000C0AFAA01C0FFFF0180AAAA010000000010
:1092B00000000000000000000000000000000000AE
:1092C000000000000000000080AAAA00C0FFFF010B
:1092D000C0AFAA00C00F0000C00F0000C00F000008
:1092E000C00F0000C06F5500C0FFFF00C0FFBF00EF
:1092F000C01F0000C00F0000C00F0000C00F000022
:10930000C00F0000C00F0000800A00000000000035
:10931000000000000000000000000000000000004D
:10932000000000000000000000A4AF0100FEFF03E9
:1093300080FFFA03D02F4001E00B0000F003000093
:10934000F4020000F442AA02F442FF03F442FA03DA
:10935000F402E003F403E003F007E003E01FE0039E
:10936000C0FFFA0340FFFF0300E4AF01000000006C
:1093700000000000000000000000000000000000ED
:109380000000000000000000A002A002F003E003C3
:10939000F003E003F003E003F003E003F003E00375
:1093A000F057E503F0FFFF03F0FFFF03F09BF60328
:1093B000F003E003F003E003F003E003F003E00355
:1093C000F003E003F003E003A002A00200000000AD
:1093D000000000000000000000000000000000008D
:1093E000000000000000000090AAAA01D0FFFF01C9
:1093F00090FAAB0100F0030000F0030000F003005E
:1094000000F0030000F0030000F0030000F0030090
:1094100000F0030000F0030000F0030000F0030080
:1094200090FAAB01D0FFFF0190AAAA010000000052
:10943000000000000000000000000000000000002C
:10944000000000000000000080AA6A00C0FFBF000A
:1094500080AABE000000BD000000BD000000BD00ED
:109460000000BD000000BD000000BD000000BD0008
:109470000000BD000000BD000000BD0040007F00F6
:10948000C0AB3F00C0FF1F0040FE06000000000010
:1094900000000000000000000000000000000000CC
:1094A00000000000000000009006A006E007F8029F
:1094B000E007FD00E0077F00E0872F00E0C70F0016
:1094C000E0E70700E0FB0200E0FF0100E0FB07002F
:1094D000E0E70B00E0C71F00E0473F00E007BE00E9
:1094E000E007FD01E007F8039006A0060000000079
:1094F000000000000000000000000000000000006C
:109500000000000000000000801A0000801F000022
:10951000801F0000801F0000801F0000801F0000CF
:10952000801F0000801F0000801F0000801F0000BF
:10953000801F0000801F0000801F0000801F0000AF
:1095400080FFFF0280FFFF0280AAAA020000000045
:10955000000000000000000000000000000000000B
:109560000000000000000000A006A402F00FF803B5
:10957000F01FFC03F01FFD03F02EEE03F03DDF07AC
:10958000F07DDB07F0F8CB07F4F4C707F4F0C3076E
:10959000F4F0C207F490C107F400C007F400C00B58
:1095A000F400C00BF400C00BA40080060000000013
:1095B00000000000000000000000000000000000AB
:1095C0000000000000000000A00A9002F01FD00779
:1095D000F02FD007F03FD007F07FD007F0BED007C4
:1095E000F0FAD107F0F6D207F0E2D307F0D2D707AE
:1095F000F0C2DB07F082EF07F002FF07F002FE0780
:10960000F002FD07F002FC07A002A4020000000027
:10961000000000000000000000000000000000004A
:10962000000000000000000000E81B0040FFBF0039
:10963000C0BFFF01E00BF803F003F007F402E00BFA
:10964000F402D00BF801D00BF801D00BF801D00BCD
:10965000F802D00BF402E007F403F007E00BF80285
:10966000D0BFFF0180FF7F0000F91B000000000059
:1096700000000000000000000000000000000000EA
:10968000000000000000000090AA0600D0FF7F004C
:10969000D0AFFF01D007F803D007F003D007E007F1
:1096A000D007F007D007F403D007FD02D0FFBF00BA
:1096B000D0FF2F00D05B0100D0070000D0070000D2
:1096C000D0070000D0070000900600000000000056
:1096D000000000000000000000000000000000008A
:1096E000000000000000000000E81B0040FFBF0079
:1096F000C0BFFF01E00BF803F003F007F402E00B3A
:10970000F402D00BF801D00BF801D00BF801D00B0C
:10971000F802D00BF402E007F407F007E01FF902AB
:10972000D0FFFF0140FF7F0000F90B0000E00300C5
:1097300000E00B0500D0FF0B00000000000000005F
:10974000000000000000000090AA0600E0FF7F007B
:10975000E0ABFF00E007FD01E007F802E007F802D8
:10976000E007FC01E09BBF00E0FF1F00E0FF0F00EF
:10977000E0872F00E0077F00E007BE00E007FC0164
:10978000E007F802E007F4039006A00600000000DE
:1097900000000000000000000000000000000000C9
:1097A000000000000000000000E96B0040FFBF0067
:1097B000D0BFBA00E00B4000E0070000E00B000063
:1097C000D0BF010080FF1B0000FE7F0000E4FF010E
:1097D0000000FD020000F4030000F4036000F80242
:1097E000F0ABFF01F0FF7F0090FE1A0000000000C8
:1097F0000000000000000000000000000000000069
:109800000000000000000000A0AAAA06F4FFFF0765
:10981000A0FAAB0600F0030000F0030000F0030024
:1098200000F0030000F0030000F0030000F003006C
:1098300000F0030000F0030000F0030000F003005C
:1098400000F0030000F0030000A002000000000090
:109850000000000000000000000000000000000008
:109860000000000000000000A002A002F003E007DA
:10987000F002E007F003E007F003E007F003E00781
:10988000F003E007F003E007F003E007F003E00770
:10989000F003E007F003E007F003F003E007F40251
:1098A000D06FFE0180FFBF0000F91B000000000028
:1098B00000000000000000000000000000000000A8
:1098C0000000000000000000A801800AF802D00F8C
:1098D000F402D00BF003E007E007F003E00BF40222
:1098E000D00BF801C01FF800801FBC00402FBD0046
:1098F000403F7E00007E3E0000BE2F0000FD1F00A6
:1099000000FC1F0000F80F0000A40600000000008B
:109910000000000000000000000000000000000047
:109920000000000000000000A400400AF800800BC6
:10993000F800800BF400800BF400800BF490810B96
:10994000F4E08307F4F0C707F4F0C707F4F4CB079B
:10995000F079DF07F03DDF07F02EEE07F01FFD0383
:10996000F00FFC03F00BF803A006A40200000000B7
:1099700000000000000000000000000000000000E7
:109980000000000000000000A402A006F007F4039D
:10999000D00FFC01C01FBD00403F7F0000FE2F0024
:1099A00000FD1F0000F80B0000F4070000FC0F0092
:1099B00000FD2F00007F3F00802FBE00D00FFD0173
:1099C000E00BF802F403F407A802A00A000000006C
:1099D0000000000000000000000000000000000087
:1099E0000000000000000000A801800AF402E00B63
:1099F000F007F003D00BF802C01FFC00402FBD00A1
:109A0000003F3E0000BE2F0000FC1F0000F80B00CE
:109A100000F0070000F0030000F0030000F0030076
:109A200000F0030000F0030000A0020000000000AE
:109A30000000000000000000000000000000000026
:109A4000000000000000000090AAAA02E0FFFF034F
:109A5000E0FFFF020000FD010000BE0000403F00EB
:109A600000C01F0000E00B0000F0070000F802003B
:109A700000FD0000007F0000802F0000D01F0000CC
:109A8000E0FFFF03F0FFFF03A0AAAA02000000000E
:109A900000000000000000000000000000000000C6
:109AA0000059150000FE2F0000FD2F00007D000072
:109AB000007D0000007D0000007D0000007D0000B2
:109AC000007D0000007D0000007D0000007D0000A2
:109AD000007D0000007D0000007D0000007D000092
:109AE000007D0000007D0000007D0000007D000082
:109AF000007D000000BD2A00000000000000000002
:109B000000000000D0070000C00B0000801F000014
:109B1000402F0000003E0000007D000000BC00005F
:109B200000F8010000F4020000E0030000D007008C
:109B300000C00B0000801F0000402F0000003E000E
:109B400000007D000000BC000000F8010000F402ED
:109B50000000E00300009002000000000000000090
:109B600000550A0000FF1F0000FE1F0000401F00FC
:109B700000401F0000401F0000401F0000401F0069
:109B800000401F0000401F0000401F0000401F0059
:109B900000401F0000401F0000401F0000401F0049
:109BA00000401F0000401F0000401F0000401F0039
:109BB00000401F0000EA1F0000000000000000003D
:109BC000000000000000000000A0020000F40700F8
:109BD00000B80F00002D1F00001F3D00800BBC00CF
:109BE000C007F401E002E002500040010000000064
:109BF0000000000000000000000000000000000065
:109C00000000000000000000000000000000000054
:109C10000000000000000000000000000000000044
:109C20000000000000000000000000000000000034
:109C30000000000000000000000000000000000024
:109C40000000000000000000000000000000000014
:109C50000000000000000000000000000000000004
:109C600000000000000000000000000000000000F4
:109C700000000000A8AAAA1A0000000000000000CE
:109C800000000000D01F0000407F000000F801002D
:109C90000050010000000000000000000000000073
:109CA00000000000000000000000000000000000B4
:109CB00000000000000000000000000000000000A4
:109CC0000000000000000000000000000000000094
:109CD0000000000000000000000000000000000084
:109CE0000000000000000000000000000000000074
:109CF000000000000050010080FF2F00C0FFFF00A7
:109D00008005FD010000F4020050F50200FEFF0294
:109D100080FFFF02D01FF402E007F402E007FD021B
:109D2000E0AFFF02C0FFFB0240BEA1010000000047
:109D30000000000000000000000000000000000023
:109D400000000000D0070000D0070000D00700008E
:109D5000D0070000D0070500D0D77F00D0FBFF015F
:109D6000D0BFFE02D01FF403D00BE007D007E007FE
:109D7000D007E007D007E007D007F003D007F802CC
:109D8000D0AFFE01D0FF7F0080FE1A00000000006F
:109D900000000000000000000000000000000000C3
:109DA00000000000000000000000000000000000B3
:109DB000000000000000150000E4FF0000FEFF01AD
:109DC00040BFEA01C02F0000D00F0000D00B000000
:109DD000D00B0000D00B0000D00F0000C02F4000BF
:109DE00040FFFA0100FEFF0100E4AF0000000000A8
:109DF0000000000000000000000000000000000063
:109E0000000000000000F4020000F4020000F40270
:109E10000000F4020040F50200F9FF0240FFFF02DB
:109E2000D06FF902E00BF402F003F402F003F40245
:109E3000F402F402F003F402F003F802E00BFE0275
:109E4000D0AFFF0280FFFB0200BEA10100000000B6
:109E50000000000000000000000000000000000002
:109E600000000000000000000000000000000000F2
:109E7000000000000040010000F92F0040FFBF007B
:109E8000C01FF901D007F402E007F003E0FFFF0371
:109E9000F0FFFF03E0575501E0070000D00B000082
:109EA000C0BFA90140FFFF0100E8AF0100000000B2
:109EB00000000000000000000000000000000000A2
:109EC000000054000080FF0700E0FF0700F45B067D
:109ED00000F8020000F8010000F8010050F95501F7
:109EE000F0FFFF03F0FFFF0350F9550100F80100F8
:109EF00000F8010000F8010000F8010000F801007E
:109F000000F8010000F8010000A4010000000000BA
:109F10000000000000000000000000000000000041
:109F20000000000000000000000000000000000031
:109F3000000000000050010000FDFF0780FFFF0748
:109F4000C01FBD01D007F800D007F801D00BF80002
:109F5000806FBE0080FF2F00D0570500E003000097
:109F6000E0AF1A0080FFFF01D0AFFE03F003E0076F
:109F7000F402E007F05BF9030000000000000000BD
:109F800000000000D0070000D0070000D00700004C
:109F9000D0070000D0070500D0D77F00D0FBFF001E
:109FA000D0BFFE01D01FF402D00BF402D007F402A0
:109FB000D007F402D007F402D007F402D007F4026D
:109FC000D007F402D007F4029006A40100000000BC
:109FD0000000000000000000000000000000000081
:109FE0000040010000E0070000F00B0000E0070067
:109FF000004001000000000080FF0700C0FF0700D4
:10A0000040E6070000E0070000E0070000E007006E
:10A0100000E0070000E0070000E0070000E00700A4
:10A0200090FAAB02D0FFFF0390AAAA020000000042
:10A030000000000000000000000000000000000020
:10A040000000140000007F000040BF0000007F00FF
:10A050000000140000000000D0FF7F00D0FF7F0050
:10A0600040657E0000007E0000007E0000007E0053
:10A0700000007E0000007E0000007E0000007E00E8
:10A0800000007E0000007E0000007E0000007E00D8
:10A0900010403F00E0E62F0000000000000000003C
:10A0A00000000000D00B0000D00B0000D00B00001F
:10A0B000D00B0000D00B0000D00BF802D00BFD013C
:10A0C000D04B7F00D0CB1F00D0EB0B00D0FF0200A5
:10A0D000D0FF0300D0EB0B00D0CB2F00D04B7F0084
:10A0E000D00BFE00D00BFC029006A406000000007E
:10A0F0000000000000000000000000000000000060
:10A100000000000080FF0700C0FF070040E60700D6
:10A1100000E0070000E0070000E0070000E00700A3
:10A1200000E0070000E0070000E0070000E0070093
:10A1300000E0070000E0070000E0070000E0070083
:10A1400090FAAB02D0FFFF0390AAAA020000000021
:10A1500000000000000000000000000000000000FF
:10A1600000000000000000000000000000000000EF
:10A170000000000000105000B4BDF802F4FFFE071C
:10A18000F4E7DB07F4E2C70BF4E1C20BF4E0C20B27
:10A19000F4E1C20BF4E0C20BF4E0C20BF4E0C20B3A
:10A1A000F4E0C20BF4E1C20BA490820600000000B0
:10A1B000000000000000000000000000000000009F
:10A1C000000000000000000000000000000000008F
:10A1D0000000000000000500D0D37F00D0FBFF008E
:10A1E000D0BFFE01D01FF402D00BF402D007F4025E
:10A1F000D007F402D007F402D007F402D007F4022B
:10A20000D007F402D007F4029006A4010000000079
:10A21000000000000000000000000000000000003E
:10A22000000000000000000000000000000000002E
:10A23000000000000050010000F92F0080FFBF0067
:10A24000D0AFFE02E00BF403F003E007F402E007F6
:10A25000F402E007F403E007F003F003E00BF80278
:10A26000D0BFFF0180FF7F0000F91B00000000004D
:10A2700000000000000000000000000000000000DE
:10A2800000000000000000000000000000000000CE
:10A290000000000000000500D0D37F00D0FBFF01CC
:10A2A000D0BFFE02D01FF403D00BE007D007E007B9
:10A2B000D007E007D007E007D007F003D007F80287
:10A2C000D0AFFE01D0FF7F00D0FF1A00D007000002
:10A2D000D0070000D00700000000000000000000D0
:10A2E000000000000000000000000000000000006E
:10A2F000000000000040010000F9FF0240FFFF02E3
:10A30000D06FF902E00BF402F003F402F003F40260
:10A31000F402F402F003F402F003F802E00BFE0290
:10A32000D0AFFF0280FFFB0200BEF5020000F40286
:10A330000000F4020000F402000000000000000031
:10A34000000000000000000000000000000000000D
:10A350000000000000000400808BBF00C0EBFF0283
:10A36000C0BFF903C02FE003C01FE007C00F00000B
:10A37000C00F0000C00F0000C00F0000C00F0000A1
:10A38000C00F0000C00F0000800A000000000000A5
:10A3900000000000000000000000000000000000BD
:10A3A00000000000000000000000000000000000AD
:10A3B000000000000040050000F97F0080FFBF00A2
:10A3C000C01F5400D00F0000C06F000080FF1B00B2
:10A3D00000FE7F000090FF010000FD010000F80179
:10A3E000D056FE01D0FF7F0080FE1A000000000062
:10A3F000000000000000000000000000000000005D
:10A40000000000000000000000A4000000BD0000EB
:10A4100000BC000000BD0000F4FFFF01F4FFFF01DD
:10A4200054FE550100BC000000BD000000BD00004E
:10A4300000BD000000BD000000BD000000FC0000E9
:10A4400000FCAA0100F4FF010090BF010000000021
:10A4500000000000000000000000000000000000FC
:10A4600000000000000000000000000000000000EC
:10A470000000000000000000D007F402D007F40242
:10A48000D007F402D007F402D007F402D007F40298
:10A49000D007F402D007F402D007F802D00BFE0276
:10A4A000D0AFFF0280FFFB0200BEA1010000000050
:10A4B000000000000000000000000000000000009C
:10A4C000000000000000000000000000000000008C
:10A4D0000000000000000000F802D00BF403E007C9
:10A4E000E007F003D00BF402C00FF801801FFC005E
:10A4F000402FBD00003F7E00007E2F0000BD1F00EA
:10A5000000FC0F0000F80B0000A006000000000097
:10A51000000000000000000000000000000000003B
:10A52000000000000000000000000000000000002B
:10A530000000000000000000B800800FF800800F4D
:10A54000F800800BF451810BF4E1C307F4F1C70765
:10A55000F0F5CB07F0BADF03E07EEF03E03FFE0249
:10A56000E02FFD02D01FFD02900AA80100000000AC
:10A5700000000000000000000000000000000000DB
:10A5800000000000000000000000000000000000CB
:10A590000000000000000000F007E007D00FF80204
:10A5A000802FFD00007F7E0000FD2F0000F80F00CF
:10A5B00000F40B0000FC1F0000BE3F00402FBE0057
:10A5C000C01FFC01E00BF403A402A0060000000081
:10A5D000000000000000000000000000000000007B
:10A5E000000000000000000000000000000000006B
:10A5F0000000000000000000F802D00BF403E007A8
:10A60000E007F003D00BF402C00FF801801FFC003C
:10A61000402FBD00003F7E00007E2F0000FD1F0088
:10A6200000FC0F0000F80B0000F4070000F402002B
:10A6300000FC0100A4BF00000000000000000000BA
:10A64000000000000000000000000000000000000A
:10A650000000000000000000D0FFFF01D0FFFF015C
:10A6600080AAFF0000007F0000802F0000D00F00B4
:10A6700000F4070000FC010000BE0000403F0000A5
:10A68000D0FFFF01D0FFFF0190AAAA010000000047
:10A6900000000000000000000000000000000000BA
:10A6A00000000000000000000000000000000000AA
:10A6B000000000000000000000000000000000009A
:10A6C000000000000000000000000000000000008A
:10A6D000000000000000000000000000B400400F77
:10A6E00000B400000B00B000000B00B000000B0035
:10A6F000B000000B00B000000B005000000000A0F4
:10A7000000400F00F400000A0000000000000000FC
:10A7100000000000000000005E07E074004E07E04B
:10A7200074004E07D0740004010000000000000017
:10A730000000000000000000000000000000000019
:10A740000000000000000000000000000000000009
:10A7500000000000000080A1001C0BD0B1001D070C
:10A76000E4FA82FF3FE4BA014D07E074004E03F8BB
:10A77000BEC1FF1FF479018B03B03800CB03602802
:10A7800000000000000000000000004000001C006D
:10A79000C000406E00FE0BF4BF80D700380A80A7CF
:10A7A00000F80B00FF01D07F00F40F00FB01341E06
:10A7B00040E381751FF8BF80FF07E01B002800C041
:10A7C00002001C0000000000001000401F38FCC206
:10A7D000C2350D4CA3C07507EC3A80DF02500D0066
:10A7E000A000400700380AC0FA01DD29A08D03D778
:10A7F00034389DC2C21F18B40000000000000000E1
:10A800000000000000000000B800E02F40DB0374EF
:10A8100078408707743C00EB02E00F003E00F4C76D
:10A8200081BB1D3CEFC1D21F2CFCC0430BB8FE41C5
:10A83000FF2FD08B0200000000000000000000008D
:10A8400000000000B400000B00B000000B00B000DE
:10A85000000B00500000000000000000000000009D
:10A8600000000000000000000000000000000000E8
:10A8700000000000000000000000000000002000B8
:10A880008007003D00E001000F00B4008007003C9D
:10A8900000C002002D00D001001D00D001002D00DD
:10A8A000D002002C00C003007800400B00F0000034
:10A8B0001E00D00300000000008000001D00D00337
:10A8C000007800400B00E001001D00D002002C00C9
:10A8D000C00300380080030038008003003C00C043
:10A8E00002002D00D001000E00B4008007003D00E2
:10A8F0000000000000000000B000000B006709F439
:10A90000FB00FD06801F00FE07B4FA006209000B81
:10A9100000600000000000000000000000000000D7
:10A920000000000000000000000000000000000027
:10A930000000000000000000000000000000000017
:10A94000000B00B000000B00B000545B80FF2FF83C
:10A95000FF42B505000B00B000000B00B000000581
:10A9600000000000000000000000000000000000E7
:10A9700000000000000000000000000000000000D7
:10A9800000000000000000000000000000000000C7
:10A99000000600F400801F00F401001E00E00040EB
:10A9A0000B007E000000000000000000000000001E
:10A9B0000000000000000000000000000000000097
:10A9C0000000501500FE07E07F0054010000000069
:10A9D0000000000000000000000000000000000077
:10A9E0000000000000000000000000000000000067
:10A9F0000000000000000000000000000000000057
:10AA00000000000000000000000B00F801801F00A3
:10AA1000F801000B00000000000000000000000032
:10AA200000000000000E00F000400B0074008003E6
:10AA3000002C00D002001E00E000000B007400801B
:10AA400007003800C002001D00E001000F00B00048
:10AA500040070078004002000000000000000000F5
:10AA60000000801F00FE07F0FA400B1F78E0810312
:10AA70002E3CF8C2E32F6CDFC27F2CFCD1820B1D71
:10AA800078E0410B0FF4BA00FE07801B00000000C5
:10AA90000000000000000000000000000000000AAC
:10AAA00000F801E01F40FF01741E00E001001E00DD
:10AAB000E001001E00E001001E00E001000E00E0C9
:10AAC00001F4FF41FF1FA4AA0100000000000000E4
:10AAD00000000000000000000000801F00FF07F4DD
:10AAE000BE00460B00F000000F00B400400B007CDD
:10AAF00000D002001F00B800D003001E00F4FF4188
:10AB0000FF1FA4AA010000000000000000000000D8
:10AB1000000000000000A01B00FF07B0BE00400BBB
:10AB200000B000400B007800E802D02F00E40B00DA
:10AB3000F001001E00E001000F64BE40FF07F41B9F
:10AB40000000000000000000000000000000000005
:10AB50000000006900E007007F00F407807B006DC3
:10AB600007E075004F07B4788043077C79C1FF2F59
:10AB7000FCFF42991B007400800700640000000085
:10AB80000000000000000000000000000000A06ABB
:10AB900000FF0BF0BF005B01B000000B00F00500F0
:10ABA000FF03F0BF00800F00F001001E00F0004026
:10ABB0000FA4BE40FF03E40B0000000000000000F3
:10ABC0000000000000000000000000A900F80BD009
:10ABD000AB001F00B400400B00741980FF07F8FFA2
:10ABE000804B1F78D081072D74D0410B1EF0FA00E6
:10ABF000FE07801F000000000000000000000000B1
:10AC0000000000000000A4AA81FF1FF8FF01550FFB
:10AC100000B400800B007800C003002D00E00100AC
:10AC20000F00B4008007007800C003002D00A001D1
:10AC30000000000000000000000000000000000014
:10AC40000000802F00FE0BF4F540070E74E0400B6F
:10AC50000FF0BA00FD02C02F00EE0BB4F440071E47
:10AC600078E081071EF4FA00FF0B902F000000002F
:10AC70000000000000000000000000000000801F35
:10AC800000FE07F4BA80070F38E080031E78E081E9
:10AC90004B1FF4FF01FE1F40E501000F00B400D080
:10ACA0000BF43F40FF01A40600000000000000007C
:10ACB0000000000000000000000000000000000094
:10ACC00000000000000B00F400801F00F4000005ED
:10ACD0000000000000000000000500F400801F00DC
:10ACE000F400000B00000000000000000000000065
:10ACF0000000000000000000000000000000000054
:10AD0000000B00F400801F00F400000500000000AC
:10AD100000000000000600F400401F00F401001EC7
:10AD200000E001000F007E000000000000000000B5
:10AD3000000000000000000000000002007800E0B9
:10AD400007401F00BC00E002400F00F401003D007E
:10AD5000800B00F002007D00800700200000000052
:10AD600000000000000000000000000000000000E3
:10AD700000000000000000000000000000A4AA4045
:10AD8000FF0FA4AA000000000040AA0AF4FF40AA96
:10AD90000A000000000000000000000000000000A9
:10ADA00000000000000000000000000000000000A3
:10ADB00000000900E001007D00800F00F002007D2E
:10ADC00000400F00B800D007001F00B800E00300EB
:10ADD0001E008000000000000000000000000000D5
:10ADE000000000006D00D02F00F90700BC00400BF0
:10ADF00000F400400B00B800F807801F00780080C6
:10AE0000030024000000003400C007007C00400361
:10AE1000000000000000000000000000000004002E
:10AE2000F407C0FF002D1EB0C0420728388083E31E
:10AE30003AACBFC3A937DC79C39D36DC69C39D3A00
:10AE4000DCADC2ED2EDCFFC1790B1C00C002003866
:10AE500000405B0700000000000000000000401AF6
:10AE600000F801802F00FC02D03E009D03E0780036
:10AE70004E07F0B4004B0BB4F040FF1FF8FF815BAE
:10AE80001E3CD0C2023D18800200000000000000FD
:10AE900000000000000000000000A41A40FF07B4FA
:10AEA000FE40470F74E040070F74B440EB07F47F97
:10AEB000409B0F74E041071D74E041071FB4FE4042
:10AEC000FF07A41A000000000000000000000000BE
:10AED00000000000000040BE00FC1FE0EB011F046A
:10AEE000B400800B007800800700780080070078AD
:10AEF00000800700B400401F04E0EB01FD1F40BECE
:10AF00000000000000000000000000000000000041
:10AF10000000A80A80FF03B8BE80430F38E0810319
:10AF20002D38D082032D38D082032D38D082031ED5
:10AF300038E081430FB87E80FF02A80600000000C1
:10AF40000000000000000000000000000000A0AAB7
:10AF500000FF0FF0AA000F00F000000F00F000004B
:10AF6000FF0BF0BF005F05F000000F00F000000FC6
:10AF700000F0AA00FF0FA0AA0000000000000000DF
:10AF800000000000000000000000A0AA00FF0FF079
:10AF9000AA000F00F000000F00F000005F05F0BFF6
:10AFA00000FF0BF000000F00F000000F00F00000A9
:10AFB0000F00A000000000000000000000000000E2
:10AFC00000000000000040BE00FD1FF0EB411F1418
:10AFD000B8008007003C00C0831A3CFCC1831E3CC3
:10AFE000D081071D78D0411F1DF0FB01FD1F40AF30
:10AFF0000000000000000000000000000000000051
:10B000000000249081071D78D081071D78D081032E
:10B010001D78E581FF1FF8FF815B1E38D081071D79
:10B0200078D081071D78D081071D24900100000091
:10B030000000000000000000000000000000A4AAC2
:10B0400040FF0FA4AF00B000000B00B000000B00E9
:10B05000B000000B00B000000B00B000000B00B00F
:10B0600000A4AF40FF0FA4AA0000000000000000F1
:10B0700000000000000000000000A06A00FF07A020
:10B080007A00400700740040070074004007007415
:10B0900000400700740040070078008107B03E00C0
:10B0A000FF02E00B000000000000000000000000B4
:10B0B00000000000000064A041071F74B44087072F
:10B0C000742C40E701740F40BB00F40740BB0074D0
:10B0D0001E40D702743C40870774F440071F64A0E9
:10B0E000010000000000000000000000000000005F
:10B0F0000000A000000F00F000000F00F000000FA3
:10B1000000F000000F00F000000F00F000000F0042
:10B11000F000000F00F0FF00FF1FA0AA00000000D9
:10B12000000000000000000000000000000064A01B
:10B13000810B1FF8F4814F1FF8F9819E1EA8DEC114
:10B14000FA2D6CCFC2B62C2CCBC2622C2CC0C20202
:10B150002C2CC0C2022C188002000000000000004D
:10B16000000000000000000000006490810F1DF846
:10B17000D1811F1DF8D2813F1DB8D781771D38DBE3
:10B1800081E31D38ED81D31F38FC81831F38F481A2
:10B19000431F28A001000000000000000000000084
:10B1A000000000000000801F00FE07F4FE400B1F9F
:10B1B00078E0C2032D3CD0C2032D2CD0C2032D3C1D
:10B1C000D0C2032D78E0810B1FF4BE00FE07801F64
:10B1D000000000000000000000000000000000006F
:10B1E0000000A41A40FF07F4FE40471F74E0410727
:10B1F0001D74E041071EB4F440FF0BF42F405B00C8
:10B200007400400700740040070064000000000064
:10B210000000000000000000000000000000802F7F
:10B2200000FE07F0FE400B1F78D0C2032D3CD0C2B9
:10B23000022D2CD0C2032D3CD0C2032D78E0814BCF
:10B240001FF4BF00FE07801F00B000005F01E02F69
:10B2500000000000000000000000A41A40FF07B436
:10B26000BE40470F74F040070F74B440EB07F42F53
:10B2700040FF01743D40C707747840470B74F040AD
:10B28000071E6490010000000000000000000000A4
:10B29000000000000000806F00FE0BF4BB400B04B8
:10B2A0007800800B00F40200FF01D07F00E40F0063
:10B2B000F801001E00E041410FB8BE80FF07E41B0B
:10B2C000000000000000000000000000000000007E
:10B2D0000000A8AAC1FF2FA8AF01B000000B00B06A
:10B2E00000000B00B000000B00B000000B00B0002D
:10B2F000000B00B000000B00F000000A000000008E
:10B300000000000000000000000000000000289085
:10B3100081031D38D081031D38D081031D38D081B1
:10B32000031D38D081031D38D081031D78D08107DB
:10B330001EF4FA00FF07801F00000000000000005C
:10B34000000000000000000000002880C2033C3C18
:10B35000D082071D78E0410B0EB4F0000F0BF0B463
:10B36000005E07E07900AD03D03E00FC02801F00C4
:10B37000F801400A0000000000000000000000008A
:10B380000000000000001880C202382C80C2022C8D
:10B390002CC0C2622C2CCBC2F22C6CCFC2F62DACCE
:10B3A000DE829A2EF8F9814F1FF8F4810B1F64A0FA
:10B3B000010000000000000000000000000000008C
:10B3C0000000289081071FB4F4004F0BE07900FDC6
:10B3D00003C02F00F801400F00F801C02F00ED035B
:10B3E000E078404F0BB8F0C1072E28900200000013
:10B3F00000000000000000000000000000002880A5
:10B40000C2032D78E0410B0FF0B4004E07D0390095
:10B41000FD02801F00F801400F00B000000B00B0DB
:10B4200000000B00B000000A000000000000000057
:10B4300000000000000000000000A4AA41FF1FF46B
:10B44000FF01400F007800C003002D00E001400F15
:10B45000007800C003002D00E001400F00F8FF81DC
:10B46000FF1FA4AA0100000000000000000000006F
:10B4700000401600FC03C02F002C00C002002C006E
:10B48000C002002C00C002002C00C002002C00C032
:10B4900002002C00C002002C00C002002C00C002E0
:10B4A000002C00C00200BC020000000000000040B0
:10B4B0000700B000000F00E001001D00C002003CCA
:10B4C000008007007400000B00E000001E00D001A7
:10B4D000002C008003007800400B00B000000E003C
:10B4E000D00100180000000000501900FD02D02F0C
:10B4F00000D002002C00C002002C00C002002C0072
:10B50000C002002C00C002002C00C002002C00C0B1
:10B5100002002C00C002002C00C002002C00E90236
:10B5200000000000000000000000000600F40080A1
:10B530001F009C02D038004A0770B080031E1440E0
:10B5400000000000000000000000000000000000FB
:10B5500000000000000000000000000000000000EB
:10B5600000000000000000000000000000000000DB
:10B5700000000000000000000000000000000000CB
:10B5800000000000000000000000000000000000BB
:10B59000000000000080AA2A000000000000004017
:10B5A0000F00E0020078000005000000000000002D
:10B5B000000000000000000000000000000000008B
:10B5C000000000000000000000000000000000007B
:10B5D000000000000000000000000000000000006B
:10B5E0000000000000005000E02F00FF0B60F4009E
:10B5F000000E00F500FD0FF0FF400B0E78E08047D5
:10B600000FF4FE00FF0ED0960000000000000000C6
:10B6100000000000000000400700740040070074B4
:10B6200000404700747E40FF0BF4FB411F1EB4D066
:10B6300041072D74D042071D74E041071FB4BA4082
:10B64000FF07E01B000000000000000000000000F9
:10B6500000000000000000000000000000004001A9
:10B6600040BF00FD0BE0AB001F00B400400B00B476
:10B6700000400B00F400001F04E0BB00FD0F406E13
:10B6800000000000000000000000000000000000BA
:10B69000000E00E000000E00E000500E80FF00FEF3
:10B6A0000FF4F5400B0E78E080070E38E080030EB3
:10B6B00078F0808B0FF4FE00FF0ED09700000000A2
:10B6C000000000000000000000000000000000007A
:10B6D0000000000000005000802F00FE0BF0F5403D
:10B6E000071E74E081FF1FF8FF8157057400400BAF
:10B6F00000F0A600FE0F80AF000000000000000078
:10B700000000000000005000D01F00FF02F41540B0
:10B71000070078008007407905F8FF81FF1F9457E4
:10B72000007800800700780080070078008007001C
:10B73000780040060000000000000000000000004B
:10B7400000000000000000000000000000005000A9
:10B75000D0FF02FE2FB0B440070B74B0400B0BF0CB
:10B760007A00FF027405400700F41A00FF0BF4FA98
:10B7700081072D38D0815B1F0000000000000040D1
:10B78000070074004007007400404700747E40FFCB
:10B790000BF4FB401F0FB4E040070E74E040070EAF
:10B7A00074E040070E74E0400B0E64A0000000003F
:10B7B000000000000000000000000500F000401F35
:10B7C00000F0000005000000F00F00FF00500F0027
:10B7D000F000000F00F000000F00F000000F00F07C
:10B7E00000A4AF41FF1FA4AA010000000000000058
:10B7F00000000000000014008007007C00800700AB
:10B8000014000000F47F40FF0750790080070078A3
:10B81000008007007800800700780080070078002B
:10B8200080070078008007003C80E70200000000ED
:10B83000000000400B00B400400B00B400400B00BF
:10B84000B4F0418B0BB47C40D702B40F40BF00F47E
:10B850000B40EB01742D40CB07B4B8404B1F64A0E4
:10B8600001000000000000000000000000000000D7
:10B87000FF00F00F00F500000F00F000000F00F0D7
:10B8800000000F00F000000F00F000000F00F000BB
:10B89000000F00F000A4AF41FF1FA4AA01000000A8
:10B8A0000000000000000000000000000000000098
:10B8B0000000000000000000ECF7C0FF1FBCEFC25A
:10B8C000F32C2CCBC2B22C2CCBC2B22C2CCBC2B2C0
:10B8D0002C2CCBC2B22C1886020000000000000005
:10B8E0000000000000000000000000000000000058
:10B8F00000004000747E40FB0BF4FB401F0FB4E0DF
:10B9000040070E74E040070E74E040070E74E040FC
:10B910000B0E64A00000000000000000000000000A
:10B9200000000000000000000000000000005000C7
:10B93000802F00FE0BF4FA800B1E78D081032D3887
:10B94000D082031D78E0810B1FF4BE00FE07801F2C
:10B9500000000000000000000000000000000000E7
:10B96000000000000000000000004000747E40FB6A
:10B970000BF4FB411F1EB4D041072D74D042071DAC
:10B9800074E041071FB4BA40FF07F41B400700747E
:10B990000040070000000000000000000000000060
:10B9A000000000000000500080FF00FE0FF4F54092
:10B9B0000B0E78E080070E38E080030E78F0808B65
:10B9C0000FF4FE00FF0ED0E700000E00E000000EB6
:10B9D0000000000000000000000000000000000067
:10B9E00000004001B07D00FB0FF0E7011F1DF0D00B
:10B9F000010B00B000000B00B000000B00B0000015
:10BA00000F00A00000000000000000000000000087
:10BA100000000000000000000000000000005000D6
:10BA2000807F00FE07F051400B00F40100BF01D001
:10BA30007F00E00B00F400000F64B940FF07E01B3B
:10BA400000000000000000000000000000000000F6
:10BA500000004002003C00C003003C00F8FFC0FFB3
:10BA60000FE45B003C00C003003C00C003003C004E
:10BA7000C00300380080AB00F40F00BE00000000DF
:10BA800000000000000000000000000000000000B6
:10BA9000000000000000000074E040070E74E04069
:10BAA000070E74E040070E74E040070E74F0408B00
:10BAB0000FF4FE00FF0ED097000000000000000011
:10BAC0000000000000000000000000000000000076
:10BAD000000000003CC0C2072D78E0410B0EB4F01E
:10BAE000004F0BE074009D07D03A00FC02801F005D
:10BAF000F401400A00000000000000000000000007
:10BB00000000000000000000000000000000000035
:10BB10001C80C302382C80C2522C2CCBC2F62C685D
:10BB2000DF81FB1EF8EA819F1FF4F5404F0FA4A0B0
:10BB30000000000000000000000000000000000005
:10BB400000000000000000000000000078D0410B61
:10BB50000FF0B500AD07C02F00F801401F00F8023C
:10BB6000D03F009E07F0F4800B1F68900200000099
:10BB700000000000000000000000000000000000C5
:10BB800000000000000000003CC0C2072D78E0412A
:10BB90000B0EB4F0004F0BE074009D07D03A00FC90
:10BBA00002801F00F401400F00B4008007403E00F7
:10BBB0000000000000000000000000000000000085
:10BBC00000000000F4BF40FF0FA0BE008007002D62
:10BBD00000E001400F007800D003002E00F4FF4089
:10BBE000FF0FA4AA000000000000000000000000F9
:10BBF00000005400D00B006F00B00040070074003C
:10BC000040070074004007007800E403401F00E490
:10BC100003007800400700740040070074004007EC
:10BC2000007400000B00F006000A00B000000B00DA
:10BC3000B000000B00B000000B00B000000B00B023
:10BC400000000B00B000000B00B000000B00B000C3
:10BC5000000B00B000000B00B000000B00B00000B3
:10BC60000B00B00000000000005000003F00E00B9F
:10BC700000B000000E00E000000E00E000000E002A
:10BC8000E00100BD00800F00BD00E001000E00E0FB
:10BC900000000E00E000000E00E000000F00B90000
:10BCA0000000000000000000000000000000000094
:10BCB0000000000000000000000000001E00F887E7
:10BCC00082BF2D2CFF81D11F006400000000000006
:10BCD0000000000000000000000000000000000064
:10BCE0000000000000000000000000000000000054
:10BCF0000000000000000000000000000000000044
:10BD00000000000000000000000000000000000033
:10BD10000000000000000000000000000000000023
:10BD200000000000000000000000000000002E00E5
:10BD3000002E00001E00001E00001E00001E00005D
:10BD40001E00001E00001E00001E00001E00001E3F
:10BD500000000500000000001D00002F00002F0063
:10BD6000001D0000000000000000000000000000B6
:10BD70000000000000D0F201D0F200D0F200D0F2BA
:10BD800000D0E200D0E200405000000000000000BF
:10BD900000000000000000000000000000000000A3
:10BDA0000000000000000000000000000000000093
:10BDB0000000000000000000000000000000000083
:10BDC000808201C0D301C0D201C0D201E4FB0AF8D5
:10BDD000FF0BE4E606C0E100D0E100D0E100E8FAA4
:10BDE00006FCFF07E4F601E0B000E0B000E0B400BC
:10BDF000A060000000000000000000000000000043
:10BE0000100000380000380040BE01D0FF02F0FFF3
:10BE100002B41C00B81C00B81D00F41F00F06F0035
:10BE2000D0FF0100FE0300EE0700CB0700CB076444
:10BE3000DB03F8FF02F8FF00901B00400300400303
:10BE400000800300000000000000400000F4020A2F
:10BE5000F847072C87031CC7021CD700BCB700F4A7
:10BE60007600503800001D00000E0000970180F79A
:10BE700007C07A0BD0380EB0280E74380B3CF4078C
:10BE800018E00200000000000000000000000000B8
:10BE90000000000000801F00E07F00F0B900B4F057
:10BEA00000B4F000F4B400F07E00D02F00D00B00FE
:10BEB000F04F07B85E073CBD073CFC033CF4027C36
:10BEC000F002F8FA03F4FF0B905B0A000000000098
:10BED00000000000000000000000000000001E0044
:10BEE000001E00001E00001E00001E00001E0000BC
:10BEF000040000000000000000000000000000003E
:10BF00000000000000000000000000000000000031
:10BF10000000000000000000000000000000000021
:10BF2000000000500000F00000B800003D00002EAE
:10BF300000000F00400B00800700800700C00300D6
:10BF4000C00300C00300C00300C00300C00700809E
:10BF50000700800B00400B00001F00002E00007D3A
:10BF60000000B800000000000000800100D00300C5
:10BF7000C00700400F00001E00002D00007C0000E4
:10BF8000780000B40000B40000B40000B40000B4B5
:10BF90000000B40000B40000B400007800003C00D1
:10BFA000002D00001E00400F008007000000000070
:10BFB0000000000000001D00000D00A08D02F0EE4A
:10BFC0000290BF01403F00D0FF01F0EE02608D0102
:10BFD000001D00001900000000000000000000002B
:10BFE0000000000000000000000000000000000051
:10BFF0000000000000000000000000000000000041
:10C00000000000000000000000000000001E000012
:10C010001E00001E00001E00546E01F8FF07F8FF0E
:10C0200007546E01001E00001E00001E00001E00CE
:10C0300000040000000000000000000000000000FC
:10C0400000000000000000000000000000000000F0
:10C0500000000000000000000000000000000000E0
:10C0600000000000000000000000000000090000C7
:10C070002F00403F00003E00003D00002C00001E4D
:10C0800000D00F00000000000000000000000000D1
:10C0900000000000000000000000000000000000A0
:10C0A0000000000000000000405500D0FF00D0FF5D
:10C0B00000405500000000000000000000000000EB
:10C0C0000000000000000000000000000000000070
:10C0D0000000000000000000000000000000000060
:10C0E0000000000000000000000000000000000050
:10C0F000000000000000000000000000001E000022
:10C100002F00403F00002F00001E00000000000034
:10C110000000000000000000000000000000C0035C
:10C1200000D00200E00100F00000B40000B4000004
:10C130007800003C00002D00001E00000F00400BA6
:10C1400000400B00800700C00300D00200E00100A7
:10C15000F00000B00000B400002400000000000067
:10C160000000000000000000406E00D0FF01E0FA77
:10C1700002F4D003B4800778D00778F40B38FC0BB6
:10C18000786F0BF84B0BF8420BB88007B88007F4B8
:10C19000D003F0FA02D0FF00406F00000000000062
:10C1A000000000000000000000000000000000008F
:10C1B000002900403F00E02F00F42E00702D0010F9
:10C1C0002D00002D00002D00002D00002D00002D61
:10C1D00000002D00002D00002D00F0FF07F0FF07EC
:10C1E000A0AA0600000000000000000000000000FF
:10C1F0000000000000000000806F00E0FF00F0FE83
:10C2000001A0E00200D00200D00200E00200F00134
:10C2100000F40000BC00003E00401F00C00B00E026
:10C220000300F4FF07F4FF07A4AA020000000000C7
:10C2300000000000000000000000000000000000FE
:10C24000902F00F0FF00A0F90100E00200D00200F2
:10C25000E00200F00180BE00C0BF0040F90200D043
:10C260000300C00700C00700D003A0F902F4FF00DC
:10C27000F42B00000000000000000000000000009F
:10C28000000000000000000000A80000FD0000FE0B
:10C290000000FF0040EB0080E700D0F200E0F1007A
:10C2A000F0F00074F00078F505FCFF0BFCFF0B5478
:10C2B000F90600F00000F00000A0000000000000FF
:10C2C000000000000000000000000000000000006E
:10C2D000A0AA01F0FF02E0FF02E05500E00000E04C
:10C2E0000000E01600E0BF00E0FF0200E40300D021
:10C2F0000300C00300D00300E002A0F901F0BF007A
:10C30000E01B000000000000000000000000000032
:10C31000000000000000000000A40140FF02C0AFC8
:10C3200001E00600F00100F40000B41500F4FF0184
:10C33000F4FF03F4D107B48007B48007B48007F09A
:10C34000C107E0EB03D0FF01406E000000000000D9
:10C3500000000000000000000000000000000000DD
:10C36000A4AA02F4FF07F4FF0750D50300E002007F
:10C37000F00100F40000B800007C00003D00002E39
:10C3800000001E00400F00400B00800700D0070097
:10C39000900200000000000000000000000000000B
:10C3A0000000000000000000406E00D0FF01F0E639
:10C3B00002B4C003B4C003F0D102E0F701D0BF0063
:10C3C00080BF00D0FB02F0E103B4C007B48007B423
:10C3D000C007F4EA03E0FF01806F000000000000E6
:10C3E000000000000000000000000000000000004D
:10C3F000406F00E0FF00F4FA02B4D00278C0037886
:10C40000C007B8C007F8D107F4FF07E0FF0740D521
:10C410000300D00300E00200F801F0BF00F02F009D
:10C42000A006000000000000000000000000000066
:10C4300000000000000000000000000000000000FC
:10C4400000000000001D00002F00003F00002E0033
:10C4500000040000000000000000000000040000D4
:10C460002E00003F00002F00001D00000000000013
:10C4700000000000000000000000000000000000BC
:10C48000000000000000000000000000001D00008F
:10C490002F00003F00002E000004000000000000FC
:10C4A00000000000000900002F00003F00003E00D7
:10C4B000003D00003C00002E00900F000000000036
:10C4C000000000000000000000000000000000006C
:10C4D0000000900000F40100BC00003E00801F003E
:10C4E000D00700F40200F00200D00B00401F000053
:10C4F0007E0000F80100F001005000000000000084
:10C50000000000000000000000000000000000002B
:10C51000000000000000000000000000000000001B
:10C520000000A0AA02F4FF03A0AA0200000000007D
:10C5300000A0AA02F4FF03A0AA020000000000006D
:10C5400000000000000000000000000000000000EB
:10C5500000000000000000000000000000000000DB
:10C5600000800100D00300D00B00402F00007D00B0
:10C5700000F80100E00300F00200F800007E004037
:10C580001F00D00B00D0020080000000000000005F
:10C5900000000000000000000000000000C01B00C0
:10C5A000C07F0080FF0000F40100E00200D0020024
:10C5B000E00200F40140FF00407F00400B00400B10
:10C5C00000000600000000000B00800F00800F003C
:10C5D000000B000000000000000000000000000050
:10C5E000000000140000BE0080FF02D08707E04179
:10C5F00007B0000B74000E38AD0E78BF0E6CBB0E8A
:10C60000ACB30EAC720EDC760EDC760EDC760A9CD9
:10C61000BB0B9CFF076CD7012C0000380000780092
:10C6200000F4E50000000000000000000000000031
:10C63000002A00403F00407F00807F00C0BB00C058
:10C64000B600D0F200D0F101E0E101F0E002F0D05C
:10C6500002F4FF03F4FF07B8D90738800B3C400F02
:10C6600028400A0000000000000000000000000058
:10C670000000000000000000A46A00F4FF01F4FACA
:10C6800002B4D003B4C003B4D003B4E002F4FA009F
:10C69000F4FF01F4F903B4C007B48007B48007B411
:10C6A000D007F4FA03F4FF01A46A000000000000C0
:10C6B000000000000000000000000000000000007A
:10C6C00000FE0280FF03D0EF03E00201F40100F45A
:10C6D0000000B80000B80000B80000B80000B800C2
:10C6E00000F40000F40100F00201E0EF03C0FF03DA
:10C6F00000BE02000000000000000000000000007A
:10C700000000000000000000A41A00F8BF00F8FEBE
:10C710000278E00378C00778800778800B78800B78
:10C7200078800B78800B78800B78800778D007783A
:10C73000E002B8FE01F87F00A41A0000000000002B
:10C7400000000000000000000000000000000000E9
:10C75000A0AA02E0FF03E0AA02E00100E00100E07D
:10C760000100E00100E0FF02E0FF02E05601E0010D
:10C7700000E00100E00100E00100E0AA02E0FF03A8
:10C78000A0AA02000000000000000000000000005D
:10C790000000000000000000A0AA01E0FF02E0AAE3
:10C7A00001E00100E00100E00100E00100E05601CD
:10C7B000E0FF01E0FF01E00100E00100E00100E036
:10C7C0000100E00100E00100A00100000000000005
:10C7D0000000000000000000000000000000000059
:10C7E00000BE0280FF07E0EF07F00205F40000B88A
:10C7F000000078000078A4067CF8077CE4077880C5
:10C8000007B88007B88007F48107E0EB07D0FF077F
:10C8100040BE010000000000000000000000000019
:10C820000000000000000000648006B88007B880A7
:10C8300007B88007B88007788007B89507F8FF0722
:10C84000F8FF07B8D907788007B88007B88007B81D
:10C850008007B88007B880076480060000000000E9
:10C8600000000000000000000000000000000000C8
:10C87000A0AA02F0FF03A0BF02001E00001E0000DD
:10C880001E00001E00001E00001E00001E00001EF4
:10C8900000001E00001E00001E00A0BF02F0FF03EB
:10C8A000A0AA02000000000000000000000000003C
:10C8B0000000000000000000A0AA01F0FF01A0FAA3
:10C8C0000100E00100E00100E00100E00100E00102
:10C8D00000E00100E00100E00100E00100F00110D3
:10C8E000F400B0BE00F07F00901B000000000000CC
:10C8F0000000000000000000000000000000000038
:10C90000A48006F4D003B4E002B4F400B4B800B4D8
:10C910007C00B42E00F41F00F40F00B41E00B43DE0
:10C9200000B47C00B4B800B4F401B4E002F4D00761
:10C93000A4800600000000000000000000000000CD
:10C940000000000000000000900100E00100E00194
:10C9500000E00100E00100E00100E00100E0010072
:10C96000E00100E00100E00100E00100E00100E082
:10C970000100E0FF03E0FF03A0AA020000000000A6
:10C9800000000000000000000000000000000000A7
:10C99000A49002F4D107F4E107F8F207F8B207B85F
:10C9A000B707787B07786F07386F07385E07384E10
:10C9B0000B38490B38400B3C400B3C000B3C000B48
:10C9C00028000A0000000000000000000000000035
:10C9D0000000000000000000A44006F88107F842B3
:10C9E00007F84307F84707B84B07B84F07784E07D3
:10C9F000785E07786D0778BC0778B80778F4077811
:10CA0000F00778E00778E007649006000000000077
:10CA10000000000000000000000000000000000016
:10CA2000406E00D0FF01F0FB02F4D107B880077818
:10CA3000800B7C400B7C400B7C400B7C400B7C4093
:10CA40000B78800BB88007F4D003F0FB02E0FF0006
:10CA5000406F000000000000000000000000000027
:10CA60000000000000000000A02A00F4FF01F4FA1A
:10CA700002B4D007B4C007B48007B48007B4C007BD
:10CA8000F4E003F4FF01F4BF00F41500B40000F477
:10CA90000000B40000F40000A0000000000000004E
:10CAA0000000000000000000000000000000000086
:10CAB000406E00D0FF01F0FB03F4D107B880077887
:10CAC000800B7C400B7C400B7C400B7C400B7C4003
:10CAD0000B78800BB8C007F4E103F0FF02D0FF0031
:10CAE000402F00001E00002E0500FD0B000000007E
:10CAF0000000000000000000A42A00F4FF00F4FE83
:10CB000002B4E002B4D003B4D003B4E002F4F901FB
:10CB1000F47F00F43F00B4B800B4F400B4F001B402
:10CB2000E002B4D003B4C007A480060000000000F7
:10CB300000000000000000000000000000000000F5
:10CB400040BE00D0FF01F0EB01F44101B40000F45D
:10CB50000100F40700E06F0080FF0100FE0200E426
:10CB60000300D00700C00714D003F8FA02F8FF0151
:10CB7000E46F000000000000000000000000000062
:10CB80000000000000000000A4AA06F8FF0BA4BFEC
:10CB900006001E00001E00001E00001E00001E00F9
:10CBA000001E00001E00001E00001E00001E0000EF
:10CBB0001E00001E00001E00001900000000000002
:10CBC0000000000000000000000000000000000065
:10CBD0006440067880077880077880077880077837
:10CBE00080077880077880077880077880077880CA
:10CBF00007788007B88007B4C003F4EA02E0FF01B9
:10CC0000806F000000000000000000000000000035
:10CC1000000000000000000028000A7C400F78801F
:10CC20000BB88007B4C007F4C003F0D102E0D10212
:10CC3000E0E201D0E201D0F300C0B70080BB008089
:10CC40007F00407F00403F00002A000000000000FD
:10CC500000000000000000000000000000000000D4
:10CC600028000A3C000F2C000B3C000B3C000B3C46
:10CC7000090B381D0B381E0B382E0B787F07787B7D
:10CC800007B8B707B8B207F8F207F8E107F8D10715
:10CC9000A49006000000000000000000000000005A
:10CCA0000000000000000000688006B8D007F4E132
:10CCB00002E0F201D0F600C0BF00807F00402F00EC
:10CCC000002F00403F0080BF00D0FB00E0F201F0E9
:10CCD000E102F4D003B8C00B68800A000000000035
:10CCE0000000000000000000000000000000000044
:10CCF00028400A7C800BB4C007F4D003E0E102D0E6
:10CD0000F201D0F70080BB00407F00403F00002EC2
:10CD100000001E00001E00001E00001E00001E007D
:10CD200000190000000000000000000000000000EA
:10CD30000000000000000000A4AA02F4FF07F4FFB6
:10CD40000300E00200F00100B800007C00003D009C
:10CD5000002E00400F00800B00C00700E00200F032
:10CD60000100F4FF07F4FF07A4AA0600000000007A
:10CD70000000000000000000000040560080BF00DE
:10CD800080BF0080070080030080030080030080D4
:10CD90000300800300800300800300800300800301
:10CDA00000800300800300800300800300800300F4
:10CDB000800300800300800300806B0000000000FF
:10CDC0000000000000B40000F00000E00100D0020C
:10CDD00000C00300800700400700400B00000F0068
:10CDE000001E00002D00003C0000780000740000D0
:10CDF000B40000F00000E00100D00200C003008099
:10CE000007004006000000000000402500D07F0021
:10CE1000C07F0000780000780000780000780000F3
:10CE20007800007800007800007800007800007832
:10CE3000000078000078000078000078000078009A
:10CE4000007800007800007800807E00000000007C
:10CE50000000000000000000001900002F00403F0B
:10CE600000807700C0F200E0E101B0D002748003DE
:10CE700010000100000000000000000000000000A1
:10CE800000000000000000000000000000000000A2
:10CE90000000000000000000000000000000000092
:10CEA0000000000000000000000000000000000082
:10CEB0000000000000000000000000000000000072
:10CEC0000000000000000000000000000000000062
:10CED000000000000000000000A8AA0A00000000F6
:10CEE0000000000000F00200D00700400F00000525
:10CEF0000000000000000000000000000000000032
:10CF00000000000000000000000000000000000021
:10CF10000000000000000000000000000000000011
:10CF20000000000000000000000000000000000001
:10CF3000000000000000000000000500D0BF00E07D
:10CF4000FF0160E00200C00300D40380FF03E0FFA4
:10CF500003F4D103B4C003B4E003F4FA03F0EF0325
:10CF6000908B0200000000000000000000000000A4
:10CF70000000000000B40000F40000B40000B400A1
:10CF800000B41000B4BD00F4FF02F4EB03F4C207D8
:10CF9000F48007B48007F48007B48007B4C007B4F6
:10CFA000D003F4FA02F4FF00A06F000000000000BC
:10CFB0000000000000000000000000000000000071
:10CFC00000000000000000000000140000FE02C08D
:10CFD000FF02D09B02E00200F00100F40000F40028
:10CFE00000F40000F00100F00201E0EF02C0FF02D7
:10CFF00000BE010000000000000000000000000072
:10D00000000000000000C00300C00300C00300C017
:10D010000300D40380FF03D0FF03F0D603F4C00362
:10D02000B8C00378C00378C00378C003B8D003F455
:10D03000F003F4FF03E0EF03808B02000000000028
:10D0400000000000000000000000000000000000E0
:10D0500000000000000000000000040040BF00D0FD
:10D06000FF01E0E202F0C003B48007F4FF07F4FF21
:10D0700007B45501B40000F40100E09B02D0FF03A7
:10D0800040BE0100000000000000000000000000A1
:10D09000000000400000F80700FE0B006F05000FC5
:10D0A00000400F00000B00545F01F8FF07F8FF0776
:10D0B000545F01000B00400B00400B00400B004090
:10D0C0000B00400B00400F00000A000000000000B1
:10D0D0000000000000000000000000000000000050
:10D0E00000000000000000000000050080FF0BE0D1
:10D0F000FF0BF0E102B0D002B4D002F0D002E0FAAF
:10D1000001E0BF00B01900B40000F46A00E0FF02C3
:10D11000F0EA07B48007788007F8E5070000000010
:10D120000000000000B40000F40000B40000B400EF
:10D1300000F41000B4BD00F4FF02F4EB02F4D203DB
:10D14000F4C003B4C003F4C003B4C003B4C003B458
:10D15000C003B4C003F4C003A080020000000000BC
:10D1600000000000000000000000000400002E008D
:10D17000002E00002E00000400000000E02F00F050
:10D180002F00502E00002D00002D00002D00002D3E
:10D1900000002D00002D00002D00A0BF02F4FF07AD
:10D1A000A0AA020000000000000000000000000033
:10D1B000000000500000F40000F40100F4000050F2
:10D1C00000000000F0FF00F0FF0050F90000F00048
:10D1D00000F00000F00000F00000F00000F000009F
:10D1E000F00000F00000F00000F00000F00000B4DB
:10D1F00000B4BE00000000000000000000F00000CD
:10D20000F00000F00000F00000F00000F0D007F0A7
:10D21000F002F0F400F07C00F02E00F01F00F01F90
:10D2200000F03E00F07C00F0F400F0F002F0E007C7
:10D23000A0800600000000000000000000000000C8
:10D240000000000000E02F00F02F00502E00002D05
:10D2500000002D00002D00002D00002D00002D00ED
:10D26000002D00002D00002D00002D00002D0000DD
:10D270002D00A0BF02F4FF07A0AA020000000000DA
:10D28000000000000000000000000000000000009E
:10D29000000000000000000000004100A8DB03F8CF
:10D2A000FF07B8BE0B381D0B381D0B381D0B381D82
:10D2B0000B381D0B381D0B381D0B381D0B3C1D0B7F
:10D2C0002819060000000000000000000000000017
:10D2D000000000000000000000000000000000004E
:10D2E00000001000B4BD00B4FF02F4EB02F4D2035E
:10D2F000F4C003B4C003F4C003B4C003B4C003B4A7
:10D30000C003B4C003F4C003A0800200000000000A
:10D31000000000000000000000000000000000000D
:10D3200000000000000000000000040080BF00E0DA
:10D33000FF01F0FA03F4D007B880077880077880FF
:10D3400007788007B8C007F4D103F0FB02E0FF01C3
:10D35000406F00000000000000000000000000001E
:10D3600000000000000000000000000000000000BD
:10D3700000001000B4BD00B4FF02F4EB03F4C207D8
:10D38000F48007B48007F48007B48007B4C007B402
:10D39000D003F4FA02F4FF00F46F00B40000B4000C
:10D3A00000B40000000000000000000000000000C9
:10D3B00000000000000000000000140080FF03D007
:10D3C000FF03F0D603F4C003B8C00378C00378C0ED
:10D3D0000378C003B8D003F4F003F4FF03E0EF03D5
:10D3E00080CB0300C00300C00300C00300000000A6
:10D3F000000000000000000000000000000000002D
:10D4000000001000E0F901F0FE03E0DB07E0830715
:10D41000E08107E00100E00100E00100E00100E040
:10D420000100E00100F00100A00100000000000088
:10D4300000000000000000000000000000000000EC
:10D4400000000000000000000000140080FF01E068
:10D45000FF01F04201F00100F00600E06F0080FFE4
:10D460000100F90200E00200D002A0E502F0FF0195
:10D47000A06F00000000000000000000000000009D
:10D480000000000000000000400600800B00800B40
:10D4900000800B00F8FF02FCFF03949B0140070093
:10D4A000800B00800B00800B00800B00800B008045
:10D4B0000B0040AF0200FF0300F902000000000073
:10D4C000000000000000000000000000000000005C
:10D4D000000000000000000000000000B4C003F4E1
:10D4E000C003B4C003B4C003B4C003B4C003B4C029
:10D4F00003B4C003B4D003F4F003F0FF03E0EF0380
:10D50000808B02000000000000000000000000000E
:10D51000000000000000000000000000000000000B
:10D52000000000007C400B78800BB48007F4C0033F
:10D53000F0D102E0E101D0E201D0F300C0B70080F9
:10D540007F00407F00003F00001A00000000000044
:10D5500000000000000000000000000000000000CB
:10D560000000000000000000000000002C000E2C55
:10D57000000F3C000B3C090B381E0B382E0B786F4C
:10D5800007B87F07B4BB07F4F603F4F203F4E20331
:10D59000A091020000000000000000000000000058
:10D5A000000000000000000000000000000000007B
:10D5B00000000000B88007F4D103E0E202D0F700D9
:10D5C00080BF00403F00003F00407F00C0BB00D054
:10D5D000F201F0E102F4D0076880060000000000CC
:10D5E000000000000000000000000000000000003B
:10D5F0000000000000000000000000007C400B78EC
:10D60000800BB48007F4C003F0D102E0E101D0E266
:10D6100001D0F300C0BB00807F00407F00003F00CE
:10D62000002E00001F00400F00E407000000000073
:10D6300000000000000000000000000000000000EA
:10D6400000000000F0FF02F0FF02A0FA0200F40068
:10D6500000B800003D00002E00400F00C00700D0C1
:10D660000300F0FF02F0FF03A0AA02000000000088
:10D670000000000000000000000000500000F80161
:10D6800000BD01001E00000E00000F00000F000092
:10D690000F00000F00400F00E00700F00200E0075D
:10D6A00000400B00000F00000F00000F00000F00F3
:10D6B000000F00000E00001E0000BD000019000059
:10D6C0001E00001E00001E00001E00001E00001EA6
:10D6D00000001E00001E00001E00001E00001E00B4
:10D6E000001E00001E00001E00001E00001E0000A4
:10D6F0001E00001E00001E00001E00001E00001E76
:10D7000000001E00000000000000500100E00B00BF
:10D71000901F00001E00002D00002D00002D0000B5
:10D720002D00002D00003C0000F80200F00300F87E
:10D7300002003C00002D00002D00002D00002D00F7
:10D74000002D00002D00001E00901F0000000000B2
:10D7500000000000000000000000000000000000C9
:10D7600000000000000000000000000000E00200D7
:10D77000F40B0BB85F0B3CFE0728F80300A0010078
:10D780000000000000000000000000000000000099
:10D79000000000008300830083008B42F68CB8A554
:10D7A0008300830083008300F68C9CBE9CBE9CBEDD
:10D7B000830083008300F68C9CBE9CBE94848B42C5
:10D7C000830083008B429CBE9CBE8B4283008300FF
:10D7D00083008300F68C9CBE9484830083008300C6
:10D7E00083008300B8A59CBE8B4283008300830026
:10D7F0008300830083008300830083008300830011
:10D800008300830083008300830083008300830000
:10D8100083008300830083008300830083008300F0
:10D8200083008300830083008300830083008300E0
:10D8300083008300B8A59CBE8B42830083008300D5
:10D8400083008300F68C9CBE948483008300830055
:10D85000830083008B429CBE9CBE8B42830083006E
:10D86000830083008300F68C9CBE9CBE94848B4214
:10D870008300830083008300F68C9CBE9CBE9CBE0C
:10D88000830083008300830083008B42F68CB8A55D
:10D890008300830083008300830083008300830070
:10D8A0008300830083008300830083008300830060
:10D8B00083008300830083008300830083008B4206
:10D8C0009CBEB8A5830083008300830083009484FA
:10D8D0009CBEF68C83008300830083008B429CBE39
:10D8E0009CBE8B42830083008B4294849CBE9CBE72
:10D8F000F68C8300830083009CBE9CBE9CBEF68C8D
:10D900008300830083008300B8A5F68C8B428300DC
:10D910008300830083008300B8A5F68C8B428300CC
:10D9200083008300830083009CBE9CBE9CBEF68C5B
:10D9300083008300830083008B4294849CBE9CBE42
:10D94000F68C830083008300830083008B429CBE9F
:10D950009CBE8B42830083008300830083009484F9
:10D960009CBEF68C830083008300830083008B427F
:10D970009CBEB8A5830083008300830083008300DE
:10D98000830083008300830083008300830083007F
:10D990008300830004DA040878E00408ECE6040855
:10D9A00058E00408CCE6040840ED040860ED0408E3
:10D9B000D4F3040848FA0408BC0005083007050839
:10D9C000B4F3040828FA04089C00050810070508A9
:10D9D000840D05084A616E00466562004D61720063
:10D9E000417072004D6179004A756E004A756C0095
:10D9F00041756700536570004F6374004E6F760089
:10DA0000446563000000000000000000000000000A
:10DA100000000000111100000000000000000000E4
:10DA200000000000000000000000000000000000F6
:10DA300000000000000073CADEEDAC4801000000E9
:10DA400000000000000000000000000000000000D6
:10DA5000000000000000000030D8FFFFFFFFFFFFC4
:10DA6000AE04000000000000000000000000000004
:10DA7000000000000000000000000020F9FFEFBCE3
:10DA80007877CAFEFFBF040000000000000000001D
:10DA9000000000000000000000000000000000F88E
:10DAA000FFAF260000000041E9FFAF0110000000B9
:10DAB0000000000000000000000000000000000066
:10DAC0000000B1FF9F0200000000000010E8FF0C02
:10DAD000E60300000000000000000000000000005D
:10DAE000000000000030FDCF030000000000000037
:10DAF0000010EA52FF1E00000000000000000000BD
:10DB0000000000000000000000E3FF09000000002A
:10DB100000000000000000F5FF060000000000000B
:10DB200000000000000000000000000010FD6F0079
:10DB30000000000000000000000060FF5F00000027
:10DB400000000000000000000000000000000000D5
:10DB5000B0FF060000000000000000000000F6FF1B
:10DB6000251D000000000000000000000000000073
:10DB700000000000F89F00000000000000000041CD
:10DB80003460FF6FE0BF00000000000000000000F4
:10DB90000000000000000020FF0C860000000000D4
:10DBA0000000C6FD2FF5FF0690FF060000000000F4
:10DBB000000000000000000000000090FF03FB0ACE
:10DBC0000000000000B1FFFF51FF5F0000FD0D00ED
:10DBD000000000000000000000000000000000F253
:10DBE0009F30FF9F0000000010FCFF2FF5FF25AFC6
:10DBF00001F66F00000000000000000000000000BF
:10DC0000000000F82F40FFFF0500000050EFFF521A
:10DC1000FF5FF2FF0AC0CF0000000000000000001C
:10DC200000000000000000FD0A40FFFF1E00000091
:10DC3000B0FF2FF5FF15FEFFAF70FF0300000000DF
:10DC40000000000000000000000030FF0640FFFF61
:10DC50008F000000B0FF52FF5FF3FFFF5C20FF0763
:10DC6000000000000000000000000000000070EF55
:10DC70000240FFFFDF010000C02FF5FF0687773469
:10DC80000000FC0B0000000000000000000000008D
:10DC90000000A0CF0030FFFFFF080050FE52FF6FD2
:10DCA000000000000000F90D00000000000000006E
:10DCB000000000000000C0BF0000FDFFFF2F00F5C6
:10DCC0002FF5FF06000000000000F72E0000000006
:10DCD00000000000000000000000E18F0000F9FFDC
:10DCE000FFBF00FF51FF5F00000000000000F44F85
:10DCF0000000000000000000000000000000E17FC4
:10DD00000000F3FFFFFF491FF5FF2504000000009E
:10DD10000000F44F000000000000000000000000C0
:10DD20000000E17F0000B0FFFFFFDF52FF5FF20461
:10DD3000000000000000F44F0000000000000000A0
:10DD4000000000000000E17F000010FEFFFF2FF543
:10DD5000FF15FF04000000000000F44F0000000069
:10DD600000000000000000000000C0AF000000D371
:10DD7000FFFF52FF5FF1FFBF000000000000F62F21
:10DD80000000000000000000000000000000B0CF14
:10DD900000000000D62EF5FF25EFFEFF0900000071
:10DDA0000000F91D0000000000000000000000005D
:10DDB000000080EF010000000050FF6F3004FBFF07
:10DDC0005F0000000000FB0B0000000000000000EE
:10DDD00000000000000040FF0400000000F6FF0605
:10DDE0000010FEFFAF0000000010FE080000000061
:10DDF0000000000000000000000010FE090000000C
:10DE000060FF6F000060FFFFBF0000000050FF04D4
:10DE1000000000000000000000000000000000FA08
:10DE20001E000000F6FF060000D0FFFFBF0000004C
:10DE300000B0DF0000000000000000000000000053
:10DE4000000000F47F000060FF6F000000F7FFFF9C
:10DE5000BF00000000F47F00000000000000000090
:10DE600000000000000000B0EF0100F6FF06000017
:10DE700020FFFFFF5F00000000FB1E00000000000D
:10DE8000000000000000000000000040FF0A60FFEA
:10DE90006F000000B0FFFFFF0D00000060FF0800F2
:10DEA0000000000000000000000000000000000072
:10DEB000FA0EF6FF06000000F5FFFFFF0600000067
:10DEC000F2DF010000000000000000000000000080
:10DED00000000000C152FF6F00000000FCFFFF7F48
:10DEE00000000010FD3F00000000000000000000E6
:10DEF000000000000000000000F5FF0600000050D8
:10DF0000FFFFFF09000000C1FF0600000000000045
:10DF100000000000000000000000000060FF5F0043
:10DF200000000080FFFF6D00000030FD9F0000003A
:10DF300000000000000000000000000000000000E1
:10DF4000F4FF259E000000D0FF8D01000000F6FFC9
:10DF500009000000000000000000000000000000B8
:10DF600000000000906FD0FF6D0000B16C00000059
:10DF700000B4FF6F0000000000000000000000007F
:10DF80000000000000000000000410FBFF7C020005
:10DF900000000010B6FFDF030000000000000000DA
:10DFA0000000000000000000000000000000006011
:10DFB000FDFFCF79444496EBFFEF1800000000000E
:10DFC0000000000000000000000000000000000051
:10DFD0000000000060FCFFFFFFFFFFFFDF180000F4
:10DFE0000000000000000000000000000000000031
:10DFF00000000000000000000030B7EDFFFFDF8BE5
:10E00000040000000000000000000000000000000C
:10E0100000000000000000000000000000000020E0
:10E020004444120000000000000000000000000056
:10E0300000000000000000000000000000000000E0
:10E0400000000000000000000000000000000000D0
:10E0500000000000000000008300A400E508251176
:10E060006619A721C82909324A3A8B42AC42ED4AC7
:10E070002E536F5BB063D16B000000000000000006
:10E08000000000000000000011110000000000006E
:10E090000000000000000000000000000000000080
:10E0A0000000000000000000000073CADEEDAC4874
:10E0B000010000000000000000000000000000005F
:10E0C00000000000000000000000000020D8FFFF5A
:10E0D000FFFFFFFFAE040000000000000000000092
:10E0E0000000000000000000000000000000002010
:10E0F000F9FFEFBC7877CAFEFFBF04000000000004
:10E10000000000000000000000000000000000000F
:10E11000000000F7FFAF260000000041E9FFAF015B
:10E1200000000000000000000000000000000000EF
:10E13000000000000000B1FF9F020000000000008E
:10E1400010E7FF3D0000000000000000000000009C
:10E1500000000000000000000030FDCF03000000C0
:10E16000000000000010FAFF0500000000000000A1
:10E1700000000000000000000000000000E3FF08B5
:10E180000000000000000000000060FF6F000000C1
:10E19000000000000000000000000000000000007F
:10E1A00010FD6F000000000000000000000000E310
:10E1B000FF0300000000000000000000000000005D
:10E1C00000000000B0FF060000000000000000009A
:10E1D00000000030FE1E00000000000000000000F3
:10E1E0000000000000000000F78F000000000000A9
:10E1F0000000004134000001F5BF000000000000F5
:10E20000000000000000000000000020FF0C86005D
:10E21000000000000000C6FDFFAD051090FF0600E5
:10E22000000000000000000000000000000000905E
:10E23000FF03FB0A0000000000B1FFFFFFFFBF0467
:10E2400000FD0D00000000000000000000000000C4
:10E25000000000F29F30FF9F0000000010FCFFFF55
:10E26000FFFFFFAF01F66F0000000000000000009C
:10E2700000000000000000F82F40FFFF0500000034
:10E2800050FFFFFFFFFFFFFF0AC0CF0000000000AC
:10E290000000000000000000000000FD0A40FFFF39
:10E2A0001E000000B0FFFFFFFFFFFFFFAF70FF0386
:10E2B000000000000000000000000000000030FF2F
:10E2C0000640FFFF8F000000B0FFFFFFFFFFFFFFD2
:10E2D0005C20FF07000000000000000000000000BC
:10E2E000000070EF0240FFFFDF010000C0FF9C470D
:10E2F000647878340000FC0B00000000000000008F
:10E30000000000000000A0CF0030FFFFFF08006009
:10E31000FEFF0600000000000000F90D00000000F4
:10E3200000000000000000000000C0BF0000FDFF72
:10E33000FF2F00F6FFFF6F00000000000000F72E27
:10E340000000000000000000000000000000E18F5D
:10E350000000F9FFFFBF10FEFFFFEF01000000000B
:10E360000000F44F0000000000000000000000006A
:10E370000000E17F0000F3FFFFFF49FFFFFFFF0404
:10E38000000000000000F44F00000000000000004A
:10E39000000000000000E18F0000B0FFFFFFDFFF82
:10E3A000FFFFFF03000000000000F44F000000002A
:10E3B00000000000000000000000E17F000010FEEF
:10E3C000FFFFFFFFFFFFFF04000000000000F44F0D
:10E3D0000000000000000000000000000000C0AFCE
:10E3E000000000D2FFFFFFFBFFFFFFBF00000000A7
:10E3F0000000F62F000000000000000000000000F8
:10E400000000B0CF00000000C6FF6D60FEDFFEFF21
:10E41000090000000000F91D0000000000000000DD
:10E4200000000000000080EF010000000033000049
:10E430004104FBFF5F0000000000FB0B0000000038
:10E440000000000000000000000050FF0400000079
:10E45000000000000010FEFFAF0000000010FE08EA
:10E46000000000000000000000000000000010FE9E
:10E4700009000000000000000060FFFFBF00000076
:10E480000060FF0400000000000000000000000029
:10E49000000000FA1E0000000000000000D0FFFF96
:10E4A000BF00000000B0DF0000000000000000001E
:10E4B00000000000000000F47F00000000000000E9
:10E4C00000F7FFFFBF00000000F47F000000000025
:10E4D0000000000000000000000000B0EF0100009C
:10E4E0000000000020FFFFFF6F00000000FB1E0087
:10E4F00000000000000000000000000000000040DC
:10E50000FF0A000000000000B0FFFFFF0D00000048
:10E5100060FF080000000000000000000000000094
:10E5200000000000FA6F000000000000F5FFFFFF90
:10E5300006000000F2DF0100000000000000000003
:10E540000000000000000000D1FF030000000000F8
:10E55000FCFFFF7F00000000FD3F00000000000006
:10E5600000000000000000000000000030FF3E003E
:10E5700000000050FFFFFF09000000C0FF06000080
:10E58000000000000000000000000000000000008B
:10E5900000F5EF0500000080FFFF6D00000020FD8A
:10E5A0009F000000000000000000000000000000CC
:10E5B000000000000060FF9F000000D0FF8D010000
:10E5C0000000F6FF0900000000000000000000004D
:10E5D00000000000000000000000E3FF6D0000B13B
:10E5E0006C00100000B4FF6F00000000000000008D
:10E5F000000000000000000000000000000010FB10
:10E60000FF7C020000000010B6FFDF0300000000E6
:10E6100000000000000000000000000000000000FA
:10E6200000000060FDFFCF79444496EBFFEF080047
:10E6300000000000000000000000000000000000DA
:10E64000000000000000000060FCFFFFFFFFFFFF74
:10E65000DF170000000000000000000000000000C4
:10E660000000000000000000000000000030B7EDD6
:10E67000FFFFDF8B0400000000000000000000002E
:10E68000000000000000000000000000000000008A
:10E6900000000020444412000000000000000000C0
:10E6A000000000000000000000000000000000006A
:10E6B000000000000000000000000000000000005A
:10E6C0000000000000000000000000008300E300E4
:10E6D0004409C50926128712071B681BC9234A244F
:10E6E000AB2C0C2D8C35ED356E3ECF3E000000007E
:10E6F00000000000000000000000000011110000F8
:10E700000000000000000000000000000000000009
:10E710000000000000000000000000000000426552
:10E720007777672400000000000000000000000070
:10E7300000000000000000000000000000000000D9
:10E7400010748888888888885702000000000000BC
:10E7500000000000000000000000000000000000B9
:10E760000000001085888867444465878868020037
:10E770000000000000000000000000000000000099
:10E7800000000000000000848868130000000021E1
:10E790007588580000000000000000000000000024
:10E7A0000000000000000000000060885801000028
:10E7B0000000000010748827000000000000000026
:10E7C000000000000000000000000000001087684A
:10E7D0000200000000000000001085880300000017
:10E7E0000000000000000000000000000000000029
:10E7F0000081880500000000000000000000308853
:10E8000038000000000000000000000000000000D0
:10E810000000000000873800000000000000000039
:10E8200000000082880200000000000000000000DC
:10E8300000000000000000006088030000000000ED
:10E840000000000000000020881700000000000009
:10E8500000000000000000000000000084580000DC
:10E86000000000000000002022000000836800007B
:10E870000000000000000000000000000000001088
:10E8800088074300000000000000638788570300EA
:10E89000508803000000000000000000000000009D
:10E8A0000000005088028605000000000060888893
:10E8B0008888680200870700000000000000000050
:10E8C000000000000000008158108858000000007F
:10E8D00000868888888888580083380000000000F7
:10E8E000000000000000000000000084182088885C
:10E8F0000300000030888888888888880570680050
:10E900000000000000000000000000000000008780
:10E910000620888817000000608888888888888892
:10E9200058408802000000000000000000000000C5
:10E9300000002088032088884800000060888888BC
:10E9400088888888361088040000000000000000D5
:10E950000000000000004088012088887800000046
:10E9600060885724324434120000860600000000FC
:10E9700000000000000000000000507800108888AF
:10E98000880400308788030000000000000085072D
:10E9900000000000000000000000000000006068AF
:10E9A00000008788881800838888380000000000ED
:10E9B00000008418000000000000000000000000BB
:10E9C0000000714800008588886800888888780081
:10E9D000000000000000822800000000000000008D
:10E9E00000000000000071480000818888882588A8
:10E9F00088888802000000000000822800100100C2
:10EA00000000000000000000000071480000608865
:10EA10008888788888888802000000000000823892
:10EA2000DBFEEFBD0900000000000000000071489F
:10EA30000000108888888888888888020000000084
:10EA4000000082FDFFFFFFFFCF000000000000007C
:10EA5000000070580000007188888886888888685F
:10EA6000000000000000E3FFFFFFFFFFFF9E00002B
:10EA7000000000000000606800000000738837306C
:10EA800087788788050000000000FEFFFFFFFFFF7A
:10EA9000FFFF0900000000000000407801000000B6
:10EAA00000110000200286882800000000D0FFFF2F
:10EAB000FFFFFFFFFFFF9E00000000000000208816
:10EAC00002000000000000000000878868000000CD
:10EAD00000FBFFFFFF0BA0FFFFFFDF0000000000B7
:10EAE000000000870500000000000000003088885A
:10EAF0006800000090FFFFFFFF0900FEFFFFFF0A14
:10EB00000000000000000085170000000000000069
:10EB10000070888868000000B0FFFFFFDF9009FCEC
:10EB2000FFFFFF0C00000000000000824800000012
:10EB3000000000000084888868000000D0FFFFFF0C
:10EB4000CFC00BFAFFFFFF0E0000000000000060C6
:10EB5000780100000000000010888888380000005C
:10EB6000E0FFFFFFAFD00DF9FFFFFF9F00000000A7
:10EB700000000020880500000000000060888888F0
:10EB800007000000F0FFFFFF0EE00ED0FFFFFFAF19
:10EB900000000000000000008538000000000000B8
:10EBA0008388888803000000F9FFFFFF0CFAAFB0EC
:10EBB000FFFFFFAF000000000000000070880200AF
:10EBC000000000008688884800000000F7FFFFFF73
:10EBD0000ADBAD90FFFFFFAF000000000000000067
:10EBE0002088280000000020888888050000006038
:10EBF000E8FFFFFF01000000FEFFFF0E0000000025
:10EC0000000000000083880300000040888837006F
:10EC100000001087D8FFFFDF90CCBC09FCFFFF0D80
:10EC20000000000000000000003088580000007064
:10EC3000884700000000838895FFFFBFB0FFFF0AF0
:10EC4000F9FFFF0A000000000000000000007288C9
:10EC500037000060360000000062883800FCFFBF0B
:10EC6000DAFFFFADFAFFEF00000000000000000037
:10EC700000001086884701000000001063887802B9
:10EC800000E0FFFFFFFFFFFFFFFFAF0000000000FD
:10EC9000000000000000003087886845222253767B
:10ECA000887804000090FFFFFFFFFFFFFFFF0B00CD
:10ECB000000000000000000000000000308688888E
:10ECC00088888888781400000000E9FFFFFFFFFFB4
:10ECD000FFBF000000000000000000000000000076
:10ECE000002064878888784602000000000090FDBC
:10ECF000FFFFFFFFEF0A000000000000000000001F
:10ED000000000000000000102222010000000000AE
:10ED1000000000A0ECFFFFDE0B0000000000000080
:10ED200000000000000000000000000000000000E3
:10ED3000000000000000000000A9AA000000000080
:10ED4000830044090612C71AA9236A242C2D0D3604
:10ED5000CF3E2321E349A46A449305B4C5DC85FD75
:10ED600000000000000000000000000000000000A3
:10ED70000000000000000000000000000000000093
:10ED80000000000000000000000000000000000083
:10ED900000000000007358000000000000000000A8
:10EDA0000000000000000000000000000000000063
:10EDB000000000000000000090FFFF1C00000000A9
:10EDC0000000000000000000000000000000000043
:10EDD000000000000000000000000000F9FFFECF6E
:10EDE0000100000000000000000000000000000022
:10EDF00000000000000000000000000000000030E3
:10EE0000FF2B91FF07000000000000000000000041
:10EE100000000000000000000000000000000000F2
:10EE200000000070FF0200FD0B0000000000000069
:10EE300000000000000000000000000000000000D2
:10EE40000000000000000070EF0100FB0B0000005C
:10EE500000000000000000000000000000000000B2
:10EE6000000000000000000000000070EF0100FB47
:10EE70000B00000000000000000000000000000087
:10EE80000000000000000000000000000000007012
:10EE9000EF0100FB0B00000000000000000000007C
:10EEA0000000000000000000000000000000000062
:10EEB00000000070EF0100FB0B00000000000000EC
:10EEC0000000000000000000000000000000000042
:10EED0000000000000000070EF0100FB0B000000CC
:10EEE0000000000000000000000000000000000022
:10EEF000000000000000000000000070EF0100FBB7
:10EF00000B000000000000000000000000000000F6
:10EF10000000000000000000000000000000007081
:10EF2000EF0100FB0B0000000000000000000000EB
:10EF300000000000000000000000000000000000D1
:10EF400000000070EF0100FB0B000000000000005B
:10EF500000000000000000000000000000000000B1
:10EF60000000000000000070EF0100FB0B0000003B
:10EF70000000000000000000000000000000000091
:10EF8000000000000000000000000070EF0100FB26
:10EF90000B00000000000000000000000000000066
:10EFA00000000000000000000000000000000070F1
:10EFB000EF0100FB0B00000000000000000000005B
:10EFC0000000000000000000000000000000000041
:10EFD00000000070EF0100FB0B00000000000000CB
:10EFE0000000000000000000000000000000000021
:10EFF0000000000000000070EF0100FB0B000000AB
:10F000000000000000000000000000000000000000
:10F01000000000000000000000000070EF0100FB95
:10F020000B000000000000000000000000000000D5
:10F030000000000000000000000000000000007060
:10F04000EF0100FB0B0000000000000000000000CA
:10F0500000000000000000000000000000000000B0
:10F0600000000070EF0100FB0B000000000000003A
:10F070000000000000000000000000000000000090
:10F080000000000000000070EF0100FB0B0000001A
:10F090000000000000000000000000000000000070
:10F0A000000000000000000000000070EF0100FB05
:10F0B0000B00000000000000000000000000000045
:10F0C00000000000000000000000000000000070D0
:10F0D000EF5107FB0B0000000000000000000000E3
:10F0E0000000000000000000000000000000000020
:10F0F00000000080DFF8AFFA0B0000000000000005
:10F1000000000000000000000000000000000000FF
:10F110000000000000000070EFFFFFFE0B00000089
:10F1200000000000000000000000000000000000DF
:10F130000000000000000000000000B0FFFFFFFF23
:10F140000C000000000000000000000000000000B3
:10F15000000000000000000000000000000010FCA3
:10F16000FFFFFFFFCF0100000000000000000000D3
:10F17000000000000000000000000000000000008F
:10F180000000A0FFFFFFFFFFFF0A000000000000DB
:10F19000000000000000000000000000000000006F
:10F1A000000000000000F4FFFFFFFFFFFF4F000022
:10F1B000000000000000000000000000000000004F
:10F1C00000000000000000000000FBFFFFFFFFFF49
:10F1D000FFBF000000000000000000000000000071
:10F1E0000000000000000000000000000010FEFF12
:10F1F000FFFFFFFFFFEF0100000000000000000024
:10F2000000000000000000000000000000000000FE
:10F210000040FFFFFFFFFFFFFFFF040000000000B2
:10F2200000000000000000000000000000000000DE
:10F23000000000000040FFFFFFFFFFFFFFFF040092
:10F2400000000000000000000000000000000000BE
:10F2500000000000000000000030FFFFFFFFFFFF84
:10F26000FFFF03000000000000000000000000009D
:10F270000000000000000000000000000000FDFF92
:10F28000FFFFFFFFFFDF00000000000000000000A4
:10F29000000000000000000000000000000000006E
:10F2A0000000F9FFFFFFFFFFFF9F000000000000CC
:10F2B000000000000000000000000000000000004E
:10F2C000000000000000F2FFFFFFFFFFFF2F000023
:10F2D000000000000000000000000000000000002E
:10F2E0000000000000000000000070FFFFFFFFFFB3
:10F2F000FF07000000000000000000000000000008
:10F30000000000000000000000000000000000F904
:10F31000FFFFFFFF9F000000000000000000000052
:10F3200000000000000000000000000000000000DD
:10F3300000000050FEFFFFEF05000000000000008D
:10F3400000000000000000000000000000000000BD
:10F35000000000000000000050BAAB0500000000F3
:10F36000000000000000000000000000000000009D
:10F37000000000000000000000000000000000008D
:10F38000000000000000000000000000000000007D
:10F39000000000000000000000000000000000006D
:10F3A000000000000000000000000000000000005D
:10F3B000000000008300A400E50825116619A721BC
:10F3C000C82909324A3A8B42AC42ED4A2E536F5B50
:10F3D000B063D16B000000000000000000000000DE
:10F3E000000000000000000000000000000000001D
:10F3F000000000000000000000000000000000000D
:10F4000000000000000000000000010000000000FB
:10F4100000000000000000000000000000000000EC
:10F4200000000000000000000000000000100600C6
:10F4300000000000000000000000000000000000CC
:10F4400000000000000000000000000000000000BC
:10F450000020480000000000000000000000000044
:10F46000000000000000000000000000000000009C
:10F4700000000000002088090000000000000000DB
:10F48000000000000000000000000000000000007C
:10F49000000000000000000000408807000000009D
:10F4A000000000000000000000000000000000005C
:10F4B000000000000000000000000000004088582C
:10F4C000000000000000000000000000000000003C
:10F4D000000000000000000000000000000000002C
:10F4E00000408888020000000000000000000000CA
:10F4F000000000000000000000000000000000000C
:10F500000000000000608888070000000000000084
:10F5100000000000000000000000000000000000EB
:10F520000000000000000000006088884800000023
:10F5300000000000000000000000000000000000CB
:10F54000000000000000000000000000007088883B
:10F550007800000000000000000000000000000033
:10F56000000000000000000000000000000000009B
:10F570000081888888020000000000000000000070
:10F58000000000000000000000000000000000007B
:10F590000000002500848888880600000000000024
:10F5A000000000000000000000000000000000005B
:10F5B00000000000000020480086888888180000AD
:10F5C000000000000000000000000000000000003B
:10F5D000000000000000000000007068208888889B
:10F5E000884800000000000000000000000000004B
:10F5F00000000000000000000000000000008488FF
:10F600005088888888780000000000000000000012
:10F6100000000000000000000000000000000000EA
:10F62000001088887388888888880200000000009D
:10F6300000000000000000000000000000000000CA
:10F640000000000000408888878888888888050036
:10F6500000000000000000000000000000000000AA
:10F6600000000000000000000060888888F88F8893
:10F670008888060000000000000000000000000074
:10F6800000000000000000000000000000818888E9
:10F6900088F8EF888888180000000000000000004B
:10F6A000000000000000000000000000000000005A
:10F6B0000082888888FFFF88888828000000000072
:10F6C000000000000000000000000000000000003A
:10F6D0000000000000848888E8FFFF8F88884800C9
:10F6E000000000000000000000000000000000001A
:10F6F000000000000000000000868888F8FFFF8FEF
:10F700008888680000000000000000000000000081
:10F710000000000000000000000000000087888852
:10F72000FFFFFFFF88887800000000000000000055
:10F7300000000000000000000000000000000000C9
:10F74000208888E8FFFFFFFF8E8888020000000005
:10F7500000000000000000000000000000000000A9
:10F7600000000000208888F8FFFFFFFF8F888802D4
:10F770000000000000000000000000000000000089
:10F780000000000000000000008888F8FFFFFFFF75
:10F790008F888800000000000000000000000000CA
:10F7A000000000000000000000000000008788F852
:10F7B000FFFFFFFF8F8878000000000000000000BE
:10F7C0000000000000000000000000000000000039
:10F7D000008688F8FFFFFFFF8F88680000000000A8
:10F7E0000000000000000000000000000000000019
:10F7F00000000000008588F8FFFFFFFF8F88580099
:10F8000000000000000000000000000000000000F8
:10F810000000000000000000008488F8FFFFFFFFE8
:10F820008F88480000000000000000000000000079
:10F83000000000000000000000000000008488FEBE
:10F84000FFFFFFFFEF8848000000000000000000FD
:10F8500000000000000000000000000000000000A8
:10F86000008288F8FFFFFFFF8F882800000000005B
:10F870000000000000000000000000000000000088
:10F8800000000000006088E8FFFFFFFF8E88060090
:10F890000000000000000000000000000000000068
:10F8A000000000000000000000208888FFFFFFFF2C
:10F8B0008888020000000000000000000000000036
:10F8C000000000000000000000000000000085882B
:10F8D000FEFFFFEF8858000000000000000000005D
:10F8E0000000000000000000000000000000000018
:10F8F00000007188F8FFFF8F8817000000000000EB
:10F9000000000000000000000000000000000000F7
:10F910000000000000003088E8FFFF8E8803000030
:10F9200000000000000000000000000000000000D7
:10F9300000000000000000000000008788EEEE8854
:10F94000780000000000000000000000000000003F
:10F950000000000000000000000000000000005156
:10F960008788888815000000000000000000000063
:10F970000000000000000000000000000000000087
:10F980000000000041877814000000000000000023
:10F990000000000000000000000000000000000067
:10F9A0000000000000000000003014000000000013
:10F9B0000000000000000000000000000000000047
:10F9C0000000000000000000000000000000000037
:10F9D0000000000000000000000000000000000027
:10F9E0000000000000000000000000000000000017
:10F9F0000000000000000000000000000000000007
:10FA000000000000000000000000000000000000F6
:10FA100000000000000000000000000000000000E6
:10FA200000000000000000008300C3202341836128
:10FA3000E481449AA4BAE5DA45FB6321244A056BC4
:10FA4000E593C6B4A7DD87FE0000000000000000BB
:10FA500000000000000000000000000000000000A6
:10FA60000000000000000000000000000000000096
:10FA70000000000000000000000000000000000086
:10FA80000000000000000000000000000000000076
:10FA90000000000000000000000000000000000066
:10FAA0000000000000000000000000000000000056
:10FAB0000000000000000000000000000000000046
:10FAC00000644501000000002064250000000000E3
:10FAD0000000000000000000000000000000000026
:10FAE000000000007288880100000000308888054E
:10FAF0000000000000000000000000000000000006
:10FB0000000000000000004088886800000000003D
:10FB1000108888680200000000000000000000005B
:10FB200000000000000000000000007088885821DC
:10FB300000000021148788880500000000000000F4
:10FB40000000000000000000000000000000008134
:10FB5000888828834700008628848888070000005A
:10FB60000000000000000000000000000000000095
:10FB70000000001053875886480000855885884645
:10FB80000200000000000000000000000000000073
:10FB90000000000000000000117188881800008239
:10FBA000888816000000000000000000000000002F
:10FBB000000000000000000000000000847788883A
:10FBC0000600008188885628000000000000000020
:10FBD0000000000000000000000000000000000025
:10FBE00086888888040000608888884800000000B3
:10FBF0000000000000000000000000000000000005
:10FC000000000000648888880200003088888848E6
:10FC100000000000000000000000000000000000E4
:10FC20000000000000000000003175880500005051
:10FC300088782400000000000000000000000000A0
:10FC4000000000000000000000000000000010881C
:10FC50002800008278010000000000000000000081
:10FC60000000000000000000000000000000000094
:10FC700000000084680000864800000000000000CA
:10FC80000000000000000000000000000000000074
:10FC90000000200100000070880330880700000089
:10FCA0001002000000000000000000000000000042
:10FCB00000000000100081070000003088077088F5
:10FCC00003000000701800010000000000000000A8
:10FCD00000000000000000007301886800000000C0
:10FCE0008648846800000000868810370000000005
:10FCF000000000000000000000000030881882882A
:10FD00000600000081FEEF1800000060882881884E
:10FD100003000000000000000000000000000040A0
:10FD20008888738878444444D4FFFF2E2222228698
:10FD30008825888804000000000000000000000002
:10FD4000000000408888888888888888F8FFFF8FAE
:10FD5000888888888888888806000000000000005D
:10FD60000000000000000040888888888888888813
:10FD7000F8FFFF8F888888888888888806000000B8
:10FD80000000000000000000000000308888548857
:10FD900078444444D4FFFF6F666666878858888835
:10FDA000060000000000000000000000000000103D
:10FDB000872871882800000060FFFF28000000608D
:10FDC0008838718803000000000000000000000077
:10FDD00000000000730286680100000083788578C7
:10FDE00000000000858800570000000000000000AF
:10FDF000000000000000000010008107000000006B
:10FE000087387088040000005028000000000000BF
:10FE100000000000000000000000000000002001C1
:10FE20000000004088063088170000000002000033
:10FE300000000000000000000000000000000000C2
:10FE400000000000000000818802008658000000C9
:10FE500000000000000000000000000000000000A2
:10FE60000000000000000000000010865800008222
:10FE700088020000000000000000000000000000F8
:10FE80000000000000000000000000000042878821
:10FE90001800005088581300000000000000000007
:10FEA0000000000000000000000000000000000052
:10FEB0008488888804000020888888460000000024
:10FEC0000000000000000000000000000000000032
:10FED00000000000848888880500004088888868C1
:10FEE0000000000000000000000000000000000012
:10FEF00000000000000000008245888818000060B3
:10FF00008888774800000000000000000000000022
:10FF10000000000000000000000000001051888870
:10FF200028000081888817110000000000000000F0
:10FF300000000000000000000000000000000020A1
:10FF4000648888875800008468857835010000003F
:10FF500000000000000000000000000000000000A1
:10FF60000000007088885882680000743882888891
:10FF70001800000000000000000000000000000069
:10FF80000000000000000050888868411200000056
:10FF900012858888070000000000000000000000B3
:10FFA000000000000000000000000020858888019B
:10FFB00000000000008688880400000000000000A7
:10FFC0000000000000000000000000000000000031
:10FFD0005088880300000000108888270000000077
:10FFE0000000000000000000000000000000000011
:10FFF00000000000006246020000000010544600AD
:020000040805ED
:1000000000000000000000000000000000000000F0
:1000100000000000000000000000000000000000E0
:1000200000000000000000000000000000000000D0
:1000300000000000000000000000000000000000C0
:1000400000000000000000000000000000000000B0
:1000500000000000000000000000000000000000A0
:100060000000000000000000000000000000000090
:100070000000000000000000000000000000000080
:100080000000000000000000000000000000000070
:1000900000000000000000000000000083002609AE
:1000A000EA11AD1A71233524D82C9C355F3E87198F
:1000B0008B3A8F5B937C979D9BBE9FDF0000000077
:1000C0000000000000000000000000000000000030
:1000D0000000000000000000000000000000000020
:1000E0000000107C777777777777777777777777F0
:1000F0007777777777777777777777777777777790
:10010000C70B00000000FDFFFFFFFFFFFFFFFFFF29
:10011000FFFFFFFFFFFFFFFFFFFFFFFFFFFFFFFFEF
:10012000FFFFFFFFFFEF010000E0FFFFFFFFFFFF0A
:10013000FFFFFFFFFFFFFFFFFFFFFFFFFFFFFFFFCF
:10014000FFFFFFFFFFFFFFFFFFFFBF0000FD8F0B63
:1001500000000000000000000000000000B0550B8F
:1001600000000000000000000000000010FDEF0093
:1001700010FF080000000000000000000000000068
:1001800000205504000000000000000000000000F6
:1001900000C0FF0CC0FF0B000000000000000000CA
:1001A0000000000000305535000000000000000095
:1001B000000000000000FE0D70FF000000000000C5
:1001C0000000000000000000003055550100000054
:1001D00000000000000000000000FE0E70FF0000A4
:1001E0000000000000000000000000000040555525
:1001F0000400000000000000000000000000FE0EEF
:1002000070FF00000000000000000000000000007F
:1002100000405555350000000000000000000000BF
:100220000000FE0E70FF0000000000000000000053
:10023000000000000040555555000000000000007F
:10024000000000000000FE0E70FF00000000000033
:10025000000000000000000000515555550B000043
:1002600000000000000000000000FE0E70FF000013
:10027000000000000000000000000013005255556F
:100280005504000000000000000000000000FE0E09
:1002900070FF0000000000000000000000001025BA
:1002A00000545555551500000000000000000000E6
:1002B0000000FE0E70FF00000000000000000000C3
:1002C0000000404510555555553500000000000010
:1002D000000000000000FE0E70FF000000000000A3
:1002E000000000000000535530555555554500009D
:1002F00000000000000000000000FE0E70FF000083
:1003000000000000000000000010555542555555F2
:100310005555010000000000000000000000FE0E26
:1003200070FF000000000000000000000030555584
:1003300054555555555503000000000000000000BD
:100340000000FE0E70FF0000000000000000000032
:100350000040555555F55A5555550400000000000C
:10036000000000000000FE0E70FF00000000000012
:10037000000000000050555555AFFA555555050081
:1003800000000000000000000000FE0E70FF0000F2
:1003900000000000000000000051555555AAAA5564
:1003A0005555150000000000000000000000FE0E82
:1003B00070FF0000000000000000000000535555D1
:1003C000F5AAAA5F555535000000000000000000A6
:1003D0000000FE0E70FF00000000000000000000A2
:1003E00000545555A5AAAAFA55554500000000002D
:1003F000000000000000FE0E70FF00000000000082
:100400000000000000545555AAAAAAAA5555450057
:1004100000000000000000000000FE0E70FF000061
:100420000000000000000000105555F5AAAAAAAA75
:100430005F55550100000000000000000000FE0EA6
:1004400070FF00000000000000000000105555F58E
:10045000AAAAAAAA5F5555010000000000000000EA
:100460000000FE0E70FF0000000000000000000011
:10047000005555A5AAAAAAAA5A5555000000000081
:10048000000000000000FE0E70FF000000000000F1
:1004900000000000005455A5AAAAAAAA5A55450072
:1004A00000000000000000000000FE0E70FF0000D1
:1004B0000000000000000000005455A5AAAAAAAA46
:1004C0005A55450000000000000000000000FE0E2C
:1004D00070FF00000000000000000000005355A560
:1004E000AAAAAAAA5A553500000000000000000080
:1004F0000000FE0E70FF0000000000000000000081
:10050000005355A5AAAAAAAA5A5535000000000012
:10051000000000000000FE0E70FF00000000000060
:1005200000000000005255AFAAAAAAAAFA55250059
:1005300000000000000000000000FE0E70FF000040
:100540000000000000000000005155A5AAAAAAAAB8
:100550005A55150000000000000000000000FE0ECB
:1005600070FF00000000000000000000004055F592
:10057000AAAAAAAA5F55040000000000000000001B
:100580000000FE0E70FF00000000000000000000F0
:1005900000105555AAAAAAAA55550100000000004E
:1005A000000000000000FE0E70FF000000000000D0
:1005B0000000000000005355AFAAAAFA553500000C
:1005C00000000000000000000000FE0E70FF0000B0
:1005D000000000000000000000005055A5AAAA5A23
:1005E0005505000000000000000000000000FE0EA5
:1005F00070FF000000000000000000000000205517
:10060000F5AAAA5F550200000000000000000000EB
:100610000000FE0EC0FF010000000000000000000E
:100620000000005455FFFF55450000000000000089
:10063000000000000000FE0DB0FF0D0000000000F3
:100640000000000000000031555555551300000012
:1006500000000000000000000060FF0C00FECF0062
:1006600000000000000000000000000020544512BF
:1006700000000000000000000000000000F6FF0085
:1006800000F1FFEEEEEEEEEEEEEEEEEEEEEEEEEE64
:100690008EFEEF88EEEEEEEEEEEEEEEEEEEEEEEE2F
:1006A000EEFFCF0000B0FEFFFFFFFFFFFFFFFFFFE9
:1006B000FFFFFFFFAFFFFFFAFFFFFFFFFFFFFFFF9F
:1006C000FFFFFFFFFF9F0C000000C0EDEEEEEEEE1F
:1006D000EEEEEEEEEEEEEEEEEEEEEEEEEEEEEEEE3A
:1006E000EEEEEEEEEEEEEEEEDE0C000000000000B0
:1006F00000000000000000000000000000000000FA
:1007000000000000000000000000000000000000E9
:1007100083000331A361249AC4CA45FBA431E56276
:10072000259C46CD87FE83318462849B85CC85FDE4
:1007300000000000000000000000000000000000B9
:1007400000000000000000000000000000000000A9
:10075000000000000000B0CCCCCCCCCCCCCCCCCCBD
:10076000CCCCCCCCCCCCCCCCCCCCCCCCCCCCCCCCC9
:10077000CCCCCCCCCC0B00000000FDFFFFFFFFFF7A
:10078000FFFFFFFFFFFFFFFFFFFFFFFFFFFFFFFF79
:10079000FFFFFFFFFFFFFFFFFFEF0B0000E0FFFF8A
:1007A000FFFFFFFFFFFFFFFFFEFFFFFFFFFFFFFF5A
:1007B000FFFFFFFEFFFFFFFFFFFFFFFFFFFFBF0089
:1007C00000FDDF0B00000000000000004655550151
:1007D000000000002055550300000000000000004C
:1007E000B0FDEF00B0FF0D00000000000000002091
:1007F000555545000000000000555545010000001A
:100800000000000000C0FF0CC0FF0B000000000053
:100810000000004055553510000000201354555578
:1008200003000000000000000000FE0DD0FF0000EB
:1008300000000000000000515555155225000054DD
:100840001553555504000000000000000000FE0E86
:10085000C0FF0000000000000000001032553554B9
:1008600025000053355355340100000000000000FE
:100870000000FE0EC0FF00000000000000000000AD
:100880001041555515000051555514000000000049
:10089000000000000000FE0EC0FF0000000000008D
:1008A00000000000535455550400005055553315B1
:1008B00000000000000000000000FE0EC0FF00006D
:1008C0000000000000000000545555550300004092
:1008D0005555552500000000000000000000FE0EE8
:1008E000C0FF000000000000000000004355555507
:1008F00001000020555555350000000000000000A3
:100900000000FE0EC0FF000000000000000000001C
:10091000002153550300003055451300000000002E
:10092000000000000000FE0EC0FF000000000000FC
:100930000000000000001055150000515501000096
:1009400000000000000000000000FE0EC0FF0000DC
:1009500000000000000000000000005345000054AB
:100960002500000000000000000000000000FE0E56
:10097000C0FF000000000000000010000000005058
:100980005502205504000000000100000000000096
:100990000000FE0EC0FF0000000000000000510437
:1009A00000000020550540550200000040150000E1
:1009B000000000000000FE0EC0FF0000000000006C
:1009C000520155450000000054355245000000001A
:1009D00054551025000000000000FE0EC0FF00006E
:1009E00000000020551551550400000051A99A152A
:1009F0000000004055255155020000000000FE0E89
:100A0000C0FF0000000000305555425545323332DA
:100A100092AAAA191111115455135555020000003C
:100A20000000FE0EC0FF0000000000205555555587
:100A300055555555A5AAAA5A555555555555555567
:100A4000040000000000FE0EC0FF000000000030A7
:100A50005555555555555555A5AAAA5A5555555547
:100A600055555555040000000000FE0EC0FF000063
:100A700000000020555532555532333282AAAA4A19
:100A80004444445455355555040000000000FE0E02
:100A9000C0FF000000000010552541551500000062
:100AA00040AAAA150000004055254155020000004B
:100AB0000000FE0EC0FF000000000000520154457F
:100AC000010000005245534500000000535500341A
:100AD000000000000000FE0EC0FF0000000000004B
:100AE00000005004000000005525405502000000A1
:100AF00030150000000000000000FE0EC0FF0000E6
:100B000000000000000010000000003055042055D7
:100B10000500000000010000000000000000FE0EC3
:100B2000C0FF0000000000000000000000000051B5
:100B300055010054350000000000000000000000D6
:100B40000000FE0EC0FF00000000000000000000DA
:100B50000000105335000051550100000000000056
:100B6000000000000000FE0EC0FF000000000000BA
:100B700000000000003154551500003055351200BA
:100B800000000000000000000000FE0EC0FF00009A
:100B900000000000000000005355555503000010F0
:100BA0005555553400000000000000000000FE0E06
:100BB000C0FF000000000000000000005255555525
:100BC00003000030555555450000000000000000AE
:100BD0000000FE0EC0FF000000000000000000004A
:100BE000513355550500004055554535000000006E
:100BF000000000000000FE0EC0FF0000000000002A
:100C000000000000003055551500005155551501E4
:100C100000000000000000000000FE0EC0FF000009
:100C200000000000000000104355555435000052EC
:100C30004553552301000000000000000000FE0E97
:100C4000C0FF000000000000000000405555355175
:100C500045000052255155551500000000000000C8
:100C60000000FE0EC0FF0000000000000000003089
:100C70005555453002000000015355550400000051
:100C8000000000000000FE0EC0FF0B00000000008E
:100C90000000001053555500000000000054555549
:100CA00003000000000000000000FE0DB0FF0D007A
:100CB0000000000000000000305555020000000058
:100CC00010555514000000000000000000B0FF0C9B
:100CD00000FECF00000000000000000000413401D1
:100CE000000000001032230000000000000000009F
:100CF00000FBFF0000FBFFEEEEEEEEEEEEEEEEEEA2
:100D0000EEEEDEEEEEEEEEEEEEEDDEEEEEEEEEEE24
:100D1000EEEEEEEEEEFFCF0000B0FEFFFFFFFFFFB6
:100D2000FFFFFFFFFFFFFFFFFFFFFFFFFFFFFFFFD3
:100D3000FFFFFFFFFFFFFFFFFFFF0C000000C0ED04
:100D4000EEEEEEEEEEEEEEEEEEEEEEEEEEEEEEEEC3
:100D5000EEEEEEEEEEEEEEEEEEEEEEEEDE0C000081
:100D60000000000000000000000000000000000083
:100D70000000000000000000000000000000000073
:100D8000000000008300A809CE1AF4233A355F3E24
:100D9000E8294E53D4843AAE9FDF83318462849B2A
:100DA00085CC85FD00000000000000000000000070
:100DB0000000000000000000000000000000000033
:100DC0000000000000000000000000000000000023
:100DD0000000000000000000000000000000000013
:100DE0000000000000000000000000000000000003
:100DF00000000000000000000000000000000000F3
:100E000000000000000000000000000000000000E2
:100E100000000000000000000000000000000000D2
:100E200000000000000000000000000000000000C2
:100E300000000000000000000000000000000000B2
:100E400000000000000000000000000000000000A2
:100E50000000000000000000000000000000000092
:100E60000000000000000000000000000000000082
:100E70000000000000000000000000000000000072
:100E80000000000000000000000000001010010140
:100E90000000000000000000000000000000000052
:100EA000000000000000000000000000002043657A
:100EB00076777778663412000000000000000000AA
:100EC0000000000000000000000000000000002002
:100ED0006487888888888888888888560200000007
:100EE0000000000000000000000000000000000002
:100EF00000004287888888887877778788888888FC
:100F00007825000000000000000000000000000044
:100F100000000000006388888868452302111110D2
:100F200022547688888847010000000000000000F5
:100F30000000000000000000728888783501000081
:100F40000000000000001042868888380000000081
:100F500000000000000000000000005188884702E7
:100F600000000000000000000000000010748888ED
:100F70002600000000000000000000000000308794
:100F800088370100000000000000000000000000A1
:100F900000006288880400000000000000000000DB
:100FA00000008488480000000000000000000000ED
:100FB00000000000000000738858000000000000DE
:100FC00000000000005088680100000000000000E0
:100FD00000000000000000000000000085880700FD
:100FE00000000000000000000084880400000000F1
:100FF00000000000000000000000000000000000F1
:1010000030886800000000000000000030883800D0
:1010100000000000000000000000000000000000D0
:1010200000000000008288040000000000000000B2
:1010300071880500000000000000000000000000B2
:1010400000000000000000000030882800000000C0
:1010500000000000856800000000000000000000A3
:101060000000000000000000000000000000857883
:1010700000000000000000108828000000000000B0
:101080000000000000000000000000000000000060
:101090000000708802000000000000308806000098
:1010A0000000000000000000000000000000000040
:1010B0000000000000004088050000000000005013
:1010C0008803000000000000000000000000000095
:1010D0000000000000000000000010880700000071
:1010E0000000007088010000000000000000000007
:1010F0000000000000000000000000000000008769
:1011000028000000000000817800000000000000BE
:101110000000000000C9BC0000000000000000004A
:101120000000008538000000001020881601000033
:10113000000000000000000000FAEF0000000000C6
:1011400000000000000010318806010000FBFEFFD7
:10115000EFDF0000000000000000000000FADF00E8
:1011600000000000000000000000FBFEFFEFDF00B9
:1011700000FCFFFFFFDF0000000000000000000097
:1011800000FADF0000000000000000000000FCFF8B
:10119000FFFFDF0000FBFFFFFFDF0000000000009B
:1011A0000000000000FADF00000000000000000066
:1011B0000000FBFFFFFFDF0000FCFFFFFFDF000080
:1011C000000000000000000000FADF000000000046
:1011D000000000000000FCFFFFFFDF0000FCFFFF3D
:1011E000FFDF0000000000000000000000FADF0048
:1011F00000000000000000000000FCFFFFFFDF0017
:1012000000FCFFFFFFDF0000000000000000000006
:1012100000FADF0000000000000000000000FCFFFA
:10122000FFFFDF0000FCFFFFFFDF00000000000009
:101230000000000000FADF000000000000000000D5
:101240000000FCFFFFFFDF0000FCFFFFFFDF0000EE
:10125000000000000000000000FADF0000000000B5
:10126000000000000000FCFFFFFFDF0000FCFFFFAC
:10127000FFDF000000000000000000000BF9DFB0FD
:101280000A000000000000000000FCFFFFFFDF007C
:1012900000FCFFFFFFDF000000000000000000B0C6
:1012A000DFFADFFA1E000000000000000000FCFF73
:1012B000FFFFDF0000FCFFFFFFDF00000000000079
:1012C000000000F1FFFFFFFFBF0000000000000072
:1012D0000000FCFFFFFFDF0000FBFFFFFFDF00005F
:1012E0000000000000000090FFFFFFFF0C00000066
:1012F000000000000000FCFFFFFFDF0000FCFFFF1C
:10130000FFDF00000000000000000000D9FFFFBF69
:1013100000000000000000000000FBFFFFFFEF00E6
:1013200000DBFFFFFFEF22222222222222222222A2
:1013300022FEFF1C22222222222222222222FCFF23
:10134000FFFFCE0000008788888888888888888882
:10135000888888888888888888888888888888880D
:10136000888888888888020000108888888888880B
:1013700088888888888888888888888888888888ED
:10138000888888888888888888880200000066663F
:1013900066666666666666666666666666666666ED
:1013A00066666666666666666666666666660200A7
:1013B000000000000000000000000000000000002D
:1013C000000000000000000000000000000000001D
:1013D000000000000000000000000000000000000D
:1013E00000000000000000000000000000000000FD
:1013F000000000000000000083002511C8296B3A9E
:101400000E53B0635374168DB89D0709AB112F228C
:10141000B32A5733DB437F4C00000000000000007C
:1014200000000000000000000000000000000000BC
:1014300000000000000000000000000000000000AC
:10144000000000000000000000000000000000009C
:10145000000000000000000000000000000000008C
:10146000000000000000000000000000000000007C
:10147000000000000000000000000000000000006C
:10148000000000000000000000000000000000005C
:10149000000000000000000000000000000000004C
:1014A000000000000000000000000000000000003C
:1014B000000000000000000000000000000000002C
:1014C000000000000000000000000000000000001C
:1014D000000000000000000000000000000000000C
:1014E00000000000000000000000000000000000FC
:1014F00000000000000000000000000000000000EC
:1015000010100101000000000000000000000000B9
:1015100000000000000000000000000000000000CB
:10152000002043657677777866341200000000006B
:1015300000000000000000000000000000000000AB
:101540000000002064878888888888888888885672
:101550000200000000000000000000000000000089
:1015600000000000000042878888888878777787A5
:1015700088888888782500000000000000000000AE
:101580000000000000000000006388888868452390
:10159000021111102254768888884701000000004B
:1015A0000000000000000000000000007288887841
:1015B00035010000000000000000104286888838D5
:1015C00000000000000000000000000000000051CA
:1015D00088884702000000000000000000000000B2
:1015E0001074888826000000000000000000000041
:1015F0000000308788370100000000000000000074
:101600000000000000006288880400000000000064
:101610000000000000008488480000000000000076
:101620000000000000000000000000738858000067
:101630000000000000000000005088680100000069
:10164000000000000000000000000000000000009A
:101650008588070000000000000000000084880466
:10166000000000000000000000000000000000007A
:10167000000000003088680000000000000000004A
:10168000308838000000000000000000000000006A
:10169000000000000000000000828804000000003C
:1016A000000000007188050000000000000000003C
:1016B000000000000000000000000000003088284A
:1016C000000000000000000085680000000000002D
:1016D000000000000000000000000000000000000A
:1016E000000085780000000000000010882800003D
:1016F00000000000000000000000000000000000EA
:1017000000000000000070880200000000000030AF
:10171000880600000000000000000000000000003B
:1017200000000000000000000000408805000000EC
:1017300000000050880300000000000000000000CE
:101740000000000000000000000000000000108801
:101750000700000000000070880100000000000089
:101760000000000000999900000000000000000047
:1017700000000087280000000000008178000000C1
:10178000000000000000000090FEEF0900000000D3
:1017900000000000000000853800000000002088E4
:1017A000960000000000000000000000F9FFFF9F0D
:1017B0000000000000000000000000398806000062
:1017C00000EAFFFFEFBE000000000000000000A0E4
:1017D000FFFFFFFF0A000000000000000000EAFE1B
:1017E000FFFFBE00A0FFFFFFFFFF0B000000000097
:1017F000000000FAFFFFFFFFAF0000000000000044
:1018000000A0FFFFFFFFFF0BD0FFFFFFFFFF9F00C8
:1018100000000000000000D0CFFCCFFC0D00000055
:101820000000000000E0FFFFFFFFFF9FF9FFFFFF48
:10183000FFFFAF0000000000000000900CFBBFC0E5
:10184000090000000000000000F9FFFFFFFFFFAFEC
:10185000E0FFFFFFFFFF9F0000000000000000000E
:1018600000FCCF00000000000000000000E0FFFFCF
:10187000FFFFFF9FB0FFFFFFFFFF0D000000000014
:101880000000000000FCCF0000000000000000008D
:1018900000B0FFFFFFFFFF0D00FBFFFFFFDF0000B9
:1018A000000000000000000000FCCF00000000006D
:1018B000000000000000FBFFFFFFDF000090BA887F
:1018C000A6090000000000000000000000FCCF009E
:1018D0000000000000000000000090BA88A6090087
:1018E000000020880600000000000000000000004A
:1018F00000FCCF00000000000000000000000020FD
:10190000880600000000208806000000000000009B
:101910000000000000FCCF000000000000000000FC
:10192000000000208806000000002088060000005B
:10193000000000000000000000FCCF0000000000DC
:101940000000000000000020880600000000208841
:1019500006000000000000000000000000FCCF00B6
:1019600000000000000000000000002088060000C9
:1019700000002088060000000000000000000000B9
:1019800000FBBF000000000000000000000000207D
:1019900088060000000042882622222222222222DB
:1019A0002222222222FDDF2222222222222222227F
:1019B0002222224288260100001088888888888890
:1019C0008888888888888888888888888888888897
:1019D0008888888888888888888802000010888895
:1019E0008888888888888888888888888888888877
:1019F0008888888888888888888888888888020075
:101A00000000666666666666666666666666666642
:101A10006666666666666666666666666666666666
:101A200066660200000000000000000000000000E8
:101A300000000000000000000000000000000000A6
:101A40000000000000000000000000000000000096
:101A50000000000000000000000000000000000086
:101A600000000000000000000000000083002511BD
:101A7000C8296B3A0E53B0635374168DB89D640930
:101A80004612281B0A240B2DED35CF3E8300830020
:101A9000830083008300830083008300830083002E
:101AA000830083008300830083008300830083001E
:101AB0008300830083008300D0528300830083006F
:101AC00083008300830083008300830083008300FE
:101AD0009DFF8B738300830083008300830083005A
:101AE00083008300830083009DFFFFFF8B738300CF
:101AF00083008300830083008300830083008300CE
:101B00009DFFFFFFFFFF8B73830083008300830033
:101B100083008300830083009DFFFFFFFFFFFFFF23
:101B20008B73830083008300830083008300830022
:101B30009DFFFFFFFFFFFFFFFFFF8B73830083000D
:101B400083008300830083009DFFFFFFFFFFFFFFF3
:101B5000FFFFFFFF8B7383008300830083008300FC
:101B60009DFFFFFFFFFFFFFFFFFFFFFFFFFF8B73E7
:101B7000830083008300830083008300830083004D
:101B80008300D052FFFFFFFF8B738300830083002D
:101B9000830083008300830083008300D052FFFF13
:101BA000FFFF8B7383008300830083008300830027
:101BB000830083008300D052FFFFFFFF8B738300FD
:101BC00083008300830083008300830083008300FD
:101BD000D052FFFFFFFF8B738300830083008300DD
:101BE00083008300830083008300D052FFFFFFFF48
:101BF0008B73830083008300830083008300830052
:101C000083008300D052FFFFFFFF8B7383008300AC
:101C10008300830083008300830083008300D0520D
:101C2000FFFFFFFF8B73830083008300830083002B
:101C30008300830083008300D052FFFFFFFF8B737C
:101C4000830083008300830083008300830083007C
:101C50008300D052FFFFFFFF8B738300830083005C
:101C6000830083008300830083008300D052FFFF42
:101C7000FFFF8B7383008300830083008300830056
:101C8000830083008300D052FFFFFFFF8B7383002C
:101C9000830083008300830083008300830083002C
:101CA000D052FFFFFFFF8B7383008300830083000C
:101CB00083008300830083008300D052FFFFFFFF77
:101CC0008B73830083008300830083008300830081
:101CD00083008300D052FFFFFFFF8B7383008300DC
:101CE0008300830083008300830083008300D0523D
:101CF000FFFFFFFF8B73830083008300830083005B
:101D00008300830083008300D052FFFFFFFF8B73AB
:101D100083008300830083008300830083008300AB
:101D2000830083008300830083008300830083009B
:101D3000830083008300830083008300830083008B
:101D4000830083008300830083008300830083007B
:101D5000D052FFFFFFFFD052830083008300830037
:101D600083008300830083008300D052FFFFFFFFC6
:101D7000D0528300830083008300830083008300AC
:101D800083008300D052FFFFFFFFD0528300830007
:101D90008300830083008300830083008300D0528C
:101DA000FFFFFFFFD0528300830083008300830086
:101DB0008300830083008300D052FFFFFFFFD052D7
:101DC00083008300830083008300830083008300FB
:101DD0008300D052FFFFFFFFD052830083008300B7
:101DE000830083008300830083008300D052FFFFC1
:101DF000FFFFD052830083008300830083008300B1
:101E0000830083008300D052FFFFFFFFD052830086
:101E100083008300830083008300830083008300AA
:101E2000D052FFFFFFFFD052830083008300830066
:101E300083008300830083008300D052FFFFFFFFF5
:101E4000D0528300830083008300830083008300DB
:101E500083008300D052FFFFFFFFD0528300830036
:101E60008300830083008300830083008300D052BB
:101E7000FFFFFFFFD05283008300830083008300B5
:101E80008300830083008300D052FFFFFFFFD05206
:101E9000830083008300830083008300830083002A
:101EA0008300D052FFFFFFFFD052830083008300E6
:101EB000830083008300830083008300D052FFFFF0
:101EC000FFFFD052830083008300830083008300E0
:101ED000830083008300D052FFFFFFFFD0528300B6
:101EE00083008300830083008300830083008300DA
:101EF000D052FFFFFFFFFFFFFFFFFFFFFFFFFFFFCE
:101F000083008300830083008300D052FFFFFFFF24
:101F1000FFFFFFFFFFFFFFFF8300830083008300BD
:101F200083008300D052FFFFFFFFFFFFFFFFFFFF93
:101F30008300830083008300830083008300D052EA
:101F4000FFFFFFFFFFFFFFFF83008300830083008D
:101F50008300830083008300D052FFFFFFFFFFFF59
:101F60008300830083008300830083008300830059
:101F70008300D052FFFFFFFF8300830083008300B4
:101F8000830083008300830083008300D052FFFF1F
:101F90008300830083008300830083008300830029
:101FA000830083008300D05283008300830083007A
:101FB0008300830083008300830083008300830009
:101FC00083008300830083008300830083008300F9
:101FD00083008300830083008300830083008300E9
:101FE00083008300830083008300830083008300D9
:101FF00083008300830083008300830083008300C9
:1020000083008300830083008300830083008300B8
:1020100083008300830083008300830083008300A8
:102020008300830083008300830083008300830098
:102030008300830083008300830083008300830088
:102040008300830083008300830083008300830078
:1020500083008621E8314942E831E410830083009F
:102060008300830083008300830083008300830058
:102070008300830083008300830083008300EC528D
:1020800055A51DE7FFFFFFFFFFFFFFFFFFFFFFFF5E
:10209000FFFF39C6CF73E410830083008300830001
:1020A000830083008300830083008300E410729424
:1020B0009EF7FFFFFFFFFFFFFFFFFFFFFFFFFFFF99
:1020C000FFFFFFFFFFFFFFFFFFFFFFFF96B5A731F9
:1020D0008300830083008300830083008300CF7329
:1020E000FFFFFFFFFFFFFFFFFFFFFFFFDFF79AD6B6
:1020F00039C6D7B559C65DE7FFFFFFFFFFFFFFFFFA
:10210000FFFFFFFFB394830083008300830045211A
:102110009AD6FFFFFFFFFFFFFFFFBAD6CF738621DE
:10212000830083008300830083008300E410EC526B
:10213000D7B5FFFFFFFFFFFFFFFFBAD68621830061
:10214000E8319EF7FFFFFFFFFFFF9AD64942830069
:102150008300830083008300830083008300830067
:10216000830083008300862196B5FFFFFFFFFFFFFA
:102170009EF7862145219EF7FFFFFFFF6D6B8300D1
:1021800083008300830083008300A73149424942D2
:10219000E831830083008300830083008300EC52D6
:1021A000FFFFFFFFFBDEE410830086219AD6E831B3
:1021B00083008300830083004D5B59C6FFFFFFFF50
:1021C000FFFFFFFFFFFFFFFF9AD66D6B83008300C9
:1021D00083008300E83139C6E41083008300830064
:1021E00083008300830083004D5B9EF7FFFFFFFFAA
:1021F000FFFFFFFFFFFFFFFFFFFFFFFFFFFFFFFFEF
:102200009EF7EC52830083008300830083008300E9
:102210008300830083008300E41039C6FFFFFFFFC3
:10222000FFFFFFFFFFFF9AD6D7B596B59AD6FFFFFF
:10223000FFFFFFFFFFFFFFFF35A583008300830043
:10224000830083008300830083008300EC52FFFF40
:10225000FFFFFFFFFBDE4D5B8300830083008300F5
:10226000830083004D5BFBDEFFFFFFFFFFFF862146
:102270008300830083008300830083008300830046
:1022800083006D6BFFFFCF73830083008300E41036
:10229000E831E831E410830083008300D49C9EF78A
:1022A000E831830083008300830083008300830080
:1022B0008300830083008300862183008300EC5227
:1022C0009AD6FFFFFFFFFFFFFFFF9AD64942830028
:1022D0008300E41083008300830083008300830075
:1022E00083008300830083008300830083008300D6
:1022F00055A5FFFFFFFFFFFFFFFFFFFFFFFFFFFFF2
:10230000FFFF527C830083008300830083008300EF
:1023100083008300830083008300830083008300A5
:10232000830083004D5BFFFFFFFFFFFF59C659C6C7
:10233000FFFFFFFFFFFFAB4A8300830083008300A2
:102340008300830083008300830083008300830075
:1023500083008300830083008300CF737294830023
:1023600083008300E41035A5494283008300830085
:102370008300830083008300830083008300830045
:102380008300830083008300830083008300830035
:1023900083004942BAD659C6862183008300830050
:1023A0008300830083008300830083008300830015
:1023B0008300830083008300830083008300830005
:1023C000830083008300FBDEFFFFFFFF96B58300E1
:1023D00083008300830083008300830083008300E5
:1023E00083008300830083008300830083008300D5
:1023F000830083008300830083009AD6FFFFFFFFE2
:1024000035A583008300830083008300830083005D
:1024100083008300830083008300830083008300A4
:102420008300830083008300830083008300862170
:1024300096B555A5E41083008300830083008300D4
:102440008300830083008300830083008300830074
:102450008300830083008300830083008300830064
:102460008300830083008300830083008300830054
:102470008300830083008300830083008300830044
:102480008300830083008300830083008300830034
:102490008300830083008300830083008300830024
:1024A0008300830083008300830083008300830014
:1024B0008300830083008300830083008300830004
:1024C00083008300830083008300830083008300F4
:1024D00083008300830083008300830083008300E4
:1024E00083008300830083008300830083008300D4
:1024F00083008300830083008300830083008300C4
:1025000083008300830083008300830083008300B3
:1025100083008300830083008300830083008300A3
:102520008300830083008300830083008300830093
:102530008300830083008300830083008300830083
:102540008300830083008300830083008300830073
:102550008300830083008300830083008300830063
:102560008300830083008300830083008300830053
:102570008300830083008300830083008300830043
:102580008300830083008300830083008300830033
:102590008300830083008300A208A208A208C2105F
:1025A000A2088308830083008300830083008300E4
:1025B0008300830083008300830083008300830003
:1025C00083008300A208C2184419072289228922A5
:1025D000892289228922892268228521E318A2087A
:1025E00083008300830083008300830083008300D3
:1025F00083008300A2080419481A892289228922AB
:102600008922892289228922892289228922892272
:10261000892289224521A208830083008300830048
:1026200083008300A208E318681A8922892289227C
:1026300089228922681AC62165218519A6190722CF
:102640008922892289228922892289222419A208A1
:102650008300830083008308A6218922892289229E
:102660008922C621E318A208830083008300830027
:1026700083008300A208C218851989228922892231
:102680008922C62183088300A20828228922892260
:102690008922C521C2108300830083008300830048
:1026A0008300830083008300830083008300A208EB
:1026B00045218922892289222822A2088308471AD3
:1026C00089226822E318830083008300830083004B
:1026D000A208A208C210C210A208A20883008300A8
:1026E000830083008300C21868228922072283089E
:1026F0008300A208C621A208830083008300830010
:10270000CB5276B5DBE6DBE6DBE6DBE6DBE6DBE6FB
:1027100096BDEB628300830083008300A208C6217C
:10272000A20883008300830083008300830083006A
:10273000CB525ADEDBE6DBE6DBE6DBE6DBE6DBE6BE
:10274000DBE6DBE6DBE6DBE65ADE8A4A8300830073
:102750008300830083008300830083008300830061
:10276000E31035B5DBE6DBE6DBE6DBE6DBE696BD74
:10277000F3A4B3A496BDDBE6DBE6DBE6DBE6DBE653
:1027800052948300830083008300830083008300CE
:10279000830083008A4ADBE6DBE6DBE6F7CDCB523B
:1027A000830083008300830083008300CB52F7CD36
:1027B000DBE6DBE6DBE64621830083008300830063
:1027C00083008300830083008300EB62DBE64D63BC
:1027D000830083008300E310A729A729E310830067
:1027E00083008300328C5ADEA72983008300830094
:1027F00083008300830083008300830083008300C1
:102800004621830083008A4A96BDDBE6DBE6DBE6F1
:10281000DBE696BD073A83008300E3108300830064
:102820008300830083008300830083008300830090
:1028300083008300830083007294DBE6DBE6DBE643
:10284000DBE6DBE6DBE6DBE6DBE6AE73830083009C
:102850008300830083008300830083008300830060
:10286000830083008300830083008300CB52DBE678
:10287000DBE6DBE676B576B5DBE6DBE6DBE64A4AA9
:102880008300830083008300830083008300830030
:102890008300830083008300830083008300830020
:1028A00083004D63CF7B830083008300E310529449
:1028B000073A830083008300830083008300830042
:1028C00083008300830083008300830083008300F0
:1028D00083008300830083008300073AB6BD76B58A
:1028E00046218300830083008300830083008300EC
:1028F00083008300830083008300830083008300C0
:102900008300830083008300830083008300F7CD6E
:10291000DBE6DBE6B3A4830083008300830083004F
:10292000830083008300830083008300830083008F
:10293000830083008300830083008300830083007F
:10294000830096BDDBE6DBE65294830083008300C0
:10295000830083008300830083008300830083005F
:10296000830083008300830083008300830083004F
:102970008300830083004621B3A47294E310830094
:10298000830083008300830083008300830083002F
:10299000830083008300830083008300830083001F
:1029A000830083008300830083008300830083000F
:1029B00083008300830083008300830083008300FF
:1029C00083008300830083008300830083008300EF
:1029D00083008300830083008300830083008300DF
:1029E00083008300830083008300830083008300CF
:1029F00083008300830083008300830083008300BF
:102A000083008300830083008300830083008300AE
:102A1000830083008300830083008300830083009E
:102A2000830083008300830083008300830083008E
:102A3000830083008300830083008300830083007E
:102A4000830083008300830083008300830083006E
:102A5000830083008300830083008300830083005E
:102A6000830083008300830083008300830083004E
:102A7000830083008300830083008300830083003E
:102A8000830083008300830083008300830083002E
:102A9000830083008300830083008300830083001E
:102AA000830083008300830083008300830083000E
:102AB00083008300830083008300830083008300FE
:102AC00083008300830083008300830083008300EE
:102AD00083008300830083008300830083008300DE
:102AE000A208A208A208C210A208830883008300DB
:102AF00083008300830083008300830083008300BE
:102B0000830083008300830083008300A208C2182F
:102B1000441907228922892289228922892289222D
:102B200068228521E318A2088300830083008300C4
:102B3000830083008300830083008300A2080419BC
:102B4000481A892289228922892289228922892276
:102B50008922892289228922892289224521A20863
:102B6000830083008300830083008300A208E318AE
:102B7000681A89228922892289228922681AC62113
:102B800065218519A619072289228922892289228D
:102B9000892289222419A2088300830083008308E4
:102BA000A6218922892289228922C621E318A20826
:102BB000830083008300830083008300A208C2187F
:102BC00085198922892289228922C62183088300C6
:102BD000A2082822892289228922C521C2108300C5
:102BE00083008300830083008300830083008300CD
:102BF000830083008300A20845218922892289223B
:102C00002822A2088308471A89226822E318830031
:102C10008300830083008300A208A208C210C210B0
:102C2000A208A20883008300830083008300C218E7
:102C300068228922072283088300A208C621A208ED
:102C4000830083008300A208C218A619691A89228A
:102C50008922892289228922A621E318A2088300D9
:102C600083008300A208C621A2088300830083009A
:102C70008300830083008300C218282289228922CE
:102C800089228922892289228922892289228922EC
:102C90002822C218830083008300830083008300FE
:102CA0008300830083008300A20865218922892292
:102CB000892289228922C62185198519E619891A4E
:102CC0008922892289228922241983008300830092
:102CD000830083008300830083008300A310892284
:102CE00089228922E621C218A2088300830083007A
:102CF0008300A208C218071A892289226822A20822
:102D000083008300830083008300830083008300AB
:102D10008300E3188922E318A20883008300A20835
:102D2000A208A208A2088300830083002419481A7D
:102D3000A208830083008300830083008300830054
:102D400083008300830083004621830083008A4A36
:102D500096BDDBE6DBE6DBE6DBE696BD073A830005
:102D60008300E310830083008300830083008300DB
:102D7000830083008300830083008300830083003B
:102D80007294DBE6DBE6DBE6DBE6DBE6DBE6DBE6F6
:102D9000DBE6AE738300830083008300830083003F
:102DA000830083008300830083008300830083000B
:102DB00083008300CB52DBE6DBE6DBE676B576B557
:102DC000DBE6DBE6DBE64A4A830083008300830020
:102DD00083008300830083008300830083008300DB
:102DE000830083008300830083004D63CF7B8300D7
:102DF00083008300E3105294073A8300830083002A
:102E000083008300830083008300830083008300AA
:102E1000830083008300830083008300830083009A
:102E20008300073AB6BD76B5462183008300830050
:102E3000830083008300830083008300830083007A
:102E4000830083008300830083008300830083006A
:102E5000830083008300F7CDDBE6DBE6B3A48300C9
:102E6000830083008300830083008300830083004A
:102E7000830083008300830083008300830083003A
:102E80008300830083008300830096BDDBE6DBE6DE
:102E900052948300830083008300830083008300B7
:102EA000830083008300830083008300830083000A
:102EB0008300830083008300830083008300462116
:102EC000B3A47294E3108300830083008300830023
:102ED00083008300830083008300830083008300DA
:102EE00083008300830083008300830083008300CA
:102EF00083008300830083008300830083008300BA
:102F000083008300830083008300830083008300A9
:102F10008300830083008300830083008300830099
:102F20008300830083008300830083008300830089
:102F30008300830083008300830083008300830079
:102F40008300830083008300830083008300830069
:102F50008300830083008300830083008300830059
:102F60008300830083008300830083008300830049
:102F70008300830083008300830083008300830039
:102F80008300830083008300830083008300830029
:102F90008300830083008300830083008300830019
:102FA0008300830083008300830083008300830009
:102FB00083008300830083008300830083008300F9
:102FC00083008300830083008300830083008300E9
:102FD00083008300830083008300830083008300D9
:102FE00083008300830083008300830083008300C9
:102FF00083008300830083008300830083008300B9
:1030000083008300830083008300830083008300A8
:103010008300830083008300830083008300830098
:103020008300830083008300A208A208A208C210C4
:10303000A208830883008300830083008300830049
:103040008300830083008300830083008300830068
:1030500083008300A208C21844190722892289220A
:10306000892289228922892268228521E318A208DF
:103070008300830083008300830083008300830038
:1030800083008300A2080419481A89228922892210
:1030900089228922892289228922892289228922D8
:1030A000892289224521A2088300830083008300AE
:1030B00083008300A208E318681A892289228922E2
:1030C00089228922681AC62165218519A619072235
:1030D0008922892289228922892289222419A20807
:1030E0008300830083008308A62189228922892204
:1030F0008922C621E318A20883008300830083008D
:1031000083008300A208C218851989228922892296
:103110008922C62183088300A208282289228922C5
:103120008922C521C21083008300830083008300AD
:103130008300830083008300830083008300A20850
:1031400045218922892289222822A2088308471A38
:1031500089226822E31883008300830083008300B0
:10316000A208A208C210C210A208A208830083000D
:10317000830083008300C218682289220722830803
:103180008300A208C621A208830083008300A2084E
:10319000C218A619691A89228922892289228922BC
:1031A000A621E318A208830083008300A208C62199
:1031B000A2088300830083008300830083008300D0
:1031C000C2182822892289228922892289228922D9
:1031D00089228922892289222822C2188300830019
:1031E00083008300830083008300830083008300C7
:1031F000A208652189228922892289228922C62161
:1032000085198519E619891A892289228922892234
:1032100024198300830083008300830083008300DC
:1032200083008300A310892289228922E621C21803
:10323000A2088300830083008300A208C218071A33
:10324000892289226822A2088300830083008300E8
:1032500083008300830083008300E3188922E3183E
:10326000A20883008300A208A208A208A208830083
:10327000830083002419481AA20883008300830076
:103280008300830083008300830083008300830026
:10329000462183008300A310A62189228922892246
:1032A0008922A621C21083008300E31083008300DB
:1032B00083008300830083008300830083008300F6
:1032C0008300830083008300441989228922892294
:1032D00089228922892289228922E3188300830096
:1032E00083008300830083008300830083008300C6
:1032F000830083008300830083008300C218892237
:1033000089226822A619A61968228922891AA3107F
:103310008300830083008300830083008300830095
:103320008300830083008300830083008300830085
:103330008300E3180419A20883008300A20824195B
:10334000C210830083008300830083008300830016
:103350008300830083008300830083008300830055
:1033600083008300830083008300073AB6BD76B5EF
:103370004621830083008300830083008300830051
:103380008300830083008300830083008300830025
:103390008300830083008300830083008300F7CDD4
:1033A000DBE6DBE6B3A483008300830083008300B5
:1033B00083008300830083008300830083008300F5
:1033C00083008300830083008300830083008300E5
:1033D000830096BDDBE6DBE6529483008300830026
:1033E00083008300830083008300830083008300C5
:1033F00083008300830083008300830083008300B5
:103400008300830083004621B3A47294E3108300F9
:103410008300830083008300830083008300830094
:103420008300830083008300830083008300830084
:103430008300830083008300830083008300830074
:103440008300830083008300830083008300830064
:103450008300830083008300830083008300830054
:103460008300830083008300830083008300830044
:103470008300830083008300830083008300830034
:103480008300830083008300830083008300830024
:103490008300830083008300830083008300830014
:1034A0008300830083008300830083008300830004
:1034B00083008300830083008300830083008300F4
:1034C00083008300830083008300830083008300E4
:1034D00083008300830083008300830083008300D4
:1034E00083008300830083008300830083008300C4
:1034F00083008300830083008300830083008300B4
:1035000083008300830083008300830083008300A3
:103510008300830083008300830083008300830093
:103520008300830083008300830083008300830083
:103530008300830083008300830083008300830073
:103540008300830083008300830083008300830063
:103550008300830083008300830083008300830053
:103560008300830083008300830083008300830043
:10357000A208A208A208C210A20883088300830040
:103580008300830083008300830083008300830023
:10359000830083008300830083008300A208C21895
:1035A00044190722AA2AAA2AAA2AAA2AAA2AAA2A9D
:1035B000892A8521E318A208830083008300830001
:1035C000830083008300830083008300A208041922
:1035D000491AAA2AAA2AAA2AAA2AAA2AAA2AAA2ABC
:1035E000AA2AAA2AAA2AAA2AAA2AAA2A4521A208D3
:1035F000830083008300830083008300A208E31814
:10360000691AAA2AAA2AAA2AAA2AAA2A691AC621A9
:1036100065218519A6190722AA2AAA2AAA2AAA2A4E
:10362000AA2AAA2A2419A2088300830083008308F7
:10363000A621AA2AAA2AAA2AAA2AC621E318A208E7
:10364000830083008300830083008300A208C218E4
:103650008519AA2AAA2AAA2AAA2AC6218308830087
:10366000A208292AAA2AAA2AAA2AC521C2108300A6
:103670008300830083008300830083008300830032
:10368000830083008300A2084521AA2AAA2AAA2A25
:10369000292AA2088308471AAA2A892AE31883003C
:1036A0008300830083008300A208A208C210C21016
:1036B000A208A20883008300830083008300C2184D
:1036C000892AAA2A072283088300A208C621A20801
:1036D000830083008300A208C218A6198A1AAA2AA6
:1036E000AA2AAA2AAA2AAA2AA621E318A20883009B
:1036F00083008300A2088521A20883008300830041
:103700008300830083008300C218292AAA2AAA2AD8
:10371000AA2AAA2AAA2AAA2AAA2AAA2AAA2AAA2A09
:10372000292AC2188300830083008300830083005A
:103730008300830083008300A2086521AA2AAA2AA5
:10374000AA2AAA2AAA2AC62185198519E619AA220F
:10375000AA2AAA2AAA2AAA2A241983008300830053
:10376000830083008300830083008300A310AA2AC0
:10377000AA2AAA2AE621C218A2088300830083008D
:103780008300A208C218071AAA2AAA2A892AA2080C
:103790008300830083008300830083008300830011
:1037A0008300E318AA2AE318A20883008300A20872
:1037B000A208A208A2088300830083002419491AE2
:1037C000A2088300830083008300830083008300BA
:1037D0008300830083008300A20883008300A3107A
:1037E000A621AA2AAA2AAA2AAA2AA621C2108300A6
:1037F0008300A2088300830083008300830083008A
:1038000083008300830083008300830083008300A0
:103810004419AA2AAA2AAA2AAA2AAA2AAA2AAA2A7F
:10382000AA2AE318830083008300830083008300B7
:103830008300830083008300830083008300830070
:1038400083008300C218AA2AAA2A892AA619A619BF
:10385000892AAA2AAA22A310830083008300830056
:103860008300830083008300830083008300830040
:1038700083008300830083008300E3180419A208F7
:1038800083008300A2082419C210830083008300F0
:103890008300830083008300830083008300830010
:1038A0008300830083008300830083008300830000
:1038B0008300C210C621A619A208830083008300DA
:1038C00083008300830083008300830083008300E0
:1038D00083008300830083008300830083008300D0
:1038E000830083008300E621AA2AAA2A45218300B7
:1038F00083008300830083008300830083008300B0
:10390000830083008300830083008300830083009F
:1039100083008300830083008300C621AA2AAA2A89
:1039200044198300830083008300830083008300A5
:10393000830083008300830083008300830083006F
:103940008300830083008300830083008300A20838
:1039500085194419A2088300830083008300830033
:10396000830083008300830083008300830083003F
:10397000830083008300830083008300830083002F
:10398000830083008300830083008300830083001F
:10399000830083008300830083008300830083000F
:1039A00083008300830083008300830083008300FF
:1039B00083008300830083008300830083008300EF
:1039C00083008300830083008300830083008300DF
:1039D00083008300830083008300830083008300CF
:1039E00083008300830083008300830083008300BF
:1039F00083008300830083008300830083008300AF
:103A0000830083008300830083008300830083009E
:103A1000830083008300830083008300830083008E
:103A2000830083008300830083008300830083007E
:103A3000830083008300830083008300830083006E
:103A4000830083008300830083008300830083005E
:103A5000830083008300830083008300830083004E
:103A6000830083008300830083008300830083003E
:103A7000830083008300830083008300830083002E
:103A8000830083008300830083008300830083001E
:103A9000830083008300830083008300830083000E
:103AA00083008300830083008300830083008300FE
:103AB00083008300830083008300830083008300EE
:103AC00083008300830083008300830083008300DE
:103AD00083008300830083008300830083008300CE
:103AE00083008300830083008300830083008300BE
:103AF00083008300830083008300830083008300AE
:103B0000830083008300830083008300830083009D
:103B1000830083008300830083008300830083008D
:103B2000830083008300830083008300830083007D
:103B3000830083008300830083008300830083006D
:103B4000830083008300830083008300830083005D
:103B5000830083008300830083008300830083004D
:103B6000830083008300830083008300830083003D
:103B7000830083008300830083008300830083002D
:103B8000830083008300830083008300830083001D
:103B9000830083008300830083008300830083000D
:103BA00083008300830083008300830083008300FD
:103BB00083008300830083008300830083008300ED
:103BC00083008300830083008300830083008300DD
:103BD00083008300830083008300830083008300CD
:103BE00083008300830083008300830083008300BD
:103BF00083008300830083008300830083008300AD
:103C0000830083008300830083008300830083009C
:103C1000830083008300830083008300830083008C
:103C2000830083008300830083008300830083007C
:103C3000830083008300830083008300830083006C
:103C4000830083008300830083008300830083005C
:103C5000830083008300830083008300830083004C
:103C6000830083008300830083008300830083003C
:103C7000830083008300830083008300830083002C
:103C8000830083008300830083008300830083001C
:103C9000830083008300830083008300830083000C
:103CA00083008300830083008300830083008300FC
:103CB00083008300830083008300830083008300EC
:103CC00083008300830083008300830083008300DC
:103CD00083008300830083008300830083008300CC
:103CE00083008300830083008300830083008300BC
:103CF00083008300830083008300830083008300AC
:103D0000830083008300830083008300830083009B
:103D1000830083008300830083008300830083008B
:103D2000830083008300830083008300830083007B
:103D3000830083008300830083008300830083006B
:103D4000830083008300830083008300830083005B
:103D5000830083008300830083008300830083004B
:103D6000830083008300830083008300830083003B
:103D7000830083008300830083008300830083002B
:103D8000830083008300830083008300830083001B
:103D9000830083008300830083008300830083000B
:103DA00083008300830083008300830083008300FB
:103DB00083008300830083008300830083008300EB
:103DC00083008300830083008300830083008300DB
:103DD00083008300830083008300830083008300CB
:103DE00083008300830083008300830083008300BB
:103DF00083008300830083008300830083008300AB
:103E0000830083008300830083008300830083009A
:103E1000830083008300830083008300830083008A
:103E2000830083008300830083008300830083007A
:103E3000830083008300830083008300830083006A
:103E4000830083008300830083008300830083005A
:103E5000830083008300830083008300830083004A
:103E6000830083008300830083008300830083003A
:103E7000830083008300830083008300830083002A
:103E8000830083008300830083008300830083001A
:103E9000830083008300830083008300830083000A
:103EA00083008300830083008300830083008300FA
:103EB00083008300830083008300830083008300EA
:103EC00083008300830083008300830083008300DA
:103ED00083008300830083008300830083008300CA
:103EE00083008300830083008300830083008300BA
:103EF00083008300830083008300830083008300AA
:103F00008300830083008300830083008300830099
:103F10008300830083008300830083008300830089
:103F20008300830083008300830083008300830079
:103F30008300830083008300830083008300830069
:103F40008300830083008300830083008300830059
:103F50008300830083008300830083008300830049
:103F60008300830083008300830083008300830039
:103F70008300830083008300830083008300830029
:103F80008300830000C1814001C0804101C08041A5
:103F900000C1814001C0804100C1814000C1814019
:103FA00001C0804101C0804100C1814000C1814009
:103FB00001C0804100C1814001C0804101C08041F9
:103FC00000C1814001C0804100C1814000C18140E9
:103FD00001C0804100C1814001C0804101C08041D9
:103FE00000C1814000C1814001C0804101C08041C9
:103FF00000C1814001C0804100C1814000C18140B9
:1040000001C0804101C0804100C1814000C18140A8
:1040100001C0804100C1814001C0804101C0804198
:1040200000C1814000C1814001C0804101C0804188
:1040300000C1814001C0804100C1814000C1814078
:1040400001C0804100C1814001C0804101C0804168
:1040500000C1814001C0804100C1814000C1814058
:1040600001C0804101C0804100C1814000C1814048
:1040700001C0804100C1814001C0804101C0804138
:1040800000C1814000C0C101C30302C2C60607C708
:1040900005C5C404CC0C0DCD0FCFCE0E0ACACB0B78
:1040A000C90908C8D81819D91BDBDA1A1EDEDF1FA8
:1040B000DD1D1CDC14D4D515D71716D6D21213D398
:1040C00011D1D010F03031F133F3F23236F6F73748
:1040D000F53534F43CFCFD3DFF3F3EFEFA3A3BFB38
:1040E00039F9F83828E8E929EB2B2AEAEE2E2FEFE8
:1040F0002DEDEC2CE42425E527E7E62622E2E32358
:10410000E12120E0A06061A163A3A26266A6A76787
:10411000A56564A46CACAD6DAF6F6EAEAA6A6BABF7
:1041200069A9A86878B8B979BB7B7ABABE7E7FBF27
:104130007DBDBC7CB47475B577B7B67672B2B37317
:10414000B17170B0509091519353529296565797C7
:10415000559594549C5C5D9D5F9F9E5E5A9A9B5BB7
:1041600099595898884849894B8B8A4A4E8E8F4F67
:104170008D4D4C8C448485458747468682424383D7
:1041800041818040254C2100205C3B0020264E21AF
:104190000020503D0020273E210020843700203899
:1041A000293D5366717065554333261C15411F1C0C
:1041B0001F1E1F1E1F1F1E1F1E1F1F1D1F1E1F1E17
:1041C0001F1F1E1F1E1F4D6F6462757300000000CD
:1041D00041646472657373000000FE000000426178
:1041E000756472617465000053656C6563742000CA
:1041F00000000900000050726F746F636F6C000064
:1042000053656C6563740000000001000000536595
:1042100074202020202000005363686564756C655D
:1042200000000800000031323030202000323430ED
:104230003020200033363030202000343830302019
:104240002000373230302020003936303020200036
:1042500031393230302000333834303020003736B6
:10426000383030200031313532303000393231369B
:1042700030300035373630302000312020202020EB
:104280000032202020202000332020202020003455
:104290002020202020003520202020200036202033
:1042A000202020003720202020200038202020201F
:1042B00020000004000200018000400020001000E7
:1042C00008000400020000000080004000200010F0
:1042D0000008004000200010000800040002000058
:1042E00000000000000000000000000000000000CE
:1042F0000E0A0C0000000000657468616E6F6C5F50
:104300007369676E616C000000000000000000002F
:1043100000000000000000000000000068325F7331
:1043200069676E616C000000000000000000000082
:10433000000000000000000000000000000000007D
:1043400074564F4300000000000000000000000011
:10435000000000000000000000000000000000005D
:1043600000000000636F325F657100000000000014
:10437000000000000000000000000000000000003D
:104380000000000000000000626173656C696E65EA
:1043900031000000000000000000000000000000EC
:1043A0000000000000000000000000006261736572
:1043B0006C696E6532000000000000000000000023
:1043C00000000000000000000000000010270000B6
:1043D0000000000000000320006961715F696E69E0
:1043E0007400000000000000000000000000000059
:1043F00000000000000000000000000050C30000AA
:10440000D022002002000820016961715F6D6561A2
:1044100073757265000000000000000000000000DD
:104420000000000000000000000000001027000055
:10443000100200600100B320166961715F67657446
:104440005F74766F635F696E636570746976655FCC
:10445000626173656C696E650000000010270000E2
:1044600000000000000077200E6961715F736574C1
:104470005F74766F635F626173656C696E6500007F
:1044800000000000000000000000000010270000F5
:104490001402006002001520026961715F67657493
:1044A0005F626173656C696E65000000000000006A
:1044B00000000000000000000000000010270000C5
:1044C0000000000000001E20036961715F736574C5
:1044D0005F626173656C696E65000000000000003A
:1044E000000000000000000000000000400D03007C
:1044F000D8220020020050200A6D65617375726534
:104500005F7369676E616C7300000000000000005B
:104510000000000000000000000000001027000064
:1045200000000000000061200C7365745F6162731D
:104530006F6C7574655F68756D6964697479000086
:104540000000000000000000000000000900200042
:10455000210000001C020060050000004C45050819
:104560000100000030020060060000004E45050812
:1045700001000000480200600800000050450508E6
:1045800001000000E022002003000000FFFFFFFF09
:10459000FFFFFFFF4B0000004D0000004F00000038
:1045A000550000006F0000002400000051000000D2
:1045B00075000000FFFFFFFFFFFFFFFFFFFFFFFF92
:1045C0004B0000004D0000004F00000055000000AF
:1045D0006F00000024000000510000007500000082
:1045E0005700000068000000FFFFFFFFFFFFFFFF14
:1045F000FFFFFFFF4B0000004D0000004F000000D8
:104600005500000075000000FFFFFFFFFFFFFFFFE8
:104610001C000000FFFFFFFF4B0000004D000000EA
:104620004F000000550000006F0000002400000053
:1046300054000000FFFFFFFFFFFFFFFF1C00000012
:10464000FFFFFFFF4B0000004D0000004F00000087
:10465000550000006F00000024000000570000001B
:1046600054000000FFFFFFFFFFFFFFFF4B000000B3
:104670004D0000004F000000550000006F000000DA
:10468000240000005100000054000000570000000A
:1046900068000000FFFFFFFF1C0000000400000096
:1046A0002E000000FFFFFFFF4B0000004D00000048
:1046B0004F0000007000000079000000780000004A
:1046C000460000002C0000000C000000620000000A
:1046D0008B00000061000000600000004C00000042
:1046E0003E0000006B0000000B00000049000000CD
:1046F0001E0000009B000000380000003900000090
:10470000FFFFFFFF1C0000003A0000004000000017
:104710003F000000FFFFFFFFE8030000E903000087
:10472000EA030000FFFFFFFFFFFFFFFFFFFFFFFFA8
:104730004B0000004D0000004F000000550000003D
:1047400024000000FFFFFFFFFFFFFFFF7B000000D2
:10475000FFFFFFFF4B0000004D0000004F00000076
:104760005500000020000000AE00000036000000F0
:10477000580000006F0000006700000051000000BA
:1047800026000000FFFFFFFF4B0000004D0000006F
:104790004F00000055000000FFFFFFFFFFFFFFFF7D
:1047A0004B0000004D0000004F00000055000000CD
:1047B0006F00000024000000510000004A000000CB
:1047C000FFFFFFFF1C0000006E000000FFFFFFFF67
:1047D000102700005046000010270000504600003F
:1047E000102700005046000010270000504600002F
:1047F0001027000050460000C063FFFFC0D4010036
:10480000C063FFFFC0C80300C063FFFFC0D4010046
:10481000C063FFFFC0C80300C063FFFFC0D4010036
:10482000C063FFFFC0C80300C063FFFFC0D4010026
:10483000C063FFFFC0C80300C0F2FCFFE0930400A8
:10484000C0F2FCFFE0930400A4034C03CC0234024A
:104850009C011C01C00080005400380028001C008E
:10486000140010000C0008000400DC03C4039C03C7
:104870005E030A03AA023C02CE016C011A01D600B3
:10488000A400800064004C003E003000A4035C03E0
:10489000F8028002FC0180011801C8008C0064004D
:1048A0004800340024001C00140010000C00D00349
:1048B000B4038A034A03FC029E023602D201780145
:1048C0002801EA00B400900072005A004C003C003D
:1048D0006D007A00A400CE00F700200148017001AD
:1048E0009701BE01E5010B02320258027E02A402CA
:1048F000B602CD0119026102AB02F6023D03840348
:10490000CB03130459049F04E8042F057005B80570
:10491000FC0541068406CB060D0750079407D60711
:104920001C085C08A108E40828096709AA09EC0921
:104930002F0A700AB10AF40A320B760BB50BF20B90
:10494000360C740CB20CF30C360D710DB00DEE0D6F
:104950002D0E6D0EA80EE50EA00F680F0B0F7F0E2B
:10496000BD0DB30C680BEB095808C90669053B047B
:1049700047038A02F70188013301870F270F880E4A
:10498000940D260CBB0AFF084807B805740462039F
:104990009402040289013801FA00CB00900E700DD8
:1049A000E00B000AF00700066004200330029001CB
:1049B0002001D000900070005000400030005C0FDB
:1049C000E80E380E420D030C8C0AF1085907E80571
:1049D000AC04B603E2024102C8016D013201F800E5
:1049E0003E01EC0196023C03E10385042605C50562
:1049F0006206FD0696073208C6085E09EC097E0AC3
:104A0000040B000000000000000000000000000097
:104A10000000000000000000000000000000000096
:104A20000000000000000000000000000000000086
:104A30000000000000000000000000000000000076
:104A40000000000000000000000000000000000066
:104A50000000000000000000000000000000000056
:104A60000000000000000000000000000000000046
:104A70000000000000000000000000000000000036
:104A80000000000000000000000000000000000026
:104A90000000000000000000000000000000000016
:104AA0000000000000000000000000000000000006
:104AB00000000000000000000000000000000000F6
:104AC00000000101010101010101010101010101D8
:104AD00001010101010101010101010101010101C6
:104AE00001010202020202020202020202020202A8
:104AF0000202030303030303030304040404050580
:104B000005050000000000001F0000001C00000060
:104B10001F0000001E0000001F0000001E0000001B
:104B20001F0000001F0000001E0000001F0000000A
:104B30001E0000001F000000000000000000E03F19
:104B4000000000000000E0BF0000E0FE422EE63F53
:104B50000000E0FE422EE6BF763C7935EF39EA3DB3
:104B6000763C7935EF39EABD3E5555555555C53F2B
:104B700093BDBE166CC166BF2CDE25AF6A56113FD1
:104B8000F16BD2C541BDBBBED0A4BE726937663ED3
:104B900004FA97999999D93FAF788E1DC571CC3F8A
:104BA0009FC678D0099AC33F935555555555E53F53
:104BB000599322942449D23FDE03CB966446C73FE3
:104BC00044523EDF12F1C23F000000000000F03FFF
:104BD000000000000000F83F00000000000000009E
:104BE0000000004003B8E23F0000000000000000A9
:104BF00006D0CF43EBFD4C3E033333333333E33F37
:104C0000FFAB6FDBB66DDB3F4D268F515555D53F62
:104C100001411DA96074D13F65DBC9934A86CD3F30
:104C2000EF4E454A287ECA3F3E5555555555C53F1E
:104C300093BDBE166CC166BF2CDE25AF6A56113F10
:104C4000F16BD2C541BDBBBED0A4BE726937663E12
:104C50004C5555555555A53F7751C1166CC156BF9A
:104C60009015CB19A001FA3EAD529C804F7E92BEAA
:104C7000C4B1B4BD9EEE213ED43888BEE9FAA8BDC9
:104C8000000000000000000000004054FB21F93F3C
:104C90003163621A61B4D03D0000601A61B4D03D46
:104CA0007370032E8A19A33B0000002E8A19A33BC0
:104CB000C14920259A837B390000000000000000D4
:104CC0006E83F9A22915444ED15727FCC0DD34F577
:104CD000999562DB4190433CAB6351FE61C5BBDEFD
:104CE0003A6E24B7E0D24D42EA2E49061C92D10911
:104CF0001CEB1DFE3EA729B1F53582E88444BB2E8E
:104D000026709CE9417E5FB439D69139F4395383DA
:104D10008B5F849C3B28F9BDFF97F81F0F9805DE39
:104D20008B112FEF1F6D0A5ACF7E366DB709CB2737
:104D3000663F464F2DEA5F9EC7BA27757BF1E5EBCC
:104D4000F739073DEA92528AB15FFB6B085D8D1F10
:104D5000A6F810111111813FD561C119A0012ABF18
:104D60007DFEB157E31DC73EEB9C2B8AE6E55ABE9C
:104D70007CD5CF5A3AD9E53D0040404040404040C4
:104D8000404041414141414040404040404040401E
:104D900040404040404040404005020202020202C2
:104DA0000202020202020202022020202020202011
:104DB0002020200202020202020290909090909025
:104DC00010101010101010101010101010101010E3
:104DD0001010101002020202020288888888888857
:104DE0000808080808080808080808080808080843
:104DF000080808080202020240000000794D050878
:104E0000352E302E30000000484E050800000060AE
:104E100054050000E4A303082C50050800200020DE
:104E200044030000E4A303082C5005085405006067
:104E3000845E070020AB030830510508442300209E
:104E40009840000020AB030845020406082D01022B
:104E50000304040544060708091AAA01035EF8EFD3
:104E60005010526F6F6D54656D3A32302E354320BD
:104E700020480F536574506F696E743A32332E3088
:104E80004314580E414E496E707574313A313030CA
:104E9000302879140A1132148A3314011C5A01077C
:104EA0005908017F123C1209123F120D12431224BD
:104EB000124612371248125F124A12AA124C12DC22
:104EC000124E140E0150145401530A1DF4AD2D84DA
:104ED000430508041AA8041ACC041AFC041E8C44C6
:104EE0000508BC041AEC040912140B101C45181A0E
:104EF0002C049A5C20011414A1F70349191EA92C53
:104F00000308AD041EF3250308B308180AB72703E6
:104F1000086F2A0308D50C011A180AFBEA020801D7
:104F2000EB0208EF081A91081AB704411AD510418C
:104F30001A13105B41F9633152031E830103088980
:104F4000041A77041E470203086D04411A5D1041DC
:104F50005AB708815201180AFFED020805EE02084F
:104F6000F3081E25EF02084B04411AD91001145210
:104F7000021E07F302080D041EFBF20208D5041AF4
:104F8000C50C1E81F50208B10C419EC5F602089DB4
:104F9000A252051E7304030879041A67041A8B04CD
:104FA0001AED041EA10603084D08011452041E57F1
:104FB0000803085D041A4B041E1109030837044155
:104FC0001A3110011452061B31432A19041A250400
:104FD0001A3F041A6304410B1477453652111ABF65
:104FE0001E1AC9041AB3041ACD045AF12E0A1599CF
:104FF0003652801EE3510308E9041AD704411E21EA
:10500000520308B1045ACD10011052131EBB5303B2
:1050100008B7041AC10441580A9B540308135603E5
:10502000088D100111026404021B01001184A24AC0
:1050300004E009010203040607080912FD63204E7B
:10504000700E54656D636F436F6E74726F6C73395D
:1050500014F0092050726F647563741AFF0101A582
:105060000925A702F401100D93A202081596020863
:10507000EB970208180B01A3AC0208D1AB0208A100
:10508000081CFA02310A1E79A90208C304180DFA95
:105090000389AF020821AD020847AE0E1F0443B2D8
:1050A0000208D7121B37B00E1F056FB40208631237
:1050B0001A950462FA3230324832603278329032D5
:1050C000A832C012D81A64201A64201A64201A6404
:1050D000201A64201A64201A64201A64200115180A
:1050E000094E05083C43050860041EF442050818F3
:1050F000081E7445050864041A5404411203D3B809
:105100000B0028130102030405060708090A0B0C0B
:105110000D0E0F101112131415161718192325262A
:10512000271A1B1C1D1E1F202122248201000000A3
:04000005080081313D
:00000001FF
