:020000040800F2
:108000000020002045A30008158200083B820008DC
:1080100047820008578200086782000800000000BD
:108020000000000000000000000000005181000876
:108030008B82000800000000958100088BD50008A5
:10804000BFA30008BFA30008BFA30008BFA3000888
:10805000BFA30008BFA30008BFA30008BFA3000878
:10806000BFA30008BFA30008BFA30008BFA3000868
:10807000BFA30008BFA30008BFA30008BFA3000858
:10808000BFA30008BFA30008BFA30008BFA3000848
:10809000BFA30008BFA30008BFA30008BFA3000838
:1080A000BFA30008BFA30008BFA30008BFA3000828
:1080B000BFA30008F9AD0008BFA30008BFA30008D4
:1080C000BFA30008BFA30008BFA30008BFA3000808
:1080D000BFA300082B3402081D340208F533020840
:1080E000ED510208BFA30008BFA30008BFA300080A
:1080F000BFA30008BFA30008BFA30008BFA30008D8
:10810000BFA30008BFA30008BFA30008BFA30008C7
:10811000F1710208BFA300086BAE0008BFA30008FE
:10812000BFA30008BFA30008BFA30008BFA30008A7
:10813000DFF810D031F048FB004800470D4D020831
:10814000AFF300800020002080F308887047000013
:10815000224B19680868B0E8F00F80F30988BFF374
:108160006F8F4FF0000080F311884EF00D0E7047B6
:108170000000000006480068006880F3088862B6C6
:1081800061B6BFF34F8FBFF36F8F00DF00BF00BF3B
:1081900008ED00E0EFF30980BFF36F8F0F4B1A6813
:1081A00020E9F00F106008B54FF0BF0080F3118890
:1081B000BFF34F8FBFF36F8F04F0F0F94FF0000063
:1081C00080F31188BDE8084019680868B0E8F00F2E
:1081D00080F30988BFF36F8F704700BF1C000060F9
:1081E000EFF305807047CAB2401E10F8011F8A42A3
:1081F00002D00029F9D100207047012231F034BAB1
:1082000054656D636F5049443130000000000098A0
:108210001A00000025A031F069BE10B504464FF4E5
:10822000E13005F05DFA244B0122C3F8A02121467C
:10823000BDE8104021A031F059BE2448C18AE82091
:108240001EF087FEFEE71421E8201EF082FE20A02B
:1082500031F04CFEFBE71E21E8201EF07AFE1FA045
:1082600031F044FEFBE72821E8201EF072FE1EA03C
:1082700031F03CFEFBE710B53221E8201EF069FE2C
:10828000BDE810401CA031F031BE10B53C21E82003
:108290001EF05FFEBDE8104019A031F027BE1AA005
:1082A00031F024BE1AA031F021BE00004E4D49200D
:1082B0006661756C7400000000002142646562759F
:1082C000673A202573200D0A00000000A802026012
:1082D0004D656D204661756C7420000042757320F9
:1082E0004661756C742000005573616765204661B6
:1082F000756C7420000000005356432000000000FD
:10830000446562756720000050656E200000000023
:108310005379735469636B20000000000CB5002290
:108320004C4800920192016841F4803101604FF4A1
:10833000A063016801F4003101910099491C00918A
:10834000019911B900999942F3D10168890333D594
:108350000121019140490A6842F010020A600A684E
:1083600022F003020A600A6842F002020A604168D1
:10837000416041684160416841F480614160416809
:1083800021F47C114160416841F4E81141600168C9
:1083900041F08071016001688901FCD5416821F0DC
:1083A00003014160416841F0020141604168C1F34D
:1083B00081010229FAD10CBD01920CBD254810B5EE
:1083C000016841F0010101604168244A11404160A7
:1083D0000168234A11400160016821F48021016095
:1083E000416821F4FE0141604FF41F018160FFF7F5
:1083F00095FF1C494FF00060086010BD154A10B58C
:108400005068194B10F00C01184803D0042901D012
:10841000082901D0036012E05168536801F470111B
:108420004FF0020413F4803F04EB914102D05368F3
:108430009B0301D50E4B00E00B4B59430160516883
:108440000A4AC1F30311121D515C0268CA4002605E
:1084500010BD000000100240002002400000FFF8A4
:10846000FFFFF6FE08ED00E000127A000020002079
:1084700000093D002849084328490860704730B585
:108480000F23C27801780125F2B1244A126801F164
:10849000E02102F4E062C2F5E062120AC2F10404D3
:1084A000D3404278A24084781C401443220181F8D2
:1084B0000024007800F01F018D404009800000F189
:1084C000E020C0F8005130BD01F01F008540480990
:1084D000800000F1E020C0F8805130BD104A11400A
:1084E00001430E48001F016070470C4A121D00290D
:1084F000116801D0014300E08143116070474FF0E3
:10850000E0210428086903D020F0040008617047C6
:1085100040F00400FAE700000000FA050CED00E06E
:1085200080FFFF1FC74910B5884202D101214415C1
:108530000AE0C549884202D10121041504E0C3497B
:1085400088420AD10121CC03204600F04EFD20468E
:10855000BDE81040002100F048BD10BD10B54268D4
:10856000BB4B0C791A400B6842EA04221343436068
:108570008268B84BD1F806401A40D1F80A3023433C
:108580004C7942EA440213438360C26A897B22F435
:108590007002491EC9B242EA0151C16210BD0021F8
:1085A000016001714171C0F80610C0F80A10012184
:1085B000817370470029816802D041F0010101E018
:1085C00021F00101816070470029816802D041F4E7
:1085D000807101E021F4807181607047002A426857
:1085E000C9B201D00A4300E08A4342607047816803
:1085F00041F0080181607047014600208968090741
:1086000000D501207047816841F004018160704706
:10861000014600208968490700D5012070470029DC
:10862000816802D041F4A00101E021F4A001816041
:108630007047014600208968490200D50120704733
:108640004268491E22F4604242EA4131416070476B
:108650000029416802D041F4006101E021F4006189
:108660004160704770B5072609290AD9C568A1F18C
:108670000A0404EB4404A640B543A3401D43C5606F
:1086800007E0056901EB4104A640B543A3401D4343
:1086900005611F23072A09D2446B521E02EB820296
:1086A00093409C4391400C43446370BD0D2A09D212
:1086B000046BD21F02EB820293409C4391400C4317
:1086C000046370BDC46A0D3A02EB820293409C437E
:1086D00091400C43C46270BD0029816802D041F40E
:1086E000801101E021F4801181607047C06C80B27C
:1086F000704754484C30006870470029416802D0E8
:1087000041F4806101E021F48061416070470029FB
:10871000416802D041F4805101E021F48051416070
:108720007047826822F4E0420A4382607047002961
:10873000816802D041F4004101E021F400418160F0
:1087400070470029816802D041F4021101E021F450
:10875000021181607047014600208968890200D5B6
:108760000120704770B5072609290AD9C568A1F10B
:108770000A0404EB4404A640B543A3401D43C5606E
:1087800007E0056901EB4104A640B543A3401D4342
:108790000561836BC3F30154121B921C02EB82022E
:1087A0001F249440A34391400B43836370BD826BAD
:1087B000491E22F4401242EA01518163704708B514
:1087C00008440090026008BD08B5084428300090B5
:1087D000006880B208BD42681F4B1A400A434260DD
:1087E0007047416282627047426822F01F020A436A
:1087F00042607047134908310028086802D040F4ED
:10880000000001E020F400000860704702460020EC
:1088100012680A4200D001207047C94301607047C6
:1088200010B50246002054680B0AC9B20C4011680A
:10883000194202D0002C00D0012010BD6FEA112196
:10884000016070470024014000280140003C0140C5
:10885000FFFEF0FFFDF7F1FFFFFD3FFF01684FF660
:10886000FE72114001600021016041608160C160C1
:108870006A496A4A0839904203D1486840F00F00BB
:1088800006E0664A1432904204D1486840F0F00095
:1088900048607047614A2832904203D1486840F4EA
:1088A0007060F5E75D4A3C32904203D1486840F47D
:1088B0007040EDE7594A5032904203D1486840F485
:1088C0007020E5E7554A6432904203D1486840F48D
:1088D0007000DDE7514A7832904203D1486840F099
:1088E0007060D5E74E4A111F904203D1086840F0EE
:1088F0000F0006E04A4A1432904204D1086840F062
:10890000F00008607047464A2832904203D1086858
:1089100040F47060F5E7424A3C32904203D1086867
:1089200040F47040EDE73E4A50329042EAD1086888
:1089300040F47020E5E730B5026847F6F0739A43DB
:108940008B680C6A4D6923430C692C4323438C6963
:108950002343CC6923434C6A23438C6A2343134348
:108960000360CA6842600A6882604968C16030BDBD
:108970000021016041608160C160016141618161EC
:10898000C16101624162816270470029016802D0C1
:1089900041F0010102E04FF6FE72114001607047A4
:1089A000002A026801D00A4300E08A43026070474F
:1089B00041607047406880B2704702460020D10095
:1089C00002D51749083901E01449083909681142EC
:1089D00000D001207047C10003D51149091F08606C
:1089E00070470E4908394860704702460020D100A0
:1089F00002D50B49083901E00849083909681142D4
:108A000000D001207047C10003D50549091F086047
:108A1000704702490839486070470000080002406A
:108A200008040240374900200860091D0860091D3C
:108A30000860091D086033493348143108607047E5
:108A400030B5304A8379016853B313688B431360A0
:108A5000111D0B680468A3430B60017911440B6876
:108A6000046823430B60274B083319680468A1434B
:108A700019601C1D21680568A943216041791029EE
:108A800005D011440A68006802430A6030BD1968C5
:108A9000026811431960216800680143216030BDFC
:108AA0000079104402688A43026030BD00210160F1
:108AB00001710C22427181717047124910310A68AC
:108AC00002430A60704701460E4A002014321268C1
:108AD0000A4200D0012070470A49143108607047EB
:108AE000084A014600201268064B0A4014331B68EE
:108AF0000B4202D0002A00D00120704701491431F6
:108B00000860704700040140FFFF0F008F4910B557
:108B1000884206D10121042000F067FA00210420D8
:108B20003BE08B49884206D10121082000F05DFA24
:108B30000021082031E08749884206D10121102018
:108B400000F053FA0021102027E08349884206D123
:108B50000121202000F049FA002120201DE07F495A
:108B6000884206D10121402000F03FFA0021402038
:108B700013E07B49884206D10121802000F035FABC
:108B80000021802009E0774988420AD1841501211B
:108B9000204600F02AFA00212046BDE8104000F0EF
:108BA00024BA10BD10B50121084600F01EFA0021BC
:108BB000BDE81040012000F018BAF0B5CC780022D2
:108BC00004F00F03E40601D58C7823430C784FF0B2
:108BD0000F0C14F0FF0F4FF0010E1BD005680E882C
:108BE0000EFA02F42640A64210D196000CFA06F7BF
:108BF00025EA070703FA06F5CE783D43282E02D072
:108C0000482E02D002E0446100E00461521C082AB0
:108C1000E5D305600A88FF2A1CD94468002202F1C6
:108C200008060EFA06F50E882E40AE420ED19600CA
:108C30000CFA06F7BC4303FA06F7CE783C43282E1D
:108C400000D14561CE78482E00D10561521C082A1A
:108C5000E5D34460F0BD4FF6FF71018002218170C1
:108C60000421C17070470246002092680A4200D079
:108C700001207047806880B2704702460020D268A9
:108C80000A4200D001207047C06880B2704701617D
:108C90007047416170470AB1016170474161704797
:108CA000C160704741F48032826181618261816973
:108CB000806970472C4B10B51A684FF680742240BB
:108CC00042EA00100843186010BD2849C861704787
:108CD000F0B5254C002801DAE36900E06368450D32
:108CE0002E0185B2C0F30157B540C0F30342032FF4
:108CF00005D0C6020AD503269640B34307E023F009
:108D00007062636823F07063636002E0AB4343F01A
:108D1000706201B12A43002801DAE261F0BD6260AD
:108D2000F0BD10B58A0721F003040F49120F21444A
:108D30000F238C6893409C438C608B689040034366
:108D40008B6010BD0949C1F8DC0070470008014084
:108D5000000C0140001001400014014000180140C7
:108D6000001C0140002001400000014000002042A2
:108D70000D49086070470C49486070470A4988608F
:108D8000704709494AF6AA200860704706494CF620
:108D9000CC4008607047044A01460020D2680A426D
:108DA00000D001207047000000300040A548016855
:108DB00041F0010101604168A34A1140416001682E
:108DC000A24A11400160016821F4802101604168DC
:108DD00021F4FE0141604FF41F0181607047994901
:108DE0000A6822F480320A600A6822F480220A604B
:108DF000B0F5803F07D0B0F5802F03D1086840F46C
:108E0000A02008607047086840F48030F9E7034606
:108E1000002059098B4A01290AD002290AD0516A37
:108E200003F01F02012393400B4200D00120704742
:108E30001168F5E7116AF3E718B500204FF4A06454
:108E400000903120FFF7E3FF0099491C0091A142F7
:108E500001D00028F5D03120FFF7D9FF002800D03D
:108E6000012018BD774A116821F0F80141EAC000DD
:108E700010607047764908607047724B5A68084323
:108E800022F47C121043586070477149086670479D
:108E90006C4A516821F003010143516070476948F1
:108EA000406800F00C007047664A516821F0F001FC
:108EB000014351607047634A516821F4E061014306
:108EC000516070475F4A516821F4605141EAC00027
:108ED000506070475B4A0029517A01D0014300E09D
:108EE0008143517270475A49C1F8D8007047554ABA
:108EF000516821F4404101435160704751490022BB
:108F000081F8202081F82020012802D0042802D1F5
:108F1000052081F8200070474E4908607047494994
:108F20000A6A02430A6270474A4944390860704736
:108F300030B5444A5168484B11F00C0103D0042964
:108F400001D0082901D0036012E05168536801F490
:108F500070114FF0020413F4803F04EB914102D0F2
:108F600053689B0301D53D4B00E03B4B59430160E7
:108F700051680F2303EA1111394B5C5C0168E14031
:108F800041605468072505EA14241C5D21FA04F4A5
:108F90008460546805EAD4241B5DD940C1605268DE
:108FA000032303EA92322E4B1B1F9A5CB1FBF2F1B2
:108FB000016130BD234A0029516901D0014300E01D
:108FC0008143516170471F4A0029916901D00143D3
:108FD00000E08143916170471A4A0029D16901D0AC
:108FE000014300E08143D1617047164A0029D168EE
:108FF00001D0014300E08143D1607047114A00294C
:10900000116901D0014300E08143116170471149AA
:109010004039086070470E49C86470470949C871F3
:1090200070470848416A41F0807141627047054AC3
:109030000146002092680A4200D001207047014991
:1090400088727047001002400000FFF8FFFFF6FE34
:10905000000042428004424200127A0000093D00B2
:1090600004000060424A0029118801D0014300E059
:109070008143118070473E48001D018841F0100176
:10908000018070473A48001D018821F010010180DD
:10909000704737481C30008835491831098840EA44
:1090A0000140704700B50246FFF7E5FF3049100C5C
:1090B00018310880081D02805DF804EBE2E700B576
:1090C0000246FFF7D8FF2A49C2F30340083108805F
:1090D000081D02805DF804EBD4E700B50246FFF7F7
:1090E000CAFF2349100C20310880081D02805DF85A
:1090F00004EBC7E71E48103000880007010B1C482E
:1091000014300088084370471948001D01888906FB
:10911000FCD570471648001D018821F00801018028
:1091200001880907FCD570470146114A0020121D2D
:1091300012880A4200D0012070470D49091D0A8893
:1091400082430A8070470A49091D0988C2B211404A
:10915000074A1288024202D009B10120704700205C
:1091600070470349091D0A8882430A80704700003E
:1091700000280040994910B588420AD18414012181
:109180002046FFF732FF2046BDE810400021FFF7E0
:109190002CBF9349884202D10121041404E0914973
:1091A00088420AD10121C4132046FFF727FF204639
:1091B000BDE810400021FFF721BF10BD30B5028887
:1091C0004C8802F441530A88CD8822438C882C4372
:1091D00022430C8922434C8922438C892243CC8927
:1091E00022431A430280828B22F400628283098A1E
:1091F000018230BDF0B505460C4602200021AA8B45
:1092000085B001264FF240031A40AA832884AF8B11
:10921000A268022A21D0A08800B102266846FFF782
:1092200087FEE1880098B1F5007F2CD07101B0FB7A
:10923000F1F000EB8000A1684000B0FBF1F0401DB0
:1092400080B20A21B0FBF1F000F00101401A4FF6A4
:10925000FF72C0F34F0002EA0121821EFE2A01D3F1
:1092600002200021E288084302432A842088618882
:10927000A2890843A18811430843384340F40060A1
:10928000A88305B0F0BD000AD3E70021018041802A
:109290008180C180018141818181C1810721018259
:1092A00070470021018041808180C180022282605C
:1092B000818170470029018802D041F0400101E01E
:1092C00021F04001018070470029818B02D041F4D8
:1092D000806101E021F480618183704709090123E5
:1092E0008B40002A828899B201D00A4300E08A4369
:1092F00082807047002A828801D00A4300E08A43B6
:10930000828070478181704780897047A1F57E42D5
:109310000188FF3A02D041F4807101E021F48071AC
:10932000018070470029818802D041F0040101E0EA
:1093300021F0040181807047028822F400620280DB
:1093400002880A4302807047018841F480510180FD
:1093500070470029018802D041F4005101E021F456
:10936000005101807047012901D0008B7047808A2D
:109370007047008A7047B1F5804F018803D021F40F
:1093800080410180704741F48041FAE702460020A5
:1093900012890A4200D001207047C94301817047F9
:1093A00030B501F00F030125024605FA03F4002051
:1093B000A3B2090905FA01F49188A4B212892140E7
:1093C0001A4202D0002900D0012030BD01F00F0266
:1093D00001219140C94301817047000000300140E4
:1093E00000380040003C0040F94910B5884202D1E5
:1093F0000121C41486E0B0F1804F09D0F5498842BC
:109400000DD101210220FFF7F9FD0021022064E0C7
:1094100001210846FFF7F2FD002101205DE0EE4941
:10942000884206D101210420FFF7E8FD0021042035
:1094300053E0EA49884206D101210820FFF7DEFD0A
:109440000021082049E0E649884206D10121102088
:10945000FFF7D4FD002110203FE0E249884206D109
:1094600001212020FFF7CAFD0021202035E0DE4940
:10947000884202D10121441444E0DC49884202D1EF
:109480000121CC043EE0DA49884202D101210C05D9
:1094900038E0D849884202D101214C0532E0D64952
:1094A000884206D101214020FFF7A8FD002140207D
:1094B00013E0D249884206D101218020FFF79EFDAA
:1094C0000021802009E0CE4988420AD1841501217B
:1094D0002046FFF793FD00212046BDE81040FFF72E
:1094E0008DBDC849884202D101210C040AE0C64959
:1094F000884202D101214C0404E0C44988420AD1C7
:1095000001218C042046FFF770FD2046BDE8104085
:109510000021FFF76ABD10BD30B50288AC4CB24DDA
:10952000A0420DD0A8420BD0B0F1804F08D0A94B7B
:10953000984205D0A84B984202D0A84B984203D13C
:1095400022F070034A881A43A54B984206D0A54BD7
:10955000984203D022F44073CA881A4302808A8852
:1095600082850A880285A0420AD0A84208D0A54A6E
:10957000904205D0A44A904202D0A44A904201D120
:10958000097A01860121818230BD30B5028C22F03A
:1095900001020284028C8388048B22F0020224F0F0
:1095A00073050C882C430D8915434A882A43884D3E
:1095B000A8420BD08C4DA84208D0924DA84205D0AD
:1095C000914DA84202D0914DA8420DD122F008053C
:1095D0004A8923F440732A4322F004058A882A43E7
:1095E0008D891D43CB892B4383800483C988818661
:1095F000028430BD70B5028C22F010020284028C0D
:109600008388048B0D8824F4E6464FF6FF7404EA41
:10961000052535430E8922F0200204EA061616437A
:109620004A8804EA02123243694EB04202D06E4EBA
:10963000B04215D122F080064A8923F4406304EA3F
:109640000212324322F040068A8804EA02123243B0
:109650008E8904EA86061E43CB8904EA83033343DA
:1096600083800583C9880187028470BD70B5028C30
:1096700022F480720284028C8388848B0D8824F00B
:10968000730425430E894FF6FF7422F4007204EA36
:10969000062616434A8804EA022232434C4EB04260
:1096A00002D0514EB04215D122F400664A8923F40B
:1096B000405304EA0222324322F480668A8804EA94
:1096C000022232438E8904EA06161E43CB8904EA3D
:1096D0000313334383808583C9888187028470BDE7
:1096E00070B5028C22F480520284058C8288838BB0
:1096F0000C8823F4E6464FF6FF7303EA0424344350
:1097000025F400560D8903EA053535434E8803EAF2
:1097100006362E432E4DA84202D0334DA84205D125
:1097200022F480458A8903EA82122A438280848354
:10973000C988A0F84010068470BD828B22F4406274
:109740008283828B4FF6FF7303EA01210A438283EF
:109750007047828B22F00C028283828B0A438283C1
:109760007047028B22F440620283028B4FF6FF7334
:1097700003EA01210A4302837047F0B5048C24F008
:1097800010040484078B048C4FF6FF7527F473478D
:1097900005EA03333B4305EA02221A430C4B05EA70
:1097A000011698420ED0104B98420BD0B0F1804F6A
:1097B00008D0084B984205D0074B984202D0074B7F
:1097C000984225D124F02001314341F0100124E0DA
:1097D000002C01400004004000080040000C004044
:1097E000001000400014004000340140004C0140D3
:1097F000005001400054014000180040001C00408F
:109800000020004000400140004401400048014069
:1098100024F0A0030B4343F0100102830184F0BD48
:10982000028B22F00C020283028B0A4302837047F0
:1098300070B5048C24F001040484058B048C4FF66D
:10984000FF7606EA0313134325F0F305F84A2B438A
:1098500090420ED0F74A90420BD0B0F1804F08D022
:10986000F54A904205D0F54A904202D0F44A90421F
:1098700002D124F0020201E024F00A020A4342F07D
:1098800001010383018470BD2DE9F84F0D460446A4
:109890000888E74FDFF89CC3DFF89C83DFF89C93D0
:1098A0004988AA882B894FF0804A48B304282FD0D2
:1098B0004FF6FF760828934632D0208C9E4620F43F
:1098C00080502084A38B208C06EA0132009223F47E
:1098D000734306EA0B221A4306EA0E331343BC42D3
:1098E0000AD0644508D0544506D0444504D04C45C0
:1098F00002D0D34A944242D120F40050009940E073
:109900002046FFF795FFE9882046BDE8F84F87E736
:109910002046FFF732FFE9882046BDE8F84F20E7F0
:10992000208C20F480702084B4F81CE0208C06EA9F
:10993000031306EA01222EF0F30E43EA0B0343EA77
:109940000E030092BC420AD0644508D0544506D0AC
:10995000444504D04C4502D0B94A944203D120F486
:109960000070009901E020F42060084340F480700A
:10997000A3832084E9882046BDE8F84FE9E620F477
:109980000240084340F48050A3832084E9882046A5
:10999000BDE8F84FD1E62DE9F0410C460026498894
:1099A0000746012501B90226A288012A00D1022515
:1099B000208823890028384610D0FFF7DEFEE18892
:1099C0003846FFF7CEFE23892A4631463846FFF750
:1099D0002FFFE1883846BDE8F04121E7FFF728FF77
:1099E000E1883846FFF71CFF23892A46314638466E
:1099F000FFF7C3FEE1883846BDE8F041B1E610B597
:109A00000A884B88CC881A438B8823431A430B89D6
:109A10001A434B8989891A430A43A0F8442010BD90
:109A20004FF6FF71818000210180C1804180017269
:109A300070470021018041808180C1800181418186
:109A40008181C18170470021018041800122828093
:109A5000C180018170470021018041808180C180E7
:109A600001814181818170470029018802D041F044
:109A7000010101E021F0010101807047002930F867
:109A8000441F02D041F4004101E0C1F30E01018006
:109A90007047002A828901D00A4300E08A4382810C
:109AA0007047818270471143A0F848107047002A20
:109AB000828901D00A4300E08A438281704701898C
:109AC00021F0070101817047028922F070020A43E8
:109AD0000281704700B50346FFF7F6FF188940F092
:109AE0000700188100BD70B516460D466029044672
:109AF0004FF0010231460AD0FFF79AFE2946204670
:109B0000FFF7E2FF208940F00700208170BDFFF7DA
:109B100034FEF3E730B504894FF6FF7505EA0323F9
:109B20001343E4B20B432343038130BD10B5044615
:109B3000FFF7F0FF208940F07700208110BD10B5BD
:109B40000446FFF7E7FF208940F48040208110BDE4
:109B5000018582827047028822F070020A430280E7
:109B6000704770B50589048B068C25F007050D43F9
:109B70004FF6FC410C4040F201110C434FF6FF71CF
:109B800001EA031126F022061143314305810483C3
:109B9000018470BD028B22F070020A430283704779
:109BA000028B4FF6FF7322F4E04203EA01211143D6
:109BB00001837047828B22F070020A4382837047D0
:109BC000828B4FF6FF7322F4E04203EA0121114336
:109BD000818370470029018802D041F0800101E0B3
:109BE00021F08001018070470029818802D041F076
:109BF000040101E021F0040181807047002981887F
:109C000002D041F0080101E021F008018180704795
:109C10000029818802D041F0010101E021F0010119
:109C200081807047028B22F008020A43028370474A
:109C3000002C0140003401400004004000080040B6
:109C4000000C0040028B4FF6FF7322F4006203EA1F
:109C5000012111430183EAE7828B22F008020A43C3
:109C60008283E4E7828B4FF6FF7322F4006203EAFB
:109C7000012111438183DAE7028B22F004020A43B7
:109C80000283D4E7028B4FF6FF7322F4806203EA6B
:109C9000012111430183CAE7828B22F004020A43A7
:109CA0008283C4E7828B4FF6FF7322F4806203EA5B
:109CB000012111438183BAE7028B22F080020A431B
:109CC0000283B4E7028B4FF6FF73C2F30E0203EA7E
:109CD000012111430183AAE7828B22F080020A430B
:109CE0008283A4E7828B4FF6FF73C2F30E0203EA6E
:109CF0000121114381839AE7028C22F002020A4378
:109D0000028494E7028C22F008020A4302848EE760
:109D1000028C4FF6FF7322F0200203EA0111114377
:109D2000018484E7028C4FF6FF7322F0800203EA7D
:109D30000111114301847AE7028C4FF6FF7322F47C
:109D4000007203EA01211143018470E7028C4FF68F
:109D5000FF7322F4006203EA01211143018466E7E4
:109D6000028C4FF6FF7322F4005203EA01311143D3
:109D700001845CE710B50123048C8B409C43048470
:109D8000038C8A401343038410BD10B50423048C54
:109D90008B409C430484038C8A401343038410BD8E
:109DA00030B50124058C00F118038C40A5430584CF
:109DB00089B108290FD0091FC1F34E00184401686A
:109DC00021F4E041016001684FF6FF7303EA0222CB
:109DD0001143016030BD03EB5100016821F07001B7
:109DE00001600168F4E70029018802D041F0020116
:109DF00001E021F00201018019E70029018802D069
:109E000041F0040101E021F0040101800FE7002985
:109E1000818802D041F0800101E021F08001818041
:109E200005E7028822F00802028002880A430280C5
:109E3000FDE6828822F07002828082880A43828056
:109E4000F5E6028922F00702028102890A430281B3
:109E5000EDE6028922F08002028102890A43028132
:109E6000E5E68184E3E68185E1E68186DFE6018738
:109E7000DDE68187DBE6A0F84010D8E6028822F410
:109E80004072028002880A430280D0E6808ECEE6CD
:109E9000008FCCE6808FCAE6B0F84000C7E6808C21
:109EA000C5E6008DC3E602460020128A0A4200D0B1
:109EB0000120BCE6C9430182B9E602460020138AAC
:109EC00092890B4202EA010202D0002A00D001204E
:109ED000ADE6C9430182AAE6C44910B588420AD159
:109EE00001218C032046FFF780F82046BDE8104092
:109EF0000021FFF77AB8BE49884202D101214C0403
:109F000010E0BC49884202D101218C040AE0BA4920
:109F1000884202D10121CC0404E0B84988420AD128
:109F200001210C052046FFF769F82046BDE81040E6
:109F30000021FFF763B810BD30B50446008A85B034
:109F40000D464CF6FF710840E98801432182A08943
:109F50004EF6F3110840A9882A8911436A89024301
:109F60001143A181A08A4FF6FF410840A98901430E
:109F7000A1826846FEF7DCFF9C48844201D1039829
:109F800000E00298A189090400EBC00101EB001078
:109F9000296801D5490000E08900B0FBF1F0642296
:109FA000B0FBF2F109010B096FF018056B4300EBF0
:109FB0008300A3891D044FF0320306D503EBC000D4
:109FC000B0FBF2F000F0070005E003EB0010B0FB7F
:109FD000F2F000F00F000843208105B030BD4FF4CF
:109FE0001651016000218180C18001810C224281D3
:109FF0008181704710B5028A4FF2FF031A400B8827
:10A000004C8823438C88C9880C4323431343038221
:10A0100010BD0021018041808180C18070470029EE
:10A02000818902D041F4005101E021F40051818185
:10A03000704710B5C1F3421301F01F040121A14084
:10A04000012B07D0022B07D01430002A026805D05C
:10A050000A4304E00C30F8E71030F6E78A43026068
:10A0600010BD002A828A01D00A4300E08A4382821E
:10A070007047028A22F00F020282028A0A43028299
:10A080007047828922F40062828182890A43828138
:10A0900070470029818902D041F0020101E021F0DE
:10A0A000020181817047028A22F020020282028A24
:10A0B0000A43028270470029018A02D041F480419C
:10A0C00001E021F4804101827047C1F308018180E1
:10A0D00070478088C0F308007047818941F0010112
:10A0E00081817047028BD2B20283028B42EA012146
:10A0F00001837047028B02F47F420283028B0A4382
:10A10000028370470029818A02D041F0200101E0DA
:10A1100021F02001818270470029818A02D041F01C
:10A12000100101E021F01001818270470029818A2D
:10A1300002D041F0080101E021F00801818270475E
:10A140000029818902D041F4004101E0C1F30E01F0
:10A15000818170470029818A02D041F4006101E0C9
:10A1600021F4006181827047828A22F00402828297
:10A17000828A0A43828270470029818A02D041F094
:10A18000020101E021F002018182704702460020B5
:10A1900012880A4200D001207047C94301807047ED
:10A1A00070B501F01F0501260024C1F3421306FA21
:10A1B00005F2012B0FD0022B0FD0838A4FEA112119
:10A1C0000088134206FA01F600EA060001D000B149
:10A1D0000124204670BD8389F0E7038AEEE70A0A6E
:10A1E00001219140C94301807047000000380140BF
:10A1F0000044004000480040004C00400050004037
:10A2000010B50120FEF703FFBDE810400020FEF767
:10A21000FEBE1F49086070471D49091F086070474E
:10A220001B498431086070471A4A118821F4607113
:10A23000014311807047174A118821F07F010143C3
:10A2400011807047134A08B52C3A10440090016001
:10A2500008BD104908B52C3908440090008808BD95
:10A260000B489C300068C0B270470A48083001882B
:10A2700041F00101018070470548A0300068C0B27C
:10A28000704704480830018841F00201018070479E
:10A2900004860D422C6C004010B501210C072046AD
:10A2A000FEF7ACFE2046BDE810400021FEF7A6BE3A
:10A2B0002149086270472049086170471F4A1168A8
:10A2C00021F0E0010143116070471B49C1F8A00073
:10A2D00070471A4B1A6822F0030202431A601848AA
:10A2E000026842F004020260012905D020BF016823
:10A2F00021F004010160704730BFF8E70F480168A2
:10A3000041F004010160016841F0020101600C4864
:10A31000016841F00401016030BF7047074A0146FF
:10A32000002052680A4200D00120704703490A68A1
:10A3300042EA80000860704700000E420070004052
:10A3400010ED00E04FF480701D4908604FF4F0708C
:10A350001C4908601C481D4908604FF0BB301C496F
:10A3600008601C481C4908604FF0BB301B4908605E
:10A370001B481C4908601C481C49086018481C49B7
:10A3800008604FF044301B49086041F201004FF073
:10A39000204108604FF44070174908606FF070402A
:10A3A000164908601648804716480047FEE7FEE752
:10A3B000FEE7FEE7FEE7FEE7FEE7FEE7FEE7FEE775
:10A3C0001410024018100240BB44BBB400140140FA
:10A3D00004140140BB4444B4001801400418014077
:10A3E000BBBBBB44001C01404444BBBB041C01403C
:10A3F0000020014004200140040000A0040100A04E
:10A40000BD83000831810008924A00284FF00801FE
:10A41000104601D0FEF73BBCFEF73BBC8D4A00283E
:10A420004FF00401104601D0FEF731BCFEF731BCFD
:10A4300004218848FEF717BC08218648FEF713BCA4
:10A4400038B501210420FEF7BEFD0C20ADF8000058
:10A4500010208DF8030003207E4C8DF80200694621
:10A460002046FEF7AAFB0C212046FEF710FC38BD63
:10A47000784810B5016821F470610160016841F409
:10A48000407101600120FFF7C9FF0120FFF7BCFF09
:10A49000042003F0B3FA0020FFF7C0FF042003F00C
:10A4A000ADFABDE810400020AEE76A4810B501687B
:10A4B00021F470610160016841F440710160002085
:10A4C000FFF7A2FF0020FFF7A9FF042003F096FA90
:10A4D0000120FFF799FF0120FFF7A0FFBDE8104022
:10A4E000042003F08BBA10B500240120FFF796FF7B
:10A4F0005848016821F470610160016841F400610D
:10A500000160012003F07AFA0120FFF77DFF0120AE
:10A5100003F074FA07E0641CE4B2FA2C03D9FFF7E5
:10A52000C4FF012010BDFFF783FF0028F3D1FFF720
:10A530006BFF002010BD10B50020FFF765FF4548F8
:10A54000016821F470610160016841F440710160AB
:10A550000020FFF763FF022003F050FA0120FFF70D
:10A5600053FF022003F04AFABDE8104000204BE7F9
:10A5700010B50020FFF748FF3648016821F47061EC
:10A580000160016841F4407101600120FFF746FF5E
:10A59000022003F033FA0120FFF736FF022003F018
:10A5A0002DFABDE8104000202EE770B50546294879
:10A5B000016821F470610160016841F4407101603B
:10A5C0000020FFF721FF0024E809FFF727FF6806B6
:10A5D000050E022003F012FA0120FFF715FF0220FA
:10A5E00003F00CFA0020FFF70FFF022003F006FA39
:10A5F000641CE4B2082CE7D370BD70B5064615485C
:10A600000024016821F470610160016841F4006177
:10A61000016025460020FFF7F7FE022003F0EEF967
:10A620000120FFF7F1FE6006040EFFF701FF08B1FD
:10A63000641CE4B2012003F0E1F96D1CEDB2082DB9
:10A64000E8D31EB1FFF777FF204670BDFFF790FFFC
:10A65000FAE7000000080140FFF7F2BE10B504461B
:10A66000FFF706FF200AA02101EB4000C0B2FFF770
:10A670009CFFFFF738FFE0B2FFF797FFFFF733FFCC
:10A68000FFF7F6FEA120FFF790FFFFF72CFF002059
:10A69000FFF7B3FF0446FFF708FF204610BD70B573
:10A6A0000D460446FFF7E4FE200AA02101EB40001E
:10A6B000C0B2FFF77AFFFFF716FFE0B2FFF775FFB2
:10A6C000FFF711FF2846FFF770FFFFF70CFFFFF7BA
:10A6D000ECFEBDE87040052003F0AFB92DE9F04174
:10A6E00016460D460746002409E0E00025FA00F072
:10A6F000C1B2381980B2FFF7D2FF641CE4B2B44291
:10A70000F3D3BDE8F0812DE9F0410D46014600206C
:10A7100004464E1908E00702301B401E80B2FFF7C6
:10A720009DFF641C3844E4B2AC42F4D3E9E710B5B1
:10A73000FF20FFF793FF55280AD05521FF20FFF790
:10A74000AEFFFF20FFF78AFF552801D0012010BD82
:10A75000002010BD70B515460E46044608E02046A0
:10A76000641CA4B2FFF77AFF6D1E06F8010BADB2B0
:10A77000002DF4D170BD70B514460D46064606E0B6
:10A7800029783046FFF78BFF761CB6B26D1C641E2D
:10A79000A4B2F5D270BD00000146E348028822F061
:10A7A0003802028002880A4302800121FEF782BD3E
:10A7B0002DE9F041074600244FF48055DA4E03E0BE
:10A7C000641CA4B2AC420FD202213046FEF7DEFD7B
:10A7D0000028F5D039463046FEF794FD002406E007
:10A7E000641CA4B2AC4202D30020BDE8F081012178
:10A7F0003046FEF7CBFD0028F2D03046FEF784FD50
:10A80000C0B2F2E7F0B5074687B0012141F234004B
:10A81000FEF7D9FBE020ADF814001825C34C8DF8E5
:10A82000175003268DF8166005A92046FEF7C5F9D6
:10A83000E0212046FEF72BFABD48002490F82300C3
:10A84000092801D00B281BD101210802FEF7BBFB10
:10A850004FF48050ADF814008DF8166010208DF87C
:10A86000170005A9B348FEF7A8F90220ADF80600C5
:10A870000120ADF80800B048ADF80C50C0F8B04168
:10A88000ADF800404FF48270ADF802004FF4007054
:10A89000ADF80440ADF80A00ADF80E400720A24C18
:10A8A000ADF8100069462046FEF788FC01212046DD
:10A8B000FEF700FDFF20FFF77BFFFF20FFF778FF8B
:10A8C000FF20FFF775FF012F04D01820FFF764FF6A
:10A8D00007B0F0BD3820F9E701469848028822F019
:10A8E0003802028002880A4302800121FEF7E2BC9E
:10A8F0002DE9F041074600244FF480558F4E03E0C8
:10A90000641CA4B2AC420FD202213046FEF73EFDD9
:10A910000028F5D039463046FEF7F4FC002405E067
:10A92000641CA4B2AC4201D300205EE70121304692
:10A93000FEF72CFD0028F3D03046FEF7E5FCC0B250
:10A9400053E770B586B001213820FEF73CFB0121AA
:10A95000C803FEF741FB3820ADF800001826784DFB
:10A960008DF8036003248DF8024069462846FEF7FF
:10A9700024F938212846FEF78AF96D48102255013E
:10A9800090F8230001280AD0052808D0042814D004
:10A99000072812D00C2810D008280ED01CE0202048
:10A9A000ADF800008DF80240664C8DF80320694632
:10A9B0002046FEF702F920210BE0ADF800508DF89B
:10A9C0000240614C8DF8032069462046FEF7F5F8F9
:10A9D00029462046FEF75DF90020ADF80400ADF8E9
:10A9E00008004FF48271ADF806100221ADF80A108C
:10A9F000ADF810600121ADF81200ADF80C10072081
:10AA00004E4CADF81400ADF80E5001A92046FEF7EB
:10AA1000D5FB01212046FEF74DFCFF20FFF768FF24
:10AA20003820FFF759FF06B070BD0146474802883D
:10AA300022F03802028002880A4302800121FEF7D8
:10AA400039BC2DE9F041074600244FF480553F4EB4
:10AA500003E0641CA4B2AC420FD202213046FEF7E0
:10AA600095FC0028F5D039463046FEF74BFC002413
:10AA700005E0641CA4B2AC4201D30020B5E601217C
:10AA80003046FEF783FC0028F3D03046FEF73CFC4E
:10AA9000C0B2AAE630B587B001210820FEF793FACC
:10AAA00001218803FEF798FA4FF46044ADF8144092
:10AAB00018208DF817000320214D8DF8160005A9E8
:10AAC0002846FEF77AF821462846FEF7E0F8684661
:10AAD000FEF7DBFB0020ADF800004FF48271ADF80B
:10AAE0000210ADF808006915ADF80A103821ADF86C
:10AAF0000C10ADF80400ADF80600ADF80E0007200C
:10AB0000124CADF8100069462046FEF757FB0121B4
:10AB10002046FEF7CFFBFF20FFF793FF1020FFF743
:10AB200084FF07B030BD0000003001400008014044
:10AB3000A43A00200020014000002442003C0040D4
:10AB4000000C01400010014000140140003800409A
:10AB5000A248A1494160A249416070479F480169EC
:10AB600041F08001016170479C48C068C10701D075
:10AB700001207047410701D502207047C00601D56A
:10AB8000032070470020704710B50446FFF7ECFF24
:10AB9000012803D0002C00D1FF2010BD012002F0BD
:10ABA0002DFF641E2404240CF0D1F5E770B5054692
:10ABB00045F6FF763046FFF7E7FF002812D1874CB5
:10ABC000206940F0020020616561206940F040008A
:10ABD00020613046FFF7D8FF012803D0216921F01A
:10ABE0000201216170BD2DE9F041064640F6FF7774
:10ABF0000D463846FFF7C8FF00280ED1774C206974
:10AC000040F00100206135803846FFF7BDFF012884
:10AC100003D0216921F001012161BDE8F0810088A4
:10AC20007047C10703D030F8010C000A7047008854
:10AC3000C0B270472DE9F04116460F460546002484
:10AC400007E037F814102846FFF7CDFF641CA4B2C4
:10AC5000AD1CB442F5D3E0E710B5002305E030F8B1
:10AC6000024B21F813405B1C9BB29342F7D310BDFB
:10AC70002DE9F05F8246A0F1006088461546B0F5E8
:10AC8000002F4BD2C0F34906C70AC6F58064A5421F
:10AC900000D81446DFF84CB14FF0006000EBC7203D
:10ACA00081464FF480624F49FFF7D6FF00204FF6F0
:10ACB000FF7206E033183BF81310914203D1401C99
:10ACC00080B2A042F6D3A04224D24846FFF76EFFDE
:10ACD00000205A4606E038F810108319401C22F86C
:10ACE000131080B2A042F6D348464FF480623D492B
:10ACF000FFF7A0FFA54211D0281B08EB44080AEB80
:10AD0000440A002685B24FF480647F1CA542C3D854
:10AD10002C46C1E7224641465046E9E7BDE8F09F90
:10AD200070B50D46044600232F4E08E0B44208D209
:10AD30002046FFF776FFE8545B1C9BB2641C9342ED
:10AD4000F4D370BD13B5012201A9FFF791FF1CBD1B
:10AD50002DE9F04707460024A0F1006090460D461B
:10AD6000B0F5002F24D200264FF48069DFF87CA0D4
:10AD700014E0687815F8021B4A4601EB00202AF817
:10AD80001400641CA4B2944206D10024174938462A
:10AD9000FFF76EFF07F50067B61CB6B24645E8D36D
:10ADA000002C05D022463846BDE8F0470F495FE742
:10ADB000BDE8F08710B501680D4A1140B1F1005FA0
:10ADC00009D141680B4C21600068FDF7BDF920688E
:10ADD000BDE81040004710BD230167450020024038
:10ADE000AB89EFCD540D0060000008805405006071
:10ADF0000000FE2F1400006010B54E4C01212046CB
:10AE0000FFF751F82046BDE810400121FFF752B886
:10AE10007FB50D46044601210220FEF7DDF8ADF8AE
:10AE20000440ADF800500024424DADF80640ADF8A6
:10AE3000024069462846FEF76FFB1D218DF80C1075
:10AE40008DF80D4002208DF80E0001208DF80F00C6
:10AE500003A8FDF714FB012211462846FEF719FE50
:10AE600001212846FEF700FE7FBD70B5BF20EFF33D
:10AE7000118480F31188BFF34F8FBFF36F8F2E4D76
:10AE800001212846FFF70FF82C4A012802D150680B
:10AE9000401C50602A4900230868401C0860118843
:10AEA000B1F57A7F02D2491C118004E02549086877
:10AEB000401C0860138024480188491C01800188D7
:10AEC00042F21072914200D9038001212846FEF718
:10AED000F1FF84F3118870BD7FB50D460446012152
:10AEE0001020FEF779F8ADF804400020ADF80050CE
:10AEF000114CADF80600ADF8020069462046FEF799
:10AF00000BFB36208DF80C0001218DF80D1003226B
:10AF10008DF80E208DF80F1003A8FDF7B0FA01226E
:10AF200011462046FEF7B5FD01212046FEF79CFDA7
:10AF30007FBD0000000400400010004014200020ED
:10AF4000802000205C2100204605006030B564238D
:10AF5000B0FBF3F4B0FBF3F5E4B203FB1500132CE4
:10AF600001D96430C0B200EB90030724B3FBF4F5C1
:10AF700004FB1533B64D1A440D44800715F8015CE7
:10AF80002A4492B203D1032901D2521E92B2B2FBDB
:10AF9000F4F004FB102030BD81070CD16421B0FB1C
:10AFA000F1F201FB120141B94FF4C871B0FBF1F2AB
:10AFB00001FB120008B100207047012070472DE905
:10AFC000F043DFF890820746B0FBF8F3A248160082
:10AFD0000C4601D1002101800188994235D00380BF
:10AFE00040F2B2754FF4B77C4FF4B6790CE02846C6
:10AFF000FFF7D2FF20B1634508D3A3F5B77301E093
:10B00000A3F26D136D1CADB24B45F0D8A5F5FA65F2
:10B01000A571581CDFF838C2A4F8070000250CF110
:10B020000C0C0CE0A079FFF7B7FF08B1012D44D05C
:10B030001CF80500984204D81B1A6D1CADB21C2BDD
:10B04000F0D26D1C65715B1CE370B7FBF8F108FB77
:10B0500011704FF46161B0FBF1F2A270B0FBF1F23C
:10B0600001FB12033C22B3FBF2F36370B0FBF1F37C
:10B0700001FB1300B0FBF2F102FB11002070A0797C
:10B08000E278617900F5FA60FFF760FF2071012E28
:10B0900011D1A179714801F5FA610180617981705E
:10B0A000E178C170217901716D48A17801706178F2
:10B0B000417021788170BDE8F0831D2BC1D31D3B09
:10B0C000BBE710B5FDF7E5FF01226649FFF777FF03
:10B0D000002010BD2DE9F05F99468C46DDE90AABF2
:10B0E000002300F11E019046822902D30120BDE811
:10B0F000F09F40F2B27400F5FA655B4E5B4F08E0DA
:10B100002046FFF749FF08B1334400E03B44641C8C
:10B11000A4B2AC42F4D3ACF1010C4D4F0CF0FF06DD
:10B1200000240C37DFF82CC10EE0385D40F2A3217B
:10B13000484303EBC013A8B2FFF72EFF10B1012C58
:10B1400000D16344641CA4B2B442EED340F2A32104
:10B1500008FB01F003EBC0113E48C9EB4912404225
:10B160000144C2EB092001EB0011CAEB0A1001EB0C
:10B17000800000EB0B0401214FF0C050FDF72CFFC5
:10B180000120FFF795F80C9911B92046FDF78AFFC9
:10B19000FDF7BAFF2046AAE73EB500240420FFF7DA
:10B1A00058F845F25005A84246D001214FF0C05052
:10B1B000FDF712FF0120FFF77BF8FFF721F80120D0
:10B1C000FDF79CFE08E0641CE4B20A2002F035FCA6
:10B1D000FA2C01D300203EBD4120FDF718FE0028C7
:10B1E000F1D04FF48070FDF79AFE0120FDF79CFE30
:10B1F000FDF78AFFFDF78EFF01210846FDF732FFBC
:10B20000FDF782FFFDF737FF47F6FF70FDF757FFA9
:10B21000FDF77AFF002237212A208DE807000F234F
:10B220001B2208211020FFF755FFFDF72BFF2946B1
:10B230000420FFF707F807E0FDF76CFF012108463F
:10B24000FDF710FFFDF760FFFFF73BFF01203EBD5C
:10B25000A8C00308805101001C2000209400006059
:10B26000DE200020442300200085E2018033E1013C
:10B27000FE4991F82310012913D0052911D0042982
:10B280000FD007290DD00C290BD0082909D002298D
:10B2900005D0062903D0092901D00B2903D1FFF7D6
:10B2A00087BAFFF725BB7047F04890F823000128C4
:10B2B00014D0052812D0042810D007280ED00C284E
:10B2C0000CD008280AD0022805D0062803D0092867
:10B2D00001D00B2805D13820FFF75EBA3820FFF7E0
:10B2E000FBBA7047E14890F82300012814D00528E4
:10B2F00012D0042810D007280ED00C280CD0082813
:10B300000AD0022805D0062803D0092801D00B282E
:10B3100005D11820FFF740BA1820FFF7DDBA7047B3
:10B32000D248012190F82300012813D0052811D01C
:10B33000CF4A042812D0072810D00C280ED0082895
:10B340000CD002280DD006280BD009280CD00B28D1
:10B350000AD00CE0C748C0F8941108E0C2F8A41164
:10B3600005E0C2F88C1102E0C348C0F8B011FF201C
:10B370007EE770B5002441F6FF75FF20FFF778FFE8
:10B38000FF2806D0641CFDF7FCFCAC42F5D301207D
:10B3900070BD002070BDB54810B590F823000021A5
:10B3A000012813D0052811D0B14A042812D007284B
:10B3B00010D00C280ED008280CD002280DD006285A
:10B3C0000BD009280CD00B280AD00CE0A948C0F8F3
:10B3D000941108E0C2F8A41105E0C2F88C1102E053
:10B3E000A548C0F8B011FFF7C4FF002802D0FFF74E
:10B3F00097FF012010BD70B505464FF6FF7401E0C0
:10B40000641EA4B2FF20FFF733FFA84202D0002C35
:10B41000F6D102E00CB1002070BDFF2070BD70B508
:10B4200004460D46FE20FFF7E6FF28B1012070BD5F
:10B43000FFF71EFF04F8010B6D1EADB24FF0FF00C9
:10B44000F6D2FFF715FFFF20FFF712FF002070BDB7
:10B4500070B50C460546FFF78CFF08B1012070BDA2
:10B460002046FFF705FFFD2C18D000244FF400768E
:10B47000285DFFF7FDFE641CA4B2B442F8D3FF20A0
:10B48000FFF7F6FEFF20FFF7F3FEFF20FFF7F0FEC9
:10B4900000F01F00052801D0022070BD002070BD03
:10B4A00070B516460C460546FFF73AFFFFF773FFE7
:10B4B00008B1FF2070BD45F04000FFF7D9FE200E17
:10B4C000FFF7D6FEC4F30740FFF7D2FEC4F3072010
:10B4D000FFF7CEFEE0B2FFF7CBFE3046FFF7C8FE27
:10B4E0000C2D02D1FF20FFF7C3FE1F24FF20FFF722
:10B4F000BFFE0106DED5641EE4B2F7D270BD70B5A2
:10B500000546012200210A20FFF7CAFF040004D1EA
:10B5100010212846FFF783FF0446FFF701FF0CB117
:10B52000012070BD002070BD70B5054601220021CC
:10B530000920FFF7B5FF040004D110212846FFF7CA
:10B540006EFF0446FFF7ECFE0CB1012070BD002039
:10B5500070BD1FB56846FFF7E7FF10B1002004B0CB
:10B5600010BD9DF800100120B0EB911F09D19DF88E
:10B5700008209DF8091000EB02200844000480090F
:10B58000EDE79DF805009DF80A1000F00F0000EBB4
:10B59000D1109DF809109DF8072001F0030100EB80
:10B5A00041019DF80800800900EB82009DF806200B
:10B5B00002F0030200EB8220401CC91F8840CEE746
:10B5C0002DE9F843294890F82300012812D00528D6
:10B5D00010D004280ED007280CD00C280AD0082838
:10B5E00008D0022809D0062807D0092805D00B2842
:10B5F00003D005E0FFF7A5F902E00120FFF702F90B
:10B60000FFF752FE0024FF20FFF732FE641CA4B2B5
:10B610000A2CF8D30224002195220846FFF740FFA8
:10B620000546012802D0641EA4B2F4D2134E0027AE
:10B63000012D37706FD187224FF4D5710820FFF7A5
:10B640002FFF4FF6FE78012829D001220021372054
:10B65000FFF726FF012200212920FFF721FF012803
:10B660005AD8022030704446012209E0A43A002052
:10B670000080224200002242000024421E200020BE
:10B6800000213720FFF70CFF012200212920FFF7BE
:10B6900007FF05004DD0641EA4B2E5D249E00024A6
:10B6A0006F46FF20FFF7E4FD3855641CA4B2042C5C
:10B6B000F7D39DF80200012843D19DF80300AA2882
:10B6C0003FD144464FF08048012200213720FFF748
:10B6D000E7FE012241462920FFF7E2FE050002D0E5
:10B6E000641EA4B2F0D2B4B1012200213A20FFF7C7
:10B6F000D7FE80B90024FF20FFF7BAFD3855641C3F
:10B70000A4B2042CF7D39DF80000400601D5062012
:10B7100000E00420307014E0012030704446012223
:10B7200000211046FFF7BCFE050002D0641EA4B243
:10B73000F5D22CB1012251021020FFF7B1FE00B169
:10B740003770FFF7EDFDFFF7CDFD307810B1002029
:10B75000BDE8F8830DB12846FAE7AA20F8E72DE9FD
:10B76000F0410646374815460078062800D04902C1
:10B770004FF40077012D4FF0010219D01220FFF78E
:10B780008FFE39463046FFF74AFE6D1E044606F529
:10B79000007615F0FF0501D0002CF2D00122002127
:10B7A0000C20FFF77DFEFFF7BBFD2046BDE8F081D2
:10B7B0001120FFF775FE0400F5D139463046FFF73A
:10B7C0002EFE0446EFE770B506461E4815460C46A9
:10B7D0000078062800D04C02012D13D0012809D092
:10B7E000012200213720FFF75BFE012229461720A6
:10B7F000FFF756FE012221461920FFF751FE0400F3
:10B800000AD01AE0012221461820FFF749FE040061
:10B8100013D1FE2130460DE0FC213046FFF718FE23
:10B820006D1E06F5007615F0FF0501D00028F3D057
:10B83000FD210020FFF70CFE0446FFF771FD2046B6
:10B8400070BD00001E200020794810B5016821F469
:10B8500070610160016841F4407101600120FEF7F0
:10B86000DDFD012002F0CAF80120FEF7CDFD012028
:10B8700002F0C4F80020FEF7D1FD0A2002F0BEF865
:10B880000020FEF7C1FDBDE810400A2002F0B6B866
:10B89000674810B5016821F470610160016841F4E6
:10B8A000407101600020FEF7AFFD012002F0A6F814
:10B8B0000020FEF7B3FD012002F0A0F80120FEF702
:10B8C000A3FD0A2002F09AF80120FEF7A7FDBDE8CB
:10B8D00010400A2002F092B870B50546544801683D
:10B8E00021F470610160016841F4407101608024BD
:10B8F0002C4201D1002000E00120FEF78FFD052041
:10B9000002F07CF80120FEF77FFD052002F076F8BA
:10B910000020FEF779FD012002F070F86408E7D1FD
:10B92000BDE87040FEF7DFBD70B504464048002515
:10B93000016821F470410160016841F40041016037
:10B940004FF47A7607E0641EE4B201D2042070BDA1
:10B95000304602F053F8FEF76FFD0028F3D028467A
:10B9600070BD2DE9F04706460020307090460F4626
:10B970000120FEF753FD2E4D286820F470602860EA
:10B98000286840F40060286080240120FEF73CFD18
:10B99000012002F033F84046FFF7C6FF814603203E
:10B9A00002F02CF8286820F470402860286840F4E1
:10B9B00040502860FEF73CFD10B1307820433070D5
:10B9C0000020FEF721FD012002F018F86408DCD108
:10B9D000286820F470602860286840F4407028606F
:10B9E000BFB10120FEF71AFD012002F007F8012087
:10B9F000FEF70AFD052002F001F80020FEF704FD25
:10BA00000120FEF70BFD142001F0F8FF4846BDE8C9
:10BA1000F0870020E6E710B5FFF716FF0020FFF7DC
:10BA20005BFF002803D1BDE81040062054E710BD9D
:10BA300000080140FE494000087040F001004870D5
:10BA4000704738B5044601212020FDF7BCFA0821D3
:10BA5000ADF8001010218DF803100321F54D8DF87D
:10BA6000021069462846FDF7A8F808212846FDF788
:10BA70000EF92046FFF7DEFF38BDFFF709BF70B5AE
:10BA80000546FF20002340F231140FE0EA5C5040ED
:10BA90000822060602D584EA400000E04000521E5B
:10BAA000C0B212F0FF02F4D15B1CDBB28B42EDD3CB
:10BAB00070BD10B51446FFF7E2FFA04201D002208E
:10BAC00010BD002010BD7CB50D460446002168461F
:10BAD000FFF747FF90B9002211460DF10100FFF773
:10BAE00040FF58B90022294601A8FFF73AFF28B9BC
:10BAF0009DF8042002216846FFF7DBFFBDF8001027
:10BB000049BA21807CBD10B5FFF79EFEC848407839
:10BB1000BDE81040FFF7E0BE70B50446000AFFF72D
:10BB2000DBFE0546E0B2FFF7D7FE284370BD10B537
:10BB3000FFF78AFEBE480078BDE81040FFF7CCBE94
:10BB4000F8B50546FFF7F3FF06464FF45E50FFF7E2
:10BB5000E3FF50EA060411D1FFF7D5FF04000DD131
:10BB6000642200216846FFF7AEFF040006D10022E0
:10BB700001210DF10200FFF7A6FF0446FFF788FE42
:10BB80001CB900984FEA304028602046F8BD70B5D7
:10BB90000546FFF7CCFF04000FD14FF22D30FFF721
:10BBA000BBFF040009D1FFF7AEFF040005D100225E
:10BBB00001212846FFF787FF0446FFF769FE20466C
:10BBC00070BD10B5FFF7B3FF040004D143F241008C
:10BBD000FFF7A2FF0446FFF75BFE204610BD10B53D
:10BBE0002DF066FA94492DF056F894492DF053F84B
:10BBF000BDE8104092492DF080B810B52DF058FAEC
:10BC000090492DF048F88D492DF045F88C492DF0DC
:10BC100074F8BDE810408C492DF037B82DE9FC418F
:10BC20001D46174688460646FFF781FF04002FD1C0
:10BC30005FB1012F06D0022F01D0802428E042F20C
:10BC4000164004E042F20B4001E04FF41050FFF7C1
:10BC500063FF040007D01BE0FFF755FF040005D089
:10BC6000012001F0EAFE6D1EEDB2F5D20DB114B166
:10BC70000EE004240CE0002211466846FFF723FF83
:10BC800005460022012101A8FFF71DFF40EA050437
:10BC9000FFF7FEFD54B9BDF80000FFF7AEFF3060BE
:10BCA000BDF80400FFF79BFFC8F800002046BDE880
:10BCB000FC812DE9FC41984615460E460746FFF7E4
:10BCC00036FF040023D15DB1012D06D0022D01D035
:10BCD00080241CE042F6104004E042F60D4001E0F2
:10BCE00042F60640FFF718FF040010D1FFF70BFFE4
:10BCF00004000CD1424600216846FFF7E4FE040030
:10BD000005D10022012101A8FFF7DDFE0446FFF75F
:10BD1000BFFD4CB9BDF80000FFF76FFF3860BDF8FC
:10BD20000400FFF75CFF30602046C0E730B4029C9F
:10BD300023B1012B05D030BC80207047234630BC96
:10BD4000B7E7234630BC69E770B50E460546FFF7F6
:10BD5000EEFE04004BD17DB3012D1AD0022D45D14A
:10BD6000052E43D2DFE806F003060C0F120042F264
:10BD70002F0001E042F22D10FFF7CEFE044636E020
:10BD800042F22B20F8E742F22930F5E742F22A701E
:10BD9000F2E7052E2AD2DFE806F00306090C1000B0
:10BDA00042F22400E8E742F22610E5E742F22020C2
:10BDB000E2E742F22230DFE702E042F22170DBE705
:10BDC000052E13D2DFE806F00306090C0F0042F23D
:10BDD0003200D1E742F23010CEE742F23620CBE714
:10BDE00042F23430C8E742F23770C5E78024FFF7EB
:10BDF0004FFD204670BD7CB50D460646FFF797FE09
:10BE0000040031D14FF46040FFF786FE04002BD1CF
:10BE1000FFF779FE040027D1002211466846FFF79C
:10BE200052FE040020D10022012101A80EE00000F2
:10BE30001F200020001401400000C84200002041E3
:10BE400000FF7F4700002F430000E143FFF73BFE68
:10BE5000040009D1BDF80000FFF7CFFE3060BDF847
:10BE60000400FFF7BCFE2860FFF712FD20467CBDF2
:10BE700010B5FFF75CFE040004D143F26D00FFF73C
:10BE80004BFE0446FFF704FD204610BD10B5FFF73A
:10BE90004EFE040004D143F26600FFF73DFE044667
:10BEA000FFF7F6FC204610BD70B5FFF740FE0546D3
:10BEB00043F2A200FFF730FE40EA0504FFF7E8FC7A
:10BEC0001CB94CF2503001F099FD204670BD10B500
:10BED000234C4FF080502060224801F08FFDA014C9
:10BEE0002060BDE810404CF2503001F087BD38B5FD
:10BEF000010A8DF800108DF8010002216846FFF755
:10BF0000BEFD04469DF80000FFF7E6FC002808D1BE
:10BF10009DF80100FFF7E0FC002802D12046FFF762
:10BF2000DBFC38BD10B510492CF05DFE0F492CF03C
:10BF3000E4FE0F492CF0AFFE2DF0F6F880B210BDF4
:10BF400010B50C492CF0D9FE09492CF0A4FE2DF0B7
:10BF5000EBF880B210BD08480068C0F3802070473D
:10BF600010140140A08601000000344200002F435D
:10BF700000FF7F470000C842080C014038B50C465E
:10BF8000054602226946442021F0AEFABDF80010B1
:10BF900045F273525143284A02EB51312960BDF8F2
:10BFA000021043F609525143244A02EB51312160F9
:10BFB00038BD01222249442021F01FBB70B50C4638
:10BFC0000546FFF7F6FF002807D10A2001F035FDEE
:10BFD00021462846BDE87040D0E770BD1CB5044638
:10BFE00089208DF8000001226946442021F005FBDC
:10BFF00000280BD10A2001F020FD022201A94420D3
:10C0000021F072FA01994FEA314121601CBD08B557
:10C010006846FFF7E3FF08BD094920B1E02008703A
:10C0200040F6C41003E0FD20087044F6206048800C
:10C0300070474420704700003850FFFF90E8FFFF32
:10C040002220002070B50024254621F01CFB4FF46F
:10C050007A7602E0304601F0F0FCFFF7D8FF20B11D
:10C060002046641CE4B20328F4D3032C00D8022534
:10C07000284670BD2DE9FC4101A96846FFF79EFFE7
:10C08000114EDFF84880124D44B26CB12878401C44
:10C0900028702878052804D9002129703160C8F853
:10C0A00000102046BDE8FC810098642790FBF7F063
:10C0B0002CF0F5FF3060019890FBF7F02CF0EFFFCB
:10C0C000C8F80000E5E70000B0010060B4010060BE
:10C0D000180000602DE9F041054601F042FAF94EE2
:10C0E000B068401CB0603068F74F10B1706930B371
:10C0F0002BE03560B068012827D1002404EB8400D0
:10C1000007EB800000F0C0FE641C142CF6D3EF484F
:10C1100000F0BAFEED48143000F0B6FEEB482830CF
:10C1200000F0B2FEE9483C3000F0AEFEE748503087
:10C1300000F0AAFEE54870631430B06305E0306893
:10C14000E96AC06A884200D83560706A0121401CE3
:10C150007062E86A326981401143316100EB80000E
:10C1600007EB8000291D00F09DFE01F006FA7069C2
:10C1700000280CD03068E96AC06A884207D2D449E6
:10C180004FF080500860BFF34F8FBFF36F8FBDE853
:10C19000F0812DE9FF5F8346DDE90E87994616465B
:10C1A0008A46900001F00EFA05001AD0542001F0E2
:10C1B00009FA040012D025630021CDE90241CDE93E
:10C1C00000874B4632465146584600F0C8FD20468F
:10C1D000FFF780FF012004B0BDE8F09F284601F082
:10C1E0004AFA4FF0FF30F6E770B5044601F0B9F9AE
:10C1F000B44D04B92C68201D00F078FE58B9E06AEF
:10C20000B14A00EB800152F8211021B9012181408F
:10C21000286988432861A06A18B104F1180000F069
:10C2200065FE686A401C68622868844208D1A74895
:10C23000211D3C3000F036FE6868401C686007E055
:10C24000A868401EA860204600F0DAFD00F0CBFD93
:10C2500001F093F9686900280AD02868844207D160
:10C260009B494FF080500860BFF34F8FBFF36F8F33
:10C2700070BD2DE9F041934F0026386B38B1B86995
:10C28000401CB861F86900B1012630467FE7FD68BF
:10C290006D1CFD6008D1786BB96B7963B863386A3F
:10C2A000401C386200F09FFDB86ADFF81C828542AE
:10C2B00009D3786B006880B1786BC068C468606827
:10C2C00085420DD2B8623868C06A00EB800158F828
:10C2D00021000128D6D90126D4E74FF0FF30F1E73D
:10C2E000201D00F003FEA06A18B104F1180000F050
:10C2F000FDFDE06A01213A6981401143396100EB9B
:10C30000800108EB8100211D00F0CCFDE06A396856
:10C31000C96A8842CDD30126CBE72DE9F047002436
:10C32000274601F01EF9674D286B401E2863286BD5
:10C33000F0BBA868654928310126C8B3DFF88891A9
:10C340008846D8F80010E9B1D8F80C00C46804F1A8
:10C35000180000F0CBFD201D00F0C8FDE06A2A693E
:10C3600006FA00F11143296100EB800109EB81001D
:10C37000211D00F097FDE06A2968C96A8842E0D370
:10C38000EE61DEE70CB100F02EFDAC693CB1FFF7C9
:10C3900070FF00B1EE61641EF9D10020A861E86968
:10C3A00030B14B49012738070860BFF34F8F00E0D9
:10C3B00001E0BFF36F8F01F0E0F83846BDE8F08789
:10C3C0002DE9F0413F4E0F460446F5683068001DE8
:10C3D00000F08CFD38B9306890F82C1001208840AE
:10C3E000316981433161601C08D13FB13168BDE8DA
:10C3F000F04136485030091D00F054BD30682C44DF
:10C40000AC424460316805D2B06BBDE8F041091D13
:10C4100000F054BD706B091D00F050FDB06A8442FD
:10C4200000D2B462B3E62748016B491C0163704730
:10C4300070B50E4605460023FFF7F5FF2148C26898
:10C440002C68A119944202D98C4202D804E08C4293
:10C4500001D8914200D9012329601BB1881A00211B
:10C46000FFF7AEFFFFF759FF002807D118494FF03B
:10C4700080500860BFF34F8FBFF36F8F70BD10B552
:10C48000020009D0FFF7CFFF00211046FFF798FF09
:10C49000FFF743FF002807D10D494FF08050086097
:10C4A000BFF34F8FBFF36F8F10BD10B5044601F07F
:10C4B00058F80CB903480468E46A01F05EF82046B5
:10C4C00010BD00001C00006050230020E02400206C
:10C4D00004ED00E0BF22EFF3118182F31188BFF376
:10C4E0004F8FBFF36F8F08B9F7480068C06A81F3B8
:10C4F000118870472DE9F04100260D4604461429A5
:10C5000000D3132501F02DF8EF4F04B93C68606C9F
:10C51000A8423FD03968854206D98C4207D0396895
:10C52000C96AA94202D902E08C4200D10126E16A1F
:10C530008846884200D1E5626564A069002802DB74
:10C54000C5F11400A061E14D08EB8800616905EBBD
:10C550008000814215D1201D00F0C8FC012120B9C6
:10C560003A6901FA08F082433A61E06A3A69814027
:10C570001143396100EB800005EB8000211D00F0C4
:10C5800091FC3EB1D2494FF080500860BFF34F8F0D
:10C59000BFF36F8FBDE8F04100F0EFBF10B5CA4C9C
:10C5A000206B10B10120E0618AE70020E061206883
:10C5B0004FF0A532006B0168914208D14168914269
:10C5C00005D18168914202D1C068904204D02168AF
:10C5D0002068343116F07DFF2069BC49B0FA80F044
:10C5E000C0F11F0000EB800001EB800000F10802A9
:10C5F000416849684160914201D149684160C86819
:10C6000020605DE770B5044600F0ABFFAE4D04B9A5
:10C610002C68201D00F06AFC58B9E06AAB4900EBB9
:10C62000800251F8221021B90121814028698843F4
:10C630002861A06A18B104F1180000F057FC211D10
:10C64000A44800F02FFC00F098FF686928B100F0C2
:10C6500088FF00F0C8FB00F090FF2868844209D1F1
:10C66000686940B19A494FF080500860BFF34F8F1E
:10C67000BFF36F8F70BD9748A9680068884202D1E8
:10C680000020286070BDBDE8704087E770B50400E9
:10C690002BD08D4D2868844227D000F062FF2046C1
:10C6A00000F0B8FBE8B1201D00F020FCE06A012199
:10C6B0002A69814011432961844900EB800001EB24
:10C6C0008000211D00F0EEFBE06A2968C96A8842FB
:10C6D00007D37F494FF080500860BFF34F8FBFF3FF
:10C6E0006F8FBDE8704000F048BF70BD2DE9F0418C
:10C6F00004460026BF20EFF3118580F31188BFF3B5
:10C700004F8FBFF36F8F204600F084FBF0B16E4F68
:10C71000386B20B16F4804F11801283814E0E06A42
:10C720003968C96A884200D30126201D00F0DEFB6B
:10C73000E06A01213A69814011433961634900EBA4
:10C74000800001EB8000211D00F0ACFB85F3118817
:10C7500030461CE55D4E4FF080545D4D00F068FBA7
:10C7600030680128FAD92C60BFF34F8FBFF36F8F69
:10C77000F4E71CB5544800242C30CDE90040234692
:10C78000802255A15648FFF704FD012811D1BF2092
:10C7900080F31188BFF34F8FBFF36F8F4A484FF07C
:10C7A000FF31816201214161C460BDE81C4000F09D
:10C7B000C4BE1CBDBF2080F31188BFF34F8FBFF3F1
:10C7C0006F8F41490020486100F0CABE3E48C068F2
:10C7D00070473D48C06870473B488068704708B95B
:10C7E0003948006834307047024610B536480C4668
:10C7F00001681046183100F061FB2046BDE810408A
:10C800000121DDE5034641F0004010B52E491446F4
:10C810000A68906109681846183100F043FB204609
:10C82000BDE810400121CBE52DE9F041C068C468A6
:10C8300004F11800074600F059FB234D286B012630
:10C8400060B124483946283800F02CFBE06A29689A
:10C85000C96A884212D90120EE6198E4201D00F0D7
:10C8600045FBE06A2A6906FA00F11143296117497C
:10C8700000EB800001EB8000211DE5E7002086E44D
:10C8800070B541F000410160C46800F02FFB201D2D
:10C8900000F02CFB0C4DE06A01262A6906FA00F133
:10C8A00011432961094900EB800001EB8000211D43
:10C8B00000F0F8FAE06A2968C96A884202D90120C2
:10C8C000EE6170BD002070BD1C0000605023002090
:10C8D00004ED00E03025002049444C4500000000F4
:10C8E00055C70008FE490A6A0260C968416070477E
:10C8F00070B50D46044600F034FEF949CA68286850
:10C90000431C0FD02368096A8B4202D061689142B0
:10C910000AD96168511A814206D2401A286020461D
:10C92000FFF7E0FF002400E0012400F026FE20468F
:10C93000C9E7EB490120C861704708B9E8480068B9
:10C940000021006B01E0401C491C0278A52AFAD0A6
:10C95000C1F38F007047E24800687047E0484169C2
:10C9600019B1006B18B100207047012070470220F8
:10C97000704770B50400A6D0D94DE06A2968C96A2D
:10C980008842A0D2A069002804DB2868C06AC0F1F0
:10C990001400A061E06AD34E00EB8000616906EBF1
:10C9A000800081421FD1201D00F0A0FA012150B962
:10C9B000E06A00EB800256F8222022B92A6901FAC7
:10C9C00000F082432A612868C06AE0622A698140D7
:10C9D0001143296100EB800006EB8000211DBDE8BA
:10C9E000704000F05FBA2868C06AE0626BE770B51B
:10C9F00004004FF000002CD0A16C491EA164636CB0
:10CA0000E26A9A4225D0002923D1201D00F06EFA57
:10CA1000B44AB349012350B9E06A00EB800552F8EB
:10CA2000255025B90D6903FA00F085430D61606C4E
:10CA3000E062C0F11400A061E06A0D6983402B43FD
:10CA40000B6100EB800002EB8000211D00F02AFA50
:10CA5000012038E7A24908680A688069D26A096833
:10CA6000C2F114028A6170479D49086818B10868CC
:10CA7000826C521C82640868704770B50C4606468A
:10CA800000F06FFD964D2868C06C80B929680120C0
:10CA900081F850005CB101212046FFF791FC9249DA
:10CAA0004FF080500860BFF34F8FBFF36F8F00F0DF
:10CAB00064FD00F056FD2868C46C002034B116B146
:10CAC0002968C86402E02A68611ED164296881F877
:10CAD000500000F052FD2046F5E62DE9F0411E46DB
:10CAE00015468846074600F03CFD7D4C206890F8CE
:10CAF0005000022814D02068C16CB943C164216879
:10CB0000012081F850005EB101213046FFF758FC4A
:10CB100075494FF080500860BFF34F8FBFF36F8FA0
:10CB200000F02BFD00F01DFD15B12068C06C2860E1
:10CB3000206890F8500001280DD02068C16C21EACF
:10CB40000801C16401252168002081F8500000F02F
:10CB500014FD284666E40025F5E72DE9F0411F465F
:10CB600090460D460446012600F0FBFC0FB1E06C38
:10CB7000386094F85000022184F85010B8F1050F85
:10CB80000ED2DFE808F00D03060C0A00E16C294321
:10CB900001E0E16C491CE16402E0022803D0E56495
:10CBA000012802D020E000261EE0201D00F09EF9A2
:10CBB0004B4DE06A01212A698140114329614949AD
:10CBC00000EB800001EB8000211D00F06BF9E06AB2
:10CBD0002968C96A884207D943494FF080500860E4
:10CBE000BFF34F8FBFF36F8F00F0C7FC304619E4DF
:10CBF0002DE9F04704464FF00108BF20EFF31185FF
:10CC0000DDF8209080F31188BFF34F8FBFF36F8F53
:10CC10000BB1E06C186094F85000022384F8503097
:10CC2000052A0ED2DFE802F00D03070C0A00E26CC1
:10CC30000A43E26405E0E16C491C01E0022803D0EC
:10CC4000E164012803D027E04FF0000824E0244EDF
:10CC5000306B012778B104F11801244800F022F963
:10CC6000E06A3168C96A884216D9B9F1000F12D05A
:10CC7000C9F8007010E0201D00F038F9E06A326950
:10CC800007FA00F111433161164900EB800001EB16
:10CC90008000211DE2E7F76185F311884046BDE879
:10CCA000F0872DE9F04104468846BF20EFF3118755
:10CCB00080F31188BFF34F8FBFF36F8F94F850103C
:10CCC000022084F85000E06C401CE06401292DD162
:10CCD000034D286B0126C0B104F11801034807E099
:10CCE0001C0000605023002004ED00E00825002017
:10CCF00000F0D8F8E06A2968C96A884216D9B8F104
:10CD0000000F12D0C8F8006010E0201D00F0EEF80F
:10CD1000E06A2A6906FA00F111432961574900EBDC
:10CD2000800001EB8000211DD9E7EE6187F31188B7
:10CD30000FE510B558B1044600F013FC94F850000C
:10CD4000022807D0002400F018FC20462CE44C48B0
:10CD50000468F1E7002084F850000124F3E72DE98E
:10CD6000F0470E46DDE90984174682469100994650
:10CD7000089DA522206B2BF0B7FD6FF00301206BFF
:10CD800001EB8701084420F0070700202218315CDE
:10CD900082F83410315C11B1401C1028F6D3002603
:10CDA00084F84360142D00D31325E562C4E91156BD
:10CDB000201D00F074F804F1180000F070F82461F0
:10CDC000C5F114006462A061E66484F850604A46CC
:10CDD0005146384600F09AFB2060B8F1000F01D0B0
:10CDE000C8F800405BE72648416B096829B1416BF0
:10CDF000C968C9684968816270474FF0FF31FAE736
:10CE000010B50446006B00F036FC2046BDE810402B
:10CE100000F031BC1B4B426900219A4206D1806A66
:10CE2000A3F12802904201D000B9012108467047C1
:10CE300070B5144E124D143E1CE0FFF7F4FA306842
:10CE400020B10024FFF769FAA4B901E00124F9E751
:10CE500000F087FBF068C468201D00F047F8A86860
:10CE6000401EA8606868401E686000F086FB20468F
:10CE7000FFF7C6FF68680028DFD124E550230020B3
:10CE80001C0000603025002000F108014FF0FF3247
:10CE9000C0E90112C16001610021016070470021F9
:10CEA0000161704742684A6093688B60936859607B
:10CEB000916008610168491C0160704730B50C68D9
:10CEC000621C02D000F1080202E0026904E01A4686
:10CED00053681D68A542FAD953684B6099608A600F
:10CEE000516008610168491C016030BDD0E9013220
:10CEF00001699A60D0E901235A604A68824201D1EF
:10CF000082684A60002202610868401E086070471B
:10CF100070B50D46044600F024FBD4E90F122068DA
:10CF200001FB020060600020A0632068A060014651
:10CF3000E06B401E00FB0210E0604FF0FF3084F811
:10CF4000440084F8450004F110004DB1FFF79CFF48
:10CF500004F12400FFF798FF00F00FFB012070BDE3
:10CF600021690029F8D0FFF75FFC0028F4D0FF49C1
:10CF70004FF080500860BFF34F8FBFF36F8FEBE728
:10CF800070B50D00064612D006FB05F0483000F0E3
:10CF900019FB040009D004F1480120464DB101609D
:10CFA000C0E90F650121FFF7B3FF204670BD0020E7
:10CFB000ECE70060F4E72DE9F041044600F0D1FA17
:10CFC00094F9455004F1240609E0606A48B13046FE
:10CFD000FFF72AFC08B1FFF7ACFC6D1E6DB2002D07
:10CFE000F3DC4FF0FF3684F8456000F0C6FA00F03D
:10CFF000B8FA94F9445004F1100709E0206948B1E7
:10D000003846FFF711FC08B1FFF793FC6D1E6DB2B7
:10D01000002DF3DC84F84460BDE8F04100F0ADBAC7
:10D020002DE9F041856B174604460026026C82B15B
:10D03000C7B1E0682BF046FCE168206C091AE1609A
:10D040002268914202D26168081AE060022F16D06D
:10D0500017E02068A8B96068FFF7C9FC0646002001
:10D0600060600EE0A0682BF02DFC216CA0680844E5
:10D07000A0606168884204D32068A06001E005B127
:10D080006D1E6D1CA5633046BDE8F0812DE9FF4F94
:10D09000002683B09A468B460446B1464FF080572F
:10D0A000DFF8C88200F05DFAA06BE16B884206D31E
:10D0B000BAF1020F03D00598C8B1DEB11EE05246A6
:10D0C00059462046FFF7ACFF616A19B104F124000C
:10D0D000FFF7AAFB28B1C8F80070BFF34F8FBFF36A
:10D0E0006F8F00F04AFA012007B0BDE8F08F00F022
:10D0F00044FA21E06846FFF7F5FB012600F03DFA0F
:10D10000FFF791F900F02DFA94F94400401C01D189
:10D1100084F8449094F94500401C01D184F845906E
:10D1200000F02BFA05A96846FFF7E2FB30B1204674
:10D13000FFF741FFFFF7F1F80020D5E700F011FA03
:10D14000A06BE16B884201D1012500E0002500F0D1
:10D1500014FA95B104F110000599FFF745FB20463C
:10D16000FFF729FFFFF7D9F800289BD1C8F8007016
:10D17000BFF34F8FBFF36F8F94E72046FFF71BFF7E
:10D18000FFF7CBF88EE710B5024600210120FFF72C
:10D19000F7FE041E07D00021416001600B460A46DD
:10D1A000C160FFF773FF204610BD10B50446FFF7BE
:10D1B000D2FB616888420BD1E068401EE06005D177
:10D1C00000231A4619462046FFF760FF012010BDD4
:10D1D000002010BD30B4026C0B46002A0BD0C16891
:10D1E0001144C1604468A14201D30168C16030BCF0
:10D1F00018462BF067BB30BC70472DE9FF4F002667
:10D2000083B09A468B460446B1464FF08057DFF80C
:10D210005C8100F0A6F9A56B35B359462046E66857
:10D22000FFF7D8FFBAF1000F11D0E660606A50B185
:10D2300004F12400FFF7F8FA28B1C8F80070BFF332
:10D240004F8FBFF36F8F00F098F901204CE76D1EF0
:10D25000A563206810B9FFF707FC6060206900280B
:10D26000F1D004F11000E5E7059808B11EB106E021
:10D2700000F083F927E06846FFF734FB012600F051
:10D280007CF9FFF7D0F800F06CF994F94400401CE9
:10D2900001D184F8449094F94500401C01D184F8F0
:10D2A000459000F06AF905A96846FFF721FB0028C0
:10D2B00020460AD0FFF77FFEFFF72FF8204600F048
:10D2C0000FF90028A5D000200EE700F009F9D8B129
:10D2D000206830B900F045F96068FFF74AFB00F0BC
:10D2E0004CF904F124000599FFF77EFA2046FFF778
:10D2F00062FEFFF712F800288BD1C8F80070BFF368
:10D300004F8FBFF36F8F84E72046FFF754FEFFF780
:10D3100004F87EE770B50D460446FFF71CFB616814
:10D32000884204D1E068401CE060012070BD002309
:10D330002A4619462046FFF760FF0028F6D0E1682C
:10D34000491CE16070BD2DE9F04104461746BF203D
:10D35000EFF3118680F31188BFF34F8FBFF36F8F08
:10D36000A06BE26B904208D3022B01E004ED00E0D9
:10D3700003D0002086F3118886E694F945501A46BA
:10D380002046FFF74DFE681C04D06D1C84F8455004
:10D390000120EFE7606A0028FAD004F12400FFF7CB
:10D3A00043FA0028F4D0002FF2D001203860EFE7D4
:10D3B00070B50D46BF21EFF3118481F31188BFF3DF
:10D3C0004F8FBFF36F8F816BC26B8A4217D990F971
:10D3D0004520491C8163511C04D0521C80F8452013
:10D3E00001200DE0416A0029FAD02430FFF71CFA31
:10D3F0000028F5D0002DF3D001202860F0E70020B0
:10D4000084F3118870BD2DE9F04104469046BF2099
:10D41000EFF3118780F31188BFF34F8FBFF36F8F46
:10D42000A66BEEB194F944502046FFF7D3FE761E6A
:10D43000A663681C04D06D1C84F84450012010E0E1
:10D4400020690028FAD004F11000FFF7EDF9002858
:10D45000F4D0B8F1000FF1D00121C8F80010EDE7C9
:10D46000002087F311880FE670B50446BF20EFF364
:10D47000118580F31188BFF34F8FBFF36F8FA06BBF
:10D4800028B12046E668FFF7A5FE0120E66085F397
:10D49000118870BD10B5044600F063F8A46B00F06D
:10D4A0006CF8204610BD10B5044600F05AF8D4E9D7
:10D4B0000E10441A00F061F8204610BD806B7047D2
:10D4C00000F0D9B8806B08B1002070470120704788
:10D4D000816BC06B814201D10120704700207047F1
:10D4E00010B5044600F03DF8A06B20B1002400F018
:10D4F00044F8204610BD0124F9E70000BF2080F366
:10D500001188BFF34F8FBFF36F8FFEE710B5031F76
:10D510004FF080741C601B1F21F001011960191F5E
:10D52000244B0B60143940380A6010BD4FF0E020E6
:10D5300021494161072101617047204810B5016808
:10D5400041F47F010160016841F07F410160FFF714
:10D55000EDFF1B4900200860FAF70CFE002010BD0B
:10D560007047BF2080F31188BFF34F8FBFF36F8FD9
:10D5700013480168491C0160704711490868401E42
:10D58000086001D180F31188704710B5BF2080F387
:10D590001188BFF34F8FBFF36F8FFEF76AFE20B184
:10D5A00006494FF080501C390860002080F3118834
:10D5B00010BD0000FDD400083F19010020ED00E07F
:10D5C000580000602DE9F04104460025FEF72BFFCE
:10D5D000394E06F10801706801F1080368B937484F
:10D5E000002720F00700C1E900074EF6F872C3E9F2
:10D5F0000072C0E90032012070603CB1083460075D
:10D6000004D004F00700C0F108000444601E4EF688
:10D61000F772904227D2284A0968083201E00A4688
:10D6200001464868A04202D208680028F7D1994212
:10D6300019D015680868106048680835001B102864
:10D640000DD90B1958601C484C6008305C6800E02C
:10D65000104602685768A742FAD31A600360486808
:10D660003168081A3060FEF758FE0DB915F02EFF2C
:10D670002846BDE8F08110B5002817D0A0F10804B5
:10D68000FEF7D1FE0C496068083100E011460A68D7
:10D6900053688342FAD3226007480C6061680268CD
:10D6A00011440160BDE81040FEF737BE10BD0248CE
:10D6B00000687047704700005C0000605C15006007
:10D6C000704770B5BA4D044640212846FCF75EFD10
:10D6D0000028F9D0A1B22846FCF7F7FC204670BD1F
:10D6E0002DE9F043814687B0012144F23400FBF775
:10D6F0006AFCAF4D2846FCF7EFFB6815ADF810004B
:10D7000003208DF812001820DFF8A8828DF813008E
:10D7100004A94046FBF751FA2E15ADF8106004201D
:10D720008DF8130004A94046FBF747FAAF15ADF892
:10D73000107010248DF8134004A94046FBF73DFA01
:10D74000ADF810708DF8134004A99B48FBF735FA2B
:10D7500025208DF8140000248DF8154001208DF847
:10D7600016008DF8170005A8FAF789FE934ACDF840
:10D770000090A81492F85210022925D0012926D031
:10D78000ADF80840ADF8044092F8551001292AD0B0
:10D79000022923D0032924D0ADF806400C20ADF88F
:10D7A0000A00ADF80C4069462846FCF7C5FB01228B
:10D7B00040F225512846FCF73CFC01212846FCF7A5
:10D7C0002EFC07B0BDE8F083ADF8086003E04FF42D
:10D7D000C061ADF80810ADF80400D5E74FF4005073
:10D7E00001E04FF44050ADF80600D7E72DE9F043D3
:10D7F0008146012187B08804FBF7EEFB0121482018
:10D80000FBF7E1FB6E4D2846FCF766FB2E15ADF8E5
:10D81000106003278DF812701820DFF8A8818DF8AA
:10D82000130004A94046FBF7C8F9EC14ADF810400A
:10D8300004208DF8130004A94046FBF7BEF9ADF8AB
:10D84000104010208DF8130004A95F48FBF7B5F9CC
:10D8500027208DF8140000248DF815408DF81670DF
:10D8600001208DF8170005A8FAF709FE534ACDF8F4
:10D870000090ADF8044092F85410A814022923D067
:10D88000012924D0ADF80840ADF8044092F85710B3
:10D89000012928D0022921D0032922D0ADF8064041
:10D8A0000C20ADF80A00ADF80C4069462846FCF79C
:10D8B00043FB012240F225512846FCF7BAFB012127
:10D8C0002846FCF7ACFB7CE7ADF8086003E04FF4BA
:10D8D000C061ADF80810ADF80400D7E74FF4005070
:10D8E00001E04FF44050ADF80600D9E72DE9F043D0
:10D8F0008146012187B04804FBF76EFB012104201B
:10D90000FBF761FB314E3046FCF7E6FA0427ADF831
:10D91000007003258DF802501820DFF898808DF8EC
:10D92000030069464046FBF748F90824ADF800407B
:10D930008DF8037069464046FBF73FF91F4890F8A1
:10D940002310012901D0052908D1ADF8004010208D
:10D950008DF8030069461E48FBF72FF926208DF845
:10D96000140000248DF815408DF8165001208DF814
:10D97000170005A8FAF783FDADF80C400C20ADF8B0
:10D980000840ADF80E00CDF80490ADF80A40ADF8AF
:10D99000104001A93046FCF7CFFA012240F2255190
:10D9A0003046FCF746FB01213046FCF738FB08E720
:10D9B000003801400008014000140140A43A002052
:10D9C00000480040000C01400018014000440040A5
:10D9D000001001404FF0E0210A6922F004020A61C0
:10D9E000224AC0084FF47A731070584301235380C1
:10D9F0004861086940F00100086170472DE9F04175
:10DA00004FF0E02700247E691849097800FB01F5F2
:10DA1000FFF7A7FDB969B8698842FCD002D2A1EB33
:10DA2000000102E0A6EB000211440C440146AC42A6
:10DA3000F1D3BDE8F041FFF7A0BD70B50446FEF795
:10DA40008DFF01280CD0094D6888844203D3B4FBB4
:10DA5000F0F0FEF714FD6888B4FBF0F100FB114410
:10DA60004FF47A706043BDE87040C7E7740000600F
:10DA7000F749C1F8A001704738B50A46062814D006
:10DA8000052819D0F34C08B3092829D0F24C0128F5
:10DA90002FD0032839D0F14C02283FD0042842D09F
:10DAA0000A284FD00B286FD08AE0042AFCD201EB61
:10DAB0004110EB49084443E0082AF5D2C1EBC1000C
:10DAC000E84900EB400001EB400039E069461046B0
:10DAD0000EF0B6F808E0C0EBC00101EB40102EE0FC
:10DAE000694610460EF0BAF89DF80000802867D20B
:10DAF000F1E7694610460EF0BFF80AE0C0EBC0013E
:10DB000001EB001004EB40001AE0694610460EF0ED
:10DB1000C1F89DF80000402852D2EFE76946104650
:10DB20000EF0C6F803E0694610460EF0CFF89DF8F7
:10DB30000000402844D2C0EB001000EB400020441D
:10DB4000153038BDD2B1012A1AD0022A1AD0032AC0
:10DB50001BD0042A1BD0052A1BD0062A1BD0072A5B
:10DB60001BD0082A1BD0092A1BD00A2A1BD00B2A3B
:10DB70001BD00C2A1BD00D291BD01DE0BAA038BD2C
:10DB8000BDA038BDBFA038BD15E0C3A0FBE7C6A04F
:10DB9000F9E7CBA0F7E7CEA0F5E7D0A0F3E7D2A056
:10DBA000F1E7D4A0EFE7D6A0EDE7D8A0EBE7DAA045
:10DBB000E9E7DCA0E7E709B1DDA0E4E7DFA0E2E701
:10DBC0000020E0E738B50A46052814D006281CD006
:10DBD000A04C08B3092829D09F4C01282FD0032836
:10DBE00032D09E4C02283ED0042841D00B284DD084
:10DBF0000A284ED086E0082AFCD2C1EBC100994920
:10DC000000EB400001EB4000BDE7042A7AD201EBB3
:10DC1000411093490844B6E7694610460EF010F8E3
:10DC200008E0C0EBC00101EB40102DE06946104652
:10DC30000EF014F89DF80000802863D2F1E76946E1
:10DC400010460EF019F803E0694610460EF022F86F
:10DC50009DF80000402855D2C0EBC00101EB001038
:10DC600004EB40008FE7694610460EF021F803E010
:10DC7000694610460EF02AF89DF80000402841D26F
:10DC8000C0EB001000EB400020447CE7E1B9AEA0FF
:10DC900079E7DAB1012A1BD0022A1BD0032A1BD054
:10DCA000042A1BD0052A1BD0062A1BD0072A1BD00A
:10DCB000082A1BD0092A1BD00A2A1BD00B2A1BD0EA
:10DCC0000C2A1BD00D291BD099A05CE766A05AE74F
:10DCD00069A058E76BA056E76FA054E79EA052E7F3
:10DCE00077A050E77AA04EE77CA04CE77EA04AE7F9
:10DCF00080A048E782A046E784A044E786A042E7E8
:10DD000088A040E700203EE708B50A4640B1012858
:10DD100057D002287ED004287DD003287BD047E14D
:10DD2000694610460DF08CFF9DF80000802873D2E4
:10DD3000C0EBC00101EB40114648014491F82600B8
:10DD4000002827D091F82310002923D0012873D070
:10DD5000022873D00B286DD00C281CD00D281CD0A5
:10DD60000E2868D010281AD011281AD012281AD0DC
:10DD700013281AD004281AD005281AD008281AD037
:10DD800009281AD007281AD017285BD018285BD08A
:10DD900016285BD00AE1062008BD032008BD4920F3
:10DDA00008BD482008BD472008BD462008BD3520D5
:10DDB00008BD362008BD2F2008BD302008BD242016
:10DDC00008BD694610460DF057FF9DF80000402839
:10DDD00022D2C0EBC00101EB00111F4800EB410053
:10DDE00090F8281019B390F82D00032824D00728A4
:10DDF00022D0092820D0042820D008281ED00A28A4
:10DE00001CD00D2817D0132814D00B2812D010289E
:10DE10001CD002E0A8E0C7E0CAE0112816D0122802
:10DE200014D01A280CD01B280CD01C280CD0BDE014
:10DE300002E003E0B2E0B5E03E2008BD402008BDAE
:10DE40001B2008BD1D2008BD602008BDA8E0000003
:10DE500000002142B21D0260365300202CC3046032
:10DE60007C8C02606C84026070616E656C206E75E3
:10DE70006D6265720000000064656164206D61730D
:10DE8000746572006C63642074696D65206F6666EA
:10DE90002064656C6179000064697361626C65205F
:10DEA00069636F6E000000006C63642064697370C6
:10DEB0006C617920636F6E6669677572650000003A
:10DEC00069636F6E20636F6E6669677572650000C7
:10DED00072616E67655F494E3100000072616E6766
:10DEE000655F494E3200000072616E67655F494EA2
:10DEF0003300000072616E67655F494E34000000B8
:10DF000072616E67655F494E3500000072616E6731
:10DF1000655F494E3600000072616E67655F494E6D
:10DF20003700000072616E67655F494E380000007F
:10DF300072657365727665640000000046414E208C
:10DF40004D4F44450000000046414E204D4F444592
:10DF500020545950450000006C636420636F6E6666
:10DF60006967757265000000694610460DF0A0FEF5
:10DF70009DF80000C0EB001000EB4001F74808449A
:10DF800090F9280090B1012808D0022808D005286F
:10DF900006D0042804D0062804D007E0052008BDD8
:10DFA000622008BD022008BD402901D25F2008BDC3
:10DFB000002008BD38B5E94C0A4602280FD00428D5
:10DFC00012D005281ED0062826D0E54C60B30928BB
:10DFD0002FD0E44C01283CD0032851D058E06946AA
:10DFE00010460DF065FE03E0694610460DF06EFE2A
:10DFF0009DF80000C0EB001000EB4000204490F8BA
:10E000002600C0E5082A43D2C1EBC100D64900EB87
:10E01000400001EB400005E0042A39D201EB411039
:10E02000D2490844C07FAEE5694610460DF008FEAF
:10E0300003E0694610460DF011FE9DF800008028AF
:10E0400026D2C0EBC00101EB4010204490F8220022
:10E0500099E5694610460DF00FFE9DF800008028F6
:10E0600018D2C0EBC00101EB001004EB400090F8A7
:10E07000271001290ED090F8230000F00F0082E550
:10E08000694610460DF006FE9DF800008028E8D392
:10E09000002078E5012076E52DE9F84FDFF8D08201
:10E0A000DFF8D0B2DFF8B892AE4DDFF8CCA2AB4FBC
:10E0B00016460C460C2817D2DFE800F006516142E4
:10E0C000D7F3F2161617F1F0694610460DF0B8FDB9
:10E0D0009DF80000C0EBC00101EB401101EB09000D
:10E0E00090F8231001297AD085E1694610460DF099
:10E0F000B5FD9DF80000C0EBC00101EB401101EB44
:10E10000090090F823100029EED190F82610A1F113
:10E110000C020A2A11D90B3A072A0BD801EBC102CB
:10E1200002EB011202EB0801A1F5805191F8C11D2B
:10E13000012902D090F8240048E090F824004BE038
:10E14000694610460DF0A6FD9DF80000C0EBC00129
:10E1500001EB001005EB400090F82810F9B169467A
:10E1600030460DF089FD9DF80000C0EBC00101EBC9
:10E17000001005EB400090F8281001292FD06946C7
:10E1800030460DF095FD7D489BF80010007808445E
:10E190009DF80010884233D80F2C2BD089E090F8DE
:10E1A0002D10A1F10C020A2A14D90B3A072A0BD818
:10E1B00001EBC10202EB011202EB0801A1F5805153
:10E1C00091F8C11D012905D090F82600012849D0F9
:10E1D00011E104E090F8260001287AD042E0D0F85E
:10E1E0001E0026F0CFFF2AF05AFFBDE8F84F644921
:10E1F0002AF083BDC1EB011000EB40003844EEE78C
:10E20000604E06EB811050F82420504682421DD00B
:10E21000C1EB011000EB4000384490F82310B9B175
:10E220000AF093FD9DF80050A8420BD806EB85102C
:10E23000534950F824002AF02EFD2AF075FF524968
:10E2400021F8150006EB851050F82400BDE8F88F82
:10E2500012F0FF4100D0012190F928003DE0C1BB40
:10E2600000E0B1B34FF07E50F0E7694610460DF084
:10E270002DFD42489BF80010007808449DF80010DE
:10E2800088420FD80F2C14D1C1EB011000EB4000D5
:10E290003844D0F81E00A0B3012089E0AAE03FE096
:10E2A00038E02FE0374800EB811050F8240050454B
:10E2B00001D15046CAE7C1EB011101EB4101CA1976
:10E2C00092F823100029C1D110F0FF4F02D0012194
:10E2D00001E090E0002192F92800A0F10C020A2A46
:10E2E000BDD90B3A072ABCD800EBC00202EB0012E2
:10E2F00002EB0800A0F5805090F8C10D0128B0D1C4
:10E30000ADE755E0C2EBC200174900EB400001EB5E
:10E31000400003E0154902EB42100844807FBAE751
:10E320001A480E2A12D2DFE802F0070A1316113536
:10E33000383D474C51565B601548007838E090F8FE
:10E340005A00010602D500F07F0031E000202FE0E6
:10E3500090F850002CE090F85B0029E02CC304609A
:10E36000B21D0260365300206C8402607C8C026017
:10E370001A1902609900006000007F43E22000202B
:10E3800000007A4468B502606E060260A43A00207C
:10E39000AF20002090F867000AE095F82D0095F96D
:10E3A000281003E095F85B0095F9561000EB01206A
:10E3B000BDE8F84F2AF07CBE95F8890095F98410E5
:10E3C000F4E795F8B70095F9B210EFE795F8E50096
:10E3D00095F9E010EAE795F8130195F90E11E5E7D4
:10E3E00095F8410195F93C11E0E795F86F0195F931
:10E3F0006A11DBE70AB1002028E7D9F82F01BDE850
:10E40000F84F4FF47A7190FBF1F02AF048BEF948CA
:10E410007047F94B00EBC00003EBC00000EBC100FC
:10E42000805C704730B5F54C01EBC10104EB011481
:10E4300004EB021404EB4305ADF5197D6D788DF8FE
:10E44000005014F813408DF8014000248DF802406C
:10E450008DF80340E84C04EBC10101EBC20140F22E
:10E460006222C95CCDF8071009218DF806106946B3
:10E470002AF028FA0DF5197D30BD10B50346DE4CA3
:10E4800003EBC303002004EBC303024603EBC1010B
:10E490008B5CFF2B01D0401CC0B2521CD2B2082AA8
:10E4A000F6D310BD2DE9F043D54B012500EBC0009C
:10E4B0001D70D44BD14F00241D741D76CE4BFF260A
:10E4C00003EBC00307EB001003EBC10300EB0110EB
:10E4D0004AB900EB4401497811B910F8141031B170
:10E4E00025EA04011955195DFF2902D00BE01E55DC
:10E4F0001DE000EB4401497811B910F81410B1B1D6
:10E5000025EA04011955641CE4B2082CE0D300226A
:10E51000995CFF2944D000EB420810F8124098F8AB
:10E520000110C1EB011104EB8104511C35E00CB169
:10E530001E55E8E7C17809B9817809B11D70E2E795
:10E540001E70E0E75D5CA946FF2D25D000EB41077A
:10E5500010F811607D78C5EB051506EB8506B44211
:10E560001AD9254634463C26B4FBF6FC88F801C08F
:10E57000B4FBF6FC06FB1C4C00F812C0B5FBF6FC25
:10E5800087F801C0B5FBF6F706FB175500F81150E8
:10E590009D5C03F802905D54491CC9B20829D1D38F
:10E5A000521CD2B2082AB3D3BDE8F08330B500259F
:10E5B0000024012221462846FFF774FF641CE4B2C0
:10E5C000092CF6D36D1CEDB2082DF1D330BD00201F
:10E5D000704770B5C0EBC00303EB001000228A4BFC
:10E5E000114603EB400501246B5C002004FA00F6A1
:10E5F000334201D0521C92B2401C80B20828F5D39D
:10E60000491C89B22E29EFD3D0B270BDC0EBC00136
:10E6100001EB00107C4901EB40002E212AF06BB980
:10E6200070B57A4E421C93B2B279794D920708D0F8
:10E630001C226A700022AC5C9C4204D21B1B9BB261
:10E6400005E01D22F5E7521C8A70CB700C22521C8B
:10E6500092B20C2AEFD3B6F807200723824208D9DA
:10E66000101A90FBF3F203FB12003279101AC01D4E
:10E6700006E0801A90FBF3F203FB1200327910449B
:10E6800080B2B0FBF3F203FB1200401C0871B079BA
:10E6900000F5FA60088070BD2DE9FC438146C1EBAE
:10E6A000C10000EB0110584900269046354601EBA9
:10E6B00040074FF0010C0024785D0CFA04F1084289
:10E6C0000AD0B04506D104EBC500401E80B26946B1
:10E6D000FFF7A6FF761CB6B2641CA4B2082CEBD3DD
:10E6E0006D1CADB22E2DE6D30099C9F800109DF82F
:10E6F000041089F80410BDE8FC832DE9F843404973
:10E700000125404F00261C460D70012817D0DFF868
:10E71000048102286DD0042869D1694610460DF0A5
:10E72000D5FA9DF80000402861D2C0EB001000EB44
:10E73000400101EB08003D7080F8236085E06946E8
:10E7400010460DF099FA9DF8000040284FD232494A
:10E750005F2C16D03E2C1DD0402C1DD0032C25D074
:10E76000052C33D0032C41D0C0EBC00202EB0010CB
:10E7700001EB400010F8231F01F00F0141F04001B0
:10E7800033E0C0EBC00202EB001201EB420282F860
:10E790002D60E9E7032200E00422C0EBC00303EB95
:10E7A000001301EB430383F82D20DDE7C0EBC0032A
:10E7B00003EB001001EB40000D2280F82D2010F833
:10E7C000231F01F00F0141F010010EE0C0EBC00368
:10E7D00003EB001001EB4000132280F82D2010F80D
:10E7E000231F01F00F0141F0300101707D70BDE881
:10E7F000F88319E018E702603C8A0260BC85026079
:10E800008E2100205E190360008D026044230020E9
:10E81000E20802602CC304603653002080F82860B0
:10E82000E5E780F82850E2E7694610460DF040FA27
:10E830009DF800004028DAD2C0EB001000EB400148
:10E8400001EB08003D7080F823505F2CE9D1E5E72B
:10E850002DE9F843F9490125F94EFA4FDFF8E8832D
:10E86000DFF8E8931C460D700A28C0D2DFE800F0FC
:10E87000310528121B47525E5E3E694610460DF078
:10E88000FBF90BE0C0EBC00101EB0010757007EB6A
:10E89000400046E0694610460DF0FCF99DF8000086
:10E8A0004028A4D2EEE7694610460DF00FFA0BE0BF
:10E8B000C0EB001000EB4001357001EB080030E0C8
:10E8C000694610460DF0F4F99DF8000040288ED2FC
:10E8D000EEE7694610460DF0B3F90BE0C0EBC0015E
:10E8E00001EB4011B57001EB09001AE069461046D2
:10E8F0000DF0B4F99DF80000802817D2EEE7082A41
:10E9000014D2C2EBC200D24900EB4000357101EBDA
:10E91000400006E0042A09D2CE4902EB421075718C
:10E920000844216840F8151F616841605FE72DE9E0
:10E93000F84F0E46C1490127DFF81CA3DFF800930A
:10E94000DFF818B3DFF818831C4615460F700B2844
:10E9500032D2DFE800F00689F7B1FFF5F431314338
:10E96000F300C049C88B401CC883694610460DF0AF
:10E9700067F99DF8000080281ED2BB4920462AF086
:10E980008AF92AF0B8FB26F0FDFB01469DF800004D
:10E99000C0EBC00202EB4013AC4A1A44C2F81E108E
:10E9A00058B101280ED0022812D0032804D12046E5
:10E9B0002AF0BAFBAD49086048E420462AF0B4FBCF
:10E9C000AB4903E020462AF0AFFBAA4908703DE4BA
:10E9D00020462AF0A9FB8AF8280037E46946104649
:10E9E0000DF03CF99DF800008028E5D2C0EBC00195
:10E9F000964D01EB4010284490F8230088BB9A49BB
:10EA000020462AF048F92AF076FB26F0BBFB0146A7
:10EA10009DF80000C0EBC00202EB40102844C0F893
:10EA20001E1090F82610A1F10C020A2A13D90B3AF5
:10EA3000072A0BD801EBC10202EB01128E491144E7
:10EA4000A1F5805191F8C11D012904D014F0FF41B6
:10EA500005D0012103E014F0FF4FFAD0002180F827
:10EA6000241089F8027025E4694610460DF004F977
:10EA70009DF800004028F6D2C0EBC001714D01EBBB
:10EA8000001005EB400089F8017090F8280001287B
:10EA9000E9D1754920462AF0FEF82AF02CFB26F031
:10EAA00071FB9DF80010C1EBC10202EB011105EBF7
:10EAB0004101C1F81E009FE4694610460DF0EAF8D6
:10EAC0009DF800004028F6D2C0EBC0015D4D01EB7F
:10EAD000001005EB400089F8017090F8280000282C
:10EAE000D7D1614920462AF0D6F82AF004FB26F057
:10EAF00049FB01469DF80000C0EBC00202EB00108C
:10EB000005EB4000C0F81E1090F82D10A1F10C028A
:10EB10000A2A18D90B3A072A0BD801EBC10202EBDB
:10EB2000011255491144A1F5805191F8C11D0129E7
:10EB300009D014F0FF410AD0012108E077E166E135
:10EB400051E107E0E2E014F0FF4FF5D0002180F83A
:10EB5000261051E4694610460DF0B8F89DF80050B3
:10EB6000402DA8D2BA4689F80070444FBC4202D169
:10EB700008EB851093E0C5EB0510DFF8CC9000EBB7
:10EB80004001494491F92800A0F10C020A2A24D935
:10EB90000B3A072A0BD800EBC00202EB00123648F2
:10EBA0001044A0F5805090F8C10D012815D03448CC
:10EBB00002789BF800001044A84204F0FF4071D98D
:10EBC00000B101202AF074FA08EB851141F8260003
:10EBD000284621F0A4FBD0B91AE0294802789BF816
:10EBE00000001044A84204F0FF401CD968B1002086
:10EBF0002AF05EFA014608EB851040F826102846F8
:10EC000021F08DFB18B1002002E00120F0E7012087
:10EC10009DF80010C1EB011101EB410202EB09016B
:10EC200081F8250051E000282CD04FF0000081F839
:10EC300025002AD14FF0010029E033E08E21002089
:10EC40005E190360365300202CC30460B21D0260BD
:10EC50006C8402607C8C0260A43A0020E2200020D8
:10EC600068B50260A802026000007A44CC2000204F
:10EC7000132100209B0000601A19026000007F43EE
:10EC8000990000604FF00100D1E74FF000002AF03A
:10EC90000FFA014608EB85100F2EC16315D040F81E
:10ECA000267012E000B1012081F825000F2E03D05C
:10ECB00008EB851040F8267014F0FF4000D00120CA
:10ECC0002AF0F6F908EB8511C8639DF80000FD4CA9
:10ECD000C0EB001101EB41012144002281F8232007
:10ECE00002F044FB01F0B9FFF74801789BF80000FF
:10ECF00001449DF8000081423FF6DDAEC0EB0010FC
:10ED000000EB4000204480F822A055E669461046FA
:10ED10000CF0CEFF9DF800004028F6D2C0EB0011A9
:10ED2000E84D01EB410189F800702944DFF8989320
:10ED300081F823709BF8002099F80010BA4611441E
:10ED400081421BD908EB801141F826401FF0BBFD22
:10ED5000DE4929F0A0FF2AF0CEF926F013FA9DF83B
:10ED60000070C7EB071101EB41012944C1F81E00F7
:10ED70002AF095F90146384601F073FF99F8001022
:10ED80009BF8000001449DF80000814228D8C0EBA8
:10ED9000001101EB4101294408EB801081F822A009
:10EDA000C4630F2E02D0CA4940F82610C749204636
:10EDB00029F071FF2AF09FF9044626F0E3F99DF847
:10EDC0000010C1EB011101EB41012944C1F81E0003
:10EDD000204626F0D7F9BF499DF8002021F81200FF
:10EDE00001F03BFFE8E589F80470B849184629F0BE
:10EDF00052FF2AF080F926F0C5F90146C5EBC5009F
:10EE0000B54A00EB400002EB40008177D4E589F879
:10EE10000570AE49184629F03EFF2AF06CF926F03D
:10EE2000B1F9AE4A05EB451111448877C4E5012DCF
:10EE30001BD0022D23D0032D2DD0052D33D0A81F9C
:10EE40000728CFD818462AF06FF9C5EBC50101EBAA
:10EE50000513A349021201EB430101F8EC2D48719F
:10EE6000A04889F801700770A6E518462AF05CF9F9
:10EE7000C1B28AF85A10C72018F06BF8B0E71846EC
:10EE80002AF052F98AF8500081B2D62018F061F8C1
:10EE9000002095499AE518462AF046F98AF85B0061
:10EEA00081B2E02006E018462AF03EF98AF86700B1
:10EEB00081B2EA2018F04DF87EE5F8B514460F4609
:10EEC00088490122894B7F4E0A7065B2042815D00B
:10EED000022819D0864D092825D000280DD19A7016
:10EEE000694638460CF0ACFE9DF80000C0EBC0014E
:10EEF00001EB4010284480F82240F8BD1A706946A2
:10EF000038460CF0E3FE04E01A70694638460CF00F
:10EF1000CFFE9DF80000C0EB001000EB4000304435
:10EF200080F82250F8BD9A70694638460CF096FE7B
:10EF3000DAE72DE9F8436B4901246C4D684E614FC7
:10EF4000DFF8AC8199460C700A285FD2DFE800F048
:10EF5000320522121B48535E5E37694610460CF09C
:10EF60008BFE0BE0C0EBC00101EB00106C7006EBF8
:10EF7000400033E0694610460CF08CFE9DF800001E
:10EF8000802843D2EEE7694610460CF09FFE05E06C
:10EF9000494639E0694610460CF08AFE9DF80000AB
:10EFA000402833D2C0EB001000EB40002C703844F6
:10EFB0001322EDE7694610460CF042FE03E0694675
:10EFC00010460CF04BFE9DF8000080281ED2C0EBCE
:10EFD000C00101EB4011AC7001EB08001522D7E72E
:10EFE000082A13D2C2EBC2003B4900EB40002C714F
:10EFF00001EB400006E0042A08D2384902EB421037
:10F000006C7108441522194629F05CFC08E4354B64
:10F01000012201461A70354B36481A76142229F01F
:10F0200051BC70B5354D00EBC000334E05EBC0054B
:10F03000002206EB00101346FF2405EBC10500EB90
:10F04000011000EB42014B7000F81230AC54521C1E
:10F05000D2B2082AF5D370BDF0B5224FDDE90556CE
:10F0600001243C70214F00EBC0003C74224C04EBA7
:10F07000001404EB011404EB42077B701F4B04F8EF
:10F08000125003EBC00000EBC1008654F0BDF0B598
:10F09000144A01268CB21670144A5674184A927992
:10F0A00002F5FA639C424AD1164C92072CD01C22DE
:10F0B000C1F3074500236D1E62700B2D2DD8002271
:10F0C00029E000002CC304609900006000007A442D
:10F0D00000007F436E0602606C8402607C8C0260DC
:10F0E000365300208E210020B72000205E190360D7
:10F0F000B21D026018E70260BC8502603C8A0260B3
:10F1000044230020E20802601D22D1E7A75C521CC4
:10F110003B449BB2D2B29542F8DCC0EBC00202EB9A
:10F120000012FA4803EB116189B200EB420000EBD8
:10F13000D10001F0070102788E4032430270F0BD29
:10F14000F34810B5008840F2E5340146FF2842D06C
:10F150000CDC022828D004DC00283CD0012912D184
:10F1600013E0032829D094290DD134E0A1F5407093
:10F17000E53819D00A2808D0D1281ED000F2E63090
:10F18000B0F5803F27D0084610BDE1481422E1A128
:10F19000801C29F097FBDE481422E2A1163029F0EA
:10F1A00091FB40F2EF3010BDD9481422DFA1801C42
:10F1B00029F088FB1422E0A107E0D5481422E1A140
:10F1C000801C29F07FFB1422E3A1D148163029F0DE
:10F1D00079FB204610BDCE481422E2A1801C29F004
:10F1E00071FBCB481422E3A1163029F06BFB94206D
:10F1F00010BDC748801C7047C5481630704701468F
:10F20000C34810B51422801C29F05CFBBDE81040F7
:10F210000AF0D7BA0146BE4810B51422163029F0BC
:10F2200051FBBDE810400AF0CCBA00280BD0FF28F3
:10F2300009D0A0F57F41FF3905D0012803D002286D
:10F2400001D0B34908807047CE4948727047CD4815
:10F25000407A002800D001207047CB4902680A603C
:10F2600002790A71C74AC378D370837853710379DE
:10F27000137100783C38C0B2907100F5FA600880D4
:10F28000C249012008707047C14902680A60BD493F
:10F2900002788A7042784A7080780870BB490120F1
:10F2A00008707047BB48B0F900007047704770475E
:10F2B00070B50C46B84B014601201870B74BB94EDB
:10F2C00004295876B648007810D002295ED104444B
:10F2D000104646F8242029F027FFB34921F81400EE
:10F2E000E0B20021BDE8704001F0EDBC84424DD297
:10F2F000C4EB041000EB4001AC4846F824200D1884
:10F3000095F8230078BB95F92800A0F10C010A2993
:10F310001BD90B3907290BD800EBC00101EB0010FA
:10F32000A3490844A0F5805090F8C10D01280CD0E5
:10F3300012F0FF4000D0012029F0BAFE46F8240068
:10F34000204620F0ECFF88B911E012F0FF4F0BD0FF
:10F35000002029F0ADFE46F82400204620F0DFFF13
:10F3600020B1002003E00EE00120F2E7012085F843
:10F37000250010F0FF0F02D04FF47A7100E0002159
:10F38000204609F0FEFB00212046ABE770BD844A11
:10F39000844B0428127803D0881853F82000704753
:10F3A0009142FCD253F821007047F0B5824C002204
:10F3B000804B1146104604F5007504F1400604F533
:10F3C0001077C0EBC00C0CEB001C03EB4C0C9CF852
:10F3D00028C0BCF1010F0CD070543954491CC9B27B
:10F3E000401CC0B24028ECD37448027074480170CD
:10F3F000F0BDA0542A54521CD2B2F1E7F0B500225D
:10F400006D4D6A4C80351146104605F5007605F1C4
:10F41000400705F5107CC0EB001303EB43032344C6
:10F4200093F82330012B0DD078540CF80010491CB0
:10F43000C9B2401CC0B24028EDD362480270624895
:10F440000170F0BDA8543254521CD2B2F1E7F0B5AD
:10F450005E4D00225E4C1146104605F5007605F122
:10F46000800705F5207CC0EBC00303EB4013234469
:10F4700093F82330012B01D02BB109E0A85432546A
:10F48000521CD2B204E078540CF80010491CC9B2E6
:10F49000401CC0B28028E6D34E4802704E4801702E
:10F4A000F0BD70B502460020424B404C484D062A44
:10F4B00017D2DFE802F003A5B81793CB0022C2EB06
:10F4C000C20404EB021403EB440494F82840012C1A
:10F4D00003D18A4219D0401CC0B2521CD2B2402A79
:10F4E000EDD3C4E00022C2EBC20404EB021403EB30
:10F4F000440494F828401CB98A4206D0401CC0B28B
:10F50000521CD2B2402AEED3B1E0B2E0008D0260CC
:10F510002A2000204E4554495820436F6E74726F64
:10F520006C7300004E434342000000004A65744380
:10F530006F6E74726F6C73004A65742050726F64E2
:10F54000756374004E6577726F6E20536F6C7574BF
:10F55000696F6E73000000004E6577726F4E6F64C6
:10F560006500000054656D636F436F6E74726F6C5D
:10F570007300000054656D636F2050726F64756393
:10F5800074000000442300209400006096210020B5
:10F59000DE200020422100208E2100205E19036021
:10F5A0009900006068C502606E0602602CC30460AA
:10F5B0001A1902603653002058250020740200609A
:10F5C00029230020EE2200202A2300205826002094
:10F5D000B21D026075020060760200600022C2EB7C
:10F5E000021303EB4303234493F823301BB98A42ED
:10F5F0003FD0401CC0B2521CD2B2402AEFD336E0FA
:10F600000022C2EB021303EB4303234493F823309D
:10F61000012B03D18A422CD0401CC0B2521CD2B262
:10F62000402AEED323E00022C2EBC20303EB4213D5
:10F630002B4493F82330012B03D18A4219D0401C6C
:10F64000C0B2521CD2B2802AEED310E00022C2EB2C
:10F65000C20303EB42132B4493F823301BB98A42B5
:10F6600007D0401CC0B2521CD2B2802AEFD34FF058
:10F67000FF3070BD70B50022FD4DFE4CFE4B0628DC
:10F6800074D2DFE800F0033C4F172A620020C0EB81
:10F69000C00303EB001305EB430393F82830012B61
:10F6A00003D18A4264D0521CD2B2401CC0B240285E
:10F6B000EDD35BE00020C0EBC00303EB001305EBD0
:10F6C000430393F828301BB98A4251D0521CD2B25E
:10F6D000401CC0B24028EED348E00020C0EB00132D
:10F6E00003EB4303234493F823301BB98A423FD0F2
:10F6F000521CD2B2401CC0B24028EFD336E00020EA
:10F70000C0EB001303EB4303234493F82330012B96
:10F7100003D18A422CD0521CD2B2401CC0B2402825
:10F72000EED323E00020C0EBC00404EB40141C44E3
:10F7300094F82340012C03D18A4219D0521CD2B232
:10F74000401CC0B28028EED310E00020C0EBC00403
:10F7500004EB40141C4494F823401CB98A4207D09F
:10F76000521CD2B2401CC0B28028EFD34FF0FF3001
:10F7700070BDC249085C40280DD2C0EBC00101EB4E
:10F780000010BB4901EB400090F82D00401E0A28F4
:10F7900001D9012070470020704710B50022402891
:10F7A00018D2B34BC0EBC00404EB001003EB4000D5
:10F7B000002910F8011C07D04B1E0A2B0AD80B3168
:10F7C00000F8011C012010BDA1F10C030A2B01D887
:10F7D0000B39F5E7104610BDA8498031085C402878
:10F7E0000CD2C0EB0010A34900EB4000084490F994
:10F7F0002800401E0A2801D90120704700207047C8
:10F800000022402817D29B4BC0EB001000EB4000B9
:10F810001844002910F9051C07D04B1E0A2B0AD8E2
:10F820000B3100F8051C01207047A1F10C030A2BD5
:10F8300001D80B39F5E7104670479149085C8028DC
:10F840000CD2C0EBC00101EB40108B49084490F88A
:10F850002600401E0A2801D9012070470020704769
:10F8600010B50022802817D2834BC0EBC00404EBF4
:10F8700040101844002910F8011C07D04B1E0A2B19
:10F880000AD80B3100F8011C012010BDA1F10C03B6
:10F890000A2B01D80B39F5E7104610BD2DE9F041D0
:10F8A000C0EBC00101EB0010764900252C4601EBAE
:10F8B000C006C4EBC40000EB04103718781C29F014
:10F8C00037F838B1781C29F033F8142802D86D1CA9
:10F8D000EDB200E00824641CE4B2082CE9D36648C9
:10F8E000C0F82A532846BDE8F08170B50C46C0EB3D
:10F8F000C00101EB0011634800EBC100C4EBC4017F
:10F9000001EB04114518681C29F012F830B1681C8D
:10F9100029F00EF8142801D8681C70BD5A4904EB70
:10F92000C400084470BD002809D101EBC10056494C
:10F9300008441168016051684160117A0172704792
:10F940004F498031085CC0EBC00101EB001248490F
:10F9500001EB42014D4AD1F81E1052F82030994275
:10F9600003D042F82010012070470020704744491E
:10F97000C031085CC0EBC00101EB00123C4901EB57
:10F980004201424A91F9261052F82030994203D0A0
:10F9900042F8201001207047002070473C4A10B503
:10F9A00001460020515CC1EBC10202EB4113324A17
:10F9B0001A44384BD2F81E2053F82140A24202D0FC
:10F9C00043F82120012010BD304A10B50146803A8D
:10F9D0000020515CC1EBC10202EB4113264A1A44DC
:10F9E0002C4B92F8242053F82140A24202D043F835
:10F9F0002120012010BD26498039085CC0EB001190
:10FA000001EB41021B491144234AD1F81E1052F860
:10FA10002030994203D042F8201001207047002086
:10FA200070471B494039085CC0EB001101EB4102F3
:10FA300010491144184A91F9251052F82030994282
:10FA400003D042F82010012070470020704710B505
:10FA5000044681B2A32017F07CFAC4F30721A42046
:10FA600017F077FAC4F30741A52017F072FA15E0F2
:10FA7000365300202CC30460B21D0260982500207C
:10FA8000D82600200C3D0260089A03605829002007
:10FA900058280020582A0020582C0020210EBDE8AC
:10FAA0001040A62017F055BA70B59E4C02259E4E08
:10FAB00094F82800092806D184F8285086F82650A2
:10FAC00000200EF0C8FE94F82A00092808D184F816
:10FAD0002A5086F82850BDE8704002200EF0BBBEC8
:10FAE00070BD9248007801280BD191483C210088D4
:10FAF000B0FBF1F000F07F008030C1B2E920FAF7EE
:10FB0000CEBD704710B5002017F083FA85491D203F
:10FB1000283117F00FFA8348834990F8280081F8BC
:10FB2000260010BD814A10B51078002804D0804905
:10FB3000088810B1401E088010BD00201070088099
:10FB40000146E92017F005FABDE81040DAE7014662
:10FB50009D2017F0FEB910B5042801D075A010BD86
:10FB60001421764828F0C7FE6F48744990F8FF20AA
:10FB700090F8FE00012A03D0022A06D070A010BD22
:10FB800071A2128821F8022B06E070A2128821F8D7
:10FB9000022B522201F8012B0A2218F0BFFA674803
:10FBA00010BD2DE9F047042802D00020BDE8F08701
:10FBB0005D4F0D78DFF898815A48DFF89891B7F8D3
:10FBC000014197F803314FF0010C492D02D0562D19
:10FBD0001CD019E04D784E2D16D187F8FFC08D78D6
:10FBE0002E46303D092D01D8C9781EE00AB187F8AC
:10FBF000FE204D49D1F8FD1040F85C1F84808371D0
:10FC000089F819C009F0DDFD0120CFE74D78412DBD
:10FC1000FAD18D78522DF7D1022587F8FF50CD7893
:10FC20002E46303D092DE1D80979A1F13002092A8B
:10FC300006D806EB860208EB42021144CAB2D5E7A9
:10FC4000EAB2D3E730B5ADF25C6D00240546CDF8DD
:10FC50003446CDF83846CDF83C464FF41871684626
:10FC6000CDF8404628F047FE4FF4F07198A828F0F0
:10FC700042FE4FF48270ADF83406ADF858460120CC
:10FC8000CDF8360607208DF840048DF841445E21FA
:10FC90008DF842148DF844440A218DF845142E49FC
:10FCA0008DF843448DF8464408702C486A460DF59B
:10FCB00088610480062021F0D5F8694698A820F0D4
:10FCC00097FD98A9CDF83A16CDF83E06244800785D
:10FCD00018B1601E0DF25C6D30BD22490220244C2B
:10FCE0000870214903200DF2446208702B2045431F
:10FCF0001E482844417A217000680DF5CB611FF041
:10FD000024FB1C4D58B12078401EFE2807D200224B
:10FD10000DF234610DF2446024F00CF8287028785C
:10FD2000D8E70000A43A00206E0D02609721002061
:10FD30008C0100606572726F720000004425002023
:10FD40006E756C6C00000000494E00005641520078
:10FD5000F0FDFFFF5E1903609C200020A220002020
:10FD6000A1200020A0200020450500603C04036085
:10FD70002305006085010060704700207047002067
:10FD80007047002070479E49886070479C48806893
:10FD900070479B488068401C00D0012070479849FC
:10FDA0000C310860704796480C30006870479449E1
:10FDB00010310860704770479148103000687047F4
:10FDC0008F49488070478E48408870472DE9F0473A
:10FDD000ADF5207D04460020A89DADF878024FF4D3
:10FDE0001E791E4692464946684628F084FDDFF893
:10FDF0001482834998F8000048B9012D07D188681A
:10FE0000002804DA00200DF5207DBDE8F087812070
:10FE10008DF800002089A0F57F42FF3A09D008B193
:10FE2000A07A30B1207820B106280BD04FF0FF30F7
:10FE3000E9E77348103000689F904888ADF8780271
:10FE40000B2007E02CB154F8010F9F90A088ADF86B
:10FE500078020A208DF80100301D81B26F46B81C6F
:10FE600021F06EFF841C38193246514628F02AFDD5
:10FE70003444012D09D198F8000030B1224669467A
:10FE8000614828F01FFD614804804946684628F013
:10FE900032FD2046B7E708B5134601200A46002187
:10FEA00000900846FFF792FF08BD2DE9F04385B0AA
:10FEB0000026814653481746ADF800600196029629
:10FEC0000396049600784E4A0D46344620B9012B1D
:10FED00002D19168002906DB91885561012B06D17A
:10FEE00028B9002903DC002005B0BDE8F08329789B
:10FEF000812901D00028F7D095F801806946A81C17
:10FF000021F023FFBDF800000296001FADF8066047
:10FF1000ADF80000B8F10A0F03D0B8F10B0F29D1EA
:10FF200013E001A9484622F032F8BDF80000B842BB
:10FF300005D31DE0281900792855641CA4B2BDF82A
:10FF40000000001D8442F5D314E001A9484622F0C8
:10FF50001EF8BDF80000B84205D309E02819007961
:10FF60002855641CA4B2BDF800008442F6D301E019
:10FF7000ADF80060BDF80000B6E72548B0F84200D3
:10FF8000704770B500281ED01D4B06240470D96838
:10FF9000C0F801105988A0F805101D490025B1F8D6
:10FFA00042200281B1F84220A2F57F46FF3E0BD0ED
:10FFB00052B11A78012A09D0847251F8132F40F8EF
:10FFC0000B2F8988818070BD857270BD8572F4E7C2
:10FFD0000021002812D006220270094A1369C0F8D5
:10FFE00001305288A0F805204FF6FF7202810022EE
:10FFF00082724318491CDA720729FADB7047000045
:020000040801F1
:1000000054200020E2210020642C0460EC21002018
:10001000A43A00202DE9F05FDDE90C850B9E1F4618
:1000200091468A468346002D56DB05EB0510FA49BA
:1000300000EB400001EB40046621204628F05BFC09
:10004000022084F863000120E07184F8655084F890
:10005000589008F0E1F925F095F8C4F80E003A2020
:10006000EE49A07484F857A00888A4F85500401CF5
:100070000880E772584600F06CFB07460246594676
:1000800004F1130028F01EFC0022E019C274A774CA
:100090000A9810B1FF2084F859006EB104F159019B
:1000A000002005E018F80030401C01F8013B00B2C8
:1000B000B04201DA0528F5DBD94984F863200878D5
:1000C000401CC0B20870102801D910200870D54813
:1000D0000188491C018001E04FF0FF356D1C28B2FA
:1000E000BDE8F09F2DE9F047CB4CDDF820901F468E
:1000F000904606460025E079012804D0A07A00B396
:100100000020A0720AE094F85810414512D14FB176
:10011000B4F85500B6F9001088420BD16D1C28B216
:10012000BDE8F087207A28B93146204600F019FB57
:100130000028F3D16D1C2DB26634102DDBDB0020BE
:10014000EEE7A9F80050FAE72DE9F04F85B08346B5
:10015000DDE90F5404A898464FF0FF370E9E00903B
:1001600091468A46ADF8107000235846FFF7BAFF53
:10017000002803DD384605B0BDE8F08FBDF910005A
:1001800000280EDBCDE90240CDE9006543464A4632
:1001900051465846FFF73EFFA348017841F0010160
:1001A0000170BDF81000401C00B2E4E72DE9F04FEB
:1001B00000259E4AB7B02C462E46A84628464FF04A
:1001C0000109C0EBC00101EB001102EB410191F903
:1001D0002310CB0707D008F1010809FA00F108F055
:1001E000FF080C4306E0890704D5761C09FA00F1E4
:1001F000F6B20D43401CC0B22028E2D3C82104A8A7
:1002000028F079FB2C274FF0200B4FF0690AB8F14A
:10021000000F78D08DF814B063218DF815108DF88B
:1002200016A072238DF8173063234F208DF81830F5
:100230008DF81000752370208DF819308DF811009D
:100240008DF81AA0742165208DF81B108DF812000E
:100250006E228DF81CB06F218DF81D1058468DF858
:100260001E208DF81F0049208DF820004E208DF8AB
:10027000210012208DF813204FF00A08002109FAFE
:1002800001F222421DD0092906D24A1CB2FBF8F322
:1002900008FB132304AA0DE04B1CB3FBF8FC04AAD3
:1002A0000CF1300C02F800C0B3FBF8FC401C08FB5A
:1002B0001C33C0B230331354401CC0B21754401C1E
:1002C000C0B2491CC9B22029D9D33A2800D93A2052
:1002D00004AA002111545748574B554A90F9000081
:1002E00093F90030CDE90030CDE9022153480B46A7
:1002F000FF21027804A8FFF727FF10F0FF0F02D0BC
:100300004F4981F80090C82104A828F0F4FA002E83
:100310007DD053208DF8100068204FF06F0C8DF8C1
:10032000110074268DF812C072208DF81300584603
:1003300072228DF814608DF818208DF820008DF849
:1003400015B06321632249208DF816108DF819200D
:100350008DF81C608DF8210075228DF81DB04E209F
:100360008DF81EC06E218DF822000A238DF81A2008
:100370008DF81F1013208DF817A08DF81BA00021F9
:10038000C84608FA01F22A4220D0092901F10102E7
:100390000AD2B2FBF3F403FB142404AA303414543D
:1003A000401CC0B217540FE0B2FBF3F604AC303679
:1003B0002654B2FBF3F6401C03FB1622C0B23032C7
:1003C0002254401CC0B22754401CC0B2491CC9B2C0
:1003D0002029D6D33A2800D93A2004AA0021115462
:1003E000144A154B124892F9002093F90030CDE9D8
:1003F0000032CDE9020111480B46FF21027804A822
:10040000FFF7A2FE10F0FF0F04D00D4900E001E05D
:1004100081F8008037B0AFE6DA100260BE2000201D
:10042000AC200020C6200020E3200020365300200E
:10043000F6200020F5200020B00000609B00006046
:10044000F4200020F0B5B7B00E4604461F4615460E
:10045000C82104A828F04FFA3CB33B463246CBA152
:1004600004A8009529F052FD04A828F061FA0021A3
:100470003A2801D98DF84A10CE4ACF4BCC4892F990
:10048000002093F90030CDE90032CDE90201CB48DC
:100490000023FF21027804A8FFF756FE002802DDA2
:1004A000C7490120087037B0F0BD3B463246C5A1B0
:1004B00004A829F02BFDD7E710B5B6B00446C82133
:1004C00004A828F018FA012C2ED0022C2ED0032CD0
:1004D0002ED0042C2ED0052C2ED0072C22D1C5A135
:1004E00004A829F013FD04A828F022FA00213A28D4
:1004F00001D98DF84A10AF4AAF4BAD4892F90020B0
:1005000093F90030CDE90032CDE90201AB48002378
:10051000FF21027804A8FFF717FE002802DDA84992
:100520000120087036B010BDB8A1D9E7C0A1D7E747
:10053000C5A1D5E7CAA1D3E7D04903200870D049A7
:1005400081F8C200CFA1CBE730B593B00D46044689
:100550003C2104A828F0CFF934B1012C07D0022C9B
:1005600008D0032C09D00DE02A46CBA107E02A468B
:10057000D0A104E02A46D6A101E02A46DCA104A8C5
:1005800029F0C4FC04A828F0D3F900213A2801D9A5
:100590008DF84A10874A884B854892F9002093F9D4
:1005A0000030CDE90032CDE9020184480023FF216B
:1005B000027804A8FFF7C8FD002802DD8049012069
:1005C000087013B030BD2DE9F041D34C16460F46EC
:1005D00080460025E07958B394F85800B04227D1FE
:1005E00094F85700B84223D1207A08BB41462046F0
:1005F00000F0B7F8E0B1012004F8080F002084F8FB
:10060000560084F8570084F8580084F8590084F89C
:100610005A00617829B9C14A11784B1E137000D273
:100620001070BF48017841F002010170BDE8F0810F
:100630006D1C2DB26634102DCCDBF7E770472DE929
:10064000F04F5E4A83460024B348DFF8D09292F818
:10065000008025464FF0010A2646C279EAB390F899
:100660006320D2BB022380F863305A4600230AE09D
:10067000D7792FB190F8657092F865C0674504D0BE
:100680005B1C1BB266328B42F2DB8B424BDA937AF5
:100690003BB3027A4AB9427A3AB999F80020531E1C
:1006A00089F8003001D289F80060C67180F8636073
:1006B0000672467280F80AA080F8646090F85820AC
:1006C000424509D180F85E6080F85F6080F8606024
:1006D00080F8616080F8626000E026E044F0020487
:1006E00023E0527AFAB1427AEAB9027A3AB999F831
:1006F0000020531E89F8003001D289F8006080F88C
:1007000009A080F8646090F85820424509D180F82B
:100710005E6080F85F6080F8606080F8616080F8FB
:10072000626044F0010480F863606D1C2DB2663095
:10073000102D92DB002C0AD07949A20791F9000014
:1007400040F00100087002D540F00200087013E587
:10075000704710B528F0ECF880B23A2800D93A205A
:1007600010BD70B504460D460846FFF7F2FF02467D
:1007700094F91200904205D1294604F1130028F0A3
:10078000E8F808B1002070BD012070BD4944203A4E
:10079000257520534E3A20256C75206861732063BF
:1007A0006F6E6C69667420534E3A20256C7500009C
:1007B000F6200020F5200020B00000609B000060C3
:1007C000F42000204944203A257520534E3A202534
:1007D0006C752068617320636F6E6C696674207736
:1007E00069746820543320636F6E74726F6C6C652B
:1007F0007200000043414E204E4F5420434F4E4E56
:1008000045435420534E5450000000004C6F737405
:1008100020636F6D6D756E696361746F6E207769AB
:10082000746820746F7020626F6172640000000051
:100830005245414420414F20466565646261636BC7
:10084000204641494C000000557064617465207475
:10085000696D6520736572766572206661696C00EA
:100860004C6F736520636F6D6D756E69636174693C
:100870006F6E20776974682070696300B822002069
:100880006E0D02605344204341524420495320419D
:10089000424E4F524D414C00505247202564206536
:1008A00072726F72203A2064656164206379636CB0
:1008B00065310000505247202564206572726F72C6
:1008C000203A2064656164206379636C65320000BE
:1008D000505247202564206572726F72203A20744E
:1008E000616B6573206C6F6E672074696D650000C5
:1008F000505247202564206572726F72203A206939
:100900006E6465786573206E65737420746F6F20F4
:100910006465657000000000DA100260AC20002001
:10092000E32000202DE9F05FC0EBC003FB490A2261
:1009300001EB8304FA4900EB0010A2754518E07C36
:10094000012827D0E11C204603F04CFF04F10E01E2
:10095000C81E03F047FFE07D4FF6FF7101EA00205B
:10096000217E0026084487B2B246D4F8030024F062
:1009700009FCDFF8B083C8F80C00D4F80E0024F0AE
:1009800001FCC8F81000D8F80CC0ACEB0002287CC1
:1009900020B108E000202874BDE8F09F2A60C5F867
:1009A0000CC001202874DFF880B3002137B1642027
:1009B000504390FBF7F1594500DD5946207D00B9C1
:1009C00049422868A37D10445B0858436B6818446B
:1009D000002B04DBB0F5000F06DBD44804E010F573
:1009E000000F01DCD14840426860637E8BB194F80F
:1009F0001480B8F1000F02D003FB00F601E003FB06
:100A00001066607D08B13C2001E04FF4616096FB08
:100A1000F0F6E07EB0F100091ED0EFB1E8684FF0CB
:100A20006408ACEB000000FB08F090FBF7F05845C1
:100A300001DD584604E0BC4F7F42B84200DA384638
:100A4000277D002F4F4600D17F424743A07DC0EB5A
:100A50000010800097FBF0FA64279AFBF7F0084437
:100A6000A17E08445946884201DD584602E000282C
:100A700000DA00203BB13044884201DD084602E044
:100A8000002800DA00202A60C5F80CC024F07AFBA8
:100A9000C4F8070080E72DE9F84FA54C0026DFF8E1
:100AA0009492DFF894A2B04699F804004F46401E95
:100AB00045B2002D00DA0625E07FE8BB94F8280057
:100AC00078B1694604F1270003F08CFE00980028F5
:100AD00001D04FF0010084F8210004D04FF0080548
:100AE00001E084F8218094F8250078B1694604F18A
:100AF000240003F077FE0098002801D04FF0010099
:100B000084F8200004D04FF0070501E084F820802D
:100B10008A4806EBC60200EB021000EB0511BB7819
:100B20007F780AEBC2024FF0070002EBC50201F129
:100B30000E01155CFF2D00E011E006D04D78AB42B0
:100B40000BD802D10D78AF4207D2401E891E40B2A9
:100B50000028EEDA115CFF2908D0105CA077761C23
:100B600076B22A34082E9FDBBDE8F88F84F81E8009
:100B7000F5E7F0B56F4A00217148B2F80730714EC1
:100B80005B1E43F3C70203F00703012505FA03F4D4
:100B900063B20F46C47F5CB9C1EBC10404EB01141E
:100BA00006EB4404A45C1C4201D0857700E0877703
:100BB000491C49B221300429ECDBF0BD10B50020FE
:100BC000614B0146C0EBC00202EB001203EB420294
:100BD000401CC0B282F829101028F3D35B4890F86B
:100BE000090102281ED05A4C0020C0EBC00101EBC5
:100BF000810114F81120002A14D0012A0ED104EB2F
:100C000041014979102909D2C1EBC10202EB01115E
:100C100003EB410111F8292F521C0A70401CC0B28D
:100C2000F028E2D310BD3F4A10B5D188642911D312
:100C30000023D3801179B1FBF0F400FB1410491CA0
:100C40001171002808D1137102F0FBFCBDE81040BF
:100C500002F05CBE491CD18010BD32490020886082
:100C6000704770B50A460446C0EB0410394900EBE2
:100C700040000844384D90F92800092821D2DFE8C7
:100C800000F02005070C07070C070E00334900E0B1
:100C90003349104628F031F80BE03249F9E70321D7
:100CA000104628F068F8294628F027F82E4927F042
:100CB0009AFF28F039FA81B22046BDE8704007F06B
:100CC00060BF2946E5E72DE9F0470A460546274873
:100CD0002749284B0078097844182749AC4201EB92
:100CE000851602D8F361BDE8F087C5EB051101EB6D
:100CF00041041849214F0C44DFF8848094F82210F5
:100D0000DFF854904FF47A7A39B1064B002199609C
:100D100094F82330B3B3B2B399E035E032310260D6
:100D2000582D00206C200020A0860100FFFF7F00CE
:100D30006C840260442300203C8A0260BC8502600F
:100D40007C8C0260008D0260EC3F02606E0D0260E0
:100D5000CC4202602CC3046000007A4400002041B1
:100D60000000C8420000A041000048439900006014
:100D7000E220002000007F4368B502601A1902607B
:100D80006E06026039E058E0F36194F8230098BBE6
:100D900028461FF0C4FA4FF47A7148433FE0A0F1AF
:100DA000170107290AD800EBC00101EB00103844F5
:100DB000A0F5805090F8C10D012804D028461FF0FE
:100DC000AEFAB8BB04E028461FF0A9FA90B30020A1
:100DD00084F8250010F0FF0F01D0514600E00021FB
:100DE0002846BDE8F04707F0CCBED4F81E0024F03A
:100DF000C9F928F8150076E729E032B994F82520DA
:100E0000012A01D14FF07E51F1618542C0D32846BD
:100E10001DF059FD494627F03EFF28F06CF924F0FB
:100E2000B1F9C4F81E0094F92800A0F10C010A29B8
:100E3000C9D9B4E7FFE70120CAE7D4F81E0024F0BF
:100E4000A1F928F02CF9494627F057FFF06107F087
:100E50007CFFA842C9D928461DF035FD494627F038
:100E60001AFF28F048F924F08DF9C4F81E0024F088
:100E700089F928F014F901462846BDE8F047F0E664
:100E800008B5FBF7A3FCDFF804840126009088F87E
:100E900045600024FE4FFF487C703C70BC70FC70C5
:100EA00090F80901022801D0FFF788FE0025E8B27A
:100EB0000021FFF708FF6D1CADB2BA46BC60402DA3
:100EC000F5D3F549C62016F035F8F34D2878401CC7
:100ED000C1B22970C62016F03CF82878052810D930
:100EE000EE49002000EB800202EB40120A44401C55
:100EF00080B282F820401028F4D30021C62016F0DA
:100F000028F8E74901200870E64905200870FDF738
:100F10004DFBE54D4FF01B0B4FF4FA716846FBF7A4
:100F200087FAE24E96F823000B2813D00E2814D02F
:100F300085F8F94124F002FB022014F09FFA002802
:100F400096F8230012D00B280AD00E280BD085F873
:100F5000F9B111E085F8B142ECE785F86943E9E7BA
:100F600085F8B1B208E085F869B305E00B280BD02D
:100F70000E280CD085F8F9410220FFF754FE96F8B0
:100F80002300082806D008E085F8B142F4E785F888
:100F90006943F1E70220FFF746FEC54909200870C2
:100FA000BA48418A491C418207F0FFFFC1480068E6
:100FB0003C2807D9B848017821B104700021C62027
:100FC00015F0C7FF04F00EFB012812D1002606EB36
:100FD000860000EB4611B1480F18F88B18B197F84E
:100FE000200001280CD087F82240761CB6B2102EC3
:100FF000EDD324F015FDB048002290F800804CE0BD
:10100000DFF8B89206EB4600AD49C0EBC61001EB25
:10101000001199F8008030B201F00BFF99F8000040
:10102000A0EB0800401C87F82200DEE7A54802EB91
:10103000420100EB8101A44B887803EBD00300F060
:1010400007061B780120B040034201D0002600E0D3
:1010500001260020CF79DFF874C20AE0CB78034480
:10106000C3EB031303EB43036344401C83F8276083
:1010700080B28742F2D800200F7A0AE00B7903444D
:10108000C3EB031303EB43036344401C83F8276063
:1010900080B28742F2D8521C92B24245C6D39AF827
:1010A00000005746401CC0B28AF80000142815D32F
:1010B000DFF81C820026C6EBC60108EB81008078B1
:1010C00010B130B2FFF72EFC761CB6B2102EF2D360
:1010D0003C70002007F0B0FE07F0F1FEB87805285C
:1010E00002D2401CB87004E0BC70FFF7D4FCFFF7DC
:1010F00040FD7848017801B104707748774A01686B
:101100001160774904604FF080500860BFF34F8F43
:10111000BFF36F8F00E72DE9F0470646C0EB0610DE
:1011200000EB40016948724F0C186F4894F9241085
:1011300000EB8615DFF858816A4BDFF8B0A13878EC
:101140004FF07E5C4FF47A79002249B102296BD0CE
:10115000012973D16748A8613046BDE8F047B2E580
:10116000C8F8082094F82310D1B1AA6184F825208A
:10117000864264D230461FF0D2F84FF47A71484369
:1011800024F000F8C4F81E0030461FF0C8F800EB49
:101190004001C1EBC0104FF6FF7101EAC0013EE013
:1011A00094F92810A1F10C08B8F10A0F11D9A1F196
:1011B0001708B8F1070F0AD801EBC10808EB0111B5
:1011C0001944A1F5805191F8C11D012901D0AA61EE
:1011D00056E0C5F818C091E01FF0A1F803E01DF03B
:1011E00072FB00F0FF4008B1002003E0012001E0A5
:1011F0000028FBD184F825003878864230467BD21F
:101200001FF08DF84FF47A71484323F0BBFFC4F808
:101210001E0094F8250008B1494600E00021304640
:10122000BDE8F04707F0ADBCC8F8082094F82310DB
:1012300069B194F92800092872D201E095E074E0C0
:10124000DFE800F08A6F718871718871710094F91C
:101250002810A1F10C08B8F10A0F4ED9A1F1170816
:10126000B8F1070F0AD801EBC10808EB01111944C6
:10127000A1F5805191F8C11D01293ED0C5F818C0D3
:10128000864230463FD21FF04AF8B1E7909503609E
:101290006C2000206E0D02608A210020621B02601B
:1012A0009E2000209F20002036530020A43A0020DA
:1012B000952100205C210020FB2000201820002028
:1012C0009A7C01605C780360B89303602CC304606F
:1012D000323102607C0000608020002088000060C5
:1012E00004ED00E01A19026068B5026000007A445B
:1012F0009900006000007F430AE0AA618642304600
:10130000BFF46DAF68E71DF0DEFA00F0FF406FE755
:101310001DF0D9FA514627F0BEFC27F0ECFE74E729
:101320001AE06A4800E06A48A86130461DF0CBFA2E
:10133000514627F0B0FC27F0DEFE23F023FFC4F86F
:101340001E0023F01FFF27F0AAFE01463046BDE82D
:10135000F04786E45F48E7E7D4F81E0023F012FF69
:1013600090FBF9F027F09BFEDEE7BCE470B5044685
:1013700059485A49007809780144A14205D8594989
:10138000574801EB8411C86160E0C4EB041101EB24
:1013900041025549554E551895F82310D1B1844254
:1013A00034D220461EF0BBFF4FF47A71484323F03D
:1013B000E9FEC5F81E0020461EF0B1FF00EB40011B
:1013C000C1EBC0104FF6FF7101EAC001204607F0E3
:1013D000D8FB3BE08442204605D21EF0A0FF4FF42C
:1013E0007A71484306E01DF06EFA314627F053FC4F
:1013F00027F081FE23F0C6FEC5F81E0095F82500F3
:1014000010B14FF47A71E1E70021DFE707F09DFCAE
:10141000A04214D920461DF056FA314627F03BFC75
:1014200027F069FE23F0AEFEC5F81E0023F0AAFEE9
:1014300027F035FE01462046FFF713FC06E0D5F8FD
:101440001E0023F09FFE2A4921F81400BDE87040D9
:1014500008F00BBD30B5274B224D214C002005EB89
:1014600080114A6AA24205D01A5C12B1521E1A5467
:1014700000E04C62401CC0B24028F0D330BD70B5D3
:101480001D4890F85A1000291ED01C4AC1EB0111CA
:101490009068431C9360B0EB810F15D90020104D6C
:1014A000104E04469060002106EB841040F8215055
:1014B000491CC9B21029F9D300212046FFF703FCCB
:1014C000641CE4B2402CEED370BD0000000020414B
:1014D0000000C8420000A04199000060E220002006
:1014E00000007F4368B502602CC3046000007A44AA
:1014F0006E060260682E0020A43A00206C200020B6
:1015000010B50146F7A0F6F76EFEF749002230B994
:10151000C888401C80B2C880B0F5FA6F02D9CA8072
:10152000012010BD002010BD30B5C5B2C0F30724A6
:10153000C0F30743000E012A0AD0022A0DD0032A65
:1015400010D0042A03D1C8708B704C700D7030BD60
:1015500008704B708C70CD7030BD8870CB700C7083
:101560004D7030BD48700B70CC708D7030BD70B553
:10157000CEB2C1F30725C1F307440023090E042AA4
:1015800006D0032A0DD0022A14D0012A1BD022E053
:1015900066F3070365F30F2364F3174361F31F63D7
:1015A00019E064F3070361F30F2366F3174365F350
:1015B0001F6310E065F3070366F30F2361F317431E
:1015C00064F31F6307E061F3070364F30F2365F31C
:1015D000174366F31F634FF6FF7101EA0321C3F35C
:1015E00007221143C3F3074242EA01211A0E42EADD
:1015F0000121016070BD008840BA7047827801887F
:10160000C07862F31F4141EA00607047B749B84AA9
:101610000868904201D800207047001F08600068E9
:10162000704770B5B34A0546106810F8024B106059
:10163000084600F0B5FE4FF47A7190FBF1F0102CE3
:1016400011D200280FDB04EB4401AB4A01EBC401CB
:101650001144B1F80910814205DDA84951F8241060
:1016600051F82000286070BD0278B0F90130832A5B
:101670000AD0842A08D0852A08D0862A03D1C856E1
:101680004FF47A7148437047C8587047C85EF7E70F
:101690002DE9F0419A4D974C00272F6022680646AD
:1016A0001378A3F18200042808D8D21C226006B166
:1016B00037602068BDE8F041C01ED5E78D4800685E
:1016C000401C9C2B06D09E2B12D09D2B2FD000208F
:1016D000BDE8F081927820600C2A05D0884903F09B
:1016E00081F82068801C0EE08548FFF79AFF0BE028
:1016F00092780C2A0AD000231A468149206003F010
:101700007CFE2068401D20602868E1E70646401DF9
:101710002060084600F044FE4FF47A7190FBF1F02F
:1017200000231A467649304603F067FEECE7521D67
:10173000226006B13760206850F8040CC8E76B4A95
:101740006B4B11685033994201D201C1116070474F
:101750002DE9F14F67486B4C6B4D0068DFF8A0A195
:10176000DFF8A8B100789EB082384FF47A761C2852
:1017700079D800201E99FFF78BFF9CE2396811F899
:10178000010B396057286FD044DC3B286DD021DC39
:1017900031286BD014DC062869D008DC022867D019
:1017A00003286FD004286ED0052808D1FDE3072850
:1017B0006AD0082856D0292855D02C28FCD02FE1F3
:1017C00032380928FBD2DFE800F0F9F8F7F6F5F433
:1017D000F3F2F1003C381B28F1D2DFE810F0C80228
:1017E000DE02A4024400D304D3048C0521012101AC
:1017F00068023903EC0221012101210168024A0536
:101800004B02570221014400A70536054705210177
:1018100021012B047A287BD016DCA0F15800222865
:10182000CDD2DFE800F0FEFDFDFDFDFDFDFDFCFB82
:10183000FDFDFD7DFAA8CC76FD3D4EF9F8FDFDF7E6
:10184000F6F5F4F3F2FDFDF1C7287DD01DDCC228CA
:10185000A5D00EDC7B2878D0A42877D0A528FCD092
:10186000C128ACD15BE15DE2F8E3F8E3F8E3F8E32B
:10187000F8E3C32895D0C42895D0C52896D0C628AB
:101880009DD1EEE3EFE3EFE3EFE3C8380B2896D208
:10189000DFE800F0F2F1F0EFEEC6EDECC6EBEA00A7
:1018A000FFF7B4FE2060FFF7B1FE2860206823F048
:1018B00069FC2060286823F065FC286021680844E2
:1018C000E4E2FFF7A3FE2060FFF7A0FE2860206897
:1018D00023F058FC2060286823F054FC286021681D
:1018E000401AD3E201FFFE007C000060E4200020EB
:1018F000482F00209C00006068C6026098160360B4
:10190000EC200020A8000060F020002044230020EC
:1019100007E1FFF77BFE206023F034FC2060A7E1A5
:10192000FFF774FE2860FFF771FE206023F02AFCA9
:101930002060286823F026FC286090FBF6F003B2B4
:101940002068012B024602E0FBE376E0E8E1B7DD28
:1019500000215B1E0CE090FBF6F706FB17075743D0
:1019600097FBF6F790FBF6F000FB0270491C09B2FA
:101970009942F0DB8AE2FFF749FE2860FFF746FE56
:10198000206023F0FFFB2060286823F0FBFB01466A
:101990002860206890FBF6F206FB12024A4392FB95
:1019A000F6F290FBF6F000FB01206FE2CAE3A3E140
:1019B0001DE3FBE2ACE1FDE3FDE34BE250E1FFF7A9
:1019C00025FE2860FFF722FE206023F0DBFB20606D
:1019D000286823F0D7FB2860071E7AD0384627F006
:1019E0005EFB8046206890FBF7F1814607FB110003
:1019F00027F055FB414627F080F9FB4927F04BF9CA
:101A0000804699FBF7F00DE0A0E0B7E062E073E0FC
:101A10004AE014E102E1BDE0DEE02EE0EDE0CAE0E4
:101A2000F4E367E34FF47A71484327F038FB41460B
:101A300027F0D9F827F05FFB28E2FFF7E7FD2860E1
:101A4000FFF7E4FD206023F09DFB2060286823F071
:101A500099FB2860E8B3216891FBF0F023F092FB3A
:101A60004FF47A71484326E136E125E15EE20EE269
:101A7000F4E3F4E3F4E3F4E3F4E3FFF7C7FD2860F1
:101A8000FFF7C4FD206023F07DFB2060286823F071
:101A900079FB2860E8B1216891FBF0F200FB12109D
:101AA00090FBF6F0206048E3FFF7B0FD2860FFF7F9
:101AB000ADFD206023F066FB2060286823F062FB08
:101AC00090FBF6F02860216891FBF6F14840216018
:101AD00033E324E0FFF79AFD2060FFF797FD2860CD
:101AE000206823F04FFB2060286823F04BFB286020
:101AF0002168014313D1BFE3FFF788FD2060FFF7A2
:101B000085FD2860206823F03DFB2060286823F0D5
:101B100039FB286021680029EDD00028EBD0304641
:101B2000AFE3FFF773FD2060FFF770FD28602068CA
:101B300023F028FB90FBF6F02060286823F022FBBE
:101B400090FBF6F028602168014313E0FFF75EFD8B
:101B50002060FFF75BFD2860206823F013FB90FBFB
:101B6000F6F02060286823F00DFB90FBF6F028606B
:101B7000216801404FF47A70484382E3FFF746FD45
:101B8000206023F0FFFA206010B10020206078E38D
:101B90000120FBE7FFF73AFD2860FFF737FD2060E3
:101BA00023F0F0FA2060286823F0ECFA286021681E
:101BB00081427CDC60E3FFF729FD2860FFF726FD0A
:101BC000206023F0DFFA2060286823F0DBFA286029
:101BD000216881426BDA4FE3FFF718FD2860FFF7B9
:101BE00015FD206023F0CEFA2060286823F0CAFAA1
:101BF0002860216881425ADB3EE3FFF707FD286039
:101C0000FFF704FD206023F0BDFA2060286823F070
:101C1000B9FA28602168814249DD2DE3FFF7F6FC1F
:101C20002860FFF7F3FC206023F0ACFA20602868FE
:101C300023F0A8FA28602168814238D01CE3FFF71E
:101C4000E5FC2860FFF7E2FC206023F09BFA2060AF
:101C5000286823F097FA28602168814227D10BE396
:101C6000FFF7D4FC206023F08DFA2060002884DA8E
:101C7000404206E3FFF7CAFC206027F01EFA00226C
:101C80005A4B27F09DF929F0BBFA0AE0FFF7BEFC9A
:101C9000206027F012FA0022544B27F091F929F026
:101CA00045F927F0A0FA504926F0F5FF00E0E7E2F9
:101CB00027F021FA206046E3FFF7A8FC206027F018
:101CC000FCF94B4A4B4B27F009F900224A4B27F00D
:101CD00077F92AF065F9E4E7FFF798FC206027F030
:101CE000ECF9434A434B27F0F9F80022424B27F026
:101CF00067F929F0CDF8D4E7FFF788FC206027F0DA
:101D0000DCF90022394B27F05BF92AF099F9C8E792
:101D1000FFF77CFC90FBF6F04FF47A714843C9E77B
:101D2000FFF774FC20E33548027872B90968C0688F
:101D3000A1EB000CBCF1000F03DDFFF767FC0020F6
:101D40000FE02F496044884205D1FFF75FFC23F084
:101D500019FA8446F3E7FFF759FC23F013FA844697
:101D60000120FFF7ECFC386840F804CBFBE2B1F946
:101D7000000023F008FA2349096808442249086052
:101D800010F8011C19B1006823F0FCF900E00020F4
:101D9000FFF7D5FC3868801CE5E2B1F9000023F0BC
:101DA000F2F91849096808441749086010F8011C3D
:101DB0000029ECD1E7E7FFF729FC90FBF6F0134987
:101DC00000B2097888420DD0C117114A00EB517159
:101DD00002EBE10221F00701431A12780121994038
:101DE0000A4217D00120AEE200007A4400408F4042
:101DF0006E861BF0F921094000F905417C00006066
:101E0000EB32A4F8A0000060AC0000609B00006012
:101E1000B8930360DFF8FC830027FD4B98F800209F
:101E200010E04FF02B0C07FB0C3191F804C08445F7
:101E300002D0497A814203D10120FFF780FC03E000
:101E40007F1C3FB29742ECDB98F80000874277D1C5
:101E5000002078E211F8018B396000210F46D1464D
:101E6000CAF800100CE0FFF7D1FB206023F08AF9DC
:101E70002060D9F800207F1C10443FB2C9F8000050
:101E80004745F0DBD9F8001091FBF8F0F9E10B7849
:101E9000481C3860D81E172852D24FF0000C0EAFE5
:101EA0000EE0FFF7B3FB90FBF6F0A3EB0C0107EBA2
:101EB000410120600CF1010C21F8020C0FFA8CFC9E
:101EC0009C45EEDBD44803220DF1040C00788DF81C
:101ED0006E00BDF838008DF86F00BDF83A008DF83F
:101EE0006C00010A02EB41118DF86D10802101EBAD
:101EF000D0209B1E8DF8700003F0FF0800210BE03E
:101F000007EB410082880CEB41004FEA12290CF8E4
:101F10001190491C427009B29942F1DB012003463D
:101F200000904FEA480261461BA83AE00B78481C33
:101F30003860D81E1728AFD24FF0000C01AF0FE069
:101F400003E2FFF763FB90FBF6F0A3EB0C0107EB5A
:101F5000410120600CF1010C21F8020C0FFA8CFCFD
:101F60009C45EEDBAC4818229B1E00788DF83A00A9
:101F7000BDF804008DF83B00BDF806008DF8380070
:101F8000010A02EB41118DF83910802101EBD020BC
:101F90008DF83C0018060121C20D0B460091391D39
:101FA0000EA802F0E5FF3046CDE176E111F8018B95
:101FB0003960FFF72BFB23F0E5F80027A8F10108B3
:101FC000D146CAF800000FE0FFF720FB206023F0A5
:101FD000D9F8924920600860D9F80020904201DDCC
:101FE000C9F800007F1C3FB24745EDDB1FE011F848
:101FF000018B3960FFF70AFB23F0C4F80027A8F132
:102000000108D146CAF800000FE0FFF7FFFA206090
:1020100023F0B8F8814920600860D9F80020904288
:1020200001DAC9F800007F1C3FB24745EDDBD9F863
:10203000000026E1FFF7EAFA23F0A4F890FBF6F09F
:1020400007B2FFF7E3FA23F09DF890FBF6F001B238
:102050004FF47A60874209DD07460AE01EE034E16A
:1020600074E11DE110E112E114E105E1002F00DA55
:1020700000274A1E38460F2A5FD8C1EBC1026849C3
:1020800001EB820111F8092C9ABBC21700EB126216
:1020900001F8040C120A01F8052C4EE0FFF7B6FA1D
:1020A00023F070F80A2190FBF1F05746CAF80000BF
:1020B000FFF7ACFA23F066F890FBF6F0396800B24F
:1020C000002901DA002102E0C82901DDC8213960B8
:1020D000421E0F2A09D8C0EBC002514800EB820013
:1020E00010F8092C0AB900F8011C01EB810040002E
:1020F000C7E022E0FFF78AFA23F044F890FBF6F0FD
:1021000007B2FFF783FA23F03DF890FBF6F001B237
:10211000FF2F01DDFF2702E0002F00DA00274A1E13
:1021200038460F2A09D8C1EBC1023D4901EB8201B3
:1021300011F8092C0AB901F8030C4FF47A714843DD
:102140009FE0B0E0FFF762FA90FBF6F02060FFF747
:102150005DFA90FBF6F028602168012901DA01217F
:1021600002E0052901DD0521216021781331CAB281
:1021700001B2104623F026F92A4926F08CFD26F0FC
:10218000BAFFE0E0FFF742FA206022F0FBFF206098
:10219000FFF73CFA286022F0F5FF0246286020682D
:1021A00090FBF6F0401E01B29BF80400401E00D5E3
:1021B000062001E04CE056E03B6813F8013C402B60
:1021C00041D0012303EB410109B2B242FFF640AE18
:1021D0000929BFF43DAE00287FF73AAE92FBF6F333
:1021E000114F03EBC30392FBF6F207EB031303EB70
:1021F000001303EB41034FF4616C13F88F3C02EBC7
:10220000C20203FB0CF307EB02120FE0BBE000007D
:102210003C040360B6200020AF200020A400006032
:102220003231026000401C46BC85026002EB0010A7
:1022300000EB410010F8900CC0EB001003EB8000A5
:10224000CAF8000079E74900BEE79BF8030001E007
:102250009BF804004FF47A71484349E032E02EE0E5
:102260002AE026E022E0BBF80700F3E79BF8050030
:10227000F0E7F948417809B1002002E001214170FE
:10228000012022F07FFF5EE04FF4FA60F9E740F6AC
:10229000B830F6E74FF47A60F3E741F28830F0E7C0
:1022A00041F27070EDE741F65830EAE74FF4FA502A
:1022B000E7E742F22830E4E742F21070E1E742F645
:1022C000F820DEE742F6E060DBE79BF80210E34A25
:1022D00040F2537351439BF801209BF800005A438E
:1022E00001EB421100EB4002C2EBC01001EBC00059
:1022F000CAF80000C5E7DA4A002000EB001101EB44
:10230000410102EB4101CB79012B01D1497A21B185
:10231000401CC0B21028F0D39AE5012022F032FF11
:10232000FFF70DFA1FB00120BDE8F08FFFF76EF93F
:1023300090FBF6F0FFF76AF990FBF6F0FFF766F90D
:1023400090FBF6F0C748FFF7FAF90DE008788238FD
:102350000A2806D8B1F901004FF47A714843FFF713
:10236000EEF93868C01C3860BF4F386890F900003B
:10237000FFF7C6F800283FF401AA3946086802783A
:10238000FF2A04D005E0491E3960FFF7F2B9401C6E
:102390000860FFF73BF91FB0BDE8F04F22F0F2BE36
:1023A00010B5AD4CA178082906D3E07800280AD0F2
:1023B0000121AE4826F04BFF491CA170FFF7C8F978
:1023C000A178491EA17010BD10B5B0F90130B3F568
:1023D000FA7F0DD8007883280BD0842809D04FF4D9
:1023E0007A74852807D0862802D191FBF4F0D05466
:1023F00010BDD15010BD91FBF4F0D05210BD9C4ADD
:102400009C4B1168994202D20B1D13600860704703
:102410009749984A0868503A904201D8002070477E
:10242000001F086000687047F0B5B0F90170059DA5
:10243000EE1936F904CCBCF1000F03D0002A07DDF9
:10244000944505DB002B03DD36F902CC9C4501DA0F
:102450000120F0BD0078882806D0892804D08A2879
:1024600004D08B2805D103E0042402E0022400E01C
:10247000012436F8026C521E02FB0632521E02FB89
:10248000047212B2882808D0892806D04FF47A73D3
:102490008A2804D08B2809D105E0A95006E091FBD9
:1024A000F3F0A85202E091FBF3F0A8540020F0BD35
:1024B0002DE9F04F824670486B4D8FB000270770B2
:1024C000894601F5FA6B29606A49694A50393E46E6
:1024D0001160B9F8000000B222F055FE84B2002865
:1024E0007ED029680844401D2860008800B222F090
:1024F0004AFE29681FFA80F88A1C0144891C04924C
:102500002960088800B222F03EFE2968891C0A185A
:1025100029600092594A116004EB080101440AEB5A
:102520008A0202EB4A10564A4B4C10444FF4FA68A8
:10253000C183278119E00498FFF70AF95149524BEA
:10254000086029680A46491C1960002810780A4664
:10255000296021D0E0B1207800B10F600868E268FE
:10256000104408602868001D28602968009881428E
:1025700004D22089411C21814045DCD336480189A1
:102580000AF101000B9041450DD3C1B20020EBE3ED
:10259000012002F8010C03E00028DCD002F8017CE5
:1025A00018680760DEE7C5F80090B9F800004C46EF
:1025B00000B222F0E8FD0A902968A41C891C0A18C0
:1025C00029605078927800EB022CC44543D801EB87
:1025D0000221084420492860B8460F812B4800E0BA
:1025E0003DE100680C900AF101000FFA80FAA7E3C0
:1025F00026480C990068401AB0F5FA7FE6D8ADF885
:102600000080286847461EB10078012821D004E0E8
:10261000017801297BD1C01C2860296811F8010BC1
:102620002960262861D033DCA0F108001E28DED204
:10263000DFE800F05B5BFDFCFDFBFAFDF9F8F7F667
:10264000F5F4FDF3FDFD4DFD5B5BF2FDFDF1FDFDE0
:10265000FD5B002678E389E37C00006080EE3600B5
:10266000DA10026018FCFFFF9C000060A82E00201A
:10267000E4200020982F0020F4200020A00000601B
:10268000621B0260E8200020AC00006018200020DF
:102690005928ACD014DC2D2827D008DCA0F1280064
:1026A0000528A4D2DFE800F0C321BCF121002E28C8
:1026B0001BD040287DD041287CD0432897D1EFE122
:1026C0008A2804D008DCA0F1830004288FD8286869
:1026D00010F8011B084432E3B4286CD0B5286BD045
:1026E000B6286AD0B728E9D18DE32968002711F808
:1026F000010C09280CD008280AD0012201920A787E
:10270000A2F182030A2B05D8012789460CE023E1B8
:102710000022F3E79C2A02D09E2A07D00FE0B1F8EE
:1027200001209C27ADF83420C91C07E051F8012F87
:1027300008920A799E278DF82420491D29601C28BB
:1027400003D02D2801D0252802D14FF47A710591AC
:102750001D2803D02E2801D0262801D1CDF81480C1
:10276000092808D0292810D02C2827D0082840D0A4
:10277000012F5DD04AE00498FEF7EAFF0590012F93
:1027800044D101464846049A55E001200790049838
:10279000FEF7DEFF06900498FEF7DAFF014605908B
:1027A00006984FF47A7290FBF2F304980090079A1F
:1027B0001BE059E09CE0EAE2FDE20FE30498FEF73B
:1027C000C7FF07900498FEF7C3FF06900498FEF732
:1027D000BFFF0146059006984FF47A7290FBF2F322
:1027E000079890FBF2F2049800904846FFF71CFE11
:1027F0000CE00498FEF7ACFF4FF47A7190FBF1F017
:1028000040B201900498FEF7A3FF05909C2F15D0CD
:102810009E2F0CD119E022E166E21FE021E047E0A3
:1028200064E028E20DE255E2F7E1BCE1A0E11EE23E
:10283000DDE904214846FFF7C7FD81E2002305A931
:102840000DA8019A02F000F97AE20023CDF8008089
:1028500005A908A8019A02F08BFB71E201200FB0D4
:1028600062E5FFF7D5FD6AE20498FEF771FF07B253
:10287000012F03DB28684078B84207DA286801781E
:1028800001297DD0401C2860F9E71EE02868017806
:10289000142905D1417800EB4100801CFFF7AFFD02
:1028A000286800EB4700008800B222F06CFCB2E11F
:1028B0002F6837F8020B00B222F065FC2044801E1E
:1028C00028603846FFF79BFD3AE2F94F387850B15F
:1028D0002868008800B222F056FC2044801E286040
:1028E00087F800802CE22868801C28E22868DAE754
:1028F0001E226D21286826F022F85FEA000901D027
:102900006D2708E01E226E21286826F018F85FEA7D
:10291000000921D06E27FF2089F80000E548C0F8A3
:10292000109007710498FEF713FF07900498FEF7C4
:102930000FFF06900498FEF70BFF0590286810F82B
:10294000011B00910144491C2860594505D9D9490A
:1029500089F80070C1F81080B8E0009900F095FA8D
:1029600029680098084410F8011B286099B36D2F5E
:1029700020D1DDE905210A4407998A4204DA00E002
:10298000CFE100F8018C15E0CC4A012100F8011CD0
:1029900092F90030CA4AC848514692F90020CDF851
:1029A0000C800092CDE90130C64800230278C64869
:1029B000FDF7CAFB6E2F4CD1DDE90510411A0798CF
:1029C000814203DD296801F8018C42E02968012079
:1029D00001F8010C2AE0FFE76D2F1BD1DDE906129B
:1029E0008A4217DA012100F8011CB148B34A01708C
:1029F00092F90030B24AB049B24892F90020CDF8BD
:102A00000C800092CDE90131027800235146AE4896
:102A1000FDF79AFB6E2F1CD1DDE90601814218DD1E
:102A20002968012001F8010CA1490870A34AA249B4
:102A3000A44892F90030A24A92F90020CDF80C8007
:102A40000092CDE901310278002351469E48FDF7FE
:102A50007BFB984889F80070C0F8108070E1286806
:102A60000178FF2905D0954F934A87F800802868A0
:102A70000DE0934940220A7010E097F900100529F3
:102A800003DA03785354491C3970401C28605845B8
:102A900002D201780029F0D1584517D2401C4EE1EE
:102AA000834981F800800498FEF752FE8749086048
:102AB00028680068059022F065FB05902868077972
:102AC000401DC1190A1D28605A4502D94FF0FF3038
:102AD000C5E67E4A12687AB3394600F0D6F928680E
:102AE0007449384428600A780AB1059A026000687F
:102AF000002807DDC968401A22F044FB2968002835
:102B0000086018DC6D4A6C48514692F900306C4AF6
:102B100092F90020CDF80C800092CDE9013069488F
:102B2000002302786848FDF70FFB10F0FF0F02D07A
:102B30005F480121017079E1FFE7096800290DDC98
:102B4000394600F0A2F95F48514602785E48FDF729
:102B50003AFD5F48017841F001010170286838446E
:102B60002860059822F00EFB0590296808605DE159
:102B700028688146C01C28600498FEF7E9FD0746D6
:102B80000498FEF7E5FD06900498FEF7E1FD06982F
:102B9000B84205DB39464846049AFFF715FCA2E621
:102BA0002868008830E028680088ADF8000000B28E
:102BB00022F0E9FAADF80000204400F10209401DBE
:102BC00028600498FEF7C4FD0498FEF7C1FD069046
:102BD0000498FEF7BDFD296800910746C5F80090EE
:102BE00000200499FEF754FDC11905914846049A46
:102BF000FFF7EAFB00992960DDE90502904202DC5B
:102C0000891C29609CE00888ADF8000000B222F021
:102C1000BAFAADF80000204464E001260498FEF7FB
:102C200097FD2A4900280860B9D12868B0F900004A
:102C300022F0A9FA2044801E286014E0FE2870D1FA
:102C400014E00498FEF784FD2049002808602868F5
:102C50000ED010F8011B286011BB012100F8011CE7
:102C60001CE00126286000780128E7D1002667E0F3
:102C700000F8017B09E00498FEF76AFD134908603B
:102C800028B12868012100F8011B286008E02868A5
:102C900010F8011B286019B100F8017C801CE0E7E6
:102CA000B0F9000022F06FFA2044801ED9E700003E
:102CB000F42000207C000060F6200020F520002099
:102CC000B00000609B00006000190360E820002055
:102CD000E32000202868401C2860B0F9000022F0A2
:102CE00052FA2044801E2AE02868011F00910178D2
:102CF000A12917D00498FEF72BFD07462868006825
:102D0000059022F03FFA6949C96808440590B84225
:102D10002ED92868C0F800800A982044A0F80180C5
:102D200084E011E0401C2860006822F02BFA4FF488
:102D30007A7100FB01F72868001D2860DFE7286032
:102D400028680078FE2807D058490889421C0A8163
:102D5000B0F5FA6FFFF44CAC54480089B0F5FA6F47
:102D600004D30B98C1B20120FDF7EEFB002076E5FD
:102D700022F008FA0590296808600098001B00B24C
:102D800022F001FA0A992144A1F8010066E50498AD
:102D9000FEF7DEFC4FF47A71B0FBF1F0444A0328F1
:102DA00092F8671001F0FC0182F867103ED80143E9
:102DB00082F867103AE00498FEF7CAFC4FF47A7183
:102DC000B0FBF1F03A4A032892F8671001F0F301E2
:102DD00082F867102AD841EA800011E00498FEF7D3
:102DE000B7FC4FF47A71B0FBF1F0314A032892F846
:102DF000671001F0CF0182F8671017D841EA001080
:102E000082F8670012E00498FEF7A2FC4FF47A7192
:102E1000B0FBF1F0264A032892F8671001F03F0159
:102E200082F8671002D841EA8010E9E72868001D9F
:102E300085E72DE9F0411D4C00250646A5700F469B
:102E40001C48256126F0F6F970B1E570216911B1D1
:102E5000207908702561761CF1B20320FDF774FB20
:102E60004FF0FF30BDE8F0810120E0703946304678
:102E7000FFF71EFBE570F5E7006800F52A01AB31AE
:102E800001D0002070470120704710B55D245D29F6
:102E900000DA0C46002C00DA00240146A2B20648F3
:102EA00025F010FD04490020085510BD7C0000608D
:102EB000A43A0020A82E0020001903602DE9F0415B
:102EC0000C46074691F85F104FF46160414394F857
:102ED0005E00C0EB001001EB800094F85D100E184E
:102EE00094F8620000EB8002732007FB00F1F648C3
:102EF00000EBC10504F10901284625F0E3FC14F8B4
:102F00005D0F85F84800607885F84900A07885F85D
:102F10004A0085F84670607985F8470006B90126B1
:102F200005F07AFAB0FBF6F0401C704345F85A0FF2
:102F30000020A880BDE8F08170B50C46064691F8E7
:102F4000611094F86200E04B091A01EB810200EB7A
:102F5000800001197320704303EBC00505F5E6708E
:102F6000093125F0AFFC85F8126214F8610F617821
:102F7000401A85F813020020A5F82A0270BD2DE939
:102F8000FC5F8946054691F85F104FF4616041434C
:102F900099F85E0005EBC502C0EB001001EB800064
:102FA00099F85D1002EB05120844D9F864104FF04F
:102FB00000080144C448C9F86410A0F5165101EB9B
:102FC00042177321694300EBC1045BE008EB880002
:102FD0002618B4F85E0018B905F01EFAC4F85A00B5
:102FE00014F8461FB246208B07EB001001703178B1
:102FF000417171788171B178C171F1780172317963
:10300000417205F009FA064605F006FAC0F30720FA
:10301000009005F001FAC0F3074B05F0FDF9010E31
:10302000009801EB0B21000400EB06600144208BAB
:10303000002307EB00100122C0F8011040F60D211B
:10304000C18101A95046463C02F0D7F9012817D1A9
:10305000019822F097F8C0F30723B4F85E10C0F38C
:1030600007424FEA106C1B0407EB01160CEB02221F
:1030700003EB00601044C6F80A00491CA4F85E1077
:1030800008F1010894F8471041459FDCB4F85E60F0
:10309000C8B23044192809D9DFF830824FF0000A4D
:1030A00098F8000002280AD0A4F85EA0BDE8FC9FB2
:1030B00007EB06101022002125F004FC761C192EC7
:1030C000F6DB834C4FF4C871012254F83500C3B2CB
:1030D0004B43C0F30B20294618F0AFF9012847D124
:1030E00098F80000022843D105F1B30069468046F4
:1030F00013F020FF9DF8000054F8351000F00F0287
:10310000C1F303418A4207D000F0F00001438DF87B
:103110000010404613F01DFF34F83500C0F30721BE
:10312000542000EB4507384613F013FF552000EB01
:10313000450614F83510304613F00BFF54F83500EF
:103140006449884203D2401C44F8350010E03846F8
:10315000002113F0FEFE3046002113F0FAFE9DF828
:10316000000000F0F001404613F0F3FE44F835A0F3
:1031700049462846FFF7A2FE98E72DE9F34F80461F
:10318000524883B00078022803D153484188491C33
:103190004180732108FB01F04B4901EBC004B4F8F6
:1031A0002A0218B905F038F9C4F826024B4908EB91
:1031B000C80202EB0810002740F60D2A01EB40166A
:1031C000B4E107EB8700251805F5E6750023012219
:1031D0006946284602F011F9012874D105F01CF95E
:1031E000DFF8FC9059F82810FA3188427BD394F824
:1031F0001302401EB84203D105F00EF949F8280029
:10320000B4F82A0294F8121206EB001080F890111C
:10321000297880F89511697880F89611A97880F856
:103220009711E97880F89811297980F89911009818
:1032300021F0A8FF20B3B4F82E120120B8400143BA
:10324000A4F82E1205F0E8F8054605F0E5F8C0F3FD
:10325000072B05F0E1F8C0F3074905F0DDF8000E93
:1032600000EB05614FEA0B4202EB09200144B4F880
:103270002A0206EB0010C0F891114FF080711BE09C
:1032800005F0CAF8054605F0C7F8C0F3072B05F0AE
:10329000C3F8C0F3074905F0BFF8000E00EB056165
:1032A0004FEA0B4202EB09200144B4F82A0206EB74
:1032B0000010C0F891110021C0F89A11A0F89EA149
:1032C000B4F82A022EE130E1DC2C0160B8220020A3
:1032D0006C050160FFFF0F00842000205C07016087
:1032E00008580160FFE74FF0010BB4F82E120BFAFB
:1032F00007F9009819EA010F7DD021F043FF00285B
:10330000B4F82E0208D040EA0900A4F82E02FB48C7
:1033100059460278F2B308E120EA0900A4F82E0227
:10332000B4F82A1294F8120206EB011104F21224E6
:1033300081F8900105F070F8814605F06DF8C0F352
:103340000720019005F068F8C0F3074B05F064F81A
:10335000010E019801EB0961020402EB0B200A182F
:10336000218B06EB0110C0F89121A0F89EA12A78CC
:1033700080F895216A7880F89621AA7880F89721BC
:10338000EA7880F898212A7980F899210022C0F8FB
:103390009A2182E0FFE70170B4F82A0294F8121231
:1033A00006EB001080F89011297880F89511697863
:1033B00080F89611A97880F89711E97880F898112B
:1033C000297980F8991105F027F8054605F024F8C9
:1033D000C0F3072B05F020F8C0F3074905F01CF8EF
:1033E000000E00EB05614FEA0B4202EB09200A18C0
:1033F000B4F82A1200E00DE006EB0110491CC0F8F9
:1034000091214FF08072C0F89A21A0F89EA1A4F8F3
:103410002A128AE021F0B6FE0028B4F82E0241D02C
:1034200040EA0900A4F82E02B4F82A0294F8121215
:1034300006EB001004F2122480F89011297880F82D
:103440009511697880F89611A97880F89711E97834
:1034500080F89811297980F8991104F0DDFF05466C
:1034600004F0DAFFC0F3072B04F0D6FFC0F30749DE
:1034700004F0D2FF000E00EB05614FEA0B4202EBB5
:1034800009200A18218B06EB0110C0F891214FF09A
:103490008072C0F89A21A0F89EA1491C2183A4F251
:1034A000122442E020EA0900A4F82E02934859466B
:1034B0000278D2BB0170B4F82A0294F8121206EB1B
:1034C000001080F89011297880F89511697880F8BB
:1034D0009611A97880F89711E97880F898112979E0
:1034E00080F899110021C0F89A1104F095FF054663
:1034F00004F092FFC0F3072B04F08EFFC0F30749DE
:1035000004F08AFF000E00EB05614FEA0B4202EB6C
:1035100009200A18B4F82A0206EB0011C1F891211B
:10352000A1F89EA1401CA4F82A027F1C94F8130263
:10353000B8423FF746AEB4F82A52C0B22844192820
:1035400004D86E484088B0F5967F0AD36B48DFF800
:10355000B0910027478099F80000022812D0A4F803
:103560002A72684A94F82A0202F8080005B0BDE8F9
:10357000F08F06EB05101022002100F5C87025F031
:10358000A1F96D1C192DF4DB5F4E06EBC8056968C7
:10359000C1F307200A0ECBB200EB02404FF4C87112
:1035A0004B4380B20022414617F047FF012843D128
:1035B00099F8000002283FD108F1B30001A9824622
:1035C00013F0B8FC9DF8040056F83830F02100F0F4
:1035D000F00201EA13418A4207D000F00F000143D4
:1035E0008DF80410504613F0B4FCA8886C22C0F388
:1035F000072102EB4800814613F0ABFC6D2202EB81
:1036000048062979304613F0A4FC4049686888428E
:1036100002D2401C68600FE04846002113F099FC7C
:103620003046002113F095FC9DF8040000F00F01D6
:10363000504613F08EFC6F6040460499FFF77CFC07
:103640008FE770B5324C002594F86300B0B194F860
:10365000620040B104F0E0FE616E884203D3E8B23C
:103660002146FFF78CFC94F8610094F86210401A30
:10367000002803DDE8B22146FFF77FFD68346D1CAA
:103680000C2DE1DB70BD2DE9F05F044602791E4888
:10369000E6784FF00109012A11D000EBC60040681E
:1036A000174D401C2B78022B00D00120D4F81210AB
:1036B000002921D0AA460025022B05D102E050F8AE
:1036C0003600EDE7814201D2657401E001236374A5
:1036D00004F11A034FF4C8789B46814222D2491E56
:1036E000CBB240464343C1F30B20314617F04AFDAD
:1036F00001280FD04FF0000968E00000842000206E
:10370000B8220020FC5701606C050160FFFF0F002C
:103710004C33026044464146584625F0ECF82246B8
:10372000FE4933E0FE4E012AA6F5165741461846DB
:1037300016D025F0E0F89AF800004FF07301022847
:10374000E07832D0484306EBC0004246A0F82A5247
:10375000E07800EBC00101EB001007EB401130E016
:1037600025F0C9F89AF800004FF073010228E078BC
:103770000ED0484306EBC0004246A0F85E50E07809
:1037800000EBC00101EB001007EB401158461BE0B5
:10379000414306EBC101B1F85E100A0100EBC00124
:1037A00001EB001007EB4011F0E7414306EBC101CC
:1037B000B1F82A120A0100EBC00101EB001007EB7F
:1037C0004011584601F5C87125F07CF84846BDE81F
:1037D000F09F00EB800202EBC002D24830B500EB54
:1037E000C200002180F8611080F8621001EB8102B4
:1037F0008318DA7A6AB390F86120CB4D521C80F8B6
:1038000061201C7B2D785A7AAC4200D084BB9B7A15
:10381000022B04D0012B11D0032B1BD02EE0C2EBC6
:10382000C20303EB0213C14A441802EB430292F8AD
:103830002D3084F84F3092F8282008E0C2EB0212B5
:1038400002EB4203BA4A1A4492F828300AE0012AED
:103850000FD013E0C2EBC20303EB4213B54A1A4484
:1038600092F82630441884F84F3092F82320EEE77F
:10387000FFE790F86220521C80F86220491CC9B210
:103880000E29B3D330BD2DE9F041A64EDFF8A88252
:1038900000252846FFF79DFF05EB850000EBC507D7
:1038A00006EBC70494F85D0028B994F85E0010B9DF
:1038B00094F85F0098B194F8610080B194F86200C8
:1038C00018B121462846FFF7F9FA94F8610094F8F8
:1038D0006210884203D021462846FFF72DFB04F0F2
:1038E0009BFD6066214608EBC700682224F0EAFFD2
:1038F0006D1CEDB20B2DCCD30020F9F744FC8F49A1
:10390000C8608F4900200870BDE8F08170B5834D14
:103910000020783D8B4A8C4B05F10C0455F8206053
:1039200052F820108E4201D045F8201054F8206043
:1039300053F820108E4201D044F82010401CC0B231
:103940000328EBD37D4A8149536809688B4200D034
:10395000516054F820107E480068814200D0906089
:1039600070BD2DE9FC5F044600EB8400724900EB5A
:10397000C40001EBC0076B49B94601EBC006002546
:1039800004F04AFD70662046FFF723FF06F10901A7
:1039900007F10900884682465F2224F0DAFFE8B387
:1039A00006F15D0107F15D00032224F0D2FFA0B112
:1039B00096F8620000B1012597F8612097F862102F
:1039C00096F86130521A1B1A9A4231D100EB8000EE
:1039D000093002EB820230441FE097F8620096F84B
:1039E0006210884206D100EB80024146504624F026
:1039F000B0FF00B1012597F8610097F8621096F8C2
:103A0000612096F86230401AD21A904210D103EB2E
:103A1000830300EB80020933F01800E00AE001EBB9
:103A2000810109317B180146184624F092FF08B144
:103A300045F00205394FDFF81CB104F1B300E90786
:103A4000A7F16007009054D057F834000122010616
:103A50000B0DC0F30B20214617F0EFFC012848D1D5
:103A60009BF80000022840D101A9009813F062FAE7
:103A70009DF8040057F8341000F00F02C1F3034121
:103A80008A4207D000F0F00001438DF8041000983E
:103A900013F05FFA37F83400C0F30721542000EB2D
:103AA0004400824613F055FA552000EB440017F805
:103AB0003410804613F04DFA57F8340026498842F6
:103AC00001D2401C0FE05046002113F042FA40465C
:103AD000002113F03EFA9DF8040000F0F001009878
:103AE00013F037FA002047F8340031462046FFF73C
:103AF000E5F9A80779D507EBC4056868C0F3072185
:103B0000020E01EB02411FFA81FC0006030D0022A8
:103B10002146604617F091FC01281FE0CC050160AA
:103B2000DC2C01604C330260AF20002036530020B3
:103B30002CC30460B21D02602C3802608420002077
:103B40009A000060708703607C870360CC210020AE
:103B5000D0210020B8220020FFFF0F0045D19BF8A4
:103B6000000002283DD101A9009813F0E3F99DF867
:103B7000040057F83430F02100F0F00201EA13415C
:103B80008A4207D000F00F0001438DF8041000981E
:103B900013F0DFF9A888C0F307216C2000EB440084
:103BA000804613F0D6F96D2000EB4407297938469A
:103BB00013F0CFF911496868884201D2401C0FE028
:103BC0004046002113F0C5F93846002113F0C1F931
:103BD0009DF8040000F00F01009813F0BAF90020DE
:103BE000686031462046FFF7A7F902B031464846E3
:103BF000BDE8F05F682224F065BE0000FFFF0F0003
:103C000010B5044624F094FE401E01B204E0605C4E
:103C1000202803D1491E09B20029F8DA21440020E6
:103C20004870204610BD30B5FE49837800228C785C
:103C3000A34213D144784D78AC420FD104780D786B
:103C4000AC420BD1CC7814B9C5789D420CD09C42C3
:103C500001D1C57845B1C578AC4205D0521C12B22D
:103C60001B31802AE3DB03E0802A01DA104630BDF5
:103C70004FF0FF3030BD182803D2002901DB802926
:103C800002DB4FF0FF307047E74A02EB002030F9CB
:103C90001100704730B50021E34B4A1E002003EBB2
:103CA000012424F81020401C8028FADB491C182924
:103CB000F4DBDE4C002000EB800204EB82014D7B44
:103CC0005DB14978491E182907D214F82220802AAC
:103CD00003D203EB012121F81200401C1428EADB77
:103CE00030BD70B5D24D06460024687B28B1042251
:103CF0002946304624F02DFE28B1641C24B21C3520
:103D0000802CF2DB03E0802C01DA204670BD4FF0FE
:103D1000FF3070BD2DE9F041C64C0746207818B938
:103D2000FFF7B8FF0120207078784FF0FF36411E72
:103D3000022910D83978401E80291FD2FFF79BFF37
:103D400014281BD2B94A00EB800102EB8101497BA8
:103D5000002911D112E0B54D00240222294638462F
:103D600024F0F7FD28B1641C24B21435142CF4DBC4
:103D700004E0142C02DA2046BDE8F0813046FBE76F
:103D800070B5A84A8678002593789E4223D1C378DF
:103D9000D478A3421FD103781478A3421BD143786F
:103DA00003F01F04537803F01F039C421AD0032C26
:103DB00001D11B2B16D01B2C01D1032B12D0032CAD
:103DC00001D1192B0ED0052C01D11A2B0AD0022CAF
:103DD00001D1182B06D06D1CADB21B32802DD3D370
:103DE000002070BD0D70012070BDF8B5904C0F46DD
:103DF00005460026A078E978884215D1E07898B980
:103E0000217860786A4601F0BFFF69782A7901F06D
:103E1000E001C90001EBC2212A78114489B288422D
:103E200002D13E700220F8BDA878A178884217D14F
:103E3000E878E178884213D12878217888420FD138
:103E4000687800F01F01607800F01F0081420ED0FA
:103E5000032901D11B280AD01B2901D1032806D030
:103E6000761CB6B21C34802EC4D30020F8BD3E7040
:103E70000120F8BDF0B589B06F4EDDE90FC436788A
:103E80008DF802600E9D8DF80300002701F01F00E1
:103E9000BCF1030F0AD001F0E001BCF1020F09D020
:103EA000002672B380328DF8042031E001268DF8AF
:103EB000010059E00126022819D01C2817D0C0B1F2
:103EC0001D2816D0012816D01E2814D0042814D07E
:103ED0001F2812D0052812D0162810D0032811D080
:103EE00015280FD013280FD017280DD03CE01C3117
:103EF0001AE01D3118E01E3116E01F3114E01631B2
:103F000012E003E015310FE017310DE08DF8047079
:103F1000012806D0022806D0042808D003280ED095
:103F200022E0183100E019318DF801101CE001F198
:103F30001A008DF80100BCB104F1240008E0BCF1C6
:103F4000010F20D0C81C8DF801006CB104F12000D5
:103F500000F01F0211448DF801109DF8041000F0CC
:103F6000600001438DF804108DF800308DF8097061
:103F7000324607A96846FFF738FF00282DD03100E8
:103F80002B4E03D01CE001F11B00DCE79CB1224664
:103F9000294608A8FDF7EBFA2849089824F07BFE8B
:103FA00025F0A9F89DF81C10C1EBC10106EB8101B9
:103FB000C1F805000CE0022811D04FF47A70454397
:103FC0009DF81C00C0EBC00006EB8000C0F8055057
:103FD0001B489DF81C1020F8117009B0F0BD9DF829
:103FE0001C00C0EBC00006EB8000C0F80550817AD1
:103FF0006429EDD1012DEBD14FF47A71C0F8051091
:10400000E6E7F0B588B00025DDE90E748DF8020012
:10401000501C8DF80310C0B20D9E8DF804508DF821
:1040200001000FE02CE7026038580160AC02036029
:10403000ACF4026094200020AF20002000007A44FD
:10404000001803605B1E8DF800308DF80950022FB8
:1040500035D002F01F0102F0E000012933D017290A
:1040600031D0022931D018292FD0042931D0192973
:104070002FD0012F35D0C11C8DF801104CB1203448
:1040800004F01F0108448DF8010004F060008DF871
:104090000400002207A96846FFF772FE00280CD032
:1040A0009DF81C0000EBC00101EB4101FE4A1144E8
:1040B000C1F80560FD4921F8105008B0F0BD01229B
:1040C0008DF80100E6E7183000E019308DF80100A6
:1040D000DFE700F11A018DF80110002CD9D024344B
:1040E000CEE700F11B01C7E72DE9F041F04C074690
:1040F000002926DAEF4D4FF0FF362878142814D225
:104100003846FFF707FE002807DB00EB800104EBD1
:1041100081014A7B521C4A732EE60020617B31B13B
:10412000401C00B214341428F8DB304624E6297809
:10413000491C297039682160397921710121617325
:104140001AE601EB810004EB8000427B521C4273B3
:10415000084611E62DE9F84FD74F0546002972DAD7
:1041600004F0B3FBDFF85493D54E4FF0FF3801282D
:1041700010D03078802818D22846FFF7B2FD0028EA
:104180000BDBC0EBC00107EB81014A7B521C4A7379
:10419000BDE8F88F99F80000ECE70024787B30B197
:1041A000641C24B21C37802CF8DB4046F0E728461C
:1041B00004F08BFB012868782979DFF8FC824FF046
:1041C000010B00F01F0001F060011FD00144C4EB9F
:1041D000C40308EB8300EA7802756B782A7803F051
:1041E000E00302EBC302A0F81720A0F81510307806
:1041F000401C307028683860287938714FF055308D
:10420000C7F8050087F80DB02046C1E74618E878E2
:1042100028B1C4EBC40208EB8201087505E0C4EBC9
:10422000C40208EB8200A978017528794FF0030ACF
:10423000010609D5697801F0E001C90001EBC02051
:104240002978084428E05EE0032E1ED0012E1CD001
:10425000022E1AD06878297800F0E00001EBC00146
:10426000C4EBC40208EB8200A0F817101B2E1CD070
:10427000182E1CD0192E21D01A2E21D0A6F12100E3
:10428000032825D84EF2030028E06878297800F04A
:104290001F006A4601F078FDC4EBC40208EB8201FE
:1042A000032EA1F8170022D0E0E7832109E0C4EB38
:1042B000C40208EB8201A1F815B01EE0022100E063
:1042C0000421C4EBC40208EB8200A0F8151014E02E
:1042D000A6F1250003280AD84DF60440C4EBC40219
:1042E00008EB820100EB0620A1F8150005E0C4EB05
:1042F000C40208EB8201A1F815A099F80010491C2E
:1043000089F8001076E7C1EBC10007EB8000427B23
:10431000521C427308463BE770B5634C02460029C5
:104320001EDA684D4FF0FF36287880280CD21046F0
:10433000FFF779FC002808DA0020A17B31B1401C8E
:1043400000B21B348028F8DB304670BD4FF0553189
:10435000C4F805102978491C29700121A17370BD8A
:1043600001EBC10202EB42000219907B401C9073EA
:10437000084670BD704730B50346504850494E4C12
:10438000007809780844C2B201210EE05818B0FB49
:10439000F2F502FB1500C0B2C0EBC00504EB8505C9
:1043A0002D69002D04D1491CC9B29142EED9FF20DC
:1043B00030BD30B50346414841493F4C007809784B
:1043C0000844C2B201210EE05818B0FBF2F502FB1E
:1043D0001500C0B2C0EBC00504EB85052D69002DAA
:1043E00004D0491CC9B29142EED9FF2030BD3649F4
:1043F000344A401C09781278C0B22B4B0A4409E0B9
:1044000000EBC00101EB410119440969002904D105
:10441000401CC0B28242F3D8FF2070472A49294A83
:10442000401C09781278C0B21F4B0A4409E000EB27
:10443000C00101EB410119440969002904D0401C65
:10444000C0B28242F3D8FF2070472DE9F05F00240C
:104450002546DFF86490DFF874A0194FDFF870800C
:10446000DFF858B049E07F2C45D2387804EB84025D
:104470002844C0EBC00108EB820609EB810114223D
:10448000304624F01FFA38782844C0EBC00109EB0D
:104490008100D0F8050007F027FCC6F80500387841
:1044A0002844C0EBC00115E02CE702600017036050
:1044B000AC020360B5200020ACF40260B420002000
:1044C000B3200020B1200020B2200020001803609B
:1044D0003870016009EB8100006924F0E9FD24F0E7
:1044E0000AFE07F001FC306138784119641C1AF8A3
:1044F0001100F073E4B26D1CEDB29BF80000854230
:10450000B1D30025BB4627E07F2C23D2C5EBC501E4
:1045100009EB810704EB840108EB8106142239467C
:10452000304624F0CFF9D7F8050024F0B8FD24F088
:10453000E2FD07F0D9FBC6F80500386924F0B8FDA4
:1045400024F0D9FD07F0D0FB30611AF81500641C87
:10455000F073E4B26D1CEDB29BF800008542D3D33A
:104560000025DFF854B433E07F2C2FD205EBC500D3
:1045700000EB400A04EB84090AEB0B0708EB890601
:1045800014223946304624F09DF97078401E0228E6
:1045900004D81BF80A00401C08F82900D7F80500C9
:1045A00024F07DFD24F0A7FD07F09EFBC6F8050072
:1045B000386924F07DFD24F09EFD07F095FB306105
:1045C000FE48641CE4B210F81500F0736D1CEDB2E7
:1045D000FB4800788542C7D30025DFF8E8B32DE01B
:1045E000132C29D205EB850A04EB84090BEB8A070F
:1045F00008EB890614223946304624F063F97078B6
:10460000401E022804D81BF82A00401C08F8290084
:10461000D7F8050007F068FBC6F80500386924F0F4
:1046200047FD24F068FD07F05FFB3061E648641C3D
:10463000E4B210F81500F0736D1CEDB2E348007899
:104640008542CDD3C4F1800000EB8000810004EBF3
:10465000840208EB8200BDE8F05F24F04CB92DE93C
:10466000F05FDC48DA4C4FF0000B0178A24680295D
:104670005BD20026814654E0A07818B1E07808F0BB
:1046800060FC05461C2D49D0152D47D0142D45D072
:10469000162D43D02B2D41D02C2D3FD05F2D3DD05A
:1046A000482D3BD02E2D39D0CB4ADFF830C31178BE
:1046B0008819C0EBC0070AEB87031F7D0CEBD70CF2
:1046C00007F007089CF800C0012707FA08F71CEA62
:1046D000070F2ED16DB384F80FB099F800005B4638
:1046E0004F46D8B1E3720844801B401E9046C0EB91
:1046F000C000820004F11C01204624F0E3F898F881
:10470000000039780844C0EBC0010AEB81001C218D
:104710001C3824F0F0F83878401E3870761CF6B259
:104720001C3499F800008642A6D3A94D0024AA4E55
:1047300050E0E77A3FB1AA4F37F810C00CF1010CF6
:1047400027F810C003E0DFF898C22CF810B0D87B2F
:10475000FF2802D008B1401ED873E07B0028DDD1CD
:1047600099F800004F460028D8D084F80BB0BAE77B
:10477000C4EBC4000AEB80025746D07BFF2802D06E
:1047800008B1401ED073964A32F81400401C22F83B
:104790001400E87A01281AD1E87BC0B9B9B1081B26
:1047A000401EC0EBC000820085F80BB005F11C0173
:1047B000284624F087F830781C21C0EBC00007EBB6
:1047C00080001C3824F097F83078401E3070641C4C
:1047D000E4B21C3531788C42CAD3FFF75BFABDE8EE
:1047E000F05F32E62DE9F041064640780C46401E67
:1047F0004FF0FF3802280CD83046FFF78BFA05003F
:1048000007D5474641463046FFF76EFC050000D508
:104810003D467378002719465B1E0B2B7ED8714AE4
:104820003078895C884279D26F4A4FF47A710A2BCA
:1048300075D2DFE803F005335D9098EAF0A1A1F9A5
:10484000C0EB0010694B00EB4000184490F8233097
:104850000BBB90F92830F3B1A3F10C0CBCF10A0F9B
:1048600012D9A3F1170CBCF1070F0AD803EBC30C44
:104870000CEB03131A44A2F5805292F8C12D012AC1
:1048800002D090F825005BE090F825005EE0084635
:1048900020F078FC5DE0D0F81E005AE0C0EBC003C9
:1048A00003EB0010524B03EB400090F82830002B34
:1048B000F1D190F82D30002BEDD0A3F10C0CBCF110
:1048C0000A0F12D9A3F1170CBCF1070F0AD803EB9A
:1048D000C30C0CEB03131A44A2F5805292F8C12DBD
:1048E000012A02D090F826002AE090F826002DE058
:1048F000C0EBC00303EB40103E4B184490F823304C
:10490000002BC8D190F82630002BC4D0A3F10C0C9A
:10491000BCF10A0F18D9A3F1170C01E091E02BE0CC
:10492000BCF1070F0AD803EBC30C0CEB03131A44BA
:10493000A2F5805292F8C12D012A05D090F82400EA
:104940000028A4D10021A2E790F824000028F9D182
:104950009DE7206010E02849C0EBC00001EB80001B
:10496000D0F80700F5E7C0EBC000244A00EB400098
:1049700002EB40004DE02160681C1AD0142D18DABB
:10498000104B05EB850203EB82002168C0F805108F
:104990001B4909788170C17071784170317803F8D2
:1049A00022101E21C1730121C1720771064820F82F
:1049B00015703078BDE8F0812CE7026000170360C5
:1049C000B1200020AC020360D8160360B52000209F
:1049D000ACF40260B4200020B3200020B893036040
:1049E0000018036019C103081A1902602CC304607F
:1049F00036530020B21D0260323102606C840260C6
:104A0000AF20002010E006E0FFE7FF4A00EB401077
:104A10001044807F11E000EB800202EB4010FB4A63
:104A2000104490F8200008E000EB800202EBC00088
:104A3000F74A02EBC00090F8630000289BD10021E8
:104A400099E740462760B5E72DE9F05F04464078D6
:104A50001E46401E91460D464FF0FF3702280DD8E6
:104A60002046FFF757F95FEA000807D53946204688
:104A7000FFF73AFB5FEA000800D5B84661780A46BE
:104A8000491E0B2975D8E34B20780127D25C904250
:104A900070D2DFF884A3DFF884B30C29F8D2DFE802
:104AA00001F006FEFD696969696969FC69FBC0EB93
:104AB000001101EB4102DA49DA4B11440A221A547F
:104AC00091F92200894650EA060203D0012851D10B
:104AD000012EFCD199F82300E0B104F036F92678D4
:104AE000B04209DD286824F0DAFACF4924F005F94C
:104AF000CE4901EB8611486220780021FCF7E3F8EB
:104B00002E68D9F81E00B04203D09AF800000028A1
:104B100067D009E104F019F92678C54AB042C6EB1E
:104B200006107CDD00EB4001BD48084490F92800E8
:104B3000A0F10C010A291ED90B3907290AD800EB6C
:104B4000C00101EB00101044A0F5805090F8C10D99
:104B5000012810D0286800B1012024F0A9FAB34937
:104B600001EB8611486220781BF0D9FBC0B301210C
:104B700039E0F7E166E12868D0B1002024F098FA26
:104B8000AA4901EB8611486220781BF0C8FB88B166
:104B900000212078A24EC0EB001202EB4202324408
:104BA00092F925208A420DD09AF8001021B109E02F
:104BB0000120E3E70121ECE79BF80010884201D1D6
:104BC0009C48077020781BF0AAFB28B300202178AE
:104BD000C1EB011101EB4101314481F825006CE08A
:104BE00000E09AE0002120788D4EC0EB001202EB2D
:104BF0004202324492F925208A4208D09AF80010E5
:104C000029B99BF80010884201D18A4807702078A2
:104C10001BF085FB0028DAD00120D8E7FFE7804BA6
:104C200000EB4000184410F9251F90F90300A0F193
:104C30000C0CBCF10A0F13D9A0F1170CBCF1070F33
:104C40000AD800EBC00C0CEB00101044A0F580500B
:104C500090F8C10D012803D02A68EAB301203DE095
:104C60002A6832B1002081420BD09AF8000010B1BE
:104C700007E00120F7E79BF80000864201D16D486C
:104C8000077082B100202178C1EB011101EB4101D5
:104C9000194481F8250003E01EE135E1D7E050E03A
:104CA0002868B8BB33E00120EDE72078C0EB0010A6
:104CB00000EB40001844C0F81E102078C0EB001133
:104CC00001EB41025649114491F8251009B14FF406
:104CD0007A7103F056FF0FE7FFE70020814208D00A
:104CE0009AF8000028B99BF80000864201D151488B
:104CF00007700AB1012000E000202178C1EB01110A
:104D000001EB4101194481F82500286810B14FF4E6
:104D10007A71CAE7FFE70021C7E721789BF8000016
:104D2000814201D143480770304620F02BFAD9F870
:104D30001E10884201D040480770304620F022FA09
:104D4000C7E0C0EBC00101EB00123C4901EB42019E
:104D5000894691F9272052EA060303D0012A71D12E
:104D6000012E6FD191F82820C2B92A680AB1012317
:104D700000E0002391F926609E4209D09AF80030A5
:104D8000012B05D19BF80030984201D129480770CA
:104D90000AB1012000E0002089F82600286820F0F0
:104DA000F1F9D9F81E1081420AD09AF80020012AA0
:104DB00006D123789BF80020934201D11D4A177039
:104DC000814201D01C484770286820F0DBF9C9F8FF
:104DD0001E002078C0EBC00101EB0011174800EB6A
:104DE000410191F82D00192803D00F2801D01D286A
:104DF00028D1D1F81E0020F0C5F918BB2178104A3F
:104E0000002042F821001EE07C8C0260621B0260E0
:104E10004C33026019C103086C2200206D2200206F
:104E20002CC30460682E002000007A4468B502603C
:104E30001A1902606E2200205E19036036530020AA
:104E40000C3B002047E02078FE490F5468E0C0EB9F
:104E5000C001FD4A01EB401101EB020999F8221053
:104E600051EA060203D001295AD1012E58D199F8EE
:104E70002310C1B92A680AB1012100E0002199F884
:104E800024308B4209D09AF80010022905D19BF8F2
:104E90000010884201D1ED4807700AB1012000E0FE
:104EA000002089F82400286820F06CF9D9F81E1039
:104EB00081420AD09AF80020022A06D123789BF872
:104EC0000020934201D1E14A1770814201D0E049AC
:104ED0008F70C9F81E0023E000EB4001DD4A01EBB2
:104EE000C0011144B1F809204A4502DDB9F1000FB3
:104EF00001DA4FF00009D84A296852F8202042F818
:104F000029100FF073FD0BE000EB800101EBC000F6
:104F1000D24901EBC001286800B1012081F863008B
:104F2000B8F1FF3F1BD0B8F1140F18DACC4B08EBE7
:104F3000880203EB82002968C0F80510C949097886
:104F40008170C17061784170217803F822101E21B0
:104F5000C173C54AC7720021017122F81810207868
:104F6000BDE8F09F00206070207028603846F7E7A9
:104F70002DE9F04F87B00D46016880460291007917
:104F80008DF80C001E469246002702A803F0E0FCB4
:104F90009DF80A007C1E002876D0B24B1978884212
:104FA00005D19DF80B208A426FD0002AFCD08842A0
:104FB00009D0AE4900F0070201EBD00101200978C9
:104FC0009040014273D002A8FEF78BFE060005D583
:104FD000214602A8FFF7BEF8060055D402A803F048
:104FE00074FC0146A2480129C6EBC60100EB81040E
:104FF0004FF0000961780DD01C2974D01D2973D0A1
:105000009C4E012971D01E2970D001296FD01F2913
:105010006ED07CE1207901F01F0200F06003D61809
:105020004FEA5118010601D500F01F070AF0FF0BE7
:10503000032E0ED01A2E0CD01B2E0AD0A6F1210062
:10504000032806D9001F032803D9012E01D0022E00
:1050500015D1BAF1000F19D0D4F80500049988428F
:105060000DD04FEA082000EBC721CDF800B0207822
:105070002B460844217D82B2102008F071FA182EC8
:1050800074D0192E72D087E0A9E1ACE1D4F80510F4
:1050900028688142F3D0A6F12101032908D823F022
:1050A000FEFF754923F029FEA6F120010BE08BE1FC
:1050B000A6F1250103291CD823F0F1FF6E4923F046
:1050C0001CFEA6F12401CAB204A9FCF72DFA0420A3
:1050D00000904FEA082000EBC721207804AB084479
:1050E00082B2217DC8E783E096E0CBE0CFE0F5E037
:1050F000F9E05C499DF80A200B784FF47A719A42E6
:1051000023D0A07A642804D12868884201D10120E4
:105110002860286805AA010C090241EA1060ADF870
:1051200004002888C0F3072141EA0020ADF80600FA
:105130009DF808109DF8090000F026FE02460420A4
:1051400000909DF80A1001AB96E790FBF1F00490F7
:10515000012000904FEA082000EBC721207804AB23
:10516000084482B2217D062087E7FFE7BAF1000FED
:1051700016D0D4F80500049988420DD04FEA0820D3
:1051800000EBC721CDF800B020782B46084482B24E
:10519000217D0F2008F0E4F9BAF1010F24D01AE0C4
:1051A000D4F805102868814215D023F078FF3249E1
:1051B00023F0A3FD23F09FFF0490012000904FEA0D
:1051C000082000EBC721207804AB084482B2217D7F
:1051D000052008F0C5F9109840B1022804D0FF203E
:1051E000E073C4F81090E8E03C20F9E71420F7E7FA
:1051F000D4F80510286881426FD023F050FF1E4973
:1052000023F07BFDCDE900099DF80B309DF80A20C5
:105210009DF80810022012E0D4F805102868814299
:105220005BD023F03CFF144923F067FDCDE9000972
:105230009DF80B309DF80A209DF80810002000F022
:10524000B7FD1BE09C310020B21D02606E220020E1
:105250005E19036068C60260981603604C330260F2
:10526000AC020360AF200020D8160360B89303603F
:10527000ACF402609900006000007A442868C4F829
:10528000050044E09DF808003278904226D3D4F817
:105290000520286882423AD01E2910D023F0FFFE54
:1052A000C94923F02AFDCDE900099DF808003178AD
:1052B0009DF80B309DF80A20411A0120BFE723F02A
:1052C000EEFEC14923F019FDCDE900099DF80B3030
:1052D0009DF80A209DF80810EFE766E09DF80800A9
:1052E0003178884261D2D4F80510286881420ED006
:1052F00023F0D5FEB44923F000FDCDE900099DF867
:105300000B309DF80A209DF80810042097E760787C
:10531000162816D1D4F805102868814245D000B16E
:10532000012023F0C5FECDE900099DF80B309DF862
:105330000A209DF80810052000F03AFD2868C4F8FE
:1053400005006078152816D1D4F805102868814228
:105350002BD000B1012023F0ABFECDE900099DF870
:105360000B309DF80A209DF80810032000F020FD66
:105370002868C4F805006078172816D1D4F80510FD
:105380002868814211D000B1012023F091FECDE9BF
:1053900000099DF80B309DF80A209DF80810132095
:1053A00000F006FD2868C4F805009DF80B109DF874
:1053B0000A00002203F02EFA2061109810B1FF209D
:1053C000E07318E00A20FBE702A8FEF72CFC002897
:1053D00011DA214602A8FEF79FFF00280BDA2046CB
:1053E00007B0BDE8F08F012E05D13346524629465D
:1053F0004046FFF729FB0120F2E72DE9FE4F4FF071
:1054000000080446CDF808800068009020798DF8E7
:1054100004009B4616460D46684603F099FA9DF82F
:1054200002004FF0FF3900286DD0684909788842A2
:1054300005D19DF803208A427ED0002A7CD0FF2728
:105440004FF0553A884209D0614900F0070201EB5C
:10545000D001012009789040014242D06846FEF711
:1054600040FC040005D549466846FEF773FE04007B
:1054700049D4802C7EDA684603F027FA0146554865
:10548000012910D0C4EBC40100EB81040022E178B3
:10549000A07803F0BFF92061D4F8050050455FD033
:1054A0002860DEB14DE0C4EBC40200EB820441464B
:1054B000C4F81080D4F805004FF01408504506D009
:1054C0001FF060FE2860C6BB84F80F8052E016B162
:1054D000E773296046E084F80F80FAE70A20E0735A
:1054E00048E0BBF1010F0ED06846FEF79CFB002898
:1054F0000BDA4C4649466846FEF70EFF002804DAF0
:105500002046BDE8FE8F4846FBE7802832DA00EBF4
:10551000C00000EB4001304802220C18E178A0786E
:1055200003F078F92061FA216EB1E773D4F8050031
:10553000504515D0002801E016E002E0E1D02860D7
:1055400066B1E77316E0254800780A2801D9E173AF
:10555000ECE700EB80008000E073E7E7E17309E02F
:10556000C5F800800020CCE702A92046FFF73AF9F1
:10557000029828600120C4E7FEB50024184D264695
:10558000C4EBC40000EB800015F81010002919D0FE
:1055900005EB40000123C17A8DF80010817A8DF867
:1055A0000110017A8DF80210407A8DF803008DF811
:1055B00004601A4602A96846FFF71FFF641CE4B2A4
:1055C000F02CDDD3FEBD000000007A44AF200020A7
:1055D000B8930360ACF402602CE70260B1200020B5
:1055E000CC420260FE49887930B1C879421ECA7146
:1055F0004FF0000001D288710120704770B5044659
:105600000088CCB0B0F5957F4CD8F6486E4600794E
:105610008DF80000A0785E2802D0C2280AD02FE0C2
:1056200003208DF80100B4F80500000A8DF804008D
:10563000607922E02088C01F022816DD10208DF836
:105640000100B4F80500E849000A8DF8040060790B
:105650008DF805002078C01F8DF806002288F01D07
:10566000D21F23F02FF925880AE006208DF80100CB
:10567000DD4801788DF8041040788DF80500062586
:1056800020798DF80200E0788DF80300E9B26846D1
:1056900009F0F9F8010A715571194870694604203A
:1056A0000AF0A9F84CB070BD2DE9F05F4FF000088A
:1056B000DFF838A3DFF838B30D460646474607EB58
:1056C000870000EB471101EB0B09B9F923001FF02C
:1056D0005AFD00283EDD002436E007EB4700C0EB12
:1056E000C7110AEB0110015D9E292BD12044042C27
:1056F0008178427901F01F0102F06002114421D942
:1057000010F8012C9D2A1DD010F8022C9D2A19D0CA
:1057100010F8032C9D2A15D010F8042C9D2A11D0C6
:10572000032909D0A1F11802072A05D9093A032A49
:1057300002D92539032905D8C178B14202D1C570F3
:105740004FF00108641CA4B2B9F923001FF01BFD3F
:10575000A042C2DC7F1CFFB2102FB0D3A54B0022A9
:1057600002EB820101EBC201002003EBC10400EB5C
:1057700080012144CF7AB74206D1CD720F7BB74268
:1057800000D10D734FF00108401C80B20E28EED3FB
:10579000521CD2B20C2AE3D3974890F80901022890
:1057A00015D0964A0020C0EBC00101EB810102EB4D
:1057B00041010B7AB34206D10D724B7AB34200D14C
:1057C0004D724FF00108401CC0B2F028EBD3B8F185
:1057D000000F06D08A490120C873BDE8F05F03F0CE
:1057E000F0BFBDE8F09F2DE9F05F4FF00008DFF853
:1057F000FCA1DFF8FCB10D460646474607EB8700E3
:1058000000EB471101EB0B09B9F923001FF0BBFCBA
:1058100000283EDD002436E007EB4700C0EBC7114F
:105820000AEB0110015D9E292BD12044042C8178C4
:10583000427901F01F0102F06002114421D910F8F1
:10584000012C9D2A1DD010F8022C9D2A19D010F889
:10585000032C9D2A15D010F8042C9D2A11D0032961
:1058600009D0A1F11802072A05D9093A032A02D959
:105870002539032905D8C178B14202D1C5704FF04E
:105880000108641CA4B2B9F923001FF07CFCA042FB
:10589000C2DC7F1CFFB2102FB0D3564B002202EBAC
:1058A000820101EBC201002003EBC10400EB800187
:1058B0002144CF7AB74206D1CD720F7BB74200D1D7
:1058C0000D734FF00108401C80B20E28EED3521C1D
:1058D000D2B20C2AE3D3484890F80901022815D027
:1058E000464A0020C0EBC00101EB810102EB4101FF
:1058F0000B7AB34206D10D724B7AB34200D14D728E
:105900004FF00108401CC0B2F028EBD3B8F1000FF3
:1059100006D03B490120C873BDE8F05F03F051BFDA
:105920005FE7384B2E490022187830B18878401C48
:10593000C0B28870032801D91A708A70704710B5F8
:105940000022304B264C02280DD003280ED004280C
:105950000FD0012811D124481A700C38427A642AD9
:105960000CD216200DE01A70042004E01A700520F5
:1059700001E01A7006200870E08910BD00780A3036
:10598000C0B203220A7010BD30B40A46072955D3AD
:10599000817A134C12294ED0617A00294ED1111D03
:1059A000194BE18141791970184903780B700C2368
:1059B0004B70174B1B881D0A8D70CB7006230B7123
:1059C000084BDD7B4D711D7C8D715D7CCD719B7CA9
:1059D0000B72BA234B72C0238B720E4909681BE00D
:1059E00098200020A43A0020FEFB01609A7C016010
:1059F000621B02604C3302606E0D0260CC4202609A
:105A00005E1903604505006023050060F44900202D
:105A10004421002018200020216101212172FE492B
:105A20000B78002B0AD102230B70C11D30BCFB4840
:105A3000D21F22F047BF0A216172B0E730BC704725
:105A40002DE9F0411446F64B8122A51E1A700A2258
:105A50005A702A0A9A70DD7011F8022B1A71082206
:105A60005A7111F8012B9A7111F8092BDA71012280
:105A70001A725872A4F10C0203F10A0022F022FFFC
:105A8000E84E3078092811D240F22D114843E64FF4
:105A9000A21E07EB4000E24922F014FF307840F2EA
:105AA0002D11484307EB4000A0F8585230780A28DF
:105AB00001D2401C00E000203070BDE8F08130B51C
:105AC0004FF0FF3488B1DA4A0021D84B12780AE04F
:105AD000C1EBC10503EB85056D7E854201D148B25E
:105AE00030BD491CC9B29142F2D3204630BD30B519
:105AF0004FF0FF3490B1D04A0021CE4D13780BE027
:105B000001EBC10202EB42022A44527E824201D1E1
:105B100048B230BD491CC9B29942F1D3204630BDCC
:105B200070B54FF0FF35A8B1C34A0021C14E1378BC
:105B3000C24A14780CE05A1802EBC20202EB42028D
:105B40003244527E824201D148B270BD491CC9B272
:105B5000A142F0D3284670BD2DE9FF470F46002A29
:105B60007CD1DFF8DC920122002599F80810012988
:105B700002D002292FD0B0E0A94B8121BC1D1970A1
:105B80000A215970210A9970DC701A7101465D7101
:105B90003A46981D22F096FEA24E3078092812D27D
:105BA00040F22D114843DFF88082BA1D08EB400017
:105BB0009B4922F087FE307840F22D11484308EBD4
:105BC0004000A0F8584230780A2802D2401C3070B9
:105BD00083E0357081E09B4B41781B7899427CD102
:105BE0009949924CE0270A708178DFF86082984EDC
:105BF000122907D0C17A442947D091294DD02129B3
:105C00004BD04EE0C1780A2905D000210844017B21
:105C10005E2902D061E00121F8E7817AC27BB1EB15
:105C2000420F5AD114291AD0017D427C01EB026146
:105C3000827CC07C120402EB0020084423F038FA76
:105C4000414623F05AF803903678802E45D24146DB
:105C500023F021F823F04FFA03212CE03FE0817C70
:105C6000027D037E01EB0221827D120402EB0362BE
:105C70008B1878490A782B214A4377491144C1F897
:105C8000053090F82000887227E0AC2100F80B1F47
:105C900003AA0A211CF007F903E0007B23F008FAAD
:105CA00003903678802E18D24146039822F0F3FFF5
:105CB00023F021FA02218DE82300C6EBC60004EB95
:105CC0008000B0F81720417D07EAD2031944D3B20F
:105CD000C9B2007D0022FEF7CDF889F80850BDE872
:105CE000FF8730B5ADF5197D0D460446D0F80600A6
:105CF00097AA96A91BF086FA9DF85812062903D098
:105D000000200DF5197D30BDD4F806106A46084410
:105D100097991BF0ECFC9DF806006328F1D19DF8E3
:105D200008102970EDE74D4B10B500214A4A1C7848
:105D30000CE02B2303FB01231B68834204D12B209F
:105D400000FB0120007910BD491CC9B2A142F0D36B
:105D5000002010BD10B5424A404B00203E49B2F829
:105D600007201C780CE02B2303FB00131B689A42CE
:105D700004D12B2200FB0210007910BD401CC0B2E0
:105D8000A042F0D3002010BD0346012809D0022B09
:105D900004D0032809D141F69C7004E041F63C5040
:105DA00001E041F6BC3000EB410002211170704768
:105DB0002DE9F041ADF51E7D1D46DDE9A4641346D5
:105DC0000F46804622462946184602F023FD4FF032
:105DD000FF3160B15CB9234A92F84E20012A03D00A
:105DE000214A1278012A02D1154A537A1BB108467A
:105DF0000DF51E7D61E602231372074B04221A7013
:105E00001A4A1570CDE90314002205A98DE8460051
:105E100055233A4641462BE045050060FF490020E6
:105E20009AF90160E5210020A0140460ACF402603E
:105E3000B32000202CE70260B1200020B220002017
:105E400098200020850100600221002000007A4493
:105E500084010060012100203C040360B620002082
:105E6000F2FB0160A43A0020992100202305006084
:105E70001EF04CFC0120BBE72DE9F041ADF53E7D65
:105E80000D46074616463421AEA8DDF8108322F0F1
:105E900032FD342198A822F02EFD0024ADF8F44202
:105EA0004FF41871684622F026FDA594A694A79495
:105EB0001421A9A8A89422F01EFDF9486A46BBA99E
:105EC000C68085804FF48270ADF894020120CDF831
:105ED00096020720ADF8EC025E208DF8EE02F14844
:105EE000ADF8EF52ADF8F162448106201AF0BAFF26
:105EF000694698A81AF07CFC98A9CDF89A12CDF8BA
:105F00009E02A9AABDA9384619F01FFA38B1424627
:105F1000A5A9A9A81DF00EFF0DF53E7DCDE56FF0FA
:105F20000600F9E72DE9F04188B01E4613460E9FA2
:105F3000884604463A463146184602F06BFC050096
:105F40004FF0FF3203D017B9D648417A11B110464D
:105F500008B0B2E502210172D34903204FF0000CD2
:105F60000870D248032C0670D14E12D0022C10D0EB
:105F7000012C0ED01C2C1CD01D2C1CD01E2C1CD077
:105F80001F2C1CD0162C1CD0152C1CD0172C1CD050
:105F900024E008F0FF0106AA2046FFF7F5FE0146BF
:105FA00001ABCDF800C09DF818202846FFF764FF2C
:105FB00013E002210AE0002108E0012106E00421AB
:105FC00004E0052102E0032100E01321CDE900C730
:105FD0005523424628461EF0FCFA30703078B7E769
:105FE0002DE9F84305464FF0000014460E000090DE
:105FF00025D0002C23D028466A4600211BF05AFCED
:106000004FF0FF3800281CDB074600982080E81975
:106010006A4601211BF04EFC002812DB0744009861
:10602000C4F80200E81902211BF096F948B17F1C60
:10603000E81944F8060FF01B401E60603046BDE8CA
:10604000F8834046FBE72DE9F04186B017461E462F
:106050006A46DDF83080FFF7C3FF05A96846FFF701
:1060600040FEC5B2DDF80A008E4CB8B1DDF80A007A
:10607000B0F5FA7F3CDADDF80A20DDF806108D482D
:1060800022F020FCBDF80A00A081632D09D0424611
:1060900031463846FFF760FD06B00EE5012060711D
:1060A000E9E7844C34F8090FB4F8151040EA0145CB
:1060B00004A9284602F0D0FB401CEDD09DF810004A
:1060C0002B2148437C49227B08444272617B8172C8
:1060D000217A627AE37A01EB0221A27A120402EBBE
:1060E00003621144C0F80510A17B01710560D3E77C
:1060F0000020A081D0E7FFB5ADF5597D0F460646DB
:1061000014463421CAA822F0F6FB3421A5A822F0B7
:10611000F2FB0025ADF85C534FF41871684622F08D
:10612000EAFBBF95C095C1951421C3A8C29522F082
:10613000E2FB0CB1802C04D96FF003000DF55D7DFE
:10614000F0BD342198A822F0D6FB4FF48270ADF850
:10615000FC020120CDF8FE0252480721017101EB3B
:106160004401ADF82013C2218DF822134FF6FF71C0
:10617000ADF8254301EA4401ADF823734181C89885
:10618000B290BDF82403ADF8CC029DF826038DF83B
:10619000CE0264002246DCA998A822F093FB9DF869
:1061A0006302224660F307019DF8620260F30F214B
:1061B0009DF8610260F317419DF8600260F31F6172
:1061C000989198A90DF2CF2022F07CFB6A46B2A9E3
:1061D00006201AF047FE6946A5A81AF009FBA5A9F2
:1061E000CDF80213CDF80603C3AAD7A9304619F09B
:1061F000ACF828B10222BFA9C3A81DF09BFD9DE702
:106200006FF001009AE72DE9F043ADF2DC6D4FF03D
:1062100000080E460446CDF8B486CDF8B886CDF811
:10622000BC864FF418716846CDF8C08622F063FB37
:106230004FF4167198A822F05EFB9420ADF8B406D6
:106240000127CDF8B67620780025C2214FF0070946
:10625000102804D0032831D006284BD068E0B61EA1
:10626000ADF8AC668DF8AE16A0788DF8AF06E07884
:106270008DF8B006DDF8AC06ADF8B176CDF8B8040F
:10628000BDF8B006ADF8BC049DF8B2068DF8BE04AA
:10629000A279E11D0DF2BF4022F014FB48E000009E
:1062A0002AFD01609820002045050060230500605C
:1062B000850100609AF901603C040360082E37D123
:1062C000ADF8AC965E208DF8AE06A0788DF8AF06DE
:1062D000E0788DF8B006DDF8AC06ADF8B176CDF813
:1062E000B804BDF8B006ADF8BC049DF8B2068DF850
:1062F000BE041DE0082E1BD10920ADF8AC068DF8B8
:10630000AE16A0788DF8AF06E0788DF8B006DDF80F
:10631000AC06ADF8B176CDF8B804BDF8B006ADF86E
:10632000BC049DF8B2068DF8BE04A088ADF8BF0489
:10633000FD4E6A460DF5976186F80490BDF8AC06EF
:10634000708106201AF08EFD694698A81AF050FA5E
:1063500098A9CDF8BA16CDF8BE068DF8C476207887
:106360008DF8C506ADF8CC8640468DF8CE860DF288
:10637000C4614A196D1CD072072DFADB707A28B1FE
:106380004FF0FF300DF2DC6DBDE8F0830220E749ED
:10639000307203200870E6492078002208700DF260
:1063A000B4610DF2C4601DF0C5FCEBE770B50500EB
:1063B00016464FF0000022D03288284600211BF0FC
:1063C000A4FA0446D6F80220281901211BF09DFAF0
:1063D0000444281902211AF0B6FE0444002105E005
:1063E000D6F80600405C2855491C641CD6F80A0003
:1063F0008842F5DC281902211AF0B8FE204470BD4D
:1064000010B5002360B1102200F8012B042200F81F
:10641000012B40F256230A461946FFF7C7FF831C9B
:10642000184610BD70B50024651E30B1067826B937
:1064300086781670C278122A01D0284670BD0429C9
:1064400005D91A46001D091FFFF7CAFD044620465C
:1064500070BD2DE9FF4FADF2045D0C464FF4187589
:106460009946294603A822F046FA29469DA822F01B
:1064700042FA4FF0000ACDF8D4A4CDF8D8A4CDF854
:10648000DCA4CDF8E0A4AB4DCDF8E4A4CDF8E8A4AD
:10649000CDF8ECA45646CDF8F0A4CDF8F4A4B9F1AB
:1064A000A00F24D2A04A0DF2E443D21C2146DDF80D
:1064B0000405FFF7B7FF0DF5A062DDF8EA04111F30
:1064C0001AF0A0FE9DF8FC14062907D1DDF8EA14A5
:1064D0002A460844DDF800151BF009F9BDF8E4046C
:1064E000ADF8D404DDF8E604CDF8D6040FE0DDF80D
:1064F0000405C179007A01EB002240F25220824269
:1065000079D8DDF80415281DC91D22F0DBF989486A
:10651000DFF82482DFF810B280790446162821D0F3
:10652000172C1FD05F2C1DD0C32C1BD08149742881
:106530000A794B7902EB0322ADF86C228DF86E02DA
:10654000CA798DF86F220A7A8DF870224A7A897A90
:1065500001F0010302EB0322ADF871224CD01028A8
:106560004AD04BE01A228BF80420D8F80000714D75
:1065700047468470E979C170297AA5F11A02017140
:1065800052F8231FC0F805105368C0F8093092680C
:10659000C0F80D2008461EF0F5FD0146386840F8A9
:1065A000051F80681EF0EEFD01463868C0F80D102A
:1065B000D0F809001EF0E6FD01463868C0F8091061
:1065C000697D4174A97EEA7E6B7F01EB02212A7FFF
:1065D000120402EB03621144C0F81610A97DEA7D93
:1065E0006B7E01EB02212A7E120402EB036211444E
:1065F000C0F8121005E0FDE34808009007218BF871
:1066000004104E4F0125642C73D9ABF80AA0B9F1E0
:10661000A00F05D30E224A48DDF8041522F052F9E6
:106620004849DFF824817A2C09D0792C18D0C62C5F
:1066300016D00D70BA2C0BD0BB2C09D00AE088F80C
:10664000005088F8015088F8025003200870EFE3EA
:1066500088F81350652C20D0662C1ED0672C1CD0D7
:10666000A4F16500182804DA08EB040000F8655C62
:1066700001E0742C06D0862C07D0BF2C08D08D2CBE
:1066800009D00AE088F8065007E088F8165004E0C0
:1066900088F8135001E088F81850792C7AD00EDC75
:1066A000A4F1650012282DD2DFE800F0542D64DD3E
:1066B0007682932C2CEFEDECEBEAE99FB4CCBA2C6C
:1066C00069D00CDCA4F182000D28ECD2DFE800F0E8
:1066D000F11A1A1AF01AEFEEED1AECAEEB00C42C18
:1066E00071D007DCBB2C6FD0BF2C6ED0C22C6DD10B
:1066F00007E0F1E3C52C6AD0C62C69D0C82CF6D1CE
:106700005BE1124EA0E19DF86F0240287ED29DF819
:1067100070124029FAD2884278D8C0EBC00101EB50
:1067200000110B4813E1000098200020450500608F
:106730002305006052000260D4200020295100206F
:10674000387A01608E2100205E190360FEFB016033
:10675000365300209DF86F024028D7D29DF8701262
:106760004029D3D28842D7D8C0EB001000EB4000BC
:10677000F74926E09DF86F028028C7D29DF8701275
:106780008029C3D28842C7D8C0EBC00101EB4010BA
:10679000F04916E064E0A4E09DF870020828BBD838
:1067A0009DF86F02EC49C0EBC00000EB400054E0E4
:1067B0009DF870020428AFD89DF86F02E74900EBFE
:1067C0004010461840E1E6E097E07FE0A5E0E4E015
:1067D000B0E09DF8700210289ED89DF86F0200EB83
:1067E000800101EB4011DE48BFE09DF870021028E7
:1067F00092D89DF86F0200EB4001C1EBC011D9485F
:1068000000EB0111009800EBC00200E0DCE202EBBB
:10681000001008E09DF870020828A4D89DF86F02C7
:10682000D14900EBC00001EB00160DE19DF87002AC
:10683000082872D89DF86F02CC4900EBC00001EB2C
:10684000C00601E19DF8700204288CD89DF86F0203
:10685000C0EBC00101EB0010C54901EB4006F3E0BD
:10686000C04E0A3EF0E09DF8700210288BD89DF8CB
:106870006F02C049C0EBC00001EB8006E4E07EE09F
:1068800068E059E0D3E015E0FFE79DF870020C28BE
:1068900085D89DF86F0200EB800101EBC001B6487E
:1068A00000EBC106D0E0B8E038E07EE07BE076E0C7
:1068B0005DE0C6E09DF8700210288DD89DF86F024B
:1068C000C0EBC00101EB0011AC4840E09DF8700244
:1068D000F028AED89DF86F02C0EBC00000EB80013D
:1068E00009E09DF870021028A3D89DF86F0200EB14
:1068F000C00101EB0011A24829E09DF87002502868
:1069000097D89DF86F0200EBC00101EB00119C4885
:1069100000EBC10606F5487696E0EFE39DF87002BD
:10692000802886D89DF86F02C0EBC001954800EB27
:10693000810689E0944E87E09DF87002102884D883
:106940009DF86F0200EB001000EB40018F4800EB58
:10695000410679E09DF87002082887D89DF86F02FB
:1069600000EBC00101EB001189480E186CE09DF8A6
:106970006F02C0EB0010C0EBC000C61964E09DF8C8
:106980007002082884D89DF86F0200EB400181480E
:1069900000EB011658E0804E56E0804E54E088F837
:1069A00019507F4E50E07F4E4EE09DF86F02C0EBD5
:1069B000C00101EB40107C4903E700279BF804006D
:1069C000C1197A4808440079012817D17848F90795
:1069D0004FF0000140F827A015D007F16B0010F030
:1069E000B8FA734810F8271007F16C0010F0B1FAEC
:1069F000B32000EB5700002110F0ABFA7F1CFFB270
:106A0000182FDBD320E007F1540010F0A2FA6848F9
:106A100010F8271007F15500E8E788F819509DF89D
:106A20006F02C0EBC00101EB0011624838E788F843
:106A300019509DF86F0200EB400101EBC0015E4868
:106A400093E75E4E88F81950002E75D00120CDF8DE
:106A5000F4049DF870029DF86F12884203D08BF801
:106A600000508BF801A08F2C02D0C22C1CD001E06A
:106A700003F00DFA9DF870029DF86F12BDF8717267
:106A8000401A9BF80430401C07FB0037BDF86C022D
:106A9000874251D1C01A82B21046672C1DD0662C95
:106AA00022D0652C2BD031E0BDF86C129BF804008D
:106AB000814201D2002206E0091A8AB24FF496718F
:106AC0008A4200D90A46394901443046091D21F05D
:106AD000F9FE9BA8FEF792FD76E1C1F18000C0EBC4
:106AE000C00101EB401010E0C1F14000C0EBC0015B
:106AF00001EB00114FF6FF7000EA410006E0C1F122
:106B00004000C0EB001000EB400080B2824200D990
:106B10000246652C11D02548C1183046091D21F0C8
:106B2000D1FE662C0CD0672C4CD0692C5BD06A2C23
:106B300059D0662C06D08FE0EFE388F800508DE046
:106B400088F801501E48007801284FD056E0000018
:106B50002CC30460B21D02606C8402607C8C0260F5
:106B6000621B02609A7C0160BC8502603C8A026004
:106B7000008D0260323102604C330260EC3F0260F3
:106B8000CC420260ACF402606E0D0260DA1002606A
:106B90001A190260E2190260460A0260E209026004
:106BA0007E0902607A070260B88D026052000260BE
:106BB0006C0501600C3D026068C6026018C7026087
:106BC0006C220020FC4888F802500078022807D187
:106BD000FA489DF86F120078814201D1F84805709B
:106BE000F8F735FCF0E0F9F756FFEDE0F3489DF8D3
:106BF0006F120078814201D1F14805709DF86F72E3
:106C000024E0C7EBC70000EB0711EE4800EB4101A1
:106C100091F82700012817D191F82D00192803D0E9
:106C20000F2801D01D280FD1D1F81E001EF0AAFA9E
:106C300050B9E549E74841F827A0E44941F827A0C1
:106C4000E34941F827A0C5557F1CFFB29DF87002AB
:106C5000B842D6D2F8F7A9FB652C26D1D6480078E1
:106C600038B9D6489DF86F120078814201D1D448D6
:106C70000570BDF86C129BF804000A1AD64901444D
:106C80003046091D21F01EFE9DF86F6207E00021CD
:106C90003046FAF718F8F9F7E0FF761CF6B29DF8DF
:106CA0007002B042F3D2F8F7A9FB742C11D06E2C0D
:106CB0007CD0CA4F792C7AD0C62C79D0712C78D060
:106CC000BF2C77D08C2C76D0C42C8BD0C52C73D015
:106CD00023E38BF8065005208BF807009DF86F0220
:106CE0005F4600EB4001C1EBC011BD4800EB011055
:106CF0000178407801EB002000B21EF044FA010454
:106D00009DF86F02B74E00EB800202EB401030445A
:106D1000090CC18388F806504FD0B0F91E001EF050
:106D200032FA4FF4C87190FBF1F0401C484300B2B6
:106D30001EF029FA9DF86F1201EB810202EB41115E
:106D40003144A1F82300BDF86C023979411A00984A
:106D500000EBC00202EB001001EB0010B0F5FA6F7F
:106D600008DD9DF86F0200EB800202EB401030441A
:106D7000A0F823A09C4F002542F2D878A7F800A0E5
:106D800005EB850000EB45103044B0F923001EF000
:106D9000FAF93988084480B23880404501D3A7F811
:106DA00000806D1CEDB2102DEAD3FEE308E00CE08C
:106DB00028E02DE03DE067E074E0A0F823A0C2E702
:106DC0009DF86F02FCF7CDFDF6E385480A380068B0
:106DD0001EF0D8F90123854A85490FF0BBFE834890
:106DE00087F8EFA05346417802788DE80E0083784B
:106DF000C27800E0FEE341798079F4F76BF9F4F7AB
:106E000060F9D9E388F81950744807F0A6FDD3E378
:106E10009DF870129DF86F02091A00EB001000EB4C
:106E200040027448491C00EB4200F9F708FCC3E338
:106E3000BFE39DF86F52704E1FE0F02D1BD2C5EBE3
:106E4000C50000EB800006EB40000123C17A8DF8FD
:106E50000010817A8DF80110017A8DF80210407AC5
:106E60008DF8030097F832008DF804001A4602A945
:106E70006846FEF7C2FA6D1CEDB29DF87002A8429A
:106E8000DBD8F9F79BFE90E300959DF86F02012394
:106E9000C0EBC0015948002200EB8100411DFEF704
:106EA00067F889E35648007811288DD1554A564B2A
:106EB000564D574E574F0020514642F8201043F888
:106EC000201025F8101026F8101027F81010401C7C
:106ED000C0B20328F1D368E3FFE73F488079162862
:106EE0002CD017282AD05F2C28D09DF86E125E294E
:106EF0003AD09DF870029DF86F22801ABDF8712279
:106F0000401C5043ABF80A00BBF80A20B2F5FA7FE8
:106F100037D84148130A4370027081709DF86F2280
:106F2000C2709DF870220271BDF871224271120A7E
:106F30008271102921D074291FD022E0D8F80000D6
:106F4000354982788A70C278CA7002790A71D0F89D
:106F50000520C1F80520D0F80920C1F80920D0F893
:106F60000D00C1F80D000CE0BDF871224FF6FF7066
:106F700000EA4202ABF80A20C6E7009942EA410162
:106F80008171162C75D00EDC162C61D2DFE804F06E
:106F900060617283F8939FAA6060F7F6F5F4F3F2EC
:106FA000B7CAD76060F9562C74D040DCA4F11E003B
:106FB0000D28EAD232E000006C2200206D22002071
:106FC0006E220020365300200C3B002040950360C9
:106FD0002C4300209C310020520002606E0D0260A4
:106FE0009A7C0160621B0260C420002044230020C0
:106FF000609A0360DA100260CC420260ACF4026076
:10700000E20902607C8703607087036064010060AE
:107010006A01006070010060387A0160DFE800F00A
:10702000F3181818F218F1F0EF18EE9DED00A4F126
:1070300057000D28A9D2DFE800F0EC0B0B0BFA0B80
:107040000B070BEAE9E8E7009BA8FEF7D7FAFE4E2C
:107050007FE29DF86F02402870D29DF8701240299F
:10706000FAD288426AD8C0EB001000EB4000F74922
:1070700036E00FE19DF86F024028EDD29DF87012C6
:107080004029E9D28842EDD8C0EBC00101EB0011E4
:10709000EF484EE1D6E09DF86F028028DCD29DF8E3
:1070A000701280294AD2884248D8C0EBC00101EB57
:1070B0004010E84914E09DF8700208283ED89DF879
:1070C0006F02E549C0EBC00000EB400042E09DF8D4
:1070D0007002042832D89DF86F02E04900EB40109E
:1070E000461836E29DF87002102827D89DF86F02E6
:1070F00000EB800101EB4011D94828E157E29DF8EF
:10710000700210281AD89DF86F0200EB4001C1EB05
:10711000C011D44800EB0111009800EBC00202EB53
:10712000001008E09DF87002082807D89DF86F024B
:10713000CD4900EBC00001EB00160AE276E09DF8B5
:107140007002042872D89DF86F02C0EBC00101EBF9
:107150000010C64901EB4006FBE19DF870020828CB
:1071600064D89DF86F02C24900EBC00001EBC00675
:10717000EFE106E0F5E0DFE0D0E0E1E14AE02EE01B
:107180000EE001F049F91DF0FDFFB6490A390E463F
:107190000860B84800780871B74800784871D8E1AD
:1071A0009DF87002102841D89DF86F020025C0EBB1
:1071B000C001B24800EB81068046C5EBC50108EB73
:1071C0008107F91C3846FDF70DFB07F10E01C81EBB
:1071D000FDF708FB6D1CEDB2102DEED3B9E19DF863
:1071E00070020C2822D89DF86F0200EB800101EBA1
:1071F000C001A34800EBC106ABE199E13EE087E0A6
:1072000084E081E0A5E0A3E173E079E0B5E003E18B
:107210000DE023E09DF87002102807D89DF86F025A
:10722000C0EBC00101EB0011964882E074E09DF8CC
:107230007002F02870D89DF86F02C0EBC00000EB20
:10724000800109E09DF87002102865D89DF86F0252
:1072500000EBC00101EB00118B486AE09DF8700261
:10726000502859D89DF86F0200EBC00101EB0011C6
:10727000854800EBC10606F548766AE19DF8700284
:10728000802849D89DF86F02804900EB800001EB0F
:1072900080065EE14546D8F80000FCF7F4F94FF4AB
:1072A000C871CDF8F804ABF80A102E68784816F8C3
:1072B000161F817536F8041B090AC17556F8041C9F
:1072C000090C017656F8041C090E417616F8081CC4
:1072D000817436F8081C090AC17456F8081C090C98
:1072E000017556F8081C090E417516F8091C417401
:1072F0002FE100F0DAFE67490E4681F8149028E18C
:1073000000F0D3FE644E24E1644E22E1644E20E19D
:1073100004F0C6FD634E1CE17DE046E19DF870027D
:10732000102878D89DF86F0200EB001000EB4001A8
:107330005D4800EB41060CE19DF8700208286AD810
:107340009DF86F0200EBC00101EB001157480E18C9
:10735000FFE09DF86F02C0EB0010C0EBC000C61943
:10736000F7E09DF87002082855D89DF86F0200EBF1
:1073700040014F4800EB0116EBE0504A0020014667
:107380004C4EDFF834C192F800E023E0C1EBC102BB
:1073900093199F79DC2F0DD2B35CDFF8248108EBC1
:1073A000D30803F0070398F8008005FA03F318EAFE
:1073B000030F0DD0232F0BD0B35C00EB40020CEB7E
:1073C0004202401C9370C2F803A082F801A0C0B230
:1073D000491CC9B27145D9D33B4A0021DFF8E4808A
:1073E0005646177811E02B2201FB02839A7C52B992
:1073F00000EB40020CEB4202401C557096701B687B
:10740000C2F80330C0B2491CC9B2B942EBD38CF800
:107410000000294E9DE0C1E02C4F2D4E002557F86D
:1074200025001DF0AFFE06EB85016D1CEDB2C1F825
:107430000200182DF3D36FF0AA001DF0A4FE3080D7
:10744000552086F8920045E0FEFB01602CC30460E5
:1074500036530020B21D02606C8402607C8C026096
:10746000621B02609A7C0160BC850260008D026034
:107470003C8A02604221002011210020323102604A
:107480004C330260EC3F0260CC4202603870016015
:10749000387A0160570D02606E0D02607E0902604D
:1074A0007A070260B88D0260DA1002601A19026071
:1074B000E2190260F48F0360D60B0260FB2000200B
:1074C000B89303603C040360B62000206C050160A3
:1074D000460A0260DFF8B083DFF8B0A3002558F851
:1074E00025001DF04FFE06EB8507C7F89F005AF8F0
:1074F000250093371DF046FE3860E54830F9150049
:107500001DF041FE06EB450727F8AB0FE14830F9C7
:1075100015001DF038FEF880DF4830F915001DF029
:1075200032FE6D1CEDB2B881032DD8D3DB4E10E0D6
:107530009DF86F02C0EBC00101EB0011D84859E67D
:107540009DF86F0200EB400101EBC001D548FEE65B
:10755000D54E1EB3B9F1A00F0CD29BF80400BBF8B6
:107560000A2040F2522183188B425AD2CF49084454
:10757000314611E00E22CD48DDF8041521F0A2F9C4
:107580009BF80410BBF80A2040F2522011448142BB
:1075900047D2C64831460E3021F094F903AAC349B8
:1075A000062019F05FFCCDF8F4047A2C01D0C82C29
:1075B00002D10120CDF8F404B9F1A00F35D2DDF8E5
:1075C000F40400282DD04FF41671B84821F093F937
:1075D00003A9B64819F00CF9B449CDF8DA14CDF87E
:1075E000DE040DF2D441DDF80405FEF709FF7A2C24
:1075F00004D000E015E0162C08D00BE04A460DF24E
:10760000D441DDF80C051CF069FB03E0DDF8F8045B
:10761000012806D14A460DF2D441DDF80C051CF0D4
:107620005DFB0DF2145DBDE8F08FA9F1A0000446EA
:1076300007F060F99BF80A005D460E30C1B29B4826
:1076400007F021F9994A6989030A0A4410319373B2
:10765000D073E2B289B2954807F02CF9E1E770B532
:1076600000235C1E28B10578102D02D14578042D29
:1076700001D0204670BD022904D9801C891EFEF766
:10768000AFFC0346184670BD70B5040015460E46A3
:107690004FF000000FD020704FF4167119F0AAFCC3
:1076A0006070A6701220E0704FF41571201D2A46FC
:1076B000FEF77CFE001D70BD2DE9F0410400069E22
:1076C000984617464FF000003BD050202070617064
:1076D0001220A070E01C002119F035FDC51C6019B6
:1076E00039461AF05FF90544601941461AF05AF913
:1076F00005446019002119F039FD054432886019EC
:1077000001211AF002F90544D6F80220601902217D
:107710001AF0FBF805446019032119F014FD054423
:10772000002005E0D6F80610095C6155401C6D1C70
:10773000D6F80A108142F5DC6019032119F016FD14
:107740002844BDE8F0812DE9FE434FF000050A9E74
:10775000984617465FEA010904468DF800500195E6
:1077600002955DD0002E5BD02046002119F0F4FD7B
:1077700090B3601C01AA694619F044FD451C9DF8B0
:107780000000092812D1601902AA01991AF0E7F83D
:1077900005440FB102983870601901AA694619F0C2
:1077A00031FD05449DF80000092802D00020BDE805
:1077B000FE83601902AA01991AF0D1F80544B8F1C4
:1077C000000F02D0029888F800006019002119F01B
:1077D000D9FD0028EBD06D1C601902AA01211AF016
:1077E00069F84FF0FF3700281CDB05440298308011
:1077F000601902AA02211AF05DF8002812DB054484
:107800000298C6F802006019032119F0A5FD48B1DD
:107810006D1C601946F8060FA9EB0500401E70604C
:107820002846C4E73846C2E770B5040016464FF054
:10783000000027D03020207061701220A0703288A4
:10784000E01C00211AF061F8C51CD6F8022060196E
:1078500001211AF05AF805446019022119F073FC4D
:107860000544002005E0D6F80610095C6155401C6F
:107870006D1CD6F80A108142F5DC6019022119F05E
:1078800075FC284470BD00007C870360708703602E
:10789000640100606A01006070010060460A0260D5
:1078A0000C3D026068C6026018C70260387A016049
:1078B000F0B5FE48002140252D261022082304277C
:1078C0002E24172919D2DFE801F00C1219242B32CB
:1078D0003BA95159666C73838D7A96A1A9A9A9A970
:1078E0004400DFF8CCC3C0F800C0067104E0DFF844
:1078F000C4C3C0F800C0047145718FE0DFF8B8C39D
:10790000C0F800C04FF0270C80F804C04FF0800C86
:1079100029E0DFF8A8C3C0F800C04FF01C0C54E009
:10792000DFF89CC3C0F800C04FF02A0C56E0DFF827
:1079300094C3C0F800C04FF0210C80F804C06CE084
:10794000DFF884C3C0F800C04FF0250C3DE0427161
:1079500064E0DFF878C3C0F800C04FF0690C80F82D
:1079600004C04FF0050C80F805C057E0DFF860C395
:10797000C0F800C006714FF0020CF4E7DFF850C306
:107980000CF15A0CC0F800C04FF0680C80F804C02D
:107990004FF00C0CE7E7DFF83CC3C0F800C00471FF
:1079A000D5E7DFF834C3C0F800C04FF00B0C0CE093
:1079B000DFF828C3C0F800C04FF0660C05E0DFF820
:1079C00020C3C0F800C04FF01E0C80F804C0BEE712
:1079D000DFF810C3C0F800C04FF0190C80F804C0E5
:1079E00043711BE0DFF8FCC20CF1C80CC0F800C00A
:1079F0004FF0300CF2E7DFF8F0C2C0F800C04FF0F3
:107A0000900C80F804C04FF0090CACE7DFF8B4C26A
:107A10000CF1840CC0F800C004714771491C09B214
:107A200008301429FFF64DAFF0BD2DE9F04FAF48F7
:107A300087B001250570AE4800274FF43861076014
:107A4000AC4807609B4820F056FFAB4E002106F182
:107A5000B900069017300590173004908A300390D3
:107A600017300290934C1730DFF890B24FF0050AB0
:107A70004FF00209019001F10108C4F81E701FFACD
:107A800088F29FA1204622F041FA84F822A084F8CF
:107A9000237084F8265084F8277084F8285084F8DE
:107AA000295084F82B7084F82C701FFA88F204F1A6
:107AB000150095A122F02AFA4FF438718E4820F073
:107AC0001AFF06F8B85F92A1A6F81570069820F084
:107AD0004DFFF575B58590A1059820F047FF86F814
:107AE0002E50A6F843908DA1049820F03FFF86F811
:107AF000B850A6F8CD7086A1039820F037FF86F81D
:107B0000CF50A6F8E45086A1029820F02FFF86F807
:107B1000E650A6F8FB9084A1B83E019820F026FF1D
:107B200083488BF8195005700DF0DDFC1FFA88F1C1
:107B30002E3440299FD34FF434615D4820F0DBFEA2
:107B40005B4C0026761CC4F81E7084F8287084F8FC
:107B50002370B2B277A1204622F0D8F9B2B204F174
:107B6000150074A122F0D2F984F82270B6B22D3437
:107B7000402EE7D34FF4E071504820F0BCFE4F494F
:107B80000020401C4D7580B21C311028F9D34FF4F1
:107B900014714D4820F0AFFE4B480021491C80F87D
:107BA000205080F82170C78389B225301029F5D381
:107BB000DFF888814FF4FA416148A8F8187020F086
:107BC0009AFE5F4B00214FF4FA6401EB4102C2EBD5
:107BD000C112002003EB02121754401C80B2A042D5
:107BE000FAD3491C89B21029EFD34FF49C51324883
:107BF00020F081FE304C0026032EC4F81E7084F85D
:107C0000227084F8235084F8259084F826702ED2B0
:107C1000C6EBC6004B4900EB40000144152220464C
:107C200020F050FE474A06EBC6013F321144204681
:107C30000A6840F8152F4A684260097A017226B135
:107C4000012E0BD0022E12D10CE084F8235084F8C0
:107C5000265044F62061C4F81E1008E0C4F81E70D7
:107C6000662102E0C4F81E70672184F82610761C95
:107C7000B6B22734802EBFD34FF43871154820F0A8
:107C80003AFE44F2A011304820F035FEA8F81470F6
:107C900010494446A8F81670002081F82970401C4D
:107CA00080B22E311028F8D350E00000EE080260B8
:107CB0002CC3046036530020B21D026032310260D2
:107CC0006C8402607C8C0260621B0260295100207F
:107CD000F2320260EC3F026068C60260DA100260B5
:107CE0003A1702601A190260BC8502607C000060CD
:107CF00088000060802000200C3D02605E19036057
:107D0000494E202564000000494E25640000000013
:107D10004155544F000000004F4E00004F464600B2
:107D2000434F4F4C00000000484541540000000004
:107D30008E2100204F55542564000000AC20002007
:107D40009A7C0160C0C00308CC4202604FF4887185
:107D5000FE4820F0D0FD4FF4C071FD4820F0CBFD6F
:107D600040F20D21FB4820F0C6FD4FF42061FA4897
:107D700020F0C1FD4FF45861F84820F0BCFDF748F1
:107D80006771A77100214FF05536C0F80560C772C2
:107D9000491C89B21B308029F7D3F148E771DFF81D
:107DA000C4830770002505EB850108EB81001421D1
:107DB00020F0A1FD6D1CADB2142DF4D3DFF8A89313
:107DC00067720025B046C5EBC50109EB81061C2191
:107DD000304620F090FD6D1CC6F80580ADB2F772FC
:107DE000802DF0D3E14827724FF4A8710770E04866
:107DF00020F081FDDE4D0020401CAF77EF7780B290
:107E00002A350828F8D34FF490663146D94820F037
:107E100072FDFF223146D84820F066FD8421D74804
:107E200020F069FD0020AF77EF77401C80B221354C
:107E30000428F8D3D148B821843020F05CFD42F208
:107E4000B261CF4820F057FDFE21CE4820F053FD0F
:107E5000CC484FF48051FE3020F04DFDC94D00213B
:107E6000FE35C94ADFF824C30A26002005EB81133A
:107E700043F82020401C80B21028F9D30CF8016090
:107E8000491C89B24029F0D3C149002041F8207033
:107E9000401C80B24028F9D35A21BE4820F02BFD67
:107EA000B021BD4820F027FDBB484021B03020F074
:107EB00022FDA748C821C83820F01DFDB5484FF461
:107EC0009C6529465A3020F016FD2946B34820F01B
:107ED00012FD42F62031B24820F00DFD4FF4C8717A
:107EE000B04820F008FD4FF41651AF4820F003FDD4
:107EF000A84900205A310F2281F85E20401C80B230
:107F000068310C28F8D3A9484FF4EE71A06220F034
:107F1000F2FC6770277067824FF4CC61A44820F0B0
:107F2000EAFCA3480021491CC7718772A0F855706C
:107F300089B266301029F6D34FF4F0719D4820F0D5
:107F4000DAFC9D481F211C220170427081701E22A4
:107F5000C270017142718171C1710272417282728B
:107F6000C17269460D200EF0E5FF0C200DF10101F4
:107F70000EF0E0FF9DF800009DF801104FF47A75B7
:107F800000EB01208D492A46088080218C4820F092
:107F9000ABFC8B482A468021803020F0A5FC802154
:107FA000884820F0A8FC87488021803020F0A3FC7E
:107FB000FFF77EFC40F28111834820F09CFC67486B
:107FC0001421143820F097FC6021804820F093FCA5
:107FD0007F4D45F2FF5060212880A81C20F08BFCCB
:107FE000552085F8920005F11E000A2140F8757FA2
:107FF0004760876005F19E0040F8017F4760876019
:10800000C7600782C0F81270C78287618783A5F1B5
:1080100064000770A0F27E4020F06DFC41F2CC01BC
:108020006C4820F068FC4FF41675A77229466A4820
:1080300020F061FC6948294607806948076047606D
:108040008760684820F057FC67832021664820F04D
:1080500052FC2021654820F04EFC574864219C309A
:1080600020F049FC4FF4B471614820F044FC3B48D7
:108070001421143820F03FFC7C215E4820F03BFCAA
:108080005D4840F85C7F8780877107B0BDE8F08F5E
:1080900010B51721594820F02EFC5848BDE8104073
:1080A0004FF4C871173020F026BC2DE9F047524C30
:1080B000524E554FE07BB070207CF070607C307188
:1080C000A07C7071BA20B071C020F071207830723D
:1080D00060787072A078B072E078F07220793073B6
:1080E000474806F11705007885F8CE004548007826
:1080F00085F8ED00386A3080000CA6F81500B4F859
:108100002100A6F80F00E179F1742C490988A5F83F
:10811000AF10A5F8C300786A1DF034F8C5F8CA009E
:108120003A4940F64400A6F811000988A5F8BF10A6
:10813000E88220786178E27800EB0120A1780904D8
:1081400001EB02610844C5F8B10061E0582D002040
:10815000E219026029510020387001602CE70260AA
:1081600084010060AC020360ACF402603E01006078
:108170006C840260BC8502603C8A02607C8C026078
:10818000B88D02606AB4026000007F43682E002050
:1081900068C50260F232026068C602602C38026074
:1081A000DC2C0160CC0501605C070160FE0E026002
:1081B000DA1002603A170260E208026042210020F1
:1081C0006E0502606E060260D60B02606C050160EF
:1081D000460A02603C0403609AF90160A420002072
:1081E000F2FB01600C030260B65E0020D65E002048
:1081F0007A070260909E0360A43A0020570D026047
:108200001121002087010060AC20002044210020C3
:1082100094F8500085F8EE00E07C2873207D6873A8
:10822000607DA873A07DE873E07D2874207E68746B
:10823000207985F8C500F878B073E17B2970217C3E
:108240006970617CA970A17CE970617E2971A17E51
:108250006971E17EA971217FE971617F2972A17F36
:108260006972E17FA97294F82010E972FE490978D9
:10827000012904D0022994F8231004D004E094F8D2
:108280002310803100E04031E97494F8441085F8FF
:108290002F1094F8451085F8301094F8461085F8A2
:1082A0003110F24A94F8471085F8AA10518869767F
:1082B0009288AA762A2901D3012A27D095F8F610A8
:1082C00001F0FE0185F8F61094F8481085F8AE101C
:1082D00094F8511085F8F0104FF0010A01291AD0D6
:1082E000002185F8EF10B4F8421085F83210090A21
:1082F00085F8081194F823104FF02308491E4FF019
:108300004A0903290AD885F8338009E095F8F61060
:1083100041F00101D6E785F8EFA0E4E785F8339056
:10832000E1796975A17AE976E17A297694F82810DD
:1083300085F8261094F8291085F8271094F82A104B
:1083400085F8281094F8521085F8F71094F8531017
:1083500085F8F81094F8541085F8F91094F8551031
:1083600085F8FA1094F8561085F8FB1094F8571019
:1083700085F8FC1094F8411085F80E1194F8271038
:1083800005F82A1FBA4938340978A970B94909781B
:10839000E970B94909782971E877386A1CF0F2FE6A
:1083A000C5F89C0085F81EA01422B449B4482A3DA3
:1083B00020F088FAB348007885F8C20014F8150C4C
:1083C000383C28B1401F072805D886F80D9004E0F6
:1083D0003220707301E086F80D8034F8580F25F8CC
:1083E000F30FB878A8703879A875A5486168C230CD
:1083F00040F8071F21898180A17A8171E07A687431
:10840000207BA874607BE874A07B287514F8090CA5
:10841000A876BDE8F087704710B59B489B4C007864
:10842000A8B19B489B49B0F80700CA8990420ED377
:10843000098A88420BD8F0F72CFEB4F900104942A3
:1084400001EBC10100EB8100A0F5616010BDF0F708
:1084500020FEB4F90010494201EBC10100EB81009C
:1084600010BDFFF7E2BA70B58EB081218DF8001013
:108470000B218DF8011000238DF802301C218DF89E
:10848000031001228DF8042028218DF80510FF210A
:108490008DF806108DF807107F498DF8083009888F
:1084A0000C0A8DF809408DF80A102B2148437B49AE
:1084B0008DF80B2008441A24417A8DF80C10FE2107
:1084C0008DF80D1010218DF80E108DF80F30D0F8AA
:1084D00016100491817E8DF8141022218DF815104C
:1084E0008DF81620E0218DF8171091218DF81810C5
:1084F00003218DF81910C17E212909D00021C1F175
:108500001A0202449279212A04D0222A09D00FE0CB
:108510000121F4E7C1F10A010844C08AADF81A004C
:1085200005E021208DF81A0094208DF81B001C24F2
:108530005B4D40F22D115B4E28782246484306EBF6
:108540004000694620F0BEF9287840F22D114143E1
:1085500006EB4101401CA1F8584228700EB070BDD6
:108560002DE9F0415049054691F82800092807D027
:10857000012805D091F82A00092801D0012819D135
:10858000444FB87A002815D048490020434E08705F
:1085900043490446087055B11BE02B2000FB0460E2
:1085A000807C10B92046FFF75EFF641CE4B2B87A05
:1085B0008442F2D3BDE8F0812B2000FB0460817C73
:1085C00029B90068A84202D12046FFF74CFF641C7D
:1085D000E4B2B87A8442EFD3ECE72DE9FF5F1446AA
:1085E000DDE90F67DDF838A00D4603007DD0294A8C
:1085F00000204FF0050EDFF8A4C0917A934612E0F8
:108600002B2202FB00C2D2F80080984509D1927C4F
:10861000B24206D14FF02B0808FB00C888F813E0DF
:1086200003E0401CC0B28842EAD324B9012E5CD1D9
:10863000012F00D02C79642957D84FF00009012E62
:1086400001D0022E0ED1012F0CD1FF2C02D12A799C
:1086500002B114469BF80320944203D2DFF848800D
:1086600088F84D90884223E0942100206E07026034
:1086700013210020142100201521002018E702609A
:10868000A20D0260B822002011210020422100200A
:1086900044230020AC200020442100203C0403603F
:1086A000E42100200C9F0360A43A0020F821002060
:1086B0004BD12B204143E04601EB08000821036029
:1086C00086748172D5F80110C160B5F80510018279
:1086D00080F813E05146BAF1140F04D20A4616305E
:1086E000039920F0EFF85B4600E02EE09BF80A10BB
:1086F0002B2000FB0180012E80F82AA005D0DA781B
:108700000271447280F80A9017E00471AA7A012A73
:1087100003D0062A03D0447203E0EA7A00E0AA7B81
:108720004272AA7A4AB9012F07D1FF2C05D12A79C2
:1087300042722A7902710122827280F81590491CD6
:10874000C8B2FD498BF80A008887BDE8FF9F30B5A5
:10875000FB4B4FF47A72FB4C1A600022F749052359
:10876000A47A08E04D7A854202D18D7C05B9CB749C
:10877000521CD2B22B31A242F4D330BDF14A9089BF
:10878000411C91813C280ED300209081EB480021B0
:10879000937A06E010F8132F521E491C00F8182B8C
:1087A000C9B29942F6D3704730B5E64C0022E34B8C
:1087B000A57A10E02B2404FB02342479844208D1EA
:1087C0002B2000FB0230C2680A60008A88800120EA
:1087D00030BD521CD2B2AA42ECD3002030BD30B51D
:1087E000D84C0022D54BA57A10E02B2404FB023490
:1087F0002468844208D12B2000FB0230C2680A6042
:10880000008A8880012030BD521CD2B2AA42ECD32B
:10881000002030BD70B5CB4B31B9DAB1022A03D19B
:10882000DA78904200D001460022C44C9D7A0FE0D5
:108830002B2303FB02431E79864207D15B7A8B42CE
:1088400004D12B2000FB0240006870BD521CD2B244
:10885000AA42EDD3002070BD30B5BA4C0022B74B10
:10886000A57A0AE02B2404FB02342468844202D156
:108870000A70012030BD521CD2B2AA42F2D34FF08E
:10888000FF3030BDF0B5AF4C4FF0FF3631B9D3B14A
:10889000022B03D1E378984200D001460023A74D74
:1088A000A77A0EE02B2404FB035494F804C08445FB
:1088B00005D1647A8C4202D1137058B2F0BD5B1CB2
:1088C000DBB2BB42EED33046F0BD70B541780279E1
:1088D00001F01F0102F06002114403290FD00129A9
:1088E0000DD002290BD0A1F11800032805D90938B1
:1088F000032802D92539032928D8012070BD914CBD
:108900008E490022E378A57A11E08C7C64B94E7A16
:108910008478A64204D10E799E4201D1C6780EB168
:108920009C4201D1022070BD521CD2B22B31AA420E
:10893000EBD380789842E0D0834900F0070201EB46
:10894000D0010120097890400142D6D1002070BDAD
:108950002DE9F0410446FFF7B8FF4FF0FF3501283D
:1089600003D0784B022824D037E0784C94F82800C4
:10897000072852D094F82A1007294ED0744E0727A2
:10898000022808D194F84F0028B9307818B984F833
:10899000287003F072FF94F82A0002283DD194F861
:1089A0004F0078BBB07868BB84F82A7003F065FF8D
:1089B00033E062480021DE789A7A0CE0477A94F836
:1089C00002C0674504D10779B74201D1E7789FB16A
:1089D000491CC9B22B309142F0D3207901061CD535
:1089E0004006A178400A00EB0120E178421807D048
:1089F000524800219B7A0CE00179A170407AE07026
:108A00000020D7E509E006689642F5D0491CC9B2B6
:108A10002B309942F7D30020A0702846CAE54B4975
:108A20004C4A91F82A0001280BD0092809D091F866
:108A30002800012801D0092802D11088401C10808C
:108A400070479088401C908070474049424A91F896
:108A50002A0001280BD0092809D091F82800012804
:108A600001D0092802D11088401C108070479088DE
:108A7000401C908070473549384A91F82A000128F7
:108A80000BD0092809D091F82800012801D0092825
:108A900002D11088401C108070479088401C908044
:108AA000704730B5294D2749002295F828002C3110
:108AB000A1F11003012801D0092805D10888441C20
:108AC0000C800F2800D91A7095F82A00012801D0CF
:108AD000092805D18888441C8C800F2800D99A70F9
:108AE00030BD10B5194C94F82A00012801D009288E
:108AF00002D102201BF0A0F894F82800012801D030
:108B0000092804D1BDE8104000201BF095B810BD25
:108B10000E4810B50B4A90F850100023D07A104C34
:108B2000401CC0B219B3FF291CD0D072814202D2BE
:108B3000D372C4F8803110BDA80202603C04036007
:108B400090010060AC200020B8930360A43A00209C
:108B500050210020640100606A0100607001006023
:108B600000002142D3720120C4F88001E3E7D072F3
:108B70000528DDD8DFE700007047F94931F810001B
:108B80007047F84A22F810107047F64931F8100083
:108B90007047034610B5F44841F2883240F6B834C5
:108BA00090F8231003FB02F003FB04F2940AEE4A50
:108BB000800A0129D2790ED005290CD002290DD0C6
:108BC00006290BD0032905D1072A03D242F26C00F3
:108BD0004343980A10BD162AFCD201E0042AF9D2B8
:108BE000204610BD0246E04842F2107390F8231070
:108BF00002FB03F042F228335A43DB4B800A920A0D
:108C0000DB7901290BD0052909D002290AD00629D0
:108C100008D0032902D1072B00D210467047162B2B
:108C2000FCD2FAE7062BF8D3704730B5032803D1FE
:108C3000CE4B1A88521C1A80CD4A105C40F6B832CE
:108C40004A43940AC84A0228D37992F823200AD0CA
:108C5000012822D0032825D0042802D008B10528F5
:108C600000D1204630BD41F2883501FB05F0800A75
:108C7000012A0CD0052A0AD0022A0BD0062A09D0D4
:108C8000032AEFD1072BEDD242F26C0007E0162B3E
:108C9000E8D2E6E7042BE5D2E3E744F6206041435F
:108CA000880A30BD42F2107401FB04F042F228340D
:108CB0006143800A890A012A0BD0052A09D0022AB9
:108CC0000AD0062A08D0032AEBD1072BE9D208469E
:108CD00030BD162BFCD2FAE7062BF8D330BDA548E1
:108CE00000787047A448007870479F4890F82300A8
:108CF000012818D0052816D0022816D0062814D02E
:108D000003281AD00A2812D098B1042813D00728B3
:108D100011D00C2811D0092811D00B2811D00E2801
:108D200011D0002070472020704710207047062087
:108D3000704718207047082070470B2070470D209F
:108D400070471120704715207047874890F823001E
:108D5000012818D0052816D002281AD0062818D0C5
:108D6000032812D00A2812D098B1042813D007285B
:108D700011D00C2813D0092804D00B280DD00E28B0
:108D80000DD000207047182070470820704703203E
:108D900070470A2070470E207047092070470B204B
:108DA000704771496E4A4FF47A7391F823100B297A
:108DB00004D00E290BD0092912D01BE0118B994247
:108DC00002D90C2816D313E00C2813D910E0118C0B
:108DD000994202D910280DD30AE010280AD907E0D9
:108DE000118A994202D9082804D301E0082801D940
:108DF000002070470120704770B504465F4D604EFB
:108E000055F8240056F8241008444FF47A7148436A
:108E10001CF0B8F9C4EBC4015A4A01EB041102EB8F
:108E20004101C1F81E0055F8240056F824100844EA
:108E30004FF47A71484370BDF0B54B4991F8231057
:108E40000E2903D00022032913D000E004224FF49E
:108E500061614D4B1B68B3FBF1F401FB143109B1A7
:108E600001282BD10020474C444D454E474B0C3236
:108E700022E0B421EDE7C0EBC00101EB001104EBEF
:108E8000410191F82D10192903D00F2901D01D2976
:108E900010D155F8201056F82070394453F820703E
:108EA000B94207D03A4F43F8201001217970394F69
:108EB00003213970401CC0B29042DCD3F0BD2DE9D3
:108EC000F043294890F823000E2810D00027DFF83F
:108ED000BCC02D4900200CF1400C0CF1400680462E
:108EE000DFF89C9006F140050C370A6834E004274F
:108EF000EDE7C0EBC001234B01EB001103EB410197
:108F000091F82D101D2925D15CF8203059F820103A
:108F10008B4219D8CB1A56F82040C3EB03139B00A1
:108F2000141BB3FBF4F31C4C44F8203035F810301C
:108F30005C1C25F81040052B0CD346F820204CF87B
:108F4000201025F8108005E025F8108046F8202034
:108F50004CF82010401CC0B2B842CAD3BDE8F08320
:108F60006E0502606E060260A43A0020A80202604C
:108F7000B65E0020FC200020FD2000200C3B0020DD
:108F800040950360365300205C210020982F00207C
:108F90005E1903608E2100202C4300204E4951F8B9
:108FA00020004FF47A7148437047F0B54B4890F871
:108FB00023000E2809D0002500200123484E494CEB
:108FC000494F4A4A86460C351DE00425F4E7C0EBBC
:108FD000C00101EB001106EB410191F82D10192998
:108FE00003D00F2901D01D290BD154F820C057F808
:108FF00020108C4503D2135444F8201001E002F8ED
:1090000000E0401CC0B2A842E1D3F0BD704730B5CB
:10901000384A0021364D14780CE001EB410205EB93
:1090200082025379527A1A44824201D9834203D987
:10903000491CC9B2A142F0D3A14202D14FF0FF3086
:1090400030BD2D48C1EBC101405C2C4900F0070246
:1090500001EBD001012009789040014201D00120AC
:1090600030BD002030BDF0B50246FFF76EFE4FF078
:10907000FF3690421CD81F4800211D4D047813E094
:1090800001EB410005EB80000379077A1F4497420A
:1090900001D993420AD9C378C0791844904201D9C2
:1090A000934203D9491CC9B2A142E9D3A14201D1DB
:1090B0003046F0BD1048C1EBC101405C0F4900F0E3
:1090C000070201EBD001012009789040014201D054
:1090D0000120F0BD0020F0BD2C430020A43A002068
:1090E000365300207830002040950360509A03608A
:1090F0005C780360FB200020F48F0360B89303606A
:1091000010B5044690F82200FF280FD194F82500EE
:10911000FF280BD194F82600FF2807D194F82800E7
:10912000FF2803D194F82C00FF280AD0092104F16C
:10913000150000F0BEFE30B11321204600F0B9FE4C
:1091400008B1012010BD002010BD10B5044690F8F4
:109150002200FF281BD194F82600FF2817D194F88D
:109160002700FF2813D194F82800FF280FD194F886
:109170002900FF280BD194F82B00FF2807D194F881
:109180002C00FF2803D194F82D00FF280AD00921D4
:1091900004F1150000F08DFE30B11521204600F0DD
:1091A00088FE08B1012010BD002010BD10B5044696
:1091B00090F82200FF280FD194F82300FF280BD14C
:1091C00094F82400FF2807D194F82500FF2803D144
:1091D00094F82600FF280AD0092104F1150000F0B8
:1091E00068FE30B11521204600F063FE08B1012071
:1091F00010BD002010BD2DE9F0470746FE480024B1
:1092000000EB8700DFF8F48306884588DFF8F093E9
:109210004FF4006A0AE006EBC42202EB090008EBF7
:10922000C4215246F1F77CFD641CE4B2B4EBD52FA7
:10923000F1D35FB1012F0ED0022F11D1EF49F148C8
:109240004FF49C52BDE8F0471FF03CBB4FF4346232
:10925000EA49ED48F6E74FF43862E849EB48F1E7B0
:10926000BDE8F0872DE9F0470025DFF89CA3DFF883
:109270008883DFF88C93A2B02E462C46C4EB0410F2
:1092800000EB400707EB0A00FFF73AFFC8B1B8F858
:10929000001007EB090008442D226946F1F740FD54
:1092A0006F463846FFF72CFF58B92D21384600F09D
:1092B0000DFE30B9761CB6B2022E02D945F001057A
:1092C00003E0641CA4B2402CD8D30026DFF83CA3F2
:1092D0003446C4EBC40000EB04170AEB4700FFF769
:1092E00034FFC8B1B8F8041009EB470008442E2237
:1092F0000CA9F1F715FD0CAF3846FFF726FF58B95A
:109300002E21384600F0E2FD30B9761CB6B2022EAE
:1093100002D945F0020503E0641CA4B2402CD8D366
:109320000026DFF8E0A23446C4EBC40000EB44178B
:1093300007EB0A00FFF73AFFC8B1B8F8081007EBCF
:1093400009000844272218A9F1F7EAFC18AF3846AB
:10935000FFF72CFF58B92721384600F0B7FD30B988
:10936000761CB6B2022E02D945F0040503E0641C57
:10937000A4B2802CD8D3284622B071E770B59F489C
:1093800000252C461A211A381FF0B5FA00209B4EF2
:10939000994A1A3E0346172866D2DFE800F00C10FF
:1093A000151A1F242865652D32623741453C4A4F06
:1093B000535865655D0000254FF4346454E0291965
:1093C0008DB24FF438644FE029198DB24FF49C549C
:1093D0004AE029198DB24FF4E07445E029198DB2A5
:1093E0004FF4A87440E029198DB284243CE0291977
:1093F0008DB24FF4147437E029198DB24FF49C6488
:1094000032E029198DB24FF438742DE029198DB24C
:109410004FF4CC6428E029198DB24FF4F07423E0A6
:1094200029198DB2C8241FE029198DB24FF4C074D8
:109430001AE029198DB24FF4906415E029198DB204
:10944000B82411E029198DB240F2F2640CE0291918
:109450008DB244F2A01407E029198DB240F20D2418
:1094600002E029198DB2B024610504D0E10AC902D5
:1094700001F500618CB202EB80010D804C80335409
:10948000401CC0B2182886D36149002000EB80023E
:1094900002EB40120A44401CC0B2A2F8233010284C
:1094A000F4D370BD2DE9F0410D46064600244FF47B
:1094B000806706EB4400F1F7B2FB35F814108842E0
:1094C00002D00020BDE8F081A00601D1EFF759FCE1
:1094D000641CA4B2BC42ECD30120F3E710B54D48A4
:1094E000F1F79DFB04464B48801CF1F798FBA4F56F
:1094F00025415A393FD101283DD14648001DF1F799
:109500008EFB04464348801DF1F789FB44EA004482
:109510003B4840422044B0F5BC3F01D8600502D032
:10952000F1F716FB21E04FF400623B493B48F1F7AD
:10953000F7FB39492046FFF7B5FF0028F0D1EFF7D8
:1095400020FCF1F705FB2046F1F730FBEFF719FCA3
:109550003149204600F0C6FC2F492046FFF7A2FF04
:1095600018B12F48418C491C418400F0D2FCBDE861
:109570001040F1F7F3BA10BD7CB50D460446EFF785
:1095800000FC4FF40066324626492046F1F7C8FB3E
:109590003246294623481FF0DCF900286FD0EFF748
:1095A000F0FBF1F7D5FA1D4E3046F1F7FFFAEFF771
:1095B000E8FB2946304600F095FC29463046FFF787
:1095C00071FF88B34AF25A50ADF800000120ADF89F
:1095D0000200ADF80440200CADF80600EFF7D1FB17
:1095E0000C4E3046F1F7E2FAEFF7CBFB0422694666
:1095F0003046F1F71FFB18E0987703607819036095
:1096000000800608B21D02602CC30460365300209F
:10961000621B026000A807089867036000A00708A3
:10962000A8020260986F036010E0EFF7AAFB2046E3
:10963000F1F7BCFAEFF7A5FB2946204600F052FCF3
:1096400029462046FFF72EFF20B10CE0F1F786FAFD
:1096500000207CBDEFF795FB2046F1F7A7FA2946DD
:10966000204600F03FFC00F054FCF1F777FAEFF7EA
:1096700088FB29462046FFF715FF0028E9D0012086
:109680007CBD70B5FE4C607E012833D172B6F1F717
:109690005FFAFC4D2846F1F789FA4FF40A72FA494D
:1096A0002846F1F755FBB822F849F948F1F750FB85
:1096B000EA14F849F848F1F74BFBF5481422F7494A
:1096C0002838F1F745FBF2481422F5491438F1F730
:1096D0003FFBEF486422F349B830F1F739FBEC481F
:1096E0000722F1493038F1F733FBF1F737FA62B668
:1096F0000020607670BD70B5E14C207E01281CD141
:1097000072B6F1F725FAE94D2846F1F74FFAE74826
:109710001422E749A030F1F71BFB4FF41072E54922
:10972000E548F1F715FB7C22E4492846F1F710FBE8
:10973000F1F714FA62B60020207670BD2DE9F047EB
:109740000024DFF87C93DFF87CA34FF4FA67DFF89E
:109750007883EFF716FB09EBC4263046F1F726FABB
:1097600004EB840000EB441101EB0A05B5F923007A
:109770001BF009FD00281ADDB5F923001BF003FDDD
:10978000B84214DCB5F923001BF0FDFC81B208EBF4
:10979000C420F1F728FA04EB4400CC49C0EBC41014
:1097A00001EB001130463A46F1F7D2FA04E008EB3B
:1097B000C4200021F1F717FA641CE4B2102CC8D3BE
:1097C0004EE52DE9F05FFFF789FEDFF8B482002453
:1097D00018F80400012871D1BD4844F61F6100EB60
:1097E000840046880788701E884204D8A448314601
:1097F0001A301FF080F8172C18D2DFE804F00C1094
:1098000023272B2F3217173A3E4217494C45505405
:10981000575B171736004FF43462AE4902E0AE4989
:109820004FF4386296481A301FF04CF80F2C46D08F
:10983000DFF84CA200250AF11A0ADFF8A0B2DFF81F
:10984000A09255E04FF49C52A649EBE74FF4E0722A
:10985000A549E7E74FF4A872A449E3E78422A449A5
:10986000E0E74FF414729749DCE740F20D22A1497A
:10987000D8E74FF49C62A049D4E74FF438729F496F
:10988000D0E7B0229E49CDE74FF4F0729D49C9E779
:10989000C8229D49C6E74FF4C0729C49C2E74FF405
:1098A00090629B49BEE7B8229A49BBE74FF42F72FA
:1098B0009949B7E744F2A0129849B3E71EE072B69F
:1098C000F1F746F9FFF73AFFF1F748F962B612E00F
:1098D00007EBC52101EB0B000AEBC521FFF74CFE9E
:1098E00020B9B9F85210491CA9F852106D1CEDB2FC
:1098F000B5EBD62FECD3002108F80410641CA4B2F9
:10990000182CFFF465AFFFF7F6FEBDE8F05FB8E690
:109910002DE9F047654814226549A030F1F700FAB7
:1099200063480178FF2906D14078FF2803D114212C
:109930005F481EF0E0FF4FF410725E495E48F1F799
:10994000EFF94FF40A7250494E48F1F7E9F9B8229D
:109950004E494F48F1F7E4F94D4864225149B83077
:10996000F1F7DEF9484C4FF6FF77DFF81491B4F8C1
:10997000CD00012500264FF00208B8421BD104F8A3
:10998000B85F4148A4F8156065A1B9301EF0EEFF3C
:109990003D48E575A58564A1D0301EF0E7FF84F849
:1099A0002E503948A4F8438060A1E730B83C1EF03F
:1099B000DDFF89F81950B4F88501B8421CD184F84C
:1099C00070513248A4F8856155A1B73804F5B874D0
:1099D0001EF0CCFF2D48E575A58555A1A0381EF0D9
:1099E000C5FF2A4884F82E50A4F8438052A1893834
:1099F0001EF0BCFF89F81950254807222A49303843
:109A0000F1F78EF928485C3890F85C10FF290FD1E7
:109A1000C665A0F8606080F8626080F85C5080F8ED
:109A20005E5090F823100B2912D0092180F85D10A8
:109A30004FF4C87242494348F1F772F97C221F493A
:109A40001A48F1F76DF91D480178FF2902D008E0A6
:109A50000D21EBE74078FF2803D17C2117481EF049
:109A60004AFF4FF480720B490B48F1F759F9094A44
:109A7000354C00204FF09F4C52F82010A14265E079
:109A80005E190360008807080C3D0260343F0260E5
:109A9000588B070868C50260288A07082C20002018
:109AA000402000207E090260003B00200080070863
:109AB00018E702603C8A026030850708909E0360C8
:109AC00000000608621B0260D00706089A7C01604D
:109AD000987703602CC3046036530020008006088A
:109AE000A8020260B21D0260323102606C84026022
:109AF0007C8C0260295100204C330260EC3F0260F4
:109B000068C602603A1702601A190260E219026020
:109B1000BC850260008D0260F48F0360CC4202605D
:109B20004155544F000000004F4E00004F46460084
:109B3000434F4F4C000000004845415400000000D6
:109B4000081503600098070800FF7F4704D06145AF
:109B500002D011F0FF4F01D142F82060401C80B2CA
:109B6000F34BF44FF44D4FF4C061402884D3894641
:109B70000A46394698461846F1F7D2F8D7E9000167
:109B80001FF04EFB2BD1D7E902011FF049FB26D174
:109B90003968A94223D0B868A84220D02646B142ED
:109BA0001DD0B0421BD072B6F0F7D2FF4046F0F79E
:109BB000FDFF0021002007EB811242F82060401CCD
:109BC00080B21028F9D3491C89B21829F2D34A4629
:109BD000D8494046F1F7BCF8F0F7C0FF62B6002163
:109BE000002007EB811252F82030A34201D142F845
:109BF0002050401C80B21028F5D3491C89B2182986
:109C0000EED31422CD49CE48F1F78AF8BDE8F047EB
:109C1000CB481422CB491430F1F782B82DE9F04734
:109C2000C9490020DFF82493DFF82483C94F088056
:109C300004464FF4FA6609EBC420F0F7F0FFB04297
:109C400000D9002000B21BF09EFA04EB840101EB66
:109C5000441202EB0805A5F8230000B21BF093FAAA
:109C6000002812DDB5F923001BF08DFA3246904230
:109C70000BDC04EB4400C0EBC41007EB0011B6484A
:109C800000EBC420F1F74CF808E004EB4400C0EB13
:109C9000C41007EB001031461EF02DFE641CE4B228
:109CA000102CC8D38CE52DE9F04FFFB00020ADF8A3
:109CB0000100FFF713FCDFF8A482A94F002544F64A
:109CC000206BA8488DF8005000EB850000244188E7
:109CD00001910688DFF890924FF4006A0CE006EBE1
:109CE000C42101EB080048450AD807EBC4215246BD
:109CF000F1F716F8641CE4B20198B4EBD02FEED360
:109D00000198012281B2594500D95946002004E04A
:109D10003B5CFF2B04D1401C80B28842F8D3D2B9FF
:109D2000172D18D2DFE805F00C11282D32373B171C
:109D300017454A4F17595D5362676B7017174000FC
:109D40004FF434628649894803E04FF4386284490D
:109D500087481EF0B7FD6D1CEDB2182DB1D3002061
:109D6000834B0122C0EBC00101EB001103EB410169
:109D700091F82D4084B34EE04FF49C5278497D48D1
:109D8000E7E74FF4E07276497B48E2E74FF4A872C8
:109D900073497A48DDE7842271497948D9E74FF45D
:109DA00014726F496A48D4E740F20D226C49754835
:109DB000CFE74FF49C626A497348CAE74FF43872A0
:109DC00067497248C5E7B02265497148C1E74FF459
:109DD000F07263496F48BCE71BE0C82260496E48D7
:109DE000B7E74FF4C0725E496C48B2E74FF4906237
:109DF0005B496B48ADE7B82259496A48A9E74FF477
:109E00002F7257496848A4E744F2A01254496748A2
:109E10009FE781F82820401CC0B24028A2D3534BB2
:109E20000020C0EB001101EB4101194491F82840DA
:109E30000CB981F82320401CC0B24028F1D34D4B0F
:109E40000020C0EBC00101EB4011194491F82640FD
:109E50000CB981F82320401CC0B28028F1D3FFF751
:109E6000DDFE7FB0BDE8F04F52E510B572B6F0F7F9
:109E70006FFE2F4C2046F0F799FE4FF4C0622D493B
:109E80002046F0F765FFF0F769FE62B610BD10B529
:109E900072B6F0F75DFE464C2046F0F787FE4FF4B1
:109EA000C87244492046F0F753FFF0F757FE62B6F8
:109EB00010BD002206E0835CFF2B01D0002070471C
:109EC000521CD2B28A42F6D301207047002205E02C
:109ED000835C0BB100207047521C92B28A42F7D3C8
:109EE000012070472DE9F0410D46064600244FF44D
:109EF000806735F8141006EB4400F0F774FEA006F6
:109F000001D1EEF73EFF641CA4B2BC42F1D3BDE820
:109F1000F08110B5284C2046F0F781FE012805D1CC
:109F20002046BDE810400021F0F75DBE10BD0000E6
:109F30000090070868B5026000007F432C200020D5
:109F4000308B070840200020C4200020D0070608DE
:109F5000621B02609A7C016000000608008006080F
:109F6000781903609877036000F807082CC3046031
:109F700036530020B21D0260323102606C840260F0
:109F80007C8C0260295100204C330260EC3F02605F
:109F900068C602603A1702601A190260E21902608C
:109FA000BC850260008D0260F48F0360CC420260C9
:109FB000009807080815036002A8070870B5FF4B52
:109FC0000024C3F88C41FE4A0125C2F8985122466C
:109FD000C3F89041060602D5C3F8945101E0C3F8D6
:109FE0009441C3F890514006521C000ED2B2082A88
:109FF000EED30020C3F890410A0602D5C3F894516D
:10A0000001E0C3F89441C3F890514906401C090E81
:10A01000C0B20828EED3C3F88C5170BD2DE9FF4FB4
:10A0200016460821B1FBF6FA0121B14089B0054678
:10A0300016984A1EC3F345184FEAD32C03F01F09A4
:10A04000D7B2C30AC0F34512CCB200F01F00002102
:10A05000CDF820D0ACEB030EA8EB020BA9EB000966
:10A06000641E19E00EFB01FC9CFBF4FC9C444FEACF
:10A07000CC280BFB01FC9CFBF4FC944448EA4C18F4
:10A0800009FB01FC9CFBF4FC844448EA0C08DDF865
:10A0900020C02CF81180491CA142E3DD4FF0000CD8
:10A0A000E84615E000240CE0287804FB06F1C840DF
:10A0B000384038F81000C1B2000AFFF77FFF641C77
:10A0C000A4B25445F0D30CF1010C1FFA8CFC6D1CAA
:10A0D0000A988445E6D30DB0BDE8F08FC0F307229F
:10A0E000C1B210466AE730B5B44A0023C2F88C31D9
:10A0F000B349C1F8983119460124C2F890310506D8
:10A1000002D5C2F8944101E0C2F89431C2F89041FE
:10A110004006491C000EC9B20829EED3C2F88C4192
:10A1200030BD30B5A54A0023C2F88C31A4490124C2
:10A13000C1F898411946C2F89031050602D5C2F817
:10A14000944101E0C2F89431C2F890414006491CA4
:10A15000000EC9B20829EED3C2F88C4130BD2DE9FA
:10A16000F04106468846C2F30724D7B2C3F3072559
:10A1700003F0FF0C2A20FFF7B6FF0020FFF7D1FF06
:10A180003046FFF7CEFF0020FFF7CBFF4046FFF73A
:10A19000C8FF2B20FFF7A7FF2046FFF7C2FF384676
:10A1A000FFF7BFFF2846FFF7BCFF6046FFF7B9FF88
:10A1B000BDE8F0412C2096E72DE9F041064600224B
:10A1C00040F23F13EF211046FFF7C9FF00254FF47F
:10A1D000A07700243046FFF781FF641CF02CF9D3F0
:10A1E0006D1CBD42F5D3BDE8F08100B52820FFF716
:10A1F0007AFF10205DF804EB75E710B51120FFF72A
:10A2000072FF7820F3F719FCBDE8104029206AE7B7
:10A21000F8B501214C20EEF7D6FE0126ADF800601E
:10A2200010248DF8034003258DF8025069466548D7
:10A23000EEF7C3FC3C20ADF800008DF803408DF82C
:10A24000025069466048EEF7B8FC4020ADF80000C7
:10A250008DF803408DF8025069465C48EEF7ADFC7E
:10A260005B48C0F880615B4900200870F8BD70B59C
:10A27000524C0125C4F88C51052004F5C474F3F741
:10A28000DCFB002020600A20F3F7D7FB2560782054
:10A29000F3F7D3FB1120FFF726FF7820F3F7CDFB70
:10A2A000CF20FFF720FF0020FFF73BFFC320FFF781
:10A2B00038FF3020FFF735FFED20FFF714FF642053
:10A2C000FFF72FFF0320FFF72CFF1220FFF729FFD6
:10A2D0008120FFF726FFE820FFF705FF8520FFF725
:10A2E00020FF1020FFF71DFF7920FFF71AFFCB207A
:10A2F000FFF7F9FE3920FFF714FF2C20FFF711FFBD
:10A300000020FFF70EFF3420FFF70BFF0220FFF7BE
:10A3100008FFF720FFF7E7FE2020FFF702FFEA2003
:10A32000FFF7E1FE0020FFF7FCFE0020FFF7F9FE3B
:10A33000C020FFF7D8FE2220FFF7F3FEC120FFF771
:10A34000D2FE1120FFF7EDFEC520FFF7CCFE3D2029
:10A35000FFF7E7FE2020FFF7E4FEC720FFF7C3FE6C
:10A36000AA20FFF7DEFE3620FFF7BDFEC820FFF76C
:10A37000D8FE3A20FFF7B7FE5520FFF7D2FEB120F6
:10A38000FFF7B1FE0020FFF7CCFE1320FFF7C9FE58
:10A39000B620FFF7A8FE0A20FFF7C3FEA220FFF7B2
:10A3A000C0FEF620FFF79FFE0120FFF7BAFE302027
:10A3B000FFF7B7FEF220FFF796FE0DE00000234204
:10A3C000008021420008014000180140000C0140BB
:10A3D00000002142B72000200020FFF7A2FE262027
:10A3E000FFF781FE0120FFF79CFEE020FFF77BFED8
:10A3F0000F20FFF796FE3F20FFF793FE2F20FFF779
:10A4000090FE0C20FFF78DFE1020FFF78AFE0A2039
:10A41000FFF787FE5320FFF784FED520FFF781FE6C
:10A420004020FFF77EFE0A20FFF77BFE1320FFF798
:10A4300078FE0320FFF775FE0820FFF772FE032069
:10A44000FFF76FFE0020FFF76CFEE120FFF74BFEE9
:10A450000020FFF766FE0020FFF763FE1020FFF7E5
:10A4600060FE0320FFF75DFE0F20FFF75AFE052078
:10A47000FFF757FE2C20FFF754FEA220FFF751FEF6
:10A480003F20FFF74EFE0520FFF74BFE0E20FFF7A3
:10A4900048FE0C20FFF745FE3720FFF742FE3C2028
:10A4A000FFF73FFE0F20FFF73CFE1120FFF71BFEDA
:10A4B0007820F3F7C2FA2920FFF715FEBDE87040B7
:10A4C0003220F3F7BABA2DE9F843DDE9089848B32A
:10A4D000F84C182524270226A3F120005F2800D37A
:10A4E000202303EBC30000EB400004EBC004A4F501
:10A4F000D8544819401E00F0FF0CD319C8B2614669
:10A500005B1EFFF72CFE7D437543E81705EB50708B
:10A51000C1084B4632462046CDF80080FFF77EFD4D
:10A52000BDE8F883E44C3025602704262D2B0FD09E
:10A5300004F5C640202B0ED0A3F1300CBCF1090F5E
:10A5400009D803EBC30004EB0024A4F5D834D0E70A
:10A5500004F5B444CDE70446CBE72DE9FC471D469E
:10A56000DDE90A9816460C46074609E0CDE9009851
:10A570003246A1B23846FFF7A6FF37B117346D1C3B
:10A580002B78002BF2D1BDE8FC871F34F7E71CB510
:10A59000832401280094C9A3019405D0C22200217C
:10A5A0000120FFF7DAFF1CBD6C2200210120FFF71C
:10A5B000D4FF0094C1A397220194F0E72DE9FC4158
:10A5C00007460E460120FFF7E2FF83244FF6FF7592
:10A5D000CDE900543B466C2200210120FFF7BDFF6E
:10A5E000CDE900543346972200210120FFF7B5FF43
:10A5F000BDE8FC8100B5B6488DB0B6A1827C684646
:10A600001FF084FCB5A106A81FF080FC694606A8CF
:10A61000FFF7D4FF0DB000BD10B5FFF7F9FDFFF750
:10A6200026FEBDE810408320C6E52DE9F843DDE9AC
:10A63000089830B3AB48102518270226A3F1200450
:10A640005B2C00D3202303EB430300EB4314A4F55E
:10A6500040644819401E00F0FF0CD319C8B261468F
:10A660005B1EFFF77CFD7D437543E81705EB5070DB
:10A67000C1084B4632462046CDF80080FFF7CEFC9D
:10A680004EE78D4C3025602704262D2B0FD004F586
:10A69000C640202B0ED0A3F1300CBCF1090F09D815
:10A6A00003EBC30004EB0024A4F5D834D1E704F590
:10A6B000B444CEE70446CCE72DE9FC471D46DDE96E
:10A6C0000A9816460C46074609E0CDE9009832463E
:10A6D000A1B23846FFF7A9FF2FB110346D1C2B78BB
:10A6E000002BF2D14FE71834F8E7F8B51D46A2F178
:10A6F0002003069C5F2B00D320227B4BC2EB02126F
:10A7000003EB820600F10902D7B201F117030A46F2
:10A71000C0B23946A6F5F066FFF721FD2B460222AE
:10A720003C2130460094FFF779FCF8BD2DE9F84351
:10A730001F46144688460546089E08E03B464146AB
:10A7400028460096FFF7D1FF0A35ADB2641C227887
:10A75000002AF3D1E4E6F8B51D46A2F12003069CD9
:10A760005F2B00D32022614B02EBC20203EBC20637
:10A7700000F10B02D7B201F117030A46C0B2394605
:10A78000A6F51066FFF7EBFC48212B460222304667
:10A790000094FFF743FCF8BD2DE9F8431F4614462B
:10A7A00088460546089E08E03B46414628460096F6
:10A7B000FFF7D1FF0C35ADB2641C2278002AF3D12B
:10A7C000AEE670B5164601FB00F2049C95B2184443
:10A7D0006218401EC1B2D8B2531E2246FFF7BFFC1A
:10A7E000002407E036F81400C1B2000AFFF7E6FBC8
:10A7F000641CA4B2AC42F5D370BD2DE9F0411646FD
:10A80000DDE906C400FB01F21D466318604402EB5B
:10A81000D272401EC2F34F07C1B20CF0FF002246B5
:10A820005B1EFFF79CFC002412E0305D00F00F007F
:10A8300035F81000C1B2000AFFF7C0FB305D000917
:10A8400035F81000C1B2000AFFF7B8FB641CA4B2CF
:10A85000BC42EAD3C7E42DE9F04101FB00F4069ABB
:10A86000A5B218445418401EC1B2D8B2631E089E47
:10A87000FFF775FC0024370A05E0F1B23846FFF710
:10A880009DFB641CA4B2AC42F7D3ACE42DE9F041CB
:10A89000804617480125174E0C46814201DD0446CB
:10A8A0002CE01548844201D9044601E0B44225D386
:10A8B000012024E0002F040878C103082020202074
:10A8C0002020202020202020202020200000000008
:10A8D000A43A002049503A257500000054535441D1
:10A8E000542D5000287F040848A104088CB70408A0
:10A8F000003C1C460000808000C079C40020C0F1EC
:10A900000407B44202D384F0004000E020461EF069
:10A91000F2FB0A2102E090FBF1F06D1C0A28FADA42
:10A920007D1B6D1E022D12DD022510E0022D20463A
:10A9300017D01EF045FC0B460246F9A140461FF019
:10A94000E5FA40461DF0F4FF04281BD96D1E002DCA
:10A95000ECDC4FF07C51B442204608D31EF095F950
:10A9600007E01EF02DFC0B460246EFA1E6E71EF0C5
:10A970003AF91EF0C0FB02464046BDE8F041ECA1AA
:10A980001FF0C4BA2FE4F0B587B00E460546002488
:10A990002022042102A81DF0A7FF00208DF80C0042
:10A9A000681E022858D8C6EBC60000EB4611E148E5
:10A9B0000F1897F82660A6F16500022839D8C6EB73
:10A9C000C60000EB0610DC4ED7F81E204FF47A715B
:10A9D00006EBC000C4EBC40C92FBF1F30CEB041CBF
:10A9E0008444ACF5A04CBCF87DC763451DD1C4EBD5
:10A9F000C40101EB04142044A0F5904097381DF0E9
:10AA000097FFC2B2042A00D3042297F82600C0EBB5
:10AA1000C00101EB001006EBC0000119A1F5904147
:10AA200002A897391DF04EFF16E0641C082CD1DBFC
:10AA300012E0D7F81E4020461EF031FBBF491EF041
:10AA40005CF90146BE48844200DBBE4997F823000A
:10AA500090B102A8FFF71AFF02A800F095FF41F29B
:10AA600006104FF6FF71012D71D0022D70D0032D0D
:10AA70006FD102ABC42292E097F8240000B101200C
:10AA80001EF016FB172EE7D2DFE806F00C0D141BA4
:10AA9000222930353A41485155595D64686C7074CB
:10AAA000787C8000D8E710F0FF4F01D1A6A03BE0F2
:10AAB000A7A039E010F0FF4F01D1A7A034E0A8A073
:10AAC00032E010F0FF4F01D1A7A02DE0A8A02BE0AD
:10AAD00010F0FF4F01D1A8A026E0A9A024E010F0BB
:10AAE000FF4F01D1A8A01FE0A9A01DE010F0FF4F6B
:10AAF000F8D0A9A018E010F0FF4FF3D0A8A013E001
:10AB000010F0FF4F01D1A8A00EE0A9A00CE010F0BA
:10AB1000FF4F01D1A8A007E0A9A005E010F0FF4F6A
:10AB200001D1A9A000E0AAA00068029094E710F06B
:10AB3000FF4FE3D0DDE710F0FF4FB9D0B6E710F0DC
:10AB4000FF4FBCD0B9E710F0FF4FBFD0BCE721E00A
:10AB500023E02AE010F0FF4FBFD0BCE710F0FF4F1A
:10AB6000C2D0BFE710F0FF4FC3D0BBE710F0FF4FDC
:10AB7000C4D0B7E710F0FF4FC7D0C4E710F0FF4FC5
:10AB8000CAD0C7E710F0FF4FCDD0CAE710F0FF4F93
:10AB9000B4D1AEE702AB6E2201E002AB9922CDE95F
:10ABA00000108A210120FFF7D8FC07B0F0BD411E3C
:10ABB000C9B2E8E62DE9FF47432264262E2500248A
:10ABC0000A234FF030094FF0200C4FF47A78002818
:10ABD00063DB404520DB90FBF8F130318DF8081045
:10ABE00090FBF8F108FB110191FBF6F130318DF883
:10ABF000091090FBF6F106FB110191FBF3F13031E6
:10AC00008DF80A1090FBF3F103FB110030308DF842
:10AC10000B508DF80C002BE0642817DB90FBF6F14D
:10AC200030318DF8081090FBF6F106FB110191FB15
:10AC3000F3F130318DF8091090FBF3F103FB1100B3
:10AC40008DF80A5030308DF80B000FE00A2812DB27
:10AC500090FBF3F130318DF8081090FBF3F103FB1A
:10AC600011008DF8095030308DF80A008DF80C2055
:10AC70008DF80D40C1E090FBF3F103FB11008DF85E
:10AC800008908DF8095030308DF80A008DF80C408E
:10AC90008DF80B208DF80DC0AFE02D27414210F547
:10ACA0007A7F19DC91FBF8F08DF8087030308DF860
:10ACB000090091FBF8F008FB101090FBF6F0303023
:10ACC0008DF80A0091FBF6F006FB101090FBF3F0F4
:10ACD00030308DF80B0014E010F1640F14DC91FBA0
:10ACE000F6F08DF8087030308DF8090091FBF6F021
:10ACF00006FB101090FBF3F030308DF80A008DF851
:10AD00000B208DF80C4078E010F10A0F8DF80870D8
:10AD100062DC91FBF3F030308DF809005EE05BE01F
:10AD2000252E316600000000252E3266000000004E
:10AD300025640000B21D02600C3D026000007A44F0
:10AD400080969800003C1C464F46462000000000BC
:10AD50004F4E202000000000434C534400000000F0
:10AD60004F50454E0000000053544F50000000006B
:10AD700053545254000000004453424C0000000061
:10AD8000454E424C000000004E4F524D0000000066
:10AD9000414C524D00000000484947480000000067
:10ADA0004C4F5720000000004E4F202000000000B4
:10ADB0005945532000000000434F4F4C0000000055
:10ADC0004845415400000000554E4F43000000002C
:10ADD0004F434320000000008DF8099091FBF3F0F1
:10ADE00003FB10108DF80C208DF80A5030308DF8D0
:10ADF0000D408DF80B008DF80EC041F206114FF694
:10AE0000FF70CDE9000102AB6C226A210120FFF73F
:10AE1000A4FBBDE8FF87C0EBC00101EB0010FF49B8
:10AE20001CB50844FE4950F8B92FC1F80B20007931
:10AE3000C87301F10B001DF07BFDC0B2411E042957
:10AE40000FD2F74920220B31012806D0022805D065
:10AE5000032804D0042803D003E04A708A70CA7023
:10AE60000A7141F206114FF6FF70ED4BCDE900017A
:10AE70000B3397226A210120FFF76FFB1CBD1FB522
:10AE8000022803D0012803D020B107E0E5A102E0A9
:10AE9000E6A100E0E7A102A81DF068FD41F206115D
:10AEA0004FF6FF70CDE9000102ABC2226A210120FA
:10AEB000FFF753FB1FBD802812D2C0EBC00202EB8C
:10AEC0004012DE48104490F823205AB1D0F81E00FA
:10AED0004FF47A7290FBF2F0002801DB884207DB26
:10AEE0000020704790F824000028F5D00120F3E7F7
:10AEF000C0B270471CB503211820FFF7DCFF4FF4E8
:10AF000089740621CDE90014CD4951F820300C395F
:10AF100051F820202D214820FFF76FFC0521192032
:10AF2000FFF7C9FF5421CDE90014C549203151F87C
:10AF30002030143951F820202D214820FFF75DFCE6
:10AF400002211A20FFF7B7FFA221CDE90014BD4965
:10AF500051F82030083951F820202D214820FFF7E2
:10AF60004CFC1CBD2DE9FE43064683270520CDE998
:10AF700000070D46E3230022602109200297FFF716
:10AF80006AFC022D1ED3082D00D9082500244FF697
:10AF9000FF7842F6C91913E0B44201D1404600E0FF
:10AFA000484604EB44018900491DCDE90017029091
:10AFB0000921E32300220846FFF74DFC641CE4B29C
:10AFC000AC42E9D3BDE8FE837FB5832450B138207D
:10AFD000CDE9000400231A4632211E200294FFF717
:10AFE0003AFC7FBD95484FF47A710A22D0F83B04B1
:10AFF00090FBF1F0642802D34FF0FF3005E00A28FF
:10B0000003DB90FBF2F1303100E020218DF80C10D1
:10B01000002806DB90FBF2F102FB110000F130008A
:10B0200001E04FF020008DF80D0002DB4FF025000D
:10B0300001E04FF020008DF80E004FF000008DF879
:10B040000F004FF6FF752B467FA24FF038014FF0EF
:10B0500005000094FFF76AFB2B4603AA522100204B
:10B060000094FFF763FB7FBD70B5784B0C2086B072
:10B070009A785979B2FBF0F400FB14200C2A01D322
:10B08000012400E000244A1E0C2A00D3012100B94B
:10B090000C206B4A2025343202EB810111F8042D7B
:10B0A0008DF804204A788DF8052089788DF80610EF
:10B0B0008DF80750DA780A21B2FBF1F630368DF8B8
:10B0C0000860B2FBF1F601FB162230328DF8092040
:10B0D0007C228DF80A508DF80B208DF80C500A2830
:10B0E00001D3312200E020228DF80D20B0FBF1F2D7
:10B0F00001FB120030308DF80E003A208DF80F0061
:10B100005878B0FBF1F230328DF81020B0FBF1F23C
:10B1100001FB120030308DF811008DF812500CB187
:10B12000502000E041208DF813004D208DF81400D0
:10B1300000208DF8150041F2061000904FF6FF73C5
:10B1400001AAF3211220FFF727FB06B070BD3EB520
:10B1500083254FF6FF7467208DE8310000231A46DF
:10B160002D21EF20FFF777FB92208DE8310000239F
:10B170001A462D21EF20FFF76EFBBD208DE8310030
:10B1800000231A462D21EF20FFF765FB3EBD2DE978
:10B19000FF4764250A2320244FF000084FF47A77F4
:10B1A000202A29D02E264FF0300900297DDBB94214
:10B1B0007CDB91FBF7F030308DF8080091FBF7F065
:10B1C00007FB101090FBF5F030308DF8090091FB73
:10B1D000F5F005FB101090FBF3F030308DF80A000D
:10B1E00091FBF3F003FB101030308DF80C008DF85C
:10B1F0000B608DF80D20A0E0B9423ADB91FBF7F02F
:10B2000030308DF8080091FBF7F007FB101090FB31
:10B21000F5F030308DF809001AE000000C3D0260B6
:10B22000B83000204865617420000000436F6F6CE7
:10B23000200000004175746F20000000B21D026004
:10B2400050D4040834C103085248000044230020AD
:10B2500091FBF5F005FB101090FBF3F030308DF80A
:10B260000A0091FBF3F003FB101030308DF80B0057
:10B2700032E0642909DB91FBF7F007FB101090FB2B
:10B28000F5F030308DF8080003E00A2915DB8DF861
:10B29000084091FBF5F005FB101090FBF3F0303007
:10B2A0008DF8090091FBF3F001E057E017E003FB94
:10B2B000101030308DF80A000CE000290CDB91FBF7
:10B2C000F3F003FB10108DF8084030308DF80900C2
:10B2D0008DF80A408DF80B408DF80C402BE0642966
:10B2E00017DB91FBF5F030308DF8080091FBF5F09D
:10B2F00005FB101090FBF3F030308DF8090091FB46
:10B30000F3F003FB10108DF80A6030308DF80B005D
:10B310000FE00A2914DB91FBF3F030308DF80800C0
:10B3200091FBF3F003FB10108DF8096030308DF8BD
:10B330000A008DF80C208DF80D408DF80E806AE023
:10B3400091FBF3F003FB10108DF808908DF8096065
:10B3500030308DF80A008DF80B20BDE748424FF0E1
:10B360002D0C11F57A7F24DC90FBF7F18DF808C0E5
:10B3700030318DF8091090FBF7F107FB110191FBBB
:10B38000F5F130318DF80A1090FBF5F105FB110154
:10B3900091FBF3F130318DF80B1090FBF3F103FBCF
:10B3A00011008DF80C6030308DF80D008DF80E20F6
:10B3B0002FE011F1640F8DF808C019DC90FBF5F156
:10B3C00030318DF8091090FBF5F105FB110191FB6F
:10B3D000F3F130318DF80A1090FBF3F103FB11000B
:10B3E00030308DF80C008DF80B608DF80D200EE0DC
:10B3F00090FBF3F103FB11008DF809908DF80A60C2
:10B4000030308DF80C208DF80B008DF80D408DF844
:10B410000E408DF80F800220FFF7B9F883214FF618
:10B42000FF70CDE9000102ABC22200210120FFF72D
:10B4300094F8EEE42DE9FF5F0C464FF083094FF6D8
:10B44000FF7605468DE85002174608212B46FD4A37
:10B450000846FFF7B6F9A11C41F2061A89B2A7F116
:10B460000A00CDE902A0CDE9001680B2AB1D002292
:10B470000121FFF7F0F904F108001FFA80FBCDF875
:10B4800000B0CDE9016AAB1C00221C210220FFF7AD
:10B49000E2F904F122001FFA80F8EA4ACDE90086B9
:10B4A00008212B4680320846CDF80890FFF789F92D
:10B4B00004F1270189B28DE842040398AB1D80B2E4
:10B4C00000220121FFF7C7F9CDE90086E81980467F
:10B4D0000838CDE9029083B20821DB4A0846FFF71D
:10B4E00070F98DE850020398D74A83B20821803260
:10B4F0000846FFF766F9CDF800B0A8F10300CDE9E2
:10B50000016A83B200221C210120FFF7A4F904F193
:10B5100028014BF69C6989B28DE84202083FB8B217
:10B520006B1D00220221FFF796F98DE85002B8B298
:10B530006B1D00220221FFF78EF9A41DA4B28DE835
:10B5400050022B46002220210220FFF784F9A8F1A7
:10B5500002008DE8500283B2002220210220FFF772
:10B560007AF9BDE8FF9F70471CB51421B7481DF05C
:10B57000C2F9B649012008394870B54890F828004A
:10B58000012801D0092810D1B248007801280CD137
:10B59000B1490888421C0A80142806D2AF480068C6
:10B5A000642802D91422AEA163E0B2498878012848
:10B5B00055D8A6483221B04A0170302141709379A4
:10B5C0000A21B3FBF1F430348470B3FBF1F401FBD6
:10B5D00014333033C3702D2303715379B3FBF1F46B
:10B5E00030344471B3FBF1F401FB14333033837115
:10B5F0002D23C371D378B3FBF1F430340472B3FB61
:10B60000F1F401FB143330334372202383729378B7
:10B61000B3FBF1F43034C472B3FBF1F401FB143327
:10B62000303303733A2343735378B3FBF1F430346C
:10B630008473B3FBF1F401FB14333033C3733A2347
:10B6400003741278B2FBF1F330334374B2FBF1F3BD
:10B6500001FB1321303181742021C1741CBD0228EB
:10B660000DD003281AD004281BD00528F6D11422A7
:10B6700082A102B07548BDE810401DF023B991F8D1
:10B680006D2091F86C00CDE9000291F86B3091F8D3
:10B690006A207EA16D481EF039FC1CBD14227FA1DA
:10B6A000E7E7142281A1E4E72DE9FC41FFF75CFF05
:10B6B000664F0123083F07F109007B707968441E3B
:10B6C0007E4D88424FF000001CD803EB830204EB50
:10B6D0008206721A05E011F800C005F800C0401C8F
:10B6E000C0B28242F7DC00208E1B143607E014F84B
:10B6F00000C002EB000E401C05F80EC0C0B286422E
:10B70000F5DC05E00A5C2A54401CC0B20A28F9D3D3
:10B7100003EB830004EB8000401E884201D17C6073
:10B7200001E0491C79600020A87241F206114FF631
:10B73000FF70CDE90001614BED221E210120FEF7D3
:10B740000CFFBDE8FC81F0B587B004464FF47847A4
:10B75000ED20CDE9000741F2061600231A461E210E
:10B760000296EF20FFF777F8384D0020083DDFF80C
:10B7700050C1297803AA0CF11E0E14B1012C04D07B
:10B7800007E043181CF8033002E043181EF80330AA
:10B790001354401CC0B20A28EFD300248DF8164081
:10B7A000CDE900761346ED221E210120FEF7D5FEDD
:10B7B0002878192803D2401C287007B0F0BD2C70DF
:10B7C000FBE7FEB50A27832615464FF6FF740028CF
:10B7D00037D1ADB3012D7ED0062D7CD000220020C4
:10B7E000002902DA0120494209B21AB1491D91FB30
:10B7F000F7F109B2B1F57A7F01DB40F2E73110B120
:10B80000632900DD632120228DF809208DF80820AE
:10B8100091FBF7F207FB121230328DF80A200A2949
:10B8200008DB91FBF7F292FBF7F307FB13223032B0
:10B830008DF80920642948DB642291FBF2F241E093
:10B8400049E068E044D2040844D30408BC00006026
:10B85000A43A0020C8200020AE2100207087036099
:10B8600042617564206572726F7220202020202052
:10B8700000000000909E0360442300207769666901
:10B8800020636F6E666967757265200025642E25DA
:10B89000642E25642E256420000000007769666907
:10B8A00020636F6E6E6563746564200077696669F6
:10B8B00020646973636F6E6E63742000B83000207B
:10B8C0003CC1030830328DF8082048B12D220A29E6
:10B8D00003DA012002E0012281E7002002A90A54D4
:10B8E000CDE900469DF8083005221E210020FEF714
:10B8F000EAFDCDE900469DF8093005224E210020E1
:10B90000FEF7E1FDCDE900469DF80A3005227E21D3
:10B910000020FEF7D8FDCDE90076AE2300222421D9
:10B920002F200296FEF797FF0E20072D2BD2DFE87F
:10B9300005F0040E1E1A22201C008DE851000E2175
:10B94000AF232C4A0846FEF73CFF2BA308E08DE806
:10B9500051000E21AF23274A0846FEF732FF27A3E6
:10B960000A22BD210AE026A3FAE726A304E026A3C3
:10B9700002E026A300E026A30A22AE21CDE900467C
:10B980000120FEF7EAFDFEBD10B5002103E0491CD1
:10B99000C9B2042902D2425C002AF8D10A46202307
:10B9A00002E08354521CD2B2042AFAD3002202715C
:10B9B00001E0491EC9B221B1421812F8012C202A17
:10B9C000F7D0C1F10402D2B2002911D0002A0FD061
:10B9D0000421914204D98B1A034413F8013C00E07E
:10B9E00020234418491E04F8013C11F0FF01F0D156
:10B9F00010BD0000782D0408430000004600000040
:10BA00002500000025520000707000006B500000FF
:10BA10005061000008B501210420EDF7D4FA4FF47D
:10BA20007040ADF8000048208DF8030003208DF829
:10BA3000020069464548EDF7C0F808BD44480021BA
:10BA4000444A8180C1800121C2F880114FF496617F
:10BA5000018170472DE9F0413C4F00243846EDF755
:10BA600009F94FF4704626EA00051420F1F7E5FFC6
:10BA70003846EDF7FFF886433540680401D54FF4AA
:10BA80008044A80401D544F40054280401D544F4AA
:10BA90000044E80401D544F48054200BBDE8F08153
:10BAA00008B5002202210520F1F76AFA284C6061EE
:10BAB000FFF7B0FF6420F1F7C0FFFFF7CBFFADF851
:10BAC00000006188884212D029B900231A466946CD
:10BAD0006069F1F7DBFABDF8000060801E490020C4
:10BAE000207008701B490120C1F8800115E0A0B149
:10BAF00021781E2902D340F4807001E0142907D375
:10BB0000ADF8000000231A4669466069F1F7BEFAF5
:10BB10002078C82801D2401C20706420F0F7AFFCC8
:10BB2000CBE71CB50A4900230C31CDE900016422A2
:10BB30000AA1AFF29300F0F72CFB002201210320B1
:10BB4000F1F71EFA024908611CBD0000000801401F
:10BB50002001006000002142B72000206B65795F62
:10BB60007461736B00000000F0B4FE4818250023D8
:10BB700090F82300FC4901281DD005281BD00A2677
:10BB800002281CD006281AD00B220824032819D01A
:10BB90000A2819D0E0B104281DD007281BD00C2892
:10BBA0001DD0092409281CD00B281CD00E281ED01B
:10BBB000082820D021E0202048708D701DE0102042
:10BBC000487006E04A7010E006204870032004E048
:10BBD0004D708E7011E04C700E2088700DE04A7030
:10BBE00007E00D2000E0112048708C7005E0152062
:10BBF00048708A7001E04B708B70CB70F0BC4FF4D2
:10BC00009661DA481CF077BE10B50C46014601205B
:10BC1000F3F747FC40B2411C02D02070012010BD58
:10BC2000002010BD10B50C4601460420F3F739FC86
:10BC300040B2411C02D02070012010BD002010BD78
:10BC400010B50C4601460220F3F714FD40B2411C2A
:10BC500002D02070012010BD002010BD10B50C4690
:10BC600001460520F3F706FD40B2411C02D02070CA
:10BC7000012010BD002010BD10B50C46014600206B
:10BC8000F3F7F8FC40B2411C02D02070012010BD37
:10BC9000002010BD10B50C4601460320F3F7EAFC66
:10BCA00040B2411C02D02070012010BD002010BD08
:10BCB00010B50C4601460120F3F7DCFC40B2411CF4
:10BCC00002D02070012010BD002010BD10B50C4620
:10BCD00001460420F3F7CEFC40B2411C02D0207094
:10BCE000012010BD002010BD030EC0F30742C0F3B9
:10BCF0000721090403EB022201EB006010447047A6
:10BD00002DE9FF5F9A4693464FF4B47198481CF0B2
:10BD1000F2FD944F964C97F82300401E032801D85B
:10BD2000232000E04A2020703879A0709148D0F894
:10BD3000B10019F027FAC4F80B0000216170C4F8B3
:10BD400003100120E071607297F82300012812D0DF
:10BD5000052810D0022812D0062810D00B22082364
:10BD6000032810D0042811D007280FD00C2811D098
:10BD7000082812D015E020202072182008E010209A
:10BD800020720A2004E02272A3720AE023720E20BD
:10BD9000A07206E02272A27203E0E1716172217268
:10BDA000A172734C4FF000081E34474648E0724AB7
:10BDB000C7EBC70101EB020999F806002B2805D053
:10BDC0002C2803D05F2801D02E2837D108F1010399
:10BDD00003F0FF08B8F10C0F36D22070505CA07051
:10BDE000D9F80100C4F80B0099F8050000F00E0026
:10BDF00060700E98012810D1505C604900F0070275
:10BE000001EBD001012009789040014205D0FCF7F8
:10BE100003FBFFF769FFC4F80300DDE900010843F5
:10BE200040EA0B0050EA0A0010D00098E071019837
:10BE3000207284F809B084F80AA01E347F1CFFB277
:10BE4000494800788742B2D3BDE8FF9F99F80600C1
:10BE50002B2806D02E2806D02C2807D05F2808D003
:10BE600009E0162600E00C26002504E008260E2531
:10BE700001E0142602253E48C8EB081100EB410101
:10BE8000721E11F8160D401CE07110442072887863
:10BE9000401C6072691E0844A072CEE7704770476C
:10BEA0002DE9FC5F0027364C3E46DFF8D8804FF482
:10BEB0007A79C0E03049C6EBC60568188079092850
:10BEC00003D0072801D05D284BD17F1CFFB2FE2F85
:10BED0007DD2485D2070485D284A00F0070302EBE0
:10BEE000D002012012789840024201D0012000E0E7
:10BEF0000020E07359208DF8000023484FF0230BF9
:10BF00008DF801B000788DF80200485D8DF80300CF
:10BF100000208DF80400034601221A496846F9F70B
:10BF20006CFA012805D1D8F8001091FBF9F0A4F8BB
:10BF30001F005E208DF800008DF801B0DFF848B0DA
:10BF40004FF0000A53469BF800008DF802000A48A3
:10BF500001220C49405D8DF803008DF804A068466D
:10BF600014E066E0A43A0020FB2000205C78036027
:10BF70007A0702606E0D0260F48F0360B89303606D
:10BF8000B88D0260EC200020AF200020F9F735FAD0
:10BF9000012805D1D8F8001091FBF9F0A4F8210090
:10BFA0000C208DF8000063208DF801005448DFF864
:10BFB00054B1002300788DF802001BF805008DF8BD
:10BFC00003008DF804A001224F49684600E037E0E5
:10BFD000F9F713FA012805D1D8F8001091FBF9F010
:10BFE000A4F8230005208DF8000063208DF80100DF
:10BFF00043480023012200788DF802001BF8050059
:10C000008DF803008DF804A03F496846F9F7F5F96B
:10C01000012805D1D8F8001091FBF9F0A4F825000B
:10C020003A480F2200EB061104F110001CF04AFC04
:10C030002734761CF6B2364800788642FFF43AAFD1
:10C04000BDE8FC9F7FB532490978884257D2C0EBE2
:10C05000C00101EB40102F492326441828484FF413
:10C060007A71022500788DF8060014F8010B8DF81E
:10C07000070000208DF80800E08B0123484303905F
:10C0800059208DF804008DF80560002203A901A84D
:10C090000095F8F76DFF208C4FF47A7148430390B8
:10C0A0005E208DF804008DF805600123002203A9AD
:10C0B00001A80095F8F75CFF608C4FF47A71484353
:10C0C00003900C208DF8040063268DF80560012391
:10C0D000002203A901A80095F8F74AFFA08C4FF4AD
:10C0E0007A714843039005208DF804008DF80560AF
:10C0F0000123002203A901A80095F8F739FF7FBDAD
:10C10000AF200020F48F0360EC20002088870360BC
:10C11000FB200020B88D0260F8B50023FF4F1A46BF
:10C1200019461846FE4C26781FE0C0EBC004E519FE
:10C130006D7905F00F05012D04D0022D08D0032DD7
:10C140000CD010E0F74D3C5DEC545B1CDBB20AE018
:10C15000F54D3C5DAC54521CD2B204E0F34D3C5D55
:10C160006C54491CC9B2401CC0B2B042DDD3F04887
:10C17000F14C03702270F14CEE481A4421701144C6
:10C18000017000200346024601460090FFF7B8FD0B
:10C19000BDE8F840FFF784BE2DE9F05F0023DFF82B
:10C1A00080A3DFF89CB3DD4E1C461A468AF80030A7
:10C1B00019464FF001080BF1200EC1EBC107BD1964
:10C1C000687900F00F00012803D0022801D003286D
:10C1D0001ED1F05DE0B1FF281AD009B315F8075C55
:10C1E000A84215D00BEBD00700F0070997F800C064
:10C1F00008FA09F54CEA050C0EEBD00087F800C0F0
:10C200000778AF4307709AF80000401C8AF80000D6
:10C21000491CC9B26429D0D300209AF8007021E0EB
:10C220003078DFE7C0EBC0018D196D7905F00F059F
:10C23000012D04D0022D08D0032D0CD010E0B94DF3
:10C24000715CE9545B1CDBB20AE0B74D715C2955A7
:10C25000641CE4B204E0B54D715CA954521CD2B226
:10C26000401CC0B2B842DDD3B148B34903700C7072
:10C27000B249B0480A70191911440170B14890F8D8
:10C280004F1071B907212BB190F82830022B01D142
:10C2900080F828102AB190F82A20022A01D180F8CB
:10C2A0002A10BDE8F05FFFF7FBBD70B50D460446F0
:10C2B000072102F0E8FA2178FF2922D161781929B3
:10C2C0001FD1E179B1EB102F1BD1217AC0B2884286
:10C2D00017D19348A1783A300170E178A279237997
:10C2E00041EA02616279120442EA03221143C0F872
:10C2F000011095480088854201D1012070BD0320BE
:10C3000070BD022070BD2DE9FC41144688460746E9
:10C31000022A02D90020BDE8FC8124B1022C04D0FD
:10C32000012C04D005E0894802E0894800E08948F2
:10C330000568894E32213089401C30812846F0F74B
:10C34000E9FF98B3204602F0D5FAFF208DF80000EF
:10C3500019208DF801008DF802708DF803800421FA
:10C36000684602F090FA010A8DF804108DF8050075
:10C3700022460621684602F09DFA22460921002045
:10C3800006F09BFB7089401C7081012C11D032207B
:10C39000214606F0A3FB10F0FF010CD0B089401C31
:10C3A000B0816E48FFF781FF064605E0FFE7FF20FA
:10C3B000B1E75020ECE7002622460021012006F0DC
:10C3C0007CFB2846F0F7F1FE3046A4E710B50446A2
:10C3D0000A2102F058FAA17AB1EB102F05D1E17AC7
:10C3E000C0B2884201D1042010BD002010BD2DE94B
:10C3F000FE430746144688461D460026184602F0AE
:10C4000079FA8DF8007006208DF8010000208DF873
:10C4100002000A208DF8030055208DF804008DF8E5
:10C4200005808DF80640200A8DF80700200C8DF855
:10C430000800200E8DF809000A21684602F023FA50
:10C44000010A8DF80A108DF80B002A460C21684667
:10C4500002F030FA2A460C21002006F02EFB294675
:10C460004FF4FA7006F03AFB10F0FF0F04D00C21E5
:10C470003A48FFF7ABFF06462A460021012006F0A6
:10C480001CFB3046BDE8FE8370B52D4B01200546F0
:10C4900003F1200403EBD00100F007060A7805FA47
:10C4A00006F10A4204D104EBD00212780A4204D009
:10C4B000401CC0B26428EDD3FF2070BDF0B51D4A0A
:10C4C0000021164B084603F57176012514780FE01C
:10C4D000C0EBC0029A5C06EBD20702F007023F787D
:10C4E00005FA02F2174201D0491CC9B2401CC0B281
:10C4F000A042EDD30A48C170F0BD084910B5C0EBA9
:10C50000C000085C01F5717101EBD00100F0070378
:10C510000A780120984002430A7021E0F48F0360FA
:10C520003C010060D3300020F877036037310020F1
:10C53000FF200020FB2000203901006000210020A6
:10C5400078930360A43A00204A2100206C21002047
:10C550007021002074210020A802026038410020D0
:10C56000FFF7ACFFBDE81040FFF79ABC30B5FB4CBD
:10C570000022F94B247809E0C2EBC2055D5D8542DB
:10C5800002D10A70012030BD521CD2B2A242F3D3B4
:10C59000002030BDF0B5DFF8CCC3F14FDDF814E07A
:10C5A0009CF81260002406EB860505EBC6057D5D50
:10C5B000854217D0641CE4B2142CF9D3132E11D287
:10C5C000761CF4B28CF8124004EB840505EBC4042D
:10C5D0003855E01940F8011F00214260037280F8CD
:10C5E00009E04181F0BD2DE9FC5F0D4604004FF0EC
:10C5F00000000C99934601907ED00BEB0312DFF8FC
:10C600006483521C02F0FF0C4FF0010E98F80030CA
:10C6100018E0D14EC0EBC002B75CA74210D1324443
:10C62000D2F80160AE420BD1567906F00F06761EA5
:10C630005E4505D082F805C001B1917188F806E029
:10C64000401CC0B29842E4D304F007020126C64859
:10C650009640C34A0079A43A4FF0FF0902EBD40296
:10C66000A04216D110782B4630431070002221468C
:10C670001046F3F7E7FEBC488179009101784278D3
:10C6800001EB02218278C078120402EB00600144C1
:10C690003EE0B348B04FC43800EBD40A9AF800002B
:10C6A000009030424FF0000041D153E0C0EBC00891
:10C6B00017F80880A04538D1C0EBC008B94608EB90
:10C6C0000907D7F80100A84227D0A74B93F82730D5
:10C6D00013B1137833431370002D1ED0F0B102460E
:10C6E0002B4621460120F3F7ADFE9D4919F80800BD
:10C6F000843901EBD00100E09CE000F007020978EA
:10C7000001209040014272D009200090D7F801101A
:10C710005B462A462046FFF73DFF68E0C7F8015018
:10C7200087F805C0F1B3B97161E0401CC0B298420E
:10C73000BCD35CE0C0EBC008B844D8F80180A84581
:10C7400006D12DB1C0EBC008814607F8084003E0D0
:10C75000401CC0B29842EDD3B9F1FF0F2ED0C9EB07
:10C76000C9097F4B17F80900C43B03EBD00EBB4649
:10C770009EF8007000F00708012303FA08F39F43B6
:10C780008EF80070764FA43F07EBD00007789F43E8
:10C7900007709AF8000030438AF800001078B04320
:10C7A000107000E023E009EB0B000BF80940C0F823
:10C7B000015080F805C0B9B1817115E0009830438F
:10C7C0008AF800001078B0431070C3EBC300654ACC
:10C7D0003C543844C0F8015080F805C001B1817163
:10C7E0005B1C1370012001905E49012088715C4937
:10C7F000002064390855A1F594714FF4167021F8A2
:10C80000140001F5847000EBD4000078304210D1A0
:10C8100069462046FFF7AAFE01280AD19DF80000CC
:10C820004D49C0EBC00211448979DC2901D2FFF7E0
:10C8300064FE0198BDE8FC9F4C4A4D491278097886
:10C8400038B1012817D0022810D0032800D1104693
:10C850007047454890F82A30072BF8D090F82820E8
:10C86000072A08D090F82900072801D00620704731
:10C87000404800787047084670470020394A10B594
:10C88000394B01461A321C1894F82840072C02D163
:10C890005054491CC9B2401CC0B20328F3D33148DC
:10C8A000C17210BD7CB5040002D0022C0AD004E095
:10C8B00001A91D2008E0092830D02B4890F84F101E
:10C8C00049B119E001A91F200AF034FB9DF80400CA
:10C8D000012823D0EFE7051995F8280007280BD089
:10C8E000072105F8281F04F11D000AF032FB224938
:10C8F00028780855FFF7C1FF8CB1012C1FD0022CFE
:10C900000CD1694653200AF015FB18489DF8002009
:10C9100001788A4202D053200AF01BFB7CBD694695
:10C9200009200AF007FB124C9DF80000217888428C
:10C93000F4D0ED200AF00DFB21780920ECE76946E0
:10C9400052200AF0F7FA0B489DF8002001788A423D
:10C95000E4D05220E0E70000F48F0360FB200020C9
:10C960003C9403603C010060A43A002015210020A3
:10C970001321002014210020532100202DE9F74F1E
:10C980000D4682B00446A84265D801462846049A5E
:10C99000FFF7B9FC00285ED00499012201F10109DA
:10C9A000611902EB51084908DFF8E8B30191012849
:10C9B00012D0F9490126A1F1200202EBD40A04F0B9
:10C9C0000702964001EBD407022825D0032845D062
:10C9D00029462046049A1BE00498FFF763FF09F0FC
:10C9E000FF00FFF729FF034600200090DBF801104D
:10C9F0009BF80000049AFFF7F6FDAC422BD02046CE
:10CA0000049A0199FFF7BAFF049A08F0FF0029463B
:10CA100005B0BDE8F04FB1E70498FFF743FFAC4223
:10CA2000EDD13878304338709AF80000304212D097
:10CA3000DA4890F8270000280DD1D64AD8493A3A6A
:10CA4000127806E0C0EBC003CB5CA34203D0401CCD
:10CA5000C0B29042F6D305B0BDE8F08F0498FFF75E
:10CA600021FFAC421AD13878304338709AF8000070
:10CA70003042F0D0C94890F827000028EBD1C549D2
:10CA8000C74A3A39097806E0C0EBC003D35CA34239
:10CA9000E1D0401CC0B28842F6D3DCE709F0FF00C9
:10CAA000FFF7CAFE034600200090DBF801109BF858
:10CAB0000000049AFFF797FDA1E730B4B94C0022BB
:10CAC000B74B24780FE0C2EBC2055D5D8D4208D103
:10CAD000C2EBC201194449790A0906D030BC0809E1
:10CAE0007047521CD2B2A242EDD330BCA4E6AE4A8B
:10CAF0001154AE4A0121115470470246FE21012013
:10CB00003CE7A54810B5202120381BF0F4FE202179
:10CB1000A1481BF0F0FEA048202120301BF0EBFEC6
:10CB20004FF42F719E481BF0E6FE9A4800243A38D5
:10CB30006421C47004709E481BF0DDFE99480470A7
:10CB40009C4804709C48047010BD924900203A39FA
:10CB5000887491484FF48271A4301BF0CCBE2DE94B
:10CB6000F8438C4800253A3801210570817285828E
:10CB7000FEF7FAFFFFF7C5FF904E00241E2706F1CF
:10CB80006408A6F5C869355528F8147009EB041037
:10CB900010211BF0B0FE641CE4B2642CF3D388496E
:10CBA000002001F180020D541554401CC0B28028B1
:10CBB000F9D384484FF46061057083481BF09BFEF5
:10CBC00082480570FFF76CF9FFF7BFFF00231A4694
:10CBD000194618460095FFF793F841F2CC017C48BE
:10CBE0001BF089FE7B480570BDE8F8836C49C0EBFB
:10CBF000C000085C01F5717101EBD00100F0070382
:10CC00000A780120984082430A7057E470B50546BF
:10CC100062480C4601716248017006200AF099F9D9
:10CC20005D4B05F00706203B03EBD5010125087895
:10CC300005FA06F29043087003EBD40004F00703F2
:10CC4000017805FA03F21143017070BD554A10B521
:10CC50000021534B12780DE0C1EBC1041C5D8442EE
:10CC600006D1C1EBC1001844407900F00F0010BD9F
:10CC7000491CC9B29142EFD346483A38017901299B
:10CC80000CD0464900200A1892F82820072A06D01E
:10CC9000401CC0B20328F6D3002010BD4079401CD0
:10CCA000C0B210BD10B5A0F51C52103A40F2BF54EE
:10CCB0001723A24209D2B2FBF3F003FB102070B994
:10CCC000B2FBF3F00870012010BDA0F53050D03851
:10CCD000A04204D2B0FBF3F203FB12020AB100201F
:10CCE00010BDB0FBF3F00870022010BDF0B50123B9
:10CCF0001080CB2926D0C0EBC005A0F1640405EB61
:10CD000000155F2968D0C0EBC00742F2D43607EBAC
:10CD100000173E44B6B22B297BD02E297AD0A0F141
:10CD20006C062C2977D064256C271C2974D0142913
:10CD300073D0152972D0162971D00A2970D04A29CA
:10CD40006ED0FCE0B4280DD055DC1C280AD016DCCF
:10CD5000102807D00CDC082804D004DC03286ED08F
:10CD600004286CD1EAE00B2869D00C2867D1E5E0F3
:10CD7000132864D0142801D0182860D1DEE03C28A4
:10CD800007D02FDC282804D027DC202801D0242835
:10CD900055D1D3E07601006098930360A43A002057
:10CDA000F48F0360FB2000208521002088010060B3
:10CDB000D330002038010060FF200020C88D0360C0
:10CDC000F48E0360B4200020ACF40260B320002095
:10CDD0003C040360B62000204BE02C2801D038280A
:10CDE0002DD1ABE03F282AD0402828D0432826D098
:10CDF000552824D1A2E0D9280AD021DCC82807D0A0
:10CE000014DCBE2804D00CDCB72801D0BA2816D117
:10CE100094E03BE03EE040E056E065E070E076E024
:10CE20007AE0C22801D0C52809D187E0CB2805D0F7
:10CE3000CE2803D0D22801D0D62800D17EE02BE026
:10CE4000ED287BD00CDCE22878D004DCDC2875D01F
:10CE5000DF2874D172E0E62870D0EA286FD16DE047
:10CE6000F0286BD0F32869D0F62867D0FA2866D16D
:10CE700064E06838142804D242F2783028441080E4
:10CE80009723022C5BD241F6146019E0162C56D27F
:10CE9000168017E00C2CFBD351E07438082804D21C
:10CEA00042F26420284410809723062E04D241F6D3
:10CEB0005C50284410809723082C40D241F69E6095
:10CEC0002844108097233AE0082C01D215801CE0FA
:10CED000042E02D21780042331E0BE380A282ED255
:10CEE000BE2010800A232AE00D2C02D215800D23CB
:10CEF00025E07638102822D27620108090231EE07C
:10CF0000082CE3D3082E1AD21780082317E0202C10
:10CF100015D21580202312E0A0F5F8519C39B1F507
:10CF2000807F00D88223A0F5D851BC39812900D256
:10CF30008223A0F5E8503C38812800D2822318468D
:10CF4000F0BDFF4B10B50021FC4A1B780BE0C1EB94
:10CF5000C104145D844204D1C1EBC1001044807946
:10CF600010BD491CC9B29942F1D3002010BD2DE972
:10CF7000F04F8246F34887B08846807A012871D006
:10CF8000EE49CAEBCA0001440091EF49002501EBCC
:10CF90008004B8F1000F0FD0207D8DF80C00B4F89C
:10CFA000151001F07F028DF80D200D0AB4F817104E
:10CFB0000A0A8DF80E200EE0009AE0499279DC2AE8
:10CFC00050D8085C8DF80C0003218DF80D1000215D
:10CFD0008DF80E1007218DF80F10FFF737FE06466B
:10CFE0009DF80C10FFF769FD8146002E3AD0761EA1
:10CFF000D648F7B2384490F82800072832D127B134
:10D00000012F04D0022F04D006E0D14802E0D1481D
:10D0100000E0D1480068059032210598F0F77AF9D0
:10D0200000281FD000208DF81000B8F1000F1AD092
:10D03000207DFFF786FF0146B4F8170001AAFFF72D
:10D0400055FE05B1822000F07F018DF81110BDF86A
:10D0500004100A0A8DF80E208DF80F10000606D570
:10D06000012005E079E201208DF8110001E00020A7
:10D070008346062103A801F006FC010A8DF8121070
:10D080008DF8130049463846FFF731FD384601F068
:10D0900031FC3A46082103A801F00CFC9DF80D0074
:10D0A000052101281BD0022819D09DF8110001EBA1
:10D0B0004000C6B23A463146002005F0FEFC012F82
:10D0C00013D04FF0280CB8F1000F14D09DF80C00CD
:10D0D00001A9FFF74BFA0A21012813D01DE09DF8A2
:10D0E0001100C01D01EBD006E4E79DF811003221CC
:10D0F00000EB800015E09DF8110000EB80000CEBC8
:10D10000400010E09DF80400C0EBC0028B481044C2
:10D1100080795D28EFD00928EDD09DF8110000EB53
:10D12000800001EB40008749C0B291F90D1008441E
:10D13000143080B2394605F0D1FCDFF82092014668
:10D1400099F80100012805D0022803D0032801D056
:10D1500004287DD100297BD0B01EC1B27F4801F0E8
:10D1600092FB09EB060111F8023CB3EB102F70D1D2
:10D1700011F8011CC0B28842F9D1B8F1000F14D0E7
:10D180009DF80C0006A9FFF7F1F99DF81800C0EB17
:10D19000C0016A48084480792B281DD02C281BD058
:10D1A0005F2819D02E2817D01EE099F80400DC283B
:10D1B00011D200992B28887105D02C2803D05F2824
:10D1C00001D02E2807D10023012000901A461946CD
:10D1D0001846FEF795FD46E10023012000901A460F
:10D1E00019461846FEF78CFD0020A076BBF1000F13
:10D1F00006467DD14FF0010854E00AEB0600C0EB73
:10D20000C002514800EB820C8CF80B80207DFFF7A8
:10D2100098FE8CF80C00B4F8150000F07F0101298D
:10D220001DD002291BD0B4F81710C0F3C013FF297A
:10D230003DD999F804C099F803200CEB02228DE83F
:10D240002C000A0A62F35F10C0B2CBB2CA0A01E036
:10D2500055E14DE194F814C0014660461EE0B4F873
:10D26000171099F80320FF29C0F3C0130DD902B19C
:10D2700001228DE82C000A0A62F35F1000F0FF0C17
:10D28000CBB2CA0A207D614608E002B101228DE8D6
:10D290002C00CBB200F01F01207D0022F6F7EAFD42
:10D2A000761CF6B29DF81100B042A6D8DBE009EB7F
:10D2B0004602314492F804C0D2780CEB0222E6E731
:10D2C000DFF884B0207DFFF73CFECB2848D0207DDE
:10D2D000FFF737FE01462C2863D02B2961D05F2948
:10D2E0005FD02E295DD0B4F81700FF287ED900E06A
:10D2F000B3E00A297BD04A2979D009EB860194F85A
:10D3000015808B7991F803C0C8F3C01203EB0C634E
:10D3100091F804C049794FEA0C4C0CEB01211944F7
:10D320008DE8260000EB4601CBB2010A61F35F18DD
:10D3300008F0FF01C20A207D83E00000F48F036043
:10D34000FB2000203C010060ACF40260A43A002005
:10D350006C21002074210020702100203841002021
:10D3600099F8043099F803C099F8051003EB0C23E1
:10D370004FF47A7C03FB0CF399F806C0607D0CEB4C
:10D3800001214FF47A7C01FB0CF1C0F3C01203EBD6
:10D3900011418DE82600B4F81710CBB2CA0AC1B209
:10D3A000C9E799F8223099F82320607D03EB0263E6
:10D3B00099F82420C0F3C0114FEA024C99F82120BB
:10D3C00002950CEB02221A44CDE90021C1B2E37DA3
:10D3D000207D0022F6F74EFD99F8222099F82310BF
:10D3E000012002EB016299F8241001E057E00DE002
:10D3F0000B0499F82110029503EB01211144CDE9AA
:10D4000000100022E37D207D1B211AE009EB86013C
:10D4100000228B7991F803C003EB0C6391F804C0F0
:10D4200049794FEA0C4C0CEB012119448DE8260098
:10D4300000EB4601CBB2617D020A62F35F11C9B213
:10D4400078E7F6F717FD0AEB06000121C0EBC002F2
:10D450000BEB8200761CC172F6B29DF81100B6EBA0
:10D46000500FFFF42DAF9DF80C00F94A002100F099
:10D4700007031154A2F594724FF4167122F810109C
:10D4800002F5847101EBD0010A78012199400A422A
:10D4900058D16946FFF76AF801281DD03CE009EB36
:10D4A000860194F815808B7991F803C0C8F3C012F7
:10D4B00003EB0C6391F804C049794FEA0C4C0CEB78
:10D4C000012119448DE8260000EB4600C3B208F0A4
:10D4D0001F01207D0022B4E79DF80000DD49C0EB6C
:10D4E000C00211448979DC2916D2FFF706F813E04F
:10D4F000D94931F81700401C21F817000CE0D64933
:10D50000891D31F81700401C21F817009DF80C0008
:10D51000CF490A5C521C0A549DF80C00CC49095CA6
:10D520000A290FD36946FFF721F801280AD19DF88F
:10D530000000C849C0EBC00211448979DC2901D23E
:10D54000FFF754FB384609F064FD3A4600210120FC
:10D5500005F0B3FA0598EFF728FE07B0BDE8F08FA5
:10D560002DE9F0418EB004461F4690468C46084691
:10D57000149DFFF7E6FC012650B1B5480CF00701F9
:10D58000203800EBDC0006FA01F10078084243D0B5
:10D59000B24A002000EBC00101EB410102EB810126
:10D5A00091F8691019B1401CC0B21428F2D31428A4
:10D5B00032D0322D30D200EBC00000EB4000012D04
:10D5C00002F8204002EB800484F801C0A4F8028035
:10D5D00084F8685002D000206A460EE03888A080A7
:10D5E00016E037F8101002EB4003090A02F8101099
:10D5F00017F81010401C5970C0B2B0EB550FF0D3A3
:10D60000680884F86800201D2A4669461BF05AF90C
:10D6100004F8696F002060700EB0BDE8F0812DE95C
:10D62000F04F9DB020B1012804D0022804D006E0BC
:10D630008B4802E08B4800E08B48D0F800A0002027
:10D64000864E074600EBC00101EB410506EB850461
:10D6500094F86910012962D194F86A1003295BD209
:10D6600000EBC00101EB410106EB810191F86A106A
:10D67000491C84F86A10142855D26078FFF761FCC1
:10D680004FF0010958B172496078203901EBD0019F
:10D6900000F00702097809FA02F0014243D0322172
:10D6A0005046EFF737FE00283DD06078B3468DF83E
:10D6B0000C00FFF7CBFA06469DF80C10FFF7FDF9BA
:10D6C0000146002E2FD0761E6848F6B2304490F8FE
:10D6D0002800072827D13046FFF709FA304601F025
:10D6E00009F96088010A8DF80E108DF80F0094F882
:10D6F00068201BF82500012A8DF80D0061D98DF8EE
:10D7000010708DF811200DF10C0C0F280DD0500069
:10D710008DF8120000203BE004F8697F6770401C20
:10D72000C0B214288ED31DB018E70021D01DC00848
:10D730008DF81200084617E004EB40039B8803B104
:10D74000012300F0070803FA08F30B43D9B243079B
:10D75000B3F1604F00F1010309D09A4202D10CEB02
:10D76000D303D971401CC0B28242E5D812E00CEB61
:10D77000D30399710021F5E704EB40018B880CEB92
:10D7800040014FEA132881F80780401C0B72C0B299
:10D790008242F1D89DF81200C01DC1B2604601F06E
:10D7A00072F89DF812300DF11301020A5A549DF8D7
:10D7B000122005A950549DF81210324603A80931D1
:10D7C00013E00528A0882CD0010A8DF810108DF8E0
:10D7D0001100062103A801F056F8010A8DF8121075
:10D7E0008DF813003246082103A801F063F8324691
:10D7F0000821002005F061F93146642005F06EF93A
:10D80000DFF84C8010F0FF0F67D084F8697094F84F
:10D8100068200321012A0ED0A288CDE900290297B1
:10D820002AE018B1FF208DF8100001E08DF810708B
:10D830008DF81170CDE71BF82500052802D00628C9
:10D8400016D025E0A08849468DE8830014E000004A
:10D85000D8930360F48F03606A010060007F036067
:10D860006C2100207421002070210020A43A0020A7
:10D87000A088CDE9000902979DF80E009DF80F30B1
:10D88000C20801EB4010C1B29DF80C00F6F7F2FAA5
:10D890009DF80C00FC4A4FF4167108F8007022F84D
:10D8A000101002F5847101EBD00100F007030A7833
:10D8B00009FA03F10A4233D16946FEF757FE0128FF
:10D8C00018D19DF80000F149C0EBC00211448979DC
:10D8D000DC290FD2FEF711FE0CE0ED4931F81600FD
:10D8E000401C21F816009DF80C0018F80010491C87
:10D8F00008F800109DF80C0018F800100A290FD342
:10D900006946FEF733FE01280AD19DF80000DF4981
:10D91000C0EBC00211448979DC2901D2FFF766F916
:10D92000304609F076FB32460021012005F0C5F8AB
:10D930005046EFF73AFCF6E67CB50146D4480322A0
:10D9400034380025C0798DF800008DF801200A0ACE
:10D950008DF802208DF803108DF8045001218DF808
:10D960000510FFF773F904469DF80010FFF7A5F8BE
:10D9700006463CB1641EC748E4B2204490F8280033
:10D98000072801D000207CBD0621684600F07BFFFF
:10D99000010A8DF806108DF8070031462046FFF782
:10D9A000A6F8204600F0A6FF22460821684600F0AF
:10D9B00081FF22460721002005F07FF821466420E0
:10D9C00005F08CF8060011D00521B34800F05BFF8C
:10D9D000B1494A79B2EB102F08D18979C0B2884297
:10D9E00004D1AE49C88D401CC88501253146AA48DE
:10D9F0001AF081FF204609F00CFB2246002101208D
:10DA000005F05BF828467CBD2DE9FC41A04F01469E
:10DA1000343F0322F8798DF800008DF801200A0ABE
:10DA20008DF8022000258DF803108DF80450012197
:10DA30008DF80510FFF70AF904469DF80010FFF76E
:10DA40003CF806463CB1641E9248E4B2204490F88B
:10DA50002800072802D00020BDE8FC810621684686
:10DA600000F011FF010A8DF806108DF8070031460D
:10DA70002046FFF73CF8204600F03CFF22460821F4
:10DA8000684600F017FF22460721002005F015F830
:10DA90002146642005F022F8060011D005217E48B9
:10DAA00000F0F1FE7C494A79B2EB102F08D18A7957
:10DAB000C0B2904204D10879F979884200D1012599
:10DAC000314675481AF017FF204609F0A2FA22469F
:10DAD0000021012004F0F1FF2846BDE770B56C4C31
:10DAE0000020343C617A0A2931D2217A02250829A2
:10DAF0002AD2DFE801F02904080D13181E24502053
:10DB0000FFF71AFF1FE05B20FFF716FF032103E07A
:10DB10005D20FFF711FF0421217215E09620FFF729
:10DB20000BFF0521F8E740F2EE30FFF76DFF06210D
:10DB3000F2E740F2FE30FFF767FF0721ECE74FF412
:10DB40008160FFF761FF257210B10020607270BD27
:10DB5000607A401CFAE72DE9FE4307464B4DC0EBC7
:10DB6000C70041198979DC297DD8285C8DF800002F
:10DB700003218DF8011002218DF80210CA218DF8C1
:10DB800003104FF000088DF8048009218DF805106E
:10DB9000FFF75CF804469DF80010FEF78EFF06467E
:10DBA000002C60D0641E3B48E4B2204490F828006A
:10DBB000072858D10621684600F065FE010A8DF855
:10DBC00006108DF8070031462046FEF790FF2046EC
:10DBD00000F090FE22460821684600F06BFE2246C7
:10DBE0001721002004F069FF2146642004F076FF2D
:10DBF0005FEA000905F579765BD01521264800F02B
:10DC000042FE25494A7DB2EB102F4BD18A7DC0B22E
:10DC1000904247D10879CA7800EB0222A5F66C0041
:10DC200000EB0710562A1FD010211AF064FE1C4882
:10DC30000121154BC1559DF800004FF4167206F8EE
:10DC4000008023F8102003F5847202EBD00200F06C
:10DC50000703127899400A4244D102A9FEF786FCD4
:10DC6000012806D02AE049E01022491D1AF02AFEB8
:10DC7000DDE79DF80800C0EBC00129448979DC2963
:10DC80001CD2FEF73AFC19E0B0920360F48F0360F7
:10DC900070010060A43A002038410020A802026010
:10DCA000C88D0360FB4931F81400401C21F81400B2
:10DCB00004E09DF80000315C491C31549DF80000DF
:10DCC000315C0A290ED302A9FEF750FC012809D1C4
:10DCD0009DF80800C0EBC00129448979DC2901D2F4
:10DCE000FEF784FF4946EC481AF005FE204609F08D
:10DCF00090F922460021012004F0DFFEBDE8FE83FA
:10DD000070B5E648017800292ED0E24C491E2E3C21
:10DD1000A07B884201DA401C00E00020A073C0B262
:10DD2000DF4BC0EBC00103F571755A5C05EBD20502
:10DD300002F007062D780122B240154208D0A3F563
:10DD40000B71095C09B100210AE0BDE8704002E7EF
:10DD500019448979DC2901D9FEF7CFFBA07B00218A
:10DD6000BDE87040FFF703B970BDCA492E39887A03
:10DD7000012808D1888A401C80B288820A2802D9EA
:10DD80000020887288827047C648C24964222E39B2
:10DD90000368887A782B00D950B1012806D0C88A48
:10DDA000642803D342F21072904200D9CA827047AD
:10DDB000088BC882F3E72DE9FC5F0546BA4ABB4EE3
:10DDC000C0EBC50102EB8104715D00297ED1B84A28
:10DDD000A17801271278914279D0E278002A76D191
:10DDE00006F2C44202EBD10201F00703127807FAEF
:10DDF00003F31A426BD06278032A04D0012A06D0BA
:10DE0000022A08D00BE0207842F2D41206E02078F3
:10DE100041F6FC4202E0207841F67C6210448DF825
:10DE2000001003228DF80120020A8DF802204FF025
:10DE3000000A8DF803008DF804A08DF805700846DF
:10DE4000FEF704FF84469DF80010FEF736FE81467B
:10DE5000BCF1000F5CD0ACF1010C96490CF0FF084E
:10DE600001EB080090F82800072851D106216846E8
:10DE700000F009FD010A8DF806108DF807004946EB
:10DE80004046FEF734FE404600F034FD424608218D
:10DE9000684600F00FFD42460721002004F00DFE09
:10DEA0004146642004F01AFEDFF8F4915FEA000BAB
:10DEB000A9F1800914D00521774800F0E4FC7649E7
:10DEC0004A79B2EB102F10D1C0B201E020E021E07E
:10DED0008A79904209D108796430A072775504E0BC
:10DEE00019F80510491C09F8051059466A481AF036
:10DEF00002FD404609F08DF842460021012004F061
:10DF0000DCFD19F80500052802D3775584F80AA02E
:10DF1000BDE8FC9F3754FBE72DE9F0415F48002145
:10DF2000654D5F4C03784AE0C1EBC100225C35F9D6
:10DF30001200461E25F8126000283EDAC1EBC10629
:10DF40005D4AA05DC83202EBD00700F0070E97F8DB
:10DF500000C0012202FA0EF22CEA020C87F800C07F
:10DF6000554FE83707EBD0000778974307700DE06F
:10DF7000C1EBC1021019491CC779A7548268C0F8C7
:10DF80000120027B4271427B8271C9B29942EFD378
:10DF9000C1EBC100002720443E49C7718760077369
:10DFA0002E394773087808B1401E0870FEF7B4F8A0
:10DFB000A05D25F81070BDE8F081491CC9B29942F6
:10DFC000B2D3F8E71CB5334E00242E3E0F20F07379
:10DFD000347425467474FEF750FC4FF00108DFF8E6
:10DFE000DCA086F80A80B5828AF83E806421344835
:10DFF0001AF081FCB5736946EE2008F09BFF694674
:10E00000EE2008F097FF6946EE2008F093FF9DF898
:10E010000000FF2805D129468DF80050EE2008F0B9
:10E0200098FF9DF8000070736946EC2008F082FFAD
:10E030009DF80000FF2805D105218DF80010EC2087
:10E0400008F087FF9DF80000642148433083F18287
:10E05000DFF8409035717571A9F11409DFF848B007
:10E06000FFF792FE174902200870FFF77EFEF18A43
:10E0700042F21070B0FBF1F0F17B884229D8F27ABD
:10E080002AB3317C521E914219F801001CDA491C56
:10E0900031741AE06A01006038410020FB20002042
:10E0A000F48F03605C210020ACF40260F48E036006
:10E0B000AF200020A43A0020B09203609095036046
:10E0C000D8930360952100203574FEF716FDF57393
:10E0D00079E0FFF721FFF08AEEF7D1F9F07B401CE1
:10E0E000F073BAF80410491CAAF80410322C0FD2AD
:10E0F000641C14F0FF040CD0F17A002963D0707C0A
:10E10000491E884219F8007006DA401C707404E059
:10E110000024FFF7F5FD56E0757486F804807771EA
:10E12000012F03D1F08A8000EEF7A9F93846FFF7F6
:10E1300076FAFA480078B8B3B078F6F73AF9B070E2
:10E14000FF283FD0C0EBC0000BEB80005F46007D96
:10E1500001A9FEF70BFAB078F14AC0EBC00107EB5A
:10E160008103197D02EBD10201F0070C177808FA40
:10E170000CF2174210D19DF80470DFF8A8C3C7EB6A
:10E18000C7076744BF79DC2F06D20CF5617707EB30
:10E19000D1073F78174212D191B1E349095C01B32D
:10E1A0002146FEF7E4FE0DE0FFE7FFF7A9FD41F28F
:10E1B0008830EEF764F9F07B3230F07302E0DD7204
:10E1C000FFF79EFD3571B07901287FF449AFFDF767
:10E1D000A3FFD64981F80080D54981F81280B57136
:10E1E0003EE7FFF7E8FDEDE72DE9FF4F04468846DF
:10E1F0004078052181B01646032815D0042813D095
:10E2000001280CD002280AD0062814D0102812D0D9
:10E21000052810D00F280ED0FF2821D033E06079D8
:10E22000C01D01EBD00502E0607901EB40050A203A
:10E2300000EB450727E00825062802D160793F2832
:10E2400003D0E078102803D008E04FF4FA771AE002
:10E2500061797F2902D14FF47A7714E0642712E0C4
:10E26000607A642815D2617B207B01F0010100EB0C
:10E270000120E17AA27A891A491C414310318DB2FA
:10E2800005F1320087B236B1012E06D0022E06D03B
:10E290000AE01025E2E7A74802E0A74800E0A74807
:10E2A00001783046FEF723FC304600F0D4FA3046C1
:10E2B00000F020FB6278DFF888A2FF2A0AEB080949
:10E2C00060D04246214650461AF0FCFA08F0FF01A1
:10E2D000504600F0D8FA030A0AF8083089F801001D
:10E2E00008F1020081B23246954800F0E3FA324666
:10E2F0002946002004F0E1FB924907EB470091F921
:10E300000D100844283080B2314604F0E7FBDFF8F6
:10E3100014B207000BF579797DD0A7F1020808F057
:10E32000FF01894800F0AFFA01468748384410F8E9
:10E33000012C10F8020C02EB002088426CD10499E9
:10E3400050460A68CAF800208988AAF80410617843
:10E35000DFF8F8A1FF2929D04FEA1821017180F8D0
:10E360000580BA1E7849801D1AF0ACFA3A1D74492E
:10E3700077481AF0A7FA381DAAF80000A0780228FA
:10E3800022D035E0A8F1020221466D481AF09AFA2F
:10E39000A8F10200C1B26A4800F075FA020A09F851
:10E3A000022C09F8010C324641469DE73A4666497F
:10E3B000801D1AF087FAAA1D614965481AF082FA91
:10E3C000AD1DAAF80050D9E7E078CB2810D16079CC
:10E3D00010280DD120786946FEF7C8F840B15D4895
:10E3E0009DF80010102200EB0110E11D1AF06AFAEE
:10E3F0000020012E03D1584908705849088022781E
:10E4000009F802002178564A4FF4167022F81100DC
:10E410002078434901E023E01AE001EBD00100F04D
:10E420000702097801209040014226D120786946F0
:10E43000FEF79CF8012820D19DF80000C0EBC00237
:10E4400002EB0B018979DC2917D2FEF756F814E0AC
:10E450003C482E3030F81610491C20F816100CE0FD
:10E460003848343030F81610491C20F8161020783F
:10E4700019F80020521C09F80020217819F8010031
:10E480000A2810D3C8B26946FEF770F801280AD1ED
:10E490009DF80000C0EBC00202EB0B018979DC297A
:10E4A00001D2FEF7A3FB781EB0F5F97F03D83946F9
:10E4B00025481AF020FA0A20EFF7BFFA304608F094
:10E4C000A8FD05B03246BDE8F04F0021012004F060
:10E4D000F4BA2DE9F0410D4606461446022A7DD8CD
:10E4E0007078032811D006283CD010283AD019287B
:10E4F00074D14FF00C0832273178FF293ED000202C
:10E50000FEF7DBFA0146204645E07079052101EB74
:10E51000400000F0FF084FEA4807EDE7B420002074
:10E52000B8930360F48F0360F48E03608E210020A3
:10E530005E19036013210020142100201521002002
:10E540000C7D03603C01006038410020EE2100207A
:10E55000BC2E0460888703606D2000207800006076
:10E56000B09203604FF00808062802D170793F2866
:10E5700001D06427C0E74FF47A77BDE724B1012CBE
:10E5800004D0022C04D008E0834802E0834800E075
:10E59000834801781046FEF7AAFA204600F0AAF94F
:10E5A0002A4631467F481AF08DF9E9B27D4800F0DD
:10E5B0006AF97C49020A4A552944AD1C4870A9B23F
:10E5C0002246784800F076F922464146002004F0C1
:10E5D00074FA2146384604F081FA00E033E0050081
:10E5E0002ED0A81EC1B2704800F04DF901466E4809
:10E5F000284410F8012C10F8020C02EB002088428D
:10E600000AD16A4E16F8260F00F074F932782946BE
:10E61000654800F04FF905E0654931F81400401CE9
:10E6200021F81400294660481AF065F9204608F0E0
:10E63000F0FC2246BDE8F0410021012004F03DBA83
:10E640005B49891DE9E7B6E42DE9FC4781464FF4B3
:10E65000076158481AF04FF9554800241438A0F1C2
:10E660001A05847044700470EC726C70EC70524B3C
:10E670002C73DFF83CC15149514AAC70204603F17C
:10E680000C0605F1280705F1340843F8204046F848
:10E69000204027F810402CF8104028F810400C5467
:10E6A0001454401CC0B20328EFD3464900201E2258
:10E6B00001F164034FF4167601F59D676C620C540A
:10E6C00023F8102027F81060401CC0B26428F6D34D
:10E6D000FEF73BFA45F8414F3B49AC80AC71FF2057
:10E6E00008703A494FF400620870394830490E39D1
:10E6F0000470CDE90091002336A1AFF23770EDF739
:10E7000048FDBDE8FC8770B535492E4A00200B78DE
:10E710006432C3EB031105462A4E4C000BE032F87D
:10E72000101019B1491E22F8101002E0355422F8D9
:10E730001040401CC0B29842F1D370BD70B51C4D62
:10E740000024284E2E3D22E004EB840000EBC400A0
:10E750003044B0F80B20531CA0F80B30B2F5967F74
:10E7600013D901EB810202EBC10131440D221AF0F1
:10E77000A9F8A87C00EB800101EBC00030440D211A
:10E780001AF0B9F8A87C401EA874641CA4B2A97C35
:10E790008C42D9D370BD0000132100201421002029
:10E7A000152100200C7D036038410020A43A002090
:10E7B0006A010060007F0360708703608801006069
:10E7C00085210020C88D036086010060842100201F
:10E7D000870100605363616E5461736B0000000039
:10E7E000FB2000203C9403602DE9F041FE4D95F89C
:10E7F0004F0001282AD0FD4C95F828000026E71C80
:10E800004FF00708022805D0267095F82A00022844
:10E8100010D01AE02078411C21700A28F5D33878EE
:10E8200028B185F828802670FEF727F8EDE785F8EF
:10E830002800F8E7A078411CA1700A2806D3B87810
:10E8400030B185F82A80FEF718F8A670BDE8F0818F
:10E8500085F82A00F7E7022809D8E44900224C3954
:10E8600030B101280BD0022801D14A878A72704743
:10E87000A1F84820DE488A74C0F8A0217047A1F8AA
:10E880004A20CA747047F0B5FF23DA4E1C460022B6
:10E8900006F5807707E0855C521C5D40EDB2D2B290
:10E8A000735D63407C5D491EC9B2F4D244EA032023
:10E8B00080B2F0BD70B50C46002A1AD10A46014656
:10E8C000CD4819F0FFFFC94E01224C3E40F227719E
:10E8D000F485CA48EBF7ADFB0024F58D04E0641C19
:10E8E000A4B20220EDF7CBFDF08D002801D0AC42A0
:10E8F000F5D370BD022803D8BD490120C1F8A0019D
:10E900007047012080F31388BD480168BD4A01F4B7
:10E91000E06111430160BFF34F8FFEE70120FAF77A
:10E920008BFAFAF79FFCB84C38B100202070607069
:10E93000A070FBF7B8F9FAF795FC40F30001491C09
:10E94000217040F34001491C40F380006170401C7D
:10E95000A070FAF736FFFFF7D4FF2DE9FC5FA24D58
:10E96000044628786978EA7800EB0120A978090440
:10E9700001EB0261084416F005FCD4F8B11088429E
:10E980007ED104F1340114220F46A04819F0E1FFB2
:10E99000002648B184F84760142239469B4819F094
:10E9A00091FF9A48F0F733FBA84695F8510094F888
:10E9B000F010DFF85C92012588420ED09548067071
:10E9C000954806709548066089F8EF5094F8F01065
:10E9D00088F85110CB2008F0BCFAB4F9AF0016F05B
:10E9E000D2FB824F4C3FB7F93E10884218D0B4F9A1
:10E9F000AF0016F0C8FB00231A46B7F93E1008F026
:10EA0000BCF9B4F9AF0016F0BEFBF887C0F30721DC
:10EA10000C2008F09EFA97F83E100D2008F099FAA5
:10EA200094F8CE207B7B9A4209D00021084608F05A
:10EA3000A4F994F8CE107973192008F08AFA744971
:10EA400098F8480094F8AE20CF318B46904206D11A
:10EA500005283ED11E22724819F07BFFC8B394F8F6
:10EA6000AE1039B998F82300092805D00B2803D037
:10EA70000E2801D088F8481098F84810052900E0C1
:10EA8000FFE226D8072008F064FA98F848A0BAF107
:10EA9000020F1ED3BAF1050F04D11E225946604859
:10EAA00019F010FF504608F0D5F95A4806705A4838
:10EAB00006705A4806604D48801D0188827849BA20
:10EAC0000904C07841EA02210143B7F93E0008F089
:10EAD000BFF998F8281094F82600DFF848A1DFF86D
:10EAE00048B181422AD0434688F82800022800D045
:10EAF00010B90020FFF7AFFE93F8280098460128D0
:10EB000001D0092806D18AF80050002015F094F8A9
:10EB10008BF80050FDF7B1FE98F828101D2008F082
:10EB200018FA0021E92008F014FA304898F8281063
:10EB3000C01C01703D4806703D48068098F82910B9
:10EB400094F82700814218D0434688F8290002280B
:10EB500000D010B90120FFF77EFE93F829009846F7
:10EB6000072803D1FDF789FE32480670FDF785FEC0
:10EB700098F829101E2008F0ECF998F82A1094F85B
:10EB80002800814222D0434688F82A00022800D07B
:10EB900010B90220FFF75FFE93F82A00984601287B
:10EBA00001D0092806D18AF80050022015F044F857
:10EBB0008BF80050FDF761FE98F82A101F2008F02E
:10EBC000C8F90A4898F82A10C01C817098F85200B9
:10EBD00094F8F710884205D088F85210BF2008F04A
:10EBE000B8F9FD7028E00000A43A00205021002070
:10EBF00000002142343A0508A831002000380140C5
:10EC00000CED00E00400FA055E19036018E70260ED
:10EC10006E0D02609B2100209C210020B821002065
:10EC2000CA4300202B2300204405006097210020C8
:10EC30008C0100604801006098F8540094F8F910C5
:10EC40004FF0030A884206D088F85410C02008F01C
:10EC500080F987F803A098F8550094F8FA108842D4
:10EC600005D088F85510C42008F073F9FD7098F8A5
:10EC7000570094F8FC10884206D088F85710C52039
:10EC800008F067F987F803A098F8520094F8F71095
:10EC9000884205D088F85210BF2008F05AF9FD705C
:10ECA00098F8540094F8F910884206D088F8541067
:10ECB000C02008F04EF987F803A098F8440094F8B3
:10ECC0002F10884204D088F844109A2008F041F9A7
:10ECD00098F8450094F83010884204D088F8451020
:10ECE0009A2008F036F998F8040094F8C510DFF877
:10ECF0004CB4884210D0481EFE280DD288F804106B
:10ED0000062008F026F998F804008BF8000089F82E
:10ED1000F200002013F056FE94F8F2109BF8002049
:10ED200091420ED069B1FF290BD08BF8001089F801
:10ED3000F21088F80410062008F00BF9002013F0F8
:10ED400041FEFF4894F849100278914211D04A1EC2
:10ED5000FE2A0ED2834601709C2008F0FAF899F83A
:10ED600049009BF80010F6F79FFC9BF8001089F80B
:10ED7000491094F8320094F8081100EB0120B8F81B
:10ED8000421088420BD0A8F8420094F83210E720D5
:10ED900008F0DFF894F80811E62008F0DAF8B9F87E
:10EDA000BF00B7F84010B94688420BD04F46C1B2F9
:10EDB00027F8400F162008F0CCF83888010A1520F3
:10EDC00008F0C7F8D4F8C60016F0DCF9DD4F396852
:10EDD00088420AD0D4F8C60038B116F0D3F93860AA
:10EDE00013F053F93868F0F732FE474698F84100BF
:10EDF00094F80E11DFF85083884210D009B13C29F5
:10EE00000DD387F84110222008F0A3F897F84100AD
:10EE100020B3CE4805704570857088F8005097F88B
:10EE2000270094F82A10884204D087F82710202061
:10EE300008F08FF894F82C1099F80F0081421AD03E
:10EE400089F80F1097F8280002280AD048B107283F
:10EE500007D0012805D0092803D00AE088F800600F
:10EE6000DDE7ED2008F075F899F80F10092008F09B
:10EE700070F889F8035094F82E1099F81100CB46D9
:10EE8000814211D08BF8111097F82A00022806D081
:10EE9000012804D0092802D008B1072802D1532044
:10EEA00008F057F88BF803A094F82B00582804D0EA
:10EEB0006F2807D0962807D00EE0A548057084F883
:10EEC0002B6013E0FFF72AFD84F82B60FDF747FE67
:10EED0009E48857488F8005094F82B004D2805D181
:10EEE0009C4884F82B6005709B48067097F850008A
:10EEF00094F8EE10B946884204D089F85010D62014
:10EF000008F027F894F82B00632816D1934884F86A
:10EF10002B6084F8F1600670914806709148066095
:10EF200091480188827849BA0904C07841EA0221EF
:10EF30000143BBF93E0007F08BFF8C4894F8F510B5
:10EF40000278914203D001709D2008F002F88848B1
:10EF500094F809110278914203D00170142007F04F
:10EF6000F8FF072204F1FD01824819F0F2FCE8B332
:10EF7000DFF804A2DAF80000EDF744FB7D48D4F88E
:10EF8000FD106438832640F8641FB4F801118180B5
:10EF900094F8031181714FF6FF77CDE9007677A3DE
:10EFA000202206210120FBF7D8FACDE900762023A4
:10EFB00005221E210020FBF786FACDE900762023EA
:10EFC00005224E210020FBF77EFACDE900762023B2
:10EFD00005226E210020FBF776FACDE9007620238A
:10EFE00005229E210020FBF76EFA00E007E057485B
:10EFF000457688F80050DAF80000EDF747FB99F8FD
:10F00000630094F804114D46884206D085F86310D9
:10F01000E22007F09EFF07F075FE95F8640094F873
:10F020000511884206D085F86410E32007F091FFAF
:10F0300007F068FE95F8650094F80611884206D03E
:10F0400085F86510E42007F084FF07F05BFE95F873
:10F05000660094F80711884206D085F86610E5200E
:10F0600007F077FF07F04EFE95F84F0094F80D116A
:10F07000884206D085F84F10BDE8FC5FB22007F04B
:10F0800068BFBDE8FC9F2DE9F041A0F51853483B4F
:10F090001144C72B1AD8642093FBF0F200FB123204
:10F0A000002A7ED193FBF0F0C4B204EBC400354AD1
:10F0B00000EB041002EBC000C822C91D19F002FCCD
:10F0C000012C6ED1BDE8F0412E4846E4A0F51C525B
:10F0D000103A4FF4B86701241C4D1B4E1723BA4257
:10F0E0001AD2B2FBF3F003FB1020002859D1B2FB77
:10F0F000F3F0C7B2C7EB0710234A00EB40001044FF
:10F100002D22C91D19F0DEFB00213846F1F7DBFD89
:10F11000F1F7A3FD2C7043E0A0F53052D03ABA428B
:10F1200041D2B2FBF3F003FB1020002839D1B2FB2F
:10F13000F3F0C0B2C0EBC00228E032E09B000060F8
:10F14000AF200020CC2000208E2100205E1903601B
:10F150009F210020FF210020002200209B21002071
:10F160009C210020B821002056210020AE20002044
:10F17000B0200020003B002004220020202020207E
:10F18000200000006E0D02602CC3046002EB001032
:10F19000FB4AC91D02EB40002E2219F093FB6C7054
:10F1A0003470BDE8F081A0F54852903AB2F5206F76
:10F1B00036D21420B2FBF0F300FB1323002BF0D166
:10F1C000B2FBF0F0C7B2C7EBC700DFF8B88300EBC3
:10F1D000471202EB08002722C91D19F073FB37B153
:10F1E000012F09D0022F0DD0032F17D111E0E649CE
:10F1F00098F81E00C87311E0E248E44990F8450011
:10F2000008700BE0DF48E24990F86C0081F82800B4
:10F2100004E0DC48DF49D0F893000860AC70BFE739
:10F22000A0F57052903AB2F5987F14D21320B2FB39
:10F23000F0F300FB132363B9B2FBF0F0C0B200EBB4
:10F24000800202EB4010D44AC91D1044252219F057
:10F2500039FBAC71A4E7A0F57752A72A15D8152081
:10F26000B2FBF0F300FB13236BB9B2FBF0F0C0B2BA
:10F27000C0EBC000C94A00EB400002EB40002A226C
:10F28000C91D19F01FFB2C718AE7A0F57852683A66
:10F29000432A12D81120B2FBF0F300FB132353B919
:10F2A000B2FBF0F0C0B2BE4A00EB40101044212285
:10F2B000C91D19F007FB6C7172E7A0F5FA422C3AF0
:10F2C000B2F5107F13D24820B2FBF0F300FB1323FA
:10F2D0005BB9B2FBF0F0C0B2B24A00EBC00002EB87
:10F2E00000109022C91D19F0EDFA2C7458E7A0F512
:10F2F000FE426C3A5B2A14D892FBF3F003FB102019
:10F3000068B992FBF3F0C0B2C0EBC00202EB001090
:10F31000A54AC91D02EB40002E2219F0D3FA6C74E5
:10F320003EE7A0F5FE42C83ADF2A13D80E20B2FB12
:10F33000F0F300FB13235BB9B2FBF0F0C0B29B4AC1
:10F34000C0EBC00002EB80001C22C91D19F0BAFA04
:10F35000EC7025E7A0F50140B138B0F5907FBFF41F
:10F3600020AF242290FBF2F302FB13035BB990FB66
:10F37000F2F0C0B28E4A00EBC00002EBC00048229F
:10F38000C91D19F09FFA2C760AE77CB5894B012537
:10F39000894E5418B0F5FA6F2DD0A0F5E061D3393D
:10F3A0001BD0A0F5E061D1392ED0A0F5E061D539B0
:10F3B0002DD0A0F5E061D43930D0891F1F2934D871
:10F3C000C006B0F1504F21D103F10A00402105469B
:10F3D00019F091FAE11D402237E06079012815D13A
:10F3E00008F023F87C21734819F085FA3576FAF78E
:10F3F000E8F9FFF793FA607918703576FAF7E1F9D2
:10F4000008F013F8FFF77DFA607958707CBD6079D9
:10F41000217900EB0120A3F805007CBD60792179FA
:10F4200000EB0120A3F803007CBDA0F2FA710F29C4
:10F4300011D80007B0F1204FF6D15E4820214A30A4
:10F44000054619F058FAE11D202202B02846BDE811
:10F45000704019F037BAA0F500610A3924D0A0F540
:10F4600000611639E0D10621A0F6160090FBF1F2FA
:10F4700001FB12000028D7D1207A8DF80000A07A75
:10F480008DF80100207B8DF80200A07B8DF8030031
:10F49000207C8DF80400A07C8DF80500684609F0FA
:10F4A0000DFA464805707CBD0C21A0F60A0090FBC1
:10F4B000F1F201FB12000028F5D1207A03F86A0F5F
:10F4C000A07A5870207B9870A07BD870207C18712F
:10F4D000A07C5871207D9871A07DD871207E187213
:10F4E000A07E5872207F9872A07FD8727CBD70B5C4
:10F4F000A0F51853483B6425C72B0AD893FBF5F0B9
:10F50000C1B201EBC10000EB01102D4901EBC001BC
:10F510007EE0A0F51C53103B4FF4B8661724B342AD
:10F5200009D2B3FBF4F0C0B2C0EB0010254900EBE8
:10F53000400001440EE0A0F53053D03BB3420ED260
:10F54000B3FBF4F0C1B2C1EBC10000EB01100C49F8
:10F5500001EB4001B3FBF4F004FB1032C5E0A0F571
:10F560004853903BB3F5206F2ED21420B3FBF0F13B
:10F57000C9B2C1EBC10202EB4111024A33E0000003
:10F5800036530020B21D0260042100209B00006061
:10F59000A43A0020CC200020621B02606C84026030
:10F5A0007C8C0260BC850260008D0260323102609A
:10F5B0003C8A0260909E03605E190360E321002094
:10F5C0006E0D02602CC30460A0F57053903BB3F540
:10F5D000987F0AD21320B3FBF0F1C9B201EB81028C
:10F5E00002EB4111FE4A114466E0A0F57853AC3BB2
:10F5F000B3F57A5F11D293FBF5F0C0B20A21B0FBEC
:10F60000F1F101EB4100C0EBC110F64901EB001133
:10F6100093FBF5F005FB103066E0A0F57753A72BC0
:10F620000BD81520B3FBF0F1C9B2C1EBC101EE4A12
:10F6300001EB410102EB41013EE0A0F5FA432C3B16
:10F64000B3F5107F09D24820B3FBF0F1C9B2E74A05
:10F6500001EBC10102EB01112EE0A0F57853683BEC
:10F66000432B07D81120B3FBF0F1C9B201EB4111D4
:10F67000DF4AB8E7A0F5FE436C3B5B2B0ED893FB4B
:10F68000F4F0C1B2C1EBC10000EB0110D94901EBAC
:10F69000400193FBF4F004FB103025E0A0F5FE439D
:10F6A000C83BDF2B0DD80E20B3FBF0F1C9B2D24A14
:10F6B000C1EBC10102EB8101B3FBF0F200FB12329E
:10F6C00013E0A0F50140B138B0F5907F0DD22422AF
:10F6D00090FBF2F1C9B2C94B01EBC10103EBC101CF
:10F6E00090FBF2F302FB1300C2B231F8120070BDBE
:10F6F000C349B0F5FA6F25D0A0F5E062D13A1FD02A
:10F70000A0F5E062D23A1FD0A0F5E062D43A1DD055
:10F71000A0F5E062D53A1CD0B0F5FB6F1ED0A0F585
:10F72000E062D63A18D0111F1F2919D8B448CA1759
:10F7300001EBD2620A3022F01F02891AC9B21CE022
:10F74000487870470878704788787047B1F80300A8
:10F750007047B1F805007047C8797047087A70475C
:10F76000A0F2FA710F290BD8A548CA1701EB127243
:10F770004A3022F00F02891AC9B230F811007047DE
:10F78000A0F60A01032909D89D48CA1701EB927215
:10F790006A3022F00302891AC9B21AE0A0F60E01FB
:10F7A000032909D89648CA1701EB92726E3022F0ED
:10F7B0000302891AC9B20CE0A0F6120103290AD883
:10F7C0008F48CA1701EB9272723022F00302891A35
:10F7D000C9B2405C7047A0F61600052809D8884ACF
:10F7E0007632062190FBF1F301FB1300C0B2105CEE
:10F7F0007047002070472DE9F34F8248CFB04FF09B
:10F80000010B80F80CB04F9803AE4FF0000970B3B5
:10F8100002282DD004282BD006240020494631543C
:10F82000401C80B20628FAD35098DFF8DCA10519F5
:10F8300068780090E878A97800EB012087B26879B1
:10F8400001900098032815D0012813D006216F4B92
:10F850000C22AAF5C47C062875D00528FCD01028F7
:10F8600002F00284192802F0DA8602F0EFBEFFE708
:10F870000024D9E75098005D30556978301902901E
:10F8800041700098032802D0012805D009E00198B2
:10F8900002994000887004E00198C01DC1080298D8
:10F8A000817002988178C01C19F025F80098012811
:10F8B00001D00025F3E3002341E0FA18082A19D209
:10F8C0000020DFF84CC1014601EBC205C5EB051570
:10F8D00005EB4505654495F82550002D0BFA01F51B
:10F8E00002D00543E8B200E0A843491CC9B2082988
:10F8F000EAD31FE0A2F1400108291BD80020D5005F
:10F90000DFF810C10146A5F500756A18C2EBC20800
:10F9100008EB02120CEB420292F82620002A0BFAA6
:10F9200001F202D00243D0B200E09043491CC9B2B8
:10F930000829EAD3E11831445B1CC8709BB20199D5
:10F940008B42BAD3FEE3FEE37819032807D804EB11
:10F950004501314481F803901AF800000BE2A0F54C
:10F960009851EC397ED004287DD005287CD0082819
:10F970007BD006287AD0072879D00E2878D009289D
:10F9800077D01A2876D01C2875D0162874D017285E
:10F9900073D0182872D0192871D01B2870D00C2869
:10F9A0006FD012286ED013286DD00D286CD010287F
:10F9B0006BD022286AD0232869D0202868D0242838
:10F9C00067D02A2866D01D286FD0A0F57D41E83980
:10F9D00075D0A0F57D41E93969D0A0F57D411BE0E6
:10F9E000621B02609A7C01606C840260BC850260CC
:10F9F0007C8C0260008D0260323102603C8A0260C1
:10FA0000909E036004210020A43A0020BC2E0460D4
:10FA10002CC3046036530020EA3975D0A0F57D412F
:10FA2000F23972D0282871D0292870D02B286FD0B5
:10FA30005E286ED05F286DD02E286CD02F286BD01A
:10FA400030286AD0322869D0332868D0312867D06E
:10FA5000622875D0632874D0272873D0A0F1640180
:10FA6000052918E024E031E037E03DE044E058E0CB
:10FA70005EE068E06FE072E07AE083E08AE091E0C7
:10FA800099E0A0E0A8E0B0E0B8E0BFE0C6E0CDE0DB
:10FA9000D4E0D6E0DCE074D804EB450131445044B6
:10FAA00081F8039010F8510C65E1D8E007E0DDE043
:10FAB00004EB45003044F84980F803905FE004EB24
:10FAC00045003044F54980F8039058E004EB4500C8
:10FAD0003044082180F8039011E204EB45003044E3
:10FAE000442180F803900AE204EB4500304480F89A
:10FAF00003909AF8071002E204EB4500304480F8C6
:10FB000003909AF80410FAE1B4E0BDE0C3E0CAE063
:10FB1000D1E0D8E0DEE0E3E0E5E0E9E0F1E0F8E0C4
:10FB2000FFE004EB450030440A2180F80390E6E151
:10FB300004EB4500304480F803909AF80A10DEE1A7
:10FB4000F4E0FBE001E104EB4500304480F8039071
:10FB50009AF80B10D3E1D1487438C08F68E004EBF9
:10FB60004500CE493044743980F80390497BC6E1A2
:10FB700004EB45003044C94980F8039022390978E4
:10FB8000BDE1EAE004EB45003044C44980F803904D
:10FB90002239FDE304EB45003044C04980F803906E
:10FBA000223976E104EB4500BC493044223980F823
:10FBB0000390C978A3E104EB4500304480F803903A
:10FBC0009AF848109BE104EB4500B449304474397D
:10FBD00080F80390C97B92E104EB4500AF493044C3
:10FBE000743980F80390097C89E104EB4500AB4946
:10FBF0003044743980F80390497C80E104EB45007F
:10FC0000304480F803909AF8271078E104EB45001F
:10FC1000304480F803909AF80C1070E104EB450032
:10FC2000304480F803909AF8231068E19C4824E35C
:10FC300004EB45013144030ACB709CE0984800680E
:10FC40001BE004EB45003044964980F8039096E7AA
:10FC500004EB45003044944980F803908FE704EBAF
:10FC600045003044914980F8039088E78B48B0F80C
:10FC70000100DDE78948D0F8010004EB450131447B
:10FC8000020ECA70000C76E004EB4500304488494F
:10FC900080F8039073E704EB4500304480F803904C
:10FCA0009AF844102BE104EB4500304480F80390AF
:10FCB0009AF8451023E104EB4500304480F80390A6
:10FCC0009AF847101BE17548743830F8581F80883F
:10FCD0000844CAE271487438D0E916100844CCE7E9
:10FCE000BAF84200A4E76D487438B0F840009FE7C6
:10FCF00004EB450069493044743980F80390897BEE
:10FD0000FDE004EB4500304480F803909AF84D1074
:10FD1000F5E004EB4500304480F803909AF84E106B
:10FD2000EDE05E487438B0F842009EE204EB450016
:10FD3000304480F803909AF85010E0E004EB45005E
:10FD400030445C4980F8039019E704EB45003044E7
:10FD500080F803909AF85110D1E06A280CD0A0F1F5
:10FD60006B01032910D804EB45013144504481F85C
:10FD7000039010F85C0C63E204EB4500304480F81B
:10FD800003909AF80E10BAE0A0F16F01032902D98E
:10FD9000091F032908D804EB45013144504481F878
:10FDA000039010F8560C4BE2782831D0262832D038
:10FDB0001E2833D0B0F5367F38D0A0F50071D93980
:10FDC0001ED0A0F580712B3938D0491E64293CD84B
:10FDD000C0EBC00138480844A0F58050374990F87E
:10FDE000CC0701EBD00100F007030A780BFA03F10E
:10FDF0000A4000D0012204EB45013144CA701FE2E1
:10FE000004EB4500304480F803909AF85B1076E0EC
:10FE1000BAF821000CE7BAF8490009E704EB4500FD
:10FE2000304480F803909AF85A1068E004EB4500DB
:10FE3000304480F803909AF8671060E004EB4500C6
:10FE400030441F4980F8039099E6362810D03728AF
:10FE500019D0382838D0A0F13B0102293BD804EB57
:10FE600045013144504481F8039010F8130CE7E148
:10FE700004EB45003044134980F803908988002939
:10FE8000C5D002213BE004EB450030440D4980F829
:10FE90000390897833E000007D0100607821002024
:10FEA000CC200020AF2000209B000060AE2000206E
:10FEB0009421002098210020F48F0360B893036000
:10FEC000FB2000206E07026004EB45003044FB4934
:10FED00080F8039053E65C280AD03E2810D0A0F1A9
:10FEE000460109290ED80AEB400030F85F0C9FE666
:10FEF00004EB4500304480F803909AF8411009E281
:10FF0000EF48BAE153284FD0542850D050286AD037
:10FF100051286BD055286DD056286DD05A2876D0F0
:10FF20005B2876D0A0F50071CA3936D0A0F50071F3
:10FF3000DA3979D0A0F50071DB3967D0B0F5377FB9
:10FF40006FD0A0F50071DD396CD0A0F50071DE39FD
:10FF500069D0A0F50071DF3971D0B0F5387F6FD06E
:10FF6000B0F5397F6DD0A0F50071E5396AD0A0F504
:10FF70000071E63967D0A0F50071E7397DD03939D5
:10FF800006297BD804EB450131445044A0F580504C
:10FF900081F8039090F83C0D52E104EB45003044A9
:10FFA000562180F80390B5E1BAF84B0040E6C54809
:10FFB00090F82D00092803D00A2801D0C2485CE13E
:10FFC000C148C24942F210720088898D4843B0FB93
:10FFD000F2F1B0FBF2F04FEA112C04EB4501314491
:10FFE00081F803C02CE1B948008C21E6B748B0F88D
:10FFF00044001DE6B64840E104EB45003044B549F5
:020000040802F0
:1000000080F80390BBE502E003E00DE026E0B24893
:100010002AE104EB4500304480F803909AF84F1031
:1000200078E13DE034E04DE09AF823000B280BD056
:100030000E28A4480CD0D0F88E01642219E054E0B8
:100040006DE08DE064E0A0E09E48D0F84602F4E761
:10005000D0F8FE022DE090FBF2F0F1E09AF82300D8
:100060000B2811D00E2847D09648D0F8BC014FF489
:100070007A7290FBF2F10B0A01E094E0ACE004EB41
:1000800045013144CB70E6E78E48D0F8740293E026
:1000900004EB45003044914980F803906FE5FCE3A0
:1000A0009AF823000B2806D00E28864807D0D0F8EF
:1000B000EA01642282E08348D0F8A202BDE7D0F8CA
:1000C0005A03BAE79AF823000B2802D00E2804D06E
:1000D00007E07C48D0F8FE026EE07A48D0F8B6031C
:1000E0006AE07848D0F8460266E09AF823000B28C8
:1000F00002D00E2804D007E07248D0F82C03B6E7EF
:100100007048D0F8E403B2E76E48D0F87402AEE766
:100110009AF823000B2834D00E2827D1F4E79AF858
:1001200023000B2815D00E28664816D0D0F8A2025E
:100130004FF47A7390FBF3F14FEA112C04EB450175
:10014000314401E0FDE3FDE390FBF3F081F803C0EF
:1001500076E05C48D0F85A032EE0D0F8120486E727
:100160009AF823000B2808D00E28BAD004EB4500DB
:100170003044494680F80390CCE05248D0F88E01D4
:100180001AE05048D0F8BC0116E09AF823000B287A
:1001900005D00E28EAD14B48D0F8A20267E74948BB
:1001A000D0F8EA0108E09AF823000B2810D00E28B6
:1001B000DCD14448D0F8D0024FF47A7290FBF2F1CF
:1001C0004FEA112C04EB4501314481F803C042E7AA
:1001D0003C48D0F81802EFE7B0F53E7F39D0A0F5E3
:1001E0000071F9392DD0A0F50071E93939D0A0F5A9
:1001F0000071EA3937D0A0F50071EB3936D0B0F58F
:100200003B7F37D0A0F50071ED3931D0A0F54071BA
:10021000163931D0A0F54071173930D0B0F5467F8E
:1002200030D04C310A2930D888B22D4A04EB450130
:10023000314412F810C002EB400081F803C040784E
:100240001BE204EB45003044264980F80390497EC8
:1002500060E004EB45003044224980F80390097EB9
:1002600058E0214809E021480088C2E32048FBE724
:10027000204802E02048F7E720480088D8E41F48DB
:100280004088D5E41D488088B3E396283BD0972862
:1002900041D0982847D099284DD09A2853D09B28F0
:1002A00059D0A0F5807129392AD0A0F5FA616429C6
:1002B00059D880B2FFF71CFABAE400006E0702605A
:1002C000A6210020365300206E0502600421002084
:1002D00052010060490100602A200020AC0100604A
:1002E00018E7026032310260A0010060A2010060E4
:1002F000A4010060A8010060A6010060C4010060C4
:10030000BAF8580094E404EB4500304480F80390B8
:100310009AF85210D8E304EB4500304480F803907B
:100320009AF85310D0E304EB4500304480F8039072
:100330009AF85410C8E304EB4500304480F8039069
:100340009AF85510C0E304EB4500304480F8039060
:100350009AF85610B8E304EB4500304480F8039057
:100360009AF85710B0E3A0F5D851BC397F292ED8A0
:1003700001EBD171C1F34701C007C1EB011000EBE4
:100380004001FE4874D001EB000898F8230000E01B
:10039000E7E080BB98F92800A0F10C010A2911D9E7
:1003A0000B3907290BD800EBC00101EB0011F44811
:1003B0000844A0F5805090F8C10D012802D098F8AB
:1003C0002500B9E198F82500BBE14E987CE3A0F543
:1003D000E0513C393F290FD8C9B2C1EB011101EB03
:1003E000410204EB4500E5493044114480F8039094
:1003F00091F8241068E373E1A0F5E0517C393F29BE
:100400000ED8C9B2C1EB011101EB410204EB45006A
:10041000DA493044114480F8039091F8281053E3EE
:10042000A0F5E051BC393F290ED8C9B2C1EB01118A
:1004300001EB410204EB4500D0493044114480F8FF
:10044000039091F822103FE3A0F5E051FC393F29D9
:100450000FD8C8B2C0EB001000EB400204EB45011E
:10046000C6483144104481F8039090F82300F4E228
:1004700046E1A0F5E8513C397F2903D9A0F2912249
:100480007F2A46D87F2902D841F63C5101E040F24C
:100490009121411A01EBD170C0F34700C907C0EBAD
:1004A000C00101EB0011B74800EB410898F82800A3
:1004B00001D098B114E100283FF458AED8F81E00DE
:1004C00014F060FE010E04EB450030444E90C17004
:1004D000D8F81E0014F056FE010C76E798F82D00AF
:1004E000A0F10C010A2911D90B3907290BD800EB0F
:1004F000C00101EB0011A2480844A0F5805090F81B
:10050000C10D012802D098F8260015E198F82600C0
:1005100017E1A0F5E851BC393F290FD8C8B2C0EBAC
:10052000C00202EB001204EB45019648314400EB97
:10053000420081F8039090F822008EE2A0F5E85185
:10054000FC393F290FD8C8B2C0EBC00101EB001144
:100550008C4800EB410104EB4500304411F82B3F7F
:10056000C3704978B0E2A0F5F0517C393F290FD82B
:10057000C8B2C0EBC00101EB0011824800EB4100A2
:1005800004EB4501314410F8282FCA70407964E229
:10059000A0F5F051BC393F290FD8C8B2C0EBC0025A
:1005A00002EB001204EB45017648314400EB4200B7
:1005B00081F8039090F827004FE2A0F5F0513C3904
:1005C0003F290FD8C8B2C0EBC00202EB001204EB07
:1005D00045016C48314400EB420081F8039090F8EB
:1005E00029003AE2A0F5F051FC393F2935D801EB5A
:1005F000D171C1F34701C0074E91084617D0F8F7F3
:10060000FBFB01464FF47A7091FBF0F0010A04EB1A
:10061000450000EB060888F803104E98F8F7ECFB4D
:100620004FF47A7190FBF1F188F804104DE2F8F77D
:10063000E3FB4FF47A7190FBF1F0010E04EB4500FF
:1006400000EB060888F803104E98F8F7D5FB4FF436
:100650007A7190FBF1F0010CE6E7A0F5F8513C3916
:100660001F290BD8484A04EB450131441044A0F53A
:10067000005081F8039090F8C400EEE1A0F5F85125
:100680005C393F290BD8414A04EB45013144104401
:10069000A0F5005081F8039090F8A400DDE1A0F5EA
:1006A000F8519C39FF2903D9A0F29112FF2A52D8A0
:1006B000FF2902D841F69C7101E040F29111411AE4
:1006C00001EBD170C0F34700C907C0EBC00101EBDB
:1006D00040112F4814D001EB000898F82300A0B176
:1006E000D8F81E0014F04EFD010A04EB450030441A
:1006F0004E90C170D8F81E0014F044FD014664E627
:1007000001EB000898F82300D5E698F82600A0F140
:100710000C010A2913D90B3907290BD800EBC001AA
:1007200001EB001116480844A0F5805090F8C10D67
:10073000012804D098F82400012804D016E598F880
:1007400024000128FAD004EB4500304480F80390DF
:1007500080F804B0B9E1A0F500519C397F291CD87C
:10076000C0EBC00202EB401204EB450108483144E3
:10077000104481F80390A0F5A0200BE02CC3046086
:100780001A190260365300204C3B0020B65E002050
:10079000B21D026090F85E085FE1A0F50451543983
:1007A0007F290FD804EB45013144C0EBC00281F82A
:1007B000039002EB4012FE481044A0F5A42090F8EC
:1007C0005A0C4AE1A0F50451D4397F290FD8C0EB67
:1007D000C00202EB4012F64804EB450131441044DC
:1007E000A0F5A62081F8039090F8D70835E1A0F590
:1007F00004511C39072910D8C0EBC00000EB40029F
:10080000EC4804EB4501314400EB4200A0F5AE207A
:1008100081F8039090F887011FE1A0F50451243975
:10082000072910D8C0EBC00000EB4002E14804EB00
:100830004501314400EB4200A0F5AE2081F8039061
:1008400090F8360009E1A0F504512C39072910D899
:10085000C0EBC00000EB4002D64804EB4501314438
:1008600000EB4200A0F5B02081F8039090F8EC0E68
:10087000F3E0A0F504513439072912D8C0EBC000C9
:1008800000EB400204EB4501CA48314400EB420052
:1008900081F80390A0F5B02000E018E190F8980DE1
:1008A000DBE0A0F504513C39072910D8C0EBC000AB
:1008B00000EB4002BF4804EB4501314400EB42002D
:1008C000A0F5B02081F8039090F84F0CC5E0A0F59A
:1008D00004514439072910D8C0EBC00000EB400296
:1008E000B44804EB4501314400EB4200A0F5B020D0
:1008F00081F8039090F8F90AAFE0A0F504514C3963
:1009000003290DD800EB4012AB4804EB45013144FC
:100910001044A0F58A2081F8039090F853059CE0DC
:10092000A0F504515039032910D800EB401204EB14
:100930004501A1483144104481F80390A0F58A2074
:1009400001E0C8E052E190F8CE0486E0A0F5FE4256
:100950006C3A5B2A16D82E2092FBF0F192FBF0F352
:1009600000FB1320C9B2C1EBC103C2B203EB0111FA
:1009700004EB4500914B304403EB410180F80390B8
:10098000895CA1E0A0F1C801082919D2CF280BD0B9
:10099000CA280DD004EB4501894A3144104481F83E
:1009A000039010F8C80C58E08548B0F8070065E4DB
:1009B00004EB45003044824980F80390FFF769BAA0
:1009C000A0F5B85170390B2907D87E4901EBC0005A
:1009D000A0F54040B0F8800450E4A0F5B8517C394F
:1009E0000B2909D8774901EBC000A0F54040B0F8C9
:1009F0002404020AFFF7FFB9A0F5B85188390B2982
:100A00000FD8704901EBC000A0F54040D0F8C413E6
:100A10000A0C04EB45013144CA70D0F8C003FFF75B
:100A200031B9A0F5D8515839312907D8664901EBB9
:100A30004000A0F58040B0F850091FE4A0F518511F
:100A4000483945F68842914209D880B2FEF74FFDF9
:100A500004EB45013144C870000A087135E0A0F587
:100A60001C4040383B283FF66EAEC11700EB917238
:100A7000C2F38F0122F00302801A0004000C06D09A
:100A8000012809D002280CD0032814D01DE04F48BB
:100A900000EB410000880FE44C4800EB4100C08BA4
:100AA0000AE404EB4500494A3044114480F80390BD
:100AB00091F83C1008E004EB4500444A30441144EE
:100AC00080F8039091F84B1001716D1CADB2019844
:100AD0008542FEF439AF4F9830B1022804D0042883
:100AE00002D0052844D01FE20098012812D00198B6
:100AF000032101EB4000C1B203A8FDF7C4FE019938
:100B0000020A06EB4101CA7008714F98042813D0FD
:100B1000C8B1E8E702988078C01CC1B203A8FDF70D
:100B2000B2FE0299020A8B780DF10F015A54029914
:100B30008A7804A95054E8E70198F11C420024483F
:100B400017F0C0FECFE752469AF82600FDF7D2FE16
:100B5000009892F82620012805D00198052101EB84
:100B6000400103A8F5E30298817803A8491DF9E73D
:100B700050981849008840BA0885020A8DF80C2060
:100B80008DF80D000198032101EB4000020A8DF859
:100B900010208DF8110000988DF80E900128019812
:100BA0008DF80F9020D004EB40021446D21C13E0C5
:100BB000B21D02606C8402607C8C0260008D026059
:100BC000442300206C050160A80202609095036038
:100BD000FEFB01600421002003A9F44817F072FE17
:100BE000F348E41C04807EE70219DEE74F98C8B1A1
:100BF000022851D004284FD0509800788DF80C006E
:100C0000509840788DF80D008DF810908DF81110E7
:100C10004F988DF80E908DF80F90012815D005286B
:100C200026D039E0564616F8260FFDF763FE3278D7
:100C300008215098FDF73EFE3078FDF75BFE3278D4
:100C400008215098FDF736FE26E000202118509B21
:100C5000401C80B25B5C73540628F7D303AE0CF1E2
:100C60005C0C96E80B008CE80B00D248828713E0FE
:100C700000202118DDF840C1401C80B21CF801C0E2
:100C800006F801C00628F4D3039818600498586049
:100C900005989860C64802800098DFF81C830528F4
:100CA00047D0A7F5D850BC384FF41071B0F5B36FEA
:100CB00034D24FF4C076B04202D2C04B83F800B0B9
:100CC000A7F5E8523C3AB2F5187F02D2BB4B83F845
:100CD00001B0A7F5F8529C3AB24202D2B74A82F864
:100CE00002B0A7F504521C3A2F2A04D9A7F5FA42FC
:100CF0002C3A8A4202D2B14B83F804B0A7F50452D1
:100D00004C3A072A04D9A7F5FE426C3A5B2A02D86E
:100D1000AA4A82F805B0AA4B83F800B0032F6FD817
:100D2000A44CA07E00F0010139436AD0022F69D0A3
:100D3000D9E63F2F76D8FEB2C6EB061000EB400195
:100D4000A0480C1894F823000028F1D1F7F7FDFF14
:100D5000B04294F92800A0F10C0130DD0A291BD91A
:100D60000B3907290BD800EBC00101EB00119648A5
:100D70000844A0F5805090F8C10D01280CD02879C6
:100D800000B1012018F094F9014608EB8610816249
:100D900030460FF0C4FA25E0287950B1002018F051
:100DA00087F9014608EB8610816230460FF0B7FAEA
:100DB00023E00120F3E7002016E0012014E00A29D7
:100DC0001AD9A0F1170107290BD800EBC00101EBDC
:100DD00000117D480844A0F5805090F8C10D01280D
:100DE0000AD028790028E8D184F8250010F0FF0FF8
:100DF0000AD04FF47A7108E028790028DDD0DAE7CC
:100E000068E040E051E00DE000213046F7F7B9FE20
:100E100030460FF084FA4FF47A714843C4F81E004C
:100E20006649F6E3403F3F2F7ED8F8B2C0EBC001E1
:100E300001EB0011654800EB410090F82810F1B972
:100E400090F82D10A1F10C020A2A12D90B3A072AA8
:100E50000BD801EBC10202EB01125B491144A1F571
:100E6000805191F8C11D012903D0297929B10121AF
:100E700003E029790029FAD0002180F826104F4993
:100E800081F801B02FE669798AF8001028798AF88C
:100E900001005646002006F05CF87178012006F04B
:100EA00058F8A07E40F0010012E08007EAD469798A
:100EB0008AF8021028798AF803005646022006F0C4
:100EC00048F8F178032006F044F8A07E40F00200D4
:100ED000A07608E6062F44D0082F52D00C2F55D00C
:100EE000122F62D0132F79D01A2F78D01C2F77D0E1
:100EF000102F76D00D2F75D0222F74D0242F73D0C1
:100F00002A2F72D01D2F71D0A7F57D42E83A22D04A
:100F1000A7F57D42E93A6AD0A7F57D42EA3A67D063
:100F2000232F6FD0202F00E02DE26CD0282F6BD024
:100F3000A7F13B02022A68D8D4B20AEB040668790A
:100F400096F828105746814204D06CB3012C7CD00F
:100F5000022C7BD096E11748697974300170D1205A
:100F600079E0697954468AF80410062005F0F1FF0B
:100F700017492079087317490870174981F8F2005A
:100F8000CBE069798AF80710082064E0094C687999
:100F9000E0736979092005F0DCFFE17BED2005F0C5
:100FA000D8FF84F803B09EE51CE122E0BC2E04606B
:100FB000EE2100200421002068B502605E19036064
:100FC0008E2100202CC304601A19026036530020C1
:100FD000570D02609B0000606E0D026016E01FE07E
:100FE0003CE049E068E06CE074E086E099E09FE076
:100FF000B1E0F44C687920746979522005F0A9FFBA
:1010000002200BE0BAE0CDE0E7E043E1ED4C687987
:1010100060746979532005F09CFF0320E07062E55D
:1010200068792979E74C00EB0120B4F93E10884239
:10103000B9D000231A4605F0A0FE6879297900EBA3
:101040000120E08729790C2001E0D5E0DCE005F003
:1010500080FF69790D2005F07CFF44E5D94C6A7961
:10106000637B9A429FD00021084605F086FE68798E
:10107000607369791920EEE768797F2806D08E2899
:1010800008D08F288FD055280AD02CE5EEF729FDFF
:10109000FDF737FCCB48494680F81A909E20DAE7E6
:1010A000C94981F800B02879C0EB00108100C74819
:1010B0000180EEF716FD16E569798AF827102020E1
:1010C000C9E76879297900EB0120C1B28AF82310B9
:1010D0000E20C0E769790029A1D0FF299FD0BC4C20
:1010E0009C20217005F035FFBA4D217815F8490F85
:1010F000F4F7DAFA20782870F5E4697900298ED0BF
:10110000FF298CD0B44C062021708AF8041005F019
:1011100020FFB048217880F8F210002011F052FC36
:10112000E1E46979012998D9AC4801709D2092E7E2
:10113000A44A2B79743252F8010F010C6879090422
:1011400000EB0320084310606979D22005F001FF0D
:101150002979D3207FE79B496A7974312B7931F85B
:10116000010F02EB032280B240EA02400860697975
:10117000D42005F0EEFE2979D5206CE7984C6879EB
:101180002A79216800EB0220B0EB114F93D06FF366
:101190000F01084320606979A32005F0DAFE297960
:1011A000A42014E08E4C68792979226800EB012391
:1011B000B3EB124FA0D0000400EB016091B20844E1
:1011C00020606979A52005F0C4FE2979A62005F0E4
:1011D000C0FE206810F059FF85E469798AF8441050
:1011E0009A2038E7C8B1022817D0072815D001285F
:1011F00013D0092811D047E078B102280DD0072874
:101200000BD0082809D06EE438B1022805D0072891
:1012100003D0012801D00928DED186F82800022851
:1012200002D12046FDF717FB96F82800012801D0CF
:10123000092808D16B49204681F800B06A4981F835
:1012400000B012F0F9FC96F82800072806D1FBF749
:1012500014FB012C02D1654981F8009016F8281F73
:1012600004F11D0005F075FE0021E92005F071FE76
:10127000544930784F310855534981F8009053490B
:10128000A1F80090002CA7D1524897F8281080F8B8
:10129000261078E05C2F1CD0A7F14602092A2DD831
:1012A0006879297900EB01200AEB470121F85F0CEE
:1012B0006FF04D0000EB4700297980B205F049FE40
:1012C0006FF04C0000EB4700697980B205F041FEF9
:1012D000FBE3697909B13C2995D35446222004F8EF
:1012E000411F05F036FE207830B14149584681F85B
:1012F00000B081F801B0E9E33E49DDE0532F29D089
:10130000502F36D0512F3FD0552F45D0562F51D08A
:101310005A2F56D05B2F75D0B7F53A7F73D02E2F4A
:1013200072D02F2F71D0312F70D0302F6FD0622F0D
:101330006ED0632F6DD0272F6CD06A2F6BD0A7F1A2
:101340006B02032A68D80AEB0700697900F85C1C75
:10135000E4E0F2E368792979544600EB012081B298
:1013600024F84B1FB02005F0F4FD2088010AB120BD
:1013700071E61448B0F8441000298AD069792A79B6
:1013800001EB0221018400E26879297900EB012058
:101390000C49A1F84400F8E16879297900EB0120B3
:1013A000154980B20880154908806421B0FBF1F12D
:1013B000EC2050E6124995F90500087081B2EE2044
:1013C00049E62AE004210020972100208C010060DA
:1013D000AF2000206E0D02609B000060AE20002058
:1013E000CC2000202B230020440500604801006031
:1013F0005E1903608E2100205201006054010060DC
:101400004901006013E018E01FE02BE038E045E000
:101410004AE054E065E06AE074E06879297900EB1D
:101420000120FD4980B20880EDF7FFFEADE169794A
:101430008AF84F106979B2200DE66879297900EBB6
:10144000012080B20CF095FF9FE16879297900EBCB
:101450000120AAF842006979E72005F07AFD297990
:10146000E620F8E56879297900EB0120EB49A1F83D
:1014700040006979162005F06CFD29791520EAE510
:101480006879012807D040F2D241E448A0F8421020
:101490006979EB20DFE540F2D341F6E7DF4869796F
:1014A000817369791720D6E569798AF850106979CE
:1014B000D62005F04EFDDA4981F8009065E1D94962
:1014C000687908700128B1D12879D74938B10870F6
:1014D000D248D649806D0860D549086055E105209D
:1014E000F5E769798AF851106979CB20B3E5687915
:1014F00001289BD8297900EB0120C1B28AF80E108F
:101500002E20A8E5A7F16F02032A02D9121F032A91
:1015100006D80AEB0700697900F8561C3C3FC4E185
:10152000782F7CD0262F75D01E2F74D0A7F540724F
:10153000163A5DD0A7F54072173A6DD0B7F5467FE1
:101540006BD0B7F5367F69D0A7F50072D93A73D062
:10155000473A062A71D8B74C2068EBF753F86879F8
:101560002979832500EB01210AEB0700A0F58050C3
:101570004FF6FF7680F83C1DB049AF48B0A351F854
:10158000642F40F8FD2F8A88828089798171CDE9A6
:101590000065202206210120F8F7DFFFCDE9006574
:1015A000202305221E210020F8F78DFFCDE90065DC
:1015B000202305224E210020F8F785FFCDE90065A4
:1015C000202305227E210020F8F77DFFCDE900656C
:1015D00020230522BD210020F8F775FF994981F8E5
:1015E00019B0994981F800B02068EBF74FF8CCE0CA
:1015F00068792979954C00EB012081B2218040F275
:10160000271005F0A6FC2088010A4FF4947022E50B
:1016100005E0CFE012E01EE027E03CE04BE0687917
:10162000297900EB0120AAF8210069793D2005F015
:1016300090FC29793C200EE527E042E06879297981
:1016400000EB0120AAF849006979C82005F081FC67
:101650002979C920FFE469798AF85A106979C72085
:1016600005F077FCEFF7F9FA8FE068792979774C84
:1016700000EB012081B2618040F2291005F069FC85
:101680006088010A4FF49570E5E469798AF85B1087
:101690006979E020DFE4687929796C4C00EB01205E
:1016A00081B2A18040F22B1005F053FCA088010A02
:1016B0004FF49670CFE469798AF867106979EA2067
:1016C000C9E4B7F53E7F2ED0A7F50072F93A22D0D3
:1016D000962F44D0982F48D0992F4CD09B2F55D07F
:1016E000212F5ED0A7F5FA62642A74D9A7F5D852E3
:1016F000583A312A61D868792979554C00EB012193
:1017000004EB4700A0F58040A0F85019A7F5D85089
:1017100087380CD010E04F486979417649495846DE
:1017200081F803B0C0E34B4869790176F6E794F895
:101730005E100420E8F7B3FFA7F5D850883804D12D
:1017400094F86010E820E8F7AAFFA7F5D850893888
:101750008AD194F862101820E8F7A1FF15E06979A2
:101760008AF852106979BF200AE069798AF8541022
:101770006979C0200FE069798AF855106979C42029
:1017800005F0E7FB254981F803B0AAE269798AF8F8
:1017900057106979C52005F0DCFB20480321C17092
:1017A0009FE268796F2802D0582802D099E2FDF7AD
:1017B000B5F8294981F800B093E2284AA7F5B85353
:1017C000703B541C0B2B07D8254800EBC700A0F535
:1017D0003B4080380BE0FDE3A7F5B8537C3B0B2B77
:1017E00040D81F4800EBC700A0F53B40DC3801683B
:1017F00001F4702101606B792E7903EB06230B4312
:10180000036002EB4700697980B205F0A2FB04EBAC
:101810004700297980B21EE42A20002004210020FC
:10182000B7200020982100208E010060D8210020E0
:1018300094010060042200206E0D02609C3A00209A
:10184000200000005E1903608E210020C4010060AA
:10185000A8020260323102609F21002074D1FFFF94
:101860006C050160A7F5B852883A0B2A1FD8FE48CC
:1018700000EBC700A0F53C404038A7F5B057018801
:10188000D53F89B201606A7941EA024101608188ED
:1018900089B241602A7941EA024141606879297937
:1018A00000F00F0001F0F0010144B8B208E4A7F124
:1018B000C802072A4DD86879297900EB0121EB4845
:1018C000C219C82F02F8C81C0AD0C92F0CD0CA2FC1
:1018D00016D0CB2F1DD0CD2F25D0CE2F2ED000E26D
:1018E000E24A4378127802E0E04B02785B78CDE977
:1018F0000032CDF808908378C27841798079FDE391
:1019000001784378CDE90031D849CDF808908B783B
:10191000F2E702784378CDE90032D449CDF8089057
:101920008378CA78E9E701784378CDE90031CDF8CA
:101930000890CE498378C2784979DFE70278437806
:10194000CDE90032CDF808908378C2784179C74854
:10195000D4E77F2870D800EBD070C0F34706C6EB01
:10196000061000EB4001C2480C18D4F81E0013F01A
:1019700009FCF8077DD094F82300DFF8F8A298B1AD
:10198000F7F7E3F9B0420EDD08EB86176879796A5C
:101990005145297900EB01206CD117F089FBB6493C
:1019A00017F0ABF9F861A5E0F7F7CFF9B04294F979
:1019B0002800A0F10C0161DD0A291DD90B39072986
:1019C0000BD800EBC00101EB0011AC480844A0F5B6
:1019D000805090F8C10D01280ED008EB8617687969
:1019E000796A5145297900EB01202AD100B1012003
:1019F00017F05EFBF86129E008EB86176879796AD1
:101A00005145297900EB012007D120B1002017F0C2
:101A10004FFBF86106E00120F9E770B1002017F0F4
:101A200047FBB862964894F82510017730460EF0CF
:101A300076FC20B1002012E06FE00120EFE70120EA
:101A40000DE000B1012017F033FBB8628C4894F828
:101A50002510017730460EF062FC0028EFD184F8A3
:101A6000250041B28648027F914228D080F81BB001
:101A700001E04FE038E080F81D9020E00A2916D9F7
:101A8000A0F1170107290BD800EBC00101EB0011F1
:101A90007A480844A0F5805090F8C10D012806D07E
:101AA0006879297910EB012007D0012005E06879D9
:101AB000297910EB0120F8D0002084F8250094F853
:101AC000250020B14FF47A7102E0F8E3EBE1002148
:101AD0003046F7F756F830460EF021FC4FF47A7195
:101AE0004843C4F81E0015E017F0E2FA624917F007
:101AF00004F9B86230460CF0E6FE5F4917F0CBF807
:101B000017F0F9FAC4F81E0017F0C9FA014630467A
:101B1000EFF7A7F8EFF7A1F8EBE3A7F5E0507C3873
:101B20003F280BD8C1B2C1EB011000EB4003504875
:101B30006A79184480F8282013E0F9E3A7F5E0500B
:101B4000BC383F2817D8C1B2C1EB011000EB4002EE
:101B50004748104490F82420012A02D16A7980F87D
:101B60002220484B012283F800B0474B83F800B095
:101B7000FAF794F9B5E0A7F5E050FC383F280AD809
:101B8000C1B2C1EB011000EB400339486A79184437
:101B900080F82320E5E7A7F5E8503C387F2877D880
:101BA00000EBD070C0F34706C6EBC60000EB061191
:101BB000364800EB4104D4F81E0013F0E3FAF907AD
:101BC0000CD0020C29791204687902EB01228518E5
:101BD00094F9282052B1012A2CD034E069792A796D
:101BE00080B201EB022100EB01455AE094F82D2070
:101BF000A2F10C030A2B13D90B3B072B0BD802EBDA
:101C0000C20303EB02131D4A1A44A2F5805292F854
:101C1000C12D012A04D000EB0120012804D006E0E8
:101C200000EB0120012802D084F826B00BE084F8F4
:101C3000269008E000EB01204FF47A71484313F03E
:101C4000A1FAC4F81E0094F82700012829D194F8BD
:101C50002D00192803D00F2801D01D2821D1D4F838
:101C60001E0013F08FFA14E06C050160442300207D
:101C70002CC3046000007F4300007A441A190260FC
:101C8000042100205E1903608E21002036530020BD
:101C900014E030B9FE4941F82690A1F5176101F82A
:101CA00006B0284613F06EFAC4F81E00F94880F812
:101CB00001B0F94880F800B0204610E0A7F5E850E0
:101CC000BC383F280ED8C0B2C0EBC00202EB0012F5
:101CD000F248697900EB420080F822104BE0FAF7F5
:101CE000DEF8C0E1A7F5E850FC383F280ED8C0B2B6
:101CF000C0EBC00202EB0012E848297900EB420079
:101D000080F82B10697980F82C1034E0A7F5F0509A
:101D10003C383F280BD8C0B2C0EBC00202EB001227
:101D2000DE48697900EB420080F8291023E0A7F52E
:101D3000F0507C383F280ED8C0B2C0EBC00202EB96
:101D40000012D648297900EB420080F82810697902
:101D500080F82D100FE0A7F5F050BC383F2811D8BF
:101D6000C0B2C0EBC00202EB0012CC48697900EBB4
:101D7000420080F82710C74A82F801B0C64A82F8AC
:101D800000B0ACE7A7F5F8503C381F2805D8C04A8A
:101D9000C0B2403269791154CEE3A7F5F8505C38EF
:101DA0003F2804D8BE4AC0B2697911545BE1A7F557
:101DB000F8509C38FF2846D800EBD070C0F347009D
:101DC000C0EBC00101EB4011B6480C18D4F81E005E
:101DD00013F0D8F9F9070AD02A796FF30F006B795D
:101DE00000EB022094F82310184441B126E06979F1
:101DF0002A7980B201EB022100EB01401EE094F849
:101E00002610A1F10C050A2D13D90B3D072D0BD877
:101E100001EBC10505EB0115A3492944A1F580514A
:101E200091F8C11D012904D003EB0221012904D03E
:101E3000CAE303EB022101297BD0C2E313F0A2F92C
:101E4000C4F81E0087E3A7F500509C387F280AD805
:101E5000C0B2C0EBC00202EB401292486979104454
:101E600080F8221077E3A7F50450D4387F280AD8E9
:101E7000C0B2C0EBC00202EB40128A48697910443C
:101E800080F8231067E3A7F5045054387F280CD856
:101E9000C0B2C0EBC00202EB401282486979104424
:101EA00080F8261057E388704AE3A7F504501C38E1
:101EB00007280AD8C0B2C0EBC00000EB40027B4844
:101EC000697900EB4200C17755E0A7F5045024384A
:101ED00007280CD86979C0B201B10121C0EBC0005C
:101EE00000EB4002714800EB4200817743E0A7F528
:101EF00004502C3807280BD8C0B2C0EBC00000EB50
:101F000040026A48697900EB420080F8241032E010
:101F1000A7F50450343807280CD8C0B2C0EBC00075
:101F200000EB40026148697900EB420080F8201024
:101F300021E043E3A7F504503C3807280BD8C0B292
:101F4000C0EBC00000EB40025848697900EB42004A
:101F500080F827100FE0A7F50450443807280FD861
:101F6000C0B2C0EBC00000EB40025048697900EB02
:101F7000420080F821104749584681F804B0DFE25A
:101F8000A7F5FA402C3888422CD2482290FBF2F177
:101F9000CBB290FBF2F102FB1101CC1701EB5471B3
:101FA00090FBF2F402FB1400C21703EBC30400EB36
:101FB00052723F4B22F00702C1F3C701801A03EBB4
:101FC0000413C0B203EB011101EB40032A795A70EC
:101FD0006A7900E01AE101F810202E49584681F88C
:101FE00010B0ADE2A7F504504C3803280BD8C0B2AE
:101FF00000EB40122F4869791044C17725485946B3
:1020000080F805B02DE0A7F50450503803280DD80E
:102010006979C0B201B1012100EB4012254810449A
:1020200081771C49584681F805B089E2A7F5FE473B
:102030006C3F5B2F17D82E2197FBF1F097FBF1F245
:10204000C0B2C0EBC00303EB001001FB12711A4BCE
:10205000C9B203EB40006A7942540E48594680F8F1
:1020600011B00D480170F1E24F9838B302284CD0FE
:1020700004284AD00528509800788DF80C00509814
:1020800040788DF80D008DF80E908DF80F9016E0C9
:102090000C3B00205E1903608E2100203653002087
:1020A000B65E0020B21D02601A1902606C840260E4
:1020B000BC8502607C8C0260008D026025E08DF89A
:1020C00010908DF811104FF000003BD02118509B5C
:1020D000401C80B25B5C73540628F7D303AE0CF14E
:1020E0005C0C96E80B008CE80B00FE488287642F9E
:1020F0003CD0A7F2CB200A287FD800E015E1A879D0
:10210000142867D80020F84A6CE0509801680091C4
:102110008088ADF8040006216846FCF7B4FB010A8C
:102120008DF806108DF807004F980028DFD1524631
:1021300012F8260FFCF7DEFB127808216846FCF740
:10214000B9FBD4E72118DDF840C1401C80B21CF86F
:1021500001C006F801C00628F4D30398186004985B
:10216000586005989860E1480280C0E7DD4E3078FD
:1021700080B3A8790C2811D1297A8AF81310A97A8A
:102180008AF81410297B8AF81510A97B8AF8161092
:10219000297C8AF81710A97C8AF8181054469AF8F6
:1021A0001310282004F0D5FE217D292004F0D1FE53
:1021B000617D2A2004F0CDFEA17D2B2004F0C9FE14
:1021C000E17D2C2004F0C5FE217E2D2004F0C1FE0F
:1021D00086F800903AE2509923181944C9791154AD
:1021E000401CC0B2A9798142F5D8C14880F800B03E
:1021F000C04880F818B029E2FFE7B7F58C7F0CD013
:10220000C82F5DD0A7F5FA60642871D8DDE94F3298
:1022100021463846FDF7B9F818E2A879202823D1DD
:10222000A87ADC2820D3A87B297C2A7D00EB01201A
:10223000A97C090401EB02614418287B401CC0B250
:10224000FAF7FAFACDF8009003462A7B287A21465D
:10225000FAF7C9F9A84CA94E012806D0287A694690
:10226000FAF784F9012816D0F0E1A54FA54BA97A19
:102270003878C0EBC0021A4404EB001002F8011CCD
:1022800005F115011022103816F01CFB3978314485
:1022900001F801BCDAE19DF800009A4BC0EBC002E6
:1022A0001A44A97A917105F1150104EB001010226E
:1022B00016F008FB9DF8001006F801B0C6E1ABE18E
:1022C0006879082833D1A879082808D0287A50F0EE
:1022D00080002872287B1BD040F080001AE0E8794B
:1022E00050F08000E871687A04D040F0800003E08C
:1022F0001FE085E000F07F006872A97B6A7BCDE972
:102300000021CDF808902B7BEA7A697A287A0CE0D4
:1023100000F07F002873A87D297DCDE90010CDF85D
:102320000890AB7C2A7C297BA87AE8F7D3FE8DE164
:10233000CBE1A7F51850483845F68841884205D8C2
:1023400021463846509AFCF79EFE7FE1A7F598504B
:10235000EC3807D0A0F5FA607F286ED86979022999
:102360002AD04DE06879072823D1A87A297B2A7CD6
:1023700000EB0120A97B644C090401EB02610844D5
:10238000C4F80100A87C6071297DA171FAF75EFC98
:102390000346012801D9431EDBB2D4F80120A179FC
:1023A0006079FAF724F8042804D003202070FAF7A3
:1023B000CCFB4BE10220F9E700EBD070C0F34704FF
:1023C000A87A697AEA7900EB0120297A090401EBFD
:1023D00002614518284612F0D5FE0146C4EB0410F0
:1023E00000EB400249481044C0F81E1090F823202A
:1023F0005AB1084616F053FE01462046EEF731FC6E
:102400003C49584681F800B09AE090F92810A1F1B3
:102410000C020A2A12D90B3A072A0BD801EBC10287
:1024200002EB01123A491144A1F5805191F8C11D06
:10243000012903D0012D03D006E013E0012D03D0C4
:10244000594680F825B002E0494680F8259011F001
:10245000FF0F02D04FF47A7100E000212046F6F71A
:1024600090FBCDE7A7F5E8503C387F286BD8697919
:10247000022961D100EBD070C0F34702A87A697AD3
:10248000EB7900EB0120297A090401EB0361084490
:10249000C2EBC20101EB02131E4901EB430494F8A5
:1024A0002810D9BB94F82D100C2909D3C2EBC20314
:1024B00003EB4213184A1A4492F82620162A30D900
:1024C000A1F11702072A0BD801EBC10202EB01129E
:1024D0000F491144A1F5805191F8C11D012920D067
:1024E00001281CE00421002018E70260EE210020F2
:1024F0008E2100205E19036088870360C88D036009
:102500003C010060F48F03607D0100602CC3046017
:102510001A19026036530020B21D026008E002D092
:1025200004E0012802D084F826B001E084F8269067
:1025300012F028FEC4F81E00FE49584681F801B08A
:10254000FD49087082E0A7F5F8509C38FF283ED876
:102550006979022902D05846F649A4E400EBD0700C
:10256000C0F34701A87A6A7AEB7900EB0222287A55
:10257000000400EB03601044C1EBC10202EB411206
:10258000EE49541894F8231000297FF42FAC94F8E6
:102590002610A1F10C020A2A11D90B3A072A0BD8EE
:1025A00001EBC10202EB0112E5491144A1F5805192
:1025B00091F8C11D012902D0012802D004E00128B0
:1025C00002D084F824B039E484F8249036E4462F0D
:1025D0003CD1A879142839D101254FF03D084FF09E
:1025E0003C0B5746509804EB45010E18B0797179B1
:1025F00000EB012007EB4501A1F82B0071790BEBF3
:10260000450004F0A6FCB17908EB450004F0A1FCFC
:102610006D1CEDB20A2DE5D902F07CFE16E04F9854
:10262000D0B1022818D000206946509A024492790D
:102630000A54401CC0B20428F7D304216846FCF7B2
:1026400022F9010A8DF804108DF80500BD4981F8C2
:102650000C9051B0BDE8F08F50980721005D8DF8C7
:10266000000068788DF801009AF804008DF80200E7
:102670009AF800008DF803009AF801008DF8040024
:102680009AF802008DF805009AF803008DF806000C
:1026900054466846FCF7F7F8020A8DF808004F9890
:1026A0008DF807200028D1D168781928CED120795B
:1026B000A9788842CAD8E9788842C7D314F8260F87
:1026C000FCF718F9227809216846FCF7F3F8BDE712
:1026D0009C48007B002802D19B49FDF78CB87047CD
:1026E0009848FF2181704170704770B5964D04463F
:1026F0006978122951D0934EF28C921EFF290CD08A
:10270000192925D0032917D0062915D0102913D04F
:10271000012911D0052942D10EE0A87854283ED1D4
:10272000E87845283BD128794D2838D16879432865
:1027300035D1A8794F2832D1D1B28348FCF7A3F81C
:10274000F18C294431F8021C49BA814225D026E097
:1027500004217D48FCF797F869792A7901EB022179
:1027600081421CD1AA78E9788A4201D3084600E068
:10277000104600D31146844211D38C420FD816F074
:102780008FF8142190FBF1F201FB1200C1B200207E
:1027900001E0401CC0B28842FBD3012070BD002084
:1027A00070BD6A4810B590F82800022801D00028B2
:1027B00007D16748D0F8A00100226249012801D062
:1027C0004A8510BD488D401C80B248856428F8D9E0
:1027D0004A85002004F01DFCBDE810400020FCF7F5
:1027E0003AB808B51920009001215A48574E0024E4
:1027F00080F84610DFF860B1DFF84C91514D274664
:1028000086F8264080464FF00A0A0098E9F737FE1E
:102810008BF800A0B8F81410491CA8F81410FFF7A2
:10282000C0FF4E48B0F86010A1F5A850B33803D1EE
:102830004B480068E9F7E6FE96F828000228E4D144
:1028400042494FF4FA72B8313F4816F03BF8A87C81
:102850002875698CE984022817D0641CE4B2642CC2
:1028600003D900242046FBF7F6FF2F7596F82800C1
:102870000228CAD1687D0028C7D0401E10F0FF0092
:102880006875C2D1FBF7E7FFBFE799F8030099F835
:1028900002104C4600EB0120C0B2FFF726FFF8B152
:1028A00060783179FF28207804D0884210D0FF2842
:1028B0000ED019E0884201D0FF2815D196F82600E5
:1028C0000022A030C3B211461F48F3F7C2FD0BE04F
:1028D0000020FCF70FF8FFF703FFFFF7F9FE03E016
:1028E00020490888401C08800020FBF7B4FF2F75A2
:1028F0000024BBE71CB513494FF400626031CDE9F9
:102900000001002318A1AFF22510E9F742FC1CBD1D
:1029100070B50C4C0D4E0120208596F82800022839
:1029200000D010B90020FBF796FF96F82900022886
:1029300023D021E05E1903608E210020B21D0260C9
:102940001A19026004210020443F0020A43A00200C
:10295000000021429095036095210020A8020260AA
:10296000C82100206A0100606D61696E7365726143
:10297000696C7461736B000010B90120FBF76BFF89
:1029800096F82A00022800D010B90220FBF763FF56
:102990000025A4F84850A5746584A4F84A50E5744D
:1029A000A584E58425756587FE49A572E583FA202F
:1029B0000880488088800020EAF7E5FBA0660020B8
:1029C000EAF7E1FB20670020EAF7DDFBE066002084
:1029D000EAF7D9FB6066257396F82800022800D034
:1029E00030B9F148C0F8A051A4F84850A5746584E6
:1029F00003206076A075607570BDEA4A7A3A517816
:102A000093784140E948405C58405070E848405C49
:102A10009070704701207047E64991F82A00092814
:102A200009D0012807D091F82800092805D00128ED
:102A300003D0FF207047022070470020704770B518
:102A40000446022915D803D14FF04001DA4D04E0C5
:102A500061B101290DD1D94D40212846E7F79DFBF1
:102A600021462846BDE87040E7F72FBB4021D44DF2
:102A7000F3E770BD70B5D34900EBC0004418C948F6
:102A80007A38B0F846504FF4FA70854200D30546C4
:102A900094F9000000F0E6FCD4F80110064600208E
:102AA0000880D4F80500294615F025FF94F90000A8
:102AB0003146BDE8704000F0E9BCBA487A38022AD5
:102AC000A0F8461009D822B105D0012A05D101206D
:102AD000D0E70020FCE70220FAE770472DE9F04735
:102AE0008846824602292ED800252AE0B54908EBFF
:102AF000C800441894F9000000F0B4FC8146D4F8F2
:102B000001000088A74907467A39B1F84610884283
:102B100001D3012600E000262EB1D4F805103A4674
:102B2000A94815F0CFFE94F90000494600F0AEFC2C
:102B300016B13846BDE8F0870220E9F7A0FC6D1C0D
:102B4000ADB25545D2D30020F4E72DE9F05F9948A6
:102B5000944C002690F82600DFF870929C4F0125D7
:102B600040F2255140F2277B7A3CB8B301287DD151
:102B7000DFF848828A464046E7F712FB012876D004
:102B800059464046E7F70CFB01286FD17868914918
:102B9000401C78602576E571E08E4546095C401C56
:102BA000E0864046E7F791FAE08E218E88425DD3B9
:102BB00040212846E7F7EAFA0028F9D040212846C4
:102BC000E7F7EBFA002259462846E7F732FAE6869D
:102BD00026860120BDE8F05FFBF73DBEDFF8E0A1EF
:102BE00040F225515046E7F7DBFA012824D0594638
:102BF0005046E7F7D5FA012875D1E5756571386853
:102C00007549401C3860A08E5546095C401CA08662
:102C10005046E7F75AFA11F032F8A08EE18D88425B
:102C200061D3A846002742F2107540214046E7F7DD
:102C3000ADFA002873D0ACE02571D9F80010594FD7
:102C4000491CC9F800103888AB464FF0FA0810B399
:102C50004FF4FA71884200D939803888B4F84810A6
:102C6000544DB835884219D9202101E03BE0B7E046
:102C70005046E7F792FA40F225515046E7F7AFFA8F
:102C80005046E7F726FAB4F848106A18491CA4F829
:102C90004810107005E0A7F80080DEE70020FBF781
:102CA000DAFDB4F8480001281FD0B4F8480010211C
:102CB00003281FD0B4F84800042823D0B4F84800F3
:102CC00007282DD0B4F848000E2843D0B4F84800A7
:102CD000618C884207D3334902202E39A07481F8D1
:102CE00000B0A4F84860BDE8F09FA4F82280A7F8DF
:102CF000008012E06878192802D0FF2830D0F2E76F
:102D000006201CE0E978A87801EB00200A28EAD127
:102D100068780628E7D10C206084607E31E032E0DC
:102D2000687803280AD0062808D0012806D005288C
:102D300004D0102805D0A4F82280D4E708206084AD
:102D4000D1E76979092000EB41006084234880794C
:102D5000083016E06878FF28C5D1687A642801D267
:102D60006184C0E7697B287B01F0010100EB012150
:102D7000E87AAA7A801A401C484310306084388070
:102D800064206075AFE738467F1CBFB2A842FFF4ED
:102D90004CAF002259464046E7F74BF9A686E68538
:102DA000002017E77E21002000002142343A050868
:102DB000343B0508A43A002000480040004400408D
:102DC00000380140343C050838410020708703601A
:102DD0007C8703609C330020A8310020443F002002
:102DE000D9F80410491CC9F80410A571B4F84A00B8
:102DF000FC4DB0F5F97F13D8202146464046E7F751
:102E0000CCF951463046E7F7EAF93046E7F761F981
:102E1000B4F84A106A18491CA4F84A10107002E06D
:102E20000120FBF718FDB4F84A0001280FD0B4F8D0
:102E30004A0004280DD0B4F84A00072814D0B4F88A
:102E40004A00A18C88428CD30220E0744BE7082012
:102E500011E0E878A97800EB01200A2892D168787F
:102E600006288FD10C2006E0687810288AD169796D
:102E7000092000EB4100A08435E710B50446FF218E
:102E800080780FF094F80146E0780FF090F8014652
:102E900020790FF08CF8014660790FF088F8014630
:102EA000A0790FF084F80146E0790FF080F85528FA
:102EB00001D0012010BD002010BD2DE9F05FDFF82A
:102EC0002883CA4FDFF8289300240126C94D4FF00C
:102ED000550B40F2277A02280BD0002875D110F04C
:102EE000CEFE40F22551C448E7F75AF901286DD0CB
:102EF000A6E010F0C4FE40F22551C048E7F750F9B3
:102F0000012832D12E72D8F80810BC48491CC8F8E4
:102F10000810E7F7DEF8C0B280460146B84810F066
:102F20000AFB688FFA281ED2688FB6490B18401C1E
:102F3000688783F80080688F084410F8010C5528D2
:102F400002D181F800B06E87688F08280DD108780B
:102F500055280AD14878FF2807D1AA48FFF78DFFE6
:102F600018B9BC7001E0BE706C87A44F514638465A
:102F7000E7F716F9012828D110F081FEA249288F21
:102F8000095C401C28873846E7F79FF8288F698E30
:102F9000884213D340213846E7F7F8F80028F9D0E3
:102FA00040213846E7F7F9F8002251463846E7F75E
:102FB00040F82C876C860220FBF74DFCEE726E7297
:102FC000D9F80810491CC9F808108CE62E71D8F8F9
:102FD00000108948491CC8F80010E7F77AF8C0B219
:102FE00080460146864810F0A6FAB5F84800FA284F
:102FF00023D2B5F8480085490B18401CA5F84800B5
:1030000083F80080B5F84800084410F8010C5528F2
:1030100003D181F800B0A5F84860B5F84800082849
:103020000ED1087855280BD14878FF2808D1774869
:10303000FFF723FF20B93C7002E03E70A5F848403E
:103040006D4F51463846E7F7ABF80128BDD110F077
:1030500016FE6F49A88EB846095C401CA886384603
:10306000E7F733F8A88EE98D88421BD3002701E0EB
:103070007F1CBFB240214046E7F788F80028F7D010
:1030800064484021A0F8547047464046E7F785F869
:10309000002251463846E6F7CCFFAC86EC8500208E
:1030A000FBF7D9FBEE756E71D9F80010491CC9F811
:1030B000001018E62DE9F05F544EDFF83891B83E65
:1030C000494C96F82400DFF828B14A4D40F22551CA
:1030D0004FF0090A4FF0020809F14C09012738B1F5
:1030E00002287DD14548E7F75BF8012879D04DE10A
:1030F0004148E7F755F8012818D03F4E40F22778AD
:1031000041463046E7F74CF8012869D14049A88E7E
:10311000095C401CA8863046E6F7D7FF10F0AFFDEB
:10312000A88EE98D88427DD30024A0E02F7120680D
:10313000401C2060B5F84800344CB0F5F97F0AD83F
:103140002D48E6F7C6FFB5F848106218491CA5F8E7
:103150004810107002E00020FBF77DFB2078552816
:1031600029D16078FF2826D1A078012823D1607961
:1031700008BBA079F8B92848017859B1077096F8CA
:103180002800072801D186F828A02449A86D0860E6
:103190002349086096F84F00002821D196F82800AE
:1031A00007280CD186F8288089F80070F9F765FBAC
:1031B0000020FBF750FB96F84F00002810D1B5F81F
:1031C0004800062805D12078FF2802D16078192808
:1031D0002DD0B5F84800082802D16078032822E0F5
:1031E00063E063E0503D002070870360C82000204A
:1031F0007C87036004210020003801400048004023
:103200001CC3046084370020903500205C3B002004
:10321000A8310020A802026098210020D8210020B7
:10322000940100603AE040D1E07900283DD035F8C3
:10323000480F801EC1B29C48FBF725FB29882A88CD
:10324000214411F8011C224412F8022C01EB022146
:1032500081422AD186F8288089F80070F9F70DFBA1
:10326000BDE8F05F0020FBF7F6BA641CA4B2402171
:103270003046E6F78BFF0028F7D08C484021A0F8B5
:1032800052403046E6F789FF002241463046E6F7D5
:10329000D0FE0020A886E885FBF7DDFAEF756F7198
:1032A000DBF80010491CCBF800101CE52F72A06859
:1032B000401CA060688F7E4CB0F5FA7F08D27D4834
:1032C000E6F707FF698F6218491C6987107002E0F2
:1032D0000220FBF7C0FA96F84F0058BB688F06280B
:1032E00005D12078FF2802D16078192807D0688F8F
:1032F00008281FD1607803281CD1E079D0B1688FED
:10330000801EC1B26A48FBF7BEFA698F6A8F2144FA
:1033100011F8011C224412F8022C01EB0221814217
:1033200008D186F82A8089F80270F9F7A6FA0220F7
:10333000FBF791FA2078552828D16078FF2825D10D
:10334000A078012822D1607900BBA079F0B95A4851
:10335000017859B1077096F82A00072801D186F83C
:103360002AA05649A86D08605549086096F84F0094
:1033700060B996F82A00072808D186F82A8089F8CB
:103380000270F9F77AFA0220FBF765FA494C40F22D
:10339000277631462046E6F703FF012885D14949C3
:1033A000288F095C401C28872046E6F78EFE10F027
:1033B00066FC288F698E884214D340212046E6F7A8
:1033C000E5FE0028F9D040212046E6F7E6FE00227F
:1033D00031462046E6F72DFE002028876886022029
:1033E000FBF739FAEF726F72DBF80810491CCBF863
:1033F000081078E42C490222B83991F82A000228F2
:1034000006D0012808D0092806D081F8242051E6EA
:1034100081F82620FFF799BB02204EE522490120C2
:10342000B83981F82600FFF790BB1F490022B83950
:1034300091F82800022806D0012808D0092806D0D3
:1034400081F8242036E681F82620FFF77EBB002095
:1034500033E51D48407C704770471348B83890F8F2
:10346000230070474109890001F1E021D1F80031C2
:1034700000F01F02D34003F0010001239340C1F884
:103480008031BFF34F8FBFF3608F7047002909D0A1
:1034900000F01F02012191404009800000F1E0206E
:1034A000C0F80011704700005C3B0020A8020260D9
:1034B000843700200048004098210020D8210020B7
:1034C000940100609035002004210020FBF719FAD8
:1034D000FEE7FBF716FAFEE72DE9F047FE4ADFF8B4
:1034E000FC83FF4C1078002688B3FE490878401C06
:1034F000C0B20870142800D91670FB4DA8780028B7
:103500007ED0DFF8E89301287BD003287AD099F8A1
:103510004100C0EB00108000B8F814104246491C6E
:10352000A8F81410A8F81600698BA8F818104B1CFE
:103530006B83814264D9518B0027491CA8F81A106B
:103540000120F5F779FC0020215CE9BB63E0FFE78F
:10355000F5F788FE0700D0D0B8F84C000025401CD5
:10356000A8F84C00B8F85E004146FF2802D2401C83
:10357000A1F85E0098F85E100420E7F790F8F807CD
:1035800006D02078012803D00020F5F734FE01256D
:10359000B80707D56078012804D00120F5F72BFE85
:1035A00045F00205780707D5A078012804D002204D
:1035B000F5F721FE45F00405F5F754FE45EA07212D
:1035C0004246A8F85A1000E02AE020B141F4004138
:1035D000A2F85A1004E01DB132F84E1F491C1180A8
:1035E000C3490028B1F80110A8F8581085D02078F8
:1035F000012882D060780128ADD0A078012802E0AF
:103600001BE004E005E0A6D0FBF77BF975E70A2094
:1036100082E7012080E7401CC0B21A2894D337B15A
:10362000B8F81C10491CA8F81C10F6F7CAF899F84D
:10363000410020B10220A8706E83BDE8F087AE7013
:10364000FAE72DE9F04F8DB06821A84815F053F93D
:10365000A64F00243919204603F06CFC641CE4B228
:10366000042CF7D300246D46291904F1A30003F0BC
:1036700061FC641CE4B2042CF6D39DF800009DF8B4
:1036800001109DF8032000EB01209DF802100904B1
:1036900001EB026108449749421C086002D0B0F572
:1036A000800F0AD338787A78FB7800EB0220BA785A
:1036B000120402EB036210440860F91D082003F0B5
:1036C00039FC0024AB460BEB040104F1A70003F026
:1036D00031FC641CE4B2042CF5D3391D062003F040
:1036E00029FC38794FF00108FF2800D028B941465D
:1036F00087F80480062003F02CFC7F493879087095
:103700007A492020273103F015FC97F82700002480
:10371000012801D987F8274074492E200E3103F083
:1037200009FCB87B022804D3BC7300212E2003F0CF
:1037300010FC6E490E20233103F0FCFB97F82300A8
:103740000E2801D987F823806C4864210180C821A4
:1037500041804FF4967181804FF4C871C1804FF45D
:10376000FA7101814FF4167141814FF42F718181FB
:103770004FF44871C1814FF4617101824FF47A7145
:1037800041825A490F200A3103F0D4FBB87A05234D
:1037900004265B495B4A02254FF0060A312807D30D
:1037A00097F8230001284AD002284DD0042850D091
:1037B00097F82300012844D0052842D0022845D09C
:1037C000062843D003284CD00A285FD0B0B3042881
:1037D00042D0072840D00C2861D0092863D00B289C
:1037E00061D00E2861D014700C70B87B10B1012824
:1037F00000D0BC730026B94609EB060707F10F019C
:1038000006F12F0003F096FB07F1190106F13300D2
:1038100003F090FB07F11D0106F1370003F08AFB6E
:10382000761CF6B2042EE7D36946FE2003F082FB35
:103830009DF80000FF283CD080B36FE02AE087F8B5
:1038400023300C20087019E087F823A081F800A02D
:103850002DE0072087F823000820087082F800A0D8
:10386000C3E70E70284E157096F8D70040B10320BC
:10387000107096F8040128B11078401C1070B4E75D
:103880000B70F6E70878401C0870AEE781F80080FE
:103890001570AAE70A2008701470A6E709E081F8FD
:1038A00000A01370A1E70B7001E0072008701670EC
:1038B0009BE75521FE2003F04CFBE5F7EAFB14F0F3
:1038C000F9FF14F0EDFF81B22B2003F042FB14F05E
:1038D000E7FF81B22C2019E098200020A8020260A6
:1038E0005E190360992000208C210020A43A00205A
:1038F00044230020CC2000209B000060EA95036058
:1039000099000060E22000202CC3046003F021FB3A
:1039100014F0C6FF81B22D2003F01BFB00264F469A
:10392000B91906F12800133103F004FB761CF6B236
:10393000062EF5D3F87CE0B10026397E282003F06E
:1039400008FBF97D292003F004FBB97D2A2003F050
:1039500000FB797D2B2003F0FCFA397D2C2003F04D
:10396000F8FAF97C2D2003F0F4FA761CF6B2062E54
:10397000E3D3F87B60B9387C50B9787C40B9B87C27
:1039800030B9C020F873A82038747C740320B87450
:1039900097F82A00012807D0092805D097F82800B1
:1039A000012801D0092802D1FE4981F8008069462A
:1039B0003D2003F0BFFA0BF101013C2003F0BAFAFD
:1039C0009DF800009DF8011000EB012080B2A0F5E9
:1039D0007F46A7F82100FF3E00D060B94FF4FB718D
:1039E000A7F821103D2003F0B4FAB7F82100010A2E
:1039F0003C2003F0AEFA6946C82003F09BFA0BF1B5
:103A00000101C92003F096FA87F85340E649BF2028
:103A100003F090FAE449C020891C03F08BFA97F870
:103A20005200022805D987F852400021BF2003F038
:103A300090FA97F85400022805D987F854400021DD
:103A4000C02003F086FAD84987F85640C91CC42024
:103A500003F070FAD449C520491D03F06BFA97F8BA
:103A60005500022805D987F855400021C42003F0ED
:103A700070FA97F85700022805D987F857400021B7
:103A8000C52003F066FA9DF800009DF8011000EBD8
:103A9000012080B2A0F57F41A7F84900FF3902D08C
:103AA00008B1FF280CD14BF6C021A7F84910C82057
:103AB00003F04FFAB7F84900010AC92003F049FAA8
:103AC000B949C720083103F035FA97F85A00FF28A2
:103AD00001D187F85A40B449E020093103F02AFAAD
:103AE00097F85B00FF2801D187F85B40AE49EA20D8
:103AF000153103F01FFA97F86700FF2801D187F806
:103B00006740A9491D202A390C9103F013FA97F850
:103B10002800A64E80B102280ED007280CD001281C
:103B20000AD0092808D087F8284000211D2003F07A
:103B300010FA97F8280030709B491E20293903F0AD
:103B4000F9F997F8290058B1022809D0072807D0B9
:103B5000082805D087F8294000211E2003F0F9F934
:103B600091491F20283903F0E5F997F82A0080B120
:103B700002280ED007280CD001280AD0092808D026
:103B800087F82A4000211F2003F0E3F997F8280066
:103B9000307085492220113903F0CCF997F84100A3
:103BA000FF2805D187F841400021222003F0D1F9F8
:103BB00097F841007E49421E3B2A03D23C2087F8F9
:103BC000410000E010B18D704C8300E08C7097F8DC
:103BD0002300DFF8E09120B197F82800FF283FD0BC
:103BE00040E087F8294097F8280060B102280AD001
:103BF000012808D087F8284000211D2003F0A9F9EA
:103C000097F82800307097F82A0080B102280ED06B
:103C100007280CD001280AD0092808D087F82A40A4
:103C200000211F2003F095F997F82A00B070624830
:103C300089F800A061490470532003F07BF95F48C4
:103C40000178FF2905D180F800A05146532003F0E8
:103C500080F9002003F0DDF9022003F0DAF96EE0CC
:103C600087F8285097F82900FF2801D187F82940C4
:103C700097F82A00FF2802D1072087F82A0097F832
:103C80002900072801D14E4804701D200C9903F02B
:103C900051F997F82800FF282BD050B302280ED0F6
:103CA00007280CD001280AD0092808D087F8284016
:103CB00000211D2003F04DF997F828003070694667
:103CC000092003F037F90BF10101ED2003F032F97F
:103CD0009DF801000C281BD289F800009DF8001007
:103CE000814224D0092907D00C2920D289F800105C
:103CF0001AE087F82850E2E70146092003F029F985
:103D0000304830F85E1F491C89B2018004200CE065
:103D10009DF800100C29E9D3092189F80010084604
:103D200003F017F999F80010ED2003F012F922487A
:103D300087F8294087F82A400470204804701A49FF
:103D4000B220C91E03F0F6F897F84F00FF2805D1FE
:103D5000214687F84F40B22003F0FBF897F84F0058
:103D600098B997F82800072805D187F8285002212C
:103D70001D2003F0EEF897F82A00072805D187F8F0
:103D80002A5002211F2003F0E4F817F8280F3070A2
:103D9000B878B0700020A7F803000446DA460BEBB1
:103DA000440711E044050060F63A0020532100204A
:103DB0008C21002013210020142100201521002037
:103DC00048010060A80202603E2000EB44008146EA
:103DD000394603F0AFF83F2000EB4406791C30462B
:103DE00003F0A8F879781AF8140001EB002081B2EA
:103DF000FE4800EB440AA1F57F40AAF82D10FF38D9
:103E000000D079B9FA4F37F81400010A484603F098
:103E1000A0F817F81410304603F09BF837F8141088
:103E2000AAF82D10641CE4B2092CB7D901F072FA7B
:103E3000EE499A20443103F07DF8EC499B2045314E
:103E400003F078F8E94E0024204686F8464003F057
:103E5000E0F896F823000A2806D1012003F0D9F8EB
:103E60003146082081F829000026D94609EB0607CB
:103E700006F1B30007F11801824603F05BF8387EC3
:103E8000FF2804D10021504603F063F83C76761CED
:103E9000F6B20C2EEAD3DFF85CB30026CA465420F3
:103EA00000EB46008146694603F044F8552000EBDC
:103EB000460007460AF1010103F03CF89DF80100B5
:103EC0009DF8001000EB0120A0F57F41FF3930D0B4
:103ED0004BF836000AEB06035BF836201B7E03F036
:103EE0000F0302EB03424BF83620761CF6B20C2E81
:103EF000D5D30026D3466C2000EB460082466946A7
:103F000003F018F86D2000EB460081460BF101012B
:103F100003F010F89DF801009DF8001000EB01205F
:103F2000B44901EBC607A0F57F417860FF390BD09B
:103F300013E04BF836404846002103F00AF83846B3
:103F4000002103F006F8C5E7504600217C6003F02D
:103F500000F84846002102F0FCFF0BEB06007968F0
:103F6000007E761C000901EB0040F6B278600C2E52
:103F7000C1D369460D2002F0DDFF0BF101010C20D9
:103F800002F0D8FF9DF801009DF800104FF6FF7772
:103F900000EB0120B8420DD1974E4FF448710D202F
:103FA000318002F0D6FFB6F90000C0F30F210C20DB
:103FB00002F0CFFF9149192002F0BCFF8F48017831
:103FC000012904D904700021192002F0C2FF874999
:103FD0000720483102F0AEFF844E96F84800FF28D3
:103FE00005D186F848800121072002F0B2FF96F83B
:103FF0004800052801D986F8485081499C2002F0E4
:1040000099FF7F49087808B1FF2805D181F8008021
:1040100041469C2002F09DFF6946E72002F08AFF9E
:104020005D46691CE62002F085FF9DF800009DF8C2
:10403000011000EB01200004000CA6F842000BD197
:104040003946A6F84270E72002F083FFB6F8420036
:10405000010AE62002F07DFF6946162002F06AFFA1
:10406000A946691C152002F065FF9DF800009DF827
:104070000110644D00EB01200004000C288001D0E9
:10408000B8420AD14146A5F80080162002F061FF2F
:104090002888010A152002F05CFF6946EB2002F037
:1040A00049FF9DF80000584D01280BD040F2D24046
:1040B00028805649172002F03DFF54480178FF2917
:1040C00007D00BE00121EB2002F043FF40F2D34088
:1040D000EEE704702146172002F03BFF4349D6204B
:1040E000503102F027FF4149CB20513102F022FF2D
:1040F00096F85100FF2805D1214686F85140CB2083
:1041000002F027FFA24686F84D4000244D462919AB
:1041100004F1AB0002F00EFF641CE4B2042CF6D3F1
:104120009DF800009DF8011000EB01229DF80200AF
:104130009DF80310000400EB01603549104408604D
:104140006946B02002F0F6FE2C46691CB12002F050
:10415000F1FE9DF800009DF80110B84600EB01202B
:1041600080B2A6F84B0040F2FF35404500D058B968
:104170002946A6F84B50B02002F0EBFEB6F84B00F3
:10418000010AB12002F0E5FE96F823000E287BD14B
:1041900040F227196946484602F0CCFE4FF4947B62
:1041A000611C584602F0C6FE9DF800009DF8011003
:1041B000184F00EB012080B23880404500D048B94C
:1041C00029463D80484602F0C4FE3888010A584618
:1041D00002F0BFFE40F229196946484602F0AAFEE5
:1041E0004FF4957B611C584616E00000A43A00206D
:1041F000EA9503606C050160422100201121002036
:10420000AF20002044210020462100201221002060
:10421000D0200020C401006002F08CFE9DF8000058
:104220009DF8011000EB012080B27880404500D05D
:1042300048B929467D80484602F08BFE7888010AFD
:10424000584602F086FE40F22B1B6946584602F0A3
:1042500071FE4FF49679611C484602F06BFE9DF8A2
:1042600000009DF8011000EB012080B2B8804045AD
:1042700000D048B92946BD80584602F06AFEB88889
:10428000010A484602F065FEFE499D2002F052FEFA
:10429000FC4A1078FF2801D0012804D8FE211170B3
:1042A0009D2002F056FEF849D12002F043FEF64D63
:1042B00028785538102833D86946D22002F03AFEC3
:1042C000611CD32002F036FEA11CD42002F032FE85
:1042D000E11CD52002F02EFE9DF800009DF8011093
:1042E0009DF8032000EB01209DF80210090401EB6A
:1042F00002610844C5F80100404511D1C5F801A08C
:104300000021D22002F025FE0021D32002F021FE60
:104310000021D42002F01DFE0021D52002F019FE5C
:10432000DA49142002F006FE6946122002F002FE6D
:10433000611C132002F0FEFD9DF800009DF80110A5
:1043400000EBC00202EB001001EB8001A1F5D050A0
:10435000983807D04421122002F0FBFD08211320D9
:1043600002F0F7FDCA49E22002F0E4FD96F863008E
:10437000FF2800D010B9032086F86300C449E32069
:10438000491C02F0D7FD96F86400FF2800D010B950
:104390000E2086F86400BE49E420891C02F0CAFDA4
:1043A00096F86500FF2802D096F8630010B90B203C
:1043B00086F86500B649E520C91C02F0BBFD96F8F9
:1043C0006600FF2800D010B9072086F8660002F0CA
:1043D00099FC6946182002F0ADFDAE4C9DF8000036
:1043E0006946A4F86200E8205E3402F0A3FD9DF85F
:1043F000000060806946042002F09CFD9DF80000EA
:1044000020800DB0BDE8F08F2DE9F0414FF4FB7135
:104410003D2002F09EFD01213C2002F09AFD012189
:10442000062002F096FD0121202002F092FD0021DD
:10443000BF2002F08EFD0021C02002F08AFD002185
:10444000C42002F086FD0021C52002F082FD00217B
:10445000E92002F07EFD00219A2002F07AFD002181
:104460009B2002F076FD0024542555266C274FF042
:104470006D08002104F1B30002F06BFD05EB440070
:10448000002102F066FD06EB4400002102F061FD10
:1044900007EB4400002102F05CFD08EB4400002122
:1044A00002F057FD641CE4B20C2CE2D30021222060
:1044B00002F04FFD0021E02002F04BFDFE219D2087
:1044C00002F047FD0021C72002F043FDF3F7C9FFCA
:1044D00072B6E6F73DFB704D002405EBC420E6F70D
:1044E00065FB641CE4B2402CF7D3E6F737FB62B6F9
:1044F00000206A4A01211154401CC0B21A28FAD384
:104500006748032282700175BDE8F081654810B5E7
:1045100002784178807812B1FF2A03D006E029B9E9
:1045200030B103E0FF2901D1FF2801D05D480FE041
:104530005748633890F82300092804D00B2804D08A
:104540000E2804D006E058A002E059A000E05AA0CE
:10455000EAF75DFD0DF092FD5A4908200BF027F9AE
:10456000594900200BF023F958480BF01DF9584920
:104570000C200BF013F957490E200BF00FF9564998
:104580000F200BF00BF9554910200BF007F9544898
:1045900000680DF07AFD0AF09CFE52490820087070
:1045A00051490420087051490E20087050490320D9
:1045B0000870EAF7FAFEEAF721FFBDE81040EAF7D3
:1045C00046BF37490120888370473149002063394D
:1045D00081F84E00324908847047DFF8188186B0B0
:1045E000012688F8436000200EF0ECF94248284D7F
:1045F0000024633D047095F82A00404F012808D03C
:10460000092806D095F82800012804D0092802D0EE
:1046100007E0022000E000200FF00EFB38483E705B
:1046200006701F4F85F84E60DFF8D8A03C843648EE
:10463000BC838AF8004004703448867006703448A1
:10464000848004807C840020FAF705F9DFF8C4B088
:10465000A946314D2878012804D002286DD00328BE
:1046600070D08BE0002002F0D4FC99F828004F466F
:10467000012801D0092859D1284804802448048001
:1046800007484DE0AE20002078210020B020002017
:10469000073B0020A8020260000006085E190360C4
:1046A0008C21002018E7026054737461743130006B
:1046B00054332D4F454D000054332D4F454D2D3172
:1046C00032490000153A0308CF350308E53B0308DB
:1046D0002D3903086F4803085D3A0308494B030866
:1046E000CC2000202D230020480500603823002026
:1046F00049050060909503608401006044050060F6
:104700002B23002002210020A1200020C82000200F
:10471000D82000203C040360072100204C21002009
:104720004484F94806700020E9F7A2F997F82800B8
:10473000022800D008BB00201DE0012002F069FC27
:104740001BE0FFE7022002F064FC99F82A004F46C4
:10475000012801D0092808D1EC480480EC48848065
:10476000E94886700020E9F783F997F82A000228C3
:1047700000D010B90220FAF76EF82C70E548E64D2B
:1047800042F6E068C189491CC18107206872288C03
:10479000411C2984404502D389F84E602C8499F845
:1047A00028004F46092810D001280ED097F82A007B
:1047B00009280AD0012808D0287B00287FF449AFB7
:1047C00041F28830E9F739F943E70520E7F757FE6A
:1047D000A88BB0FBF8F208FB120141B197F84E101C
:1047E000B946012917D0697B012914D0BFE097F899
:1047F0004E00012802D0687B01280AD1287B08B925
:10480000C6480670687B411C6973022801D9AC73E5
:104810006C73AC83ABE0C821B0FBF1F201FB12007A
:10482000297B08437ED1BE4F3878802810D29AF871
:1048300000100129C0EBC0011AD0BA4800EB81007A
:10484000817E491CC9B281760A2901D98476C47255
:10485000B8463878EFF78FFDB34938706879097832
:10486000884248D22B2101FB00B18A7CDAB136E0C4
:10487000DFF8B082002308EB81006A46C1788078B7
:10488000F4F700F8401C06D005229DF800002B210B
:1048900000FB01B0C2743878C0EBC00108EB8100A6
:1048A0008476C672D4E7D1F80520C2B94A7D521C7D
:1048B0004A758AF80040EBF7C5F99C496879087099
:1048C00002E0C820E9F7B9F89AF8000020B93846A4
:1048D0007F1CFFB21428F4D3FF2188F800106879F8
:1048E0002B2100FB01B0417D052904D90168C0F8E6
:1048F00005104475847268798B49401CC0B2687198
:104900000978884200D96C7198F80000FF282ED0F1
:104910008749097831B199F84E10012904D0697B93
:10492000012900E019E022D17E4F8AF80040C0EB57
:10493000C00007EB800000947E4A037DB0F817109A
:10494000407D1278F1F7EEFA002807DB98F80010A6
:10495000C1EBC10107EB8101487608E098F800003F
:10496000C0EBC00007EB8000817E491C8176A88BDC
:10497000401CA883E87A00287FF426AF654900230D
:104980004FF416726E3101A800940DF051FB020035
:104990003FF41AAF5F4900236E3101A80EF080FE8C
:1049A00057E65D4C00205B4D207060706062A06235
:1049B0002083E07320740126E06285F83D60608307
:1049C000FA20E7F75CFD288808B9E4F7DAF9688887
:1049D000401C68806672A079800703D102F03BFA20
:1049E000E6F76FFBA079401CA071E9E730B4524BA9
:1049F0004FF47A74514A186890FBF4F092F86710FB
:104A0000C0B201F0FC0182F86710032802D801430C
:104A100082F86710586801F0F30190FBF4F0C0B21F
:104A200082F86710032803D841EA800082F8670003
:104A3000986892F8671090FBF4F0C0B201F0CF01D3
:104A400082F86710032803D841EA001082F8670053
:104A5000D86892F8671090FBF4F0C0B201F03F0103
:104A600082F86710032803D841EA801082F86700B3
:104A700092F8671030BCEA2002F06BBA2F4890F829
:104A80002300092801D00B280DD12D482DA10A683B
:104A900002604A684260097A01720421A0F8091094
:104AA0002A4925480860704770B50024194D2646EC
:104AB000281990F83C1001290DD105EB44010A8812
:104AC000CB8B9A4203D0CA8380F84B6003E010F886
:104AD0004B1F491C017095F84C0014280FD91C4835
:104AE00030F8601F4A1C0280E82002F032FA0A20E7
:104AF000E8F7A3FF084985F84C6001200875641C9D
:104B0000E4B20F2CD4D370BDC82000203E21002079
:104B1000D8200020909503608C2100202B230020BA
:104B200084010060ACF40260B62000200121002066
:104B3000B3200020AF20002018C70260A43A002054
:104B400068C6026049434F4E00000000981603609B
:104B5000A80202600EB5F84D0024F84E6C75EC7496
:104B60002C756C74AC74012086F84A00EC70F44823
:104B70002C71EC834FF47A7700680DF086FAF149D6
:104B80004FF416700880FFF779FFBB46DFF8B88353
:104B9000DFF8B893EE4F4FF00E0A5846E7F76FFC78
:104BA000B08B401CB08385F809A0ECF753FC286C4F
:104BB000A8F81000696CA8F81210484501D84945BA
:104BC00001D92C646C64F3F7A3FFF3F76AFF00F0DC
:104BD00028FF04F05AFBF9F7B1FDEAF7A3FFECF761
:104BE0004EFC387808B1401E3870F3F7C7FDEFF778
:104BF00036FD287D012805D1F4F71EF9F4F7E1FD13
:104C0000F9F77FFEA87A01280ED1D24801784278C0
:104C1000CDE9002102948378C27841798079E6F762
:104C200059FAE6F74EFAAC72F9F76DFDE87801280B
:104C30000CD12879401CC0B22871052806D9C64875
:104C40000068E7F723FD0220E8702C71A87D3C285E
:104C500002D2401CA87502E0AC75EBF7A7FAE87C1D
:104C6000012802D1FFF7D0FBEC74FFF71DFFFEF720
:104C700033FC92E770B5002805D0AF4AD179814264
:104C800002D2491CD1713EE70020D071AB48B34B32
:104C9000103800F53675996804680C1B2C601B6889
:104CA00044681C1B6C608468126C141BAC60AC4CB8
:104CB000C6682468A61BEE60C0E90013C0E90224A0
:104CC00021E710B545F25550E4F752F80520E4F716
:104CD00052F84FF47A60E4F751F8E4F752F8BDE87F
:104CE0001040E4F753B808B501218020E4F76BF9D0
:104CF0008020ADF8000003208DF8020010208DF810
:104D0000030069469748E3F758FF08BD2DE9FC41C9
:104D100095480024954904600803E3F7DFFB01216F
:104D20000D20E4F750F901219148E3F7D1FF4FF44A
:104D3000C045ADF8005010208DF8030003208D4EC3
:104D40008DF8020069463046E3F737FF29463046C2
:104D5000E3F79FFF4FF4A060E3F78CFB01212020D5
:104D6000E4F731F94820E8F735FE02F0E1F876493A
:104D7000002021F81040401C80B23228F9D301F005
:104D8000F8F84FF4E130E8F7ABFC2720E5F766FCD4
:104D9000794D7A4E552857D00021DB2002F0D9F802
:104DA0000021DC2002F0D5F80021DD2002F0D1F84E
:104DB0000021DE2002F0CDF82C6000212720E5F74D
:104DC0006EFC5D492620083102F0B4F86B490E20D4
:104DD000233102F0AFF8E6F7DFF95A21574813F014
:104DE0008AFDF3F73EFBFEF72CFCF6F7BDFEF7F766
:104DF00088FEF4F7C3FAF4F756FFF7F7CDF940F25F
:104E0000CF216420E6F768F85D490120087006F0BC
:104E1000E9F85C4890F80901022801D0F0F7ACFBF2
:104E2000EEF731FDF3F734F9F3F73FF9FDF770FDD5
:104E3000554804700A2003F0ADF896F823000928BD
:104E40002FD00B282DD034E06946DB2002F072F819
:104E50006F46DC20791C02F06DF8B91CDD2002F0F1
:104E600069F8F91CDE2002F065F844490F200A3188
:104E700002F060F89DF800009DF801109DF80320F5
:104E800000EB01209DF80210090401EB02610844C7
:104E90002860B17A422901D20A3000E0C01C2860A3
:104EA0008BE70520F6F73DFEF5F7B6FB042004F08E
:104EB00007FA2149022034310023CDE90001C20163
:104EC00032A1AFF22150E7F764F9FFF71FFB0C2086
:104ED000FDF710FD0320F9F7B7FB17490B20303120
:104EE0004FF40064CDE90001002322462AA1AFF669
:104EF0001510E7F74EF9104908203831CDE90001C7
:104F00000023224629A12E48E7F743F90A490D203C
:104F10003C31CDE9000100234FF47A7229A1AFF2B0
:104F2000CB30E7F736F9052001F0E3FCBDE8FC41A2
:104F3000E7F71FBC704700008C21002090950360AC
:104F4000CC20002088210020A80202603F420F00F0
:104F5000A1200020442300205C01006070870360D2
:104F6000F4210020001C01405C210020008000088A
:104F7000000430000008014060210020A43A002015
:104F8000B82200206E0D02603F010060436F6D6D1E
:104F90006F6E5F7461736B004D61737465725F4E09
:104FA0006F64655F7461736B000000004241435F92
:104FB000436F6E74726F6C5F7461736B00000000FE
:104FC000810E01086D6F6E69746F725F7461736B2F
:104FD00000000000574B10B59A7B0E21824202D987
:104FE0004FF4AF6010BD491EC9B25C5C22448242DE
:104FF00017D9101A64225043E2B290FBF2F0042950
:1050000001EBC10202EB011100EB810004D3A0F51A
:10501000C870C0F30E0010BDC0F5C87040F4004069
:1050200010BD0029DFD148F2E83010BD70B51E4632
:1050300004001AD0012C1AD03F4E022C2CD0032C85
:1050400001D0052C27D1084614F029F8314613F079
:1050500054FE3A4913F01FFE14F04DF8182828DCCE
:10506000052C2FD0032C2BD02DE0C81812E00846B9
:10507000FFF7B0FF010402D5C0F30E0040423049F3
:10508000497A31B100EBC000052190FBF1F000F549
:10509000A0703044803870BD084614F000F83146E6
:1050A00013F02BFE274913F0F6FDBDE8704014F015
:1050B00022B81A2807DB052C02D0032C02D002E00C
:1050C000002500E00125284670BD10B580211E484E
:1050D00013F011FC1C484021803013F00CFC1A48DE
:1050E0004021C03013F007FCBDE8104020211748D4
:1050F00013F001BC30B5144C803C54F82030CA1A6F
:10510000642A02DA12F1640F02DC03EB62010DE0A3
:10511000C0EBC00202EB00150D4A02EB450292F90A
:10512000222002FB0311521C91FBF2F144F82010E3
:10513000084630BD4F3C050800C07F44000048428F
:10514000A43A00200000C842E8980360E899036090
:10515000365300207FB501214120E3F734FF4FF49F
:10516000F044ADF80C4048208DF80F0003208DF876
:105170000E0003A9FE48E3F720FD0E210420E3F70B
:10518000D0FD0B210420E3F7CCFD0C210420E3F734
:10519000C8FD0D210420E3F7C4FD009400248DF820
:1051A00004400C208DF8050001258DF80650684656
:1051B000E3F746FC28208DF808008DF809408DF8AB
:1051C0000A508DF80B5002A8E3F759F9E94890F816
:1051D0002310E9480E2904D0046244628462C46248
:1051E0007FBD046344638463C4637FBD2DE9F041E4
:1051F000E24F3868DF4EE04DE14C00051DD5F81454
:10520000E3F77CFC96F823000E280FD00020C0EBBB
:10521000C00101EB001104EB410191F89D11192926
:1052200006D00F2904D01D2902D006E00420EEE7A5
:1052300005EB8000016A491C01623868C00422D570
:10524000D049888D401C88854FF48050E3F756FC88
:1052500096F823000E280FD00020C0EBC00101EB10
:10526000001104EB410191F8CB11192906D00F2947
:1052700004D01D2902D006E00420EEE705EB8000F3
:10528000416A491C4162386880041ED54FF40050C1
:10529000E3F734FC96F823000E280FD00020C0EB73
:1052A000C00101EB001104EB410191F8F91119293A
:1052B00006D00F2904D01D2902D006E00420EEE715
:1052C00005EB8000816A491C8162386840041DD565
:1052D0004FF48040E3F712FC96F823000E2817D015
:1052E0000020C0EBC00101EB001104EB410191F87B
:1052F0002712192905D094F827220F2A01D01D2939
:1053000004D105EB8000C16A491CC162BDE8F0818F
:105310000420E6E770B5974C9B4D002094F82330AD
:1053200004EB400191F82D2091F82B10511A2954CB
:105330000E2B11D1944A323202EB400132F8102088
:105340004E88B61A904A0A3222F810600E8BC98A2B
:1053500002EB4002711A9182401CC0B20A28DFD3CE
:1053600070BD10B500281AD04FF47A73984215D248
:105370006422B0FBF2F1B0FBF2F402FB1400824CA9
:10538000C9B2645C6043B0FBF2F07A4A02EB4101BF
:10539000B1F82B10084480B2984200D9184610BDCD
:1053A00070B50546C2B14FF47A74A24212D264239A
:1053B000B2FBF3F0B2FBF3F6C0B203FB162231F8F6
:1053C000101035F810004A43B2FBF3F1084480B2E4
:1053D000A04200D9204670BD002070BDF0B56549DF
:1053E00000256A4C6A4ECB7991F8232005280ED00F
:1053F000684F0121022814D003281ED0012828D08C
:105400000E2A34D0042B32D2C6F8941131E00E2A81
:1054100001D0042B02D3C4F8B451F0BDC6F89451A6
:10542000F0BD0E2A04D0042B02D2C6F8941101E07C
:10543000C4F8B411C7F88C1116E00E2A04D0042B5E
:1054400002D2C6F8941101E0C4F8B411C7F88C5127
:1054500011E00E2A04D0042B02D2C6F8941101E008
:10546000C4F8B411C7F88C51C7F88851F0BDC4F81E
:10547000B411C7F88C11C7F88811F0BD46490978F6
:10548000553910292DD844490228D1F8011013D0DC
:10549000032813D0042816D0052816D0062816D0C5
:1054A000072816D0082816D0092816D00A2816D0A2
:1054B0000B2807D1080502E0480700E0080700288C
:1054C0000FDB00207047C806F9E78806F7E74806B3
:1054D000F5E70806F3E7C805F1E78805EFE74805B3
:1054E000EDE701207047F0B50320FFF7C7FF244A1E
:1054F000204D002310B32948A021017132214171B0
:105500000521817195F823000A210B2808D00E2867
:105510000DD082F8271282F8223282F8203217E06A
:1055200082F8DF1282F8DA3282F8D83210E082F89C
:10553000971382F8923382F8903309E095F82300AC
:105540000B2832D00E2835D082F82732C2F8183214
:105550000220FFF793FF03210124002895F8230080
:1055600037D01B260B282AD00E282DD018E000009B
:1055700000180140A43A0020409503601404014043
:1055800036530020A80202606C4300200000244231
:105590000000214200002242782100209801006092
:1055A00082F8F96182F8F44119E082F8DF32C2F83A
:1055B000D032CDE782F89733C2F88833C8E782F853
:1055C000B16282F8AC4212E082F8696382F8644307
:1055D00015E00B2809D00E280FD082F8F931C2F857
:1055E000EA3192F89D01D0B11DE082F8B132C2F8E3
:1055F000A23292F8550240B115E082F86933C2F840
:105600005A3392F80D0328B10DE082F8551282F852
:10561000504208E082F80D1382F8084303E082F854
:105620009D1182F898410420FFF728FF19270028D0
:1056300095F823001DD01C210B2805D00E280BD077
:1056400092F8550280B14FE092F80D03F0B982F85C
:105650000D1382F8084317E092F8C50328BB82F8BF
:10566000C51382F8C0431EE082F8551282F85042FA
:1056700005E00B2806D00E2813D082F85532C2F868
:10568000463231E082F80D33C2F8FE320020C0EB22
:10569000C00101EB001102EB410191F89D612EB1B7
:1056A00008E082F8C533C2F8B6330BE081F89D718B
:1056B00081F89841401CC0B20428E8D395F8230033
:1056C0000E2811D10020C0EBC00101EB001102EB4C
:1056D000410191F855621EB981F8557281F8504226
:1056E000401CC0B20428EED30620FFF7C7FE0028F6
:1056F00095F8230013D01E210B2806D00E2809D0C0
:1057000082F8CB1182F8C6410FE082F8831282F84A
:105710007E421FE082F83B1382F836431FE00B28DD
:1057200016D00E2819D082F8CB31C2F8BC31072030
:10573000FFF7A4FE002895F823001DD022210B2896
:1057400010D00E2813D082F8831282F87E4219E01E
:1057500082F88332C2F87432E9E782F83B33C2F848
:105760002C33E4E782F83B1382F836431FE082F8DB
:10577000F31382F8EE431FE00B2816D00E2819D041
:1057800082F88332C2F874320820FFF777FE0028CF
:1057900095F823001DD021210B2810D00E2813D0FE
:1057A00082F8B11282F8AC4219E082F83B33C2F8B9
:1057B0002C33E9E782F8F333C2F8E433E4E782F804
:1057C000691382F864430FE082F8211482F81C44C4
:1057D0000FE00B2806D00E2809D082F8B132C2F8AB
:1057E000A232F0BD82F86933C2F85A33F0BD82F8B4
:1057F0002134C2F81234F0BD1FB54FF40040E3F776
:1058000076FB01214802E3F7DEFB00208DF804005F
:1058100000908DF805004FF46021CDF80610CDF80A
:105820000A000520FF4C8DF80E0069462046E2F77D
:1058300095FE052301220B212046E2F713FF0523E5
:1058400002220F212046E2F70DFF05230322082143
:105850002046E2F707FF0523042209212046E2F74C
:1058600001FF05231A460A212046E2F7FBFE01212B
:105870002046E2F79FFE2046E2F7B9FE2046E2F717
:10588000BBFE0028FAD12046E2F7BDFE2046E2F733
:10589000BFFE0028FAD101212046E2F7C0FEFFF743
:1058A00022FE1FBD2DE9F84301214FF46770E3F795
:1058B0008AFB1C20ADF800001025DB4F8DF803504B
:1058C00003244FF000088DF8024069463846E3F79C
:1058D00074F9D648D64E90F823100E2915D0C07909
:1058E000042837D2E020ADF800008DF80350D14DE8
:1058F0008DF8024069462846E3F75FF9C021284643
:10590000E3F7C7F92021284638E04EF24000ADF811
:1059100000008DF803508DF8024069463046E3F7E9
:105920004CF94CF240013046E3F7B3F94FF4005123
:105930003046E3F7AEF9ADF800508DF803508DF81E
:10594000024069463846E3F738F910213846E3F754
:10595000A0F915E04FF46040ADF800008DF8035059
:105960008DF8024069463046E3F727F94FF4C0410D
:105970003046E3F78EF94FF400413046E3F787F9FC
:10598000ADF800408DF803806946AB48E3F715F9A0
:10599000BDE8F88370B50D46144606460221E2F7CD
:1059A0003CFF0523224629463046E2F75BFE0121F3
:1059B0003046E2F734FE02213046E2F727FF0028A6
:1059C000F9D03046BDE87040E2F790BE9B4B10B571
:1059D0005988814201D9322010BDD98C814201D22F
:1059E0005A2010BD002103EB81025488844212D852
:1059F000D48884420FD903EB810433F82110A488A2
:105A00005388641AC01A4443D088C01A94FBF0F03B
:105A10000844C0B210BD491CC9B20929E3D3002013
:105A200010BD00B50320FFF729FD002816D07F48E0
:105A3000824B002290F823008149323B0B280ED084
:105A400091F82002012809D1588A002806D0401E6A
:105A50000004000C588201D181F8202200BD91F889
:105A6000D8020128FAD1588A0028F7D0401E000435
:105A7000000C5882F2D181F8D82200BD2DE9F05FE8
:105A80004FF0000BDFF89CA1D9465F465C465D46AF
:105A90005E46D84601220B215046FFF77BFF81442A
:105AA00001220F215046FFF775FF0744012208210C
:105AB0005046FFF76FFF0444012209215046FFF7CB
:105AC00069FF054401220A215046FFF763FF40F2B7
:105AD0004241884204D9761CF6B2A0F2424008E066
:105AE000B0F54D7F04D2761CF6B2C0F54D7000E0E3
:105AF000002083440120E7F7A0FF08F1010000F037
:105B0000FF08B8F1640FC5D34FF4C878B9FBF8F1BA
:105B10004A4832384078FFF7EDFA814643484FF063
:105B2000640A90F823000B2820D0B7FBF8F10E2868
:105B30002DD00820FFF7DEFAD046B4FBF8F1074677
:105B40000D20FFF7D7FAB5FBF8F182460B20FFF7DF
:105B5000D1FA80460820FFF791FCDFF8E8C0384D05
:105B60000024A8B316B3BBFBF6F020E0B7FBF8F1B6
:105B70000C20FFF7BFFAD046B4FBF8F1074611201E
:105B8000FFF7B8FAB5FBF8F182460F20DFE71020E7
:105B9000FFF7B0FAD046B4FBF8F107461520FFF73F
:105BA000A9FAB5FBF8F182461320D0E7002080B2B5
:105BB000FFF70CFF1D4991F823100B2909D00E297E
:105BC0004FF47A7100FB01F009D0C5F8A20215E08C
:105BD00008E04FF47A714843C5F85A030EE0C5F85F
:105BE000120488E0114890F823000B2804D00E28F6
:105BF0007FD0C5F8A24201E0C5F85A430F490B48CF
:105C0000323949782CF8119090F823000B286ED087
:105C10000E286DD0ACF81070084F323F7878401CD9
:105C2000C0B211E00024014000100140A43A00205D
:105C30000020014000080140000C0140CA01006042
:105C4000365300206E050260FE4E787096F82310E1
:105C50000E297CD000F0070078700720FFF70EFCBB
:105C600000B396F823000A233F22DFF8DC9340F6C6
:105C7000FF710B2872D00E286FD040F6B8320AFBA5
:105C800002F0B0FBF1F013F013FAF04913F003F84F
:105C9000494613F000F8EE4913F02FF813F02BFAF1
:105CA000C5F874020320FFF7E9FBEA4AEA4B012139
:105CB00000287DD040F6B83C08FB0CF049F6D87CB3
:105CC000B0FBFCF8A7F8148096F82380B8F10B0F0E
:105CD00072D0B8F10E0F6DD0B0FBFCF095F82282B7
:105CE000B8F1000F67D0C5F81802A9E001E02BE079
:105CF00025E0C5F81244D948D84940782C3101280C
:105D000006D002280CD0072812D02CF8109016E0EC
:105D10000888C9EB8922B2FBF0F0ACF802000EE073
:105D20004988C9EB8920B0FBF1F0ACF8040006E02B
:105D30008988C9EB8920B0FBF1F0ACF80E00ACF813
:105D4000207069E703E009E0ACF8187064E70C2103
:105D5000B0FBF1F201FB12007EE714E0BAFBF3F0B6
:105D600040F6B8335843B0FBF1F064214843B0FB30
:105D7000F2F013F09DF9494612F08DFF13F0BBF9D4
:105D8000C5F82C038EE7BAFBF3F040F6B83358435E
:105D9000B0FBF1F064214843B0FBF2F013F088F956
:105DA000494612F078FF13F0A6F9C5F8E40379E745
:105DB00042E001E017E02DE0B0FBFCF095F8DA825C
:105DC000B8F1000F02D0C5F8D00239E097F804C04E
:105DD000B0EB0C0000D5404297F805C060452FDDC0
:105DE00085F8D81222E0B0FBFCF095F8926316B16A
:105DF000C5F888032EE03E79801B00D540427E79AD
:105E0000B04227DD85F89013B879C0EB0010800010
:105E100078821FE097F804C0B0EB0C0000D5404238
:105E200097F805C060450BDD85F82012B879C0EB06
:105E300000108000788203E096F823000E2809D035
:105E40007D788748082D61D2DFE805F0494C555828
:105E500067727D8878780C2858D2DFE800F0060950
:105E60001013181B20232C2F3437C2F8B84101E03F
:105E7000C2F8B811C2F8BC41C3F8904118E0C2F8AA
:105E8000B84101E0C2F8B811C2F8BC11F4E7C2F899
:105E9000B84101E0C2F8B811C2F8BC4106E0C2F84E
:105EA000B84101E0C2F8B811C2F8BC11C3F89011B2
:105EB000C2F898412AE0C2F8B84101E0C2F8B8112E
:105EC000C2F8BC4106E0C2F8B84101E0C2F8B8111E
:105ED000C2F8BC11C3F89041C2F8981116E0C3F89B
:105EE00090411CE0C3F8904124E0C0F89C410DE0D3
:105EF000C2F8BC410AE0C3F8904126E0C3F89041E3
:105F00002EE0C0F89C1101E0C2F8BC115548797828
:105F1000405CBDE8F05FFFF761BAC3F89011F1791A
:105F2000042902D2C0F89841DFE7C2F8B841DFE7A0
:105F3000C3F89011F379042B02D2C0F89811D4E77A
:105F4000C2F8B811D4E7C3F89011F379042B02D248
:105F5000C0F89841D5E7C2F8B841D5E7C3F8901129
:105F6000F379042B02D2C0F89811CAE7C2F8B8112D
:105F7000CAE72DE9F04F89B001214C20E3F723F85F
:105F80004320ADF800001026374D8DF80360032440
:105F90008DF8024069462846E2F70FFE4321284665
:105FA000E2F777FE3020ADF80000304F8DF8036047
:105FB0008DF8024069463846E2F7FFFD3021384649
:105FC000E2F767FE1F480025DFF8A49090F8230051
:105FD0004FF0180B4FF080480E287BD00121052090
:105FE000E2F7FAFF01210920E2F7EDFF0121214844
:105FF000E2F76EFE4FF47060ADF800008DF803B06C
:106000008DF8024069463846E2F7D7FD4FF47A70C2
:10601000ADF81800ADF81450ADF81A50ADF81650A0
:1060200005A944464046E3F777FA05A94D46484698
:10603000E3F772FA7021ADF804100121ADF80610F3
:10604000022019E0A43A002000007A440000C8426F
:1060500000007C42000024420000224298010060BF
:1060600000002142B65E002000180140000C0140F3
:106070000008004000031800ADF80C0001A92046FC
:10608000E3F7F4FA01A92046E3F72AFB01A9284621
:10609000E3F7ECFA01A92846E3F722FB08212046A2
:1060A000E3F7DAFD08212046E3F7DCFD0821284666
:1060B000E3F7D2FD08212846E3F7D4FD012120466D
:1060C000E3F7D2FC01212846E3F7CEFC09B0BDE896
:1060D000F08FFFE74FF4007AADF800A08DF8036071
:1060E0008DF8024069463846E2F767FD514638466A
:1060F000E2F7CFFD8020ADF800008DF803608DF849
:1061000002406946FE4E3046E2F757FD8021304698
:10611000E2F7BFFD01210520E2F75EFF0121092022
:10612000E2F751FF0121F748E2F7D2FD4FF450604A
:10613000ADF800008DF803B08DF80240694638468E
:10614000E2F73BFD4FF47A70ADF81800ADF814504B
:10615000ADF81A50ADF8165005A944464046E3F78D
:10616000DBF905A94D464846E3F7D6F97021ADF8AD
:10617000041001210220ADF80610ADF80C0001A9B1
:106180002046E3F773FA01A92046E3F7A9FA01A92B
:106190002846E3F76BFA08212046E3F75DFD082166
:1061A0002046E3F75FFD08212846E3F755FD85E724
:1061B00010B5012807D002280AD00846FFF7D1F809
:1061C0000446204610BD0A46CF4901F1280004E0EC
:1061D0000A46CD49143101F12A00FFF7E1F8F0E752
:1061E0002DE9F041C94D0446C94E2878CA4F2044D4
:1061F000C0EB001101EB4101314491F82320C54966
:1062000031F810006AB197F823100E2911D0FFF76A
:10621000A8F897F82330C149C14A0E2B0ED0ACB173
:1062200019E0B0F5007F02D3B7F83F00F1E7002096
:10623000EFE701462046FFF7BBFFEAE70988CB07F7
:1062400009D0090A8C4206D1108804E00988012986
:1062500000D11088108029782144C1EB011101EB95
:106260004101314491F8281001B900204FF08042DB
:1062700064B1012C04D0AB4A022C07D0032C0BD103
:10628000BDE8F04101461046E3F7F5BDBDE8F04139
:1062900001461046E3F7EDBDBDE8F0810EB59B4B1E
:1062A000A34900201A780978E8469F4D9F4E0124A3
:1062B0000A4409E0C0EB001101EB410C9449401C79
:1062C0006144C0B281F824408242F3D83220E6F71C
:1062D000D6F88E4B00221146104693F800E03BE0C2
:1062E000C0EB001303EB430C894B634493F823C0CA
:1062F000BCF1000F0DD093F82CB038F810C00BEBA8
:106300008B03BCEB830F0BD20CF1010C28F810C0EF
:1063100008E0804B33F81030B3F5007F13D216E05D
:1063200028F81020DFF8ECC13CF810C00BFB0CF390
:1063300003EB83039B0040F2FF3CB3FBFCF338F814
:1063400010C0634503D904FA00F3194302E004FACC
:1063500000F39943401CC0B27045C1D3754B186817
:1063600081423CD01960187800274FF0010AC1071C
:1063700002D0C5F8804101E0C5F88021810702D52F
:10638000C5F8844101E0C5F88421410702D5C6F86B
:10639000904101E0C6F89021010702D5C6F894416A
:1063A00001E0C6F89421C10602D5C5F8984101E084
:1063B000C5F89821584991F823100E2912D1810669
:1063C00002D5C6F8A44101E0C6F8A42140065A4807
:1063D00002D5C0F89C4105E0C0F89C2102E0BAF16A
:1063E000000F3ED07F1CFFB2C82F3AD918784FF06B
:1063F000000A5746C10702D0C5F8804101E0C5F840
:106400008021810702D5C5F8844101E0C5F88421C7
:10641000410702D5C6F8904101E0C6F89021010776
:1064200002D5C6F8944101E0C6F89421C10602D510
:10643000C5F8984101E0C5F89821374991F8231033
:106440000E290ED1810602D5C6F8A44101E0C6F896
:10645000A4214006384802D5C0F89C4101E0C0F8AC
:106460009C210521B9FBF1F201FB129109F1010018
:1064700000F0FF0900297FF429AF0020FFF7B0FEEC
:106480000120FFF7ADFE0220FFF7AAFE0320FFF771
:10649000A7FE1BE72DE9FF5F9A4691460846DDF807
:1064A00038B012F0FCFD254912F027FC12F088FEEE
:1064B00014F0A6FE12F097FE0546009812F0FDFDBE
:1064C000DFF87C800E4604460022434612F006FDAB
:1064D00012F089FE0746204631461A4A1A4B12F03E
:1064E00056FC04460E46384612F06AFE22463346F3
:1064F00012F066FD12F077FE0146284626E0000005
:10650000002001400003180076430020990000603D
:106510002CC304606E060260A43A002048210020CB
:106520002421002000080040000023420080214276
:10653000E2200020B80100600000244200007A44FC
:1065400000A03140CDCCCCCCCCFCA24012F04BFB17
:1065500012F036FE0E4604460022434612F0BBFC03
:1065600005460F4620463146FD4AFE4B12F0B6FC6A
:106570002A463B4612F024FD12F035FEFA4D044641
:10658000294612F088FB12F0B6FDA9F8000020465B
:1065900012F016FE0E460446F44AF54B12F09EFC2D
:1065A00012F021FE074620463146F24AF24B12F025
:1065B000EEFB12F018FE0146384612F09EFB12F078
:1065C000FFFD02460B460020EC4914F0FDFF12F0DF
:1065D0000AFE12F0F5FDEA4AEA4B12F07FFC12F0D7
:1065E00002FE0446294612F056FB12F09DFDAAF861
:1065F0000000204612F0E4FDE34AE44B12F06EFC8A
:1066000012F0F1FD06462146E14812F03EFB01463C
:10661000304612F072FB0646294612F03CFB12F09F
:1066200083FDABF80000304612F0CAFDD94ADA4BC0
:1066300012F054FCD94ADA4B12F0A9FB12F0D3FD48
:106640000446D849304612F026FB0546009812F061
:1066500026FD214612F01FFB294612F0C4FA12F063
:1066600063FD0F990880BDE8FF9FF8B5CE4CE07838
:10667000012848D0E5F7FEFCC0B200287DD1CB4808
:10668000CC4FCD4D90F82310C9484FF47A720B29A6
:1066900043D0008A90421BD995F8990195F89B1137
:1066A000002895F89C0100EB01204FF0640100FBED
:1066B00001F07DD012F0FCFC06463946A06912F0CC
:1066C000EAFA314612F0E1FA12F015FDC5F88E0132
:1066D00095F8F50195F8F711002895F8F80105F5FA
:1066E000F57500EB01204FF0640100FB01F043D091
:1066F00012F0DEFC06463946E06912F0CCFA31466B
:1067000012F0C3FA44E0A84932201C310090012362
:106710000022081FE5F70AFBAFE7008B90421BD968
:1067200095F8510295F85312002895F8540200EBA1
:1067300001204FF0640100FB01F02ED012F0B8FCF4
:1067400006463946A06912F0A6FA314612F09DFAC3
:1067500012F0D1FCC5F8460295F8AD0295F8AF12DB
:10676000002895F8B00205F2A22500EB01204FF0B9
:10677000640100FB01F0BBD100E00CE012F098FCDA
:1067800006463946E06912F086FA314612F02BFAD5
:1067900012F0B1FC2860F8BD0AE012F089FC064650
:1067A0003946A06912F077FA314612F01CFACFE7A9
:1067B00012F07EFC06463946A06912F06CFA3146AA
:1067C00012F011FA80E7F8B54520E5F73AF9002410
:1067D0003226754D0127744901231C310022081F00
:1067E0000096E5F7A3FA00B9EF70641CE4B20A2C36
:1067F000F1D3E878012804D00020E870E5F722FC06
:10680000E8706E49C0B20A308885C4E71CB5FFF74E
:1068100049F8FEF7F1FFFFF7D6FF07F04EFA63489D
:1068200090F823000B2801D00E2801D1FEF792FC2E
:106830000420FEF723FE08B107F042FD5A4D002068
:106840005E4E28816881A881E8812882B08A401C38
:10685000B0820220FEF712FE10B1308B401C308354
:10686000FFF703FF0620FEF709FE08B107F04CFA18
:106870000420FEF703FE50B1A8781421B0FBF1F21A
:1068800001FB1201401CA87009B907F02FFDFFF7AA
:10689000F5F8052C02D2641CE4B201E00120287056
:1068A000E86910F0FF4FD1D012F025FC07B2A869BB
:1068B00012F021FC3C4A00B21032911ECDE90012C8
:1068C0008B1E8A1F3946FFF7E5FDB5F9080012F067
:1068D000F4FB00223A4B12F001FB0022394B12F07C
:1068E0006FFB0022384B12F052FA12F031FC688133
:1068F000ACE71CB50446FFF73CFB2B484FF4FA729B
:106900002430CDE90040002330A1AFF2FF00E5F7CD
:1069100040FC254800232830CDE90040C8222EA1A4
:10692000AFF28760E5F735FC1F4900202031086091
:106930001CBD10B51C4986B02A4CC979002001EB5A
:1069400041016A4603AB04EBC1010C5C14540C1802
:10695000A47A1C54401CC0B20A28F6D3194643E05E
:10696000E17A14AE47616E4000002041C03FA54A65
:10697000945D1E40B7627FD93D176E4000002440F1
:1069800076A73B4F3C7718402D211FF4EC6F8340D6
:1069900000407D44F3C81F0C3CF75E3F295C8FC26A
:1069A000F528F03F0000C84198010060A43A00209B
:1069B0006E0502600000C84236530020A802026043
:1069C000000022400000144000007440496E7075C1
:1069D000745461736B3100004F7574707574546139
:1069E000736B3100763C05081046F3F7E7FD06B0FF
:1069F00010BD2DE9F0418046642791FBF7F0144665
:106A00000D4612F04CFB4D4EB06194FBF7F012F0C6
:106A100046FBF0614A484B4A4B4F90F8236092F88E
:106A2000541292F8530292F9513201EB0020414680
:106A300008EB41084FF47A7CC8EBC1110B2E30D023
:106A40003E8A664512D9164692F899C196F89C710D
:106A500096F89B61BCF1000F07EB06265FD06FF044
:106A600018077E4305EB8605C2F88E51354D92F826
:106A7000F57195F8F86195F8F75106EB0525E7B340
:106A80006FF01806754304EB8504C2F8EA41ABB316
:106A90006FF06303584300EBC100C2F84602BDE843
:106AA000F0813E8B664507D94BB36FF0180358430E
:106AB00005EB8000C2F84602224892F8AD5290F8E9
:106AC000B03290F8AF0203EB00200DB36FF0180363
:106AD000584304EB8000C2F8A2021A4892F8094316
:106AE00090F80C3390F80B0303EB0020ACB16FF07F
:106AF0006303584300EBC10002E015E019E002E037
:106B0000C2F8FE02CBE700EBC00303EB0010CFE7B7
:106B100000EBC00303EB0010DBE76423E9E706EBBF
:106B2000C60707EB06169DE705EBC50606EB051540
:106B3000A9E76423AEE77047704700009801006042
:106B4000A43A0020365300206E050260E44901207B
:106B5000087070472DE9F0470C464860E1499846B7
:106B60001646B1F90030642293FBF2F193FBF2F781
:106B700002FB1732002549B252B200290CDA494211
:106B8000CBB25142C9B24FF461625343C1EB011120
:106B900003EB8101401A09E0CBB2D1B24FF461623C
:106BA0005343C1EB011103EB81010844DFF838A323
:106BB00060609AF8000070B1CC48CD49B0F8070089
:106BC0000988884207D3CB490988884203D860687E
:106BD00000F5616060606068C74AB0FBF2F1B0FB2D
:106BE000F2F702FB11014FF46162B1FBF2F0A16018
:106BF000E760E075B1FBF2F002FB10113C20B1FB45
:106C0000F0F2A4F819102276B1FBF0F200FB121199
:106C1000E1768946384612F061FAB84AB84B12F06C
:106C2000CFF912F0B4FA80B22082B8F1000F28D068
:106C300000F2B27140F2B552B7FBF2F289B28A07A4
:106C400022D06FF4B67202FB0072A2EB900212B275
:106C50008907A4F81520B1F1804F02D0521CA4F886
:106C60001520A84AB4F9151000292EDDB4F8153006
:106C7000A4F81330535DC91A6D1CA4F81510EDB2B9
:106C8000F0E700F26C71D5E76FF4B67101FB0071AB
:106C9000A1EB9001491C09B2A4F81510B8F1000F3E
:106CA00002D1491CA4F81510964A0C32B4F91510FB
:106CB00000290ADDB4F81530A4F81330535DC91A61
:106CC0006D1CA4F81510EDB2F0E7A574B8F1000F33
:106CD00015D000F2B270208286F80090207E70708D
:106CE000E07DB070E07CF070A07C7071207CA0F53D
:106CF000FA60B0719AF800007072BDE8F08700F297
:106D00006C70E8E72DE9F041794D7A4C00207F4A1C
:106D10002880208092F863307B495B1E05E00E5C82
:106D20002F88401C3E442E80C0B28342F7DC92F88C
:106D3000653000205B1E05E00E5C2788401C3E4449
:106D40002680C0B28342F7DC12F8640F2988084419
:106D5000288090782188084420806448807900F554
:106D6000FA60E4F719F9002805D02888401C28802B
:106D70002088401C2080BDE8F081FEB51D461646E7
:106D80000C460746F1F748FB0146381B574C584A5A
:106D900000EBC00001EB8000B4F8071012889142AC
:106DA0000AD3544A1288914206D8711BC1EB411292
:106DB000C2EB012100EB011001234C4A5449FFF7BB
:106DC000C9FE6078002221788DE80700A378E27878
:106DD0006179A079E4F77EF9FEBD4D4910B50860F0
:106DE0003F49091F002A08600DD1006AF4F77CFFB3
:106DF00000233E4A4649FFF7ADFE46490120087090
:106E000037490420087010BD8CB0DB2000218DF8BC
:106E100000008DF8011004208DF80200FA208DF892
:106E2000030001208DF804108DF805008DF808107E
:106E300030228DF806108DF809008DF807100A2011
:106E40006B461954401CC0B29042FAD30CB0704744
:106E50007047704770472DE9F0472C482E4990F84D
:106E60004800022803D291F8F000012810D12B4DE0
:106E70002B4EDFF8B0A02868401C2860327800272D
:106E80003AB12949884203D937708AF800702F60D7
:106E900033E74FF00109884681F8F190F1F7BCFA29
:106EA000224C010E2060AE2000F053F82068C0F3A1
:106EB0000741AD2000F04DF82088C0F30721AC2039
:106EC00000F047F82178AB2000F043F820680EF07E
:106ED00059F9C8F8CA008AF8007086F80090D6E719
:106EE000F8010060422100201121002044230020ED
:106EF000BA200020BC200020805101007B14AE4746
:106F0000E1D376405E3C0508B4C00308A43A0020F3
:106F1000609A0360962100206E0D0260B821002067
:106F20009B2100209C21002000460500D02000204D
:106F3000E3F792BB10B50C46E3F790FB20700120FD
:106F400010BD10B50C460221E3F7DDFB20800120C7
:106F500010BD10B5C9B2E3F7A2FB012010BDE6F7E2
:106F60004DBD80B2E6F769BDE3F722BC30B5854878
:106F70003221854A01703021417093790A21B3FB97
:106F8000F1F430348470B3FBF1F401FB143330338B
:106F9000C3702D2505715379B3FBF1F4303444717E
:106FA000B3FBF1F401FB143330338371C571D37833
:106FB0003A25B3FBF1F430340472B3FBF1F401FB76
:106FC000143330334372202383729378B3FBF1F48C
:106FD0003034C472B3FBF1F401FB14333033037368
:106FE00045735378B3FBF1F430348473B3FBF1F49D
:106FF00001FB14333033C37305741278B2FBF1F321
:1070000030334374B2FBF1F301FB1321303181744F
:1070100030BD2DE9F05F4FF496614FF46163DFF806
:107020006C814A008C005D00CE000F01DFF860C16A
:107030004FF416494FF4614A4FF4963B4FF4E13E4A
:10704000022819D078B301286FD1524890F8230054
:1070500004286AD0072868D00C2866D0082864D095
:107060004D4800780C2860D2DFE800F06E70727432
:1070700076787A7C8082847E9CF8020001280BD08E
:10708000464800780C287BD2DFE800F00E1012147E
:1070900016181A1C2022241E98F802004FF000082F
:1070A0008CF80280EEE71BE0084615E0104613E07E
:1070B000184611E020460FE028460DE030460BE070
:1070C000384609E0484607E0504605E0584603E0E8
:1070D000704601E04FF46120BDE8F05FE6F786BB43
:1070E0009CF8000001280BD02D4800780C2847D2CE
:1070F000DFE800F00D0F11131517191C2022241EB4
:1071000098F800004FF000088CF80080EEE7084681
:1071100016E0104614E0184612E0204610E028461B
:107120000EE030460CE038460AE029E0484607E029
:10713000504605E0584603E0704601E04FF46120F8
:10714000BDE8F05FE6F7CCBA084615E0104613E05C
:10715000184611E020460FE028460DE030460BE0CF
:10716000384609E0484607E0504605E0584603E047
:10717000704601E04FF46120BDE8F05FE6F7B6BB72
:10718000BDE8F09F7C9A0360442300208521002005
:1071900088010060A43A002014210020152100205D
:1071A0001321002010B5002464230022FDA1FEA0BD
:1071B00001F0ADF808B1022010BDE1F7E2FD641C5A
:1071C000E4B20A2CF0D301D0012010BD002010BD84
:1071D00010B5F64C04212046E1F75BFD4FF4FA6050
:1071E000E6F72BFC2046BDE810400421E1F74FBD37
:1071F00070B5EF4D40F225512846E2F7D1FFED4C36
:10720000C0B12846E2F765FFC2B2B4F8000440F20C
:10721000FF31C0F30E0088420CD2B4F80004C0F372
:107220000E01B4F800046318491C61F30E00A4F8C1
:1072300000041A7040F224412846E2F7B1FF012809
:107240000AD194F8010440F0800084F80104284633
:10725000BDE87040E2F73DBF70BDF0B58279002314
:1072600006252C2A03D0427C2C2A00D10B239A1D00
:10727000845C2C2C61D11418A2783A2A11D166783A
:10728000303E092E0DD8B4B200222B4406E09D18E2
:107290000544521CED7801F8015B92B2A242F6D38C
:1072A00049E0E6783A2E03D027793A2F1DD044E002
:1072B0006478303C092C40D8302A3ED3392A3CD857
:1072C00004EB84046FF02F0606EB4404224494B2CE
:1072D00000222B4406E09D180544521C2D7901F82C
:1072E000015B92B2A242F6D325E06478303C092CCF
:1072F00023D8302A21D3392A1FD8302E1DD3392E36
:107300001BD804EBC40707EB041406EB840402EB60
:1073100082024FF6F05606EB4202224494B200225B
:107320002B4406E09D180544521C6D7901F8015B61
:1073300092B2A242F6D32046F0BD0020F0BD70B557
:10734000054640219C4811F0D6FA9B4C15B1012D01
:1073500002D003E0652000E067202080974E1D20CA
:1073600060803078A0807078E080B0782081F078FC
:1073700060810A20A081924D3079E08115F86A0F72
:10738000208268786082A878A082E878E08235F868
:10739000670C20834FF42C700DF0F5FE6083F079BC
:1073A0000DF0F1FEA08387480068C0F3072141EA91
:1073B000002161848449097884F82410010C0902B1
:1073C00041EA1060A4F83900002084F83B0035F849
:1073D000651CA1877D49097884F83E107C4984F8B2
:1073E0003F000120887170BD70B50024744D4FF4CA
:1073F0007A7601F0F5F8A870401E032808D33046CD
:10740000E6F71BFBE1F7BDFC641CE4B20A2CF0D3E9
:10741000A878032808D1BDE870404FF4FA73002221
:1074200060A16CA000F073BF70BD4FF4FA7300222E
:107430005CA16CA000F06BBF2DE9F047644E604F7B
:107440000025F571B878012863D03878022860D01B
:1074500050B135724FF4FA73002252A164A000F0CB
:1074600056FFC820E6F7E9FA78784FF480694FF4C0
:107470007A78012822D1002400F0C5FF0CE000201A
:1074800001F019FE01464A465D4811F01BFA45A17C
:10749000484811F03BFA38B94046E6F7CEFA2046A4
:1074A000641CE4B20528EAD3434656A23DA157A086
:1074B00000F02DFFC820E6F7C0FAF57138780128F2
:1074C00024D1002000F069FFC820E6F7B6FA3C4955
:1074D00000244A31A1F1400000F074FF4D464646B9
:1074E0000FE0002001F0E7FD01462A46444811F074
:1074F000E9F92CA12F4811F009FA38B93046E6F71E
:107500009CFA2046641CE4B20528EAD3BDE8F047A3
:107510006AE7BDE8F08710B52D4C607A012805D1E7
:10752000FFF78AFFF7F7FAF90020607210BD0B0A27
:107530000370417000218170C170110A01714271A4
:1075400070478EB01420DFF878908DF83000DFF8A7
:1075500080A04FF0000B89F802B08AF808B08AF8D2
:1075600009B0042389F807308AF803B0134AAAF84F
:107570000AB04FF4FB70A9F80300B2F84920A9F84B
:1075800005200A220AA900F0C9FD00F0A3FE4FF46D
:10759000FA642046E6F751FAFFF71AFE2046E6F7AE
:1075A0004CFA37E04F4B00004154000000140140FA
:1075B000004C0040E8430020242C0460A43A002042
:1075C000909E0360CC200020AF2000208701006047
:1075D000E021002041542B434950434C4F53453D3B
:1075E0003500000041542B524553544F5245000082
:1075F00041542B435753544F50534D415254000064
:10760000909A0360726561647900000041542B52C6
:1076100053540000FFF7C6FD09F17601CDE90810CB
:107620000126022802D089F802604CE06946DF207A
:10763000FFF780FC9DF80000442839D018208DF811
:107640000100F94AFE208DF80200107810B1FF28E1
:1076500007D00FE0517869B9917859B9D17831B331
:1076600008E05178FF2905D19178FF2902D1D1781E
:10767000FF2920D0D178102900D210318DF80310C5
:107680009178102900D210318DF80410517810290A
:1076900000D210318DF80510102800D210308DF86E
:1076A00006000DF1010001F009F98AF8036002E01B
:1076B000089801F0BAF8052189F80210002000F0BE
:1076C0006CFEFFF7B9FED94801900520E6F7B5F941
:1076D000099802280DD19AF803005446012808D1D0
:1076E000089801F0A2F884F803B04421DF20FFF7E6
:1076F00030FCE1F746FB09980228E6D19AF8000031
:107700005446142803D984F800B0FFF761FD60895E
:10771000411C6181B0F57A7F03D9A4F80AB0FFF764
:1077200057FD99F8020002285CD04946012859D03B
:1077300099F801004D4638B901F86ABF81F801B0E7
:1077400081F802B085F86DB0207AA04670B94FF488
:107750007A730022AFF2B411B5A000F0D8FD10B1D9
:1077600088F8086002E098F80800B8B3002400F038
:1077700037FFA8706420E6F760F9E1F702FBA8780C
:10778000032804D92046641CA4B2C828EFD3C82C0F
:1077900007D3FFF751FE98F80010491C88F8001035
:1077A00093E785F800B04021A54811F0A4F8A4485B
:1077B0002021403011F09FF8A2480676F2F701F838
:1077C0004FF4FA730022AFF22421AFF2DC1000F084
:1077D0009EFD6420E6F731F9FFF72EFEC820E6F79C
:1077E0002CF972E784F800B0E079A246D8B14FF4E2
:1077F00080642146944811F07EF82146934811F0A8
:107800007AF8002001F057FC014622468F4811F01B
:1078100059F88D498D48FFF720FD05468B48817941
:107820002C296FD072E0864928226031089801F037
:10783000D0F870B199F86A10484641B990F86B10C9
:1078400029B990F86C1011B990F86D10E9B18AF867
:107850000760002001F078F94FF4FA742346002203
:10786000AFF2C0217AA000F052FD012000F035FEF9
:10787000E1F787FA23460022AFF2D821AFF2AC201D
:1078800000F045FD00244D4606E08AF807B089F86F
:107890000260DEE7E1F775FACDF800B0B5F8051043
:1078A00002230A466EA000F05BFE20B92046641C4D
:1078B000A4B20528EED3002440F2D24501E0E1F75E
:1078C00060FA022329462A4665A0009600F048FE89
:1078D00020B92046641CA4B20528F0D3002401E09E
:1078E000E1F74FFA0CAA0AA9012000F064FE002873
:1078F0007FF456AF2046641CA4B20528BFF450AFF5
:10790000EEE7FFE740793038C0B20290002D19D081
:10791000DAF814105C462944CAF81410AAF80AB020
:107920000298801E022876D8474908781C2802D081
:10793000EE2808D016E0302D14D100222946424806
:10794000FFF74BFAD8E2487810280BD1887848B96D
:10795000C87838B9087928B9487918B9887908B940
:10796000C87948B1DFF8C0C08A799CF80400824227
:1079700008D0FF2A03D016E0F6F7C3FFBCE2C879AF
:10798000192810D030490520F7F735FFBAF80E2036
:1079900055462AB136490020029B01F045FBEC8197
:1079A000FFF7B9FDA8E212F0FF0F3FF4F9AEC87976
:1079B0000B46032816D0062814D010280ED01928FC
:1079C00010D001280ED002280CD004280AD0052897
:1079D00008D00F2806D018288AD103E0197B691A2D
:1079E0000D2985D19CF82A10072915D0022913D01A
:1079F0009CF82810072913D0022911D09CF82910CF
:107A00000729E9D18CF824601A4B00214FF00208B5
:107A100093F800E046E077E002218CF82410F3E7C9
:107A20008CF82440F0E70000A43A0020492C0460C0
:107A300041542B43575354415254534D41525400D7
:107A40009A9E03605E190360B0300460909A0360F0
:107A500041542B4349504D4F44453D3000000000F8
:107A60003235352E3235352E3235352E323535001C
:107A7000BC2E0460FB200020FE4B5B5C9A4202D1CE
:107A80008CF824800CE0FC4B5B5C9A4202D18CF8B1
:107A9000244005E0F94B5B5C9A4201D18CF82460EC
:107AA000491CC9B27145E7D3F549022821D0012804
:107AB0001FD0032823D0042821D006220888884616
:107AC00041BA03A8FFF733FDAD1F9CF82420A9B2EB
:107AD00003AB08F10600F6F787FBBAF80E2055460F
:107AE000002A05D0E7490020029B01F09DFAEC81B5
:107AF00002E2C87A0322C01D02EBD002DEE7CA7A96
:107B0000032000EB4202D9E7029810B1012877D098
:107B1000F2E19AF80200E8BB8AF80260D04600233E
:107B20002A46D74903A800960AF082FA0246401E68
:107B3000B0F5FF7F60D80123D14903A80BF0B0FD59
:107B4000D148007838B3002502E03220E5F775FF10
:107B500098F8051019B1CC4900250C7017E028469B
:107B60006D1CEDB20A28F0D31AE040F22D1005FB8F
:107B700000F1C648029B00EB41010020B1F85822F9
:107B800001F052FA0120E5F758FF6D1CEDB298F8AC
:107B9000050001E030E003E08542E6D388F80540C7
:107BA000B8F80C2032B1BA490020029B01F03CFA2F
:107BB000A8F80C4098F80400F0B10025C24615E082
:107BC00040F22D1005FB00F1B24800EB4108B8F877
:107BD000580248B10120E5F730FFB8F85822414675
:107BE0000020029B01F020FA6D1CEDB29AF804000F
:107BF0008542E5D38AF804408AF802407CE1FFE739
:107C00009F49087864287DD18AF80660002099F899
:107C10006AC099F86B3099F86C2099F86DE0C5F35B
:107C2000850516E0964901EB800191F80180E04559
:107C30000DD191F80280984509D191F803809045C3
:107C400005D191F80480F04501D18AF80640401C26
:107C5000C0B2A842E6D39AF80600002852D000200D
:107C6000FFF76DFBDFF828822046A8F14008A34605
:107C700088F81E0088F81F0088F8200088F8210086
:107C80004846444610F86A1F24F8101F4178618066
:107C90008178A180C078E08014227F49019810F09B
:107CA00011FE7E4840224146007840F0020084F8F0
:107CB0002E000020029B01F0B7F9002549E0784B27
:107CC000C5EBC501CC18A079DC280DD25A5CDFF8D1
:107CD000D4C10CEBD20C02F007029CF800C006FAEB
:107CE00002F21CEA020F32D0232830D0D4F801204F
:107CF00044469C4624F8042FC2F307236380C2F352
:107D0000074300E0F8E0A380120EE28020811CF817
:107D100001006081644814220178A1764178E176FF
:107D200081782177C0786077604800EB0511019871
:107D300010F0C8FD5948564940220078403940F0BB
:107D4000020084F83A000020029B01F06DF96D1CDE
:107D5000EDB2574800788542B1D30024554D33E049
:107D600004EB8400544B00EBC4014FF0080CCA181C
:107D7000A8F80CC0595CA8F80E104B4940460B7887
:107D800088F81E304B7888F81F308B7888F82030C0
:107D9000C97888F82110D2F8051020F8041F0A0AC3
:107DA00042800A0C8280090EC1803C494022097839
:107DB00041F0020180F83A10354900204039029B19
:107DC00001F032F9641CE4B228788442C8D300255B
:107DD0008DE02B2005FB00F138480144887CE8BB8E
:107DE0000868A8F80400020AA8F80620020CA8F8FF
:107DF0000820030EA8F80A308B7AA8F80C304B7ACA
:107E0000A8F80E30284B444693F800C088F81EC0EE
:107E100093F801C088F81FC093F802C084F820C00E
:107E2000DB7884F82130C0F3072343EA002363841E
:107E3000097984F82410110241EA1060A4F839008D
:107E4000142103A810F057FD4D208DF80C0053208D
:107E50008DF80D0054208DF80E0000E045E0502014
:107E60008DF80F003A208DF810008DF81FB0142205
:107E700003A925E037310020D3300020F8770360D4
:107E8000B0300460BC2E0460A1200020A014046067
:107E9000642C04600C9F036018E702608701006097
:107EA000F48F0360B8930360A43A002088870360CE
:107EB000FB2000204E0100603C9403603C04036002
:107EC000019810F0FFFC0C2084F83F0082480078F5
:107ED00040F0020084F83E000120E5F7AEFD4022AC
:107EE0007E490020029B01F09FF86D1CEDB27C489A
:107EF00000788542FFF46DAF6420B7FBF0F100FB22
:107F0000117050BBE0F73DFF4FF47A70E5F795FD37
:107F1000744CA08A401CA08200F0E8FC40B1208B89
:107F2000401C2083022189F802108AF801B014E075
:107F3000E08A5146401CE0829AF80100401CC0B221
:107F40008AF80100032808D3608B401C608389F8FD
:107F5000026081F807B08AF801B038467F1CBFB2D2
:107F6000B0F5967F7FF61CAC5E4C0027A08B401CC2
:107F7000A083E0F706FF012000F0E6FD022803D011
:107F8000208C401C20840BE4E08B401CE0838AF8AA
:107F900007B005E41CB50446FCF793FE52490023E4
:107FA000CDE900414FF4006250A1AFF66920E4F73B
:107FB000F0F81CBD10B58CB001210220E0F7FAFFEB
:107FC0004D4C2046E0F74AFC4FF416700390102009
:107FD00002904A48002101900A91802005902020BB
:107FE000CDE907104648049100908014069109904D
:107FF00069462046E0F79FFC0CB010BD70B5404DBF
:1080000004462D1F012280212846E2F72AF8214646
:10801000394C2046E0F7CCFC01212046E0F7B5FCC6
:10802000384E3046E0F7C9FC0028FAD03046E0F779
:10803000D2FC00212046E0F7A8FC2846BDE87040AD
:1080400000228021E2F70DB810B50C460A46014621
:108050002A4810F037FC2046FFF7D0FF10BD70B55E
:10806000002529488CB02C460570022601E0E0F777
:1080700088FE7B220223114624A0009600F070FAAD
:1080800020B92046641CE4B20528F0D3DB208DF82B
:1080900000008DF8015004208DF80200FA208DF8C0
:1080A000030001208DF804508DF805008DF808506C
:1080B00030228DF806508DF809008DF807500A20FF
:1080C00069460D54401CC0B29042FAD302230020EE
:1080D00000F0AAFF0CB070BD87010060242C046082
:1080E000B6200020A8020260F0210020574946492E
:1080F0005F7461736B00000058040240B034046088
:10810000044C004000000210FE0100603137362EA2
:108110003232312E34322E3132350000F0B50025A6
:1081200004460B462E460A2A02D00E701846F0BDB1
:10813000002C1ED006DA4FF02D00187001F101035B
:10814000C4F1000442F210704FF00A0794FBF0F201
:1081500052EA050C06D002F1300503F8015B02FB80
:108160001044012590FBF7F00028EFDC1E70084654
:10817000F0BD302018704B1CF8E70FB47FB50646F1
:108180000AAC0FE05C2914D000F101002529099008
:108190001DD03046E1F799FF80213046E1F7F6FF28
:1081A0000028F9D0099801780029EBD17FBC5DF84F
:1081B00014FB401C099001786E2903D072291BD151
:1081C0000D2100E00A213046E1F77FFF13E001783E
:1081D000642914D073290FD120CC09E03046E1F78F
:1081E00074FF80213046E1F7D1FF0028F9D06D1CE3
:1081F00029780029F2D10998401C0990CCE701CCDC
:108200000A226946FFF78AFF6D4609E03046E1F72A
:108210005CFF80213046E1F7B9FF0028F9D06D1CE2
:1082200029780029F2D1E6E730B5012187B0C804EA
:10823000E0F7D2FE01211020E0F7C5FE4FF4806088
:10824000ADF8100018208DF813000320F74C8DF8BE
:10825000120004A92046E0F7B0FCE114ADF81010BC
:1082600004218DF8131004A92046E0F7A6FC002491
:108270004FF4E1300090ADF808400C20EC4DADF823
:108280000440ADF80A00ADF80640ADF80C40694670
:108290002846E1F751FE012240F225512846E1F738
:1082A000C8FE012240F224412846E1F7C2FE3420F4
:1082B0008DF814008DF815408DF8164001208DF8CA
:1082C000170005A8E0F7DBF801212846E1F7A7FE33
:1082D00007B030BD38B510208DF8030003208DF8AD
:1082E000020001212020E0F76EFE0420D14CADF801
:1082F000000069462046E0F760FCFFF795FFFFF7B6
:1083000059FE2046BDE838400421E0F7C0BC2DE905
:10831000F0411746884602461D46C7A1C448FFF7EC
:108320002CFF58EA070035D0C54EB6F800046FF3AD
:108330000E00A6F8000496F8010420F0800086F8EC
:10834000010400243220B5FBF0F085B204E03220B5
:10835000E5F773FBE0F715FD96F80104000604D479
:108360002046641CA4B2A842F1D3B6F80014002041
:10837000C1F30E017054B8F1000005D0014627B1D9
:10838000AF4810F0C3FA28B93946AD4810F0BEFA2C
:10839000002800D00120BDE8F08140F6C41328B1C8
:1083A000012807D0022809D000207047A5A2A8A163
:1083B000A8A006E0A3A2A6A1A9A002E0A1A2A4A150
:1083C000AAA0A4E700B59FB00B460246AAA1684642
:1083D00011F09CFD41F2883300229DA16846FFF711
:1083E00096FF1FB000BD00B59FB00B460246A7A187
:1083F000684611F08BFD41F28833002294A1684653
:10840000FFF785FFEDE72DE9F041CEB064210AA822
:1084100010F071FAA34D002441AE281906EB840137
:1084200090F86A000A22FFF779FE641CE4B2042C7B
:10843000F3D3002445AF281907EB840190F86E00B0
:108440000A22FFF76BFE641CE4B2042CF3D3002471
:108450000DF59278281908EB840190F872000A2231
:10846000FFF75CFE641CE4B2042CF3D348A847A9D0
:10847000CDE9081046AACDE906724CA84BA9CDE972
:10848000041044A843A94AAACDE90010CDE902820C
:10849000331D41AA84A10AA811F038FD0AAA8DA1B2
:1084A00023A811F033FD4FF47A63002268A123A8BA
:1084B000FFF72DFF4EB06EE700B59FB00B46009260
:1084C000024689A101A811F021FD4FF47A73002220
:1084D0005FA101A8FFF71BFF83E700B585B008B1D6
:1084E000012200E0002286A1684611F00FFD4FF442
:1084F000FA73002256A16846FFF709FF05B000BDD8
:10850000F0B5B9B00F4604461E461546642101A8D1
:1085100010F0F1F914B1012C0BD103E03B467CA221
:10852000009502E03B467BA200957BA101A811F0DB
:10853000EDFC052E06D201AB32467BA11AA811F044
:10854000E5FC04E001AA7DA11AA811F0DFFC4FF4BC
:108550007A637EA23EA11AA8FFF7D9FE39B0F0BD1A
:108560002DE9F041BAB00C4680461E4615466421FE
:1085700003A8409F10F0BFF98DE87000434665A244
:1085800076A103A811F0C2FC052F06D203AB3A4630
:1085900065A11CA811F0BAFC04E003AA67A11CA8FD
:1085A00011F0B4FC4FF47A6368A229A11CA8FFF76C
:1085B000AEFE3AB0EFE610B59EB04FF4FA740B463B
:1085C00008B1012200E0002269A1684611F09EFC7A
:1085D000234600221EA16846FFF799FE1EB010BD7B
:1085E00010B54FF4FA73002219A166A0FFF78FFEB1
:1085F000D8B168A1124810F089F908B1022010BD65
:1086000067A10F4810F082F908B1032010BD67A1DF
:108610000B4810F07BF908B1042010BD66A1084892
:1086200010F074F908B1052010BDCBE00010014036
:10863000004C00400014014025730D0A00000000AA
:10864000E84300206E6F206368616E67650000007C
:108650004F4B000041542B43574D4F44453D310093
:1086600041542B43574D4F44453D320041542B4319
:10867000574D4F44453D330041542B43574A4150D9
:108680003D222573222C22257322000041542B43C6
:10869000574A41505F4445463D222573222C2225EE
:1086A00073220000909E03602225732E25732E25D1
:1086B000732E2573222C2225732E25732E25732EBF
:1086C0002573222C2225732E25732E25732E2573B8
:1086D0002200000041542B4349505354415F44450C
:1086E000463D25730000000041542B435753415031
:1086F0003D222573222C222573222C312C25640047
:1087000041542B4349504D55583D2564000000000D
:108710005443500055445000222573222C222573C7
:10872000222C25730000000041542B434950535420
:108730004152543D25642C257300000041542B43C5
:10874000495053544152543D25730000414C524509
:10875000415920434F4E4E45435400002225732279
:108760002C222573222C25642C25642C25640000E2
:1087700041542B4349505345525645523D25642C94
:108780002573000041542B434950535441545553D1
:10879000000000005354415455533A320D0A000072
:1087A0005354415455533A330D0A00005354415425
:1087B00055533A340D0A00005354415455533A3539
:1087C0000D0A0000062010BD10B500244FF4FA7306
:1087D0002246AFF28411AFF25400FFF798FD002853
:1087E00021D0FAA1FD4810F091F800B10124FCA1BC
:1087F000FA4810F08BF808B144F00204FCA1F748E5
:1088000010F084F808B144F00404FDA1F34810F01E
:108810007DF808B144F00804FDA1F04810F076F8A6
:1088200008B144F01004204610BD2DE9FC41C823D6
:1088300006460022AFF2E811F9A0FFF768FD002517
:108840002C46FBA1E54810F061F8002834D000F177
:108850000B0300206F46195C3A2902D0052D0DD07C
:108860000EE0022C06D19DF801109DF8002001EBCE
:10887000021171556D1CEDB200240FE0222911D0B8
:10888000A1F13002092A01D83A5505E0A1F16102AF
:10889000052A03D857393955641CE4B2401CC0B2CC
:1088A0002828D8D3022C06D19DF801009DF800108D
:1088B00000EB011070550120BDE8FC8110B592B0AD
:1088C000817844790379C2788DE81E004378027874
:1088D000DBA104A811F01AFB4FF47A730022AFF267
:1088E000902104A8FFF713FD12B010BD38B54FF466
:1088F000FA730022AFF2A821DBA0FFF708FD0024E5
:10890000DDA1B64810F002F818B10021DD4D0C30A1
:1089100007E0DDA1B1480FF0F9FF002800D00220E8
:1089200038BD425C222A2ED02B19641C491CC9B2C6
:108930009A72E4B23C29F4D33C292AD00028EFD023
:1089400000211530425C2C2A20D0491CC9B20529CF
:10895000F8D305291DD000210A466C46835C5BB123
:108960002D2B18D0303B092B02D86354491CC9B2B7
:10897000521CD2B2052AF1D301290ED002290FD000
:10898000032916D023E00844401CD5E70844401CC6
:10899000DFE7002038BD0021EAE79DF8000015E080
:1089A0009DF800009DF8011000EB800001EB4000F5
:1089B0000CE09DF80010642041439DF8010000EB9D
:1089C000800001EB40009DF802100844287201204D
:1089D00038BD2DE9FE4316464FF4FA790F4680461E
:1089E0004B460022AFF29831A9A0FFF790FC00257A
:1089F0002C46AAA179480FF089FF002872D00021E7
:108A0000C01D33E0425C2E2A02D0032D25D026E083
:108A1000012C04D0022C05D0032C0CD019E09DF8B9
:108A2000002015E09DF800209DF8013002EB820245
:108A300003EB42020CE09DF80030642253439DF8A2
:108A4000012002EB820203EB42029DF802301A443D
:108A50007A556D1CEDB2002406E0222A08D0303A87
:108A60000DF80420641CE4B2491CC9B2B142C9D358
:108A7000012C04D0022C05D0032C0CD019E09DF859
:108A8000000015E09DF800009DF8011000EB80004B
:108A900001EB40000CE09DF80010642041439DF87C
:108AA000010000EB800001EB40009DF8021008443B
:108AB00078554B460022AFF2684159A0FFF727FCDA
:108AC00000252C465AA145480FF020FF002839D038
:108AD000002201AF0B3026E0815C3A2903D0052D3E
:108AE0000FD010E02EE0022C07D19DF805109DF864
:108AF000043001EB031108F805106D1CEDB20024E1
:108B00000FE0222911D0A1F13003092B01D83B55E8
:108B100005E0A1F16103052B03D857393955641CD1
:108B2000E4B2521CD2B2B242D6D3022C07D19DF885
:108B300005009DF8041000EB011008F80500FFF790
:108B4000D5FE0120BDE8FE832DE9FF4780464FF4A6
:108B50007A730022AFF2085152A0FFF7D8FB00262B
:108B60008DF802608DF801603446B1468DF80060E2
:108B700050A11A480FF0CAFE00281FD0002101ABF7
:108B80006D46401D425C2E2A19D0032E01D3222AA5
:108B900009D0022C14D8303A2A55641CE4B2491C7E
:108BA000C9B22829EED3DFF814A1282909D0012C55
:108BB00008D0022C07D0032C06D0C6E074E17FE079
:108BC0003BE1A2E0A7E0A9E0B1E000002B4349505F
:108BD0005354415455533A302C000000E8430020D0
:108BE0002B4349505354415455533A312C00000003
:108BF0002B4349505354415455533A322C000000F2
:108C00002B4349505354415455533A332C000000E0
:108C10002B4349505354415455533A342C000000CF
:108C200041542B4349505354414D41433F000000B0
:108C30002B4349505354414D41433A220000000018
:108C400041542B4349505354414D41435F444546A1
:108C50003D2225783A25783A25783A25783A2578BC
:108C60003A2578220000000041542B43574A4150D6
:108C70005F4355523F0000002B43574A41505F432A
:108C800055523A00909E03606275737900000000AF
:108C900041542B434946535200000000535441496C
:108CA000502C220041542B4349505354415F4355AB
:108CB000523F00003A69703A22000000A8020260A8
:108CC000012C04D0022C05D0032C0CD019E09DF807
:108CD000002015E09DF800209DF8014002EB820283
:108CE00004EB42020CE09DF80040642254439DF8DE
:108CF000012002EB820204EB42029DF80240224472
:108D00009A55761CF6B2002449E7BAF83010491C8F
:108D1000AAF8301020E19DF8000015E09DF8000051
:108D20009DF8011000EB800001EB40000CE09DF885
:108D30000010642041439DF8010000EB800001EB2E
:108D400040009DF8021008449855F94EB8F1000F04
:108D50001BD09DF8041096F86A00814211D19DF84D
:108D6000050096F86B1088420BD19DF8060096F826
:108D70006C10884205D19DF8070096F86D10884266
:108D800006D00198C6F86A0022E10198C6F86A0088
:108D90008DF8029000278DF801903C468DF80090E8
:108DA000E4A1E7480FF0B2FD00287DD0002102AB1E
:108DB0000A30425C2E2A16D0032F01D3222A09D072
:108DC000022C3AD8303A2A55641CE4B2491CC9B284
:108DD0002829EED328292BD0012C2FD0022C30D0DB
:108DE000032C37D044E0012C04D0022C05D0032CF6
:108DF0000CD019E09DF8002015E09DF800209DF8AA
:108E0000014002EB820204EB42020CE09DF80040BC
:108E1000642254439DF8012002EB820204EB4202DB
:108E20009DF802402244DA557F1CFFB20024CDE7B2
:108E3000BAF83210491CAAF832108DE09DF80000F3
:108E400015E09DF800009DF8011000EB800001EB9B
:108E500040000CE09DF80010642041439DF80100A3
:108E600000EB800001EB40009DF802100844D8554B
:108E7000B8F1000F1DD09DF8080096F872108842D6
:108E800011D19DF8090096F8731088420BD19DF816
:108E90000A0096F87410884205D19DF80B0096F8E8
:108EA0007510884208D000E057E00298C6F87200BA
:108EB0008EE00298C6F872008DF8029000278DF8B7
:108EC00001903C468DF800909EA19D480FF01EFD3C
:108ED000002842D0002103AB0A30425C2E2A16D073
:108EE000032F01D3222A09D0022C35D8303A2A5533
:108EF000641CE4B2491CC9B22829EED328292BD01E
:108F0000012C2DD0022C2ED0032C35D042E0012C88
:108F100004D0022C05D0032C0CD019E09DF80020C1
:108F200015E09DF800209DF8014002EB820204EB61
:108F300042020CE09DF80040642254439DF8012059
:108F400002EB820204EB42029DF802402244DA5511
:108F50007F1CFFB20024CDE7002004B0BDE8F087FD
:108F60009DF8000015E09DF800009DF8011000EB51
:108F7000800001EB40000CE09DF8001064204143AC
:108F80009DF8010000EB800001EB40019DF802001C
:108F90000844D855B8F1000F1CD09DF80C0096F885
:108FA0006E10884211D19DF80D0096F86F1088421E
:108FB0000BD19DF80E0096F87010884205D19DF8EF
:108FC0000F0096F87110884207D00398C6F86E001B
:108FD0000220C2E70398C6F86E000120BDE710B575
:108FE0004FF4FA7423460022AFF69C1158A0FFF705
:108FF0008EF9002808D0234659A2AFF6AC11BDE87F
:10900000104058A0FFF783B910BD10B54FF47A7027
:10901000E4F713FD56A15748FFF7AFF8BDE810403D
:109020004FF4FA70E4F709BDF0B50E46002440F2A3
:109030002621ADF5177D1F4615468A4221D850B12D
:109040003246AFF6FC014B48FFF797F80220E4F7F1
:10905000F4FC01242DE0052F06D213463A4646A122
:10906000684610F053FF03E048A1684610F04EFF39
:1090700068460FF05DFC0104090C02D0B1F5077FD2
:1090800003D900200DF5177DF0BD6846FEF7DCFF23
:109090000220E4F7D2FC29463046FEF7D5FF012036
:1090A000E4F7CBFC2648B0F800146FF30E01A0F8EB
:1090B00000142046E6E72DE9F041214D0746002641
:1090C000B5F800046FF30E00A5F8000495F801044C
:1090D00020F0800085F8010440F2024128460FF09C
:1090E0000AFC002404E00A20E4F7A7FCDFF749FEAD
:1090F00095F80104000604D42046641CA4B2642838
:10910000F1D3B5F800140020C1F30E0168540FB17B
:109110000B4E09E021A10A480FF0F8FB20B11FA176
:1091200007480FF0F3FB06463046BDE8F08100002B
:10913000909E03603A676174657761793A22000016
:10914000E84300203A6E65746D61736B3A2200004B
:1091500041542B4349504D4F44453D3100000000E0
:109160003E00000041542B43495053454E440000FB
:109170002B2B2B00004C004041542B4349505345AE
:109180004E443D25642C25640D0A000041542B43B8
:10919000495053454E443D25640D0A002B49504427
:1091A000000000004D49C0EBC00010B501EB4001CC
:1091B0000E224B480FF086FB4948D0F80500BDE869
:1091C00010400047704710B50020E3F7DCFF43492B
:1091D0001839486101200870BDE810400020E1E71F
:1091E000704708B53226FFF7EEFF6420E4F725FC50
:1091F0003A4C3B4D4FF0FF37183C39466069E4F775
:1092000089F8012838D137480023142269460068BC
:10921000E3F7F3FF01280CD1D5F80110BDF80000E9
:109220008847687B10B1E3F7D1FAE060D5F8090010
:109230008047207801281CD1A078401CC0B2A070C3
:109240000A2804D3D5F8090080470020A070687B65
:1092500078B1E3F7BBFA2061E168411A687B00EB63
:109260004002C2EBC010B1EBC00F02D30020FFF7E9
:1092700099FF6069E3F799FF3046E3F700F9BCE72F
:1092800016490020183948707047144910B518392C
:10929000C87801280FD10879134A10F0010F00F1A6
:1092A0000100C0B208714FF0000405D0C2F880413F
:1092B000322800D9CC7010BD0123C2F88031F7E705
:1092C0001CB506494FF4C0721039CDE900010023E6
:1092D00006A1AFF2F100E2F75CFF1CBD14220020F2
:1092E000EA47002034010060000021424D656E75A0
:1092F0005461736B0000000030B5C1EBC10404EB96
:1093000041110023FE4C1A460D19A918497DA1F1FF
:1093100020045F2C01D3012300E003B120218154FC
:10932000521CD2B2082AF0D30021017230BDF54A96
:1093300010B592F8FF3092F8FE20521ED2B2012BE7
:1093400003D013B1022B03D006E0402A02D303E07E
:10935000802A01D2012400E00024002C01D14FF02A
:10936000FF03037001D14FF000020A7010BD2DE918
:10937000FC410124E24D2146002001EB41031A1873
:10938000D2B2C2EBC20606EB42122A44527D32B17F
:10939000202A04D0FF2A02D0481CC4B203E0401C9B
:1093A000C0B20328EBD3491CC9B20829E4D3D64E76
:1093B000F079A04201D30020F07101F027F841F2CA
:1093C00006174FF6FF75CDE900578046CFA36E22F2
:1093D0008A210120F1F7C1F8CDE90057CBA39922EA
:1093E0008A210120F1F7B9F8CDE90057C7A3C422BB
:1093F0008A210120F1F7B1F84146C648FFF77CFF0A
:1094000008F10100C1B2C3480930FFF775FF08F148
:109410000200C1B2BF481230FFF76EFF83272B4610
:10942000BC4A722102200097F1F7B6F9B94A2B46DF
:1094300009329D2102200097F1F7AEF9B54A2B467B
:109440001232C82102200097F1F7A6F92146F079DF
:10945000F1F788FDF079BDE8FC41F1F7B5BDFEB547
:109460008320F0F7A9FEA84C0027611DE771E77083
:1094700027716771A771481EFFF759FFA54883261A
:109480004FF6FF7540F81B7FA3A347600781A771C4
:10949000CDE9005600220A210120F1F75EF8CDE95E
:1094A0000056A1A332220A210120F1F756F8CDE996
:1094B000005699A324220A210120F1F74EF8CDE9A4
:1094C000005695A341220A210120F1F746F82079A0
:1094D000012803D058B1022810D019E06079C0EB00
:1094E000C00101EB0010944901EB40000DE06079F0
:1094F0009249C0EB001000EB400005E06079C0EB42
:10950000C00101EB40107E490844153000F084FF93
:10951000ED21CDE9001541F20610002302901A4614
:109520002421F020F1F797F98649854864220860E4
:1095300069218620F1F77EFF642294218620F1F7CD
:1095400079FF6422BF218620F1F774FFFFF70FFF38
:109550007D4C0021C1EBC10202EB0112002004EBA3
:10956000C203C0EBC00202EB00129D5CFF2D00D1D4
:109570009F54401CC0B20828F3D3491CC9B2042927
:10958000E8D3FEBD70B50546144608460FF018FE38
:10959000B5B1012D18D0022D1AD0032D1CD0042DE9
:1095A0001ED0052D20D0062D02460B4620D067A1E7
:1095B000204610F0ABFC0020215C20291ED119E0D0
:1095C0000B46024662A1F3E70B46024662A1EFE7B3
:1095D0000B46024662A1EBE70B46024662A1E7E7B3
:1095E0000B46024662A1E3E70B46024662A1DFE7B3
:1095F00063A1DDE7401CC0B20928DDD3C0F1090139
:10960000CAB2A0EB5001CBB2002105E045185E18AC
:10961000655D491CA555C9B29142F7D39818C0B2EF
:10962000202102E02154401CC0B20928FAD370BDA9
:109630002DE9F04786B000F0E9FE0746014603A891
:10964000FFF75AFE082203A932480FF082F9314E83
:1096500083244FF6FF7568B10398306004987060FA
:109660009DF8140030722B4632467221022000947D
:10967000F1F792F807F1010909F0FF0103A8FFF7DC
:109680003BFE2448082203A909300FF062F980B19B
:109690000398C6F809000498C6F80D009DF8140058
:1096A00070741C4A2B4609329D2102200094F1F768
:1096B00073F807F1020808F0FF0103A8FFF71CFE8A
:1096C0001448082203A912300FF043F978B1039827
:1096D00046F8120F049870609DF8140030720D4A1D
:1096E0002B461232C82102200094F1F755F8394672
:1096F0000120F1F748F909F0FF01022044E00000E1
:10970000B21D02606E0D0260682200202020202021
:1097100000000000F84700202020202020202020EA
:109720002020202020200000202020202020202079
:109730002020202000000000365300202CC30460AD
:10974000BC000060B80000600C3D026025660000AF
:1097500025392E306600000025392E3166000000C4
:1097600025392E326600000025392E3366000000B0
:1097700025392E346600000025392E35660000009C
:1097800025392E3666000000F1F7FDF808F0FF01DC
:109790000320F1F7F8F8F94890F85B0030B14FF486
:1097A0008976012807D0022811D02DE0F1F75CFC62
:1097B000F1F7A0FB28E041F20610AFF29403CDE9E7
:1097C0000050ED2200210120F0F7C7FE01E0F1F783
:1097D0004BFCCDE90064062300222D214820029491
:1097E000F1F739F8CDE90064542300222D214820F7
:1097F0000294F1F730F8CDE90064A22300222D2174
:1098000048200294F1F727F8694601A8FFF78FFD79
:10981000DB499DF804004FF0010A0A79824204D125
:109820004A799DF800309A4205D008719DF80000F1
:10983000487181F806A091F804904E79887988469D
:10984000002728B388F80670AFF23413CDE900542E
:1098500000220A210120F0F780FEAFF23413CDE997
:10986000005432220A210120F0F777FEAFF258139C
:10987000CDE9005424220A210120F0F76EFEAFF258
:109880006813CDE9005441220A210120F0F765FE5A
:1098900064224FF47A71B9F1010F06D0B9F1000FCB
:1098A00070D0B9F1020F6ED076E0C6EBC600B54BB2
:1098B00000EB061003EB400696F82800012821D0A3
:1098C00088F803A098F80500C0EBC00101EB001078
:1098D00003EB4000153000F09FFDCDE90054AA4B8A
:1098E00000221E210120F0F7E7FE96F8260000284E
:1098F00096F82D007ED0012833D002287BD0032893
:1099000025D026E088F8037096F82D00042804D0AE
:10991000032809D01B280ED012E0D6F81E0090FBB9
:10992000F2F001B20122BDE0D6F81E0090FBF2F089
:1099300001B20022B6E0D6F81E0090FBF2F0C7E0BC
:10994000D6F81E00642290FBF1F001B2AAE08FA3CA
:1099500008E004287ED005287DD00A287CD00B287A
:109960007BD0BAE0322211E0022877D0032876D0EB
:10997000042875D0052874D00A2873D00B2803D08A
:1099800084A3EFE70FE043E083A30022CDE9005476
:109990000A210120F0F7E1FD98F80200464605286B
:1099A0007ED93770BCE0C6EB06107C4900EB400066
:1099B000461896F82300012824D088F803A098F8C8
:1099C0000500C0EB001000EB40000844153000F02B
:1099D00023FDCDE900546C4B00221E210120F0F73D
:1099E0006BFE96F82500002896F928000DD0012876
:1099F00073D001E009E06FE0022870D00328A8D1FD
:109A000067A3AFE788F80370C6E70128B8D0ABE7D3
:109A1000C6EBC600644B00EB4610C61896F8230050
:109A2000012824D088F803A098F80500C0EBC001F5
:109A300001EB40101844153000F0EEFCCDE9005465
:109A4000514B00221E210120F0F736FE96F824002B
:109A5000002808E045E046E047E048E049E04AE009
:109A60004BE04CE04DE096F82600C0D1CDE788F8F9
:109A7000037096F8260002283FF44FAF01283FF408
:109A800053AF052812D0042817D017281CD0182847
:109A90007FF442AFD6F81E0090FBF1F001B200E077
:109AA00031E002220020F1F78CFE75E7D6F81E00A7
:109AB000052290FBF1F001B2F4E7D6F81E00042273
:109AC00090FBF1F001B2EDE7D6F81E0090FBF1F04B
:109AD00001B20622E6E700E001E034A342E734A346
:109AE00040E735A33EE736A33CE737A33AE737A381
:109AF00038E738A336E739A334E73AA332E73CA383
:109B000030E73DA32EE7401CB070307842F20B28BE
:109B1000012809D0022814D0032874D0042870D05A
:109B2000F07801286ED0BAE0F078012806D1CDE9AE
:109B30000054154B00221E21F0F7BEFDCDF8008029
:109B4000AEE0F078012806D1CDE900540E4B00229A
:109B50001E21F0F7B1FD0C4A2B461B3A7221022060
:109B60000094F0F719FECDF80080074A2B46123A10
:109B70009D210220F0F710FE009460E0A43A00203E
:109B800068220020365300201348002053545241CD
:109B9000540000004F4646004C4F57002CC3046051
:109BA0005354415254000000B21D02604F4E000059
:109BB0004F50454E00000000454E41424C45440088
:109BC000414C41524D0000004F4343004849474833
:109BD00000000000434C4F534544000053544F5085
:109BE0000000000044495341424C4544000000003D
:109BF0004E4F524D414C0000554E4F434300000024
:109C000001E043E055E0F078012806D1CDE90054A9
:109C1000F74B00221E21F0F74FFDF54A2B461B3A69
:109C2000722102200094F0F7B7FDF14A2B46123A58
:109C30009D2102200094F0F7AFFDCDF80080EC4AA2
:109C40002B46093AC8210220F0F7A6FDE949887899
:109C5000022837D005284CD006284AD0E64A0023EF
:109C60000097CDE901541A210846F0F7AAFDDFF864
:109C70008C934FF01C0899F8000080B3307A10F0F4
:109C8000010F00F10100307237D041E0F078012877
:109C900005D1CDE900580022D54B1E210FE00094DC
:109CA000D34A2B461B3A72210220F0F775FD00942F
:109CB0005BE7CDE90054CE4B00221E210120F0F7D6
:109CC000FBFCECE7087A462803D20023CC4A009735
:109CD000C7E7502804D20023CA4A0097C1E73CE0F6
:109CE0005A284FF00003009701D2C74AB9E7C74A84
:109CF000B7E70023C64A0097B3E7CDF80080CDE967
:109D000001540023C34A1A210D20F0F75AFD09E03F
:109D1000CDF80080CDE9015400231A461A210D2008
:109D2000F0F799FDDFF8F0A29AF8000078B3307AE6
:109D3000C00700D07772707A10F0010F00F10100B7
:109D400070720CD0CDF80080CDE901540D23B34AD8
:109D50001A211846F0F735FD0BE03772D8E7CDF839
:109D60000080CDE901540D2300221A211846F0F796
:109D700072FD99F8001009B189F800709AF8001086
:109D8000002901D08AF8007006B0BDE8F087FFE72F
:109D90007772E4E70246C2EBC20303EB0212A04B68
:109DA0000020014603EBC202C1EBC10303EB011328
:109DB000D35C002B05D0401C491CC9B2C0B2082995
:109DC000F2D370472DE9F05F8046002500F01EFBBE
:109DD0000446DFF850E2DFF850B20023DFF840C25B
:109DE000924A9348DFF84C92934901264FF47A77D0
:109DF000B8F1080F73D014DCB8F1000F70D0B8F1CF
:109E0000010F6ED0B8F1020F1DD0B8F1040F67D169
:109E10009A468B700B78A3F10108B8F1020F7DD937
:109E2000CFE0B8F1090F7AD0B8F5817F78D0B8F5D6
:109E3000827F55D19A468B700B78A3F10108B8F157
:109E4000020F6ED9BDE08B7091F80080C246A8F178
:109E50000108B8F1020F65D804EB0A02C2EBC20890
:109E600008EB4212024412F8018CA8F16508B8F11F
:109E7000020F7DD808F0FF00FFF78CFFDFF8B8E194
:109E8000804600209EF80010E1462144C1EBC1024B
:109E900002EB4112664911441AE011F8013C51F8F5
:109EA000092CC3EBC30C0CEB031C09EBCC03C0EB7C
:109EB000C00C92FBF7F20CEB001C6344A3F5A0432B
:109EC000B3F87D379A4201D1054603E0401CC0B289
:109ED0004045E2D3CA46DFF85891F0465AE07AE2AC
:109EE0006BE287E298F800002044C0EBC00101EB70
:109EF000401101EB090010F8010CC0EBC00101EBAF
:109F000000110AEBC100C5EBC50101EB0517384490
:109F1000A0F591400EF00CFD58B304E04FE170E263
:109F2000ADE0C3E14DE098F800002044C0EBC00173
:109F300001EB401101EB090010F8010CC0EBC0016E
:109F400001EB00110AEBC1003844A0F5A04090F8E5
:109F50008007FF281CD098F800002044C0EBC00107
:109F600001EB4011494411F8010CC0EBC00201E0C3
:109F700013E00DE002EB00120AEBC200C5EBC502D4
:109F800002EB05121044A0F5A040B0F8940777E169
:109F90006D1CEDB2072DA5D30BE212F8040C0028BE
:109FA0007ED052F8090C704508DA00F57A70FDE0B1
:109FB00002F8036CFDE102F8033CFAE142F8093CC7
:109FC000F7E18E710B79012B03D0022B37D0ABB3A5
:109FD000EFE14879C0EBC00101EB001002EB40005B
:109FE00090F82610002976D0002180F82610E0E1B4
:109FF00013480020909E0360EC34050809210020DE
:10A00000841A0508CC1F0508142505085C2A0508D4
:10A01000A42F05083C15050808210020E0170508B5
:10A020000C3D0260583E0F005E190360365300205D
:10A03000B21D02602CC30460682200200DE0497943
:10A04000C1EBC10202EB4111084490F82410002931
:10A050007DD0002180F82410ABE14879C0EB0011DD
:10A0600001EB41024A4492F82510002970D00021EA
:10A0700082F8251001B13946EEF783FD99E18B7026
:10A0800091F80080C246A8F10108B8F1020F98D8F3
:10A0900004EB0A02C2EBC20808EB4212024400E0E1
:10A0A00087E012F8018CA8F16508B8F1020F72D8A8
:10A0B00008F0FF00FFF76EFEDFF878E3804600202F
:10A0C0009EF80010E1462144C1EBC10202EB4112AF
:10A0D000D94911441BE078E111F8013C51F8092CF1
:10A0E000C3EBC30C0CEB031C09EBCC03C0EBC00CA3
:10A0F00092FBF7F20CEB001C6344A3F5A043B3F80A
:10A100007D379A4201D1054603E0401CC0B240456C
:10A11000E2D3CA46DFF82093F04638E098F8000012
:10A120002044C0EBC00101EB401101EB090010F825
:10A13000010CC0EBC00101EB00110AEBC100C5EB43
:10A14000C50101EB05173844A0F5914001E03EE15F
:10A150003FE10EF0EDFBC0B198F800002044C0EBE9
:10A16000C00101EB401101EB090010F8010CC0EB3C
:10A17000C00101EB00110AEBC1003844A0F5A0407A
:10A1800090F88007FF287FF4E6AE6D1CEDB2072D36
:10A19000C4D30EE1FFE712F8040C50B152F8090CD9
:10A1A0007045BFF60BAF42F21071084442F8090C3B
:10A1B000FFE012F8030C00287FF4FDAEF8E6E21889
:10A1C000C2EBC20303EB4212024412F8013C653BAE
:10A1D000022B60D88246D8B2FFF7DCFDDFF854E2EC
:10A1E000804600209EF80010E1462144C1EBC102E8
:10A1F00002EB411202EB0A011AE011F8013C51F89E
:10A20000092CC3EBC30C0CEB031C09EBCC03C0EB18
:10A21000C00C92FBF7F20CEB001C6344A3F5A043C7
:10A22000B3F87D379A4201D1054603E0401CC0B225
:10A230004045E2D3D04677462AE038782044C0EB48
:10A24000C00101EB401101EB080010F8010CC0EB5C
:10A25000C00101EB001109EBC100C5EBC50101EB29
:10A2600005110844A0F59040AE380EF061FB68B1CE
:10A2700038782044C0EBC00101EB4011414478E044
:10A280004FF47A72504341F8090C92E06D1EEDB222
:10A29000002DD2D18DE012F8040CE8B352F8090D6C
:10A2A000A0F57A7084E002F803AC82E0E218C2EB19
:10A2B000C20303EB4212024412F8013C653B022B3D
:10A2C0006ED88246D8B2FFF765FDDFF868E18046B8
:10A2D00000209EF80010E1462144C1EBC10202EBD0
:10A2E000411202EB0A011CE011F8013C51F8092C63
:10A2F000C3EBC30C0CEB031C09EBCC03C0EBC00C91
:10A3000092FBF7F20CEB001C6344A3F5A043B3F8F7
:10A310007D379A4203D100E051E0054603E0401C3E
:10A32000C0B24045E0D35746F04636E098F800000A
:10A330002044C0EBC00101EB4010384410F8010C80
:10A34000C0EBC00101EB001109EBC100C5EBC50179
:10A3500001EB05110844A0F59040AE380EF0E8FA84
:10A36000C8B198F800002044C0EBC00101EB4010D8
:10A37000C11911F8010CC0EBC00202EB001209EB8D
:10A38000C200C5EBC50202EB05121044A0F5A040C7
:10A39000B0F8660774E76D1EEDB2002DC6D108E077
:10A3A00012F8040C58B152F8090DA0F51C501038E1
:10A3B000106022488BF802600670BDE8F09F12F82A
:10A3C000030C00287FF46FAFF2E501210DE60121B7
:10A3D00040E601214CE6C8780128087804D003281B
:10A3E00004D2401C087002E00428FAD30E704E70AC
:10A3F0008B70E2E7C879401CC871BDE8F05FFEF7DA
:10A40000B6BFBDE8F05F0120FEF7CCBE0948C079B9
:10A4100000EB4000C0B270470949026841F81B2FA9
:10A4200042684A60007A0872054900201B31487270
:10A430007047000068220020B21D02608E210020BB
:10A44000F847002070B585488549864C007801257D
:10A4500038B1012808D00022022809D003280FD0E3
:10A460000FE091F8C50001E091F82C00A08008E011
:10A4700091F82600092803D0012801D0A58000E02A
:10A48000A280F0F764FEFCF754FAA57070BD10B519
:10A49000744C86B06078401C00F001006070C0070A
:10A4A00004D00020F0F773F806B010BD6B480178B7
:10A4B0006C488088E9B183224FF6FF7301291ED0D2
:10A4C000022929D00329EFD1072801D90720A0802C
:10A4D000A0886549C0EBC0000844016802918188EA
:10A4E000ADF80C108079CDE900328DF80E0002AB8A
:10A4F00018E001B220220020F0F749FED4E7052839
:10A5000001D2052002E0092801D90920A080A088F5
:10A510005649C0EBC000DFE7CDE9003208B154A3D3
:10A5200000E055A3C22200210120F0F716F8BBE796
:10A530002DE9F0414B4B4A4D514C9A88D1B248B16C
:10A540000126012818D002282ED0032800D1197026
:10A55000BDE8F08121710620FCF7FBFC4949207918
:10A56000087085F8F20085F8C50060790028EFD101
:10A57000BDE8F04108F026BA434F0920397085F84C
:10A580002C10FCF7E6FC3978ED20FCF7E2FC3F48A4
:10A59000067094F82800022801D00028D8D1BDE820
:10A5A000F0410020F4F757B97AB10220988084F87E
:10A5B000280085F826000020F4F74DF994F82800CB
:10A5C000012807D0092805D007E09E8084F828607C
:10A5D00085F82660002009F02FFBF2F74EF994F879
:10A5E00028101D20FCF7B5FC0021E920FCF7B1FC88
:10A5F00027490020087027490880A9E770B5C4B230
:10A600001648254A174B0078092C00EB400102EB55
:10A61000C102998812D2DFE804F0111405110B1160
:10A6200011111200B2F91400884207DD491C04E040
:10A63000B2F91600884201DA491E998070BD0120E6
:10A6400007E0022803D8FFF773FF002001E019702C
:10A650000320BDE87040FEF7A5BD00009F0100602B
:10A660006E0D0260000200602A3D0508D63C050818
:10A670004D4F4442555300004241434E4554000063
:10A68000A43A00209B000060132100200721002035
:10A69000972100208C010060763C050810B54149E7
:10A6A00000200870F0F753FDBDE81040FCF741B9F9
:10A6B0003D4928B1012805D0022807D00020704765
:10A6C00008797047394890F82C00704748797047EE
:10A6D00030B5344885B0007878B1832433494FF6DB
:10A6E000FF75012812D002282FD003280CD1304842
:10A6F00030490078C0EBC00017E0FFF7D9FF01B286
:10A7000020220020F0F743FD05B030BD91F82C2049
:10A71000501F072813D2DFE800F0040404040412D9
:10A7200004002449C2EBC200543908440168029174
:10A730008188ADF80C1080798DF80E0003E01EA121
:10A7400002A80FF0E3FB02AB06E091F82600012817
:10A750000AD0092808D01AA3CDE90054C22200214A
:10A760000120EFF7FAFECFE717A3F5E7B0E70D49B1
:10A77000C2B2092A087814D2DFE802F013100513D8
:10A78000091313130E00032804D2401C01E008B182
:10A79000401E0870FCF7CDB8002000E00220FEF754
:10A7A00001BD70479F010060A43A00206E0D026059
:10A7B000000200602A3D050876616C2025640000D7
:10A7C0004D4F4442555300004241434E4554000012
:10A7D0007FB58320EFF7F0FCF74E83244FF6FF752B
:10A7E000F07830700020707053208DF808004320FE
:10A7F0008DF8090048208DF80A00F04802AB0022CD
:10A800000078CDE9005431308DF80B0020208DF810
:10A810000C0050210120EFF74FFF307880B1012864
:10A8200010D0022810D0032810D0042810D00528FA
:10A8300010D0062810D0072810D0082810D017E014
:10A84000DFA30EE0DFA30CE0DFA30AE0DFA308E054
:10A85000DFA306E0DFA304E0DFA302E0DFA300E064
:10A86000DFA3CDE90054182250210120EFF724FF87
:10A87000CDE90054DBA3302200210120EFF71CFFBB
:10A8800042F20B26CDE90056D7A348220021012031
:10A89000EFF712FFCDE90054D2A36022002101207E
:10A8A000EFF70AFFCDE90056CFA37822002101205F
:10A8B000EFF702FFCDE90054CAA390220021012046
:10A8C000EFF7FAFECDE90056C7A3A8220021012028
:10A8D000EFF7F2FECDE90054C2A3C022002101200F
:10A8E000EFF7EAFECDE90056BFA3D82200210120F0
:10A8F000EFF7E2FE7FBD2DE9FF5FBC49AE4D4FF0A3
:10A90000830608784FF6FF7700F00100401C0870BE
:10A91000C00701D0B6A323E0287880B1012810D069
:10A92000022810D0032810D0042810D0052810D0F9
:10A93000062810D0072810D0082810D017E0A0A3B0
:10A940000EE0A0A30CE0A0A30AE0A0A308E0A0A34F
:10A9500006E0A0A304E0A0A302E0A0A300E0A0A35F
:10A96000CDE90076182250210120EFF7A5FEDFF88F
:10A9700048A20024A9460AF1040A4FF00A0830252B
:10A980000AF1200B8D48007800EBC0019C4800EBD9
:10A99000011199F8000001EB001111F8140001EB0E
:10A9A000440149780A2902D28DF808500BE00C299D
:10A9B0000DD84246B1FBF2F330338DF80830B1FBCD
:10A9C000F8F308FB131130318DF8091003E08DF80E
:10A9D00008508DF809503A218DF80A100A2802D241
:10A9E0008DF80B500BE03B280DD84146B0FBF1F23F
:10A9F00030328DF80B20B0FBF8F208FB120030303B
:10AA00008DF80C0003E08DF80B508DF80C500020F1
:10AA10008DF80D00CDE900760AEB840002AB428888
:10AA20000BEB840001880120EFF746FE641CE4B2C2
:10AA3000082CA7D3BDE8FF9F70B55F4CC1B20025BD
:10AA4000207809290BD2DFE801F00A17050A0B0A62
:10AA50000A0A1100082801D2401C05E0257070BDCB
:10AA600008B1401E00E00820207070BD8320EFF781
:10AA7000A3FBE570022002E0E07065700420BDE8F1
:10AA80007040FEF78FBB1CB54B4883214FF6FF7219
:10AA9000007888B1012811D0022818D0032818D0D6
:10AAA000042818D0052818D0062818D0072818D050
:10AAB00008280BD14AA302E041A300E041A3CDE95D
:10AAC0000021182250210120EFF7F6FD1CBD3EA306
:10AAD000F5E73EA3F3E73EA3F1E73EA3EFE73EA38E
:10AAE000EDE73EA3EBE72DE9FF5F4049DFF8C8E063
:10AAF000DFF8C4A008784FF03A0700F00100401CCE
:10AB00000870C2072D483E494FF0000C4FF08308F3
:10AB10004FF6FF790EF1040E4FF00A064FF03005A4
:10AB200014D000789AF8012000EBC00001EB00106F
:10AB30009AF8001000EB011322F00100195C184490
:10AB400040780A287ED28DF808508FE01A4F0024F2
:10AB5000C346F04624371948007800EBC001284866
:10AB600000EB01109AF8001000EB011111F814002D
:10AB700001EB440149780A2902D28DF808500AE015
:10AB800017290CD8B1FBF6F230328DF80820B1FB52
:10AB9000F6F206FB121130318DF8091003E08DF842
:10ABA00008508DF809503A218DF80A100A2829D248
:10ABB0008DF80B5031E0000072220020000200608E
:10ABC0004D6F6E00547573005765640054757200C4
:10ABD000467269005361740053756E004578310008
:10ABE000457832004F4E00004F464600010200609B
:10ABF00020202020202020202020202020000000B5
:10AC0000BC8502603B280CD8B0FBF6F130318DF8E2
:10AC10000B10B0FBF6F106FB110030308DF80C0084
:10AC200003E08DF80B508DF80C5000208DF80D00CE
:10AC3000CDE9009B08EB840002AB428807EB84005F
:10AC4000018800E007E00120EFF736FD641CE4B264
:10AC5000082C80D3EEE617280CD8B0FBF6F330337F
:10AC60008DF80830B0FBF6F306FB130030308DF89A
:10AC7000090003E08DF808508DF809508DF80A702E
:10AC80000A2905D230318DF80B508DF80C1012E0E6
:10AC90003B290CD8B1FBF6F030308DF80B00B1FB3E
:10ACA000F6F006FB101030308DF80C0003E08DF844
:10ACB0000B508DF80C508DF80DC0D1074FF02000CF
:10ACC00012D08DF80B008DF80C005008CDE90098DB
:10ACD0000EEB800102AB4A88BB4901EB8000018882
:10ACE0000120EFF7E9FCA5E68DF808008DF80900D2
:10ACF000EBE7C0B209280BD2DFE800F00A07070A29
:10AD0000070A0A0A0500032000E00520FEF74ABAF8
:10AD10007047AE4810B5AC4A0078AD4B243A00EB12
:10AD2000C00003EB0013104651780078CC0703EB0A
:10AD3000001021F0010102D0405C907010BD084469
:10AD40004078FAE72DE9FF5FA249DFF87C92DFF84F
:10AD500078E20878A9F1200900F00100401C087091
:10AD6000C2079A489A494FF03A074FF0000C4FF04B
:10AD700083084FF6FF7B4FF00A064FF03005A9F12C
:10AD8000040A14D000789AF8012000EBC00001EB0F
:10AD900000109AF8001000EB011322F00100195C7A
:10ADA000184440780A286DD28DF8085075E00024C8
:10ADB000774686489AF801200078D30700EBC00157
:10ADC000834800EB01109AF8001000EB011010F816
:10ADD000141000EB4400407809D0B4EB520F01D1BD
:10ADE0009AF802100A2808D28DF8085010E0B4EB47
:10ADF000520FF7D19AF80200F4E717280CD8B0FBED
:10AE0000F6F230328DF80820B0FBF6F206FB1200A5
:10AE100030308DF8090003E08DF808508DF80950A6
:10AE20003A208DF80A000A2905D230318DF80B50EE
:10AE30008DF80C1012E03B290CD8B1FBF6F0303045
:10AE40008DF80B00B1FBF6F006FB101030308DF8DA
:10AE50000C0003E08DF80B508DF80C5000208DF89D
:10AE60000D00CDE900B809EB840002AB428807EB86
:10AE7000840001880120EFF71FFC641CE4B2082C59
:10AE800097D3D7E517280CD8B0FBF6F330338DF8FD
:10AE90000830B0FBF6F306FB130030308DF80900E4
:10AEA00003E08DF808508DF809508DF80A700A29D2
:10AEB00005D230318DF80B508DF80C1012E03B2983
:10AEC0000CD8B1FBF6F030308DF80B00B1FBF6F08A
:10AED00006FB101030308DF80C0003E08DF80B509D
:10AEE0008DF80C508DF80DC0D1074FF0200011D017
:10AEF0008DF80B008DF80C005008CDE900B809EB77
:10AF000080010EEB80004A88018802AB0120EFF738
:10AF1000D3FB8FE58DF808008DF80900ECE72A4A8D
:10AF200030B4C0B20023243A092812D2DFE800F07E
:10AF3000112505111311111121005078C0079078C7
:10AF400002D03B2804D201E0172801D2401C0CE0BB
:10AF5000937030BC70475078C007907802D030B101
:10AF6000401E02E00028FBD117209070F1E73B2043
:10AF7000FBE730BC0420FEF715B91449144C507897
:10AF80000978C50701EBC10104EB01140E4920F05B
:10AF90000105A1F12401097804EB0111947805D091
:10AFA0004C550F2805D2401C507003E029444C70CA
:10AFB000F7E75370084901200870084908740848E9
:10AFC000006830BCE1F762BB9622002000020060FE
:10AFD000BC850260010200608E2100205E190360C2
:10AFE0000422002010B5FF4C01202070E0F7E8FAA1
:10AFF00008B12A2812D1FC48007808B1022020703C
:10B00000FA49002001F0FAF820710020A070FF2119
:10B01000F74A61702178A2F85210E07010BDF5482F
:10B0200090F8230001280FD005280DD002280BD05E
:10B03000062809D0042807D0072805D00C2803D0FB
:10B04000032801D0082804D1E6480078012800D15F
:10B05000C8E770472DE9F04F85B00C46054630290A
:10B0600003D3012005B0BDE8F08F0A2601274FF079
:10B0700030084FF031094FF0410A4FF0440B182CC3
:10B080004FF01402DCA168463DD20DF01BFC07EB2B
:10B0900054000A280AD3B0FBF6F130318DF80710BE
:10B0A000B0FBF6F106FB1100303003E08DF80780AD
:10B0B00009EB54008DF80800E00721D08DF809B0A5
:10B0C0004FF47A70B5FBF0F130318DF80310B5FB19
:10B0D000F0F100FB11516420B1FBF0F130318DF83B
:10B0E0000410B5FBF0F100FB1150B0FBF6F030306E
:10B0F0008DF80500B5FBF6F006FB105030302BE064
:10B100008DF809A0DCE70DF0DDFBA4F1180000EBE1
:10B11000D07107EB61000A280ADB90FBF6F13031B1
:10B120008DF8071090FBF6F106FB1100303003E0BC
:10B130008DF8078009EB61008DF80800E0071ED04C
:10B140008DF809B054208DF8030049208DF80400D3
:10B150004D208DF805005F208DF8060004EBC4003B
:10B16000A94900EBC41001EB80001322694601F0ED
:10B1700053F800287FF476AF9A494C7072E78DF847
:10B1800009A0DFE72DE9F047964E824699463078D0
:10B1900015460C46022802D00120BDE8F087307920
:10B1A00008B10020F9E7DFF86482C821D8F8000070
:10B1B000E2F7B0F80028F0D0012D12D0012000EB0A
:10B1C0004400C5B27078A8420DD029465046FFF71A
:10B1D00041FF40B10024D8F80000E1F7E6FF204627
:10B1E000DBE76000EDE705EBC50000EBC511864825
:10B1F00000EB81044946204601F083FA0027B0B1F4
:10B2000029465046FFF726FF2046494601F079FAC5
:10B210000500B07800F10100B07000D1B770B078CF
:10B22000052803D9B7700520E5F746F9A5B96D4B98
:10B230004FF4C875B77020460C332A46744901F0A4
:10B240008DF82A46724973480DF03CFB72498945D6
:10B2500002D1204601F04CFA0124BCE72DE9FF4F52
:10B260008246604883B000260178DDF840801F46A2
:10B270003546B146022905D00120C3F80090C8F830
:10B28000000009E0BAF1180F06D2DDE9041291427C
:10B2900002D88346007910B1002007B0E3E65B488E
:10B2A000C8210068E2F736F80028F6D00AF1180045
:10B2B000C1B20020FFF7CEFE0446C7F800904FF45D
:10B2C00000715348C8F800900DF015FB3CB1002008
:10B2D00000904E480068E1F768FF0098DDE711989C
:10B2E000C409B4F5005F04DB48480068E1F75DFF7E
:10B2F000D2E70AEBCA0101EBCA10434901EB800017
:10B3000043F26031084401906102019801F0F9F9BB
:10B3100040B9344B4FF400720C333D49019801F0B1
:10B320001DF810B10020009058E011997F20A1F184
:10B33000010E00EBC41272454ED2D2B1344901EB7A
:10B3400080010968B9B3354BDFF8D4C00B446345BD
:10B3500022D300EBC410401E002801DD921E3A608B
:10B360000120841E06460546C8F80000CBF8089068
:10B3700034E056EA050002D0012D04D009E0484629
:10B38000C7F8009003E00AF10100C7F80090C8F880
:10B3900000004FF0FF34E9E7059B994205D225B93B
:10B3A00002F1010A0125CBF80890049B994200D2D2
:10B3B00016B1012E0AD00FE001263A60012D03D10B
:10B3C000AAEB0202C8F80020CBF80890012D03D1A7
:10B3D000A81E0446CBF80890401EAAD5641E93D53B
:10B3E00020E00000B82200201E2000200837046062
:10B3F000A8020260A43A0020303A2F20202020200A
:10B4000020202E62696E00003639046090000060D2
:10B41000F69F0460CC050160708E010080F6B6A531
:10B42000815E9216DBF8080000287FF452AF0120FD
:10B430000090019801F05CF94BE72DE9FF5F634F45
:10B44000934688463878022803D0012004B0BDE82E
:10B45000F09FBBF1010F0ED0012101EB4800C4B2F7
:10B4600004F118000026C1B23046FFF7F3FD28B101
:10B470000D284ED0A5E04FEA4800F0E7ECF7CCFFEE
:10B4800053490546084453494FF0000988422CD2DD
:10B49000514850F82400810004EBC40000EBC412B2
:10B4A0004E4800EB820243F260301044824601F0C5
:10B4B00028F9D0B94A48454B4949C0F86E50504622
:10B4C000103304226E3100F0E9FF58B1B878401C07
:10B4D000C0B2B870052808D987F802900520E4F7B3
:10B4E000EBFF02E087F80290012604EBC40000EBBA
:10B4F000C4113A4800EB810543F26030284401F062
:10B50000F7F87EB3002621460098FFF7A3FD30B17F
:10B5100057E034490320387081F8C20051E0DFF869
:10B52000C8A02846BAF81410491CAAF814100399A8
:10B5300001F0E7F8B8B1BAF816005546401CAAF871
:10B54000160021460098FFF785FDB8780421401CBD
:10B55000C0B2B8706985052833D987F802900520F4
:10B56000E4F7AAFF2DE0BAF8180008EBC801401C68
:10B57000AAF8180001EB08101C494FF4C87401EB3D
:10B580004011174887F80290BBF1010F224600F1E5
:10B590006E0001D001F5C8710DF094F90B4B104904
:10B5A0002846103322466E3100F078FF1049039888
:10B5B0008842284602D101F09BF801E001F04CF8E6
:10B5C0000126304642E7012070470000B8220020E3
:10B5D0007FF6B6A57F5E92166C0501603639046071
:10B5E000889F04606E0D0260A80202605C07016023
:10B5F000708E010010B518B9DFF7E2FF002800D007
:10B60000012010BD0020704770B514460D460BB1E7
:10B6100048B901E0042070BD1A4621462846E0F7EB
:10B620009EF80028F7D0012070BD2DE9F0411D00E3
:10B6300016460F464FF01F0401D070B902E00420F7
:10B64000BDE8F0812A4631463846E0F7BCF830B113
:10B65000641E14F0FF04F5D108B10120F0E70020CA
:10B66000EEE708B10120704739B1012905D0022960
:10B6700005D0032906D004207047002070474FF4FE
:10B68000007000E008201080F7E7002070470FF0FE
:10B6900065BF0FF08DBD00002DE9F041D0F82A50B4
:10B6A0000F460446BD422FD0217904F12E08F1B196
:10B6B000607801232A464146FFF7B7FFF8B900201A
:10B6C0002071D4F81E00D4F81A100844A8420ED9EC
:10B6D000E6780AE0D4F81A000123054460782A4687
:10B6E0004146FFF7A2FF761EF6B2012EF2D85FB1F7
:10B6F000607801233A464146FFF786FF10B10120EA
:10B70000BDE8F081C4F82A700020F9E72DE9F04186
:10B7100004460021FFF7C0FF050057D12078032819
:10B720004DD16079E8B3002604F12E00C4F82A60F8
:10B730004FF400723146074601F007FE552084F8A9
:10B740002C02AA2084F82D02522084F82E0084F8BE
:10B750002F00612284F83020412084F831007221CA
:10B7600084F8121284F8131284F8140284F8152253
:10B77000D4F80E0084F81602010A84F81712010C9E
:10B7800084F81812000E84F81902D4F80A0084F81C
:10B790001A02010A84F81B12010C84F81C12000E14
:10B7A00000E00CE084F81D0254F8122F012314F875
:10B7B000110C3946FFF739FF04F80D6C123C0022DA
:10B7C00060781146FFF74DFF00B10125284697E745
:10B7D000D0F81620891E921E8A4201D80020704798
:10B7E000D0F82620807801FB002070472DE9F04139
:10B7F0000D460446022903D3D4F81600A84201D806
:10B8000001207DE72078012804D0022828D00328D1
:10B810003BD132E0D4F81E0005EB550600EB562173
:10B820002046FFF739FF80BBC6F308002044761C92
:10B8300090F82E70D4F81E0000EB56212046FFF73A
:10B840002BFF10BBC6F308002044E90790F82E0038
:10B8500047EA002001D0000952E7C0F30B004FE790
:10B86000D4F81E0000EB15212046FFF715FF60B944
:10B87000E8B204EB4000C08D42E7D4F81E0000EBB4
:10B88000D5112046FFF708FF10B14FF0FF3037E722
:10B8900040F2FF1000EA8500204410F82E1FC27805
:10B8A00041EA026182784078120442EA00200143B2
:10B8B00021F0704024E72DE9F04716460D46044676
:10B8C000022903D3D4F81600A84202D80220BDE80A
:10B8D000F087207806F0FF084FF00109012807D013
:10B8E000022839D0032849D0022084F80490EEE7DA
:10B8F000D4F81E0005EB550700EB57212046FFF753
:10B90000CBFE0028F1D1C7F3080020442E30E90710
:10B9100003D0017868F31F1100E03146017084F80C
:10B920000490D4F81E007F1C00EB57212046FFF73F
:10B93000B3FE0028D9D1C7F3080121442E31EA070C
:10B9400002D0C6F3071205E00A78C6F3032302F01B
:10B95000F0021A430A70C8E7D4F81E0000EB152164
:10B960002046FFF799FE0028BFD1E9B204EB410160
:10B97000320A81F82E8081F82F20B6E7D4F81E0015
:10B9800000EBD5112046FFF787FE0028ADD140F22D
:10B99000FF1101EA850121444FF0704391F83120F5
:10B9A00003EA0262324301F82E2F130A4B70130C84
:10B9B0008B70120ECA7098E72DE9F0410F460546CC
:10B9C000022919D3D5F81600B84215D900264FF030
:10B9D00001081FE039462846FFF708FF04001DD084
:10B9E000012C09D0601C09D0002239462846FFF7F7
:10B9F00062FF060012D103E002260FE001260DE0EF
:10BA0000D5F80E00411C04D0401CC5F80E0085F886
:10BA100005802746D5F81600B842DBD830466FE6D9
:10BA20002DE9F0410F00064605D0FFF7DFFE0228A2
:10BA30000AD2012064E6D6F80A501DB1D6F81600E5
:10BA4000A84206D8012504E0D6F816108142F1D8A4
:10BA50003D462C46D6F81600641CA04202D80224AB
:10BA6000022D0AD321463046FFF7C0FE38B1411CF3
:10BA7000E0D00128DED0AC42ECD1002040E66FF0EF
:10BA8000704221463046FFF716FF30B957B12246C3
:10BA900039463046FFF70FFF20B101280ED00124B0
:10BAA00020462DE6C6F80A40D6F80E00411CF7D015
:10BAB000401EC6F80E0001207071F1E74FF0FF3410
:10BAC000EEE770B50D46C18081680446012922D099
:10BAD0002068D0F816208A421DD929B90278032A95
:10BAE00005D1D0F8221011B18078060119E0E1608B
:10BAF0000189A9420FD9D0F8220018E02068FFF789
:10BB000075FE0146401C08D0022904D32068D0F8F5
:10BB10001600884203D8022070BD012070BDA81B0A
:10BB200085B2B542EAD2E1602068FFF751FE00EB32
:10BB300015102061206805F00F012E2202EB411143
:10BB400008446061002070BD2DE9F0410446C088C2
:10BB50000E46401C07043F0C2ED0206960B3390705
:10BB600062D1401C2061E168206829B18278521EB0
:10BB700012EA171F04D057E00089B8421CD953E0DD
:10BB8000FFF734FE054601281AD9681C33D0206817
:10BB9000D0F81610A94241D876B1E168FFF740FF0E
:10BBA00005000BD0012D0BD0681C24D0206800218B
:10BBB000FFF772FDF8B905E00420A1E507209FE535
:10BBC00002209DE520684FF4007200212E3001F024
:10BBD000BCFB20682946FFF7FBFD216800264FF0DB
:10BBE0000108C1F82A000FE080F8048020680021D5
:10BBF000FFF752FD08B1012082E5206850F82A1FA6
:10BC0000491C761C0160F6B220688178B142EBD8FD
:10BC10002168D1F82A10891BC0F82A10E560206835
:10BC20002946FFF7D5FD2061E780206807F00F0166
:10BC30002E2202EB411108446061002060E510B53E
:10BC40000446042015E02068FFF726FDB0B96269BC
:10BC5000117861B1E52904D02E2902D0D17A0907E3
:10BC60000ED500212046FFF76FFF10B106E004203B
:10BC700004E021690029E6D1002801D000212161DA
:10BC800010BD70B505460021FFF71BFF0EE02969C6
:10BC90002868FFF701FD04001FD168690078E528D6
:10BCA00007D030B101212846FFF74EFF0400EED047
:10BCB00013E029692868FFF7EFFC04000DD16E69D5
:10BCC00020220021304601F040FBA9690B223046BA
:10BCD00001F033FB296801200871204670BD10B5C2
:10BCE0000446C188FFF7EDFE00280BD121692068CA
:10BCF000FFF7D2FC002805D16269E52111702268A6
:10BD00000121117110BD2DE9F04789460C6800E052
:10BD1000641C21782F29FBD05C29F9D085690B227E
:10BD20002021284601F011FB0020024617464FF063
:10BD3000080CE15D7F1C20292ED92F292CD05C29ED
:10BD40002AD02E2901D060450AD3BCF1080F30D18A
:10BD50002E292ED1082091064FF00B0C0A0EE8E791
:10BD6000802926D2FEA300E05B1C1E7816B18E420D
:10BD7000FAD11EE0A1F14103192B02D842F00202D0
:10BD800007E0A1F16103192B03D8203942F0010229
:10BD9000C9B22954401CCCE73C44C9F800402029D2
:10BDA00001D8042100E0002118B12878E52802D04C
:10BDB00003E006208BE505202870BCF1080F01D1B7
:10BDC0009006020E02F00300012801D141F010019B
:10BDD000C2F38100012801D141F00801E97200207D
:10BDE00075E530B5036901F1090263B340690024C8
:10BDF000035D202B07D0052B00D1E523641C02F83E
:10BE0000013B082CF4D3037A202B0BD02E2302F80D
:10BE1000013B0823C45C202C04D05B1C02F8014BBE
:10BE20000B2BF7D3C37A0B72037FC47F457F43EAA2
:10BE30000463847F240444EA052423430B60038BBA
:10BE40008B80C08AC8800020107030BD73B5044656
:10BE5000019908782F2801D05C2801D1491C019153
:10BE60000025A56001980078202805D200212046F1
:10BE7000FFF727FE65617CBD01A92046FFF743FF60
:10BE80000028F8D1204601F078FAA169C97A28B1D2
:10BE90000428F0D14907EED405207CBD4907FCD425
:10BEA0006169C87AC006F7D5206801F055FAA0602C
:10BEB000E2E710B504460A464078012304F12E015A
:10BEC000FFF7A2FB08B1032010BDB4F82C02A0F5C7
:10BED0002A41553901D0022010BD94F8640094F82D
:10BEE000671094F8652040EA016194F86600000448
:10BEF00040EA022001439E48B0EB012F0DD014F818
:10BF0000801FE278637841EA0261A278120442EA73
:10BF100003221143B0EB012F01D1002010BD0120FD
:10BF200010BD2DE9F04715460A4601680B78303BF5
:10BF3000092B02D84C783A2C05D000230026166035
:10BF400023B10B20C3E4891C0160F7E7894804682A
:10BF50008CB11460207820B16078FFF753FBC107E3
:10BF60000BD02670B14630466670FFF743FBC10721
:10BF700008D00320ABE40C20A9E40DB1400704D4A1
:10BF80000020A4E41DB1400701D50A209FE400264B
:10BF900031462046FFF78DFF012812D104F5F670D7
:10BFA000017900294ED0017AC27A41EA0266817A8B
:10BFB000407A090441EA0020064331462046FFF753
:10BFC00078FF032801D0E8BB01E001207FE4B4F84A
:10BFD0003900B0F5007F6DD1B4F8440068B994F829
:10BFE000520094F8551094F8532040EA016094F8F8
:10BFF0005410090441EA02210843C4F81A0094F8D5
:10C000003E108446E170012901D0022952D194F8F2
:10C010003B500CFB01F0A570A5B16A1E154249D139
:10C02000B4F83F202281110744D1B4F8411079B906
:10C0300094F84E1094F8513041EA036194F850306E
:10C040001B0400E036E094F84F7043EA07231943DD
:10C05000A38F7BB31F1807EB1217B9422AD3C91B52
:10C06000B1FBF5F131B3012540F6F678414500D337
:10C0700002254FF6F678414500D30325891CC4F804
:10C0800016103744C4F826703344C4F81E30032D0C
:10C0900012D07AB11844C4F82200022D20D001F049
:10C0A000010001EB410100EB510000F2FF10BCEB7D
:10C0B000502F17D20D200AE4002AFBD194F85A0021
:10C0C00094F85D2094F85B3040EA026094F85C20BC
:10C0D000120442EA03221043C4F822008800E4E775
:10C0E0004800E2E74FF0FF30C4F80E004F46C4F8B6
:10C0F0000A90032D66D16771B4F85E00012382199E
:10C10000C4F81220607804F12E01FFF77DFAB8BB65
:10C11000B4F82C02A0F52A41553953D194F82E00D9
:10C1200094F8311094F82F2040EA016094F8301010
:10C13000090441EA022108430F49884242D194F898
:10C14000120294F8151294F8132240EA016094F850
:10C150001412090441EA022108430849884210E008
:10C16000222A2B2C3A3B3C3D3E3F5B5D7C7F00000E
:10C17000004641540C0200605252614172724161AA
:10C1800020E01FD194F81A0294F81D1294F81B2293
:10C1900040EA016094F81C12090441EA02210843B4
:10C1A000C4F80A0094F8160294F8191294F81722A9
:10C1B00040EA016094F81812090441EA0221084398
:10C1C000C4F80E00FE4925700888401C0880E080F5
:10C1D000C4F82A702771D3E610B5016829B10A782E
:10C1E0001AB1CA888088824201D0092010BD4878DF
:10C1F000FFF708FAC007F9D0032010BD08B10B20E3
:10C200007047EF4B1B1D0022186800B1027001B18E
:10C210000A700020196070472DE9F7478BB00700BE
:10C220000ED04FF0000802F01F06C7F8008026F07D
:10C23000010269460CA8FFF774FE050003D08BE0ED
:10C2400009200EB0B6E507A8069068460C99FFF7DE
:10C25000FDFD059C050001D104B9062516F01C0F53
:10C260004BD055B1042D03D16846FFF70AFD0546B2
:10C27000059C46F0080645B16EE0E07A10F0110F1B
:10C2800045D1700701D5082566E0300745D5FFF791
:10C29000FCF9A073010AE173010C2174000E6074B3
:10C2A00084F80B8084F81C8084F81D8084F81E803C
:10C2B00084F81F802146009801F04EF88146002145
:10C2C000204601F052F800990120B9F1000F0871E1
:10C2D00021D000984946D0F82AA0FFF76DFB050051
:10C2E0003AD10099A9F10100C1F80A00514600981D
:10C2F000FFF7D2F9051E0CD02EE06DBBE07AC10627
:10C3000001D5042528E0B10703D5C00701D00725D2
:10C3100022E0300701D546F0200600982146D0F8EB
:10C320002A00F8613C62BE71009801F015F838618E
:10C33000207FE17F627F40EA0160A17F090441EA3A
:10C3400002210843F860C7F80880C7F818800098F1
:10C3500038600098C088B880284672E72DE9F05F01
:10C36000894600219A46164604461960FFF734FFB5
:10C37000002803D1A079010602D50220BDE8F09F74
:10C38000C00708D0E068A16804F1240B401A864277
:10C3900000D906467EE00720F0E7A068C10561D11C
:10C3A00022689178491E01EA502111F0FF0709D156
:10C3B000F8B161691046FFF719FA02281BD3411C36
:10C3C00048D0606161692068FFF702FA98B100EB1C
:10C3D0000708750A25D020687A1981788A4200D921
:10C3E000CD1BEBB2407842464946FFF70DF988BBBA
:10C3F00006E02069E1E7A07940F08000A071BCE789
:10C40000A07940060BD5A169A1EB0800A84206D28D
:10C4100009EB40204FF40072594600F08EFF6D0288
:10C420002EE0A26942451BD0A07940060AD52068BB
:10C43000012359464078FFF7F8F858B9A07920F061
:10C440004000A07120680123424640785946FFF71A
:10C45000DBF828B1A07940F08000A07101208DE7C1
:10C46000C4F818802089C0F30800C0F50075B542F3
:10C4700000D9354601192A464846243100F05DFFAF
:10C48000A068A9442844A060DAF800004119761B8E
:10C49000CAF80010002E80D100206FE72DE9F84F78
:10C4A000894600219B46164604461960FFF794FE14
:10C4B000DFF810A120B10122AAF82C20BDE8F88FE6
:10C4C000A079010603D50221AAF82C1063E08007A9
:10C4D00004D40321AAF82C100720EFE7E06804F148
:10C4E000240182190091824269D3A4E0A068C105A9
:10C4F0006AD122689178491E01EA502111F0FF05A6
:10C500000BD1C8B161691046FFF78AFA002856D0EE
:10C5100001281AD0411C1AD06061A07940061CD5B0
:10C520002068A269012340780099FFF77EF880B166
:10C530000621AAF82C105AE020690028E8D1002131
:10C540001046FFF76DFA2061E0E704211DE00521A8
:10C55000EFE7A07920F04000A07161692068FFF743
:10C5600037F988B100EB0508770A2ED02068EA1960
:10C5700081788A4200D94F1BFBB240784246494637
:10C58000FFF753F880BB08E00721AAF82C10A07928
:10C5900040F08000A071022090E7A169A1EB0800A3
:10C5A000B8420AD209EB40214FF40072009800F023
:10C5B000C4FEA07920F04000A0717D0231E03DE092
:10C5C00008020060A802026019E0A169414514D088
:10C5D000A068E168884210D2206801234246407872
:10C5E0000099FFF711F840B10820AAF82C00A079B3
:10C5F00040F08000A071012060E7C4F81880208915
:10C60000C0F30800C0F50075B54200D93546204496
:10C610002A464946243000F090FEA07940F04000C0
:10C62000A071A068A9442844A060DBF8000041196B
:10C63000761BCBF80010002E7FF458AFA068E1689D
:10C64000884200D9E060A079092140F02000A07163
:10C65000AAF82C10002031E770B50446FFF7BCFDA6
:10C6600000280ED1A1798A060BD548060ED5206880
:10C67000A2690123407804F12401FEF7D6FF08B136
:10C68000012070BDA07920F04000A071E169206810
:10C69000FFF702F80028F4D1256AE87A40F020007C
:10C6A000E872207B2877A089000A6877E068000C90
:10C6B000A877E068000EE8772169284600F055FE6B
:10C6C000FEF7E3FFA875010AE975010C2976000E53
:10C6D00068760020A874E874A07920F02000A0718A
:10C6E0002168012008712068BDE87040FFF70EB88E
:10C6F00010B50446FFF7B0FF002801D100212160EA
:10C7000010BD2DE9F0410D460446FFF765FD5FEAD7
:10C71000000803D1A079010602D50220BDE8F0810E
:10C72000E168A94202D2800700D40D46A068002724
:10C73000A760FDB1226891784E0268B1691E401E63
:10C74000B1FBF6F1B0FBF6F3994205D3711E8843B5
:10C75000A0602D1A61690CE0216949B900211046D9
:10C76000FFF75EF90146012840D0481C4FD02161F7
:10C770006161D9B927E0A0798007206805D5FFF766
:10C780004FF9010004D1354612E0FFF72FF80146BA
:10C79000481C3CD0012929D92068D0F816008842CD
:10C7A00024D96161A068AD1B3044A060B542E2D8D5
:10C7B000A0682844A060E80505D02068FFF708F8C5
:10C7C000A0B100EB55272089C00527D0A269BA4245
:10C7D00024D0A07904F12405400610D52068012357
:10C7E00029464078FEF721FF88B904E0A07940F09F
:10C7F0008000A07191E7A07920F04000A07120682E
:10C8000001233A4640782946FEF7FEFE28B1A0797A
:10C8100040F08000A071012080E7A761A068E16876
:10C82000884204D9E060A07940F02000A071404621
:10C8300074E773B584B0040008D00146002205A84F
:10C84000FFF76FFB2568002618B11CE0092006B031
:10C8500070BDC4F818D020460599FFF7F7FA70B9F3
:10C86000616931B1C87AC0060FD5284600F074FD61
:10C87000A060E888A08000212046FFF722F9042864
:10C8800003D00028E3D02660E1E70520FBE7FEB5F2
:10C890000E460446FFF7A0FC002816D1B6B1C4F836
:10C8A00018D02046FFF7CBF90025042813D0002824
:10C8B0000BD131462046FFF794FA00212046FFF7BE
:10C8C00043F9042801D125610020FEBD0021204646
:10C8D000FFF7F7F8FEBD2561EBE733B58BB00D46EA
:10C8E000002269460BA8FFF71CFB04000FD107A824
:10C8F000069068460B99FFF7A9FA040007D105983E
:10C9000020B129466846FFF76CFA00E0062420466D
:10C910000DB030BD2DE9F74F14468A46002221465E
:10C920006846FFF7FEFA25685FEA00085BD1D5F894
:10C930001670D5F80E00B91E884202D8CAF8000059
:10C9400051E095F800900024B9F1010F02D0D5F81C
:10C950001E6017E0022631462846FEF747FF411CBD
:10C9600003D0012803D028B105E0012000E0022017
:10C9700080462FE0641CD5F81600761C8642EAD368
:10C9800028E059B93146761C2846FEF785FE5FEA55
:10C9900000081FD105F12E004FF40071B9F1020F0C
:10C9A0000DD00278C37890F801C042EA0362837820
:10C9B0001B0443EA0C231A43120106D006E0028846
:10C9C00002B9641C801C891E02E0641C001D091F42
:10C9D0007F1ED6D1C5F80E40B9F1030F01D1012059
:10C9E0006871CAF800404046BDE8FE8F70B504008B
:10C9F00004D0FFF7F1FB050002D040E0092070BD34
:10CA0000A179080601D5022539E0880701D4072558
:10CA100035E0E268A068824231D9E06041F020014F
:10CA2000A17150B161692068FEF7E0FE0646401C26
:10CA30000BD0012E0BD065B11DE021692068FEF7F7
:10CA4000BBFF05460020206114E0012513E002250C
:10CA500011E02068D0F81610B14210D961696FF06A
:10CA60007042FEF728FF050005D120683146FEF729
:10CA7000A3FF05461DB1A07940F08000A0712846B3
:10CA800070BD71B591B00122694611A8FFF749FA4E
:10CA9000040044D10EA8069068461199FFF7D6F914
:10CAA00004003CD1059E56B1F07AC00700D007249F
:10CAB0003146009800F050FC054614B12FE00624E2
:10CAC000F6E7F07AC0061AD5022D01D2022426E03C
:10CAD0001C22694607A800F030FC022107A809952E
:10CAE000FEF7EFFF04001AD107A8FFF7A8F804002B
:10CAF00003D0042C03D014B111E007240FE06846E2
:10CB0000FFF7EDF804000AD12DB129460098FEF791
:10CB100053FF040003D10098FEF7F8FD044612B05D
:10CB2000204670BD2DE9F14F8CB0FEF7AEFD0646F4
:10CB3000012269460CA8FFF7F4F9040009D109A8FD
:10CB4000069068460C99FFF781F9040002D0042C86
:10CB500002D097E0082495E000210098FEF760FFDE
:10CB60005FEA00084FF0000403D0B8F1010F02D0D3
:10CB700002E0072400E00224B8F1FF3F01D014B125
:10CB800066E0012464E000210098FEF785FD0400C2
:10CB90005ED141460098FEF71BFE009D07462E35EC
:10CBA0004FF400720021284600F0CFFB0B22202119
:10CBB000284600F0CAFB2E242C701020E872F0B238
:10CBC0000890A875C6F307200790E875C6F3074BD1
:10CBD00085F818B04FEA166A85F819A0414628462C
:10CBE00000F0C3FB05F1200020222946064600F094
:10CBF000A4FB85F82140009802990278032A04D109
:10CC0000D0F82200884200D10021304600F0ADFB70
:10CC100000984FF00109867813E000980021C0F8D1
:10CC20002A7080F804907F1C0098FEF735FD040000
:10CC30000ED14FF400720021284600F086FB761ECC
:10CC4000F6B2002EE9D16846FFF71BF8040004D0C5
:10CC500041460098FEF7B0FE14E005981021C1721D
:10CC6000089981750799C17580F818B080F819A0E6
:10CC7000414600F07AFB009981F804900098FEF795
:10CC800045FD04460DB02046BDE8F08F37B58AB0AB
:10CC900015460C46012269460AA8FFF742F900280A
:10CCA00016D107A8069068460A99FFF7CFF8002822
:10CCB0000ED1059868B105F02702C17A144091435E
:10CCC0000C43C4720099012008710098FEF71EFD04
:10CCD0001EE606201CE613B58AB00C460122694602
:10CCE0000AA8FFF71EF9002819D107A80690684680
:10CCF0000A99FFF7ABF8002811D1059888B1A179FE
:10CD00008175E188090AC17521790176A188090A2E
:10CD100041760099012008710098FEF7F7FC0CB0ED
:10CD200010BD0620FBE733B599B00C46012202A9DD
:10CD300019A8FFF7F6F8002853D10298099016A811
:10CD4000089002A81999FFF781F8002849D107989F
:10CD5000F0B300F10B01152210A800F0EEFA1C222E
:10CD600002A909A800F0E9FA214609A8FFF76EF820
:10CD700078B3042835D109A8FEF783FF002830D105
:10CD80000E9C13220DF1420104F10D0000F0D5FAC2
:10CD90009DF84000012540F02000E07202980571E6
:10CDA0000B990498884232D0E07AC0062FD52146EC
:10CDB000029800F0D1FA01460298FEF709FD010041
:10CDC00013D00298FEF768FC029901F14E0201E0CF
:10CDD00006E008E0002804D150782E2807D016E09D
:10CDE00004201BB030BD0820FBE70220F9E70878DB
:10CDF000032806D10B98D1F82210884201D10021D6
:10CE000000E00B99104600F0B0FA0298057102A8F4
:10CE1000FEF765FF0028E4D10298FEF777FCE0E713
:10CE20002DE9F74F86B0154610B10B2009B02BE75E
:10CE30000798012802D8681E054201D01320F5E7A3
:10CE4000F848046844B1002020700390FEF7D2FB3C
:10CE5000C10703D00320E9E70C20E7E7400701D52D
:10CE60000A20E3E704AA01210398FEF7FAFB002851
:10CE70007ED1049980297BD3079808B1002000E077
:10CE80003F208046A1EB080104917DB94FF4FA6080
:10CE9000B1FBF0F20020E44B00E0401C33F81050EE
:10CEA0009542FAD8E04A163232F81050680A5FEA22
:10CEB000000912D0B9F1800F01D980208146B1FB61
:10CEC000F9F0012640F6F672904200D302264FF6A2
:10CED000F672904203D3032620E00120EEE7032EF2
:10CEE0001CD0012E22D04000001D00F2FF10470A86
:10CEF00001252020834608EB050A0AEB0700584469
:10CF000000EB09020090A2EB080088423FD801AA7A
:10CF100003210398FEF7A5FB98B90DE040F2072224
:10CF200002EB8000470A20250020E3E700EB4000E9
:10CF3000401C4008C01CD8E7019810B1B0F5004F64
:10CF400001D90120019000990144401E491E8143EE
:10CF50000098081A0190032E0FD007440498411B33
:10CF6000CA1BA2EB0B02B2FBF9F10091022E00E00A
:10CF7000D3E005D0032E06D00BE005448244EDE754
:10CF800040F6F67201E04FF6F672914201D20E20A1
:10CF90004CE7012E03D0022E03D00C2007E0012025
:10CFA00005E0B0F5803F01D2042000E006200590A6
:10CFB000079808B1F0203BE004F12E004FF4007216
:10CFC0000021029000F0C1F904F5F67001214170D2
:10CFD00081700022C27005990171FE214171049B8C
:10CFE00008EB030143F6C163B1FBF3F13F2343EACE
:10CFF000910C019180F806C0C17103724272827275
:10D00000C272049901730A0A42730A0C8273090EF0
:10D01000C173552084F82C02AA2084F82D02DDE982
:10D02000021001230022FEF700FB002875D1F82032
:10D030002E3402904FF400720021204600F085F952
:10D040000B227AA1204600F078F90021E17202203B
:10D05000207384F80D90A573280AE07301202074D2
:10D06000032E0BD040026074000AA0740498B0F53F
:10D07000803F05D2E074000A20750CE00020F2E742
:10D0800084F82000020A84F82120020C84F822206F
:10D09000000E84F82300029860753F20207600205F
:10D0A0006076FF21A176E07684F81C804FEA182094
:10D0B00060774FEA1840A0774FEA1860E077FEF7F4
:10D0C000E4FA802129220190032E27D084F827003A
:10D0D000030A84F82830030C84F82930000E84F801
:10D0E0002A00A775380AE07584F8241084F82620F1
:10D0F000132251A104F12B0000F01FF9552084F8F0
:10D10000FE01AA2084F8FF0101234246214603982C
:10D11000FEF78BFA002889D133E082E084F84300DF
:10D12000030A84F84430030C84F84530000E84F878
:10D13000460084F82470380A84F82500380C84F8F6
:10D140002600380E84F82700022084F82C000020E6
:10D1500084F82D0084F82E0084F82F00012384F831
:10D16000303084F83100062384F8323084F83300FC
:10D1700084F8401084F84220132234A104F14700BF
:10D18000BAE7032E06D1012308F1060221460398CF
:10D19000FEF74BFA55464FF0000A4FF4007200219B
:10D1A000204600F0D2F802980190032E12D0012EF2
:10D1B0000ED06FF0FF010143019121700198000A28
:10D1C00060700198000CA0700198000EE07018E0EB
:10D1D0002349F0E760F0FF00019020700198000AF9
:10D1E00060700198000CA0700198000EE070FF20A4
:10D1F00020716071A071E07120726072A0720F20C6
:10D20000E0722A466D1C012321460398FEF70DFAB1
:10D2100038B94FF400720021204600F096F8012042
:10D220002AE065E00C020060623D0508EBFE904DCF
:10D2300053444F53352E30004E4F204E414D452024
:10D240002020204641542020202020004E4F204EF8
:10D25000414D4520202020464154333220202000DB
:10D2600000FFFF002A466D1C012321460398FEF7AC
:10D27000DCF9E8BB0198401C0190B842F2D30AF1F6
:10D2800001005FEA000A88D0032E09D05F462A46D3
:10D290006D1C012321460398FEF7C7F940BB01E04E
:10D2A0004F46F4E77F1EF2D1032E3CD1522020706E
:10D2B00060706122A2704121E170722084F8E40163
:10D2C00084F8E50184F8E61184F8E7210098401E0F
:10D2D00084F8E801010A84F8E911010C84F8EA11E4
:10D2E000000E84F8EB01022084F8EC01002000E03D
:10D2F00021E084F8ED0184F8EE0184F8EF01552077
:10D3000084F8FE01AA2084F8FF01012308F101023C
:10D3100021460398FEF789F9012308F10702214607
:10D320000398FEF782F9002211460398FEF799F957
:10D3300000283FF484AD012078E503E011F8013BBB
:10D3400000F8013B521EF9D27047C9B201E000F863
:10D35000011B521EFBD270470246488B1278032AEB
:10D3600002D1898A40EA0140704781760A0AC27672
:10D370000A0C0275090E417570472DE9F04104460B
:10D380000021FEF79EFB002820D100254FF4FA76FD
:10D390006D1CADB2B54219D821692068FEF77CF941
:10D3A000002813D161690A787AB1CA7A120711D4B8
:10D3B000A2690B2300275B1E0AD311F8017B12F828
:10D3C00001CBB7EB0C07F6D004E00420BDE8F081F8
:10D3D000002FFBD000212046FEF7B6FB0028D7D057
:10D3E000F4E7008840BA70470188827849BA090496
:10D3F000C07841EA022108437047F5E770B5054659
:10D40000FF20002331240FE0EA5C5040082206068A
:10D4100002D584EA400000E04000521EC0B212F083
:10D42000FF02F4D15B1C9BB28B42EDD370BD10B5F3
:10D430001446FFF7E3FFA04202D04FF0FF3010BDCB
:10D44000002010BDF0B50546080A287002201F46CE
:10D4500016466970002419E036F81410090A295498
:10D46000401C80B216F814102954401C1FFA80FC8E
:10D4700005EB0C000221801EFFF7C0FF05F80C0031
:10D480000CF1010C641C1FFA8CF0E4B2BC42E3D333
:10D49000F0BD2DE9F0410E4602EB420189B290B099
:10D4A00088466D460A46294600F0C7F8002818D17C
:10D4B0000024274612E02819844682780221FFF7CB
:10D4C000B6FF00280DD1285DF0557F1CB8B29CF83E
:10D4D00001103154401CE41C87B2A4B24445EAD385
:10D4E000002010B0BDE8F08170B515460C46FFF77E
:10D4F000D0FF00280CD108E034F81030190241EABE
:10D50000132124F81010401CC0B2A842F4D300200C
:10D5100070BD38B5044600231A466846FFF792FFEF
:10D5200002226946204600F068F838BD10B588B080
:10D530000446DBB26846FFF785FF0246694620468F
:10D5400000F05BF808B010BDF8B51D46144607465C
:10D5500000231A466846069EFFF774FF02226946BA
:10D56000384600F04AF8002808D114B1204600F0EF
:10D5700026F9324629463846FFF7B6FFF8BD08B50A
:10D58000009313460022FFF7DFFF08BD70B5054684
:10D5900007244FF0FF3600F0FAF825FA04F0C00730
:10D5A00002D000F0CBF801E000F0D9F8052000F03F
:10D5B00006F900F0B7F8052000F001F900F06AF86C
:10D5C00078B9641E64B2002CE5DA00F0E0F800F0EF
:10D5D000B5F8052000F0F3F800F0A4F800F05AF8D0
:10D5E00008B1304670BD00F0CEF808B1012400E06B
:10D5F000002400F0CCF8204670BD2DE9F04116461D
:10D600000F460446DCF734FF6006000EFFF7BEFF4E
:10D6100005000DD1002409E0385DFFF7B7FF0500D4
:10D6200002D0DCF742FF03E0641CA4B2B442F3D39F
:10D63000DCF73BFF2846BDE8F0812DE9F0411546B7
:10D640000F460446DCF714FF012000EB4400C0B293
:10D65000FFF79CFF040003D0DCF727FF2046EAE732
:10D6600000246E1E09E0B44201DA012000E000202F
:10D6700000F021F83855641CA4B2AC42F3D3DCF7B7
:10D6800014FF0020D7E710B500F04CF8BDE81040BB
:10D6900000F054B810B5642407E000F08CF808B12D
:10D6A000002010BD052000F08AF8641E14F0FF046D
:10D6B000F3D1FF2010BD70B50646002500F03EF8FE
:10D6C0000724052000F07BF800F02CF8FFF7E2FFBC
:10D6D000F8B900F058F808B1012100E00021A1409C
:10D6E0002943CDB200F053F8641E64B2002CE8DA8E
:10D6F00016B100F034F801E000F020F8052000F049
:10D700005EF800F00FF8052000F059F8FFF7C2FFAF
:10D7100008B1FF2070BD00F03AF800F00FF828467D
:10D7200070BD000008B50820ADF8000004208DF899
:10D73000030069462348DBF740FA08BD08B504201A
:10D74000ADF800008DF8030069461E48DBF735FA96
:10D7500008BD10B5FFF7F2FFBDE81040E2E738B5AD
:10D760000420ADF8000010208DF803000320154CB4
:10D770008DF8020069462046DBF71FFA0421204697
:10D78000DBF787FA38BD04210E48DBF76CBA38B5F1
:10D790000820ADF8000010208DF803000320094C8C
:10D7A0008DF8020069462046DBF707FA082120467B
:10D7B000DBF76FFA38BD08210248DBF754BAE0F70F
:10D7C0001DB900000008014070B5FE4C05464FF041
:10D7D000FF362078012806D12A8904F1200158203B
:10D7E000FFF782FE08B1304670BD284600F0B0F960
:10D7F0000020207070BD30B5F24A044600209369C5
:10D8000001469A8807E0186850F82100057BA54278
:10D8100003D0491CC9B28A42F5D88A4200D10020FF
:10D8200030BD70B5FFF7E7FFA8B105680446418930
:10D8300058206D1DFFF76DFE00280ED12846FFF71A
:10D84000BEFF2089002808D0DE490120087020464C
:10D85000BDE87040B8E74FF0FF3070BD1CB504461E
:10D86000002020800120009001ABD74A42F2320113
:10D870005820FFF769FE002807D1BDF8040020807A
:10D88000B0F5544F02D04FF0FF301CBD00201CBD3E
:10D8900010B50120FFF7AFFF50B141895820FFF7C5
:10D8A00038FE002803D1C74901200870002010BDB0
:10D8B0004FF0FF3010BD70B505460C460120FFF754
:10D8C0009AFF50B1FFF780FF002805D1BD48018CB9
:10D8D0002980408C2080002070BD4FF0FF3070BD4B
:10D8E00070B505460C460120FFF79BFF002805D1C7
:10D8F000B448018C2980408C2080002070BDC7E78F
:10D9000008B56946FFF7D7FF08BD08B56946FFF7B8
:10D91000E7FF08BDBCE708B501466846FFF7CBFF47
:10D9200008BD08B501466846FFF7DAFF08BD70B5C7
:10D930000546A6480C460078FFF773FF002805D17E
:10D94000A048018C2980408C2080002070BD9F4819
:10D9500010B50078FFF74FFF50B141895820FFF70D
:10D96000D8FD002803D1974901200870002010BD80
:10D970004FF0FF3010BD70B5054694480C46007856
:10D98000FFF739FF50B1FFF71FFF002805D18D4881
:10D99000018C2980408C2080002070BD4FF0FF302A
:10D9A00070BD10B504460220FFF73BFF002806D1EA
:10D9B0008448006A5FEA3040206001D0002010BD3A
:10D9C0004FF0FF3010BD38B5010CADF80010ADF8C8
:10D9D00002004FF0FF3450B10320FFF70CFF30B1CD
:10D9E000418902236A465820FFF7A0FD38BD204632
:10D9F00038BD10B504461620FFF713FF002803D1E9
:10DA00007048008C2080002010BD31B54FF0FF34ED
:10DA1000BDF8000058B16E480078FFF7ECFE30B159
:10DA2000418901236A465820FFF780FD38BD204612
:10DA300038BDF8B50446634800256E1E007CC0F36F
:10DA40004210012807D163480078FFF7D4FE10B1D7
:10DA5000B4F57A3F01D93046F8BD5F490022A4FBF6
:10DA6000013605FB016104FB02110A0242EA13615F
:10DA7000ADF80010418901236A465820FFF756FD92
:10DA8000F8BD564800687047582070474D4A137CCF
:10DA90000380108A000B0870002070474949D1E9C3
:10DAA0000221C0E90021002070470020B9E6F8B546
:10DAB000444C0020434EE4E908003070FFF7E3FDDA
:10DAC0000320009023464FF4FA7243F282615820FB
:10DAD000FFF73AFD00283AD103202546002135F80A
:10DAE0001120130243EA122225F81120491C89B2A1
:10DAF0008142F4D320882268C0F3072141EA002143
:10DB00002079030443EA1240C0F3072280B242EABC
:10DB1000002061F31F406168234609BA090C41EAFD
:10DB20000041000CC6E90210012000904FF47A7207
:10DB300042F22F015820FFF707FD002807D12046A9
:10DB400000F04EF8002802D1BDE8F840ADE7F8BD7E
:10DB50002DE9F0470489054660000DF0FFFC0646FC
:10DB60000021184806E000EB4102128C26F8112033
:10DB7000491C09B2A142F6DB29896FF00309491E4D
:10DB80000CB20027804616E028896968021B09EB61
:10DB90008200095836F81400096829B188470146FF
:10DBA00008EB4700018402E008EB47010884641E8B
:10DBB0007F1C24B23FB2002CE6DA3046BDE8F047C5
:10DBC0000DF0F6BAF8A10460605B0300A13D050802
:10DBD000A03D0508A23D050800894100CC22002097
:10DBE0002DE9F0470388DFF878901E49DFF878A028
:10DBF000A9F81030C9F81810002103F4704C03F094
:10DC0000E00703F01F0623E0DAF8000050F8214097
:10DC10000020A58918E0A26832F8102002F47048AC
:10DC2000E0450FD15FEAC3580CD402F0E008B845D4
:10DC300008D102F01F02B24204D80020C9F81840EF
:10DC4000BDE8F087401C00B28542E4DC491C09B203
:10DC5000BAF804208A42D7DC4FF0FF30F0E700002A
:10DC6000F8A10460903D050834400508F8B501218D
:10DC70000420DBF7A8F90820ADF8000010244C4E72
:10DC80008DF8034003258DF8025069463046DAF7D7
:10DC900094FF08213046DAF7FAFF0420ADF80000BF
:10DCA0008DF803408DF8025069463046DAF785FF5B
:10DCB00004213046DAF7EBFFF8BD30B53D4D0120C9
:10DCC00087B0A8706870002408E0641C142C02D986
:10DCD0000020687006E06420DFF7AFFEFFF7E7FE84
:10DCE0000028F2D1687800280CD005A904A8FFF715
:10DCF000CDFE6846FFF7D2FE03A902A8FFF717FE84
:10DD0000FFF7D3FE07B030BD38B52A4C6078002845
:10DD10004AD0FFF7F4FD002560BB6420DFF78DFEDD
:10DD20006846FFF7EDFD28BB234A2078BDF80010B8
:10DD3000042822F8101002D2401C20701AE00021A2
:10DD4000084632F81030401CC0B219440528F8D3F8
:10DD50000520B1FBF0F0194980B2A08091F8232092
:10DD600017490B2A4FF47A7200FB02F01DD0C1F85C
:10DD7000BC012570E0884FF46161401C80B2B0FBAB
:10DD8000F1F2E08001FB1200A0F560610F3903D1D0
:10DD900008480830FFF705FEA078012804D1FFF7F6
:10DDA00084FE002800D1A57038BDC1F87402E0E7F8
:10DDB00000080140E022002030A20460A43A0020C4
:10DDC0003653002008B5002142F2B112684600F037
:10DDD00029FB024669466220FFF70FFC002804D1A8
:10DDE0004FF47A70FFF7EBFC002008BDFEB5144637
:10DDF0000D46064600214EF60542684600F012FB2D
:10DE0000024669466220FFF7F8FB002815D106227A
:10DE10006946622000F08AFB00B200280DD16846F6
:10DE2000FFF7DFFA30806E46B01CFFF7DAFA288081
:10DE3000301DFFF7D6FA20800020FEBD7CB51446C9
:10DE40000D4601AA6946FFF7D1FF002810D1BDF8A1
:10DE5000000045F273514843FE4901EB5030286001
:10DE6000BDF8040043F2D4014843400B2060002079
:10DE70007CBD08B5002143F68672684600F0D2FAF0
:10DE8000024669466220FFF7B8FB002803D1F2483A
:10DE9000FFF795FC002008BD38B50446002142F28A
:10DEA0001832684600F0BEFA024669466220FFF763
:10DEB000A4FB002810D14FF47A70FFF780FC0222F7
:10DEC0006946622000F032FB00B2002804D16846A7
:10DED000FFF787FA2080002038BD38B50446684631
:10DEE000FFF7DAFF002807D1BDF8000045F27351B3
:10DEF0004843400B2060002038BD1CB5044600217B
:10DF000042F21D42684600F08DFA014622466846FC
:10DF100000F0B4FA82B269466220FFF76EFB002877
:10DF200004D14FF47A70FFF74AFC00201CBD45F67F
:10DF3000DE714843000CE0E738B50446002142F2A8
:10DF40002232684600F06EFA024669466220FFF708
:10DF500054FB002810D14FF47A70FFF730FC0222F6
:10DF60006946622000F0E2FA00B2002804D1684657
:10DF7000FFF737FA2080002038BD1CB50446002189
:10DF800042F22742684600F04DFA014622466846B2
:10DF900000F074FA82B269466220FFF72EFB002877
:10DFA00004D14FF47A70FFF70AFC00201CBD1CB5A9
:10DFB000044600214FF46042684600F033FA0146FF
:10DFC0002246684600F05AFA82B269466220FFF79C
:10DFD00014FB002804D14FF47A70FFF7F0FB002007
:10DFE0001CBD7CB50C460546002143F22F626846F5
:10DFF00000F018FA01462A46684600F03FFA82B25D
:10E0000069466220FFF7F9FA00280FD19348FFF71D
:10E01000D6FB02226946622000F088FA00B200288E
:10E0200004D16846FFF7DDF9208000207CBD38B5BB
:10E030000446002142F21332684600F0F3F902462A
:10E0400069466220FFF7D9FA002810D14FF47A70A0
:10E05000FFF7B5FB02226946622000F067FA00B2C2
:10E06000002804D16846FFF7BCF92080002038BDA5
:10E070001CB50446002142F21642684600F0D2F96F
:10E0800001462246684600F0F9F982B269466220EC
:10E09000FFF7B3FA002804D14FF47A70FFF78FFB33
:10E0A00000201CBD08B5002142F2AC12684600F009
:10E0B000B9F9024669466220FFF79FFA08BD38B5F4
:10E0C000044600214EF2B842684600F0ABF9024621
:10E0D00069466220FFF791FA002810D14FF47A7058
:10E0E000FFF76DFB02226946622000F01FFA00B2C2
:10E0F000002804D16846FFF774F92080002038BD5D
:10E1000008B5002143F21562684600F08BF902461B
:10E1100069466220FFF771FA002803D15048FFF7E3
:10E120004EFB002008BDFEB514460D4606460021F4
:10E1300043F28262684600F075F902466946622041
:10E14000FFF75BFA002819D14FF47A70FFF737FB1D
:10E1500006226946622000F0E9F900B200280DD1DC
:10E160006846FFF73EF930806E46B01CFFF739F97C
:10E170002880301DFFF735F920800020FEBD38B51E
:10E180000446002143F23962684600F04BF902462A
:10E1900069466220FFF731FA00280FD13148FFF7B6
:10E1A0000EFB02226946622000F0C0F900B200288E
:10E1B00004D16846FFF715F92080002038BD08B566
:10E1C000002143F23262684600F02CF902466946AB
:10E1D0006220FFF712FA002803D12148FFF7EFFA77
:10E1E000002008BD08B5002143F24662684600F0F1
:10E1F00019F9024669466220FFF7FFF9002804D1A9
:10E2000044F62060FFF7DBFA002008BD08B50021C6
:10E2100042F29D12684600F005F902466946622006
:10E22000FFF7EBF9002803D10F48FFF7C8FA0020E9
:10E2300008BD08B5002142F29612684600F0F2F8D7
:10E24000024669466220FFF7D8F9002811D14CF246
:10E2500050300BE03850FFFF20A10700801A060065
:10E2600000350C0080969800404B4C00FFF7A7FA51
:10E27000002008BD08B5002143F2E062684600F0C6
:10E28000D1F8024669466220FFF7B7F9002804D1A9
:10E290004FF47A70FFF793FA002008BD08B500210B
:10E2A00043F2F662684600F0BDF802466946622015
:10E2B000FFF7A3F944F62060FFF781FA002008BDBC
:10E2C00010B5FFF7E0F9F8F737FCF8F734FCFFF783
:10E2D000DAF9FFF7E3FFFFF7CCFDFFF783FF2849EB
:10E2E00000204870BDE81040FFF76CBDFEB5244C1F
:10E2F00000256078012809D06A4601A902A8FFF725
:10E300009DFDC8B12078401C20701DE0FFF7B1FDD5
:10E310004FF47A763046DFF790FB1B4A1949108894
:10E32000FFF75FFE3046DFF788FBFFF74BFD304617
:10E33000DFF783FB6570FEBDBDF8080020B12570D6
:10E34000DDE90021F8F755FB2078104E05280AD9A1
:10E35000B08F0022401CB08711461046F8F749FBE9
:10E360002570FFF7ADFF2078F0876420DFF765FBAD
:10E37000FEBD034A01215170034908807047000027
:10E38000EC220020DC210020F2010060A8020260E3
:10E3900070B50546FF20002331240FE0EA5C5040B1
:10E3A0000822060602D584EA400000E04000521E22
:10E3B000C0B212F0FF02F4D15B1C9BB28B42EDD3D2
:10E3C00070BD10B51446FFF7E3FFA04201D0012055
:10E3D00010BD002010BDF0B50546080A28700220C7
:10E3E0001F4616466970002419E036F81410090A11
:10E3F0002954401C80B216F814102954401C1FFAEE
:10E4000080FC05EB0C000221801EFFF7C1FF05F820
:10E410000C000CF1010C641C1FFA8CF0E4B2BC423D
:10E42000E3D3F0BD130A4354491C89B24254491C3A
:10E4300088B2704770B50446100E6054491C88B20B
:10E44000110C2154401C86B2A01915460221801ED1
:10E45000FFF79EFFA055761CB0B2290A2154401C3C
:10E4600080B202212554401C85B26019801EFFF73E
:10E470008FFF60556D1CA8B270BDDBE730B5044658
:10E48000100A6054491C88B202212254401C85B2F3
:10E490006019801EFFF77CFF60556D1CA8B230BD6F
:10E4A00092B2EBE770B50446100E6054491C88B276
:10E4B000110C2154401C85B2601916460221801EA1
:10E4C000FFF766FF60556D1CA8B2310A2154401C4D
:10E4D00080B202212654401C85B26019801EFFF7CD
:10E4E00057FF60556D1CA8B270BDF0B505469C463F
:10E4F0001746D80701D00420F0BD002412E0385D93
:10E500006854491C88B2391949782954401C86B28C
:10E51000A8190221801EFFF73BFFA855761CA41CFA
:10E52000B1B2A4B26445EAD30846F0BD2DE9F0418A
:10E530000D46510801EB41018EB2D10702D00420F3
:10E54000BDE8F08132462946FFF777F80028F7D179
:10E550000024274612E02819844682780221FFF71A
:10E5600030FF0028ECD1285DE8557F1CB8B29CF83C
:10E5700001102954401CE41C87B2A4B2B442EAD36F
:10E580000020DDE708B1BC4B036011B1BA48083880
:10E590000860002A02D0B848001F10607047412868
:10E5A00001D20120704700207047B44800787047BE
:10E5B000B349085C401C7047B249084410F8010C8C
:10E5C00070472DE9F0410C460746FFF7F5FF94B37D
:10E5D000552121804FF0FF36C4F802600025A57157
:10E5E00004212172C2B229460120DFF755FDC4F88B
:10E5F000090084F86452D4F86542E4B16F202080A9
:10E60000C4F80260A5710820207204F109000646D2
:10E6100007F01EFB00221146304607F022FB0022C5
:10E620000121304607F01DFB00220221304607F091
:10E6300018FB84F864523846BDE8F041E1F780B930
:10E6400010B50C4603460022FFF7B6FF402B08D258
:10E65000C1B20120DFF7B6FA0146204607F0B6FB4B
:10E660000246104610BD2DE9F043ADF51B7D8146F5
:10E67000DDE9A25498460846FFF79EFF0227FE1EDA
:10E680004F2A2CD008DC1C2A1CD0242A27D04B2A45
:10E690000DD04D2A08D110E0512A48D0552A20D05B
:10E6A0006F2A28D0752A4ED02F7020205AE00246BB
:10E6B0000021484602F0B5FF4DE0C1B20120DFF76E
:10E6C00081FA03E0C1B20120DFF7D6F901466846BE
:10E6D00007F07CFB6946484603F060F83BE0002108
:10E6E00036E0C2B200210120DFF7D6FC01464846E1
:10E6F00003F005FA2FE096A807F0AAFA00221146C7
:10E7000096A807F0AEFA0022012196A807F0A9FA10
:10E710000022022196A807F0A4FA0022032196A85D
:10E7200007F09FFA96A9484602F00AFF13E0C1B22B
:10E730000120DFF73FFC08B1012100E0002148463D
:10E7400002F035FE07E0C1B20120DFF7DDFA014635
:10E75000484603F027F9002806DBB8F1FF3F03D055
:10E760002F703220207030460DF51B7DBDE8F08300
:10E7700070B5ADF5187D0446D0F8641200256A46E0
:10E780000C3002F0F9F80222002803DA84F869223A
:10E79000252008E0E08882280BD0A068401C08D023
:10E7A00084F86922322084F86A0200200DF5187D71
:10E7B00070BDD4F80200FFF7FFFE0146E08809268D
:10E7C000512847D007DC02AB1C2838D024280AD0B7
:10E7D0004D2808D128E055280CD0672803D06F2891
:10E7E00001D0752813D084F86922202084F86A02A9
:10E7F0002846DBE79DF8020004282FD1CAB2DDF8D5
:10E80000033094F868120120E0F791F831E09DF8A8
:10E810000200092822D1CAB29DF8033094F8681288
:10E820000120DFF76AFF24E09DF80200072815D1D8
:10E83000CAB294F868120120E0F77BFB19E09DF85A
:10E84000020007280AD1CAB294F868120120DFF743
:10E85000FFFF0EE09DF80200012804D084F8692231
:10E8600084F86A62C4E79DF80320C9B20120E0F78A
:10E8700024FB0125BCE70000444005087402006049
:10E88000582500205827002008B1FA4B036011B129
:10E89000F84808380860002A02D0F648001F1060C7
:10E8A0007047412801D20120704700207047F2488C
:10E8B00000787047F149085C401C7047F0490844F3
:10E8C00010F8010C7047F8B500218DF800100C46C7
:10E8D000C0B26946EDF798F99DF800100220E0F704
:10E8E00056FD06469DF80000402813D2E54DE1B2E2
:10E8F0009DF800200220DFF7CFFBA84207D0E1B24D
:10E900009DF800200220DFF7C7FB064602E0641CEA
:10E91000102CECD33046F8BD2DE9F0410546C1B2CC
:10E9200000240220E0F733FD0746402D11D2D54EDA
:10E93000EAB2E1B20220DFF7AFFBB04206D0EAB2A2
:10E94000E1B20220DFF7A8FB074602E0641C102CAE
:10E95000EED33846BDE8F0812DE9F04100240546AC
:10E96000264640280DD2C74FEAB2E1B20220DFF7B7
:10E9700093FBB84204F1010401D0264601E0102CBB
:10E98000F2D33046E6E70B4610B5002140280CD202
:10E990005AB1102A09D8062A07D0521EC0B2D1B2E5
:10E9A00002460220DFF7C3FF0121084610BD10B563
:10E9B000002240280CD259B1102909D8062907D0C5
:10E9C000C2B2491EC9B2AF4B0220DFF7B0FF01222D
:10E9D000104610BD10B50C4603460022FFF76EFF2F
:10E9E000402B08D2C1B20220DFF7ECF801462046E6
:10E9F00007F0ECF90246104610BD2DE9FF4FADF5CA
:10EA00001B7D8246DDE9A89800241F46264608465D
:10EA1000FFF754FF05469D984FF0FF3B51285AD011
:10EA20000CDC4B281BD004DC1C2823D0242811D15B
:10EA30004FE04D2819D04F280CD128E0682870D01D
:10EA400004DC552825D0572804D159E06F2824D05C
:10EA500075284CD0022089F800002021A2E02A4627
:10EA60000121504602F0DDFD8BE0E9B20220DFF724
:10EA7000A9F803E0E9B20220DEF7FEFF014668468E
:10EA800007F0A4F96946504602F088FE79E00121BA
:10EA900032E02846FFF740FF90E096A807F0D8F84C
:10EAA0000022114696A807F0DCF80022012196A862
:10EAB00007F0D7F80022022196A807F0D2F800222A
:10EAC000032196A807F0CDF896A9504602F038FD2C
:10EAD00057E0002110E0E9B20220DFF76BFA08B13D
:10EAE000012100E00021504602F061FC49E0E9B25A
:10EAF0000220DFF709F90146504602F053FF40E0DB
:10EB000087B1781C13D0102F48D8EAB20021022018
:10EB1000DFF7C2FA5B4988422DD1504602F07BFCF8
:10EB20002FE047E01021504602F00BFF29E0EAB247
:10EB3000F1B20220DFF7B0FA5249884204D10AEB61
:10EB4000040002F068FC09E0EAB2F1B20220DFF74B
:10EB5000A3FA01460AEB040002F0D1FF0444B4F525
:10EB6000167F03DA761C102EE1D30BE0052189F81D
:10EB70000010122116E0EAB200210220DFF78CFA21
:10EB80001CE00446002C10DB9D9857280DD07F1CFC
:10EB90000BD0022089F80000322103E0022089F81E
:10EBA00000002A2188F800105C460DF51F7D2046E4
:10EBB000BDE8F08FE9B20220E0F7E9FB01465046DC
:10EBC00002F09DFFDDE72DE9F043ADF5197D044628
:10EBD000D0F8641200256A460C3001F0CDFE022701
:10EBE0004FF02508002804DA84F8697284F86A82F4
:10EBF0000AE0E08857280CD0A068401C09D084F8AF
:10EC00006972322084F86A0200200DF5197DBDE892
:10EC1000F083D4F80200FFF751FE0646E08804F2C4
:10EC20006A235A1E09214FF02809512855D00DDCBE
:10EC300002AB4B284CD004DC1C2875D0242811D101
:10EC400046E04D2856D04F280CD141E0682876D0B8
:10EC500004DC552818D0572804D139E06F2837D064
:10EC6000752852D084F86972202084F86A022846F8
:10EC7000CBE7000070400508EE220020D8250020D8
:10EC8000D827002000007F439DF8020004280CD004
:10EC90000021684604F096FF0500E8D094F8681259
:10ECA0003046FFF784FE05460BE094F86822DDF855
:10ECB00003103046FFF767FE054694F86802062801
:10ECC00006D0002DD3D184F8697284F86A82CEE729
:10ECD00084F8697284F86A92C9E70121684604F0F1
:10ECE00071FF0500C3D09DF80320F1B20220E0F7C8
:10ECF000E4F8BCE79DF80200072824D1F2B294F8AA
:10ED000068120220E0F715F928E09DF802000928B2
:10ED100019D19DF80330F2B294F868120220DFF79F
:10ED2000ECFC1BE000E00AE09DF8020007280AD195
:10ED3000F2B294F868120220DFF78AFD0EE09DF827
:10ED40000200042804D084F8697284F86A128EE7FD
:10ED5000DDF80320F1B20220E0F7AAFA012586E7E8
:10ED600008B1F84B036011B1F64808380860002A72
:10ED700002D0F448001F10607047F349084410F8AF
:10ED8000010C704710B50C4603460022FFF7F5FF53
:10ED9000802B08D2C1B20020DEF714FF01462046C6
:10EDA00007F014F80246104610BD812801D2012058
:10EDB000704700207047E54800787047E449085CD8
:10EDC000401C70472DE9F041002705463C4680284D
:10EDD00011D2E04EEAB2E1B20020DFF75DF9B042B5
:10EDE00006D0EAB2E1B20020DFF756F9074602E0AA
:10EDF000641C102CEED33846BDE8F0812DE9F041BB
:10EE000000240546264680280DD2D24FEAB2E1B250
:10EE10000020DFF741F9B84204F1010401D0264691
:10EE200001E0102CF2D33046E6E710B50B46002186
:10EE3000144680280AD24CB1102C07D8062C05D0D5
:10EE4000C2B221460020DFF772FD0121084610BD45
:10EE500010B5002280280BD251B1102908D80629FC
:10EE600006D0C2B2C9B2BB4B0020DFF760FD012261
:10EE7000104610BD2DE9F04FADF51B7D8246DDE952
:10EE8000A49800241F4626460846FFF776FF05464D
:10EE90004FF0FF3B512A59D00CDC4B2A1BD004DC2D
:10EEA0001C2A23D0242A11D14EE04D2A19D04F2AF2
:10EEB0000CD128E0682A6FD004DC552A25D0572AC7
:10EEC00004D158E06F2A23D0752A4BD0022089F84C
:10EED000000020219FE002460221504602F0A1FBE3
:10EEE0008BE0C1B20020DEF76DFE03E0C1B200206E
:10EEF000DEF7C2FD0146684606F068FF69465046E7
:10EF000002F04CFC79E0022131E0FFF75BFF72E098
:10EF100096A806F09DFE0022114696A806F0A1FED6
:10EF20000022012196A806F09CFE0022022196A84C
:10EF300006F097FE0022032196A806F092FE96A9FD
:10EF4000504602F0FDFA58E0002110E0C1B2002066
:10EF5000DFF730F808B1012100E00021504602F04F
:10EF600026FA4AE0C1B20020DEF7CEFE0146504646
:10EF700002F018FD41E087B1781C13D0102F46D85D
:10EF80000021EAB20846DFF787F8724988422DD19E
:10EF9000504602F040FA30E045E01021504602F0C1
:10EFA000D0FC2AE0EAB2F1B20020DFF775F8694937
:10EFB000884204D10AEB040002F02DFA09E0EAB21B
:10EFC000F1B20020DFF768F801460AEB040002F016
:10EFD00096FD0444B4F5167F03DA761C102EE1D3B7
:10EFE0000CE0052189F80010122114E00021EAB29A
:10EFF0000846DFF751F8014616E00446002C0DDB09
:10F000007F1C0BD0022189F80010322103E002207E
:10F0100089F800002A2188F800105C460DF51B7D58
:10F020002046BDE8F08F0021504602F068FDE4E77D
:10F030002DE9F0410446ADF5187D16460F46002532
:10F04000D0F80200FFF799FE8046FFF7AEFE60B1F0
:10F05000D4F864126A4604F10C0001F08DFC022120
:10F06000002806DA397025200BE0012038701F20B7
:10F0700007E0E088572809D0A268521C06D03970F2
:10F080003220307000200DF5187DB5E60922512898
:10F090004ED00DDC02AB4B2867D004DC1C282DD0F1
:10F0A00024280DD161E04D281CD04F2808D15CE008
:10F0B000552808D0572858D06F2856D0752829D001
:10F0C0003970202053E09DF80200042802D03970E6
:10F0D00032704DE094F86822DDF803104046FFF7E7
:10F0E000A4FE40E09DF80200072825D108F0FF02A9
:10F0F00094F868120020DFF71CFF34E09DF802004E
:10F10000072819D108F0FF0294F868120020DFF7F1
:10F110009FFB28E09DF8020009280DD19DF80330DF
:10F1200008F0FF0294F868120020DFF7E6FA1AE010
:10F130009DF8020009280FD084F8691284F86A2229
:10F1400016E00000A4400508582800207502006061
:10F150005826002000007F439DF8032008F0FF019F
:10F160000020DFF7AAFE012502E039702820307068
:10F17000284688E72DE9F0410C460746FFF7FDFDDC
:10F1800094B3552121804FF0FF360025C4F802606A
:10F19000A57104212172C2B229462846DEF77CFF00
:10F1A000C4F8090084F86452D4F86542E4B16F20D1
:10F1B0002080C4F80260A5710820207204F10900C3
:10F1C000064606F045FD00221146304606F049FD90
:10F1D00000220121304606F044FD00220221304683
:10F1E00006F03FFD84F864523846BDE8F041E0F790
:10F1F000D5BB000030B503780C780022A34221D1A2
:10F20000072B09D9072307E084188D1864786D78D7
:10F21000AC4217D1521CD2B29A42F5D302890B8963
:10F220009A420FD1A2B1837A8A7A93420AD1072BEC
:10F2300000D90723002209E084188D18E47AED7ABA
:10F24000AC4201D0002030BD521CD2B29A42F3D35E
:10F25000012030BDFD49FE4A0AE00B78DB0706D0ED
:10F26000D1F80130834202D10020087070471F316D
:10F270009142F2D9704770B50020821EF349F44CD8
:10F280000BE00B7803F00703012B05D1D1F81B30FD
:10F29000934201D81A4608461F31A142F1D9802570
:10F2A0004FF4616688B9E9490BE00B7803F0070376
:10F2B000032B05D1D1F81B30934201D81A460846DA
:10F2C0001F31A142F1D9002802D00570C0F81B609F
:10F2D00070BD41F6E161DD4809F00DBB10B5DB48BA
:10F2E0000022DB4B0DE00178CC0705D0890702D462
:10F2F000D0F81B1001B902700178090600D5027020
:10F300001F309842EFD910BD30B5D04BD04C19E02A
:10F310001D78ED0715D0D3F80150854211D118782A
:10F3200084070BD43AB140F0040018704FF0FF305E
:10F33000C3F81B0030BD20F004001870C3F81B1088
:10F3400030BD1F33A342E3D930BD70B513460D461F
:10F350000022BE4CBE4915E02678F60711D0D4F83D
:10F36000016086420DD1207880070DD4122204F16D
:10F370000901184609F0A6FAD4F805000122286010
:10F3800002E01F348C42E7D9104670BD2DE9F041F0
:10F390000F4680460026AD4CAD4D11E0207800F0C0
:10F3A000030001280BD1414604F1090006F0BEFB21
:10F3B00028B117B1D4F801003860012602E01F34EB
:10F3C000AC42EBD93046BDE8F0812DE9F0470E465E
:10F3D0000546914600219D4C4FF461679C4824E00E
:10F3E0002278D20720D0D4F80120AA421CD11222C0
:10F3F000494604F1090009F065FAC4F8056020786F
:10F400009449820709D4420702D54FF0FF3104E046
:10F41000020702D5C4F81B7001E0C4F81B1020F0ED
:10F4200002002070BDE8F0871F348442D8D900293B
:10F43000F8D1864C4FF0010803E02278D20708D0BB
:10F440001F348442F9D90029ECD1FFF714FF0400DE
:10F45000E8D084F80080C4F80150C4F80560122296
:10F46000494604F1090009F02DFAC4F81B70D9E7E8
:10F470002DE9F0410F46134605460026734C7449AA
:10F480001FE02078C0071BD0D4F80100A84217D194
:10F490002078800712D40126122204F109011846AF
:10F4A00009F010FAD4F8050038602078010705D576
:10F4B00020F0080020706748C4F81B00304682E73F
:10F4C0001F348C42DDD9614803244FF4616604E0A7
:10F4D000027812F0810F05D01F308842F8D9FFF76B
:10F4E000CAFE20B10470C0F80150C0F81B600020B3
:10F4F00069E770B50D461346544C554919E022781A
:10F50000D20715D0D4F80120824211D11222194617
:10F5100004F1090009F0D6F9C4F80550207820F06C
:10F5200002002070400702D44A48C4F81B0070BD96
:10F530001F348C42E3D970BD70B50E4601460020E1
:10F540001546FF2914D2414AC1EB41118C1821788C
:10F5500001F0030101290BD1122204F1090118461F
:10F5600009F0B0F954F8010F30606068286001209C
:10F5700070BD00203549364A06E00B7803F00303DE
:10F58000012B00D1401C1F319142F6D97047F0B5D4
:10F59000ADF5177D064600252C4C2D4F22E0207836
:10F5A00000F0030001281CD1D4F8012070190821B3
:10F5B00002F037F80544B4F81110701902F0C1F9DF
:10F5C000E27C054412B104F1140102E0627A04F114
:10F5D0000A01684606F03AFD7019694602F046F8DD
:10F5E00005441F34BC42DAD90DF5177D2846F0BD1D
:10F5F0002DE9F04FADF5197D8146002701F114008A
:10F600000D46B846969006F023FB002211469698C8
:10F6100006F027FB00220121969806F022FB00222B
:10F620000221969806F01DFBA86AC0F5167B002003
:10F63000E862FFF79EFF5FEA000A21D0686A0123B3
:10F64000082802D1C5F83DA06B6305E03AA204602A
:10F65000FCC0046080510100D5F83D0000280CDAA0
:10F660006A6B511C0144012903DAC5F83D206B6324
:10F6700003E069634042C5F83D00686B504504D91A
:10F6800000200DF5197DBDE8F08FD5F83D1001443F
:10F69000491E9791514501D9CDF85CA23D4C0126F8
:10F6A00000E01F34217801F003010129F9D106E0BF
:10F6B00014F81F1B01F00301012900D1761CB04290
:10F6C000F6D198963AE0BBF1110F05D20122022142
:10F6D000969806F0C6FA34E0D4F8012009EB07004A
:10F6E000082101F09EFF804607EB0802B4F81110D4
:10F6F00002EB090002F025F9E27C804412B104F12A
:10F70000140102E0627A04F10A01684606F09EFCE8
:10F7100007EB080101EB0900694601F0A7FF40442F
:10F72000ABEB000B0744B046E86A761C401CE8626D
:10F7300014F81F0F00F003000128F9D197988642B2
:10F74000C1D99898012804D101220021969806F089
:10F7500088FAD04504D101221146969806F081FA24
:10F7600038468EE730B50B4900240B4B0FE00A7882
:10F7700012F0810F0AD0520708D4D1F81B20824220
:10F7800003D3121AC1F81B2000E00C701F319942FC
:10F79000EDD930BD3AA20460FCC004601E2802D23C
:10F7A000FE4A42F820107047FD49486070470B2818
:10F7B00003D2FA4A783242F82010704730B500215F
:10F7C0000A460C4628281CD2F54B10335D5C854256
:10F7D00003D1F2480DE0012213E0491C1E29F5DB9C
:10F7E0007CB9EF4B00212E335C5C844206D1EB48A0
:10F7F000783050F821000028EDD102E0491C0B2997
:10F80000F2DB104630BD70B5002304461846137075
:10F81000282C07D2E24D1035EE5CA64203D1012020
:10F820000B60107070BD5B1C1E2BF5DB0028F9D13E
:10F83000DB4B00222E339D5CA54202D101200A60E1
:10F8400070BD521C0B2AF6DB70BD1D2814D2DFE8F8
:10F8500000F00F0F0F13130F13130F0F130F1313CA
:10F86000130F0F0F130F0F130F13130F130F0F009F
:10F87000CA4AA43242F820107047C21E1B2A13D273
:10F88000DFE802F00E0E120E0E12120E120E0E0E07
:10F890001212120E12120E120E0E120E12120E0072
:10F8A000BE4AA43242F8201070471E2802D2BD4A38
:10F8B00042F820107047BA4988607047B849C8605C
:10F8C00070472DE9F0470446DDE9088900781E46B7
:10F8D000C0F3C000107020781546C0F3800050704F
:10F8E00020780F46C0F340009070607801F0C0FBB4
:10F8F000C5F80300607801F0D6FBC5F80700A078D2
:10F90000E8722978032021B1E078287320796873A0
:10F910000520215C401C31702218391AC8F80020DB
:10F92000A9F80010BDE8F0879D48408870479C49C1
:10F93000488070479A480078704799490870704726
:10F940002DE9F0418EB080464FF0000007900890FE
:10F9500009900A90ADF8180002901D4616460C005A
:10F960008DF8100005908DF80C000B900C9073D062
:10F97000217801F0F0021211062A22D2DFE802F00B
:10F98000034CD2D621FC06A905A8CDE9000104ABA1
:10F9900007AA31462046FFF794FF9DF810000C2877
:10F9A00010D00E2817D00F281ED0102825D01228CE
:10F9B0002CD0009507AB4246BDF81810059804F00E
:10F9C00011F914E1009507AB4246BDF818100598EF
:10F9D00003F0ACFF0BE1009507AB4246BDF81810F1
:10F9E000059804F044FF02E1009507AB4246BDF8DC
:10F9F0001810059804F032F8F9E0009507AB42467C
:10FA0000BDF81810059805F09FF8F0E0002D6CD1B6
:10FA100065490A20087068E061788DF81010B11E01
:10FA2000A31C9DF8102089B20593ADF81810082A80
:10FA300045D125B1012D1FD0022D1DD0D7E0052EB7
:10FA400005D11878DF2802D15878FD2805D0424624
:10FA5000184603F0DFFF32E0D3E0E0F725F8534922
:10FA600001200870059852498078C0EB0010800092
:10FA70000880E0F736F822E00090019001AB6A467A
:10FA800089B2059807F010FD10F0FF0709D002F0C9
:10FA9000F9FA009988421ED302F0F4FA01998842DB
:10FAA00019D82946434807F057FA4FF0FF30009025
:10FAB0000198401C00D017B90020E8F751FD9DF8CF
:10FAC0001000072809D004280FD0092814D00628D0
:10FAD00019D0F8B18BE00098EFE72B464246BDF80D
:10FAE0001810059808F030FB81E02B46424631465D
:10FAF0002046E6F7AEFC7AE04246BDF818100598BD
:10FB000008F0F9FA73E04246BDF81810059808F0BD
:10FB1000CBFA6CE02B464246BDF81810059803F06E
:10FB200056FD64E0A0788DF8100060E0C1F3C001DC
:10FB3000022001B10420215C401C27188DF8101010
:10FB4000301A81B29DF810000597ADF818100C28F6
:10FB500004D0122809D01A2849D106E02A46314695
:10FB60002046E5F7F9FF42E006E0334622463846F4
:10FB70000095E6F768FA3AE0A07803268DF81000C1
:10FB8000122805D1E01C002101F0E6FB00B104269B
:10FB9000A01902AA03A901F035FB0DE020480020BE
:10FBA000F02200203C490020A120002097210020C5
:10FBB0008C010060686100200644A0190CAA02991B
:10FBC00001F0CDFE0644A01902AA03A901F01AFB18
:10FBD0000644A0190BAA029901F0C1FE9DF810106D
:10FBE0003044122903D12044002101F0CBFB40F224
:10FBF00039104543044840F2722100EB450008F0FB
:10FC00007AFE0EB0BDE8F081F65E002008B1B64B7A
:10FC1000036011B1B44808380860002A02D0B24825
:10FC20000C3810607047412801D201207047002035
:10FC30007047AE4800787047AD49085C401C70477B
:10FC40007047AC49084410F8010C70470020704719
:10FC50000020704700B5FFF7F4FF402802D2A64A03
:10FC60000021115400BD2DE9F0410C460746FFF775
:10FC7000E8FFCCB3552121804FF0FF36C4F8026075
:10FC80000025A57109212172C2B229460320DEF7A1
:10FC900003FA09F049FAC4F8090084F86452D4F868
:10FCA00065420CB36F202080C4F80260A571082063
:10FCB000207204F10900064605F0CAFF0022114631
:10FCC000304605F0CEFF00220121304605F0C9FF85
:10FCD00000220221304605F0C4FF002203213046F5
:10FCE00005F0BFFF84F864523846BDE8F041DFF705
:10FCF0003EBE0020704710B50C4603460022FFF7B9
:10FD0000A0FF402B08D2C1B20320DDF75BFF014604
:10FD1000204606F05BF80246104610BD2DE9F04380
:10FD2000ADF51B7D8146DDE9A25498460846FFF7F4
:10FD300088FF0227FE1E4F2A2AD008DC1C2A1AD070
:10FD4000242A5BD04B2A0BD04D2A06D10EE0542A30
:10FD500056D0552A1ED06F2A28D02F70202047E079
:10FD600002460321484601F05CFC3AE0C1B20320A0
:10FD7000DDF728FF03E0C1B20320DDF77DFE014679
:10FD8000684606F023F86946484601F007FD28E07A
:10FD9000032107E0C2B200210320DEF77DF909F05C
:10FDA000C3F92FE0484601F0FDFD1AE096A805F0E2
:10FDB0004FFF0022114696A805F053FF00220121B3
:10FDC00096A805F04EFF0022022196A805F049FFF3
:10FDD0000022032196A805F044FF96A9484601F0A9
:10FDE000AFFB002806DBB8F1FF3F03D02F703220B5
:10FDF000207030460DF51B7DBDE8F0830021D1E772
:10FE0000DFF7B7FC0146CDE7F0B5ADF5197D044647
:10FE1000D0F8641200256A460C3000F0ADFD0226D1
:10FE20002527002804DA84F8696284F86A7207E0FA
:10FE3000A068401C08D084F86962322084F86A0205
:10FE400000200DF5197DF0BDE0884F2845D008DC75
:10FE50001C2842D0242840D04B283ED04D280BD11E
:10FE60003BE004F26A235A1E512814D054281DD0B6
:10FE7000552805D06F2830D084F8696220202FE003
:10FE80000921684603F09EFE05002BD0DDF8030033
:10FE9000012827D91BE00121684603F093FE0500E5
:10FEA00020D0D4F80200FFF7CCFE1BE00921684601
:10FEB00003F088FE050015D0DDF80300022806D205
:10FEC0009DF80310D4F80200DFF767FC0AE084F81D
:10FED0006962002584F86A7204E084F86962282067
:10FEE00084F86A022846ACE7C840050829230020A8
:10FEF0009825002098270020B449002008B1F34B32
:10FF0000036011B1F14808380860002A02D0EF48B8
:10FF10000C3810607047812801D201207047002002
:10FF20007047EB4800787047EA49085C401C70470E
:10FF3000E949084410F8010C704710B50C46034617
:10FF40000022FFF7F5FF802B08D2C1B20920DDF7B0
:10FF500039FE0146204605F039FF0246104610BD25
:10FF60002DE9F041002605463446802813D2DB4FA8
:10FF7000EAB2E1B20920DEF78FF8B84208D0EAB25F
:10FF8000E1B20920DEF788F809F0CEF8C6B202E047
:10FF9000641C102CECD33046BDE8F0812DE9F04F05
:10FFA000ADF51B7D9846DDE9A4A906460B46002465
:10FFB0000846FFF7BDFF05464FF0FF3B512A5AD0D8
:10FFC0000CDC4B2A17D004DC1C2A1FD0242A0DD1AC
:10FFD0004FE04D2A15D04F2A08D124E0542A4FD0A3
:10FFE000552A22D0572A52D06F2A26D002208AF8CA
:10FFF00000002021A4E01A460521304601F011FB43
:020000040803EF
:100000005CE0C1B20920DDF7DDFD03E0C1B20920EB
:10001000DDF732FD0146684605F0D8FE69463046F8
:1000200001F0BCFB4AE005212DE0C2B2002109200D
:10003000DEF732F809F078F824E096A805F008FE1B
:100040000022114696A805F00CFE0022012196A878
:1000500005F007FE0022022196A805F002FE00220C
:10006000032196A805F0FDFD96A9304601F068FA37
:1000700024E0002107E00021304601F098F91DE05E
:10008000DFF7DBFB0146304601F08CFC16E0002771
:10009000B8F1000F14D0B8F1FF3F16D0B8F1100F2F
:1000A0004AD8A8F10104EAB2E1B20920DDF7F4FF71
:1000B0008A49884237D1304601F0ADF9044623E041
:1000C0001021304601F03DFCF8E7EAB2394609203C
:1000D000DDF7E2FF8149884203D1301901F09BF935
:1000E0000AE0EAB239460920DDF7D6FF09F01CF82C
:1000F000C1B2301901F056FC0444B4F5167F0DDA94
:100100007F1CFFB2102FE0D3002C1CDBB8F1FF3FA7
:1001100019D002208AF80000322111E005218AF866
:10012000001012210CE0EAB2E1B20920DDF7B4FFC1
:1001300008F0FAFFC1B2A6E702208AF800002A21DF
:1001400089F800105C460DF51B7D2046BDE8F08F58
:100150002DE9F0470446ADF5187D15460E460027FB
:10016000D0F80200FFF7D7FE88B1D4F864126A46CF
:1001700004F10C0000F000FC4FF002084FF0250ADB
:10018000002808DA86F8008085F800A00DE001203C
:1001900030701F2008E0E08857280BD0A068401C72
:1001A00008D086F800803220287000200DF5187DD8
:1001B000BDE8F087D4F80200FFF7BAFE8146E08878
:1001C00009214F287CD009DC02AB1C284BD0242805
:1001D00076D04B2874D04D2808D138E0512826D04D
:1001E000542852D0552805D06F2869D086F8008051
:1001F000202068E09DF8020009281CD1DDF80300EA
:10020000012807D0DDF8030020B186F8008085F8CA
:1002100000A059E09DF8030008F04AFF034609F0EA
:10022000FF0294F868120920DEF781FB2BE09DF8AD
:100230000200012803D086F80080297044E09DF870
:10024000032009F0FF010920DEF737FE1BE09DF8CF
:10025000020007280BD109F0FF0294F86812092068
:10026000DEF767FE0FE09DF80200072804D084F84F
:10027000698284F86A1227E009F0FF0294F8681294
:100280000920DEF7E5FA01271EE004F26A235A1E70
:100290000921684603F096FC070015D0DDF803003D
:1002A000022807D29DF80310D4F80200DFF7D8FA2D
:1002B0000AE005E084F86982002784F86AA203E076
:1002C00086F800802820287038466FE7F44005083B
:1002D00076020060D8260020D828002000007F4346
:1002E00008B1F94B036011B1F7482C300860002ABF
:1002F00002D0F548001F10607047412801D201204C
:10030000704700207047F14800787047F049085C5A
:10031000401C7047EF49084410F8010C7047F8B5CD
:1003200000218DF800100C46C0B26946EBF77AFC4C
:100330009DF800100420DFF72AF808F0F5FEC5B29A
:100340009DF80000402815D2E34EE1B29DF8002050
:100350000420DDF7A1FEB04209D0E1B29DF80020F3
:100360000420DDF799FE08F0DFFEC5B202E0641C50
:10037000102CEAD32846F8BD2DE9F041C5B200247F
:1003800029460420DFF703F808F0CEFEC6B2402D60
:1003900013D2D14FE1B22A460420DDF77DFEB842E8
:1003A00008D0E1B22A460420DDF776FE08F0BCFE54
:1003B000C6B202E0641C102CECD33046BDE8F081DC
:1003C00010B50C4603460022FFF7A4FF402B08D2CD
:1003D000C1B20420DDF7F6FB0146204605F0F6FC2D
:1003E0000246104610BD2DE9FF4FADF51B7D0746B7
:1003F000DDE9A8A90024984626460846FFF78AFFAB
:1004000005469D984FF0FF3B512859D010DC2E280F
:100410007ED006DC04287CD01C2827D0242815D1C7
:100420004CE04B2817D04D281BD04F280ED123E08D
:1004300068286FD006DC54284ED055281ED0572887
:1004400004D14EE06F281DD0752875D002208AF89F
:1004500000002021A6E02A460421384601F0E1F8F8
:100460008EE0E9B20420DDF7ADFB03E0E9B2042041
:10047000DDF702FB0146A5E004217EE02846FFF7F8
:100480007BFF2CE096A805F0E3FB0022114696A81E
:1004900005F0E7FB0022012196A805F0E2FB01220E
:1004A000022196A805F0DDFB0122032196A805F0A4
:1004B000D8FB96A9384601F043F861E000215CE0E2
:1004C000E9B20420DDF776FD08B1012100E000214A
:1004D000384600F06CFF53E02846DFF77DF901460F
:1004E0004BE0B8F1000F16D0B8F1FF3F18D0B8F1CB
:1004F000100F53D8A8F10104EAB2E1B20420DDF7ED
:10050000CBFD7549884230D1384600F084FF37E092
:1005100057E054E04EE01021384601F012FA2FE087
:10052000EAB2F1B20420DDF7B7FD6B49884204D18D
:10053000381900F070FF0BE04CE0EAB2F1B2042091
:10054000DDF7AAFD08F0F0FDC1B2381901F02AFA72
:100550000444B4F5167F03DA761C102EE0D310E0C5
:1005600005218AF8001012211CE0EAB2E1B2042051
:10057000DDF792FD08F0D8FDC1B2384601F012FA5D
:100580000446002C11DB9D9857280ED0B8F1FF3F90
:100590000BD002208AF80000322103E002208AF802
:1005A00000002A2189F800105C460DF51F7D2046C9
:1005B000BDE8F08FE9B20420DEF7E9FEDAE747A1F3
:1005C00000E047A1684605F001FC6946384601F0A5
:1005D000E5F8D5E7E9B20420DDF796FB7FE72DE9E2
:1005E000F043ADF5197D0446D0F8641200256A4643
:1005F0000C3000F0C1F902274FF02509002804DA79
:1006000084F8697284F86A920AE0E08857280CD06E
:10061000A068401C09D084F86972322084F86A020C
:1006200000200DF5197DBDE8F083D4F80200FFF736
:1006300071FE0646E08804F26A2328215A1E4FF014
:10064000090C512879D011DC02AB2E2869D006DCC8
:10065000042866D01C286ED0242817D161E04B28CE
:100660005FD04D2876D04F2810D15AE0672858D057
:1006700006DC542879D055280FD0572806D150E0F1
:10068000682873D06F284CD075287CD084F86972A4
:10069000202084F86A022846C3E79DF80200092852
:1006A00020D00021684603F08DFA0500F3D094F8BD
:1006B0006802A0B3102832D8401EC1B2064BF2B275
:1006C0000420DEF734F9E6E71C4105082A23002060
:1006D000182600201828002000007F436F6E0000BD
:1006E0006F66660094F86882B8F1000F1ED0B8F10A
:1006F000100F1BD8B8F1060F13D0DDF80300012846
:1007000014D89DF80300A8F1010808F0D1FC0346B5
:10071000F2B208F0FF010420DEF709F952E064E0CC
:100720000BE084F8697284F86A12B4E784F869729D
:1007300084F86A92AFE71BE00CE00121684603F001
:1007400041FA0500A7D09DF80320F1B20420DEF79E
:10075000B4FBA0E79DF80200072825D1F2B294F877
:1007600068120420DEF7E5FB2CE02DE018E00AE03B
:100770009DF80200072817D1F2B294F868120420FD
:10078000DEF766F81EE09DF8020009280CD19DF8FE
:100790000330F2B294F868120420DDF7AEFF11E0E6
:1007A0009DF80200092804D084F8697284F86AC2AE
:1007B00071E7DDF8030008F07BFC0246F1B204208B
:1007C000DEF776FD012566E70921684603F0FAF9B0
:1007D0000500AAD0DDF80300022806D29DF8031018
:1007E000D4F80200DFF70CF855E700259EE700007B
:1007F00030B40446002000290FD0002C0DD08A7898
:100800000D2A0AD2DFE802F0070B10161C22292E4F
:1008100033383E4348002270012030BC7047C9780D
:10082000204630BC00F0C3BDD1F80310204630BCD8
:1008300001F087B8D1F80310204630BC01F02DB983
:10084000D1F80310204630BC01F059B951F8032FFC
:1008500020464B6830BC01F070B9204630BCC91C42
:1008600000F004BF204630BCC91C00F097BF2046F2
:1008700030BCC91C00F064BED1F80310204630BC67
:1008800001F090B8204630BCC91C01F0F3B92046F5
:1008900030BCC91C01F07DB9D1F80520B1F80310B6
:1008A000204630BC00F0BDBE2DE9FC411C46174679
:1008B0000D46002698B394B30D2D52D2DFE805F013
:1008C00051070C11161B20252A30353A40001046DE
:1008D00000F09BFDE0704CE0E21C394600F0C5FFE3
:1008E0002CE0E21C394601F087F827E0E21C39468B
:1008F00001F0D1FA22E0E21C394601F013FB1DE0C1
:10090000E21C394600F0F3FE18E0E21C394600F024
:100910007CFF13E0E21C394600F0A6FD0EE021E06A
:10092000E21C394601F01BF808E0E21C394601F0F0
:10093000C9F903E0E21C394601F051F9064610E01E
:100940000021ADF80010019101AB6A46394600F074
:100950002EFE0646BDF80000A4F803000198C4F876
:10096000050036B92DB1012D03D0062D01D0102080
:10097000A0703046BDE8FC812DE9FC414FF0000637
:100980001446050037468DF8006001961CD0DCB196
:100990002878000718D4277001AA6946284600F075
:1009A00031FC78B19DF800100646A170A8192346C5
:1009B000019AFFF779FFA178102901D0064401E0E0
:1009C0004FF0FF36C4F85A723046D3E72DE9FC41A8
:1009D0000027FA4D14468DF800703E46019708B185
:1009E00085E8830054B3696841B32A68A868135C3A
:1009F0001B0723D41044277001AB6A4600F03BFC70
:100A0000D0B1A9680A18AA606968081A68609DF8D8
:100A10000010012902D0019B83420DD8A1702868E3
:100A200023461044019AFFF73FFFA9680144A960DB
:100A30006968081A01266860C4F85A72304699E756
:100A400003004FF000000BD00D2909D2DFE801F0C0
:100A500008080707070707070707070707001046E3
:100A600070477CB54FF0000405008DF804400094F9
:100A700010D0287800070DD46A4601A9284600F056
:100A8000C1FB38B1044628199DF80410009AFFF7FD
:100A9000D7FF044420467CBD30B404460020002A21
:100AA00057D0002C55D093780D2B52D2DFE803F0AD
:100AB000070B10161C222A2F34393F4449002046C8
:100AC00030BC00F0ACBCD278204630BC00F075BC25
:100AD000D2F80320204630BC00F017BFD2F8032024
:100AE000204630BC00F0E7BFD2F80320204630BCDF
:100AF00001F015B852F8030F53680246204630BC87
:100B000001F02CB8204630BCD21C00F0CEBD2046EF
:100B100030BCD21C00F05DBE204630BCD21C00F0C0
:100B200022BDD2F80320204630BC00F049BF204649
:100B300030BCD21C01F0ACB8204630BCD21C01F055
:100B400036B8D2F80530B2F80320204630BC00F0A9
:100B500057BD62E602461020982A45D019DC352A96
:100B60003AD00ADC022A26D0262A21D101292DD00A
:100B700002291DD003291BD119E0662A2CD0842A12
:100B800016D119B3012923D0022910D003290FD17E
:100B90001CE0D32A23D0D42A03D0D62A01D0DA2AC3
:100BA00006D121B1012902D0022901D101E00220A0
:100BB0007047042070470929FCD2DFE801F00707DD
:100BC00009060506060B0B00F4E7F0E70C2070475A
:100BD00009207047012070470029FCD1F6E7002961
:100BE000F4D00129F7D1F1E70529F4D2DFE801F0CB
:100BF000060605040300DCE7D9E7EBE7EBE770B591
:100C00000C0003464FF000050FD073B16178104619
:100C1000FFF7A0FF102805D2617822461846FFF79B
:100C20003BFF05460020C4F85A02284670BD2DE956
:100C3000FC414FF000040600984615460F4620463A
:100C40008DF80040019432D065B3317809072ED574
:100C500001212970C5F85A0201AA6946304600F000
:100C6000D1FA040023D0BC4205D89DF800103046CC
:100C700000F088FB10B1012C18D018E09DF800108E
:100C800069704046FFF766FFA870102807D2264417
:100C900001462B463046019AFFF706FE01E0019817
:100CA00008B1044403E04FF0FF3400E00024204684
:100CB00060E67CB54FF00004164605008DF8004054
:100CC000019418D02878000715D501AA694628464E
:100CD00000F098FA78B104469DF800103046FFF70E
:100CE00039FF0146102804D22819019AFFF7A8FEFF
:100CF00000E00198044420467CBD03460020002902
:100D00000AD0002B08D0087820B148780A4601465E
:100D10001846C1E618466BE5704770B50C460500ED
:100D20004FF0010647D094B3A078A870A0780D28A2
:100D30003CD2DFE800F03C070A0A0A0F181D220A1D
:100D4000272D3200E078E87031E0D4F80300C5F8D0
:100D500003002CE0D4F80300D4F80710C5F8030012
:100D6000C5F8071023E0E11CE81C05F0BCF91EE003
:100D7000E11CE81C05F04CF819E0E11CE81C04F04B
:100D8000C6FF14E0E11CE81C05F0B5FB0FE012E023
:100D9000E11CE81C05F0BCFB09E0B4F80300A5F871
:100DA0000300D4F80500C5F8050000E00026D4F8DB
:100DB0005A02C5F85A02304670BD00007802006041
:100DC0002DE9FC5F002706468DF80070019700783A
:100DD000934600F007008846062840D1304601AA15
:100DE000694600F00FFA9DF80090044601254FF087
:100DF000FF3A305D00F0070106290CD0C1434907D6
:100E000014D00007A8EB040106EB04001AD55A46DB
:100E1000FFF74FFF18E0301901AA694600F0F2F918
:100E20009DF800204A450FD16D1C09E0301901AA38
:100E3000694600F0E7F99DF800204A4504D16D1E8F
:100E4000EDB201E0FFF70DFE044415B1002802DD0C
:100E50000744444501D9574601E0002DC9D1384621
:100E6000BDE8FC9FF0B58DB04FF0000614000F46B2
:100E70000296354603967BD0102879D20125A070C2
:100E80000D2810D2DFE800F095073A121A212A2F18
:100E9000353A40638C0000221146384607F032FE96
:100EA00010B10120E07084E0E67082E0002211467B
:100EB000384607F027FEC4F803007AE000213846E0
:100EC0000BF0E4F808F08FF9F5E7002138460BF055
:100ED000DDF8C4F80300C4F807106AE03946E01CE6
:100EE00005F0D9F803E03946E01C04F06FFF054631
:100EF0005FE00025E01C04F0ABFE5AE00022114642
:100F0000384607F037FED6E70BA909A8CDE900015E
:100F100008AB07AA2DA1384607F032FD032802D0FE
:100F200004280AD044E00998C3B20898C2B20798CE
:100F300081B2E01C05F0CDF93BE00798A4F803006E
:100F4000089860710998A0710B98E07131E00AA9C6
:100F500006A8CDE9000105AB04AA20A1384607F098
:100F60000FFD042805D003280CD0022811D01FE063
:100F700021E00498E07005982071069860710A9845
:100F8000A07116E00498E0700598207106986071D1
:100F900004E00498E070059820716671A67108E07D
:100FA00003AB02AA11A1384607F0EAFC022805D0DB
:100FB0000025C4F85A620DB02846F0BD0298A4F886
:100FC00003000398C4F80500F3E700002534642FFC
:100FD0002533642F2533643A253364002533643A7E
:100FE0002533643A2533642E253364002534643A6E
:100FF0002537640002460020022A1ADB042A01DA9F
:10100000102016E0082A01DA202012E0102A01DA66
:1010100030200EE0202A01DA40200AE0402A02DADD
:101020004FF0500005E002D14FF0600001E04FF0BA
:101030007000322903DD802902DC40F00100704796
:10104000CE2902DC40F002007047B1F5F07F02DCEF
:1010500040F003007047B1F5806F02DC40F00400FF
:10106000704740F2C4529142FADC40F005007047EC
:10107000014601F0F00100200911082906D2DFE83D
:1010800001F0050406080A0C0E1002207047042027
:10109000704708207047102070472020704740207C
:1010A0007047412070470146002001F00F010629DA
:1010B00005D2DFE801F0030507090C0F3220704765
:1010C00080207047CE2070474FF4F07070474FF487
:1010D0008060704740F2C450704770B5012400250D
:1010E00005700AB10822027002780E2903D842EA7C
:1010F0000111017004E042F0F0020270417002241C
:101100000178042B02D8194301701AE041F005015F
:101110000170FD2B02D80355641C12E0B3F5803F2B
:1011200007D2FE210155641C99B2204400F008FE4C
:1011300006E0FF210155641C2044194600F022FE00
:101140000444204670BD0823012203700E2903D8F1
:1011500043EA0111017003E0F8220270417002229B
:10116000017841F006010170104670470823012202
:1011700003700E2903D843EA0111017003E0F8223D
:10118000027041700222017841F00701017010469F
:10119000704710B5034601201A780F24B4EB121FD4
:1011A00004D109B158780870022010BD0029FCD084
:1011B00012090A7010BD034610B5002000290AD09C
:1011C00018780F24B4EB101F06D1022904D30AB1FA
:1011D00058781070022010BD0AB10009107001206B
:1011E00010BD007800F00700062801D000207047ED
:1011F000012070470078C043400701D000207047AD
:10120000012070477CB514460546FFF7C2FF2A78D7
:1012100002F00701052903D0002306291FD021E091
:10122000295CFF2905D0FE290DD004B12160401CA6
:101230007CBD461CA81901A900F0ADFD3044002C6E
:10124000F6D0019909E0461CA819694600F07DFD19
:101250003044002CECD0BDF8001021607CBD0CB1F6
:1012600023607CBDD243520702D0002CF5D17CBD57
:10127000002CF5D17CBDF8B51C460E460546FFF79F
:101280009AFF002814DD2B78311A03F00702052A93
:1012900003D00021062A27D029E02A5CFF2A08D0A3
:1012A000FE2A12D01ED2E9B104B1226000F1010081
:1012B000F8BD052916D3461CA819694600F06BFD38
:1012C0003044002CF4D000990FE003290AD3461CC7
:1012D000A819694600F039FD3044002CE8D0BDF86B
:1012E000001002E00020F8BD0CB12160F8BDDB4326
:1012F0005B0703D0002CF9D02260F8BD002CF4D19C
:10130000F8BD38B50D46002204468DF80020694628
:10131000FFF73FFF2078000705D59DF80000A842A1
:1013200001D1012038BD002038BD78B50546002028
:101330000E468DF80000144669462846FFF729FF3F
:1013400020602878000705D59DF80000B04201D143
:10135000012078BD002078BD38B50D460022044636
:101360008DF800206946FFF714FF207800F0070091
:10137000062805D19DF80000A84201D1012038BD02
:10138000002038BD38B50D46002204468DF80020F7
:101390006946FFF7FEFE2078C043400705D19DF85F
:1013A0000000A84201D1012038BD002038BD002333
:1013B00001B10123002201218FE670B514460123FB
:1013C00005461A46FFF789FE2C54401C70BD0146A5
:1013D00000200978002900D00120704778B5154613
:1013E000002604466A460096FFF79FFF50B100981A
:1013F000205C10B10120287000E02E700098401C85
:10140000009078BD4FF0FF30FAE701004FF0000088
:1014100000D00120704700231A4619465DE60023DC
:1014200001225AE601460020CA0700D080208A0720
:1014300001D540F040004A0701D540F020000A07DE
:1014400001D540F01000CA0601D540F008008A0618
:1014500001D540F004004A0601D540F0020009061B
:1014600001D540F0010070472DE9F0410746002505
:101470000E4690462C46104604F0EAFBBEB1761E9E
:101480000F2E14D8012509E0785D6D1CFFF7CAFF07
:101490000246E1B2404604F023FC641CB442F3D39C
:1014A0003878F1B200F00702404604F023FC2846E9
:1014B000BDE8F08177B581B0164604469DF8081066
:1014C000FFF71FFF68B120466A4602A9FFF79AFEA0
:1014D0000546601932460099FFF7C6FF284404B05C
:1014E00070BD4FF0FF30FAE72DE9F041064688461F
:1014F0000025084604F0DFFB80B1404604F0DDFB28
:101500000746404604F0D7FBC7F1010100EBC100DC
:10151000C0B2C0F10800307001240DE0002030702E
:1015200001240BE02946404604F0D1FBFFF77AFF87
:101530006D1C3055EDB2641CBD42F3D32046B7E7B5
:1015400070B506460D46084604F0B7FB431C002262
:1015500008213046FFF7C1FD044630192946FFF740
:10156000C3FF204470BD70B506460C4615461046B4
:1015700004F0A3FB431C012221463046FFF7ADFDDA
:10158000044630192946FFF7AFFF204470BD38B537
:101590000C46002100911546694600F0FCFB0099BD
:1015A000890D21800099C1F31501296038BD30B43F
:1015B0001446042902D030BC00207047214630BCBC
:1015C0001A46E4E7F8B504460020164600901D468A
:1015D00020466A46FFF7A9FE40B100982A462044FB
:1015E0003146FFF7D4FF0099084401E04FF0FF3087
:1015F0000090F8BD0B46114663F39F5100F0C2BB4B
:101600002DE9F0411D461646074604230122FFF747
:1016100064FD044638192A463146FFF7EBFF2044A3
:1016200046E770B50446401CFFF7E4FF0546034655
:1016300000220C212046FFF750FD284470BD2DE903
:10164000F0414FF0000506460F002C460CD008462E
:1016500004F03DFD0546384604F03FFD02E0015D23
:101660003155641CAC42FADB284621E770B50646CA
:101670000D004FF0000015D0084604F028FD034689
:10168000002206213046FFF728FD0446284604F0D4
:101690001EFD2044B0F5167F05D230192946FFF70C
:1016A000CEFF204470BD002070BD70B505000C4613
:1016B00016464FF0000017D0002E15D0104604F04B
:1016C00006FD0346012221462846FFF706FD044693
:1016D000304604F0FCFC2044B0F5167F05D22819F2
:1016E0003146FFF7ACFF204470BD002070BD70B5DF
:1016F00013460D460A4601460024184604F0A6FC8F
:1017000000B12C46204670BD77B581B0054600205B
:101710000090164628469DF80810FFF7F2FD70B1BC
:1017200028466A4602A9FFF76DFD0446291930468E
:10173000009A04F08BFC20B10098044401E04FF0C3
:10174000FF342046CBE670B50400049D05F101008E
:101750000BD0884209D82270002103E05A5C661839
:10176000491C7270A942F9D370BD002070BDF8B554
:1017700006460F46084604F039FB0546384604F095
:101780003BFB0446384604F03DFB024623464FF43B
:10179000167130460095FFF7D6FFF8BD2DE9F041F0
:1017A00007460E46084604F021FB451C2B46002246
:1017B00007213846FFF791FC04462844B0F5167F10
:1017C00005DA38193146FFF7D2FF204470E60020D1
:1017D0006EE62DE9F04107460C461646104604F029
:1017E00005FB451C2B46012221463846FFF775FCB8
:1017F00004462844B0F5167F05DA38193146FFF75C
:10180000B6FF204454E6002052E670B50C4616465A
:101810000178421C0025631E304604F0AFFA00B187
:101820002546284670BD77B581B00546002000905A
:10183000164628469DF80810FFF763FD88B1284634
:101840006A4602A9FFF7DEFC0446009B2A19295DBF
:101850003046521C5B1E04F091FA20B100980444FB
:1018600001E04FF0FF34204639E638B50C464FF022
:1018700000011500ADF8001008D0012C08D0022C92
:1018800009D0032C0ED0042C10D01160204638BD96
:1018900000781060FAE7694600F057FABDF80000DA
:1018A0002860F3E7114600F060FAEFE7114600F018
:1018B00072FAEBE777B581B0164604469DF808103A
:1018C000FFF71FFD60B120466A4602A9FFF79AFCA8
:1018D0000546601932460099FFF7C7FF2844FEE528
:1018E0004FF0FF30FBE5FF2902D80170012070475F
:1018F000B1F5803F02D289B200F022BAB1F1807F07
:1019000001D200F02BBA00F03DBA70B5144606467D
:10191000FF2A01D801230AE0B4F5803F01D2022357
:1019200005E0B4F1807F01D2032300E0042301220B
:10193000FFF7D3FB054670192146FFF7D4FF284473
:1019400070BD70B50446401CFFF7CDFF0546034649
:10195000002202212046FFF7C0FB284470BD38B5A5
:101960001446002200926A46FFF77FFF002C01D048
:101970000099216038BD7CB516460446FFF7C1FCCE
:1019800060B120466A4601A9FFF73CFC0546601994
:1019900032460099FFF7E3FF28447CBD4FF0FF304B
:1019A0007CBDA0E770B50446401CFFF7FAFF054672
:1019B0000346002209212046FFF78FFB284470BD13
:1019C00070B514460646FF2A01D801230AE0B4F593
:1019D000803F01D2022305E0B4F1807F01D20323CE
:1019E00000E004230122FFF778FB05467019214629
:1019F000FFF7D7FF284470BD10B50C464AB1012C43
:101A000009D0022C0BD0032C0DD0042C0FD00020B9
:101A10001060204610BD114600F0D1F9F9E71146DB
:101A200000F0E0F9F5E7114600F0F4F9F1E71146AE
:101A300000F00FFAEDE777B581B0164604469DF841
:101A40000810FFF75EFC60B120466A4602A9FFF766
:101A5000D9FB0546601932460099FFF7CDFF2844AF
:101A60003DE54FF0FF303AE501F18002FF2A02D850
:101A700049B200F0A1B901F50042B2F5803F02D2AF
:101A800009B200F0AAB9AD4A6FF07F430A449A4206
:101A900001D200F0B8B900F0D3B970B50446401CCB
:101AA000FFF7E2FF05460346002203212046FFF729
:101AB00014FB284470BD70B5064602F18000144640
:101AC000FF2801D801230FE004F50040B0F5803F66
:101AD00001D2022308E099486FF07F4220449042EF
:101AE00001D2032300E0042301223046FFF7F5FA78
:101AF000054670192146FFF7B7FF284470BD70B541
:101B00000A460446411C104600F0E6F90546034625
:101B1000002204212046FFF7E0FA284470BD70B58A
:101B20001546064604230122FFF7D7FA0446311969
:101B3000284600F0D1F9204470BD70B51546044622
:101B4000821C1946284600F0FAF905460346002291
:101B500005212046FFF7C1FA284470BD2DE9F04168
:101B600015461E46074608230122FFF7B6FA04462B
:101B70003A192846314600F0E2F9204498E40A7800
:101B800002704A7842708A788270C978C1700420E5
:101B9000704770B50446401CFFF7F1FF0546034649
:101BA00000220B212046FFF798FA284470BD70B53B
:101BB0001446054604230122FFF78FFA0346E8186E
:101BC0002146FFF7DCFF184470BD02780A704278A6
:101BD0004A7082788A70C078C870042070470B46BB
:101BE000042906D000211170D170517091701846EF
:101BF00070471146E9E738B50D4604466946FFF7D8
:101C0000C8FA9DF800000B2802D04FF0FF3038BD15
:101C1000601C2946FFF7D9FF401C38BD38B5044683
:101C200000201546009020466A46FFF77EFB38B13B
:101C3000009829462044FFF7C8FF0099084401E0B6
:101C40004FF0FF30009038BD0A8840F26C739A4222
:101C500002D3A2F26C7201E0FF2A08D802708A78DF
:101C60004270CA7882700979C170042070474FF0C1
:101C7000FF30704770B50446401CFFF7E5FF05468E
:101C8000034600220A212046FFF727FA284470BDA8
:101C900070B51546064604230122FFF71EFA0446D6
:101CA00030192946FFF7D0FF204470BD027802F2B8
:101CB0006C720A8042788A708278CA70C078087123
:101CC000042070470B46042906D00021D170917082
:101CD00011711180184670471146E7E738B50D4677
:101CE00004466946FFF755FA9DF800000A2802D01D
:101CF0004FF0FF3038BD601C2946FFF7D7FF401C6E
:101D000038BD38B5044600201546009020466A4686
:101D1000FFF70BFB38B1009829462044FFF7C6FFB8
:101D20000099084401E04FF0FF30009038BD2023B7
:101D3000037041708270032070470000FFFF7F0036
:101D40000A0A027041700220704729B1027812021B
:101D50000A80407802430A80022070470A0C027011
:101D60000A0A427081700320704749B10278120458
:101D70000A60437842EA03220A60807802430A60DC
:101D8000032070470A0E02700A0C42700A0A827021
:101D9000C1700420704769B1027812060A60437866
:101DA00042EA03420A60837842EA03220A60C0786A
:101DB00002430A600420704701700120704751B14E
:101DC0000278120602D56FF0FF0200E000220A60DE
:101DD000007802430A60012070470A0A02704170CD
:101DE0000220704769B10278120601D5214A00E04D
:101DF00000220A60037842EA03220A604078024324
:101E00000A60022070470A0C02700A0A4270817050
:101E10000320704791B10278120602D54FF07F423D
:101E200000E000220A60037842EA03420A60437835
:101E300042EA03220A60807802430A600320704766
:101E40000A0E02700A0C42700A0A8270C1700420E5
:101E5000704769B1027812060A60437842EA034289
:101E60000A60837842EA03220A60C07802430A606B
:101E7000042070470000FFFFC37863F307028378F4
:101E800063F30F224378007863F3174260F31F6215
:101E900004200A607047042903D000230846136019
:101EA00070471146E8E777B581B0164604469DF8BD
:101EB0000810FFF726FA60B120466A4602A9FFF72C
:101EC000A1F9054660193146FFF7D6FF284404B052
:101ED00070BD4FF0FF30FAE7020E0A70020C4A7034
:101EE000020A8A70C8700420704710B5047864F341
:101EF0000702447864F30F22847864F31742C478AD
:101F000064F31F62047964F30703447964F30F23D5
:101F10008479C07964F3174360F31F63C1E9002338
:101F2000082010BD10B40C46082905D00021C2E9D4
:101F30000011204610BC704710BC1146D5E7107048
:101F4000030A5370030C9370000ED0701171080ACD
:101F50005071080C9071080ED0710820704777B549
:101F600081B0164604469DF80810FFF7CAF958B12B
:101F700020466A4602A9FFF745F905466019314631
:101F8000FFF7B3FF2844A2E74FF0FF309FE7002898
:101F90000CD000290AD04A68C0F801204988A0F86E
:101FA00005100621017000210181817270474140B6
:101FB00081EA410080EA810080EAC10080EA0110E4
:101FC00080EA411080EA811080EAC11101F0FE0030
:101FD000C1F3002148407047CAB24240080A80EA73
:101FE000022080EAC20080EA023080EA121102F088
:101FF0000F00414081EAC01080B2704738B50546F5
:10200000049C002044B1012C0CD0022C0FD1284696
:102010000094DDF7B2FE09E000200090284601F0B0
:102020007EF903E028460094DDF7D0FE80B238BD8B
:1020300030B40446029B00202BB1012B08D120466E
:1020400030BCDDF732BF204630BC002301F083B93D
:1020500030BC704729B1012901D0022903D1DDF735
:10206000B7BF01F0DEB9704729B1012901D00229BB
:1020700003D1DDF786BF01F0C4B97047F8490020ED
:1020800008707047F6484068704701460120B1F576
:10209000800F04D2F24A5160F24A1160704700206A
:1020A0007047EF494968814201D101207047002003
:1020B0007047DDF745B810B5FCF77DFE441CFDF711
:1020C00030FF0444FCF771FA0444FCF7F0FB0444CD
:1020D000FEF719F90444FDF7ACFD044401F0C7FF15
:1020E000044401F07DFE044402F0D3FD044402F0F8
:1020F000BCFE204410BD2DE9F041002415460E46DB
:102100000746012805D108203060D54801244068E1
:1021100028607F1E002C6FD17F1EFCF74CFE87428B
:1021200005D2022030603846FCF748FE4BE03F1AEB
:10213000FDF7F7FE874205D2052030603846FDF7EF
:10214000F3FE40E03F1AFCF730FA874205D2002048
:1021500030603846FCF72CFA35E03F1AFCF7A7FB55
:10216000874205D2012030603846FCF7A3FB2AE005
:102170003F1AFEF7C8F8874205D20420306038467F
:10218000FEF7C4F81FE03F1AFDF753FD874205D262
:10219000032030603846FDF74FFD14E03F1A01F090
:1021A00066FF874205D211203060384601F062FF99
:1021B00009E03F1A01F014FE874207D20620306082
:1021C000384601F010FE0124286015E03F1A02F0A5
:1021D00060FD874205D280203060384602F05CFD09
:1021E000F1E73F1A02F055FD874205D21320306017
:1021F000384602F038FEE6E72046BDE8F08138B503
:10220000994C6079A179401CC2B2E378974801F2F9
:102210006C7104F05EF80020009023786278A17859
:10222000934804F08EF9607A00B10120DDF70CF8D4
:10223000BDE83840DDF73AB810B50446FFF7DFFFD8
:102240008A49086820600879207189480068C4F8C4
:10225000050010BD10B5FFF7D2FFBDE81040DDF757
:1022600021B8DCF7F4BF2DE9FF4FADF51D7D00244B
:102270000646DDE9AAA79A949F987949994625468A
:102280009B944FF0FF3B4D2852D022DC3E2877D064
:1022900010DC1E2875D006DC0B2873D00C285AD011
:1022A0001C283CD1F9E02C2853D038286BD0392891
:1022B00035D100E1492867D006DC3F2875D0402899
:1022C00074D046282BD141E04B282DD04C2826D164
:1022D00082E0792833D010DC62283ED006DC4F281B
:1022E00029D0602851D0612819D13AE06B2871D0EB
:1022F000702822D0782812D125E05E49B0F57A7F87
:1023000069D006DC8B282AD09B283DD0D12806D165
:1023100062E0A0F54070E93874D0012873D0022043
:102320008AF8000020208FE04A680821304665E0E6
:10233000DCF76DF805E008218DE009788BE0DCF72B
:1023400058FF0146AAE0DCF7FBFEBBE0DCF754FFD8
:10235000F7E749A1A2E04AA1A0E00121D6E00C21C3
:10236000D4E096A803F074FCE8B2FDF727FA024621
:10237000E9B296A803F075FC6D1C282DF4D324E077
:1023800065E084E07EE091E07FE096A803F060FCE9
:10239000E9B2002296A803F064FC6D1C332DF7D33C
:1023A0002F4C4FF4806508340CE089E08CE0D4F8C1
:1023B000060030B1804720B12178012296A803F0B1
:1023C00050FC36342088A842F1D396A93046FFF756
:1023D000B7F815E03EE07AE0FFF76DFE8046B9F110
:1023E000000F11D0B9F1FF3F10D09BAA9AA948461F
:1023F000FFF781FE20B3DDE99A123046FFF711F9AD
:10240000044673E07FE080E041467FE0012514E070
:102410009BAA9AA92846FFF76EFEDDE99A123019A9
:10242000FFF7FFF804442044B0F5167F04DB3620A4
:1024300038706FF001046DE06D1C4545E8D955E03A
:1024400002208AF800002A2038705C4662E04FF4CF
:1024500016715BE003213046FFF7A4FAD0E70000D5
:1024600084020060CC2000204423002094000060FF
:10247000DE200020A8020260302E382E300000003E
:10248000312E30004EF6602140E000213EE04FF456
:1024900016713046FDF77BF8B2E7FEA1684603F0FF
:1024A00095FC69463046FFF779F9A9E7FD493046C2
:1024B000FFF7E0FBA4E7FC493046FFF76AFB9FE724
:1024C00000F097FF014621E000F097FFFAE7884609
:1024D0003019B8F800106943FFF733FA0444204478
:1024E000B0F5167FA3DA6D1C052DF1D9002C11DB98
:1024F0009F984C280ED0B9F1FF3F0BD002208AF8EC
:1025000000003220A0E7498800E0C98C3046FFF780
:1025100018FA75E70DF5217D2046BDE8F08F70B5FE
:10252000ADF5187D0446D0F8641200256A460C30DB
:10253000FEF722FA02232526002804DA84F86932FD
:1025400084F86A620AE0E0884C280BD0A168491C34
:1025500008D084F86932322084F86A0200200DF530
:10256000187D70BD092202A94D2865D00DDC4028D8
:1025700031D005DC6946382866D0392814D16BE0A3
:10258000462851D04B280FD115E0B0F57A7F10D0F6
:1025900004DC78283ED0792806D133E0A0F54070DD
:1025A000E93867D0012865D084F86932202084F8A2
:1025B0006A022846D3E79DF802000C2850D1BDF8E6
:1025C0000300082819D1DDF80500FFF75EFDA0B172
:1025D0009DF805000EE09DF80200022840D1DDF8CC
:1025E0000300401EFD2808D89DF80340204600F057
:1025F000E6FE2046DDF7ABFA40E084F8693284F865
:102600006A62D6E79DF802000728D2D10846DCF7B7
:10261000F6FD33E09DF802000228CAD1BDF80300A0
:1026200080B2DCF702FE29E09DF802000728C0D145
:102630000846DCF7EFFD21E09DF8020007280FD1E6
:102640000846DCF7E4FC19E09DF802000A2807D1EF
:10265000C81CDCF702FE0BE09DF802000B2804D03A
:1026600084F8693284F86A22A3E7C81CDCF70CFE00
:1026700005469EE79DF8020002289AD1012598E7B9
:102680002DE9F047044600880027022528269046B9
:10269000894612285DD2DFE800F009370E242E1992
:1026A0004A5C535C5C5C5C5C5C5C5C40D4F8020043
:1026B000FBF775FF19E0D4F80200FCF776FBA8B32E
:1026C000424649462046FCF7B3FC41E0D4F80200FC
:1026D000FDF721FC50B3424649462046FDF738FD40
:1026E00036E0D4F80200FDF79EFAF8B184F869529A
:1026F00084F86A622DE0D4F80200FDF7FEFDA8B16F
:102700002046FDF76CFF23E0D4F80200FCF7C9F87F
:1027100060B12046FCF757FA1AE0D4F8020001F045
:10272000A0FC18B1204601F0F8FD11E011E0D4F84A
:10273000020001F04FFB60B1204601F0DBFB07E037
:10274000D4F80200FFF7ADFC18B12046FFF7E7FE12
:1027500007463846BDE8F087012070475348406877
:10276000704710B5514A0C4601465268002091420C
:1027700007D1DBF74CFE01462046BDE8104003F0D0
:1027800025BB10BD08B14A4B036011B148485C300D
:102790000860002A02D046487030106070472DE96A
:1027A000F04104464FF0FF38008800F0B5F805000E
:1027B0004FF001064FF01F070CD0D5F80E1049B1AD
:1027C000D4F80200884728B12146284600F0B1F825
:1027D000804601E02675677540460EE510B50C464B
:1027E000014600202060A0602061084600F094F8B7
:1027F00040B1D0F81E302BB104F1100204F10801F1
:1028000020469847206808B100F07CF86060A06816
:1028100008B100F077F8E060206908B100F072F8C4
:10282000606110BD10B500F077F8002801D0D0F835
:10283000220010BD70B515460E46002400F06CF85D
:1028400030B1D0F812201AB12946304690470446DC
:10285000204670BD2DE9F043ADF5197D0026904668
:102860000F4681469696FFF726FC0546012433E085
:1028700097AA96A92046FFF73EFC60B3969880B2CF
:1028800000F04AF838B3D0F8122022B3694697987E
:1028900090470FE04261636E65742050726F6475FB
:1028A0006374000094000060DE2000208402006059
:1028B0005841050878B16946484603F0D6FA50B148
:1028C00001260FB196983860B8F1000F06D097999D
:1028D000C8F8001002E0641CAC42C9D90DF5197D9E
:1028E0003046BDE8F08370B50D46002480B200F09C
:1028F00013F828B1D0F80E202846904700B10124E3
:10290000204670BD002110B904E0001D491C02687A
:10291000521CFAD108467047024629484FF480639A
:1029200002E0914204D0363001889942F9D3002068
:1029300070472DE9FC410546CC684FF0FF30E4B10B
:102940000A69D2B1CA88022332264B2A17D04F2AED
:102950002DD0D5F81670002F0DD00B7501F1150391
:102960004E75581ECDE900038B68D5F81650D1F886
:1029700002102046A847BDE8FC810020FBE78A68DA
:10298000521C02D00B754E75F5E70888082802D056
:10299000D1F8022004E00A4A083A5268C1F802203D
:1029A000014602B02046BDE8F041FEF73ABE8A6813
:1029B000521CE7D109882046BDE8FC41FEF7F2BF72
:1029C0008C020060F74810B5002101714171C1719E
:1029D00041728172831D41621A7822F02B021A70B3
:1029E000F14A1278C272F14A1278427301220273DC
:1029F0008182017201F043F9012010BD704700226D
:102A0000FF2911D001230370417001214318491C93
:102A10005A700729FADB0281827200214318491C8F
:102A2000DA720729FADB704702704270EDE7F0B501
:102A3000DF4D04460021287889B0022815D00128EE
:102A400013D0032811D004280FD0DA48002501261E
:102A500002788AB10570002305AA6946D64804F0B9
:102A600051FA80B2267009B0F0BDF1F7AAFD2146F7
:102A70002878E2F764FFF6E7D04F387850B1F1F7E5
:102A8000A0FD0022501E3D70014604F02EFB0820E0
:102A900002210AE0CA4802784AB10570C9480021FB
:102AA000007804F0F3FC0B2007212170DBE7C64F10
:102AB000387850B1F1F785FD3D700022C349C44814
:102AC00005F076FA26701420CDE70846CBE72DE90D
:102AD000F043ADF5197D88465521A09D8DF858121B
:102AE000FF218DF859121F4691464FF6FF760024BC
:102AF0008DF85A02FFF75BFA014640468DF85B827B
:102B0000FFF755FA014648468DF85C92FFF74FFAF9
:102B10000146280A8DF85D02FFF749FA0146E8B23E
:102B20008DF85E02FFF743FAC0438DF85F023DB9AE
:102B30000EE0385D3146FFF74FFA641C0646A4B23A
:102B4000AC42F6D3F0438DF86002000A8DF86102C2
:102B500001F080F8012001F076F8B5B1DDE99601C9
:102B6000CDE900012A46394602A805F0ABFE0DEB7F
:102B70000500BDF8601201810A35A9B2684601F06E
:102B800082F80DF5197DBDE8F083082196A8F6E7D7
:102B90002DE9F843834D00248DF8004028794FF04B
:102BA000010805F1280748B14FF00209012828D093
:102BB000AE1D022860D0032829D139E101F075F853
:102BC00040B101F05CF8287AFF2801D2401C28723D
:102BD000BDE8F8835146684601F069F80028F7D04F
:102BE00001F04DF8287AFF2801D2401C28729DF888
:102BF0000000552801D185F8048085F804803870DC
:102C0000E6E701F024F85A2802D9E5F734FF64E139
:102C100001F04BF838B101F032F8287AFF28F6D2EB
:102C2000401C287259E15146684601F040F80028DE
:102C3000CED001F024F8287AFF2801D2401C287257
:102C40009DF80000FF21FF2806D0552808D0032852
:102C500009D0192807D00CE06C822970797005E042
:102C600085F80480B4E76C822970787085F8049048
:102C7000AEE7E5F7EAFE30E100F0E9FF5A2872D846
:102C800001F013F800286FD103E0307840F0010024
:102C9000CCE05146684601F00AF8002898D000F0D0
:102CA000EEFF287AFF2801D2401C2872688A60B1A2
:102CB00001282FD04FF00308022838D0032854D021
:102CC00004285FD005286CD0FCE029789DF800002E
:102CD000FFF76DF928709DF8000068723978552962
:102CE0000CD17978FF2909D1072807D900F0C7FF4F
:102CF000287AFF2801D2401C28722C719DF8000010
:102D0000B8703878FF2802D1787819286FD0A5F8E4
:102D100012805DE729789DF80000FFF748F92870D8
:102D20009DF80000E871F870A5F8129050E7297836
:102D30009DF80000FFF73BF928701B4C9DF8000040
:102D4000A8722178884201D2F1F73FFCA87A217855
:102D5000884202D1E5F763FE01E0E5F7F8FC9DF853
:102D600000003871D3E767E06EE029789DF8000035
:102D7000FFF71DF928709DF800000102A982787103
:102D800004200CE029789DF80000FFF710F9287066
:102D9000A98A9DF800000144A982B87105206882C3
:102DA00016E717E0140500609B000060AE200020CD
:102DB0004505006044050060F44900202B230020F5
:102DC000D42100208E0100602C230020DE20002072
:102DD000940000609DF80000F8710621F848EBF7B8
:102DE00052FDF979BA7901EB0221814202D1F0F763
:102DF00033FBEDE629789DF80000FFF7D8F828703E
:102E0000552806D0E5F721FE307840F001003070FB
:102E100001E7A88AF0B3E98A884253D86C824FF65A
:102E2000FF7028821CE7307840F00200307054E0D8
:102E300000F00DFF5A2804D9307840F001003070BE
:102E4000E3E600F032FF40B100F019FF287AFF28D6
:102E5000BFF41BAF401C287217E75146684600F0CC
:102E600026FF00289CD000F00AFF287AFF2801D214
:102E7000401C2872698AA88A81420CD2298A9DF84E
:102E80000000FFF7A9F82882688A6A6A9DF8001096
:102E9000115408E01BE008D1298A9DF80000FFF7D3
:102EA0009BF82882688A401C79E7401C8142A0D1A7
:102EB000298A9DF80000FFF78FF8A0F5704128825D
:102EC000B83904D0307840F001003070D1E6E879AC
:102ED000E97A8842A7D0FF28A5D02C7178E62DE9A1
:102EE000FC5FB74E0024283E06F1060BF178707B9C
:102EF000491C401CB1FBF0F200FB1211F27A01F008
:102F0000FF09511CB1FBF0F300FB1311C9B2009192
:102F1000B178B0464B1CB3FBF0F500FB1530C0B2E6
:102F2000019096F805C09BF800000025012798F84D
:102F30000AE020F004034FF0040ABCF1090F7DD22F
:102F4000DFE80CF0051260ADDEEFEEEDEC00B270E4
:102F5000F27032203062777123F0030001248BF885
:102F6000000000F08CFED7E100F071FEB0F5FA7FB2
:102F700009D3E5F780FD3572062070719BF80000DB
:102F800020F00300B2E09BF800005F46C10702D0CA
:102F9000E5F75BFD9EE18107E5D5717A07292AD225
:102FA000DFE801F0040F292129191500F179FF2923
:102FB00021D0757020F00600387002207071012455
:102FC0001CE000950023F27AB17A022011E040F073
:102FD000200038700FE040F020003870F079FF28B2
:102FE00009D00820DDE0B08A0090F27AB17A04209E
:102FF000736AFFF76CFD70790828B4D0387820F038
:1030000002006AE18DF8045001A8FFF710FD30833B
:103010009DF8041079B3022908D10090694BF27A27
:10302000FF210620FFF753FD86F805A09DF8040058
:1030300007280DD001280BD0032500E06BE1032801
:1030400011D0042818D0052816D0062814D01CE06A
:10305000308B00905B4BF27AFF210620FFF737FDA3
:1030600086F805A011E0E2F775FE0146308B00906E
:10307000554BF27A05E00CE0308B0090514BF27A20
:10308000F17B0520FFF723FD75717078401C70708F
:1030900042E1307B7070012486F805A03CE100F02D
:1030A000D6FDB0F5937F04D9E5F7E5FC307B707071
:1030B00008E09BF800005A46C10706D020F0010046
:1030C0008BF8000086F805A09BE08107E0D5F17938
:1030D000F37A994206D1717A04290AD006290BD0D5
:1030E000072906D07771107820F002008BF80000D5
:1030F00087E086F805A0F6E740F020001070F8E7BA
:10310000737896F80CC0634502D20220707178E0A3
:10311000430707D4914205D100993AE0E3E08CE0FF
:103120005EE040E0336A312B15D243072448A0F11A
:103130002800006A00F1010005D5009B994202D0E9
:1031400075703062E1E73062002318460095FFF7A2
:10315000BEFCF56119E04B46894519D140070CD5F5
:103160000199F170002301200095FFF7B0FCF07A7F
:10317000B070C6E90757072013E0F2700023184625
:103180000095FFF7A4FCC6E907573572052008E053
:103190001946F170002301200095FFF798FCF561B6
:1031A00007207071B8E000F052FD5F2804D8307A33
:1031B000042814D9777124E0F06938B1019930E01E
:1031C0003C050060F4490020F65E0020F7610095A0
:1031D0000023F27AB1781846FFF779FC35729BE04C
:1031E000B04602EB82014FF4FA7000EB410600F0AA
:1031F0002EFDB04207D298F80810042902D988F8A9
:103200000570012488E098F80B004FF4FF7100EB83
:103210008000464601EB400700F019FDB8427BD222
:103220000099F17000950023F27A0120FFF74FFC1E
:10323000F07AB070F5613562B2E7800720D5F07999
:10324000904202D1707A022808D0777101249BF84D
:10325000001021F002018BF800105DE08BF80030C7
:1032600086F802E035720023714618460095FFF794
:103270002EFCF07AF07035620520F5617071E6E79A
:1032800000F0E5FC5F2803D89BF80000C00743D09E
:103290009BF800005F46410704D5022075707071ED
:1032A000012417E0B178F27A914209D035720023F7
:1032B00018460095FFF70BFC0520F561707109E0D9
:1032C000494691450BD0F170002301200095FFF78E
:1032D000FEFBF561387820F0010038701CE040F00A
:1032E00004003870D9E700070DD5308B0090564B9D
:1032F000B17B0620FFF7EBFB9BF8001021F00801E3
:103300008BF8001005E00023714607200095FFF7B9
:10331000DEFB77719BE777712046BDE8FC9F70B5B7
:103320001C4613460646494D049A002072B9497856
:103330002878224661F3041028701946424805F0A7
:10334000C1FAA81F0483717881732046297841F05F
:103350000801297070BD2DE9F0413C4C0026A41FE6
:103360000746606A08B96162E282384D28788107B1
:1033700008D4C00706D1FFF70BFC2878810701D4D9
:10338000C00702D0207918B10BE020790028F2D1D3
:103390002F48E17A0078814203D8FFF7A0FD00288A
:1033A000FBD12878810607D520F020002870A68A56
:1033B00001203870A07A78703046BDE8F08123494A
:1033C000891F4873704722490978884206D81F49E7
:1033D000891FC8724A7B904200D9487370471B48C6
:1033E000801FC07A7047002802D01849891F0873CF
:1033F00070471648801F007B70471448801F407B31
:10340000704701220270114A0021921FD27A427045
:1034100001810A4681724318491CDA720729FADBD6
:103420007047002100280DD001220270FF22427057
:103430004FF6FF720281002282724318491CDA7231
:103440000729FADB70470000F44900201A050060E4
:10345000AE200020002803D001684068081A704799
:103460000020704700B50246002A05D01046FFF73D
:10347000F1FFD168884201D1012000BD002000BDCC
:1034800000B502460B46002A08D01046FFF7E2FFBF
:10349000D268101A984201D3012000BD002000BD5F
:1034A00000B5002804D0FFF7D5FF08B1002000BD0B
:1034B000012000BD002808D04168C268B1FBF2F3CA
:1034C00002FB13118068405C70470020704700B514
:1034D000024600231046FFF7E3FF50B95068D16859
:1034E000B0FBF1F301FB130091680B5C5068401CCA
:1034F0005060184600BD70B503460C461846FFF7ED
:10350000A9FF904200D91046824210D902460EE02F
:103510005968DD68B1FBF5F605FB16119D68695C1D
:103520005D686D1C5D600CB104F8011B401E002835
:10353000EED1104670BD70B503460D460024002B39
:1035400006D01846FFF78EFF20B1002000F074FB74
:10355000204670BD1868DA68B0FBF2F102FB11007A
:1035600099680D541868401C18600124F0E7F0B504
:1035700004460D461646002731462046FFF780FFD9
:1035800090B175B910E02068E168B0FBF1F201FB81
:103590001200A26815F8011B11542068401C20601D
:1035A000761E002EEFD101273846F0BD002801D04D
:1035B000016841607047002808D0002906D0002A21
:1035C00004D00023036043608160C26070472DE92E
:1035D000F04188B000268046059606A814460F469E
:1035E000009003960496ADF8186005AB04AA03A9F1
:1035F000404603F063F9BDF81810942917D0002550
:10360000401C28D0DDE903012246FBF7DEFE2178CD
:103610000122F8B2012911D006291CD1BDF81810D9
:1036200094291FD08DE8450043462A460FE00D2F10
:1036300001D0FF25E4E798F80C50E1E7BDF8181039
:1036400094290BD0CDE900060296627843462146C4
:103650000398E4F7C2FF08B0BDE8F0810090CDE91F
:103660000162F2E7CDE9000243460292DDE710B5C0
:1036700086B00021019102910391ADF8101004A9C8
:103680001446009103AB02AA01A903F017F9002820
:1036900004DDDDE901012246FBF72BFF06B010BD7A
:1036A0002DE9F04188B00E4607469846154614218C
:1036B000684605F020F900200590069007903078C4
:1036C000012827D105AB3A466946304603F00FFA88
:1036D00004469DF816004FF6FF7100281AD1002C01
:1036E00018DDAC4216DCBDF80800B0B1884214D039
:1036F000DCF743FCBDF80810884203D19DF80A00AE
:1037000006280AD0B8F1010F0FD078782A46314642
:10371000E2F796F908B0BDE8F081281B82B23119B2
:1037200043463846FCF70CF9F4E729463046E2F701
:103730002BF9EFE72DE9FF41804608880C461E462D
:1037400017464FF0FF3505285BD006DC052810D260
:10375000DFE800F0677B479B8B00112871D004DC09
:1037600006286FD0082804D10BE013286BD08028DE
:103770006AD0012010701F20187004B02846BDE8E0
:10378000F081D4F80200A149884202D0D4F80200A6
:1037900003E0FEF777FCC4F80200FEF782FC002885
:1037A000EBD0E288A2F58070733808D0CDE90076BE
:1037B000A368D4F802104046FEF755FDB4E000209F
:1037C00001900290039003AA02A901A8FEF7DAFF74
:1037D00003980090DDE901232146404604F00FFDE7
:1037E000A2E0D4F80200FBF7E0FA0028C5D0CDE94A
:1037F0000076A368E288D4F802104046FBF73AFB53
:1038000092E0D4F80200FCF786FB0028B5D0CDE9A1
:103810000076A368E288D4F802104046FCF7BEFBAD
:1038200082E0D4F80200FAF7BAFE0028A5D0CDE96C
:103830000076A368E288D4F802104046FAF713FF36
:1038400072E032E041E060E04FE0D4F80200FBF7C4
:1038500028F8002891D0CDE90076A368E288D4F852
:1038600002104046FBF7C9F85EE0D4F80200FCF70E
:1038700044FD002881D0CDE90076A368E288D4F821
:1038800002104046FCF7AFFD4EE0D4F80200FCF712
:10389000CAF9002884D0CDE90076A368E288D4F87C
:1038A00002104046FCF73AFA3EE0D4F8020000F07D
:1038B000D8FB00289AD0CDE90076A368E288D4F836
:1038C0000210404600F0ECFB2EE0D4F8020000F0BD
:1038D00081FA00288AD0CDE90076A368E288D4F87E
:1038E0000210404600F095FA1EE0D4F8020001F004
:1038F000CAF900288AD0CDE90076A368E288D4F816
:103900000210404601F0E4F90EE0D4F8020001F0A4
:10391000AFFA00288AD0CDE90076A368E288D4F80F
:103920000210404601F011FB054626E72DE9F04F55
:1039300091B080460120DDF868A08DF83C001F2082
:103940000F468DF840001E46934651460AA8FEF7E2
:103950008BFB0022114607A803F0BAF840F2391198
:103960000AFB01F02A4907AB01EB40040AAA5946B9
:10397000204603F02AF80546307810B1F17A601934
:103980003FE001AA3946404603F0BBF90028F17A2E
:1039900004EB050002DA0123002234E0804601AA8C
:1039A00003F00EFA814605EB0900204410AB0FAA84
:1039B00001A9FFF7BFFE070009D4E91901EB0900CF
:1039C000204403F024FA09EB070108440CE010F14D
:1039D000020F14D09DF840000090F17A40469DF807
:1039E0003C300C2202F0D4F82B18224607A9584686
:1039F000CDF800A0FEF702FB11B0BDE8F08FF17A20
:103A000040460123042202F05DF8EDE7FFFF3F008E
:103A1000F65E00207CB500220092019201AB6A465E
:103A200003F042FD0B4D012448B1401C08D0FEF7C5
:103A300029FB0099884204DB019A904201DC2C703A
:103A40007CBDB1F5800FFBD2034901988842F6D2C4
:103A50007CBD000044050060FFFF3F002DE9F043FE
:103A60008BB01E460B4601218DF804101F21914694
:103A70008DF80810129F594A194603F0A4FD80469C
:103A8000394606A8FEF7F0FA0022114603A803F013
:103A90001FF840F239105249784301EB400403AB60
:103AA00006AA4946204602F090FF0546B8F1000FED
:103AB00004DC60190123F17A002205E0307830B18E
:103AC000F17A60190123042201F0FCFF70E0434801
:103AD000008805283AD006DC05285FD2DFE800F030
:103AE000222A1C322E00112820D004DC062833D0D4
:103AF000082853D104E013283AD080284ED12FE073
:103B000002AA01A93548FEF7BBFD2EE0F17A601943
:103B10000F22FEF70CF94BE002AA01A92F48FBF790
:103B200087FA22E02D48FAF723FE1EE02B4800F02A
:103B3000F4FB1AE02948FBF746F816E02748FCF7A3
:103B40004EFD12E02548FCF75FF90EE002AA01A93C
:103B50002248FCF7FDFA08E0204800F0CBF904E029
:103B600002AA01A91D4801F0FBF80028CED115E0FA
:103B700002AA01A9194801F0A4FA28B1F17A601942
:103B80000F22FEF7D4F809E09DF808000090F17AC2
:103B900060199DF804300F2201F0FAFF9DF808002B
:103BA0000090F17A60199DF804300F2201F0F0FFC7
:103BB0002B18224603A948460097FEF71FFA0BB0C0
:103BC000BDE8F08310B504460120A4788C4204D0EF
:103BD0000221002011700921197010BD664C0020CF
:103BE000F65E0020F0B589B01F460E9E15463146A0
:103BF00004A8FEF739FA0022114601A802F068FF76
:103C000001AB04AA29460B4802F0DFFE044640F24D
:103C10003910084A604302EB4000F97A092203F0A8
:103C200039F82318034A01A928460096FEF7E6F959
:103C300009B0F0BDF65E002025494FF4007201F591
:103C40000070FFF7B8BC00B10120D9F711BF2148BF
:103C50000088704710B5EFF7FCFB052809D006284F
:103C600009D0072809D002201A490A888242FCD3C9
:103C700010BD0620F8E70420F6E70320F4E7154915
:103C800000200880704770B50C460546EEF7C4FE6C
:103C9000401C06D0EEF7C0FE024621462846EAF751
:103CA00009FE0C490020088070BD0020704770B5E7
:103CB000054600240848FFF7F3FB28B91DB1064864
:103CC000FFF705FC28700124204670BD70470000F6
:103CD0001CC10460460500601CC304602DE9F0416E
:103CE0008AB00F4680461546114604A8FEF7BCF977
:103CF0000022114601A802F0EBFE40F239103049D3
:103D0000684301EB400401AB04AA4146204602F09F
:103D10005CFE2C490646A0193A460978E3F784FD73
:103D20003318224601A940460095FEF767F90AB00C
:103D3000BDE8F0812DE9F0478AB0894682461646F3
:103D4000114604A8FEF790F90022012101A802F013
:103D5000BFFE40F23910DFF86880704308EB400482
:103D600001AB04AA5146204602F02FFE074603F09D
:103D70003CFA050001D103F0BFF92946E0194A4693
:103D8000E3F782FC07445EB90F483A46017821F018
:103D90000801017041460D4804F094FD0C4807707D
:103DA00022463B4601A950460096FEF727F9002817
:103DB00003DD28460AB0BDE8F0876FF00100F9E79F
:103DC000F65E00209B2000201A050060F4490020C8
:103DD000A6200020052801D201207047002070474E
:103DE000974800787047401C7047401E704710B5D8
:103DF0000C46014600204A1E042909D2D1B20620F1
:103E0000D9F7E0FE01462046BDE8104001F0DEBFD4
:103E100010BD2DE9FF4FADF51B7D491EDDE9A898CA
:103E2000002407460D464FF0020A4FF0FF3B4D2A93
:103E300014D006DC172A35D01C2A16D04B2A04D100
:103E400007E04F2A1ED0552A20D089F800A0202153
:103E500048E00A460621FDF7E4FB04E0C9B206206B
:103E6000D9F7B0FE05E0044634E0C9B20620D9F720
:103E700003FE0146684601F0A9FF69463846FDF792
:103E80008DFCF0E70621FDF78DFDECE7CAB20021BD
:103E90000620DAF701F905F047F901463846FDF743
:103EA00050FDE0E7002610E0E9B2324698A8DAF7C4
:103EB000F3FBDDE99801CDE99601381996AA0021B6
:103EC000FDF7E6FE761C0444F6B2E8B2DAF781FBB1
:103ED000B042E9D8002C08DB9E98401C05D089F838
:103EE00000A0322188F800105C460DF51F7D2046A9
:103EF000BDE8F08F2DE9F0410446007B0026ADF5CA
:103F00001A7D00074FF002071CD4D4F864126A46E9
:103F100004F10C00FCF730FD002803DA84F8697224
:103F2000252008E0E08882280CD0A068401C09D039
:103F300084F86972322084F86A0200200DF51A7D37
:103F4000BDE8F081D4F80250E08809216D1E4F28A9
:103F50000ED009DC172822D002AB1C2847D0242819
:103F600006D04D2804D137E051284BD0552806D033
:103F700084F86972202084F86A023046DEE79DF8F2
:103F80000200042842D19DF8030005F091F8034691
:103F9000EAB294F868120620DAF7C9FC41E0D4F8D6
:103FA0006402052190FBF1F000F0FF080027E8B261
:103FB000DAF72CFB00260CE0E01998A90D30FDF78C
:103FC00075FEDDE99812E8B2DBF761F8761CF6B20F
:103FD0007F1D4645F0D324E09DF80200072815D147
:103FE000EAB294F868120620DAF7A3FF19E09DF808
:103FF000020007280AD1EAB294F868120620DAF71C
:1040000027FC0EE09DF80200012804D084F86972B4
:1040100084F86A12B1E79DF80320E9B20620DAF7C6
:104020004CFF0126A9E708B1064B036011B1054812
:1040300008380860002A02D00248001F106070474C
:1040400048050060E041050808B1FC4B036011B170
:10405000FA4808380860002A02D0F8480C38106086
:104060007047092801D20120704700207047F448AA
:1040700000787047401C7047401E704710B50C46D2
:10408000014600204A1E082909D2D1B20520D9F7DD
:1040900099FD01462046BDE8104001F097BE10BDD5
:1040A0002DE9FF4FADF2347D0446491EDDF83C0793
:1040B0000026DDF86CB799460D464F2841D010DC3C
:1040C000262873D006DC1C282ED020286FD0242868
:1040D00017D118E13628F4D04B2818D04D2810D12C
:1040E0001BE06728F5D006DC51283BD055282AD0A4
:1040F000582806D10CE16F287ED07B2839D0AE2815
:10410000E7D0DDF86817022008702021C2E00A46D7
:1041100011212046FDF785FA04E0C9B20520D9F740
:1041200051FD05E006469FE0C9B20520D9F7A4FC81
:10413000014699A801F04AFE99A92046FDF72EFBF9
:10414000F0E71121E0E0CAB200210520D9F7A4FF71
:1041500000F0FF400AE0012100E000212046FDF7C9
:1041600026F9DFE7C9B20520D9F724FF0028F4D0EB
:10417000F1E7B9F1000F79D0B9F1FF3F4FF0090A2B
:104180000BD0B9F1070F7DD8A9F101082046002115
:10419000FCF7D9FF074600265AE00027A0190021A6
:1041A000FCF7D1FF00EB060800261FE05EE07AE096
:1041B000F3B2FAB2E9B20DF2BC40DAF733F94FF4D8
:1041C00019720DF2BC41684604F07CFB8DF806A024
:1041D000F2B2F9B2E8B2DAF71CF9CDF8070004EB55
:1041E0000800694603F086FA8044761CF9B2E8B20A
:1041F000DAF743F9B04200E063E0D9DC04EB0800F1
:104200000021FCF7B3FF7F1C00EB0806072FC5DB7E
:104210002AE0F3B208F0FF02E9B20DF2BC40DAF78F
:1042200001F94FF419720DF2BC41684604F04AFBE3
:104230008DF806A0F2B208F0FF01E8B2DAF7E9F86B
:10424000CDF80700E019694603F054FA0744761CDC
:1042500008F0FF01E8B2DAF710F9B042D9DCE01952
:104260000021FCF783FFC619002E17DBB9F1FF3FD1
:1042700014D0DDF83C077B2810D0DDF86817022049
:10428000087000E001E0322104E0DDF86817022048
:1042900008702A218BF800104FF0FF360DF2447D94
:1042A0003046BDE8F08FA421FF2021706070A0701F
:1042B000E07020716171A071E071207260720A2655
:1042C000D4E70DF5E46001F0C3FC002211460DF5C2
:1042D000E46001F0C6FC002201210DF5E46001F06C
:1042E000C0FC002202210DF5E46001F0BAFC0022BE
:1042F00003210DF5E46001F0B4FC0DF5E461204606
:10430000FDF71EF90EE700212046FDF74BFB09E7FC
:104310000A212046FDF715FB04E72DE9F047044686
:10432000007B0025010704F10C00ADF59A6D4FF0FC
:10433000020680461AD4D4F8641202AAFCF71CFBC9
:10434000002803DA84F86962252008E0E0888228E2
:104350000CD0A068401C09D084F86962322084F82F
:104360006A0200200DF59A6DBDE8F087D4F802705E
:10437000E08809217F1E4F2825D011DC04AB2628B8
:1043800021D006DC1C287CD020287BD0242815D105
:1043900019E0362828D04B2815D04D280ED184E0BE
:1043A000672810D006DC51286DD055280DD058282C
:1043B00004D108E06F2806D07B2816D084F8696203
:1043C000202084F86A022846CCE79DF80A000128DC
:1043D00076D19DF80B0004F06BFE0346FAB294F818
:1043E00068120520DAF7A3FA92E04FF000094D4673
:1043F0004FF0070A40E004EB050898F80C000E287F
:1044000007D00F280DD0B6FBFAF10AFB116098BB5C
:1044100018E00026F8B24946DAF703FE6D1CADB28B
:104420002AE0B6FBFAF16D1C0AFB1160ADB218BBB5
:1044300009F1010000F0FF0900261DE00442050813
:104440002D23002008F10C009AA903F073F998F8C5
:104450001100912818D0B6FBFAF2FF219DF86902ED
:10446000CDE90001AD1DADB29DF86832F8B2494604
:10447000DAF7F2FDF61DF6B2D4F86402A842BADC0F
:1044800046E01EE038E027E0B6FBFAF298F812109A
:104490009DF86902CDE900019DF86832F8B24946FD
:1044A000DAF7DAFDED1DADB2E4E79DF80A00072862
:1044B00016D1FAB294F868120520DAF73AFD27E02F
:1044C0000EE09DF80A0007280AD1FAB294F86812A3
:1044D0000520DAF7BDF91BE09DF80A00012804D099
:1044E00084F8696284F86A126DE79DF80B20F9B2CE
:1044F0000520DAF7E2FC0BE006494046FDF7EEFB4B
:1045000004492044491D0C30FDF7E8FB0028EBDD91
:10451000012558E72E2300202DE9FF4F8FB09A4642
:104520001E9F93465FEA000937D002F05EFE060048
:1045300037D039460AA8FDF797FD0022012107A8C8
:1045400002F0C6FA40F23910DFF8D08007FB00F124
:1045500008EB410407AB0AAA4946204602F035FAA7
:10456000ADF804B00546CDF806A01C98ADF80A00D9
:104570001D980390601901AA314602F09FFB054483
:104580001099A8B288421ED20090234607AA494635
:10459000304602F068FE3FB10DE0002013B0BDE8E8
:1045A000F08F02F0A9FD12E041462A461C4804F0B3
:1045B00089F91C48057022462B4607A948460097F2
:1045C000FDF71CFD03E0304602F0A4FD0026304656
:1045D000E4E72DE9F0478AB08A46DDE912768046A5
:1045E0001D469146142103A804F085F900200446D5
:1045F000089003AA08A94046FAF7A7FE50B1089808
:10460000CDE9005781B202964B46524603A8FFF708
:1046100083FF04460AB02046BDE8F087F65E00201E
:10462000F4490020A62000202DE9FF4FADF52B7D99
:104630009B460346002089460646A990DDF8E4A281
:10464000BC9F9CAAA9A91846FAF77FFEF0B302F016
:10465000CCFD06003FD03946A4A8FDF705FD002299
:104660000121A1A802F034FA40F23910DFF82881C4
:1046700007FB00F108EB4104A1ABA4AA9CA92046CA
:1046800002F0A3F90546ADF80490AD98CDF8060008
:10469000ADF80AB0BB98CDF868A20390524604A8C2
:1046A000B89904F00FF9BA988DF86C02601901AA54
:1046B000314602F03DFF0544A99885421DD2A8B2BB
:1046C00000902346A1AA9CA9304600E003E002F036
:1046D000CAFD1FB109E002F00FFD12E041462A4673
:1046E0002E4804F0EFF82E48057022462B46A1A96B
:1046F0009CA80097FDF782FC03E0304602F00AFD1B
:1047000000260DF52F7D3046BDE8F08F2DE9FF4FD7
:10471000ADF51B7D0E46DDE9A84BDDE9AA7A4FF425
:104720001678414605A8DDF8B09204F0E4F80025BB
:1047300004212A46042E09D0052E07D0032E05D0C9
:10474000A17022706170C4F8037009E00920A070A4
:1047500017F0FF4000D00120C4F803002270617000
:1047600005AF3CB178192146FCF7C7FA411941451C
:104770000FDA0544CDE90075CDF808B0CDE903A9FD
:10478000DDE99D2331469B98FFF74EFF0DF51F7D18
:10479000BAE70020FAE70000F65E0020F4490020A6
:1047A000A62000202DE9F04F16468846834687B0A4
:1047B0001C469A68D988E14803F04CF9054603463F
:1047C0004246DE495846009603F0ADFB36276FF0AF
:1047D000010988B301208DF818001F208DF81900F9
:1047E0002088ADF80400D4F80200CDF80600E08877
:1047F000ADF80A00A0680390D04804904FF41670FA
:10480000059001A8FDF7CBFF00281CDA811C14D00D
:10481000C11C12D09DF819209DF81810C74803F04C
:104820004DF9824608EB05025346C44958460096A6
:1048300003F079FB00B114E016E09DF819106173E4
:1048400007B0BDE8F08F08EB05010A18921CB242D0
:104850000ADA01EB0B030246B849184603F00FF9D8
:10486000824605EB0A00EBE767734846E8E72DE967
:10487000FF4F95B0002583462C46A84610A82299E4
:10488000FDF7F2FB002211460DA802F021F9229853
:1048900040F239114843AA490DAB01EB400010AA80
:1048A0000B90179902F091F80C901898007828B1A5
:1048B00036208DF811006FF00108F5E01898C17AE4
:1048C000DDE90B028618304603F0A7F80446169877
:1048D00001AA411B0BEB050003F010F8002871DB67
:1048E000284487B2BDF80400082808D1DDF8060086
:1048F0009449884203D1FDF7C5FBCDF8060001A914
:104900008E4803F094F803464FF41670009030463A
:1049100022468A4903F007FB0004000CC8D0044477
:10492000169801AAC11B0BEB070003F020F8002822
:1049300048DBBDF80A10384487B2082907D0692936
:1049400005D0502903D0A1F58070733870D1039839
:104950000025401C25D07948039A03F07BF80546D2
:104960004FF4167930462B4622467449CDF8009014
:1049700003F0D9FA0004000C9AD02C443222022110
:104980006E4803F09BF8054630462B4622466B499D
:10499000CDF8009003F0C7FA0004000C88D02C4436
:1049A0005BE08946BDF8040005A9FDF717FF00206C
:1049B0004946B9F1080F06D069290AD0B9F1500F5C
:1049C00009D009E083E00899069808440A99084448
:1049D00002E0069800E008985FEA000A6ED03AE02C
:1049E00004443AE0DDF828C0089B06994A464FF097
:1049F000FF30B9F1080F05D0692A16D0B9F1500F70
:104A000017D01BE08D4201D2059915E0CA18AA42C1
:104A100002D9681A079905E002EB0C03AB420DD9E5
:104A20000999A81A51F8200008E08D42ECD305E05E
:104A300044E09D4202D2079951F82500ADF80A00E2
:104A4000A1B2304601AB4FF41672FFF7ABFE00285F
:104A50003DDD04446D1C5545C4D30BEB070001211B
:104A6000FCF790FC00283FF45BAF7F1CBDB23348DD
:104A700003F041F803464FF416700090304622468A
:104A80002E4903F050FA0004000C87D00444169815
:104A90008542FFF41CAF1898D0F80700A042FFF63B
:104AA00007AFB8F1000F3DD018F1020F11D0B8F1E7
:104AB000FF3F1CD018F1030F27D033E0A1B23046DE
:104AC00001AB4FF41672FFF76DFE002888DC8046BC
:104AD000E7E79DF8110000F0E1FF02461898C17A5F
:104AE000DDE90B031844012300F0ECFF19E09DF809
:104AF0001100009018989DF81030C17ADDE90B0282
:104B000010440E2201F044F80BE09DF8110002F071
:104B1000A1F802461898C17ADDE90B03184402F0A7
:104B2000B9F804460C980DA92318229800900B9A06
:104B30001798FDF763FA19B083E60000D14E002004
:104B4000F65E0020FFFF3F002DE9F04FADF5277D19
:104B50000646012000248DF890021F208DF8940253
:104B6000DDF8C0A21878994693468846274620B1BA
:104B700036208DF86E02A51E2FE0A8EB040081B24E
:104B8000301901AA03F040F8051E25DD2C44301928
:104B90000121641CFCF7E0FBD8B1A8EB040081B252
:104BA000301901AA03F07BF8051E15DD2C44A5AAD7
:104BB000A4A901A8FDF764FD40B130190121FCF75B
:104BC000E1FB0028E9D0641C3FB902E00127BD1ECB
:104BD00003E04445D1DB00E0012751469FA8FDF7E3
:104BE00043FA002211469CA801F072FF40F23911ED
:104BF0000AFB01F020499CAB01EB40049FAA5946F7
:104C0000204601F0E2FE0646002027B3A91C04D08E
:104C1000691C0ED0ED1C13D022E09DF86E0200F04E
:104C20003DFF024699F80B10A019012300F04AFF3E
:104C300016E099F80B10A01901AA03F032F90FE061
:104C40009DF86E0202F006F8024699F80B10A019C2
:104C500002F020F804E099F80B10A01903F017F9FE
:104C6000331822469CA95846CDF800A0FDF7C6F996
:104C70000DF5277DBDE8F08FF65E0020002801D0FD
:104C80006C49016070470B2801D201207047002059
:104C90007047694800787047401C7047401E704755
:104CA00010B500210A2804D2C2B20A20D9F7F4F9BB
:104CB0000146084610BD10B50A2807D2C2B20B46FD
:104CC00000210A20D9F733FE012010BD002010BDBD
:104CD0002DE9F043ADF5177D0746DDE99E54481EEA
:104CE000022699464FF0FF384B2A08D04D2A0CD0A7
:104CF0004F2A0FD0552A12D02E7020202AE00246CB
:104D000080213846FCF78DFC1DE0C1B20A20D8F79F
:104D100059FF10E080213846FCF744FE13E00428D8
:104D200006D0FFF7BDFF01463846FCF7E8FE0AE073
:104D30000420DAF710FF0146684601F047F869469B
:104D40003846FCF72BFD002806DBB9F1FF3F03D006
:104D50002E703220207040460DF5177DBDE8F0839F
:104D60002DE9F0410446D0F80200ADF5187D401E53
:104D700015460E4600278046FFF785FF68B1D4F838
:104D800064126A4604F10C00FBF7F6FD01004FF0D7
:104D9000020006D5307025200BE0012030701F2066
:104DA00007E0E288572A0AD0A168491C07D0307072
:104DB0003220287000200DF5187DBDE8F081092310
:104DC00002A94D2A21D0552A04D030702020287005
:104DD0003846F0E7B8F1040F04D09DF8021004291A
:104DE0000BD003E09DF80220072A02D030702B7010
:104DF000EEE70420DAF7D5FE19E094F86822DDF832
:104E000003104046FFF757FF11E09DF80220072AE4
:104E100004D084F8690284F86A32D9E794F8680209
:104E20000B46014608F0FF020020DAF782F801275E
:104E3000CEE70000384205083823002008B1CF4BE8
:104E4000036011B1CD4824300860002A02D0CB485D
:104E5000001F106070470146C9480078421C91420B
:104E600000D208467047401C7047C548007870471C
:104E700000B5FFF7F0FFC2490978491C884201D20A
:104E8000012000BD002000BD10B50123FFF7E3FFA6
:104E9000BB490978884207D2C2B200210B20D9F75A
:104EA000FBF804F041F90346184610BD70B50D46F5
:104EB0000026FFF7D0FFB2490446097888420FD296
:104EC00075B1E0B2DAF7EAFCA84209D3284604F04B
:104ED000EFF80346E2B200210B20D9F728FD0126A6
:104EE000304670BD70B50D460026FFF7B4FFA449EB
:104EF0000446097888420BD255B1E0B2DAF7CEFC0D
:104F0000A84205D36D1EE9B2E0B2DAF7EEFC064620
:104F1000304670BD2DE9F04116460C460746002587
:104F2000FFF799FF9649097888420BD254B1C0B275
:104F3000DAF7B4FCA04205D3611E0125324638469B
:104F4000DAF7F1FC2846BDE8F0812DE9F04FADF528
:104F50001B7D8146DDE9A4861D4692460024084655
:104F6000FFF779FF02465046BAF14D0F1DD009DC1C
:104F70001C281FD0242847D04A2861D0BAF14B0FF3
:104F800009D10DE04F2822D0552822D06E2846D0D6
:104F9000BAF16F0F21D0022088F80000202088E0AD
:104FA00013214846FCF73DFB37E0D1B20B20D8F780
:104FB00009FE03E0D1B20B20D8F75EFD014668463A
:104FC00000F004FF69464846FCF7E8FB25E01321A2
:104FD0001BE01046FFF758FF1BE096A800F038FED4
:104FE0000022114696A800F03CFE0022012196A85E
:104FF00000F037FE0022022196A800F032FE96A9AA
:105000004846FCF79DFA08E000214846FCF7CAFC38
:1050100003E001464846FCF794FC044631E07DB1CC
:10502000681C104610D0FFF716FF0446C0B2DAF72E
:1050300035FCA84239D329462046FFF753FFBDE788
:10504000D0B2DAF72BFCE4E7FFF705FF8346012730
:1050500011E039465846FFF745FF0146684600F023
:10506000B5FE09EB04006946FCF798FB0444B4F56F
:10507000167F15DA7F1C0BF0FF00DAF70FFCB84241
:10508000E7D2002C18DBBAF16E0F15D0BAF1570F2A
:1050900012D06D1C10D0022088F80000322008E0E9
:1050A000052188F80010122003E0022088F8000093
:1050B0002A2030704FF0FF340DF51B7D2046BDE8EF
:1050C000F08F2DE9F0430446ADF5197D15460E46E7
:1050D0004FF00008D0F80200FFF7BDFED4F86412CC
:1050E0006A4604F10C00FBF747FC02274FF0250944
:1050F000002803DA377085F800900AE0E0886E280F
:105100000CD057280AD0A168491C07D0377032202C
:10511000287000200DF5197DBDE8F0834F2827D0B9
:1051200006DC1C2824D0242822D04A2806D11FE0DF
:10513000552806D06E281BD06F2819D03770202034
:1051400018E004F26A235A1E02216846FEF73AFD6F
:105150005FEA00080FD0DDF80310D4F80200FFF773
:10516000A5FE5FEA000806D1377085F8009002E0DE
:105170003770282028704046CCE7000050420508D0
:1051800049050060704770472DE9F0470822002567
:10519000431EDCB26308FE4EFE4F7688A7F1280C52
:1051A0002A2E7DD3032B52D84FF0640903EB03134F
:1051B00007F5B07606EB4306338C8B4204D307EB3E
:1051C000C4004068BDE8F08733888B4202D857F8A6
:1051D0003400F7E7082337E036F8138088451ED8F7
:1051E000A3F1010A36F81AA08A4518D35B1E5A1C8F
:1051F00036F8135036F81220AA1A002AE2D0681A9C
:1052000000FB09F090FBF2F003FB09015CF82400BD
:10521000484390FBF9F057F834100844D2E702B93C
:10522000012502EBD2725210884501D9134400E0E7
:105230009B1A002B02DC57F83400C3E7102B03DB6A
:1052400007EBC4004068BDE7002DC5D0B8E0642678
:10525000D04AFA3213888B4202D357F83400B1E7B0
:10526000B2F864308B4257D807EBC4004068A9E716
:10527000538E8B4229D2192332F8138088451FD8C8
:1052800003F1010832F81880884519D35D1C32F803
:10529000158032F81350A8EB0502002A92D000E0E6
:1052A0003DE0481B704390FBF2F003FB06015CF805
:1052B0002400484390FBF6F057F83410084481E787
:1052C0005B1CDBB2322BD7D326E0002332F81380ED
:1052D00088451DD803F1010832F81880884517D396
:1052E0005D1C32F8158032F81350A8EB0502002A35
:1052F00094D0481B704390FBF2F003FB06015CF86E
:105300002400484390FBF6F057F83410084459E75E
:105310005B1CDBB2192BD9D3002DA9D050E04FF084
:1053200064099C4E03EB0313503606EB4306338CA3
:105330008B4203D307EBC400406843E733888B42BA
:1053400002D857F834003DE7082337E036F81380D9
:1053500088451ED8A3F1010A36F81AA08A4518D349
:105360005B1E5A1C36F8135036F81220AA1A002A6F
:10537000A5D0681A00FB09F090FBF2F003FB0901CD
:105380005CF82400484390FBF9F057F834100844C7
:1053900018E702B9012502EBD2725210884501D9F3
:1053A000134400E09B1A002B02DC57F8340009E795
:1053B000102B03DB07EBC400406803E7002DC5D0CA
:1053C0000020FFE62DE9F0410C46012100221438AF
:1053D00000B2C0EB0010704BC0EBC000C51801EB71
:1053E000410005EB40030933B3F90000FFF7CBFEA2
:1053F000A04207D1D3F80200FFF7C4FEBDE8F04198
:1054000003F04DBE33F9060CFFF7BDFEA04207D1F5
:1054100053F8040CFFF7B6FEBDE8F04103F03FBEC1
:10542000B3F90000FFF7AFFEA04208DD33F9060C28
:10543000FFF7A9FEA04202DA491E09B203E0491CA7
:1054400009B20E29CBDD0F292FDB002000EB400332
:1054500005EB430309331F8817B9D3F8023013B1A2
:10546000521CD2B205E008B9521CD2B2012800D1B8
:105470000022401CC0B21028E8D3B2B1093502EBBB
:10548000420005EB4000B5F9001030F9062C9142BE
:1054900005DDD5F80200BDE8F04103F000BE50F88C
:1054A000040CBDE8F04103F0FABD01EB410005EB4F
:1054B00040050935B5F90600FFF765FE0146B5F967
:1054C0000000FFF760FE081A07B2DFF8D08097B13E
:1054D000B5F90000FFF757FE201A03F0E0FD414642
:1054E00003F0D9FB0446384603F0D9FD01462046B7
:1054F00003F003FC0646A868FFF744FE0146D5F812
:105500000200FFF73FFE081A03F0C9FD014611F043
:10551000FF4F10D0304603F0BEFB414603F0EDFBD9
:105520000446D5F80200FFF72DFE03F0B8FD214632
:1055300003F059FB06463046BDE8F0812DE9F05FE7
:1055400000260127164C124840882A2800D3042739
:105550004FF0040BDFF84C80DFF83C904FF0000A6E
:1055600059E23046E3F71DFC002859D0E3F7B7FBBA
:10557000B0426ED994F82D00A0F11401042916D878
:1055800094F9230001110FD0000908F8060023E068
:105590006E070260A84205082951002000007A44E5
:1055A00036530020B65E002008F806B014E094F8E8
:1055B0002810B1B30B2840D011283ED0132840D07A
:1055C00010283ED00D2840D012283ED0092841D0C6
:1055D0000A283FD008F806B094F8230000F00F0026
:1055E00018F8061040EA011084F82300E3F77DFB69
:1055F000B0426ED984F824A084F825A084F82AA0AB
:105600004EB1FA4918F806008A5D904203D08855D9
:105610003046E3F7B1FA94F92700F8B1012870D0C9
:10562000F6E1FFE794F92300011103D0000908F81F
:105630000600D1E708F806B0CEE7022008F8060019
:10564000CAE7032008F80600C6E7012008F80600AC
:10565000C2E7D1E1052008F80600BDE794F82D0067
:1056600000284FD03046E3F788FA054694F9280021
:1056700010B101283BD06BE114F8230F00F0F000CB
:105680002070A07A233CA0F10C010A2908D8B5EBC0
:10569000472F01D9012100E0002184F8261007E0FE
:1056A000B5EB472F01D3012100E0002184F826103B
:1056B0001738072807D8B5EB472F01D3012000E0A2
:1056C000002084F8260094F8260018B14FF47A7070
:1056D00001E07AE10020FFF755FDC4F81E0094F8C0
:1056E000260010B14FF47A7532E1002530E114F84C
:1056F000230F00F0F0002070A07A233C1E2839D23E
:1057000001E05BE137E1DFE800F0350F0F0F0F0F2D
:105710000F0F0F36365E6A7077F47E7E8464949441
:10572000949494F4353535F33046E3F726FA07EBD5
:105730004701C1EBC711B0EBC10F08D994F82300A2
:1057400000F0F00040F0010084F823000CE0304647
:10575000E3F713FA142807D294F8230000F0F000BE
:1057600040F0020084F82300A9B294F82D00FFF75E
:105770000BFD0546DEE03046E3F7FFF9B0F57A6F42
:1057800008D994F8230000F0F00040F0010084F8FC
:10579000230011E03046E3F7F0F907EBC70101EB16
:1057A0000711B0EB410F07D294F8230000F0F0008E
:1057B00040F0020084F82300A9B294F82D00FFF70E
:1057C000E3FC0546B6E0B5FBF7F0E3F7E2F9054682
:1057D000B0E0B5FBF7F0E3F705FA0546AAE0844828
:1057E0004543B5FBF7F0850AA4E044F62060454345
:1057F000B5FBF7F0850A9DE044F620604543B5FB14
:10580000F7F0850A96E07A484543B5FBF7F0850A3C
:1058100090E0B5FBF7F0CC2801D200258AE0B5FB7B
:10582000F7F07349CC3848434FF44C71B0FBF1F5B5
:1058300080E0284603F03CFC054618F806000528E1
:1058400020D13046E3F799F9B0F57A6F08D994F88A
:10585000230000F0F00040F0010084F8230011E084
:105860003046E3F78AF907EBC70101EB0711B0EB0C
:10587000410F07D294F8230000F0F00040F002003E
:1058800084F8230094F82D001438C0EB0010C0EB0E
:10589000C0004844007AEF282CD0384603F008FCBA
:1058A0000146284603F029FA03F03EFC0146304643
:1058B000E3F7BBF96421B0FBF1F003F0F9FB03F06F
:1058C0001AFC01B294F82D00FFF77CFD494903F062
:1058D000E2F903F029FC054694F82D001438C0EBDA
:1058E0000010C0EBC0004844007AEF2815D021E03A
:1058F0001CE016E0384603F0DBFB0146284603F0C7
:10590000FCF903F011FC01463046E3F78EF90A2159
:10591000B0FBF1F003F0CCFBD1E76420B5FBF0F570
:1059200008E03046E3F768FA054603E03046E3F75F
:1059300035FB054694F8290080B194F82C0094F8C2
:105940002B1000EB01206FF01801484305EB800598
:105950002846FFF717FCC4F81E0059E094F82C0005
:1059600094F82B1000EB012000EBC00101EB0010BC
:1059700005EB8005ECE794F8230000F0F00084F8D4
:105980002300E3F7B2F9B04210D93046E3F7F5F857
:10599000B0FBF7F040F6B831484340F2FF31B0FBBE
:1059A000F1F0FFF7EFFBC4F81E0031E03046E3F7FB
:1059B000E4F8FFF7E7FBC4F81E0029E094F82300A1
:1059C00000F0F00084F8230022E03046E3F71FFBEC
:1059D000F0B984F824A084F825A084F82AA094F8CB
:1059E000230000F0F00084F8230011E0D65E0020D0
:1059F000A086010000007A4484F824A084F825A041
:105A000084F82AA094F8230000F0F00084F8230022
:105A1000761CF6B22E34402EFFF4A3ADBDE8F09F05
:105A20002DE9F04100251C4C0026012730E0E3F76A
:105A300059F9A84223D9E3F788F9A84205D92734B0
:105A4000A670E670267104F8276994F8280008B952
:105A5000C4F81E602846E3F706FB01280BD004F8C3
:105A6000296F6670A670293CE3F76FF9A8420CD83D
:105A700084F8277009E02846E3F7C8FA05E02734E0
:105A8000A670E670267104F827796D1CEDB22D34EE
:105A9000402DCCD3BDE8F0812CC30460014600202A
:105AA0003339052905D2DFE801F0030507090B00AA
:105AB0000120704702207047032070470420704780
:105AC0004020704710B5002438B10BB1712300E0BD
:105AD00070230370417082700324204610BD10B5FE
:105AE000002429B10AB1017811700BB14078187007
:105AF000204610BD10B50022002816D0002914D071
:105B00000B7803708B1884185B78521C6370072A1B
:105B1000F8DB0A8902818A7A827200228B18841843
:105B2000DB7A521CE372072AF8DB10BD70B5002245
:105B300088422BD004890B899C4221D1837A8D7AAB
:105B4000AB421DD1072B09D9072307E085188E1812
:105B5000ED7AF67AB54213D1521CD2B29A42F5D3FD
:105B6000A4B903780A7893420AD1072B00D90723F6
:105B7000002209E084188D1864786D78AC4201D059
:105B8000002070BD521CD2B29A42F3D3012070BDE6
:105B900070B50400049E4FF000000DD0502020701E
:105BA0006170A270E01C1946FBF7FCFEC51C601971
:105BB0003146FBF7F7FE284470BDFEB504460020D1
:105BC0001E4617468DF800000190029000291DD056
:105BD000204601AA6946FBF715FB05469DF8000023
:105BE000092812D1601902AA0199FBF7B8FE0544F1
:105BF0000FB102983870601901AA6946FBF702FBE1
:105C000005449DF80000092801D00020FEBD601960
:105C100002AA0199FBF7A3FE2844002EF6D00299B0
:105C20003170FEBD70B50024DDE9045602290CD99F
:105C30000AB1047814700BB142781A7033462A46C0
:105C4000801C891EFFF7B9FF0446204670BD000086
:105C50000022027011464318491C5A700F29FADBC2
:105C6000704770B5CB0801250F2B11D206784C1C5C
:105C7000A64200D204705B4201EBC30300EBD100EB
:105C80009D404178EBB20AB1194300E0994341705D
:105C900070BD30B504460020CA080123782909D216
:105CA0005542224401EBC5018B405278D9B20A42D9
:105CB00000D0012030BD00787047014600200978EF
:105CC000002903D0491EC1F3C400401C70470200E4
:105CD0004FF0000003D00F2901D2501840787047D0
:105CE00003004FF0000004D00F2902D25818427070
:105CF0000120704703004FF0000003D0C2EBC10049
:105D0000187001207047002800D07820704710B527
:105D1000002258B151B10A78027000228B18841801
:105D20005B78521C63700F2AF8D30122104610BD15
:105D300070B5002200B304780B789C421CD17F2CF4
:105D40001AD8E30804F00704C4F10805FF24EC4066
:105D500006E085188E186D787678B5420CD1521C05
:105D60009A42F6DB18441944407849782040214093
:105D7000884201D1012070BD002070BDF0B5002522
:105D800010B300240460017140F251218B421BD8F2
:105D90004D1C4FF000018AB1461D994208D2D0F83F
:105DA00000C0575C0CF8067007687F1C076001E0B4
:105DB00047187C71491CA942EFD304E04218491CE2
:105DC0005471A942FAD301252846F0BD70B50546A5
:105DD0000C0003D0084602F0ABFD00E000200346B3
:105DE00022462846BDE870400021C7E701004FF079
:105DF000000000D00868704701004FF0000000D09C
:105E0000481D704701004FF0000000D0087970472E
:105E100030B504460D460846FFF7E8FF034628461E
:105E2000FFF7EAFF02462846FFF7ECFF014620464F
:105E3000BDE83040A2E730B5A8B1A2B1137993B95B
:105E400013688B420FD200231C4608E015689D4260
:105E500003D9D5186D79C55400E0C4545B1C8B423E
:105E6000F4D3012030BD002030BD70B503460020C2
:105E7000E1B1BBB10C681A68944212D10A791D795C
:105E8000AA420ED10120002207E08D189E186D79DC
:105E90007679B54200D00020521C944201D90028E6
:105EA000F3D170BD096804E0012070BD002BFCD067
:105EB00019680029F8D070BD70B50E0005464FF086
:105EC00000041AD00846ADB102F032FD29688842BC
:105ED00017D12879A8B90124002006E02B18325CDC
:105EE0005B799A4200D00024401C814209D9002CE1
:105EF000F4D106E002F01CFD01E015B1006800B924
:105F00000124204670BD70B5002388B1046840F2BA
:105F100051251444AC420BD8451D06E00668CC5C04
:105F200074550468641C04605B1C9342F6D301231F
:105F3000184670BD02004FF0000005D040F251231A
:105F4000994201D811600120704701004FF0000014
:105F500001D040F25120704702004FF0000001D004
:105F600011710120704730B502004FF0000013D0CE
:105F7000107900284FF001000ED11368002140F283
:105F800052248B4208D955186D79203D5F2D00D3DE
:105F90000020491CA142F4D330BDF0B5461871B3BE
:105FA000022541E002785AB3802A3CD30323B3EBA5
:105FB000921F34D17E4B9B5C994230D310F8014F35
:105FC000C91AB5EB941F2AD1062B2AD2DFE803F0B9
:105FD0002903070C111912F03E0F20D023E0E02A0C
:105FE0001FD1A2061BD51CE0F02A1AD104F0300202
:105FF00003E0F82A15D104F038020AB111E015E0E7
:106000000DE0FE2A0BD0FF2A09D0FC2A09D104F0AA
:106010003C02F2E710F8012FB5EB921F01D00020EF
:10602000F0BD5B1EF6D1401CB042BBD30120F0BDD9
:1060300010B501790024062906D221B950F8051BB4
:10604000FFF7ABFF00B10124204610BDF0B50025DD
:10605000F8B1002440F2522304609A4219D881B169
:106060000023051D0AE006D20768CE5C7E5506684F
:10607000761C066001E0C61834715B1C9342F2D3B3
:1060800006E000EB010201F1010114719942F8D31D
:1060900001252846F0BD30B5464B00221C88464BF2
:1060A0001B781C4440F252239C4202D2012304601C
:1060B00009E000210160084630BD8C5C8518521C47
:1060C0002C71046892B29442F7D8184630BD010092
:1060D0004FF0000000D00868704701004FF000004A
:1060E00000D0081D704710B503460C460846FFF760
:1060F000EEFF02462046FFF7F0FF0146BDE81040E4
:106100001846A3E710B500236AB160B114688C4249
:1061100009D3002103E053181B794354491C136829
:106120008B42F8D81368184610BD70B5002388B1AB
:10613000046840F252251444AC420BD8051D06E019
:106140000668CC5C74550468641C04605B1C934254
:10615000F6D30123184670BD02004FF0000005D0B1
:1061600040F25223994201D811600120704701008A
:106170004FF0000001D040F25220704730B50022AD
:10618000A0B199B103680C68A3420FD140F2522428
:10619000A34207D90AE084188D1824792D79AC42DE
:1061A00004D1521C9342F6D8012030BD002030BDEE
:1061B000B2440508A22000209C20002081070CD1B9
:1061C0006421B0FBF1F201FB120141B94FF4C87137
:1061D000B0FBF1F201FB120008B100207047012072
:1061E000704730B58DB00C4605463422F9496846F3
:1061F00002F068FB0023022C05D12846FFF7DEFFE2
:1062000008B11D2304E0601E0B2801D81DF82430BE
:106210000DB0184630BD70B5154606460024FFF790
:10622000E0FF40F26C718E4204D318B115B1854283
:1062300000D80124204670BD10B5002128B1C278D5
:1062400081780088FFF7E7FF0146084610BD2DE979
:10625000F04117460E4680460025FFF7DCFF58B197
:10626000012406E021464046FFF7BBFF641C0544BD
:10627000E4B2B442F6D33D442846BDE8F0812DE9AE
:10628000F04116460F4605460024FFF7C4FFA0B1B3
:1062900040F26C7308E0184604F26D14FFF78EFFAD
:1062A00000B1641C5B1C9BB2AB42F4D3324639464E
:1062B0002846FFF7CCFF0444641E2046DDE710B5F6
:1062C000FFF7DDFF0721B0FBF1F201FB1200401CDC
:1062D00010BD70B516460D46040008D02580A67086
:1062E000E3701A4631462846FFF7E9FF207170BD7A
:1062F0002DE9FC4789460021924604468DF804109A
:106300008DF8001001AF6E460125884606E029464B
:106310004846FFF766FF241A6D1CEDB22946484631
:10632000FFF75FFFA042F2D308EB0400C0B207B151
:106330003D7006B130709DF800309DF8042049464C
:106340005046FFF7C6FFBDE8FC8710B5002128B115
:10635000C27881780088FFF77AFF0146084610BDB1
:1063600010B5002128B1C27881780088FFF787FF37
:106370000146084610BD3EB500220C46ADF8082087
:106380008DF804208DF800206B4601AA02A900F0C8
:1063900029FA9DF800309DF80420BDF80810204629
:1063A000FFF797FF3EBD002160B10278182A09D29D
:1063B00042783C2A06D282783C2A03D2C0786428EC
:1063C00000D201210846704710B50C46FFF734FF94
:1063D00028B12046FFF7E7FF08B1012010BD0020DB
:1063E00010BD02004FF000000CD000290AD0108828
:1063F0000B88C01A06D190788B78C01A02D1D07859
:10640000C978401A704702004FF0000010D00029F0
:106410000ED010780B78C01A0AD150784B78C01A79
:1064200006D190788B78C01A02D1D078C978401AFA
:10643000704730B50D460446FFF7D3FF002804D15E
:10644000A91DA01DBDE83040DDE730BD30B502001C
:106450004FF000001AD0002918D0148840F66B05C0
:10646000AC4204D00B88AB4201D0E01A0ED1937835
:10647000FF2B04D08C78FF2C01D0181B06D1D278CA
:10648000FF2A03D0C978FF2900D0501A30BD10B5BB
:1064900002004FF0000020D000291ED01378FF2BFF
:1064A00004D00C78FF2C01D0181B16D15478FF2C87
:1064B00004D04B78FF2B01D0E01A0ED19478FF2C3A
:1064C00004D08B78FF2B01D0E01A06D1D278FF2AB6
:1064D00003D0C978FF2900D0501A10BD30B50D4641
:1064E0000446FFF7B3FF002804D1A91DA01DBDE895
:1064F0003040CCE730BD002809D0002907D00A88F9
:1065000002808A788270CA78C270097901717047F6
:10651000002809D0002907D00A7802704A78427012
:106520008A788270C978C170704710B50B460446EE
:10653000891D801DFFF7ECFF2046BDE8104019467D
:10654000D9E710B50028029C03D001704270837017
:10655000C47010BD002913D0002A11D000280FD01C
:10656000137883715378C37193780372D27842722F
:106570000A8802808A788270CA78C27009790171AB
:1065800070472DE9F0479046DDE90965DDF82C906C
:10659000089F8C4604000FD0A4F800C084F8028045
:1065A000E3701A4641466046FFF789FE2071A771E5
:1065B000E671257284F80990BDE8F08710B50021D6
:1065C00028B182784178007800F04BF901460846FE
:1065D00010BD0000B4450508002128B101784078BD
:1065E000C1EB011100EB810188B270472DE9F04148
:1065F0000E460446027AC179807900F032F93C27D0
:10660000B0FBF7F52046FFF7ABFE4FF4B46296FB04
:10661000F2F10844A1EB011101EB410116EB41112C
:106620002DD54942A94204D9C1F5B4612944401E7F
:1066300009E0691AB1FBF2F21044A2EB021202EB7C
:10664000420201EB4211C1EB01118D004FF4616375
:10665000B5FBF3F3DBB26FF0E00603FB06F605EBE8
:106660000615B5FBF7F5A21D04F10701EDB200D048
:10667000137001B10D702146BDE8F0417BE629445D
:10668000D8E70021D0B10288A2F500636B3B15D199
:106690008278FF2A12D1C278FF2A0FD10279FF2A0D
:1066A0000CD18279FF2A09D1C279FF2A06D1027A58
:1066B000FF2A03D1407AFF2800D101210846704704
:1066C0000021B8B10288A2F500636B3B11D082783B
:1066D0000C2A0ED8C2781F2A0BD88279FF2A08D03C
:1066E000C279FF2A05D0027AFF2A02D0407AFF2819
:1066F00000D1012108467047002806D040F66B0102
:106700000180FF218170C17001717047002804D0A1
:10671000FF21017041708170C170704700B50200A7
:1067200005D0FFF7E9FF901D5DF804EBEEE700BD33
:1067300070B506000D464FF000000AD0002D08D0BD
:106740003046FBF797FA04463019A91DFBF721FAEA
:10675000204470BD2DE9F041040017460E464FF06D
:1067600000000FD0002F0DD02046FAF7ECFC0546B4
:1067700060193946FFF7DCFF054460193146FAF726
:10678000F5FC284479E52DE9F0410F460546FBF775
:10679000A5FA411C4FF0FF3608D004462819B91D50
:1067A000FBF729FA411C01D0204466E5304664E538
:1067B0002DE9F04114460F460546FAF7CDFD4FF09E
:1067C000FF3668B1681C2146FFF7DDFF411C07D08A
:1067D0000C4628193946FAF7D5FD08B1601C4CE57E
:1067E00030464AE52DE9F0471F4601259046894687
:1067F000044640F26C76AA4640F26D134FF4B67C24
:106800000EE03046FFF7DAFC08B19C4212D0304669
:10681000A4F26D14FFF7D2FC00B1641E761CB6B270
:106820006445EED806E029463046FFF7DAFC241A24
:106830006D1CEDB229463046FFF7D3FCA042F2D9D9
:106840000AEB0400C0B2B9F1000F01D0A9F8006052
:10685000B8F1000F01D088F80050002F00D0387038
:10686000AAE6C0EB001001EB8000C0EB001002EBC9
:10687000800070472DE9F0410400069E98461746B7
:106880004FF0000018D010202070002060700A46E1
:10689000A01C0821FAF7C5FE851C60193946FBF7D4
:1068A00050F8054460194146FBF77CF8054460192F
:1068B0003146FBF746F82844BDE8F0812DE9F04762
:1068C00086B004460020DDF8389090460E46ADF8BC
:1068D000000001908DF80800039004901D462046AA
:1068E00003AA02A9FAF78EFC07469DF808004FF0AC
:1068F000FF3A0C284BD1E01901AA6946FAF747FE86
:106900000744BDF80000082841D10EB1019830605D
:10691000E01903AA02A9FAF775FC3E189DF80800D1
:10692000022834D1A01904AA0399FAF79EFF06445D
:10693000B8F1000F02D00499C8F80010A01903AAFA
:1069400002A9FAF75FFC06449DF8080009281ED149
:10695000A01904AA0399FBF702F806440498042836
:1069600015D205B12860A01903AA02A9FAF74AFCBA
:1069700035189DF80800022809D1601904AA039966
:10698000FAF773FF04992844B1F5803F03D35046CA
:1069900006B0BDE8F087B9F1000FF9D0A9F80010F2
:1069A000F6E7000000280FD000290DD00A78027009
:1069B0004A7842708A788270CA78C2708A888280E7
:1069C000CA88C280097A017270472DE9F0474FF0FA
:1069D0000004984616460F460500A14675D0B8F14A
:1069E000000F72D098F8000028700020687098F8A6
:1069F000020008B1802068702FB1388918B168781A
:106A000040F0200068703EB1308928B1B07A18B1EA
:106A1000687840F00800687098F8010018B168784C
:106A200040F00400687098F80310687801F00301E2
:106A3000084368700224BFB13989A9B1A81CFBF7CB
:106A40007FF9801CB97A2954441CB87A48B90BE004
:106A500007EB0900C07A285509F1010000F0FF0991
:106A6000641CB97A4945F3D8BEB13189A9B1B07A6D
:106A700098B12819FBF764F90444B07A2855B07A24
:106A8000641C50B1002005E03118401CC97A29551A
:106A9000C0B2641CB17A8142F6D82FB1388918B1DE
:106AA00098F808002855641C98F8020068B198F816
:106AB00004002855B8F80400641C802805D3B8F8F1
:106AC00006102819FBF73CF904442046BDE8F0877E
:106AD00000280BD0417001210170002181704FF41A
:106AE00080738380C180C270FF21017270472DE9DD
:106AF000FC5F4FF00004994617468846050026467D
:106B0000A246ADF80040ADF804407DD0B9F1000FC9
:106B10007AD0297889F8001068780224C10989F8A8
:106B2000021068784FF0FF3BC0F3800189F8011034
:106B3000687800F0030189F803106878800620D592
:106B4000A81C01A9FBF701F9841C285D641CB8F19D
:106B5000000F05D0BDF80420A8F8082088F80A0026
:106B6000F0B1072831D809E0295D641CB8F1000FA5
:106B700002D008EB0602D172761CF6B28642F3D33D
:106B80000EE0B8F1000F0BD0A8F808A0504688F826
:106B90000AA008EB0601761CF6B2C872072EF8D3DD
:106BA000687801072A481FD5012101702819694614
:106BB000FBF7CBF80444295D641C1FB1BDF800004D
:106BC0003881B97221B3072902D95846BDE8FC9F24
:106BD000002006E02A5D641C0FB13B18DA72401CED
:106BE000C0B28842F6D313E097B180F800A038898C
:106BF0005146A0F57F42FF3A00D03981B97200209A
:106C00003A18401CD17200E01BE0C0B20728F7D34D
:106C1000BDF8040020B1295D89F80810641C01E06A
:106C200089F808A099F8020060B1285D641CA9F8F1
:106C3000040080280AD3281909F10601FBF785F81A
:106C4000044403E04FF48071A9F804102046BDE726
:106C500054200020014600203B390A2907D2DFE8F2
:106C600001F00507090B0D0F1113151701207047CF
:106C700002207047032070470420704705207047AA
:106C8000062070470720704708207047092070478A
:106C900040207047002320B1602303704170827050
:106CA00003231846704710B5002429B10AB10178B2
:106CB00011700BB140781870204610BD70B50400FB
:106CC00016460D464FF000001AD0207040F2C45115
:106CD000FAF790F96070A5700C20E07032880425F6
:106CE000B2F5806F06D2D6F80230201D0021FAF7E7
:106CF00087FC051DF28860190121FAF761FE28441E
:106D000070BD2DE9F04385B04FF000050F460646F3
:106D100014008DF800500195ADF8085003956FF000
:106D2000020904953FD0072F02D23F2050753EE064
:106D300030460021FAF7E5FA4FF03E0890B1701C9A
:106D4000A21C02A9FAF723FC451CBDF8080020800C
:106D5000701901AA6946FAF755FA05449DF8000032
:106D6000012802D084F8158021E0701903AA019946
:106D7000FAF7F5FD05440398E080BD421BD2701977
:106D800001AA6946FAF73EFA05449DF80000022878
:106D9000E8D1BD42E6D2701904AA0199FAF765FD5F
:106DA00005440498A060BD4208D241206075484661
:106DB00005B0BDE8F0834FF0FF30F3E72846F7E772
:106DC00070B5040016464FF000001FD03020207030
:106DD00061700C20A070D6F802303288E01C0021CF
:106DE000FAF70EFCC51CF28860190121FAF7E8FDDC
:106DF000B2680544501C04D060190221FAF785FDE1
:106E0000054460190321FAF79EF9284470BD020079
:106E10004FF0000003D003211046FAF7A7B97047DE
:106E20002DE9F04106004FF000051746284611D025
:106E30003046FFF7C5FF044604E0F868405D305572
:106E4000641C6D1C3869A842F7DC30190321FAF77D
:106E50008DF92044BDE8F0812DE9F041044686B06B
:106E600000200F468DF800000190ADF80800039057
:106E70000146049015462046FAF743FA4FF0FF38D2
:106E800098B3601CAA1C02A9FAF781FB461CBDF846
:106E900008002880A01901AA6946FAF7B3F9064448
:106EA0009DF8000001282BD1A01903AA0199FAF737
:106EB00056FD06440398E880A01901AA6946FAF72E
:106EC000A1F99DF80010022910D0C5F80880A0197A
:106ED0000321FAF741FA40B1761CA019E860B81B0B
:106EE000401E2861384606B0B4E709E00644A01900
:106EF00004AA0199FAF7B9FC06440498A860E6E7E9
:106F00004046F0E7F0B587B00E46054614461F46EA
:106F1000194601A8FBF7A8F839463046FBF79AF85E
:106F2000002211462046FFF7D3FD234601AA314631
:106F30002846FFF74AFD0446FBF7BBF80646FBF779
:106F4000A1F80146281903234FF416720096FFF7A3
:106F500091FC204407B0F0BD30B589B00C460B461B
:106F6000054606AA01A9FFF7CDFF03462A4606A952
:106F700001A80094FBF742F809B030BDF0B587B026
:106F800005461C46174610460C9EFEF7B3FD3146DB
:106F900001A8FBF769F8002211462046FFF798FD8B
:106FA000234601AA39462846FFF70FFD0446FBF7A2
:106FB00080F80646FBF766F80146281903234FF4CC
:106FC00016720096FFF756FC2044C3E730B589B02F
:106FD00014460092054606AB01AAFFF7CFFF034611
:106FE0002A4606A901A80094FBF708F8C4E70000A8
:106FF0002DE9F0478AB08946824690461D461946DB
:1070000004A8FBF731F80022114601A8FFF760FD44
:1070100040F2391105FB01F0344F01AB07EB40049E
:1070200004AA51462046FFF7D0FC0646A019424666
:10703000494600F0A9F9064435B9394632462C488C
:1070400001F040FC2B4806702246334601A9504609
:107050000095FAF7D3FF0AB0BDE8F08770B586B0A7
:107060000D460646144611466846FAF7F3FF2346D6
:107070002A4631466846FFF7BBFF06B070BDF0B543
:1070800087B00D460646144611466846FAF7E2FFF9
:107090000020ADF808009DF804008DF814009DF85C
:1070A00003008DF815009DF802008DF816009DF87C
:1070B00001008DF817009DF806008DF818009DF866
:1070C00005008DF8190000216A4605A85718435C91
:1070D000491C7B700629F9DB23462A46314668465F
:1070E000FFF786FF07B0F0BD82E7B7E7F65E002046
:1070F000F4490020A62000200020A14B024640F2C7
:107100004B11414303EB4101401C0A71CA70FF2837
:10711000F5DB704710B500F01FF9FF2808D20021F9
:1071200040F24B125043964A02EB40000171C1708D
:1071300010BD2DE9F0470025DFF844820746A94637
:1071400040F24B1005FB00F608EB460421790129BB
:107150001ED1B4F80100B84206D9C01B0004000CCF
:10716000A4F8010002D013E0A4F80190F8F7E2FBC4
:1071700018F81610884209D9F8F7D6FBA4F80100D0
:1071800018F81600401C08F8160001E084F8049076
:107190006D1CFF2DD4D3BDE8F0870020784A01464E
:1071A00040F24B134B4302EB4303DB781BB1491C0A
:1071B000FF29F5D370470120704710B50020704BB0
:1071C000014640F24B124A4303EB4202D4781CB909
:1071D00012790AB9401CC0B2491CFF29F1D310BD75
:1071E00000B901206749087070472DE9F047002772
:1071F0003D46FFF7D2FF78B3DFF88491614E4FF040
:107200000108307800F0A8F8FF281CD101250020E3
:10721000FF214A4640F24B13434302EB4303DB7822
:10722000C3B1401CFF28F5D3FF2918D040F24B1002
:10723000414309EB41043778E77000202071F8F7EB
:1072400073FBA4F801003078401C10F0FF00307090
:1072500003D004E0C1B2E7E703E086F80080002D28
:10726000CFD0384697E72DE9F0470024089E1F4607
:107270009046894600288ED000F06EF8FF288AD20A
:1072800040F24B1250433E4A012102EB4005297166
:10729000002102F81010F8F747FBA5F8010005E0FF
:1072A000385D2919641C81F82000A4B2B442F7D3D8
:1072B000C5F8926205F117004146FFF773FB681DA0
:1072C0004946BDE8F047FEF715BC64E72DE9F047F5
:1072D0000024089E1F4690468946254600B300F0CC
:1072E0003BF8FF281CD240F24B114843244901EBE4
:1072F0004005B5F89202308005E0281990F820008A
:107300003855641CA4B23088A042F6D805F11701A4
:107310004046FFF747FB691D4846FEF7EBFB01259A
:10732000284638E710B5012400F016F8FF2800D2EF
:107330000024204610BD10B5002400F00DF8FF28F1
:1073400008D240F24B1148430D4901EB400000794F
:1073500000B90124204610BD10B50021084AFF24C1
:1073600040F24B134B4302EB4303DB78834201D1E2
:10737000CCB202E0491CFF29F2D3204610BD000028
:107380006CCE04603923002070B5040016464FF01F
:10739000000017D0102020700820607002204205E5
:1073A00091420FD2002E0DDB96420BDA0A46A01C4A
:1073B0000021FAF7AAFA851C601932460121FAF772
:1073C000A4FA284470BD2DE9F04104001E4615467C
:1073D0004FF000001FD010202070082060700220A5
:1073E000420591420FD2002D0DDB95420BDA0A4681
:1073F000A01C0021FAF789FA871CE0192A4601210E
:10740000FAF783FA3844DF212154401CFD2121542E
:10741000401C2654401CBDE8F0812DE9F0478AB09D
:107420008946824615464FF0FF36114604A8FAF702
:107430001BFE0022114601A8FFF74AFB40F239105B
:10744000DFF8E08005FB00F108EB410401AB04AA82
:1074500051462046FFF7B9FA07463246E0194B4637
:107460001146FFF7B0FF3E1835B9414632462E4867
:1074700001F028FA2D4806702246334601A95046ED
:107480000095FAF7BBFD0AB0BDE8F08730B585B0CE
:1074900005460C466846FAF7DDFD22462946684651
:1074A000FFF7BBFF05B030BD2DE9FE4304460020C9
:1074B0001E4617468DF8000001900290002922D048
:1074C000204601AA6946F9F79DFE05469DF8000091
:1074D0004FF0FF39B0B9601902AA0199FAF7C5F95E
:1074E000054402984FF48008404501D207B1386046
:1074F000601901AA6946F9F785FE05449DF8000068
:10750000012802D04846BDE8FE83601902AA01990D
:10751000FAF7ABF9029928444145F4D2002EF2D093
:107520003160F0E7F65E0020F4490020A62000203C
:107530002DE9F04115460F4604004FF000063FD0FC
:10754000002020704FF41671F9F754FD6070A77099
:107550000F20E070D5F802302A88201D0021FAF7AC
:107560004FF8061DEA88A0190121FAF729FAAA683E
:107570000644501C04D0A0190221FAF7C6F90644AB
:10758000A0190321F9F7DFFD3118002004E02A18C3
:107590000B18127BE254401CD5F864228242F6DCC0
:1075A000D5F864024618A0190321F9F7DFFD95F814
:1075B0006822064422B1A0190421FAF7A6F906446C
:1075C0003046BDE8F0812DE9F04786B04FF0000766
:1075D00014465FEA010805468DF800700197ADF882
:1075E000087003973E4604977FD0002C7DD0284634
:1075F0000021F9F786FE4FF0FF3AB0B3681CA21CD9
:1076000002A9F9F7C4FF471CBDF808002080E8195B
:1076100001AA6946F9F7F6FD07449DF80000012824
:107620002ED1E81903AA0199FAF799F907440398AA
:10763000E080E81901AA6946F9F7E4FD9DF8001019
:10764000022913D0C4F808A0E81981460321F9F7EC
:1076500083FE50B10398A8EB070182B24846F9F7C0
:10766000AFFBC4F864027F1C13E009E00744E8198B
:1076700004AA0199FAF7F9F807440498A060E3E72F
:10768000504606B0BDE8F087B819A119285C087308
:10769000761CD4F86402B042F6DCD4F8640203210C
:1076A0000744E819F9F76EFE78B110207F1C84F8C2
:1076B0006802474519D2E81901AA6946F9F7A2FDFF
:1076C0009DF80010042903D00FE06FF00100D8E707
:1076D0003844284404AA0199FAF7C7F807460498E1
:1076E000411E0F2903D884F868023846C9E76FF0B5
:1076F0000400C6E770B50E460546FAF74AFA044696
:107700002819311DF9F774F8204470BD2DE9F041B6
:1077100017460E460446F9F716FD05466019394628
:10772000FFF7E8FF054460193146F9F71FFD2844CB
:10773000BDE8F0812DE9F0410E460446FAF75BFA08
:107740004FF0FF35002808DD0746E019321D4FF4E1
:107750000061F9F711F9002801DC2846E8E7384410
:10776000E6E72DE9F04114460F460546F9F7F4FD2A
:107770004FF0FF3668B1681C2146FFF7DBFF002899
:1077800007DD441C28193946F9F7FCFD08B1601CD7
:10779000CEE73046CCE770B504000D464FF0000050
:1077A00009D020704FF41671F9F724FC6070A570B1
:1077B0000E20E070042070BD70B505004FF0000091
:1077C0000BD013460A4600212846F9F719FF044654
:1077D00028190121F9F7B7FC204470BD70B5164691
:1077E00005004FF000040CD00A460021FAF7E8F833
:1077F0000446701C05D0281932460121FAF785F895
:107800000444204670BD02004FF0000003D0012167
:107810001046F9F7ABBC70472DE9F04186B00F4632
:1078200080461E460024114601A8FFF7B4FF034618
:10783000224601A94046009700F075FB00285AD067
:10784000044655E0D6F802303288002101A8F9F745
:10785000D7FE0346224601A94046009700F063FB8D
:10786000002848D00444012101A8F9F76CFC034624
:10787000224601A94046009700F055FB00283AD067
:107880002518D6F8064021E02288002101A8FAF741
:1078900097F803462A4601A94046009700F043FBAB
:1078A000002828D0D4F802200544501C0DD0012116
:1078B00001A8FAF72AF803462A4601A9404600978C
:1078C00000F031FB002816D00544E468002CDBD121
:1078D000012101A8F9F74AFC03462A4601A94046BE
:1078E000009700F020FB002805D0D6F80A602C187D
:1078F000002EA7D1204606B0BDE8F0812DE9F8435F
:1079000005004FF000001446ADF800001FD000291C
:107910001DD0002C1BD06FF00208052902D23F2099
:10792000607317E028460021F9F7EBFC3E2780B191
:10793000681CA21C6946F9F72AFE461CBDF8000027
:107940002080A8190121F9F707FD10B1701CBDE8CE
:10795000F88367734046FAE710B5002428B121B1D7
:107960000121F9F70FFD00B10124204610BD2DE9DA
:10797000FF474FF000060F46050014468DF80060E3
:1079800001960296039646D0EFB3E4B328784FF001
:107990003E0800076FF0020902D482F80D802EE045
:1079A000284601AA6946F9F72DFC06469DF8000015
:1079B00018BB01994FF03F087018B8421DD2A819A2
:1079C00002AAF9F7CCFF06440298E0804FF0FF309E
:1079D000A060A85D01071ED5C04340071BD0A819B1
:1079E00001AA6946F9F70EFC9DF80010012912D191
:1079F000019906447018B84206D384F80D804846B1
:107A000004B0BDE8F08706E0A81903AAF9F72DFF36
:107A100006440398A0603046F2E7002228B13022E5
:107A2000027041700E21817003221046704770B5BC
:107A300005004FF000000CD0D1F802300A88002178
:107A40002846F9F7DDFD044628190121F9F77BFBEB
:107A5000204470BD70B5164605004FF000040CD0F0
:107A60000A460221F9F7ACFF0446701C05D028191C
:107A700032460321F9F749FF0444204670BD2DE941
:107A8000F04106004FF0000090460F46054614D026
:107A900030460421F9F757FB04463019B84205D1A6
:107AA000444405E0785D3055641C6D1C4545F9D3B0
:107AB00030190421F9F75AFB20441DE72DE9F04164
:107AC000040016460F464FF0000013D02046052153
:107AD000F9F739FB054660193946F9F763FF0544A4
:107AE00060193146F9F75EFF054460190521F9F781
:107AF0003DFB284400E702004FF0000003D00121C5
:107B00001046F9F733BB7047F8B504004FF000009A
:107B10001D461646ADF800001BD0002919D0002ED6
:107B200017D0002D15D020460021F9F7EAFB4FF0C1
:107B3000FF3778B1601C2A466946F9F728FD451CD5
:107B4000BDF80000308060190121F9F705FC08B18B
:107B5000681CF8BD3846F8BD10B5002428B121B125
:107B60000121F9F70FFC00B10124204610BD2DE9D9
:107B7000FF474FF000051E469046894604008DF8E9
:107B8000005001950295039532D0B9F1000F2FD026
:107B9000B8F1000F2CD05EB320784FF0FF3700070C
:107BA00009D5204601AA6946F9F72CFB05469DF840
:107BB0000000022801D0384622E7601902AA019984
:107BC000F9F7CDFE05440298A8F800004D450ED205
:107BD000605D01070BD5C043400708D0601901AABA
:107BE0006946F9F70FFB9DF80010032902D03760B2
:107BF000284605E70544601903AA0199F9F735FEFF
:107C0000054403983060F3E72DE9FF4706004FF085
:107C100000000F4614468DF8000001900290ADF868
:107C20000C004FF03F086FF0020A35D0052F33D912
:107C30008CB3304601AA6946F9F7E4FA85B29DF89B
:107C400000004FF03E0910BBAF4220D9781B87B22D
:107C5000042F19D3701902AA03A9F9F798FC284434
:107C600085B2BDF80C0020800298C4F80200781B91
:107C700010EA1A4004D070190121F9F76DFB30B1F8
:107C8000284604B0BDE8F08784F86A8201E084F8F1
:107C90006A925046F5E7FFE782F86A82F9E72DE934
:107CA000FE4F05004FF00000894614468DF8000095
:107CB000019006466FF0020A029078D0B9F1000FE9
:107CC00075D0002C73D0411EA160102184F8681279
:107CD000C4F86402284601AA6946F9F793FA0746F0
:107CE0009DF800004FF03E0890B9E81902AA0199EA
:107CF000F9F735FE07440298E080E81901AA6946C1
:107D0000F9F780FA07449DF80000012803D010E03D
:107D100084F86A824CE0E81902AA0199F9F7A5FDF6
:107D200007440298A060E81901AA6946F9F76AFABF
:107D300007449DF800000228EAD1E819401EF9F72F
:107D400050FA0028E4D07F1EE288A9EB0701E81969
:107D5000F9F736F8C4F864027F1C04E0B819A119D9
:107D6000285C0873761CD4F86402B042F6DCD4F8C0
:107D7000640201AAC619A8196946F9F743FA06442C
:107D80009DF80000022805D0A819401EF9F732FA24
:107D90000028BDD1A81901AA6946F9F733FA0644AB
:107DA0009DF80000032805D0701EBDE8FE8F0BE093
:107DB0005046FAE7A81902AA0199F9F756FD029967
:107DC000304484F86812F0E73F2082F86A02EFE757
:107DD00070B504000D464FF0000009D020704FF43C
:107DE0001671F9F707F96070A5701020E070042093
:107DF00070BD70B505004FF000000BD013460A4669
:107E000000212846F9F7FCFB044628190121F9F75F
:107E10009AF9204470BD02004FF0000003D0012108
:107E20001046F9F7A3B970472DE9F0414FF000046F
:107E30000F460600254627D0FA880021F9F7C0FD35
:107E4000BA680446501C04D030190121F9F75DFDD1
:107E5000044430190221F9F776F9044404E0781952
:107E6000007B3055641C6D1CD7F86402A842F6DC18
:107E700030190221F9F77AF997F8682204441AB107
:107E800030190321F9F741FD2046BDE8F0810022B9
:107E900028B1202202704170102181700322104607
:107EA000704770B5040015464FF000003AD05020DE
:107EB000207061701020A070E01C0021F9F743F9D8
:107EC000C61C95F86912A019F9F76CFD064495F8DF
:107ED0006A12A019F9F766FD0644A0190021F9F706
:107EE00045F90644A0190121F9F72DF90644D5F802
:107EF00002302A88A0190021F9F782FB0644EA889B
:107F0000A0190121F9F75CFDAA680644501C04D0B1
:107F1000A0190221F9F7F9FC0644A0190121F9F78B
:107F200025F9304470BD10B51C46029B9B1AA34234
:107F300005D31044224600F0C5FC204610BD0020A9
:107F400010BD00002DE9F0478AB089468246904670
:107F50001D46194604A8FAF787F80022114601A821
:107F6000FEF7B6FD40F2391105FB01F04B4F01ABB6
:107F700007EB400404AA51462046FEF726FD0646BC
:107F8000A0194246494600F02DFA064435B9394653
:107F90003246434800F096FC42480670224633467B
:107FA00001A950460095FAF729F80AB0BDE8F08714
:107FB00070B586B00D460646144611466846FAF777
:107FC00049F823462A4631466846FFF7BBFF06B00C
:107FD00070BD2DE9F0418EB00F4680461546114622
:107FE00001A8FAF737F8294609A8FAF73DF8002260
:107FF000114606A8FEF76CFD40F23910274E684383
:1080000006EB400406AB09AA01A92046FEF7DDFCF9
:1080100020443A46414600F0E1F9074635B90246A8
:1080200031461F4800F04EFC1E48077022463B4672
:1080300006A901A80095F9F7E1FF0EB0BDE8F081AF
:1080400070B586B0054603A8FAF7F6F8FAF709F90D
:1080500008B1012400E00024FAF7FCF8064603A961
:108060006846FEF762FA31466846FEF7BFFA24B169
:108070006FF03B016846FEF7B9FA68462A46411D93
:10808000FFF7A7FFA3E73EB504466846FAF7D4F822
:1080900068462246411DFFF78BFF3EBDF65E00207D
:1080A000F4490020A620002070B586B0044605AB38
:1080B00003AA00F09BF900281BDD2078A42818D122
:1080C0006079B42815D160786438C6B21D488671CD
:1080D000A1784171E278C270A3798370E579457027
:1080E000247A047000200095CDE901403046D2F793
:1080F000F1FF06B070BD70B586B0044605AB03AAAB
:1081000000F074F90028F4DD2078A428F1D160791A
:10811000B428EED160786438C6B20A488671A17876
:108120004171E278C270A3798370E5794570247A51
:10813000047000200095CDE901403046D2F7CAFF17
:10814000D7E700004423002010B5ADF5187D1C468C
:108150006A4600F0B3FA002813DD0098401C0CD0EA
:108160000198401C09D0F9F78DFF0099884208D387
:10817000F9F788FF0199884203D82146684600F044
:1081800003F80DF5187D10BD30B5ADF5197D044629
:10819000002097909890207A0D4680B104F1090054
:1081A00098AA97A90446FAF755FB00281AD0F9F7C0
:1081B00069FF9799009589B22346989A10E0D4F800
:1081C0000B10B4F8090001AAFAF734FB002809D013
:1081D000F9F758FF0095D4F80B20B4F8091001AB5B
:1081E00000F0F6F90DF5197D30BD002110B904E05D
:1081F000001D491C0268521CFAD1084670472DE93F
:10820000FF4F81B0804600240D4627460398FFF7B4
:10821000ECFF81460498FFF7E8FF83460E98FFF7CE
:10822000E4FF824609EB0B015144B9F1030F00D37F
:10823000C91E6DB1E86858B1286948B10090E88856
:108240000223A0F58070733806D02B752020A8E09B
:10825000002005B0BDE8F08FA86840B1421C0AD0EC
:10826000884274D80026B9F1030F68D86AE0404606
:10827000F9F767FB8DE0B9F1030F19D81AE00398FD
:1082800050F827104F2912D04B2910D04D290ED06D
:1082900008EB0400F9F786FB04440098844206DBEF
:1082A00005202875122068754FF0FF3402E07F1C0E
:1082B0004F45E4D3BBF1000F0FD000260BE004982C
:1082C00050F8261008EB0400F9F76CFB0444009802
:1082D000844207DA761C5E45F1D3BAF1000F63D011
:1082E000002612E005202875122068754FF0FF3433
:1082F000F3E70E9850F8261008EB0400F9F752FB4C
:1083000004440098844203DA761C5645F1D34BE0CE
:1083100005202875122044E0039951F827104F29B1
:108320000CD04B290AD04D2908D0761CB04205D17B
:1083300008EB0400F9F736FB044602E07F1C4F45CA
:10834000EAD33CBBBBF1000F13D000200EE026E0C7
:10835000A968761CB14208D1049951F8201008EBA5
:108360000400F9F71FFB044602E0401C5845EFD318
:1083700084B9BAF1000F17D000200DE0A968761C6F
:10838000B14208D10E9951F8201008EB0400F9F71A
:1083900009FB044608E0401C5045EFD304E02B7570
:1083A0002A2068754FF0FF34204652E770B504006C
:1083B0001E464FF0000010D0002A0ED0002E0CD028
:1083C000102020706170A01C1146F9F753FC851C29
:1083D00060193146F9F7DDFB284470BD13460A46A3
:1083E0000921E3E713460A460621DFE72DE9FC41B0
:1083F000044600201E4617468DF800000190002913
:108400001FD0002F1DD0002E1BD0204601AA694688
:10841000F8F7F8FE05469DF800004FF0FF380A28EF
:108420000ED160193946F9F741FC0544601901AADB
:108430006946F8F7E7FE05449DF800000B2802D0D6
:108440004046BDE8FC8160193146F9F7BEFB28447F
:10845000F7E7F0B5ADF5177D14460F460646002543
:1084600047E0207810B1012810D040E0052F08D354
:10847000D4F80330B4F8012070190021F9F7C0F8DE
:1084800034E06FF001000DF5177DF0BDB4F8090080
:1084900008B1E07A00E06078C01D874227D37019E8
:1084A0000121F8F750FE0544B4F809107019F9F7E6
:1084B00048FA0544B4F80900A0F57F41FF3904D01B
:1084C00030B1E27A04F10C0104E00022114601E02F
:1084D0006278A11C6846FDF7B9FD70196946F9F785
:1084E000C5F8054470190121F8F740FE0544D4F899
:1084F0001340002CB5D12846C5E72DE9F043ADF572
:10850000197D002514460646A8468DF858529795C1
:108510006FF00109989557E0771900213846F8F770
:10852000F0FE58B184F800803846E31C621C00213C
:10853000F9F748F8002826DB054443E038460121D6
:10854000F8F7DFFEF8B1012020706D1C701997AAB2
:1085500096A9F8F757FE05449DF85802022812D153
:10856000701998AA9799F9F780F99899A4F80910C1
:108570000544701997AA96A9F8F744FE05449DF89A
:108580005802062804D048460DF5197DBDE8F08351
:108590006A4630469799F9F7AAF805446846FDF708
:1085A00096FD78B1B4F809006A464FF0070128B18A
:1085B00004F10C00FDF7A6FDE07203E0A01CFDF73E
:1085C000A1FD6070D4F81340002CA5D12846DBE74C
:1085D0002DE9F047ADF5287D0F46B09D81469A46BE
:1085E00090462946A2A8F9F73FFD29469AA8F9F72F
:1085F00031FD002211469FA8FEF76AFA40F23910B9
:108600001349684301EB40049FABA2AA9AA92046F4
:10861000FEF7DBF906460820ADF80400CDF8069019
:10862000ADF80A70514604A8CDF80C80FDF7F0FBB8
:10863000A01901A900F0BCF8331822469FA99AA8F6
:108640000095F9F7DBFC0DF5287DBDE8F08700000B
:10865000F65E002070B505000C464FF000002CD0EF
:10866000002C2AD01020287007206870022622686B
:1086700071058A420FD2606800280CDB88420ADA52
:10868000A81C0021F9F741F9861C6268A81901218C
:10869000F9F73BF90644207A30B1A81904F1090230
:1086A0000321F9F796F807E0D4F80B30B4F8092065
:1086B000A8190221F8F7A4FF304470BD2DE9FF4747
:1086C000002614460546B0468DF8006001960296D5
:1086D000ADF80C60002965D0002C63D0284600213D
:1086E000F8F70FFE4FF0FF3AE8B3284601AA6946B3
:1086F000F8F788FD0646A81902AA0199F9F7B5F816
:10870000064402984FF48009484500D22060A81919
:1087100007460121F8F7F5FD30B3384601AA69464E
:10872000F8F770FD0644A81902AA0199F9F79DF817
:1087300006440298484500D26060AF1902213846CD
:10874000F8F7DFFDD0B184F80880384601AA694601
:10875000F8F758FD0644A81904F10B0203A9F8F72D
:1087600016FF064401E005E020E0BDF80C00A4F887
:10877000090017E05046C4F800A0DDE738460321A1
:10878000F8F7BFFD90B101202072384601AA694672
:10879000F8F738FD0644A81904F109020199F9F720
:1087A00034F80644304604B0BDE8F0875046FAE796
:1087B00070B504000D464FF0000018D0002D16D003
:1087C0001020207001206070D5F802202988A01C9C
:1087D000F8F727FF861CAA68E988A019F8F721FF97
:1087E0000644A01905F10C01F8F7D8FF304470BD1C
:1087F000FEB50446002015468DF800000190ADF846
:108800000800471E89B385B3204601AA6946F8F7D8
:10881000F9FC06469DF800000C2826D1A019AA1CD8
:1088200002A9F8F7B4FE0644BDF808002880A01994
:1088300001AA6946F8F7E6FC06449DF800000C28FA
:1088400013D1A01905F1080202A9F8F7A0FE064409
:10885000BDF80800E880A01901AA6946F8F7D2FC23
:1088600006449DF80000072801D03846FEBDA01937
:1088700005F10C020199F8F7C8FF3044FEBD30B491
:108880004FF0FF3328B10478102C02D14478012C2A
:1088900002D030BC18467047801C30BC891EA7E748
:1088A0000649074A0868504343F2390210440860F9
:1088B0004008704701490860704700003C230020D1
:1088C0006D4EC64140EA01039B0703D009E008C989
:1088D000121F08C0042AFAD203E011F8013B00F885
:1088E000013B521EF9D27047D2B201E000F8012BD1
:1088F000491EFBD270470022F6E710B513460A4620
:1089000004461946FFF7F0FF204610BD30B5054676
:108910002A460B4612F8010B13F8014B08B1A0428E
:10892000F8D01CB1002802D06D1CF1E7284630BDFC
:10893000421C10F8011B0029FBD1801A7047CBB2F2
:1089400003E00178994203D0401C521EF9D2002066
:10895000704730B504460020034600E05B1C93429C
:1089600003D2E05CCD5C401BF8D030BD034611F86B
:10897000012B00F8012B002AF9D11846704700009E
:108980000FB400B58DB010A909900B9000914FF075
:10899000FF300A9000200C9005480690054807908B
:1089A0006A4609A80F9900F0FFFC0DB05DF814FBB2
:1089B000C5930308E39303082DE9FF5F1D464FF0BD
:1089C000FF3BD5E9014691465F464FF00008A96993
:1089D0007F1C01988847296A824688470028F6D17B
:1089E000BAF1FF3F0CD024F4C064002E19DD6006FC
:1089F00014D5BAF12B0F09D0BAF12D0F0ED103E027
:108A0000584604B0BDE8F09F44F48064A9697F1C17
:108A100001988847761E8246002E02DDBAF1300F9B
:108A200003D0B9F1000F26D032E0A969761E44F4D4
:108A300000747F1C019888478246002E05DDBAF13C
:108A4000780F06D0BAF1580F03D0B9F1000F10D04B
:108A50001EE0B9F1000F02D0B9F1100F18D1A969C9
:108A6000761E24F400747F1C0198884782461020EB
:108A700002E0082000E00A20814609E008FB09081E
:108A8000A969761E44F400747F1C019888478246C9
:108A9000002E05DD4946504600F071FC0028EDDA55
:108AA000E96901988847A00502D46FF00100A8E7A2
:108AB000E00725D1600613D5600502D5C8F1000096
:108AC00000E0404629680A1D2A600968220501D590
:108AD000087015E0220701D5088011E008600FE05A
:108AE0002868011D29600068210502D580F80080F2
:108AF00006E0210702D5A0F8008001E0C0F8008060
:108B000038467EE72DE9F04791460F4680460446F9
:108B1000002614F8015B2DB100F024FC0068405DD4
:108B2000C007F6D12B2D02D02D2D18D0641E4A4639
:108B30003946204600F066FC27B13968A14201D1D0
:108B4000C7F8008071054FF002040BD540420028A1
:108B500003DD01F003FA0460A007BDE8F08746F4E6
:108B60008066E4E70028F8DA01F0F8F904606FF0B5
:108B70000040F2E72DE9F05F93460F468046044639
:108B8000002601F0EBF9D0F80090824614F8015B62
:108B90002DB100F0E7FB0068405DC007F6D12B2D3A
:108BA00002D02D2D1AD0641E0021CAF800105A469A
:108BB0003946204600F026FC014627B13868A0421D
:108BC00001D1C7F80080DAF80000022809D0CAF8FD
:108BD0000090700505D54842BDE8F09F46F48066D8
:108BE000E2E70846F8E7F0B480EA0102D40F420059
:108BF000B2EB410F02D20246084611464A0042D06B
:108C0000C30DDDB2C1F3C752AD1A202D35DAC1F361
:108C1000160141F4000204B15242C5F1200602FAE5
:108C200006F12A411044B3EBD05F23D0C4B1012D2B
:108C3000A0EBC35009DCF0BC4FF0004202EAC35283
:108C4000DBB200F5000000F084BC400000F1807051
:108C500000EBC350A0F1807040EAD170490009E0F8
:108C6000490841EAC071A0EBC35000F5000040087C
:108C700000EBC350F0BC00F063BC6142012202EB88
:108C80004101001BF6E7F0BC704781F00041AAE704
:108C900080F00040A7E780EA010210B502F000432F
:108CA000400022D04A001FD0010E01EB1261C0F338
:108CB0005600C2F3560240F4000042F40002A0FB4A
:108CC000022000047F39140400D0401C50EA1240F6
:108CD00001D44000491EC2B20C0604EBD010401C67
:108CE0004008802A02D003E0002010BD20F00100DF
:108CF000002900DA0020184310BD30B480EA0102D8
:108D000002F0004530F0004221F0004013D090B155
:108D1000C30DD40DC2F31601C0F31600E41A41F4DA
:108D2000000140F400027D34914201D3641C00E054
:108D30004900002C02DA30BC002070474FF40000DC
:108D40000023914201D3891A034340084FEA4101AD
:108D5000F7D151B1914202D14FF0004105E002D26A
:108D60004FF0010101E06FF0010103EBC450284412
:108D700030BC00F0E5BB420005D0C0F3C752524200
:108D8000914201DC0020704700EBC15070472DE993
:108D9000FE4F804681EA0300C00F0C46009021F090
:108DA000004123F00045B8EB0200A94105D240463E
:108DB000214690461C460B46024623F000401043D5
:108DC00047D0270DC7F30A00C3F30A510290401A97
:108DD000019040286BDAC3F3130040F4801B009825
:108DE000924620B10023D2EB030A63EB0B0B0198F0
:108DF0005946C0F14002504600F082FA06460D4640
:108E000050465946019A00F09AFA10EB0800614169
:108E1000002487EA115284EAE7731A4340D0009A8B
:108E200062B3019A012A4FEA075215DC001B61EB7D
:108E300002014FF0004202EA0752CDE90042001C55
:108E400041F5801132462B4600F0C0FB03B0BDE86F
:108E5000F08F40462146F9E7001B61EB0201001C40
:108E600041F5801300185B412018A2F5001747EB6D
:108E7000030140EAD570B6196D4111E06D084FEA63
:108E8000360645EAC0754FEA0752001B61EB020146
:108E9000001C41F5801149084FEA3000001951418A
:108EA00032462B4603B0BDE8F04F00F080BB00987F
:108EB000012240000023D0EB020263EBE073009834
:108EC00021464FEAE074B8EB000061EB0401E9E7EA
:108ED00083F000435BE781F0004158E72DE9FE4F46
:108EE00081EA030404F0004421F0004100944FF0B3
:108EF000000B23F0004350EA01045ED052EA030461
:108F00005BD0C3F30A54C1F30A552C44A4F2F334E2
:108F10000194A0FB0254C1F3130141F48011C3F387
:108F2000130343F4801301FB024400FB034E840A45
:108F3000970A44EA815447EA8357A4FB07680295DD
:108F40008D0A05FB07854FEA932C04FB0C5427057B
:108F5000029D4FEA065847EA1637B5EB08056EEB57
:108F6000070C870E920E47EA811742EA8312A7FB8D
:108F70000201B6EB0B0164EB00042B0D43EA0C334A
:108F80005E1844EB1C50DA465146E7FB0201C5F37C
:108F900013044FEA0B3343EA14534FEA0432019CA3
:108FA00043EA0603A4F10C040294009CCDE900B44A
:108FB00000F00CFB03B0BDE8F08F00200146F9E79C
:108FC0002DE9F04D81EA030404F0004B21F0004547
:108FD00014464FF0000A23F0004150EA050220D069
:108FE00054EA01021DD0C5F30A570246C5F3130324
:108FF000C1F31300C1F30A5640F4801543F4801303
:10900000A7EB0608101BD64608F2FD3873EB0500E7
:1090100002D308F1010801E092185B41B8F1000F9A
:1090200003DA00200146BDE8F08D00204FF48011E6
:10903000064684460EE0171B73EB050705D3121B8B
:1090400063EB050306434CEA010C49084FEA300084
:1090500092185B4150EA0107EDD152EA030012D0A9
:1090600082EA040083EA0501084305D0101BAB41E6
:1090700006D20122002306E000224FF0004302E066
:109080006FF0010253101AEB06004CEB085110EB85
:109090000A0041EB0B01BDE8F04D00F088BAC10FAA
:1090A00080EAE0700844CA079623002100F051BA14
:1090B00096230022114600F04CBA0EB5C10F80EA8B
:1090C000E0700844CA07002140F233438DE80E00E7
:1090D0000A460B4600F07AFA03B000BD0EB540F226
:1090E000334102910021CDE900110A460B4600F000
:1090F0006DFA03B000BD00F0004220F00040C10D49
:10910000C0F3160040F400007F2901DA0020704708
:10911000962903DCC1F19601C84001E096398840E8
:10912000002AF4D04042704720F00040C10DC0F347
:10913000160040F400007F2901DA002070479629CC
:1091400003DCC1F19601C8407047963988407047EA
:1091500070B5C1F30A5201F000450024C1F31301B8
:1091600040F2FF3341F480119A4201DA002070BDD1
:1091700040F233439A42A2F2334203DC524200F0FF
:10918000CEF800E090402C43F1D0404270BDC1F3D6
:109190000A5210B5C1F3130140F2FF3341F48011BC
:1091A0009A4201DA002010BD40F233439A42A2F203
:1091B000334203DC524200F0B2F810BD904010BDC3
:1091C00000F0004230F000400AD0C10D01F560719E
:1091D000C0F3160042EA0151C2084007114370472C
:1091E00000200146704701F0004330B421F00041F7
:1091F00050EA010206D00A0DA2F56072C1F3130114
:10920000002A02DC30BC00207047440F44EAC1044D
:10921000C100E01830BC00EBC25000F091B9000072
:10922000002801DBC0F10040002901DBC1F1004151
:1092300081427047A0E8004FF0C040F804DB01B560
:10924000AFF30080BDE8024001C10020704700F18B
:109250002C080C4658F8040DAFF3008058F8040DA4
:109260008546200008BF012038E9F00018E9004FCA
:10927000704730B50B46014600202022012409E04A
:1092800021FA02F59D4205D303FA02F5491B04FABF
:1092900002F52844151EA2F10102F1DC30BD2DE9D2
:1092A000F05F0546002092469B468846064681466A
:1092B00040241BE0284641464746224600F02FF84E
:1092C00053465A46C01A914110D3114618462246B9
:1092D00000F016F82D1A67EB01084F4622460120D0
:1092E000002100F00DF817EB00094E41201EA4F1FB
:1092F0000104DFDC484631462A464346BDE8F09F7C
:10930000202A04DB203A00FA02F100207047914045
:10931000C2F1200320FA03F3194390407047202A3A
:1093200004DB203A21FA02F00021704721FA02F30F
:10933000D040C2F120029140084319467047202ACC
:1093400006DBCB17203A41FA02F043EAE07306E06D
:1093500041FA02F3D040C2F120029140084319467D
:109360007047000000487047AC48050810B5044637
:10937000FFF7F8FF0068005D00F0010010BD3A281B
:1093800000D2303820F02002412A01D3A2F1370068
:10939000884201D34FF0FF3070470000026811444B
:1093A0001378016018467047D1600449516104493F
:1093B000116200211161114600F018BA9D93030853
:1093C0006D930308426842B1016811F8013B23B173
:1093D000521EC0E90012184670470121C160881E64
:1093E000704742685AB1C368016843B983688B42C9
:1093F00005D0491E521CC0E90012002070474FF0F2
:10940000FF3070472DE9F05F82460078002715464F
:109410008B460AF10104B946302801D09DB113E012
:1094200014F8010B0127782803D0582801D045B142
:109430000AE00DB1102D07D10027102514F8010BFB
:1094400002E0082500E00A250026B0460EE005FBF4
:10945000080005FB06F1012701EB10461FFA80F812
:10946000B6F5803F00D3B94614F8010B2946FFF743
:1094700086FF0028EBDABBF1000F05D00FB1641EA8
:1094800000E05446CBF80040B9F1000F06D000F0E0
:1094900065FD02210160C81EBDE8F09F48EA064054
:1094A000FAE700000FB4002300B589B00CA90091C1
:1094B0000B996FF00042CB601E4B06931E4B079337
:1094C0000423CDE901321D4A089202466B46002072
:1094D00000F0B8FB09B05DF814FB70B586B0064625
:1094E0004FF0FF300091CDE90101002015460C46F8
:1094F00004903246694604A8FFF7D4FF0246049858
:10950000211825B108B1084600E0204628600498DB
:1095100000280DD0002A02DD0098884208D0081BE0
:109520000094CDE901043246694604A8FFF7BAFF6A
:1095300006B070BDC5930308E39303086D93030859
:109540000029A8BF7047401C490008BF20F0010057
:10955000704710B4B0FA80FC00FA0CF050EA010435
:1095600004BF10BC704749B1CCF1200421FA04F4C7
:1095700011FA0CF118BF012121430843A3EB0C01A0
:10958000CB1D4FEA00614FEA102042BF002010BC03
:10959000704700EBC35010440029A4BF10BC7047B3
:1095A000401C490008BF20F0010010BC704710B5F6
:1095B000141E73F1000408DA401C41F100019218F6
:1095C0005B411A4301D120F0010010BD2DE9F04D9F
:1095D00092469B4611B1B1FA81F202E0B0FA80F2F4
:1095E00020329046FFF78CFE04460F4640EA0A0000
:1095F00041EA0B0153465A46084313D0114653EA39
:10960000010019D0C8F140025046FFF788FE054618
:109610000E46504659464246FFF772FE084305D0B3
:10962000012004E020463946BDE8F08D00200543C6
:1096300046EAE0762C4337430A986305E40AA0EB38
:1096400008000022FD0A44EA47540A3002D50020EF
:109650000146E9E7010510196941DDE908450019EE
:109660006941BDE8F04DA2E770B521F00043034326
:109670000CD0C1F30A550024D5EB040564EB0403B8
:10968000D617AD1AB34102DB0020014670BD201889
:1096900041EB025170BD2DE9F04D00231A461B1A13
:1096A0008A4103DB00200146BDE8F08DC1F30A5278
:1096B000C1F3130141F480154FF0000BD10702D123
:1096C00000186D41521E0027044640F2FF11384633
:1096D00001EB620A3E468046024600204FF48011AC
:1096E000FFF71DFEC2197141BB1846EB0100B4EB38
:1096F000030C75EB000C04D3E41A65EB0005174668
:109700000E46241908F101006D4180463428E3DD3E
:10971000F91946EB0600091BA84103D24FF0FF32AE
:10972000134601E0002213461BEB070046EB0A51EB
:10973000BDE8F04DFFF73BBFC1F30A52C1F313017F
:1097400040F2FF3341F480119A4202DA00200146D0
:10975000704740F233439A42A2F2334202DC524253
:10976000FFF7DDBDFFF7CCBD30B5041E71F100047D
:1097700004DB4FF00044404264EB0101141E73F11E
:10978000000405DB1C464FF00043524263EB040328
:109790008B4208BF824230BD30B5041E71F1000417
:1097A00004DB4FF00044404264EB0101141E73F1EE
:1097B000000405DB1C464FF00043524263EB0403F8
:1097C000994208BF904230BD064C074D06E0E06864
:1097D00040F0010394E8070098471034AC42F6D3F8
:1097E000CEF7AAFCB8480508F84805082DE9F34F5C
:1097F0008BB04FF0000801F10C000C464FF0010B4C
:1098000046460DF1080A01906269012101989047CE
:10981000051E2DD0252D2CD0216A8847C0B1626944
:10982000012101989047216A88470028F7D1411EFD
:1098300062690198904700E0761CA1690B988847FF
:10984000216A88470028F7D1E1690B988847DBE750
:10985000A1690B9888470746A84201D1761CD3E737
:10986000E1690B9888477F1C02D1B8F1000F6FD0D7
:1098700047E1002762693D463946019890472A280A
:1098800004D162690121019890470125DFF888928F
:109890006269012101989047A0F130010A290AD29A
:1098A0004F45E5DC07EB870100EB4107303FDFD494
:1098B00045F01005ECE7E90601D46FF000476C288D
:1098C0000AD04C2814D0682815D06A280DD07428E6
:1098D0001CD07A281AD01DE06269012101989047B6
:1098E0006C2802D045F0040514E045F002050DE0B7
:1098F00045F020050AE06269012101989047682837
:1099000002D045F0080505E045F4006562690121D3
:1099100001989047C4E9015765283DD019DC5828C3
:109920007AD00CDC452837D004DC252826D0412805
:1099300031D131E046282FD047282CD12CE05B28AC
:1099400077D0612828D063287CD0642823D15AE0BE
:10995000D1E06F2848D008DC66281DD067281BD0CE
:10996000692821D06E2816D127E0702845D07328A9
:1099700068D0752847D078280DD14DE0A1690B98A3
:109980008847054625283FF469AFE1690B98884769
:109990006D1C3FF46AAFB4E023466A466FF00100E5
:1099A0000B9900F04FF99FE045F040006060A80778
:1099B00023464FF0000236D43EE0E8077FF447AF7D
:1099C0002068011D21600068290501D506701BE78C
:1099D000290701D5068017E7A90703D5F117C0E9C4
:1099E000006111E706600FE745F040006060A807DE
:1099F00023464FF0080216D41EE040F60E0125EA79
:109A00000100606016E045F040006060A807234652
:109A10004FF00A0207D40FE045F040006060A8074D
:109A200008D5234610226FF001000B99AFF3008098
:109A30005AE007E0234610226FF001000B99FEF771
:109A4000BBFF51E04FF000094F464B46632802D060
:109A50005B2807D041E02079C00601D40120A06036
:109A600001273AE062690121019890475E2805D1FB
:109A70004FF001096269494601989047216939B957
:109A800000210A46534643F82120491C0829FADBE5
:109A9000B0B3216969B9C11700EBD16253110AEB68
:109AA000830122F01F02821A01200B6890400343B9
:109AB0000B6062690121019890475D28E8D1B9F1F6
:109AC000000F09D00020514651F82020D24341F820
:109AD0002020401C0828F7DB02AB224600976FF0DD
:109AE00001000B99AFF3008000280CDA401C08D16C
:109AF000BBF1000F05D04FF0FF300DB0BDE8F08F87
:109B0000FFE74046F9E7E90701D108F101080644FB
:109B10004FF0000B78E60000CCCCCC0C2DE9FF4FC9
:109B2000087883B09946FF2805D0491C2D2804D019
:109B30000024002008E000200BE00124F9E700EBFE
:109B4000800003EB4000491C0B78FF2BF7D104B1D8
:109B5000404200230293147819461D462D2C01D053
:109B60002B2C04D1521C2D2C13D000240294AA4675
:109B70001478FF2C0FD00A25A3FB057801FB058183
:109B80004FF0000C03FB0C11521CE3194AEB0101CE
:109B9000EEE70124EAE7814453EA010002D019F517
:109BA000C87F06DA03980021C0E9001107B0BDE8BC
:109BB000F08F0025AE4E2F46DFF8B882184600F031
:109BC0005DF9CDE90001B9F1000002DAC9F1000444
:109BD00000E004460023A74A1AEB030B42EB045AA9
:109BE00012E0E00707D02A46334638464146FFF7E1
:109BF00075F9074688462A46334610461946FFF748
:109C00006DF905460E466410002CEAD1DDE900012D
:109C1000B9F1000F5A46534606DAFFF7D1F93A4632
:109C20004346FFF7CDF905E0FFF758F93A464346BA
:109C3000FFF754F9029A0AB181F00041039AC2E990
:109C40000001B3E72DE9FF4F1F468DB0D7E901466C
:109C50004FF0FF382E2045464FF000090B90B969B0
:109C60006D1C0E988847396A824688470028F6D1CD
:109C7000BAF1FF3F0AD024F4D064002E11DDBAF10E
:109C80002B0F08D0BAF12D0F0BD102E0404611B0D6
:109C90008DE744F48064B9696D1C0E98884782464C
:109CA000761E6946600501D52D2000E02B208DF839
:109CB000000001F1010B0DF1200809E0B9696D1CEC
:109CC0000E98884782460F9844F40074761E05600B
:109CD000002E02DDBAF1300FF0D00B998A453ED14B
:109CE00044F0800406E00F99681CA9F1010944F4CE
:109CF00000740860B9696D1C761E0E98884782460C
:109D00003028F0D02BE00B998A4505D1200603D4EA
:109D100044F08004761E18E0504600F029FD08B398
:109D20000DF11301761E44F400748B4508D2AAF19C
:109D300030000BF8010B200607D5A9F1010003E064
:109D4000200602D409F101008146A00502D50F9931
:109D5000681C0860B9696D1C0E9888478246002E01
:109D6000D1DC53E0002E51DDBAF1650F02D0BAF11B
:109D7000450F4BD1A00549D5B9696D1C24F4407439
:109D8000761E0E9888478246002E0CDD2B2804D0C4
:109D9000BAF12D0F07D144F48074B9696D1C0E9887
:109DA00088478246761EE00501D52D2100E02B2153
:109DB00008F8011BCDF82C8021E00DF12901761E59
:109DC00044F4007488450CD2AAF1300010F0FF0072
:109DD00088F8000002D10B99884509D908F10108DB
:109DE00006E0E00501D5244801E042F20F7081460B
:109DF000B9696D1C0E98884782460F980560002E41
:109E000004DD504600F0B4FC0028D6D1F9690E9864
:109E10008847FF208BF8000088F80000002006909B
:109E200007904B466A4608A906A8FFF777FEA005EB
:109E300002D46FF001002AE714F0240F0AD0E007E3
:109E400014D1DDE906123868031D3B600068C0E9E3
:109E500000120BE0DDE90601FFF7C5F90146E00756
:109E600004D13868021D3A600068016028460EE798
:109E7000000014400000F03FF1D8FFFF0EB540F2A3
:109E8000334202920022CDE900221346FFF79EFBE7
:109E900003B000BD70B58C1810F8015B15F0070316
:109EA00001D110F8013B2A1106D110F8012B03E073
:109EB00010F8016B01F8016B5B1EF9D12B0705D47B
:109EC0000023521E0DD401F8013BFAE710F8013BC4
:109ED000CB1A921C03E013F8015B01F8015B521EE0
:109EE000F9D5A142D8D3002070BD00000FB4054BB6
:109EF00010B503A9044A029800F042FC10BC5DF8BA
:109F000014FB0000C3D60008262000200FB4084B25
:109F100010B504A902AA039800F032FC044602A975
:109F2000002000F0B0FF204610BC5DF814FB0000DC
:109F300087AE0308490050EAC12018BF04204A0D2B
:109F400018BF40F0010040F2FF72B2EB515F08BF52
:109F500040F00200012808BF052070470048704704
:109F6000500500602DE9F74F144694B00021C4E974
:109F700002111599079121F00045C9498D4206DC6F
:109F80001599C4E9000117B00020BDE8F08FC5495C
:109F9000DFF814A3A9423CDD0799C44E0029C44F41
:109FA000C44A1599534619DDFEF792FF554506D070
:109FB000C14AC24BFEF78CFFC4E900010AE04FF032
:109FC000D352BE4BFEF784FF32463B46FEF780FF7E
:109FD000C4E9000117B00120BDE8F08FFEF7D7FEFD
:109FE000554506D0B44AB54BFEF7D1FEC4E9000191
:109FF0000AE04FF0D352B14BFEF7C9FE32463B4662
:10A00000FEF7C5FEC4E9000117B04FF0FF30BDE810
:10A01000F08FAB49A942159978DB21F000418346C6
:10A020008846A84AA84BFEF759FF0022A74BFEF727
:10A03000AEFEFFF78DF80990FFF73FF806460F4692
:10A040009C4A5346FEF74AFF43465A46FEF743FFF3
:10A0500080468A46984A994B30463946FEF73EFF7D
:10A060002A0D01250B9242465346FEF734FF032D7D
:10A07000C4E9000139D00B98C1F30A51401A05EB2D
:10A0800045111139814230DA9148C346784400EBDA
:10A090000510CDF80CA00C90D0E9002330463946CD
:10A0A000FEF71CFF02460B460491069058460399A2
:10A0B000FEF70EFF80468A4602460B465846039935
:10A0C000FEF706FF049B069AFEF702FF83460C98F4
:10A0D00003913946D0E902233046FEF7FFFE5A4687
:10A0E000039BFEF7F5FE6D1CBDE707980028A2BF95
:10A0F000099817B0BDE8F08F616881F00041616098
:10A10000099817B04042BDE8F08FFFE784461598E4
:10A11000C1F31301C0F30A50A0F2F5304FEA601802
:10A1200000F01F06C6F12000139000200690079053
:10A1300041F4801E05206D4676B1664A08EB0001A9
:10A140007A4452F8213002EB8101B3404A681399F6
:10A1500022FA01F1194305E05F4908EB0002794456
:10A1600051F82210A1FB0E27A1FB0C131A449A42AE
:10A1700034BF0123002303EB070A05EB8003D3E977
:10A1800001B70F448F4234BF0121002193448B4417
:10A1900011B1934502D903E0934501D2012100E0BA
:10A1A0000021C3E901B7514445F82010011EA0F178
:10A1B0000100C1DC0298059F00F10050800F129051
:10A1C0000298DDE903568000FEF777FF83462846B4
:10A1D0000D91FEF783FF6FF01D02FFF745FACDE901
:10A1E0000E013046FEF77AFF6FF03D02FFF73CFAB2
:10A1F00080468A463846FEF771FF6FF05D02FFF732
:10A2000033FA0746424653461191FEF7C0FDDDE999
:10A210000E23FEF7BCFD5A460D9BFEF7B8FD002548
:10A220000E465A4628460D9BFEF752FEDDE90E23E8
:10A23000FEF74EFE42465346FEF74AFE3A46119B53
:10A24000FEF749FEDFF898A0244A5346FEF746FE83
:10A2500007468846234A244B31462846FEF73EFEF1
:10A260003A464346FEF793FD074688464FF0A8421C
:10A27000534631462846FEF731FE3A464346FEF73E
:10A2800086FD159A12F0004F04D0129A81F0004119
:10A2900052421292C4E90001129817B0BDE8F08F43
:10A2A000FB21E93F7CD90240FB21F93F7370032E6B
:10A2B0008A19A33B000040543163621A61B4D03D57
:10A2C000FB21394183C8C96D305FE43F0000E03FA6
:10A2D000A8A6010024A6010006A60100182D4454DA
:10A2E000FB21F93D3326A611460B113C2DE9FF4D0C
:10A2F00021F0004807460C46B8F1795F08DAFEF70E
:10A3000027FF002801BF0020324904B0BDE8F08DCE
:10A310003A46234610461946FEF7E0FD054602463A
:10A320002D480E460B460621784400F05DF82A467B
:10A330003346FEF7D3FDDDE9022382468B463846DD
:10A340002146FEF7CBFD04460F4652465B462846A3
:10A350003146FEF7C3FD22463B46FEF7B9FD0746F0
:10A360008A464FF0FF3228463146FFF77DF91B4AF7
:10A3700090450ADA3A465346FEF7AAFD04B0002299
:10A38000BDE8F04D134BFEF7A6BD154A4245A8BFE8
:10A39000A8F500154FF00004B8BF124D22462B4619
:10A3A000FEF796FD0646884622462B4600200949C0
:10A3B000FEF78EFD04460D463A465346304641466A
:10A3C000FEF786FD04B022462B46BDE8F04DFEF7B1
:10A3D00082BD00000000F03FD4A301003333D33F1F
:10A3E0000000E93F0000D23F2DE9F0414F1E00EB95
:10A3F000C7010446D1E9000115461E4637F00602A2
:10A400000DD02A463346FEF769FD7F1E04EBC703D5
:10A41000D3E90023FEF7BBFC37F00602F1D1022F8F
:10A4200025D0042F13D0062F18BFBDE8F0812A468F
:10A430003346FEF753FDD4E90A23FEF7A8FC2A466B
:10A440003346FEF74BFDD4E90823FEF7A0FC2A466D
:10A450003346FEF743FDD4E90623FEF798FC2A466F
:10A460003346FEF73BFDD4E90423FEF790FC2A4671
:10A470003346FEF733FDD4E90223FEF788FC2A4673
:10A480003346FEF72BFDD4E90023BDE8F041FEF78B
:10A490007EBC00002DE9FF4D054621F0004084B050
:10A4A0000C46B0F1795F0BDA2846FFF743FD04282C
:10A4B00008BF00F07DF8284608B02146BDE8F08DC1
:10A4C0002A460B461046FEF709FD06460F462A4669
:10A4D0002346FEF703FD804626488A4632463B4621
:10A4E00005217844FFF780FF83461098029160B3FE
:10A4F000214A224B40465146FEF7F0FCCDE90001CF
:10A500005A4640465146029BFEF7E8FC8246884682
:10A51000DDE906014FF0FF32FFF7A6F85246434649
:10A52000FEF7D6FC32463B46FEF7D8FCDDE90623B3
:10A53000FEF7CEFCDDE90023FEF7CAFC08B02A4690
:10A540002346BDE8F04DFEF7C6BC0B465A463046E2
:10A550003946FEF7C3FC084A084BFEF718FC424692
:10A560005346FEF7BBFC08B02A462346BDE8F04D33
:10A57000FEF70DBC1AA30100495555555555C5BFE9
:10A580000022134610460149FEF71ABD0000F03FB5
:10A59000FEF7FDBB0022134610461146FEF710BD24
:10A5A00040F2013200204FF0E041FFF75DB80000BB
:10A5B000024A00201107FFF757B8000001FDFFFF16
:10A5C00002E008C8121F08C1002AFAD1704770477C
:10A5D000002001E001C1121F002AFBD170470000DA
:10A5E0000149086070470000500500602DE9FF5FD9
:10A5F00082B00021DDE90430020DDDF840B00343F4
:10A6000018D044F61050A2F2FF32424315141198AC
:10A6100001281FD0A5EB0B00401C5FEA000A4FF099
:10A6200000064E4FDFF83891B046504615D5CAF1B6
:10A63000000413E0119801244AA3012801D16FEA14
:10A640000B010298119AC0E90031C0E9024206B03C
:10A65000BDE8F09FCBF10000DFE704460021404A4F
:10A66000491842EB0450CDE9001012E0E00707D092
:10A6700032463B4640464946FEF730FC8046894616
:10A6800032463B4610461946FEF728FC06460F4662
:10A690006410002CEAD1DDE90401DDE90023BAF100
:10A6A000000F06DAFEF71AFC42464B46FEF716FC90
:10A6B00005E0FEF785FC42464B46FEF781FC04466A
:10A6C0000E460022284BFFF767F803D84FF0FF3003
:10A6D000014607E00022254B20463146FEF757FB96
:10A6E000FFF72AF8102409E0002C0ADB0A220023D5
:10A6F000FEF7D5FD039B30321A55641E50EA010265
:10A70000F2D1641C039AC4F111031444119A012A72
:10A7100003D0012208430DD10AE0084304D00020F1
:10A720004FF0110B119072E7A3EB0B056D1E0DE0BE
:10A730005B4504DD4FF0000205F1010504E003DA9A
:10A740004FF00002A5F10105002AECD00298119902
:10A75000C0E90231C0E9004579E70000000014407B
:10A760000000F03F300000000000F0430000E03F38
:10A7700030380A2801D201207047002070470000BD
:10A780002DE9FF4F95B09A46884606460025EEE132
:10A79000252877D100242746F94A0121039400E0B7
:10A7A000044316F8013F203B01FA03F01042F7D1B1
:10A7B00030782A2811D06FF02F033078A0F13002C2
:10A7C000092A16D8039A44F0020402EB820203EB32
:10A7D00042021044761C0390EFE758F8042B0392D2
:10A7E000002A03DA504244F40054039044F0020477
:10A7F000761C30782E2816D116F8010F44F0040488
:10A800002A280DD06FF02F023078A0F13003092BE9
:10A8100009D807EB870302EB4303C718761CF3E75D
:10A8200058F8047B761C30786C280FD006DC4C2856
:10A8300017D068280DD06A2814D104E0742810D0ED
:10A840007A280FD10DE044F400140AE044F4801497
:10A8500001E044F440147278824202D104F580147D
:10A86000761C761C307866280BD013DC582877D0FD
:10A8700009DC002875D04528F6D04628F4D04728B2
:10A880001AD193E118E0632835D0642879D065287F
:10A8900012D18BE1702873D008DC6728F1D06928C9
:10A8A0006FD06E280DD06F2806D1ACE073282CD065
:10A8B000752874D0782853D05246179990476D1C4C
:10A8C00054E1C4F30250022809D003280DD0D8F86F
:10A8D000001004280DD00D6008F1040846E1D8F8F6
:10A8E0000010EA17C1E90052F6E7D8F800100D8011
:10A8F000F2E70D70F0E718F8041B8DF80010002047
:10A900008DF80100EB46012003E058F804BB4FF03E
:10A91000FF3061074FF0000102D40DE009F10101A1
:10A920008946B9420FDA8145F8DB1BF80910002986
:10A93000F4D108E009F1010189468142FADB1BF8F4
:10A9400009100029F6D103985346A0EB09072146C8
:10A950003846179A00F080FA284400EB090507E012
:10A9600044E008E10DE01BF8010B524617999047AF
:10A97000B9F10109F7D2534621463846179AF2E059
:10A9800039E00A21C4F302524FF0000B0091022A71
:10A9900006D058F8040BC117032A09D00AE023E0B7
:10A9A00008F1070020F00702F2E80201904605E0F6
:10A9B00000B2C117042A01D140B2C117002906DA3A
:10A9C0000A460021404261EB02012D2202E02205ED
:10A9D00004D52B228DF80420012203E0E20701D0E8
:10A9E0002022F7E7914657E00A2100E010214FF0BE
:10A9F000000B00910BE010214FF0000B44F0040419
:10AA00000827009103E008204FF0000B0090C4F3EA
:10AA10000252022A05D058F8040B0021032A08D05C
:10AA200008E008F1070020F00702F2E80201904672
:10AA300003E080B2042A00D1C0B24FF0000922071F
:10AA40002AD53278702A07D0DDF800C08CF0100CBF
:10AA50005CEA0B0C05D00EE040228DF804200122A8
:10AA600008E050EA010306D030238DF804308DF859
:10AA7000052002229146009B83F0080353EA0B0352
:10AA80000AD150EA010201D1620705D530228DF8C2
:10AA900004204FF001097F1E3278582A04D039A2D1
:10AAA0000C920CAA02920BE03BA2F9E75B46009ADB
:10AAB000FEF7F5FB0C9B9B5C029A521E02921370F0
:10AAC00050EA0102F2D1029804A9081A00F1200B01
:10AAD000600702D524F4803400E001275F4502DDE1
:10AAE000A7EB0B0000E0002000EB0B0100900398A7
:10AAF0004944401A0390E00306D453462146179A6E
:10AB0000039800F0A9F90544002706E001A8524681
:10AB1000C05D179990476D1C7F1C4F45F6DBE00325
:10AB20000CD553462146179A039800F095F9054431
:10AB300004E030205246179990476D1C0099481E3A
:10AB400000900029F5DC08E002980299524600784E
:10AB5000491C0291179990476D1CBBF10001ABF1A4
:10AB6000010BF1DC5BE100F065F90544761C3078FF
:10AB700000287FF40DAE19B02846BDE8F08F000024
:10AB800009280100303132333435363738396162C3
:10AB90006364656600000000303132333435363787
:10ABA000383941424344454600000000600700D464
:10ABB000062708F1070020F00700F0E8022380468E
:10ABC00003F0004C5FEA0C0001D097A009E02005DB
:10ABD00001D596A005E0E00701D095A001E0AFF215
:10ABE0004C001390307823F0004365280CD006DC2D
:10ABF000452809D046281DD047287FD13BE066284C
:10AC000018D067287AD136E00021112F01DB1120FE
:10AC100000E0781CCDE9000104A90CA8FFF7E6FCD0
:10AC2000DDE90D010C9A4FF0000B07F101091092BC
:10AC300000914EE04FF000400097CDE9011004A9CB
:10AC40000CA8FFF7D3FCDDE90D020C9B0F994FF028
:10AC5000000B91461093009211B9791C00EB010989
:10AC6000B7EB090003D4C0F1FF3B07F10109A9EBE1
:10AC70000700019042E0012F00DA01270021112F87
:10AC800001DD112000E03846CDE9000104A90CA83F
:10AC9000FFF7ACFCDDE90D010C9A00914FF0000BC1
:10ACA000B946109221070FD4009A4A4503DA91461B
:10ACB00001E0A9F10109B9F1010F05DD109AA9F12F
:10ACC0000101515C3029F4D0B84202DA10F1040FCE
:10ACD00003DA0121CDE9011010E0002803DC8344F0
:10ACE000A9EB000102E0411C494500DD8946A0EBCB
:10ACF0000B00401C01904FF000400290200705D44B
:10AD00000198484502DB4FF0FF30019000208DF89C
:10AD10004B0002980DF14B07B0F1004F25D00220F7
:10AD20000C902B200D90029800280CDA40420290E3
:10AD30002D200D9007E00A210298FEF79AFA303193
:10AD4000029007F8011D0C99481E0C900029F2DCB6
:10AD500002980028EFD1791E0D980870307800F025
:10AD6000200040F0450007F8020D11A8C01BC01DCF
:10AD700002901398007800B1012000EB09010198BE
:10AD800001EBE071029801440398401A401E0390C1
:10AD9000E00306D453462146179A039800F05CF866
:10ADA00005441398007818B15246179990476D1CC6
:10ADB000E00323D553462146179A039800F04CF838
:10ADC00005441BE0BBF1000F07DB0098584504DD8C
:10ADD0001098179910F80B0001E01799302052468F
:10ADE000904701980BF1010B401E05F10105019000
:10ADF00004D12E205246179990476D1CB9F10001DD
:10AE0000A9F10109DEDC05E017F8010B524617999C
:10AE100090476D1C0299481E02900029F4DC5346AD
:10AE20002146179A03989EE62D0000002B00000093
:10AE3000200000002DE9F041044600251E4617467B
:10AE4000880404D405E039462020B0476D1C641EF8
:10AE5000F9D52846BDE8F0812DE9F04104460025EA
:10AE60001E469046C80301D5302700E020278804FD
:10AE700004D505E041463846B0476D1C641EF9D53F
:10AE80002846BDE8F0810A68531C0B6010707047BB
:10AE900000B5244B21F0004287B09A42DCBF00226B
:10AEA000134629DD204B9A4208D140B94FF00100EA
:10AEB000FFF796FBFFF76EFB07B000BD03DBCDF796
:10AEC0009CF907B000BD02AAFFF74CF810F003018F
:10AED00004BF0DF1080C9CE80F000DD001200129E2
:10AEE0000ED0022914D00DF1080C00909CE80F0040
:10AEF000FFF7D0FA07B000BDFFF7F8F907B000BDC3
:10AF00000DF1080C00909CE80F00FFF7C3FA05E074
:10AF10000DF1080C9CE80F00FFF7E8F907B081F08D
:10AF2000004100BDFB21E93F0000F07F2DE9F04D1D
:10AF3000894BCE0F21F0004784B005460C469F4256
:10AF400030D38648874211D3C7F31300284305D076
:10AF500004B02846BDE8F04DCDF74FB9002E1ABF1A
:10AF600000200146284604B0BDE8F08D7C4A284602
:10AF7000FEF712FC07D20220FFF732FB04B0BDE857
:10AF8000F04DFFF70DBB774A774B28462146FEF779
:10AF9000EBFB07D20220FFF723FB04B0BDE8F04D26
:10AFA000FFF706BB7148B84248D27148874215D2B4
:10AFB0007048784400EBC6002146D0E900232846BB
:10AFC000FDF786FFCDE900016B48784400EBC60031
:10AFD000D0E900ABC6F10100861B26E0674A684B4A
:10AFE00028462146FDF77AFF664A7A4402EBC603FB
:10AFF000D3E90023FDF7CBFEFEF7AAF80646FEF7DD
:10B000005CF807468846604A604BFDF767FF2A46B2
:10B010002346FDF760FFCDE900015D4A5D4B3846F0
:10B020004146FDF75BFF82468B46DDE90001524653
:10B030005B46FDF74DFF05460C4618E05648874233
:10B0400014D2564A564B28462146FDF7A0FE554ECF
:10B0500000223346FEF7A0FB08D204B03346284650
:10B060002146BDE8F04D0022FDF791BE00262A469C
:10B07000234610461946FDF731FF804602464A48EE
:10B080000F460B4605217844FFF7AEF942463B4692
:10B09000FDF724FF2A462346FDF71DFF0746884695
:10B0A000E6B302460B4600204FF08041FDF710FF4B
:10B0B000CDE902013A46434628462146FDF70EFFF8
:10B0C000DDE90223FDF77CFF52465B46FDF703FFF7
:10B0D000DDE90023FDF7FCFE0022324BFDF7FBFE0D
:10B0E0006FF47F729642A2BF01EB065104B0BDE837
:10B0F000F08D4FF07A5202EB065211442B4AFEF7C4
:10B10000B3FA04460D46FEF715FF042808BFFFF703
:10B110004FFA204604B02946BDE8F08DFFE7002233
:10B120004FF08043FDF7D4FE82460E463A46434632
:10B1300028462146FDF7D2FE52463346FDF740FF32
:10B140002A462346FDF7C4FE04B00022BDE8F04DB8
:10B15000144BFDF7C0BE0000422E86400000F07F79
:10B16000EF39FAFE51302DD5104987C0422ED63F17
:10B17000B2A2F03F429601003A960100FE822B6592
:10B180004715F73FFA9501000000E0FE422EE63F2A
:10B19000763C7935EF39EA3D0000303E9C750088F9
:10B1A0003CE4377E0000F03F8E95010018FCFFFF65
:10B1B00010B5002821D0114B0022001F196803E0B0
:10B1C000814203D80A4649680029F9D152B113686F
:10B1D000841A9C4204D1006818441060104602E0B2
:10B1E000506000E0186039B102680B1A934203D135
:10B1F0000B681A4402604968416010BD4C0500604C
:10B200002DE9F04DC84A002490B0914205DA21F0B2
:10B210000043934201D805D120B110B0BDE8F04DF4
:10B22000CCF7EBBFB1F5801F1BDA53EA000209D05F
:10B23000002911DA0120FFF7D3F910B0BDE8F04D75
:10B24000FFF7A8B90220FFF7CBF9FFF799F910B083
:10B2500081F00041BDE8F08D6FF035043622FEF735
:10B2600003FA04EB2152C1F31308B049A2F2FF33F1
:10B27000414401F4801282F07F6103EB225281F09D
:10B280004051009241EA08010022A94BFDF720FE3F
:10B29000044608F10200A74EC0F313000D467E4499
:10B2A000032867D2D6E900232046FEF75DFA1ED1B7
:10B2B0000098002802BFD6E9000110B0BDE8F08D6B
:10B2C000FDF7FBFE07460C469B4A9C4BFDF706FE2E
:10B2D00006460D469A4A9B4B38462146FDF7FEFD31
:10B2E00010B032462B46BDE8F04DFDF750BD4FF093
:10B2F0005532954B20462946FDF7F0FD0022934B31
:10B30000FDF7E9FD06460F4622462B461046194634
:10B31000FDF7E4FD32463B46FDF7E0FD06460098AA
:10B320000F46F0B1FDF7C9FE80468A46824A834B3C
:10B33000FDF7D4FD32463B46FDF7CDFD22462B46B8
:10B34000FDF7C6FD05460C467D4A7E4B40465146FC
:10B35000FDF7C4FD10B02A462346BDE8F04DFDF7C9
:10B36000B7BD0B4610B0324620462946BDE8F04D29
:10B37000FDF7AEBD00224FF080432046FDF707FDEC
:10B3800002460B4620462946FDF71AFE06460F46A2
:10B390000098FDF792FECDE9040132463B46104687
:10B3A0003946FDF79BFD0C9069480C9A404401908A
:10B3B00009910B461046FDF791FD8246024665480D
:10B3C0008B46C8F151080B4608F5D728032178446D
:10B3D000FFF70AF852465B46FDF780FD0A905E488B
:10B3E0000D9152465B4604217844FEF7FDFF099B10
:10B3F0000C9AFDF773FD844601980D9B40EA0808FE
:10B4000060460A9AFDF7C3FC83460891B8F1000F25
:10B410004EDD4FF0FF3220462946FEF725F9224641
:10B420002B46FDF75BFD804600988A4660B3DDE958
:10B430000401414A414BFDF751FD099100905A46E4
:10B4400040465146089BFDF7A2FC32463B46FDF7BD
:10B4500045FD099B009AFDF79AFC42465346FDF7CD
:10B460003AFD22462B46FDF733FD04460D46DDE945
:10B470000401334A334BFDF731FD10B022462B4611
:10B48000BDE8F04DFDF724BD5A464046089BFDF748
:10B490007EFC32463B46FDF721FD42465346FDF712
:10B4A0001AFD10B022462B46BDE8F04DFDF713BD46
:10B4B000009840B3DDE904011F4A204BFDF70EFD63
:10B4C00080468A465A4620462946089BFDF700FDDD
:10B4D00032463B46FDF702FD42465346FDF7F8FC77
:10B4E00022462B46FDF7F4FC04460D46DDE9040137
:10B4F000134A144BFDF7F2FC10B022462B46BDE870
:10B50000F04DFDF7E5BC0B465A4620462946FDF7AF
:10B51000DFFC32463B46FDF7E1FC10B022462B46ED
:10B52000BDE8F04DFDF7D7BC0000F07F645F090077
:10B530000000F03F8E940100763C7935EF39EA3D0A
:10B540000000E0FE422EE63F5555D53F0000E03FAB
:10B5500086EBF9FF6E9201006C920100F0B50B30A2
:10B56000154D20F007010024144A0FE003688B42B8
:10B570000BD38B4205D95E1A43184768C3E90067AD
:10B5800000E04368136002C004E0021D1068002858
:10B59000ECD12046002802D1286808B10020F0BD77
:10B5A000064A07481060074A121A22F00702C0E94B
:10B5B000002401202860D7E7402300204C050060CC
:10B5C000DC610760D86307602DE9F04D1D460C462D
:10B5D00098B0174621F0004123F00043002814BF23
:10B5E0004FF0010C4FF0000C0CEB440CFE4A0CEB3E
:10B5F00002064FEA620C66452BD33E0018BF0126B7
:10B6000006EB45061644F94A964222D3F84A53EA15
:10B61000070C02D0944205D148B918B00020114659
:10B62000BDE8F08D002808BF4FF0000C01D04FF0AE
:10B63000010C0CEB440212F5001F0AD8002F14BFB6
:10B640004FF0010C4FF0000C0CEB450212F5001FFF
:10B6500007D918B03A462B462146BDE8F04DFEF713
:10B6600097BF0022DFF88CA3002CB8BF534526DA21
:10B67000DFF884C36345A8BF022220DADFF870C375
:10B680009C451CDCDFF874C30CEB235CBCF1140F8D
:10B6900008DDCCF1340627FA06FC0CFA06F6BE42A9
:10B6A0000DD108E05FB9CCF1140623FA06FC0CFAC0
:10B6B00006F69E4203D10CF00102C2F1020251EAE9
:10B6C000000C19D1002D17DA002C18BF022A01D066
:10B6D000012A07D00220FEF783FF18B0BDE8F04D25
:10B6E000FEF74EBF0220FEF77BFFFEF749FF18B0C2
:10B6F00081F00041BDE8F08DB7F1000C6CD15345ED
:10B7000025D104F1804212F5801201BF00280020EB
:10B71000B74918B008BFBDE8F08DB548884207DCCE
:10B72000002DA1BF6046294618B0BDE8F08D07E0A6
:10B73000281E05DA80F0004118B06046BDE8F08DA3
:10B74000AF497944D1E9000118B0BDE8F08DDFF8C8
:10B75000A0C2634525D1002D1FDA19B1514512D180
:10B76000D8B909E0002840F0EC82A24A214618B07E
:10B7700062F31E01BDE8F08D0020214618B060F391
:10B780001E01BDE8F08D08DA18B02346BDE8F04D83
:10B79000024600206146FDF713BC18B02146BDE803
:10B7A000F08D514518DAB5F1804F0DD0A5F1005C50
:10B7B000BCF1FF5C10D1B4F1000C0DDB18B0614698
:10B7C000BDE8F04D00F03CBC234618B00246BDE891
:10B7D000F04D1946FDF782BB060024F0004C3BD12A
:10B7E000D9B1514533D1002C06DD002DA1BF002079
:10B7F000514618B0BDE8F08D002C01DD002D1BDB9B
:10B80000002C13DA002D11DB012A4FF0000014BFC9
:10B8100078497C4918B0BDE8F08D022A18BF002C89
:10B820000AD0012A08D1002C06DA0AE0002CB8BFA1
:10B83000002D11DA012A04D0002018B00146BDE81D
:10B84000F08D18B000204FF00041BDE8F08DA1F15F
:10B850004050B0F17F601AD0012000EBE47050EA54
:10B86000020421D0624C521E4FF0000B104304BF63
:10B870004FF0000B644C654883427CDD644A6548A8
:10B8800093421FDD884217DB002D25DB37E0002CBB
:10B8900000DA4AB1022A0CBF01204FF0FF3018B085
:10B8A000BDE8F04DFDF709BC0120FEF799FE18B088
:10B8B000BDE8F04DFEF76EBE4D4A8A4202DC002D17
:10B8C0000ADC1CE0814202DA002D18DA04E0484B61
:10B8D000994220DD002D12DD0220FEF781FEFEF7E9
:10B8E0005FFE05460E460022534658462146FDF7A8
:10B8F000F5FA18B066F31E012846BDE8F08D022067
:10B90000FEF76EFEFEF754FE0A46214618B062F3BB
:10B910001E01BDE8F08D002230466146FDF7D8FAE1
:10B9200080460E466FF00102FDF79EFE4FF0553245
:10B93000394BFDF7D0FA42463346FDF7CFFA0022E5
:10B94000364BFDF7C8FA824642463346049110460C
:10B950001946FDF7C3FA5246049BFDF7BFFA8A4623
:10B9600000904FF0C0422E4B40463146FDF7B6FAEC
:10B970002C4A2B4B00E027E0CDE906015146009808
:10B98000FDF7ACFA82460191274A284B40463146E2
:10B99000FDF7A4FA5246019BFDF79AFA82460B4640
:10B9A00002460591DDE90601FDF7F1F9DDE906231F
:10B9B000002688463046FDF78BFA5246059BFDF778
:10B9C0008AFA024600F07EB90020B1F5801F07DA3E
:10B9D000352230466146FDF747FE06466FF03400DB
:10B9E00000EB215024E00000FFFF1F00FFFF0F00CD
:10B9F0000000F03F0000F07F0000404301FCFFFF2B
:10BA0000EA8F01000000F0FF0000F0BF0000E041FD
:10BA10000000F043FFFFEF3F5555D53F0000E03FEA
:10BA20004715F73FFE822B6544DF5DF80BAE543EB1
:10BA3000A0F2FF300190C1F3130040F07F6141F0AC
:10BA400040510291FE498842D8BF002004DDFD49E3
:10BA50008142C8BF012001DD0D9008E000200D905B
:10BA60000198401C01900298A0F580100290029964
:10BA7000F54878440B910D9900EBC100D0E9002303
:10BA80000F9330460A920B99FDF722FACDE9060191
:10BA9000DDE90A2130460F9BFDF779F902460B4696
:10BAA0000020EA49FDF78CFA059102460B4600900A
:10BAB000DDE90601FDF712FA1490E5488A464FF0D9
:10BAC000000878440299006812904FF0005040EA54
:10BAD00061010D980F9B01EB804000F50021099159
:10BAE0000A9A1298FDF7F4F932460B9BFDF7F3F929
:10BAF00042465346FDF7F2F906460291404651464A
:10BB0000099B129AFDF7EAF9DDE90623FDF7E3F94F
:10BB10003246029BFDF7DCF9059B009AFDF7DEF942
:10BB20000091149A0490534610461946FDF7D6F931
:10BB300006460246C7480B46029106217844FEF7A6
:10BB400053FCCDE90510029B324610461946FDF71D
:10BB5000C5F9DDE90532FDF7C1F905910646534601
:10BB600040461946149AFDF712F9009B049AFDF716
:10BB7000B5F93246059BFDF70AF9CDE905104246B5
:10BB8000534610461946FDF7A9F90022B24B02911F
:10BB90000A90FDF7FCF8DDE90532FDF7F8F80E46EE
:10BBA0004246AD4B4046FDF793F9029B0A9AFDF7DA
:10BBB0008FF9DDE90532FDF78EF9424602910A90D0
:10BBC000334610465146FDF789F9CDE90601534643
:10BBD000149A02990A98FDF781F98A460290334631
:10BBE000424600990498FDF779F95346029AFDF709
:10BBF000CEF882460B4602460591DDE90601FDF7C7
:10BC0000C6F8DDE90623002088460646FDF760F900
:10BC10005246059BFDF75FF9824609914FF060425D
:10BC20008E4B30464146FDF759F9049006918C4AF7
:10BC30008A4B50460999FDF751F982460291894A8B
:10BC4000894B30464146FDF749F95246029BFDF7C4
:10BC50009EF8864B7B440D9A03EBC203D3E9002385
:10BC6000FDF795F80E9007910198FDF726FA0591DA
:10BC7000DDE9061382460E9A0498FDF788F87C4A9F
:10BC80007A440D9B02EBC303D3E900230093029295
:10BC9000FDF77DF85246059BFDF779F800268846AA
:10BCA00052463046059BFDF713F9009B029AFDF7BB
:10BCB0000FF9069B049AFDF70BF9079B0E9AFDF707
:10BCC0000AF9024600200B46029038462946FDF745
:10BCD00005F9824601912B4638461946029AFDF72E
:10BCE000F7F832464346FDF7F9F85246019BFDF757
:10BCF0004EF807468A463246434629460298FDF7E3
:10BD0000EDF805460E463A465346FDF740F8594AC7
:10BD10008846914221DBA8EB020353EA000210D1CE
:10BD20002A463346FDF7D4F8CDE90401524A534B75
:10BD300038465146FDF72BF8DDE90423FDF72CFDCD
:10BD400021D20220FEF74CFCFEF72AFC0A462146CF
:10BD500018B062F31E01BDE8F08D494B28F0004297
:10BD60009A4210D3474A08EB020353EA00027FF4D9
:10BD7000C6AD2A463346FDF7ABF83A465346FDF7C3
:10BD80000BFD7FF6BCAD0022019228F000403E4939
:10BD90003E4A01EB2051824223DA481C4FF48011C5
:10BDA00021FA00F040443A4AC0F30A517A44394B30
:10BDB000A1F2FF31CB4020EA0303C0F3130040F4AB
:10BDC0008010C1F11401C84012680190B8F1000F51
:10BDD000BCBF4042019028463146FDF779F8054640
:10BDE0000E462A46334638465146FCF7D0FF4FF000
:10BDF00000084246284B40460591FDF76FF8CDE913
:10BE00000601264A264B40460599FDF767F8009142
:10BE100002902A46334640460599FDF759F83A46BE
:10BE20005346FDF758F81F4A1F4BFDF757F8009B84
:10BE3000029AFCF7ACFF0746884602460B4635E0FF
:10BE40008E9803007AB60B00028C01000000F03FD0
:10BE50006A8C0100688B01000000084009C7EE3FB2
:10BE6000FD033ADCF5015B14E02F3EBE408A010081
:10BE7000048A010000009040FE822B654715973C24
:10BE800000CC904000346F3F01FCFFFF0000E03F1A
:10BE900080890100FFFF0F00432EE63F396CA80C9C
:10BEA000615C20BEEF39FAFE422EE63FDDE9060175
:10BEB000FCF76DFFDDE9062305460E46FDF708F8A1
:10BEC0003A464346FDF707F80F462A4633460090A8
:10BED00010461946FDF702F8824602462E4888466B
:10BEE0000B4605217844FEF77FFA52464346FCF79D
:10BEF000F5FF2A463346FCF7EEFF80468A463B466E
:10BF000028463146009AFCF7E9FF3B46009AFCF7C9
:10BF10003EFF0691009000224FF08043404651467C
:10BF2000FCF7D6FF0F460C90424653462846314652
:10BF3000FCF7D4FF3B460C9AFDF742F8069B009AAB
:10BF4000FCF7C6FF2A463346FCF7C2FF0022134B1C
:10BF5000FCF7C1FF054601980E4601EB005108159C
:10BF6000002810DC28463146019AFDF77DFBFDF7DD
:10BF7000E1FF042808BFFEF71BFB28463146019A63
:10BF8000FDF772FB05460B4618B02A465846214677
:10BF9000BDE8F04DFCF7A2BFF08701000000F03FC4
:10BFA00000B5254B21F0004287B09A4203DC002205
:10BFB000134600922BE0214B9A4208D140B94FF032
:10BFC0000100FEF70DFBFEF7E5FA07B000BD03DB4D
:10BFD000CCF713F907B000BD02AAFDF7C3FF10F0BC
:10BFE00003014FF001000DD0012914D002291AD00D
:10BFF0000DF1080C9CE80F00FEF778F907B081F00E
:10C00000004100BD0DF1080C00909CE80F00FEF708
:10C0100041FA07B000BD0DF1080C9CE80F00FEF7D7
:10C0200065F907B000BD0DF1080C00909CE80F0009
:10C03000FEF730FAE2E70000FB21E93F0000F07F65
:10C040002DE9F04106460F46FDF725FB041E0D467F
:10C0500018BF0120284320F00040C0F17F6000F1AC
:10C06000E040C00F0ED0301C18BF0120384320F034
:10C070000040C0F17F6000F1E040C00F04BF01202C
:10C08000FEF7AEFA20462946BDE8F08100B583B040
:10C090000A460021CDE9001101466846FDF71DFA68
:10C0A000DDE9000103B000BD000303060104060240
:10C0B000050003051F1C1F1E1F1E1F1F1E1F1E1F06
:10C0C00053455420504F494E5400000000000000DA
:10C0D000000000000046414E2053504545440000FA
:10C0E0000000000000000000000053595354454D6B
:10C0F000204D4F44450000000000000000000053A8
:10C10000455400000000000046414E0000000000C1
:10C110000053595300000000000040408010080404
:10C120001005020C10101008080000005408050843
:10C13000C80E0508A80E05081C1505085265766589
:10C1400072736520414320737570706C7920697338
:10C15000206465746563746564204241434E4554B0
:10C16000204D535450206973206465746563746571
:10C17000642000000000000000000000000000003B
:10C1800000000000000000000000000000000000AF
:10C19000000000000000000000000000000000009F
:10C1A000000000000000000000000000000000008F
:10C1B000000000000000000000000000000000007F
:10C1C000000000000000000000000000000000006F
:10C1D000000000000000000000000000000000005F
:10C1E000000000000000000000000000000000004F
:10C1F000000000000000000000000000000000003F
:10C20000000000000000000000000000000000002E
:10C21000000000000000000000000000000000001E
:10C22000000000000000000000000000000000000E
:10C2300000000000000000000000000000000000FE
:10C2400000000010110000000000000000000000CD
:10C2500000000000000000000062C9EDDEAC370005
:10C2600000000000000000000000000000000000CE
:10C27000A4FEFFFFFFFFFF5B0000000000000000C6
:10C2800000000000000000A2FFFFFFFFFFFFFFFF14
:10C290003C0000000000000000000000000040FD25
:10C2A000FFFFFFFFFFFFFFFFFF0600000000000091
:10C2B000000000000000F6FFFFFFFFFFFFFFFFFF91
:10C2C000FF7F000000000000000000000050FFFFA2
:10C2D000FFFFFFFFFFFFFFFFFFFF07000000000061
:10C2E0000000000000F4FFFFFFFFFFFFFFFFFFFF64
:10C2F000FFFF4F00000000000000000010FEFFFFE5
:10C30000FFFFFFFFFFFFFFFFFFFFDF010000000057
:10C3100000000000A0FFFFFFFFFFFFFFFFFFFFFF88
:10C32000FFFFFF090000000000000000F5FFFFFF15
:10C33000FFFFFFFFFFFFFFFFFFFFFF3F00000000C9
:10C3400000000000FCFFFFFFFFFFFFEFFEFFFFFF0D
:10C35000FFFFFFBF0000000000000060FFFFFFFFC5
:10C36000FFFF6C1242F9FFFFFFFFFFFF0300000019
:10C37000000000C0FFFFFFFFFF7F00000030FDFF57
:10C38000FFFFFFFF09000000000000F4FFFFFFFFB8
:10C39000FF0600000000D2FFFFFFFFFF1E000000AD
:10C3A000000000FAFFFFFFFF9F000000000030FECA
:10C3B000FFFFFFFF5F000000000010FEFFFFFFFF18
:10C3C0001D000000000000F7FFFFFFFFAF000000AE
:10C3D000000050FFFFFFFFFF06000000000000D13B
:10C3E000FFFFFFFFEF0100000000A0FFFFFFFFDFE6
:10C3F0000100000000000070FFFFFFFFFF040000CD
:10C400000000D1FFFFFFFF8F0000000000000020B0
:10C41000FEFFFFFFFF0700000000F3FFFFFFFF3FED
:10C420000000000000000000FBFFFFFFFF0B00000A
:10C430000000F6FFFFFFFF0C0000000000000000FE
:10C44000F6FFFFFFFF1D00000000FAFFFFFFFF08DF
:10C450000000000000000000F4FFFFFFFF3F0000AD
:10C460000000FCFFFFFFFF0500000000000000309F
:10C47000FEFFFFFFFF5F00000010FEFFFFFFFF0257
:10C4800000000000000000E3FFFFFFFFFF7F00004F
:10C490000030FFFFFFFFDF0000000000000040FE53
:10C4A000FFFFFFFFFF9F00000050FFFFFFFFBF00E7
:10C4B000000000000000E4FFFFFFFFFFFFBF0000DF
:10C4C0000070FFFFFFFF8F00000000000040FEFF34
:10C4D000FFFFFFFFFFCF00000090FFFFFFFF6F0097
:10C4E0000000000000F4FFFFFFFFFFFFFFDF01007F
:10C4F00000A0FFFFFFFF5F000000000050FFFFFFF4
:10C50000FFFFFFFFFFEF010000C0FFFFFFFF3F0045
:10C5100000000000F5FFFFFFFFFFFFFFFFFF02002D
:10C5200000C0FFFFFFFF2F0000000050FFFFFFFFD4
:10C53000FFFFFFFFFFFF030000D0FFFFFFFF2E0004
:10C54000000000F5FFFFFFFFFFFFFFFFFFFF0400FC
:10C5500000E1FFFFFFFF1E00000060FFFFFFFFFF85
:10C56000FFFFFFFFFFFF040000E1FFFFFFFF1E00D2
:10C570000000F6FFFFFFFFFFDFFCFFFFFFFF0500EE
:10C5800000E2FFFFFFFF1D000060FFFFFFFFFFFF56
:10C590002DFAFFFFFFFF050000F2FFFFFFFF0D0078
:10C5A00000F6FFFFFFFFFFDF02FAFFFFFFFF0500BE
:10C5B00000F2FFFFFFFF0D0070FFFFFFFFFFFF2DE9
:10C5C00000FAFFFFFFFF050000F2FFFFFFFF0D0075
:10C5D000F7FFFFFFFFFFDF0200FAFFFFFFFF05008D
:10C5E00000F2FFFFFFFF0D70FFFFFFFFFFFF2C00BA
:10C5F00000FAFFFFFFFF050000F2FFFFFFFF0DF74E
:10C60000FFFFFFFFFFCF010000FAFFFFFFFF050064
:10C6100000E2FFFFFFFF8DFFFFFFFFFFFF1C000099
:10C6200000FBFFFFFFFF040000E1FFFFFFFFFFFF34
:10C63000FFFFFFFFCF01000000FBFFFFFFFF040033
:10C6400000E1FFFFFFFFFFFFFFFFFFFF1C000000F7
:10C6500000FCFFFFFFFF030000D0FFFFFFFFFFFF15
:10C66000FFFFFFCF0100000000FCFFFFFFFF020003
:10C6700000C0FFFFFFFFFFFFFFFFFF1C00000000E7
:10C6800010FDFFFFFFEF010000C0FFFFFFFFFFFFF6
:10C69000FFFFBF010000000020FEFFFFFFDF0100E1
:10C6A00000A0FFFFFFFFFFFFFFFF1B0000000000D7
:10C6B00030FFFFFFFFCF00000090FFFFFFFFFFFFF5
:10C6C000FFBF01000000000050FFFFFFFFBF0000A0
:10C6D0000070FFFFFFFFFFFFFF1B000000000000D6
:10C6E00070FFFFFFFF9F00000060FFFFFFFFFFFFE5
:10C6F000BF0100000000000090FFFFFFFF7F00006F
:10C700000040FFFFFFFFFFFF0B00000000000000E4
:10C71000C0FFFFFFFF4F00000020FEFFFFFFFFAF45
:10C720000000000000000000E1FFFFFFFF2F0000FD
:10C730000000FDFFFFFFFF0B0000000000000000F5
:10C74000F4FFFFFFFF0D00000000FAFFFFFFFF0AEC
:10C750000000000000000000F8FFFFFFFF0A0000DB
:10C760000000F7FFFFFFFF1E0000000000000000B8
:10C77000FDFFFFFFFF0700000000F4FFFFFFFF5F6A
:10C780000000000000000040FFFFFFFFFF0300006B
:10C790000000E1FFFFFFFFAF00000000000000A06D
:10C7A000FFFFFFFFDF0100000000A0FFFFFFFFFF12
:10C7B00003000000000000F2FFFFFFFF9F000000E9
:10C7C000000060FFFFFFFFFF0A000000000000FA0A
:10C7D000FFFFFFFF4F000000000020FEFFFFFFFFF4
:10C7E0005F000000000050FFFFFFFFFF1D00000082
:10C7F000000000FBFFFFFFFFEF0400000000E3FF6D
:10C80000FFFFFFFF08000000000000F5FFFFFFFF33
:10C81000FF5E00000050FEFFFFFFFFFF0200000070
:10C82000000000D1FFFFFFFFFFFF5B1252FAFFFF86
:10C83000FFFFFFAF0000000000000060FFFFFFFFF0
:10C84000FFFFFFEFFEFFFFFFFFFFFF2F00000000D5
:10C8500000000010FDFFFFFFFFFFFFFFFFFFFFFFD6
:10C86000FFFFFF080000000000000000F5FFFFFFD1
:10C87000FFFFFFFFFFFFFFFFFFFFDF0100000000E2
:10C8800000000000A0FFFFFFFFFFFFFFFFFFFFFF13
:10C89000FFFF4F00000000000000000010FDFFFF40
:10C8A000FFFFFFFFFFFFFFFFFFFF0700000000008B
:10C8B0000000000000E3FFFFFFFFFFFFFFFFFFFF9F
:10C8C000FF9F000000000000000000000040FEFF8D
:10C8D000FFFFFFFFFFFFFFFFFF0900000000000058
:10C8E000000000000000D3FFFFFFFFFFFFFFFFFF7E
:10C8F0007F0000000000000000000000000010F9B0
:10C90000FFFFFFFFFFFFFFCF03000000000000005C
:10C910000000000000000030EAFFFFFFFFFFCF052E
:10C920000000000000000000000000000000000007
:10C930002096DCEECD7A030000000000000000002D
:10C9400000000000000000000000101101000000C5
:10C9500000000000000000000000000000000000D7
:10C9600000000000000000000000000000000000C7
:10C9700000000000000000000000000000000000B7
:10C9800000000000000000000000000000000000A7
:10C990000000000000000000000000000000000097
:10C9A0000000000000000000000000000000000087
:10C9B0000000000000000000000000000000000077
:10C9C0000000000000000000000000000000000067
:10C9D0000000000000000000000000000000000057
:10C9E0000000000000000000000000000000000047
:10C9F0000000000000000000000000000000000037
:10CA00000000000000000000000000000000000026
:10CA10000000000000000000000000000000000016
:10CA20000000000000000000000000000000000006
:10CA300000000000000000000000000000000000F6
:10CA400000000000000000000000000000000000E6
:10CA500000000000000000000000000000000000D6
:10CA600000000000000000000000000000000000C6
:10CA700000000000000000000000000000000000B6
:10CA800000000000000000000000000000000000A6
:10CA90000000000000000000000000000000000096
:10CAA0000000000000000000000000000000000086
:10CAB0000000000000000000000000000000000076
:10CAC0000000000000000000000000000000000066
:10CAD0000000000000000000000000000000000056
:10CAE0000000000000000000000000000000000046
:10CAF0000000000000000000000000000000000036
:10CB00000000000000000000000000000000000025
:10CB10000000000000000000000000000000000015
:10CB20000000000000000000000000000000000005
:10CB300000000000000000000000000000000000F5
:10CB400000000000000000000000000000000000E5
:10CB500000000000000000000000004344444402C4
:10CB600000000000000000000000000000000000C5
:10CB70000000A1FFFFFFFF0A00000000000000000E
:10CB800000000000000000000050FDFFFFFFFF0953
:10CB90000000000000000000000000000000000095
:10CBA00000F8FFFFFFFFFF09000000000000000089
:10CBB0000000000000000000C3FFFFFFFFFFFF09AF
:10CBC0000000000000000000000000000000006005
:10CBD000FEFFFFFFFFFFFF09000000000000000054
:10CBE00000000000000020FAFFFFFFFFFFFFFF0929
:10CBF0000000000000000000000000000000D5FF61
:10CC0000FFFFFFFFFFFFFF09000000000000000022
:10CC1000000000000091FFFFFFFFFFFFFFFFFF0983
:10CC200000000000000000000000000030FCFFFFDA
:10CC3000FFFFFFFFFFFFFF090000000000000000F2
:10CC400000000000F7FFFFFFFFFFFFFFFFFFFF09EE
:10CC50000000000000000000000000B2FFFFFFFF26
:10CC6000FFFFFFFFFFFFFF090000000000000000C2
:10CC7000000040FEFFFFFFFFFFFFFFFFFFFFFF0978
:10CC80000000000000000000000060FFFFFFFFFF49
:10CC9000FFFFFFFFFFFFFF09000000000000000092
:10CCA000000020FEFFFFFFFFFFFFFFFFFFFFFF0968
:10CCB0000000000000000000000000FBFFFFFFFF7D
:10CCC000FF9FF9FFFFFFFF090000000000000000C8
:10CCD000000000F7FFFFFFFFFF06F8FFFFFFFF095F
:10CCE0000000000000000000000000F3FFFFFFFF55
:10CCF0003C00F8FFFFFFFF090000000000000000FB
:10CD0000000000D0FFFFFF9F0100F8FFFFFFFF09B9
:10CD1000000000000000000000000090FFFFEF0690
:10CD20000000F8FFFFFFFF09000000000000000006
:10CD300000000050FFFF3C000000F8FFFFFFFF096C
:10CD4000000000000000000000000010FE9F010035
:10CD50000000F8FFFFFFFF090000000000000000D6
:10CD600000000000FB0600000000F8FFFFFFFF09C5
:10CD7000000000000000000000000000450000006E
:10CD80000000F8FFFFFFFF090000000000000000A6
:10CD900000000000000000000000F8FFFFFFFF0996
:10CDA0000000000000000000000000000000000083
:10CDB0000000F8FFFFFFFF09000000000000000076
:10CDC00000000000000000000000F8FFFFFFFF0966
:10CDD0000000000000000000000000000000000053
:10CDE0000000F8FFFFFFFF09000000000000000046
:10CDF00000000000000000000000F8FFFFFFFF0936
:10CE00000000000000000000000000000000000022
:10CE10000000F8FFFFFFFF09000000000000000015
:10CE200000000000000000000000F8FFFFFFFF0905
:10CE300000000000000000000000000000000000F2
:10CE40000000F8FFFFFFFF090000000000000000E5
:10CE500000000000000000000000F8FFFFFFFF09D5
:10CE600000000000000000000000000000000000C2
:10CE70000000F8FFFFFFFF090000000000000000B5
:10CE800000000000000000000000F8FFFFFFFF09A5
:10CE90000000000000000000000000000000000092
:10CEA0000000F8FFFFFFFF09000000000000000085
:10CEB00000000000000000000000F8FFFFFFFF0975
:10CEC0000000000000000000000000000000000062
:10CED0000000F8FFFFFFFF09000000000000000055
:10CEE00000000000000000000000F8FFFFFFFF0945
:10CEF0000000000000000000000000000000000032
:10CF00000000F8FFFFFFFF09000000000000000024
:10CF100000000000000000000000F8FFFFFFFF0914
:10CF20000000000000000000000000000000000001
:10CF30000000F8FFFFFFFF090000000000000000F4
:10CF400000000000000000000000F8FFFFFFFF09E4
:10CF500000000000000000000000000000000000D1
:10CF60000000F8FFFFFFFF090000000000000000C4
:10CF700000000000000000000000F8FFFFFFFF09B4
:10CF800000000000000000000000000000000000A1
:10CF90000000F8FFFFFFFF09000000000000000094
:10CFA00000000000000000000000F8FFFFFFFF0984
:10CFB0000000000000000000000000000000000071
:10CFC0000000F8FFFFFFFF09000000000000000064
:10CFD00000000000000000000000F8FFFFFFFF0954
:10CFE0000000000000000000000000000000000041
:10CFF0000000F8FFFFFFFF09000000000000000034
:10D0000000000000000000000000F8FFFFFFFF0923
:10D010000000000000000000000000000000000010
:10D020000000F8FFFFFFFF09000000000000000003
:10D0300000000000000000000000F8FFFFFFFF09F3
:10D0400000000000000000000000000000000000E0
:10D050000000F8FFFFFFFF090000000000000000D3
:10D0600000000000000000000000F8FFFFFFFF09C3
:10D0700000000000000000000000000000000000B0
:10D080000000F8FFFFFFFF090000000000000000A3
:10D0900000000000000000000000F8FFFFFFFF0993
:10D0A0000000000000000000000000000000000080
:10D0B0000000F8FFFFFFFF09000000000000000073
:10D0C00000000000000000000000F8FFFFFFFF0963
:10D0D0000000000000000000000000000000000050
:10D0E0000000F8FFFFFFFF09000000000000000043
:10D0F00000000010111111111111F9FFFFFFFF1AAB
:10D100001111111111000000000000E2EEEEEEEE30
:10D11000EEEEFFFFFFFFFFEFEEEEEEEEEE0400009F
:10D12000000000F2FFFFFFFFFFFFFFFFFFFFFFFF19
:10D13000FFFFFFFFFF040000000000F2FFFFFFFF02
:10D14000FFFFFFFFFFFFFFFFFFFFFFFFFF040000E8
:10D15000000000F2FFFFFFFFFFFFFFFFFFFFFFFFE9
:10D16000FFFFFFFFFF040000000000F2FFFFFFFFD2
:10D17000FFFFFFFFFFFFFFFFFFFFFFFFFF040000B8
:10D18000000000F2FFFFFFFFFFFFFFFFFFFFFFFFB9
:10D19000FFFFFFFFFF040000000000F2FFFFFFFFA2
:10D1A000FFFFFFFFFFFFFFFFFFFFFFFFFF04000088
:10D1B000000000F2FFFFFFFFFFFFFFFFFFFFFFFF89
:10D1C000FFFFFFFFFF040000000000F2FFFFFFFF72
:10D1D000FFFFFFFFFFFFFFFFFFFFFFFFFF04000058
:10D1E000000000E2FFFFFFFFFFFFFFFFFFFFFFFF69
:10D1F000FFFFFFFFFF040000000000F2FFFFFFFF42
:10D20000FFFFFFFFFFFFFFFFFFFFFFFFFF04000027
:10D21000000000B2BBBBBBBBBBBBBBBBBBBBBBBB98
:10D22000BBBBBBBBBB030000000000000000000054
:10D2300000000000000000000000000000000000EE
:10D2400000000000000000000000000000000000DE
:10D2500000000000000000000000000000000000CE
:10D2600000000000000000000000000000000000BE
:10D2700000000000000000000000000000000000AE
:10D28000000000000000000000000000000000009E
:10D29000000000000000000000000000000000008E
:10D2A000000000000000000000000000000000007E
:10D2B000000000000000000000000000000000006E
:10D2C000000000000000000000000000000000005E
:10D2D000000000000000000000000000000000004E
:10D2E000000000000000000000000000000000003E
:10D2F000000000000000000000000000000000002E
:10D30000000000000000000000000000000000001D
:10D31000000000000000000000000000000000000D
:10D3200000000000000000000000000000000000FD
:10D3300000000000000000000000000000000000ED
:10D3400000000000000000000000000000000000DD
:10D3500000000000000000000000000000000000CD
:10D3600000000000000000000000000000000000BD
:10D3700000000000000000000000000000000000AD
:10D38000000000000000000000000000000000009D
:10D39000000000000000000000000000000000008D
:10D3A000000000000000000000000000000000007D
:10D3B000000000000000000000000000000000006D
:10D3C000000000000000000000000000000000005D
:10D3D000000000000000000000000000000000004D
:10D3E000000000000000000000000000000000003D
:10D3F000000000000000000000000000000000002D
:10D40000000000000000000000000000000000001C
:10D41000000000000000000000000000000000000C
:10D4200000000000000000000000000000000000FC
:10D4300000000000000000000000000000000000EC
:10D4400000001011010000000000000000000000BA
:10D45000000000000000000030A7DCEECD7A0300E1
:10D46000000000000000000000000000000000714B
:10D47000FCFFFFFFFFFFCF160000000000000000D0
:10D4800000000000000060FDFFFFFFFFFFFFFFCF77
:10D490000400000000000000000000000020FBFF6E
:10D4A000FFFFFFFFFFFFFFFF8F00000000000000F5
:10D4B0000000000000E5FFFFFFFFFFFFFFFFFFFF91
:10D4C000FF090000000000000000000070FFFFFFE7
:10D4D000FFFFFFFFFFFFFFFFFF8F000000000000C6
:10D4E00000000000F8FFFFFFFFFFFFFFFFFFFFFF4F
:10D4F000FFFF05000000000000000080FFFFFFFFAD
:10D50000FFFFFFFFFFFFFFFFFFFF1D000000000008
:10D51000000000F7FFFFFFFFFFFFFFFFFFFFFFFF20
:10D52000FFFF7F0000000000000020FFFFFFFFFF63
:10D53000FFFFFFFFFFFFFFFFFFFFEF010000000005
:10D54000000000FAFFFFFFFFFFFFFFFFFFFFFFFFED
:10D55000FFFFFF0600000000000000E2FFFFFFFFEA
:10D56000FFEFBCDCFFFFFFFFFFFFFF0B0000000031
:10D5700000000080FFFFFFFFBF250010B4FFFFFF8A
:10D58000FFFFFF2E0000000000000010FDFFFFDF86
:10D590000500000000F9FFFFFFFFFF5F0000000033
:10D5A00000000000F5FFFF2B0000000000A0FFFFBF
:10D5B000FFFFFF8F0000000000000000B0FFAF0081
:10D5C000000000000020FEFFFFFFFFBF0000000082
:10D5D0000000000030FF0A00000000000000F9FF1A
:10D5E000FFFFFFCF000000000000000000CA0000A5
:10D5F000000000000000F4FFFFFFFFDF010000005B
:10D600000000000000210000000000000000E1FF19
:10D61000FFFFFFEF0200000000000000000000001C
:10D62000000000000000C0FFFFFFFFFF020000003D
:10D630000000000000000000000000000000A0FF4B
:10D64000FFFFFFFF020000000000000000000000DC
:10D6500000000000000090FFFFFFFFFF020000003D
:10D66000000000000000000000000000000090FF2B
:10D67000FFFFFFFF020000000000000000000000AC
:10D68000000000000000A0FFFFFFFFEF010000000E
:10D690000000000000000000000000000000B0FFDB
:10D6A000FFFFFFDF0100000000000000000000009D
:10D6B000000000000000C0FFFFFFFFCF00000000DF
:10D6C0000000000000000000000000000000E1FF7A
:10D6D000FFFFFFBF0000000000000000000000008E
:10D6E000000000000000F3FFFFFFFF8F00000000BC
:10D6F0000000000000000000000000000000F6FF35
:10D70000FFFFFF5F000000000000000000000000BD
:10D71000000000000000FAFFFFFFFF2F00000000E4
:10D720000000000000000000000000000020FEFFDC
:10D73000FFFFFF0C000000000000000000000000E0
:10D74000000000000070FFFFFFFFFF090000000065
:10D7500000000000000000000000000000D0FFFFFB
:10D76000FFFFFF04000000000000000000000000B8
:10D770000000000000F6FFFFFFFFDF0000000000D8
:10D7800000000000000000000000000010FDFFFF8E
:10D79000FFFF7F000000000000000000000000000C
:10D7A0000000000070FFFFFFFFFF2E0000000000E0
:10D7B000000000000000000000000000E1FFFFFF8B
:10D7C000FFFF090000000000000000000000000052
:10D7D00000000000F9FFFFFFFFFF02000000000053
:10D7E000000000000000000000000040FFFFFFFFFD
:10D7F000FF9F00000000000000000000000000008B
:10D80000000000D1FFFFFFFFFF2E0000000000001E
:10D810000000000000000000000000F8FFFFFFFF14
:10D82000FF070000000000000000000000000000F2
:10D83000000040FFFFFFFFFFCF00000000000000DE
:10D8400000000000000000000000D1FFFFFFFFFF0C
:10D850003F00000000000000000000000000000089
:10D860000000FAFFFFFFFFFF0800000000000000BB
:10D8700000000000000000000060FFFFFFFFFFCF7E
:10D880000000000000000000000000000000000098
:10D8900000E2FFFFFFFFFF3E00000000000000006D
:10D8A000000000000000000000FCFFFFFFFFFF067B
:10D8B0000000000000000000000000000000000068
:10D8C00090FFFFFFFFFFAF0000000000000000001E
:10D8D0000000000000000000F5FFFFFFFFFF1D003B
:10D8E0000000000000000000000000000000002018
:10D8F000FEFFFFFFFFFF030000000000000000002C
:10D9000000000000000000C0FFFFFFFFFF6F0000ED
:10D91000000000000000000000000000000000F80F
:10D92000FFFFFFFFFF0900000000000000000000F3
:10D9300000000000000040FFFFFFFFFFCF000000DD
:10D940000000000000000000000000000000E2FFF6
:10D95000FFFFFFFF2E00000000000000000000009D
:10D96000000000000000FBFFFFFFFFFF05000000BC
:10D970000000000000000000000000000070FFFF39
:10D98000FFFFFF8F0000000000000000000000000B
:10D990000000000000F4FFFFFFFFFF0B000000008D
:10D9A00000000000000000000000000010FDFFFF6C
:10D9B000FFFFDF0100000000000000000000000089
:10D9C00000000000B0FFFFFFFFFF4F00000000005D
:10D9D000000000000000000000000000F7FFFFFF53
:10D9E000FFFF050000000000000000000000000034
:10D9F00000000030FFFFFFFFFFEF878888888888DE
:10DA00008888887878010000000000D1FFFFFFFFC0
:10DA1000FFFFFFFFFFFFFFFFFFFFFFFFFF01000012
:10DA2000000000FAFFFFFFFFFFFFFFFFFFFFFFFF08
:10DA3000FFFFFFFFEF010000000010FEFFFFFFFFF0
:10DA4000FFFFFFFFFFFFFFFFFFFFFFFFEF010000F2
:10DA5000000010FEFFFFFFFFFFFFFFFFFFFFFFFFC4
:10DA6000FFFFFFFFEF010000000010FEFFFFFFFFC0
:10DA7000FFFFFFFFFFFFFFFFFFFFFFFFEF010000C2
:10DA8000000010FEFFFFFFFFFFFFFFFFFFFFFFFF94
:10DA9000FFFFFFFFEF010000000010FEFFFFFFFF90
:10DAA000FFFFFFFFFFFFFFFFFFFFFFFFEF01000092
:10DAB000000010FEFFFFFFFFFFFFFFFFFFFFFFFF64
:10DAC000FFFFFFFFEF010000000010FEFFFFFFFF60
:10DAD000FFFFFFFFFFFFFFFFFFFFFFFFEF01000062
:10DAE000000010FEFFFFFFFFFFFFFFFFFFFFFFFF34
:10DAF000FFFFFFFFEF010000000010FFFFFFFFFF2F
:10DB0000FFFFFFFFFFFFFFFFFFFFFFFFFF01000021
:10DB1000000010BABBBBBBBBBBBBBBBBBBBBBBBB77
:10DB2000BBBBBBBBAB01000000000000000000005D
:10DB300000000000000000000000000000000000E5
:10DB400000000000000000000000000000000000D5
:10DB500000000000000000000000000000000000C5
:10DB600000000000000000000000000000000000B5
:10DB700000000000000000000000000000000000A5
:10DB80000000000000000000000000000000000095
:10DB90000000000000000000000000000000000085
:10DBA0000000000000000000000000000000000075
:10DBB0000000000000000000000000000000000065
:10DBC0000000000000000000000000000000000055
:10DBD0000000000000000000000000000000000045
:10DBE0000000000000000000000000000000000035
:10DBF0000000000000000000000000000000000025
:10DC00000000000000000000000000000000000014
:10DC10000000000000000000000000000000000004
:10DC200000000000000000000000000000000000F4
:10DC300000000000000000000000000000000000E4
:10DC400000000000000000000000000000000000D4
:10DC500000000000000000000000000000000000C4
:10DC600000000000000000000000000000000000B4
:10DC700000000000000000000000000000000000A4
:10DC80000000000000000000000000000000000094
:10DC90000000000000000000000000000000000084
:10DCA0000000000000000000000000000000000074
:10DCB0000000000000000000000000000000000064
:10DCC0000000000000000000000000000000000054
:10DCD0000000000000000000000000000000000044
:10DCE0000000000000000000000000000000000034
:10DCF0000000000000000000000000000000000024
:10DD00000000000000000000000000000000000013
:10DD10000000000000000000000000000000000003
:10DD200000000000000000000000000000000000F3
:10DD300000000000000000000000000000000000E3
:10DD400000101111000000000000000000000000A1
:10DD50000000000000001074B9DDEEDEBC580100C8
:10DD60000000000000000000000000000062EBFF67
:10DD7000FFFFFFFFFFFFAE040000000000000000F7
:10DD800000000000A5FEFFFFFFFFFFFFFFFFFFAF4A
:10DD9000020000000000000000000030FFFFFFFF55
:10DDA000FFFFFFFFFFFFFFFF6E000000000000000D
:10DDB00000000030FFFFFFFFFFFFFFFFFFFFFFFF3F
:10DDC000FF0700000000000000000030FFFFFFFF21
:10DDD000FFFFFFFFFFFFFFFFFF6F000000000000DD
:10DDE00000000030FFFFFFFFFFFFFFFFFFFFFFFF0F
:10DDF000FFFF03000000000000000030FFFFFFFFF6
:10DE0000FFFFFFFFFFFFFFFFFFFF0C000000000010
:10DE100000000030FFFFFFFFFFFFFFFFFFFFFFFFDE
:10DE2000FFFF6F000000000000000030FFFFFFFF59
:10DE3000FFFFFFFFFFFFFFFFFFFFCF00000000001D
:10DE400000000030FFFFFFFFFFFFFFFFFFFFFFFFAE
:10DE5000FFFFFF040000000000000030FFFFFFBED6
:10DE600079454496FDFFFFFFFFFFFF08000000001B
:10DE700000000030FFDF48010000000060FEFFFFEF
:10DE8000FFFFFF0B00000000000000309E040000B8
:10DE90000000000000D2FFFFFFFFFF1E0000000097
:10DEA0000000001001000000000000000040FFFF23
:10DEB000FFFFFF3F00000000000000000000000026
:10DEC000000000000000FBFFFFFFFF4F000000000C
:10DED0000000000000000000000000000000F5FF4E
:10DEE000FFFFFF5F000000000000000000000000D6
:10DEF000000000000000F2FFFFFFFF5F00000000D5
:10DF00000000000000000000000000000000E1FF31
:10DF1000FFFFFF5F000000000000000000000000A5
:10DF2000000000000000D0FFFFFFFF5F00000000C6
:10DF30000000000000000000000000000000D0FF12
:10DF4000FFFFFF4F00000000000000000000000085
:10DF5000000000000000E1FFFFFFFF3F00000000A5
:10DF60000000000000000000000000000000F2FFC0
:10DF7000FFFFFF1E00000000000000000000000086
:10DF8000000000000000F4FFFFFFFF0C0000000095
:10DF90000000000000000000000000000000F8FF8A
:10DFA000FFFFFF090000000000000000000000006B
:10DFB000000000000010FDFFFFFFFF050000000053
:10DFC0000000000000000000000000000080FFFFD3
:10DFD000FFFFEF0100000000000000000000000053
:10DFE0000000000000F5FFFFFFFF8F0000000000B1
:10DFF00000000000000000000000000070FFFFFFB4
:10E00000FFFF2E00000000000000000000000000E4
:10E0100000000051FCFFFFFFFFFF060000000000B2
:10E0200000000000000082888888C9FEFFFFFFFF13
:10E03000FFAF000000000000000000000000F3FF40
:10E04000FFFFFFFFFFFFFFFFFF1B000000000000BE
:10E05000000000000000F3FFFFFFFFFFFFFFFFFFD6
:10E06000BF01000000000000000000000000F3FFFE
:10E07000FFFFFFFFFFFFFFEF0700000000000000B1
:10E08000000000000000F3FFFFFFFFFFFFFFFF9F06
:10E090000100000000000000000000000000F3FF8D
:10E0A000FFFFFFFFFFFFFFFFBF04000000000000B5
:10E0B000000000000000F3FFFFFFFFFFFFFFFFFF76
:10E0C000FFAF010000000000000000000000F3FFAF
:10E0D000FFFFFFFFFFFFFFFFFFFF3D00000000000D
:10E0E000000000000000F3FFFFFFFFFFFFFFFFFF46
:10E0F000FFFFEF0200000000000000000000F3FF3F
:10E10000FFFFFFFFFFFFFFFFFFFFFF1C00000000FE
:10E11000000000000000B2BBBBBBDCFEFFFFFFFF46
:10E12000FFFFFF8F00000000000000000000000063
:10E1300000000041C7FFFFFFFFFFFFFF02000000DC
:10E1400000000000000000000000000000C4FFFF0D
:10E15000FFFFFFFF090000000000000000000000BA
:10E16000000000000000F8FFFFFFFFFF1E0000009E
:10E17000000000000000000000000000000080FF20
:10E18000FFFFFFFF5F000000000000000000000034
:10E1900000000000000000FBFFFFFFFF9F000000E9
:10E1A000000000000000000000000000000000F37C
:10E1B000FFFFFFFFCF000000000000000000000094
:10E1C00000000000000000C0FFFFFFFFEF010000A3
:10E1D00000000000000000000000000000000080BF
:10E1E000FFFFFFFFFF020000000000000000000032
:10E1F0000000000000000060FFFFFFFFFF030000C1
:10E2000000000000000000000000000000000050BE
:10E21000FFFFFFFFFF030000000000000000000000
:10E220000000000000000050FFFFFFFFFF030000A0
:10E23000000000000000000000000000000000508E
:10E24000FFFFFFFFFF0300000000000000000000D0
:10E250000000000000000070FFFFFFFFFF02000051
:10E26000000000000000000000000000000000A00E
:10E27000FFFFFFFFEF0100000000000000000000B2
:10E2800000000000000000D0FFFFFFFFDF000000E3
:10E29000000000000000000000000000000000F48A
:10E2A000FFFFFFFFAF0000000000000000000000C3
:10E2B00000000000000000FBFFFFFFFF8F000000D8
:10E2C000000000000000000000000000000070FFDF
:10E2D000FFFFFFFF4F0000000000000000000000F3
:10E2E000000000000000F6FFFFFFFFFF1E0000001F
:10E2F0000000000000000000000000000092FFFF8E
:10E30000FFFFFFFF0A000000000000B858130000E4
:10E310000000001094FEFFFFFFFFFFFF040000005D
:10E32000000000F9FFEFBD9A8888A8EBFFFFFFFF10
:10E33000FFFFFFCF00000000000000F9FFFFFFFF1C
:10E34000FFFFFFFFFFFFFFFFFFFFFF5F0000000079
:10E35000000000F9FFFFFFFFFFFFFFFFFFFFFFFFD0
:10E36000FFFFFF0B00000000000000F9FFFFFFFFB0
:10E37000FFFFFFFFFFFFFFFFFFFFEF0200000000B6
:10E38000000000F9FFFFFFFFFFFFFFFFFFFFFFFFA0
:10E39000FFFF4F0000000000000000F9FFFFFFFF3B
:10E3A000FFFFFFFFFFFFFFFFFFFF05000000000072
:10E3B000000000F9FFFFFFFFFFFFFFFFFFFFFFFF70
:10E3C000FF4E000000000000000000F9FFFFFFFF0B
:10E3D000FFFFFFFFFFFFFFFFBF0200000000000084
:10E3E000000000F9FFFFFFFFFFFFFFFFFFFFFFDF60
:10E3F0000600000000000000000000FAFFFFFFFF21
:10E40000FFFFFFFFFFFFCF1600000000000000002D
:10E41000000000B5FDFFFFFFFFFFFFFFEF8B0300D4
:10E42000000000000000000000000000215487A947
:10E43000BBBB9A5713000000000000000000000062
:10E4400000000000000000000000000000000000CC
:10E4500000000000000000000000000000000000BC
:10E4600000000000000000000000000000000000AC
:10E47000000000000000000000000000000000009C
:10E48000000000000000000000000000000000008C
:10E49000000000000000000000000000000000007C
:10E4A000000000000000000000000000000000006C
:10E4B000000000000000000000000000000000005C
:10E4C000000000000000000000000000000000004C
:10E4D000000000000000000000000000000000003C
:10E4E000000000000000000000000000000000002C
:10E4F000000000000000000000000000000000001C
:10E50000000000000000000000000000000000000B
:10E5100000000000000000000000000000000000FB
:10E5200000000000000000000000000000000000EB
:10E5300000000000000000000000000000000000DB
:10E5400000000000000000000000000000000000CB
:10E5500000000000000000000000000000000000BB
:10E5600000000000000000000000000000000000AB
:10E57000000000000000000000000000000000009B
:10E58000000000000000000000000000000000008B
:10E59000000000000000000000000000000000007B
:10E5A000000000000000000000000000000000006B
:10E5B000000000000000000000000000000000005B
:10E5C000000000000000000000000000000000004B
:10E5D000000000000000000000000000000000003B
:10E5E000000000000000000000000000000000002B
:10E5F000000000000000000000000000000000001B
:10E60000000000000000000000000000000000000A
:10E6100000000000000000000000000000000000FA
:10E6200000000000000000000000000000000000EA
:10E6300000000000000000000000000000000000DA
:10E6400000000000000000000000000000000000CA
:10E6500000000000000000000000000000000000BA
:10E6600000000000000000000000000000000000AA
:10E67000000000B2BBBBBBBBBBBB0800000000007E
:10E680000000000000000000000000F8FFFFFFFF96
:10E69000FFFF0B0000000000000000000000000071
:10E6A000000010FEFFFFFFFFFFFF0A000000000058
:10E6B0000000000000000000000060FFFFFFFFFFFF
:10E6C000FFFF0B0000000000000000000000000041
:10E6D0000000D0FFFFFFFFFFFFFF0B000000000066
:10E6E00000000000000000000000F5FFFFFFFFFF3A
:10E6F000FFFF0B0000000000000000000000000011
:10E700000000FCFFFFFFFFFFFFFF0B000000000009
:10E7100000000000000000000040FFFFFFFFFFFFBF
:10E72000FFFF0B00000000000000000000000000E0
:10E7300000A0FFFFFFFFFFFFFFFF0B000000000036
:10E74000000000000000000000F3FFFFFFFFFFFFDC
:10E75000FFFF0B00000000000000000000000000B0
:10E7600000F9FFFFFFFFFFFFFFFF0B0000000000AD
:10E77000000000000000000020FEFFFFFFFFFFFF81
:10E78000FFFF0B0000000000000000000000000080
:10E7900080FFFFFFFFFFFFFFFFFF0B0000000000F7
:10E7A0000000000000000000E1FFFFFFFFDEFFFFB0
:10E7B000FFFF0B0000000000000000000000000050
:10E7C000F6FFFFFFFFB8FFFFFFFF0B000000000098
:10E7D0000000000000000000FDFFFFFFEFC2FFFF90
:10E7E000FFFF0B00000000000000000000000050D0
:10E7F000FFFFFFFF9FC0FFFFFFFF0B0000000000B7
:10E8000000000000000000C0FFFFFFFF2FC0FFFF5F
:10E81000FFFF0B000000000000000000000000F4FB
:10E82000FFFFFFFF0AC0FFFFFFFF0B00000000001B
:10E8300000000000000000FAFFFFFFFF03C0FFFF21
:10E84000FFFF0B000000000000000000000030FF90
:10E85000FFFFFFBF00C0FFFFFFFF0B000000000035
:10E8600000000000000090FFFFFFFF4F00C0FFFF0F
:10E87000FFFF0B0000000000000000000000E2FFAE
:10E88000FFFFFF0C00C0FFFFFFFF0B0000000000B8
:10E89000000000000000F8FFFFFFFF0500C0FFFFC1
:10E8A000FFFF0B0000000000000000000010FEFF52
:10E8B000FFFFDF0000C0FFFFFFFF0B0000000000B4
:10E8C000000000000060FFFFFFFF6F0000C0FFFFBF
:10E8D000FFFF0B00000000000000000000D0FFFF61
:10E8E000FFFF1D0000C0FFFFFFFF0B000000000046
:10E8F0000000000000F5FFFFFFFF070000C0FFFF62
:10E90000FFFF0B00000000000000000000FCFFFF04
:10E91000FFEF010000C0FFFFFFFF0B000000000041
:10E920000000000040FFFFFFFF8F000000C0FFFF5E
:10E93000FFFF0B000000000000000000B0FFFFFF21
:10E94000FF2E000000C0FFFFFFFF0B0000000000D3
:10E9500000000000F3FFFFFFFF09000000C0FFFF01
:10E96000FFFF0B000000000000000000F9FFFFFFA8
:10E97000FF02000000C0FFFFFFFF0B0000000000CF
:10E9800000000020FEFFFFFFAF00000000C0FFFFFF
:10E99000FFFF0B000000000000000080FFFFFFFFF2
:10E9A0003F00000000C0FFFFFFFF0B000000000061
:10E9B000000000E1FFFFFFFF0B00000000C0FFFFB1
:10E9C000FFFF0B0000000000000000F6FFFFFFFF4C
:10E9D0000400000000C0FFFFFFFF0B00000000006C
:10E9E000000000FDFFFFFFCF0000000000C0FFFFA0
:10E9F000FFFF0B0000000000000050FFFFFFFF5F63
:10EA00000000000000C0FFFFFFFF0B00000000003F
:10EA10000000C0FFFFFFFF0C0000000000C0FFFF70
:10EA2000FFFF0B00000000000000F4FFFFFFFF06E7
:10EA30000000000000C0FFFFFFFF0B00000000000F
:10EA40000000FBFFFFFFDF010000000000C0FFFF30
:10EA5000FFFF0B00000000000030FFFFFFFF7F0002
:10EA60000000000000C0FFFFFFFF0B0000000000DF
:10EA70000090FFFFFFFF1E000000000000C0FFFF2E
:10EA8000FFFF0B000000000000E2FFFFFFFF070098
:10EA90000000000000C0FFFFFFFF0A0000000000B0
:10EAA00000F8FFFFFFFF89888888888888E8FFFFD3
:10EAB000FFFF8D888887060000FAFFFFFFFFFFFF3A
:10EAC000FFFFFFFFFFFFFFFFFFFFFFFFFFFF0C0048
:10EAD00000FAFFFFFFFFFFFFFFFFFFFFFFFFFFFF4A
:10EAE000FFFFFFFFFFFF0B0000FAFFFFFFFFFFFF2D
:10EAF000FFFFFFFFFFFFFFFFFFFFFFFFFFFF0B0019
:10EB000000FAFFFFFFFFFFFFFFFFFFFFFFFFFFFF19
:10EB1000FFFFFFFFFFFF0B0000FAFFFFFFFFFFFFFC
:10EB2000FFFFFFFFFFFFFFFFFFFFFFFFFFFF0B00E8
:10EB300000FAFFFFFFFFFFFFFFFFFFFFFFFFFFFFE9
:10EB4000FFFFFFFFFFFF0B0000FAFFFFFFFFFFFFCC
:10EB5000FFFFFFFFFFFFFFFFFFFFFFFFFFFF0B00B8
:10EB600000FAFFFFFFFFFFFFFFFFFFFFFFFFFFFFB9
:10EB7000FFFFFFFFFFFF0B0000FAFFFFFFFFFFFF9C
:10EB8000FFFFFFFFFFFFFFFFFFFFFFFFFFFF0B0088
:10EB900000FAFFFFFFFFFFFFFFFFFFFFFFFFFFFF89
:10EBA000FFFFFFFFFFFF0B0000FAFFFFFFFFFFFF6C
:10EBB000FFFFFFFFFFFFFFFFFFFFFFFFFFFF0C0057
:10EBC00000434444444444444444444444E5FFFF33
:10EBD000FFFF4C444444030000000000000000001C
:10EBE0000000000000E0FFFFFFFF0A00000000003F
:10EBF00000000000000000000000000000E1FFFF36
:10EC0000FFFF0B00000000000000000000000000FB
:10EC10000000000000E1FFFFFFFF0B00000000000C
:10EC200000000000000000000000000000E1FFFF05
:10EC3000FFFF0B00000000000000000000000000CB
:10EC40000000000000E1FFFFFFFF0B0000000000DC
:10EC500000000000000000000000000000E1FFFFD5
:10EC6000FFFF0B000000000000000000000000009B
:10EC70000000000000E1FFFFFFFF0B0000000000AC
:10EC800000000000000000000000000000E1FFFFA5
:10EC9000FFFF0B000000000000000000000000006B
:10ECA0000000000000E1FFFFFFFF0B00000000007C
:10ECB00000000000000000000000000000E1FFFF75
:10ECC000FFFF0B000000000000000000000000003B
:10ECD0000000000000E1FFFFFFFF0B00000000004C
:10ECE00000000000000000000000000000D1FFFF55
:10ECF000FFFF0A000000000000000000000000000C
:10ED00000000000000E1FFFFFFFF0B00000000001B
:10ED100000000000000000000000000000A1BBBBDC
:10ED2000BBBB080000000000000000000000000065
:10ED300000000000000000000000000000000000D3
:10ED400000000000000000000000000000000000C3
:10ED500000000000000000000000000000000000B3
:10ED600000000000000000000000000000000000A3
:10ED70000000000000000000000000000000000093
:10ED80000000000000000000000000000000000083
:10ED90000000000000000000000000000000000073
:10EDA0000000000000000000000000000000000063
:10EDB0000000000000000000000000000000000053
:10EDC0000000000000000000000000000000000043
:10EDD0000000000000000000000000000000000033
:10EDE0000000000000000000000000000000000023
:10EDF0000000000000000000000000000000000013
:10EE00000000000000000000000000000000000002
:10EE100000000000000000000000000000000000F2
:10EE200000000000000000000000000000000000E2
:10EE300000000000000000000000000000000000D2
:10EE400000000000000000000000000000000000C2
:10EE500000000000000000000000000000000000B2
:10EE600000000000000000000000000000000000A2
:10EE70000000000000000000000000000000000092
:10EE80000000000000000000000000000000000082
:10EE90000000000000000000000000000000000072
:10EEA0000000000000000000000000000000000062
:10EEB0000000000000000000000000000000000052
:10EEC0000000000000000000000000000000000042
:10EED0000000000000000000000000000000000032
:10EEE0000000000000000000000000000000000022
:10EEF0000000000000000000000000000000000012
:10EF00000000000000000000000000000000000001
:10EF100000000000000000000000000000000000F1
:10EF200000000000000000000000000000000000E1
:10EF300000000000000000000000000000000000D1
:10EF400000000000000000000000000000000000C1
:10EF500000000000000000000000000000000000B1
:10EF6000000000000000000000000000BABBBBBBB6
:10EF7000BBBBBBBBBBBBBBBBBBBBBB080000000080
:10EF800000000010FEFFFFFFFFFFFFFFFFFFFFFF7E
:10EF9000FFFFFF0B0000000000000010FDFFFFFF5F
:10EFA000FFFFFFFFFFFFFFFFFFFFFF0A0000000062
:10EFB00000000010FDFFFFFFFFFFFFFFFFFFFFFF4F
:10EFC000FFFFFF0A0000000000000010FDFFFFFF30
:10EFD000FFFFFFFFFFFFFFFFFFFFFF0A0000000032
:10EFE00000000010FDFFFFFFFFFFFFFFFFFFFFFF1F
:10EFF000FFFFFF0A0000000000000010FDFFFFFF00
:10F00000FFFFFFFFFFFFFFFFFFFFFF0A0000000001
:10F0100000000010FDFFFFFFFFFFFFFFFFFFFFFFEE
:10F02000FFFFFF0A0000000000000010FDFFFFFFCF
:10F03000FFFFFFFFFFFFFFFFFFFFFF0A00000000D1
:10F0400000000010FDFFFFFFFFFFFFFFFFFFFFFFBE
:10F05000FFFFFF0A0000000000000010FDFFFFFF9F
:10F06000FFFFFFFFFFFFFFFFFFFFFF0A00000000A1
:10F0700000000010FDFFFFFFFFFFFFFFFFFFFFFF8E
:10F08000FFFFFF0B0000000000000010FDFFFFFF6E
:10F09000CFBBBBBBBBBBBBBBBBBBBB08000000004B
:10F0A00000000010FDFFFFFF4F0000000000000007
:10F0B000000000000000000000000010FDFFFFFF46
:10F0C0005F000000000000000000000000000000E1
:10F0D00000000010FDFFFFFF5F00000000000000C7
:10F0E000000000000000000000000010FDFFFFFF16
:10F0F0005F000000000000000000000000000000B1
:10F1000000000010FDFFFFFF5F0000000000000096
:10F11000000000000000000000000010FDFFFFFFE5
:10F120005F00000000000000000000000000000080
:10F1300000000010FDFFFFFF5F0000000000000066
:10F14000000000000000000000000010FDFFFFFFB5
:10F150005F00000000000000000000000000000050
:10F1600000000010FDFFFFFF5F0000000000000036
:10F17000000000000000000000000010FDFFFFFF85
:10F180005F00000000000000000000000000000020
:10F1900000000010FDFFFFFF5F0000000000000006
:10F1A000000000000000000000000010FDFFFFFF55
:10F1B0005F000000000000000000000000000000F0
:10F1C00000000010FDFFFFFF5F00000000000000D6
:10F1D000000000000000000000000010FDFFFFFF25
:10F1E0004F000000000000000000000000000000D0
:10F1F00000000010FDFFFFFFCFBBBBAB7824000079
:10F20000000000000000000000000010FDFFFFFFF4
:10F21000FFFFFFFFFFFF9C04000000000000000054
:10F2200000000010FDFFFFFFFFFFFFFFFFFFFFCF0C
:10F23000050000000000000000000010FDFFFFFFBF
:10F24000FFFFFFFFFFFFFFFFBF0200000000000005
:10F2500000000010FDFFFFFFFFFFFFFFFFFFFFFFAC
:10F26000FF5E00000000000000000010FDFFFFFF37
:10F27000FFFFFFFFFFFFFFFFFFFF05000000000093
:10F2800000000010FDFFFFFFFFFFFFFFFFFFFFFF7C
:10F29000FFFF3F000000000000000010FDFFFFFF27
:10F2A000FFFFFFFFFFFFFFFFFFFFDF010000000088
:10F2B00000000010FDFFFFFFFFFFFFFFFFFFFFFF4C
:10F2C000FFFFFF090000000000000010FDFFFFFF2E
:10F2D000FFFFFFFFFFFFFFFFFFFFFF2F000000000A
:10F2E00000000010FEFFFFFFFFFFFFFFFFFFFFFF1B
:10F2F000FFFFFF9F00000000000000004344444463
:10F30000444465C9FEFFFFFFFFFFFFEF010000005F
:10F3100000000000000000000000000072FDFFFF80
:10F32000FFFFFFFF060000000000000000000000DB
:10F33000000000000091FFFFFFFFFFFF0A00000038
:10F340000000000000000000000000000000F8FFC6
:10F35000FFFFFFFF0D0000000000000000000000A4
:10F36000000000000000B0FFFFFFFFFF2F000000C3
:10F37000000000000000000000000000000030FF5E
:10F38000FFFFFFFF4F000000000000000000000032
:10F3900000000000000000FBFFFFFFFF6F00000007
:10F3A000000000000000000000000000000000F766
:10F3B000FFFFFFFF7F0000000000000000000000D2
:10F3C00000000000000000F4FFFFFFFF8F000000BE
:10F3D000000000000000000000000000000000F23B
:10F3E000FFFFFFFF9F000000000000000000000082
:10F3F00000000000000000E1FFFFFFFF9F00000091
:10F40000000000000000000000000000000000E11B
:10F41000FFFFFFFF9F000000000000000000000051
:10F4200000000000000000E1FFFFFFFF9F00000060
:10F43000000000000000000000000000000000F2DA
:10F44000FFFFFFFF8F000000000000000000000031
:10F4500000000000000000F4FFFFFFFF6F0000004D
:10F46000000000000000000000000000000000F7A5
:10F47000FFFFFFFF4F000000000000000000000041
:10F4800000000000000000FBFFFFFFFF2F00000056
:10F49000000000000000000000000000000030FF3D
:10F4A000FFFFFFFF0D000000000000000000000053
:10F4B000000000000000A0FFFFFFFFFF0A000000A7
:10F4C0000000000000000000000000000000F6FF47
:10F4D000FFFFFFFF0500000000000000000000002B
:10F4E000000000000060FFFFFFFFFFEF01000000D1
:10F4F00000000020000000000000000010F9FFFFE5
:10F50000FFFFFF9F00000000000000D18C350100CC
:10F5100000000030D8FFFFFFFFFFFF3F00000000AA
:10F52000000000D1FFFFCE9B8888B9FDFFFFFFFFE1
:10F53000FFFFFF0A00000000000000D1FFFFFFFFF7
:10F54000FFFFFFFFFFFFFFFFFFFFEF0200000000D4
:10F55000000000D1FFFFFFFFFFFFFFFFFFFFFFFFE6
:10F56000FFFF6F0000000000000000D1FFFFFFFF61
:10F57000FFFFFFFFFFFFFFFFFFFF0A00000000008B
:10F58000000000D1FFFFFFFFFFFFFFFFFFFFFFFFB6
:10F59000FFCF010000000000000000D1FFFFFFFFCF
:10F5A000FFFFFFFFFFFFFFFFFF1C00000000000048
:10F5B000000000D1FFFFFFFFFFFFFFFFFFFFFFFF86
:10F5C000AF01000000000000000000D1FFFFFFFFBE
:10F5D000FFFFFFFFFFFFFFFF07000000000000002C
:10F5E000000000D1FFFFFFFFFFFFFFFFFFFFFF3B1A
:10F5F0000000000000000000000000E1FFFFFFFF2E
:10F60000FFFFFFFFFFFF4B000000000000000000B5
:10F6100000000080ECFFFFFFFFFFFFFFBE270000A0
:10F62000000000000000000000000000104276A86A
:10F63000BBBB8A4601000000000000000000000083
:10F6400000000000000000000000000000000000BA
:10F6500000000000000000000000000000000000AA
:10F66000000000000000000000000000000000009A
:10F67000000000000000000000000000000000008A
:10F68000000000000000000000000000000000007A
:10F69000000000000000000000000000000000006A
:10F6A000000000000000000000000000000000005A
:10F6B000000000000000000000000000000000004A
:10F6C000000000000000000000000000000000003A
:10F6D000000000000000000000000000000000002A
:10F6E000000000000000000000000000000000001A
:10F6F000000000000000000000000000000000000A
:10F7000000000000000000000000000000000000F9
:10F7100000000000000000000000000000000000E9
:10F7200000000000000000000000000000000000D9
:10F7300000000000000000000000000000000000C9
:10F7400000000000000000000000000000000000B9
:10F7500000000000000000000000000000000000A9
:10F760000000000000000000000000000000000099
:10F770000000000000000000000000000000000089
:10F780000000000000000000000000000000000079
:10F790000000000000000000000000000000000069
:10F7A0000000000000000000000000000000000059
:10F7B0000000000000000000000000000000000049
:10F7C0000000000000000000000000000000000039
:10F7D0000000000000000000000000000000000029
:10F7E0000000000000000000000000000000000019
:10F7F0000000000000000000000000000000000009
:10F8000000000000000000000000000000000000F8
:10F8100000000000000000000000000000000000E8
:10F8200000000000000000000000000000000000D8
:10F8300000000000000000000000000000000000C8
:10F8400000000000000000000000000000000000B8
:10F8500000000000000000000000000000000000A8
:10F860000000000000000000000000000000000098
:10F8700000000000106498BABBBBBB1A0000000077
:10F88000000000000000000000000083ECFFFFFF0C
:10F89000FFFFFF1E0000000000000000000000004D
:10F8A0000010C6FFFFFFFFFFFFFFFF1D000000006D
:10F8B000000000000000000000D6FFFFFFFFFFFF78
:10F8C000FFFFFF1D0000000000000000000000001E
:10F8D000B3FFFFFFFFFFFFFFFFFFFF1D0000000062
:10F8E0000000000000000050FEFFFFFFFFFFFFFFD1
:10F8F000FFFFFF1D0000000000000000000000F7F7
:10F90000FFFFFFFFFFFFFFFFFFFFFF1D00000000E5
:10F9100000000000000070FFFFFFFFFFFFFFFFFF80
:10F92000FFFFFF1D00000000000000000000F6FFC8
:10F93000FFFFFFFFFFFFFFFFFFFFFF1D00000000B5
:10F94000000000000030FFFFFFFFFFFFFFFFFFFF91
:10F95000FFFFFF1D000000000000000000C0FFFFCF
:10F96000FFFFFFFFFFFFFFFFFFFFFF1E0000000084
:10F970000000000000F7FFFFFFFFFFFFFFDF9B8895
:10F9800088888707000000000000000020FEFFFFBD
:10F99000FFFFFFFF6B0200000000000000000000FE
:10F9A0000000000080FFFFFFFFFFFF3B00000000A2
:10F9B000000000000000000000000000E1FFFFFF69
:10F9C000FFFF7F00000000000000000000000000BA
:10F9D00000000000F7FFFFFFFFFF05000000000030
:10F9E000000000000000000000000000FCFFFFFF1E
:10F9F000FF7F000000000000000000000000000089
:10FA000000000030FFFFFFFFFF0B000000000000C0
:10FA1000000000000000000000000080FFFFFFFF6A
:10FA2000FF030000000000000000000000000000D4
:10FA3000000000C0FFFFFFFFAF000000000000005B
:10FA40000000000000000000000000F2FFFFFFFFC8
:10FA50004F00000000000000000000000000000057
:10FA6000000000F5FFFFFFFF1D0000000000000088
:10FA70000000000000000000000000F9FFFFFFFF91
:10FA80000A0000000000000000000000000000006C
:10FA9000000000FCFFFFFFFF070000000000000067
:10FAA0000000000000000000000010FEFFFFFFFF4C
:10FAB0000400000000000000000000000000000042
:10FAC000000030FFFFFFFFEF020000000000000019
:10FAD0000000000000000000000050FFFFFFFFDFFB
:10FAE0000000000000000000000000000000000016
:10FAF000000070FFFFFFFFCF00003096BAAB791413
:10FB00000000000000000000000090FFFFFFFFAFBA
:10FB10000094FDFFFFFFFFEF5A000000000000000F
:10FB20000000A0FFFFFFFF9FB4FFFFFFFFFFFFFFED
:10FB3000FF3B0000000000000000C0FFFFFFFFEFE0
:10FB4000FFFFFFFFFFFFFFFFFFFF070000000000B8
:10FB50000000D0FFFFFFFFFFFFFFFFFFFFFFFFFFE2
:10FB6000FFFF9F00000000000000E1FFFFFFFFFF1C
:10FB7000FFFFFFFFFFFFFFFFFFFFFF080000000088
:10FB80000000E1FFFFFFFFFFFFFFFFFFFFFFFFFFA1
:10FB9000FFFFFF5F000000000000F2FFFFFFFFFF1C
:10FBA000FFFFFFFFFFFFFFFFFFFFFFEF0100000070
:10FBB0000000F3FFFFFFFFFFFFFFFFFFFFFFFFFF5F
:10FBC000FFFFFFFF080000000000F3FFFFFFFFFF43
:10FBD000FFFFFFFFFFFFFFFFFFFFFFFF2E00000003
:10FBE0000000F3FFFFFFFFFFFFFFFFFFFFFFFFFF2F
:10FBF000FFFFFFFF7F0000000000F4FFFFFFFFFF9B
:10FC0000FFFFAE5754B7FFFFFFFFFFFFCF0000001D
:10FC10000000F4FFFFFFFFFFFF6C01000000C3FFC7
:10FC2000FFFFFFFFFF0300000000F4FFFFFFFFFFE7
:10FC30005D000000000000FBFFFFFFFFFF0600006B
:10FC40000000F4FFFFFFFFAF01000000000000D143
:10FC5000FFFFFFFFFF0A00000000F4FFFFFFFF4F60
:10FC60000000000000000050FFFFFFFFFF0C00003D
:10FC70000000F4FFFFFFFF5F000000000000000035
:10FC8000FDFFFFFFFF1E00000000F3FFFFFFFF5F0F
:10FC90000000000000000000F9FFFFFFFF2F000040
:10FCA0000000F3FFFFFFFF5F000000000000000006
:10FCB000F5FFFFFFFF4F00000000F3FFFFFFFF6FA6
:10FCC0000000000000000000F3FFFFFFFF4F0000F6
:10FCD0000000E2FFFFFFFF7F0000000000000000C7
:10FCE000E2FFFFFFFF5F00000000E1FFFFFFFF8F6B
:10FCF0000000000000000000E1FFFFFFFF6F0000B8
:10FD00000000D0FFFFFFFFAF000000000000000078
:10FD1000E1FFFFFFFF6F00000000B0FFFFFFFFBF2C
:10FD20000000000000000000E1FFFFFFFF5F000097
:10FD30000000A0FFFFFFFFDF010000000000000047
:10FD4000E1FFFFFFFF4F0000000080FFFFFFFFFF0C
:10FD50000200000000000000F3FFFFFFFF3F000073
:10FD6000000050FFFFFFFFFF050000000000000043
:10FD7000F5FFFFFFFF2F0000000030FFFFFFFFFF38
:10FD80000900000000000000F8FFFFFFFF1E000058
:10FD9000000010FEFFFFFFFF0D000000000000004C
:10FDA000FCFFFFFFFF0C0000000000FBFFFFFFFF58
:10FDB0004F00000000000040FFFFFFFFFF090000B0
:10FDC000000000F8FFFFFFFFBF000000000000B0D0
:10FDD000FFFFFFFFFF050000000000F4FFFFFFFF33
:10FDE000FF050000000000F6FFFFFFFFEF0200002C
:10FDF000000000D1FFFFFFFFFF3E0000000040FFBA
:10FE0000FFFFFFFFBF00000000000080FFFFFFFFBB
:10FE1000FFEF05000000F7FFFFFFFFFF5F0000009E
:10FE200000000030FFFFFFFFFFFFCF5754D8FFFF58
:10FE3000FFFFFFFF1D00000000000000FBFFFFFFB1
:10FE4000FFFFFFFFFFFFFFFFFFFFFFFF06000000B8
:10FE500000000000F4FFFFFFFFFFFFFFFFFFFFFFB9
:10FE6000FFFFFFDF0100000000000000B0FFFFFF08
:10FE7000FFFFFFFFFFFFFFFFFFFFFF4F000000003E
:10FE80000000000020FEFFFFFFFFFFFFFFFFFFFF5E
:10FE9000FFFFFF09000000000000000000F6FFFF68
:10FEA000FFFFFFFFFFFFFFFFFFFFCF01000000008C
:10FEB000000000000090FFFFFFFFFFFFFFFFFFFFBC
:10FEC000FFFF1D0000000000000000000000FAFF1E
:10FED000FFFFFFFFFFFFFFFFFFCF0200000000005A
:10FEE00000000000000080FFFFFFFFFFFFFFFFFF9B
:10FEF000FF1900000000000000000000000000D515
:10FF0000FFFFFFFFFFFFFFFF5D000000000000009C
:10FF10000000000000000010D7FFFFFFFFFFFF6C94
:10FF200001000000000000000000000000000000D0
:10FF30000084CBEDDEAC37000000000000000000C4
:10FF4000000000000000000000000011110000008F
:10FF500000000000000000000000000000000000A1
:10FF60000000000000000000000000000000000091
:10FF70000000000000000000000000000000000081
:10FF80000000000000000000000000000000000071
:10FF90000000000000000000000000000000000061
:10FFA0000000000000000000000000000000000051
:10FFB0000000000000000000000000000000000041
:10FFC0000000000000000000000000000000000031
:10FFD0000000000000000000000000000000000021
:10FFE0000000000000000000000000000000000011
:10FFF0000000000000000000000000000000000001
:020000040804EE
:1000000000000000000000000000000000000000F0
:1000100000000000000000000000000000000000E0
:1000200000000000000000000000000000000000D0
:1000300000000000000000000000000000000000C0
:1000400000000000000000000000000000000000B0
:1000500000000000000000000000000000000000A0
:100060000000000000000000000000000000000090
:100070000000000000000000000000000000000080
:100080000000000000000000000000000000000070
:100090000000000000000000000000000000000060
:1000A0000000000000000000000000000000000050
:1000B0000000000000000000000000000000000040
:1000C0000000000000000000000000000000000030
:1000D0000000000000000000000000000000000020
:1000E0000000000000000000000000000000000010
:1000F0000000000000000000000000000000000000
:1001000000000000000000000000000000000000EF
:1001100000000000000000000000000000000000DF
:1001200000000000000000000000000000000000CF
:1001300000000000000000000000000000000000BF
:1001400000000000000000000000000000000000AF
:10015000000000000000000000000000000000009F
:1001600000000000000000000000A1BBBBBBBBBB47
:10017000BBBBBBBBBBBBBBBBBBBBBBBBAB0100000F
:100180000000E1FFFFFFFFFFFFFFFFFFFFFFFFFF9B
:10019000FFFFFFFFEF0100000000D1FFFFFFFFFFA7
:1001A000FFFFFFFFFFFFFFFFFFFFFFFFDF0100007B
:1001B0000000D1FFFFFFFFFFFFFFFFFFFFFFFFFF7B
:1001C000FFFFFFFFDF0100000000D1FFFFFFFFFF87
:1001D000FFFFFFFFFFFFFFFFFFFFFFFFDF0100004B
:1001E0000000D1FFFFFFFFFFFFFFFFFFFFFFFFFF4B
:1001F000FFFFFFFFDF0100000000D1FFFFFFFFFF57
:10020000FFFFFFFFFFFFFFFFFFFFFFFFDF0100001A
:100210000000D1FFFFFFFFFFFFFFFFFFFFFFFFFF1A
:10022000FFFFFFFFDF0100000000D1FFFFFFFFFF26
:10023000FFFFFFFFFFFFFFFFFFFFFFFFDF010000EA
:100240000000D1FFFFFFFFFFFFFFFFFFFFFFFFFFEA
:10025000FFFFFFFFDF0100000000D1FFFFFFFFFFF6
:10026000FFFFFFFFFFFFFFFFFFFFFFFFDF010000BA
:100270000000D1FFFFFFFFFFFFFFFFFFFFFFFFFFBA
:10028000FFFFFFFFEF0100000000E1FFFFFFFFFFA6
:10029000FFFFFFFFFFFFFFFFFFFFFFFFBF000000AB
:1002A000000030444444444444444444444444FAF4
:1002B000FFFFFFFF6F0000000000000000000000D3
:1002C00000000000000000FDFFFFFFFF2E00000007
:1002D000000000000000000000000000000050FFCF
:1002E000FFFFFFFF0A000000000000000000000008
:1002F000000000000000A0FFFFFFFFFF050000005E
:100300000000000000000000000000000000E1FF0D
:10031000FFFFFFEF010000000000000000000000F0
:10032000000000000000F6FFFFFFFF9F000000003C
:100330000000000000000000000000000000FBFFC3
:10034000FFFFFF4F00000000000000000000000061
:10035000000000000020FEFFFFFFFF1D0000000066
:100360000000000000000000000000000070FFFF1F
:10037000FFFFFF0800000000000000000000000078
:100380000000000000C0FFFFFFFFFF0300000000AF
:1003900000000000000000000000000000F3FFFF6C
:1003A000FFFFCF0000000000000000000000000080
:1003B0000000000000F8FFFFFFFF7F0000000000CA
:1003C00000000000000000000000000000FDFFFF32
:1003D000FFFF2F00000000000000000000000000F0
:1003E0000000000040FFFFFFFFFF0B0000000000C7
:1003F00000000000000000000000000090FFFFFF70
:10040000FFFF0600000000000000000000000000E8
:1004100000000000E1FFFFFFFFEF0200000000000E
:10042000000000000000000000000000F5FFFFFFDA
:10043000FFAF00000000000000000000000000000E
:1004400000000000FAFFFFFFFF5F00000000000057
:10045000000000000000000000000020FEFFFFFF81
:10046000FF1E00000000000000000000000000006F
:1004700000000060FFFFFFFFFF0900000000000018
:100480000000000000000000000000C0FFFFFFFFB0
:10049000FF04000000000000000000000000000059
:1004A000000000F3FFFFFFFFDF010000000000007D
:1004B0000000000000000000000000F8FFFFFFFF48
:1004C0008F0000000000000000000000000000009D
:1004D000000000FDFFFFFFFF3F00000000000000E4
:1004E0000000000000000000000040FFFFFFFFFFD1
:1004F0000C000000000000000000000000000000F0
:10050000000090FFFFFFFFFF070000000000000059
:1005100000000000000000000000D1FFFFFFFFFF0F
:1005200002000000000000000000000000000000C9
:100530000000F5FFFFFFFFBF00000000000000000B
:1005400000000000000000000000FAFFFFFFFF6F46
:10055000000000000000000000000000000000009B
:100560000010FEFFFFFFFF2E000000000000000053
:1005700000000000000000000060FFFFFFFFFF0A16
:10058000000000000000000000000000000000006B
:1005900000B0FFFFFFFFFF050000000000000000AB
:1005A000000000000000000000F2FFFFFFFFEF016D
:1005B000000000000000000000000000000000003B
:1005C00000F7FFFFFFFF9F00000000000000000099
:1005D000000000000000000000FCFFFFFFFF4F00D4
:1005E000000000000000000000000000000000000B
:1005F00030FFFFFFFFFF1D000000000000000000B3
:10060000000000000000000080FFFFFFFFFF080067
:1006100000000000000000000000000000000000DA
:10062000D1FFFFFFFFFF03000000000000000000FB
:100630000000000000000000F4FFFFFFFFCF0000FB
:1006400000000000000000000000000000000000AA
:10065000FAFFFFFFFF7F0000000000000000000025
:100660000000000000000010FEFFFFFFFF2F000051
:10067000000000000000000000000000000000601A
:10068000FFFFFFFFFF0B0000000000000000000064
:1006900000000000000000B0FFFFFFFFFF060000A9
:1006A000000000000000000000000000000000F258
:1006B000FFFFFFFFEF02000000000000000000004D
:1006C00000000000000000F7FFFFFFFFAF00000088
:1006D000000000000000000000000000000000FC1E
:1006E000FFFFFFFF5F0000000000000000000000AF
:1006F00000000000000030FFFFFFFFFF1E000000B1
:10070000000000000000000000000000000080FF6A
:10071000FFFFFFFF090000000000000000000000D4
:10072000000000000000D0FFFFFFFFFF04000000FA
:100730000000000000000000000000000000F4FFC6
:10074000FFFFFFDF010000000000000000000000CC
:10075000000000000000F9FFFFFFFF8F0000000015
:100760000000000000000000000000000010FEFF7C
:10077000FFFFFF3F0000000000000000000000003D
:10078000000000000050FFFFFFFFFF0C0000000012
:1007900000000000000000000000000000A0FFFFBB
:1007A000FFFFFF0700000000000000000000000045
:1007B0000000000000E2FFFFFFFFFF02000000005A
:1007C00000000000000000000000000000F6FFFF35
:1007D000FFFFBF000000000000000000000000005C
:1007E0000000000000FBFFFFFFFF6F0000000000A3
:1007F00000000000000000000000000030FFFFFFCC
:10080000FFFF2F00000000000000000000000000BB
:100810000000000050BBBBBBBBBB080000000000D9
:1008200000000000000000000000000000000000C8
:1008300000000000000000000000000000000000B8
:1008400000000000000000000000000000000000A8
:100850000000000000000000000000000000000098
:100860000000000000000000000000000000000088
:100870000000000000000000000000000000000078
:100880000000000000000000000000000000000068
:100890000000000000000000000000000000000058
:1008A0000000000000000000000000000000000048
:1008B0000000000000000000000000000000000038
:1008C0000000000000000000000000000000000028
:1008D0000000000000000000000000000000000018
:1008E0000000000000000000000000000000000008
:1008F00000000000000000000000000000000000F8
:1009000000000000000000000000000000000000E7
:1009100000000000000000000000000000000000D7
:1009200000000000000000000000000000000000C7
:1009300000000000000000000000000000000000B7
:1009400000000000000000000000000000000000A7
:100950000000000000000000000000000000000097
:100960000000000000000000000000000000000087
:100970000000000000000000000000000000000077
:100980000000000000000000000000000000000067
:100990000000000000000000000000000000000057
:1009A0000000000000000000000000000000000047
:1009B0000000000000000000000000000000000037
:1009C0000000000000000000000000000000000027
:1009D0000000000000000000000000000000000017
:1009E0000000000000000000000000000000000007
:1009F00000000000000000000000000000000000F7
:100A000000000000000000000000000000000000E6
:100A100000000000000000000000000000000000D6
:100A200000000000000000000000000000000000C6
:100A300000000000000000000000000000000000B6
:100A40000000001111000000000000000000000084
:100A500000000000000000002096DBEEDEBC590222
:100A60000000000000000000000000000000004046
:100A7000EBFFFFFFFFFFFFBE0500000000000000CE
:100A800000000000000030FBFFFFFFFFFFFFFFFF43
:100A9000CF04000000000000000000000000F7FF8D
:100AA000FFFFFFFFFFFFFFFFFF8F000000000000C0
:100AB000000000000080FFFFFFFFFFFFFFFFFFFFC0
:100AC000FFFF0900000000000000000000F8FFFF29
:100AD000FFFFFFFFFFFFFFFFFFFF9F000000000081
:100AE0000000000050FFFFFFFFFFFFFFFFFFFFFFC1
:100AF000FFFFFF060000000000000000E1FFFFFF15
:100B0000FFFFFFFFFFFFFFFFFFFFFF1E00000000D2
:100B100000000000F9FFFFFFFFFFFFFFFFFFFFFFE7
:100B2000FFFFFF8F0000000000000020FFFFFFFF1D
:100B3000FFFFFFFFFFFFFFFFFFFFFFEF01000000D0
:100B400000000080FFFFFFFFFFEF7A4564D9FFFF41
:100B5000FFFFFFFF05000000000000D0FFFFFFFFC8
:100B6000FF2900000000E5FFFFFFFFFF0A00000073
:100B7000000000F3FFFFFFFF7F000000000020FEE9
:100B8000FFFFFFFF0D000000000000F7FFFFFFFF69
:100B90000A000000000000F5FFFFFFFF2E0000002C
:100BA000000000FAFFFFFFFF03000000000000C08C
:100BB000FFFFFFFF3F000000000000FCFFFFFFDF22
:100BC0000000000000000080FFFFFFFF4F0000005A
:100BD000000000FDFFFFFFBF0000000000000060FC
:100BE000FFFFFFFF4F000000000010FEFFFFFFAF00
:100BF0000000000000000050FFFFFFFF4F0000005A
:100C0000000010FEFFFFFFAF0000000000000060CA
:100C1000FFFFFFFF3F000000000010FEFFFFFFBFCF
:100C20000000000000000070FFFFFFFF2F00000029
:100C3000000010FDFFFFFFEF01000000000000A01A
:100C4000FFFFFFFF1E000000000000FDFFFFFFFF91
:100C500004000000000000D1FFFFFFFF0C000000B7
:100C6000000000FBFFFFFFFF0B000000000000F48E
:100C7000FFFFFFFF09000000000000F9FFFFFFFF7A
:100C80005F000000000000FBFFFFFFFF0500000009
:100C9000000000F6FFFFFFFFEF030000000050FF21
:100CA000FFFFFFEF01000000000000F2FFFFFFFF69
:100CB000FF2D00000000D1FFFFFFFF9F000000009C
:100CC000000000B0FFFFFFFFFFDF04000000FBFF9C
:100CD000FFFFFF3F0000000000000060FFFFFFFF7C
:100CE000FFFF6F0000A0FFFFFFFFFF0B00000000F1
:100CF00000000010FDFFFFFFFFFFFF2A10FBFFFFBA
:100D0000FFFFFF030000000000000000F6FFFFFFF0
:100D1000FFFFFFEFD7FFFFFFFFFF8F000000000086
:100D200000000000C0FFFFFFFFFFFFFFFFFFFFFF0E
:100D3000FFFF0B00000000000000000020FEFFFF8E
:100D4000FFFFFFFFFFFFFFFFFFDF010000000000CC
:100D50000000000000F5FFFFFFFFFFFFFFFFFFFFA8
:100D6000FF2D000000000000000000000070FFFFE9
:100D7000FFFFFFFFFFFFFFFFDF020000000000009A
:100D8000000000000000F7FFFFFFFFFFFFFFFFFF75
:100D90001C0000000000000000000000000060FED9
:100DA000FFFFFFFFFFFFFFFF5D00000000000000EE
:100DB00000000000000000F7FFFFFFFFFFFFFFFF44
:100DC000FF0700000000000000000000000060FEBF
:100DD000FFFFFFFFFFFFFFFFFF8F0000000000008D
:100DE000000000000000F7FFFFFFFFFFFFFFFFFF15
:100DF000FFFF090000000000000000000080FFFF6E
:100E0000FFFFFFFFFFFFFFFFFFFF7F00000000006D
:100E10000000000000F7FFFFFFFFFFFFFFFFFFFFE5
:100E2000FFFFFF04000000000000000050FFFFFF74
:100E3000FFFFFFFEFFFFFFFFFFFFFF1D00000000A1
:100E400000000000E2FFFFFFFFFF9F71FFFFFFFFB9
:100E5000FFFFFF8F0000000000000000FBFFFFFF0E
:100E6000FFFF0700C3FFFFFFFFFFFFEF02000000CF
:100E700000000050FFFFFFFFFF6F000010F9FFFFB1
:100E8000FFFFFFFF08000000000000C0FFFFFFFFA2
:100E9000FF0600000070FFFFFFFFFFFF1D000000C6
:100EA000000000F5FFFFFFFF9F0000000000F6FFBD
:100EB000FFFFFFFF4F000000000000FAFFFFFFFFF1
:100EC0001D000000000070FFFFFFFFFF8F0000000B
:100ED000000010FEFFFFFFFF06000000000000FA08
:100EE000FFFFFFFFCF000000000050FFFFFFFFDF0C
:100EF00001000000000000E2FFFFFFFFEF01000023
:100F0000000090FFFFFFFF8F000000000000008046
:100F1000FFFFFFFFFF0300000000B0FFFFFFFF4FD8
:100F20000000000000000030FFFFFFFFFF04000092
:100F30000000D0FFFFFFFF2E0000000000000000B7
:100F4000FDFFFFFFFF0500000000E1FFFFFFFF1DA9
:100F50000000000000000000FBFFFFFFFF05000095
:100F60000000F2FFFFFFFF0D000000000000000086
:100F7000FAFFFFFFFF0500000000F2FFFFFFFF0D7B
:100F80000000000000000000FAFFFFFFFF05000066
:100F90000000F2FFFFFFFF1E000000000000000045
:100FA000FBFFFFFFFF0400000000E2FFFFFFFF3F29
:100FB0000000000000000010FDFFFFFFFF03000025
:100FC0000000E1FFFFFFFF7F000000000000004085
:100FD000FFFFFFFFEF0100000000C0FFFFFFFFDF8A
:100FE00000000000000000A0FFFFFFFFCF00000096
:100FF0000000A0FFFFFFFFFF09000000000000F558
:10100000FFFFFFFF9F000000000070FFFFFFFFFFDA
:101010008F000000000050FFFFFFFFFF5F00000097
:10102000000030FFFFFFFFFFFF4C01000030FAFF20
:10103000FFFFFFFF1E000000000000FDFFFFFFFF9D
:10104000FFFFAD88A8FCFFFFFFFFFFFF08000000C7
:10105000000000F7FFFFFFFFFFFFFFFFFFFFFFFFA5
:10106000FFFFFFEF02000000000000E1FFFFFFFFB5
:10107000FFFFFFFFFFFFFFFFFFFFFF8F00000000EC
:1010800000000060FFFFFFFFFFFFFFFFFFFFFFFF0C
:10109000FFFFFF1D0000000000000000FBFFFFFF3E
:1010A000FFFFFFFFFFFFFFFFFFFFFF030000000048
:1010B00000000000C1FFFFFFFFFFFFFFFFFFFFFF7A
:1010C000FFFF5F00000000000000000020FCFFFFA9
:1010D000FFFFFFFFFFFFFFFFFFEF05000000000025
:1010E0000000000000A1FFFFFFFFFFFFFFFFFFFF69
:1010F000FF3C000000000000000000000000C5FFF1
:10110000FFFFFFFFFFFFFFFF7E0100000000000068
:1011100000000000000000B5FFFFFFFFFFFFFF7CA5
:1011200001000000000000000000000000000000BE
:1011300052B9DCEEDE9C360000000000000000002A
:10114000000000000000000000001011010000007D
:10115000000000000000000000000000000000008F
:10116000000000000000000000000000000000007F
:10117000000000000000000000000000000000006F
:10118000000000000000000000000000000000005F
:10119000000000000000000000000000000000004F
:1011A000000000000000000000000000000000003F
:1011B000000000000000000000000000000000002F
:1011C000000000000000000000000000000000001F
:1011D000000000000000000000000000000000000F
:1011E00000000000000000000000000000000000FF
:1011F00000000000000000000000000000000000EF
:1012000000000000000000000000000000000000DE
:1012100000000000000000000000000000000000CE
:1012200000000000000000000000000000000000BE
:1012300000000000000000000000000000000000AE
:10124000000000000000000000000000000000009E
:10125000000000000000000000000000000000008E
:10126000000000000000000000000000000000007E
:10127000000000000000000000000000000000006E
:10128000000000000000000000000000000000005E
:10129000000000000000000000000000000000004E
:1012A000000000000000000000000000000000003E
:1012B000000000000000000000000000000000002E
:1012C000000000000000000000000000000000001E
:1012D000000000000000000000000000000000000E
:1012E00000000000000000000000000000000000FE
:1012F00000000000000000000000000000000000EE
:1013000000000000000000000000000000000000DD
:1013100000000000000000000000000000000000CD
:1013200000000000000000000000000000000000BD
:1013300000000000000000000000000000000000AD
:10134000000010110100000000000000000000007B
:10135000000000000000000030A7DCEECD7A0400A1
:10136000000000000000000000000000000000601D
:10137000FCFFFFFFFFFFDF17000000000000000080
:1013800000000000000050FCFFFFFFFFFFFFFFEF29
:101390000600000000000000000000000000F9FF4F
:1013A000FFFFFFFFFFFFFFFFAF0000000000000096
:1013B0000000000000B1FFFFFFFFFFFFFFFFFFFF86
:1013C000FF0B0000000000000000000010FCFFFF09
:1013D000FFFFFFFFFFFFFFFFFFAF00000000000067
:1013E00000000000B0FFFFFFFFFFFFFFFFFFFFFF58
:1013F000FFFF07000000000000000000F9FFFFFFF2
:10140000FFFFFFFFFFFFFFFFFFFF3F0000000000A7
:1014100000000040FFFFFFFFFFFFFFFFFFFFFFFF98
:10142000FFFFBF0000000000000000D1FFFFFFFF32
:10143000FFFFFFFFFFFFFFFFFFFFFF0400000000B3
:10144000000000F6FFFFFFFFFFFFFFFFFFFFFFFFB2
:10145000FFFFFF0B00000000000000FDFFFFFFFF8B
:10146000FFDF5854C7FFFFFFFFFFFF2F0000000002
:10147000000050FFFFFFFFFFFF17000000E5FFFF28
:10148000FFFFFF8F000000000000A0FFFFFFFFFF35
:101490005F0000000030FEFFFFFFFFCF00000000F4
:1014A0000000E1FFFFFFFFFF060000000000F5FF66
:1014B000FFFFFFFF030000000000F5FFFFFFFFBF7D
:1014C000000000000000B0FFFFFFFFFF070000006A
:1014D0000000F8FFFFFFFF4F00000000000040FF8A
:1014E000FFFFFFFF0A0000000000FBFFFFFFFF0DF2
:1014F00000000000000000FDFFFFFFFF0D000000E6
:101500000010FDFFFFFFFF0900000000000000F9D0
:10151000FFFFFFFF2F0000000020FEFFFFFFFF0581
:1015200000000000000000F5FFFFFFFF5F0000006B
:101530000030FFFFFFFFFF0300000000000000F28B
:10154000FFFFFFFF7F0000000040FFFFFFFFFF02E3
:1015500000000000000000D1FFFFFFFF9F0000001F
:101560000050FFFFFFFFEF0100000000000000C07F
:10157000FFFFFFFFBF0000000050FFFFFFFFEF0174
:1015800000000000000000A0FFFFFFFFCF000000F0
:101590000050FFFFFFFFEF0100000000000000907F
:1015A000FFFFFFFFDF0100000050FFFFFFFFFF0212
:1015B0000000000000000070FFFFFFFFEF010000CF
:1015C0000040FFFFFFFFFF0300000000000000607D
:1015D000FFFFFFFFFF0200000030FFFFFFFFFF06DD
:1015E0000000000000000060FFFFFFFFFF0300009D
:1015F0000020FFFFFFFFFF09000000000000005077
:10160000FFFFFFFFFF0300000010FEFFFFFFFF0DC5
:101610000000000000000050FFFFFFFFFF0300007C
:101620000000FCFFFFFFFF5F000000000000004023
:10163000FFFFFFFFFF0400000000FAFFFFFFFFDFD6
:101640000100000000000091FFFFFFFFFF04000009
:101650000000F7FFFFFFFFFF1B000000000050FC31
:10166000FFFFFFFFFF0400000000F3FFFFFFFFFF8D
:10167000CF0400000051FBFFFFFFFFFFFF0400004D
:101680000000D0FFFFFFFFFFFFBF5754A7FEFFFF83
:10169000FFFFFFFFFF040000000080FFFFFFFFFFD0
:1016A000FFFFFFFFFFFFFFFFFFFFFFFFFF04000043
:1016B000000020FFFFFFFFFFFFFFFFFFFFFFFFFF17
:1016C000FFFFFFFFFF030000000000FAFFFFFFFF26
:1016D000FFFFFFFFFFFFFFFFFFFFFFFFFF03000014
:1016E000000000F2FFFFFFFFFFFFFFFFFFFFFFFF14
:1016F000FFFFFFFFFF03000000000070FFFFFFFF80
:10170000FFFFFFFFFFFFFFFFFFFFFFFFFF020000E4
:1017100000000000FAFFFFFFFFFFFFFFFFFFFFFFDA
:10172000FFFFFFFFEF01000000000000B0FFFFFF20
:10173000FFFFFFFFFFFFFFFFFFFFFFFFDF010000D5
:101740000000000000F9FFFFFFFFFFFFFFFFFFEFBA
:10175000FFFFFFFFCF000000000000000050FDFF72
:10176000FFFFFFFFFFFFBF94FFFFFFFFBF00000071
:1017700000000000000051EBFFFFFFFFFF9D04A0F1
:10178000FFFFFFFF9F00000000000000000000209E
:1017900075A9BB8A360000B0FFFFFFFF8F00000075
:1017A000000000000000000000000000000000D069
:1017B000FFFFFFFF6F0000000000000000000000BE
:1017C00000000000000000E1FFFFFFFF3F000000FD
:1017D000000000000000000000000000000000F316
:1017E000FFFFFFFF1E0000000000000000000000DF
:1017F00000000000000000F6FFFFFFFF0C000000EB
:10180000000000000000000000000000000000FADE
:10181000FFFFFFFF090000000000000000000000C3
:1018200000000000000000FDFFFFFFFF06000000B9
:10183000000000000000000000000000000040FF69
:10184000FFFFFFFF0200000000000000000000009A
:10185000000000000000A0FFFFFFFFCF000000001D
:101860000000000000000000000000000000F3FF86
:10187000FFFFFF8F000000000000000000000000DC
:10188000000000000000FBFFFFFFFF4F0000000012
:101890000000000000000000000000000080FFFFCA
:1018A000FFFFFF0D0000000000000000000000002E
:1018B0000000000000F7FFFFFFFFFF07000000002F
:1018C000000000000000000000000000A2FFFFFF79
:1018D000FFFFEF0200000000000000000000000019
:1018E00000000072FEFFFFFFFFFF9F0000000000EE
:1018F00000000000000000000031A6FEFFFFFFFF17
:10190000FFFF2E0000000000000000B2BBBBBBBB0D
:10191000DCFEFFFFFFFFFFFFFFFF080000000000ED
:10192000000000F3FFFFFFFFFFFFFFFFFFFFFFFFD0
:10193000FFDF010000000000000000F3FFFFFFFFD9
:10194000FFFFFFFFFFFFFFFFFF3F00000000000061
:10195000000000F3FFFFFFFFFFFFFFFFFFFFFFFFA0
:10196000FF06000000000000000000F3FFFFFFFF83
:10197000FFFFFFFFFFFFFFFF8F00000000000000E0
:10198000000000F3FFFFFFFFFFFFFFFFFFFFFFFF70
:101990000800000000000000000000F3FFFFFFFF50
:1019A000FFFFFFFFFFFFFF6F0000000000000000CF
:1019B000000000F3FFFFFFFFFFFFFFFFFFFFCF036C
:1019C0000000000000000000000000F3FFFFFFFF28
:1019D000FFFFFFFFFFEF0700000000000000000016
:1019E000000000F3FFFFFFFFFFFFFFFFCF17000026
:1019F0000000000000000000000000F3FFFFFFFFF8
:101A0000FFFFEF8B0300000000000000000000005B
:101A1000000000B2BBBBBBAB895713000000000045
:101A200000000000000000000000000000000000B6
:101A300000000000000000000000000000000000A6
:101A40000000000000000000000000000000000096
:101A50000000000000000000000000000000000086
:101A60000000000000000000000000000000000076
:101A70000000000000000000000000000000000066
:101A80000000000000000000000000000000000056
:101A90000000000000000000000000000000000046
:101AA0000000000000000000000000000000000036
:101AB0000000000000000000000000000000000026
:101AC0000000000000000000000000000000000016
:101AD0000000000000000000000000000000000006
:101AE00000000000000000000000000000000000F6
:101AF00000000000000000000000000000000000E6
:101B000000000000000000000000000000000000D5
:101B100000000000000000000000000000000000C5
:101B200000000000000000000000000000000000B5
:101B300000000000000000000000000000000000A5
:101B40000000000000000000000000000000000095
:101B50000000000000000000000000000000000085
:101B60000000000000000000000000000000000075
:101B70000000000000000000000000000000000065
:101B80000000000000000000000000000000000055
:101B90000000000000000000000000000000000045
:101BA0000000000000000000000000000000000035
:101BB0000000000000000000000000000000000025
:101BC0000000000000000000000000000000000015
:101BD0000000000000000000000000000000000005
:101BE00000000000000000000000000000000000F5
:101BF00000000000000000000000000000000000E5
:101C000000000000000000000000000000000000D4
:101C100000000000000000000000000000000000C4
:101C200000000000000000000000000000000000B4
:101C300000000000000000000000000000000000A4
:101C40000000000000000000000000000000000094
:101C50000000000000000000000000000000000084
:101C60000000000000000000000000000000000074
:101C70000000000000000000000000000000000064
:101C80000000000000000000000000000000000054
:101C90000000000000000000000000000000000044
:101CA0000000000000000000000000000000000034
:101CB0000000000000000000000000000000000024
:101CC0000000000000000000000000000000000014
:101CD0000000000000000000000000000000000004
:101CE00000000000000000000000000000000000F4
:101CF00000000000000000000000000000000000E4
:101D000000000000000000000000000000000000D3
:101D100000000000000000000000000000000000C3
:101D200000000000000000000000000000000000B3
:101D300000000000000000000000000000000000A3
:101D40000000000000000000000000000000000093
:101D50000000000000000000000000000000000083
:101D60000000000000000000000000000000000073
:101D70000000000000000000000000000000000063
:101D80000000000000000000000000000000000053
:101D90000000000000000000000000000000000043
:101DA0000000000000000000000000000000000033
:101DB0000000000000000000000000000000000023
:101DC0000000000000000000000000000000000013
:101DD0000000000000000000000000000000000003
:101DE00000000000000000000000000000000000F3
:101DF00000000000000000000000000000000000E3
:101E000000000000000000000000000000000000D2
:101E100000000000000000000000000000000000C2
:101E200000000000000000000000000000000000B2
:101E300000000000000000000000000000000000A2
:101E40000000000000000000000000000000000092
:101E50000000000000000000000000000000000082
:101E60000000000000000000000000000000000072
:101E70000000000000000000000000000000000062
:101E80000000000000000000000000000000000052
:101E90000000000000000000000000000000000042
:101EA0000000000000000000000000000000000032
:101EB0000000000000000000000000000000000022
:101EC0000000000000000000000000000000000012
:101ED0000000000000000000000000000000000002
:101EE00000000000000000000000000000000000F2
:101EF00000000000000000000000000000000000E2
:101F000000000000000000000000000000000000D1
:101F100000000000000000000000000000000000C1
:101F200000000000000000000000000000000000B1
:101F300000000000000000000000000000000000A1
:101F40000000000000000000000000000000000091
:101F50000000000000000000000000000000000081
:101F60000000000000000000000000000000000071
:101F70000000000000000000000000000000000061
:101F80000000000000000000000000000000000051
:101F90000000000000000000000000000000000041
:101FA0000000000000000000000000000000000031
:101FB0000000000000000000000000000000000021
:101FC00000000000000000000000000000A1BBBBFA
:101FD000BBBBBBBBBBBBBBBBBBBB030000000000B0
:101FE0000000000000F1FFFFFFFFFFFFFFFFFFFF0A
:101FF000FFFF0400000000000000000000E1FFFF00
:10200000FFFFFFFFFFFFFFFFFFFF040000000000D6
:102010000000000000E1FFFFFFFFFFFFFFFFFFFFE9
:10202000FFFF0400000000000000000000E1FFFFCF
:10203000FFFFFFFFFFFFFFFFFFFF040000000000A6
:102040000000000000E1FFFFFFFFFFFFFFFFFFFFB9
:10205000FFFF0400000000000000000000E1FFFF9F
:10206000FFFFFFFFFFFFFFFFFFFF04000000000076
:102070000000000000E1FFFFFFFFFFFFFFFFFFFF89
:10208000FFFF0400000000000000000000E1FFFF6F
:10209000FFFFFFFFFFFFFFFFFFFF04000000000046
:1020A0000000000000E1FFFFFFFFFFFFFFFFFFFF59
:1020B000FFFF0400000000000000000000E1FFFF3F
:1020C000FFFFFFFFFFFFFFFFFFFF04000000000016
:1020D0000000000000D1EEEEEEEEEEEEEEEEEEEEE3
:1020E000EEEE0400000000000000000000101111DE
:1020F0001111111111111111111100000000000036
:1021000000000000000000000000000000000000CF
:1021100000000000000000000000000000000000BF
:1021200000000000000000000000000000000000AF
:10213000000000000000000000000000000000009F
:10214000000000000000000000000000000000008F
:10215000000000000000000000000000000000007F
:10216000000000000000000000000000000000006F
:10217000000000000000000000000000000000005F
:10218000000000000000000000000000000000004F
:10219000000000000000000000000000000000003F
:1021A000000000000000000000000000000000002F
:1021B000000000000000000000000000000000001F
:1021C000000000000000000000000000000000000F
:1021D00000000000000000000000000000000000FF
:1021E00000000000000000000000000000000000EF
:1021F00000000000000000000000000000000000DF
:1022000000000000000000000000000000000000CE
:1022100000000000000000000000000000000000BE
:1022200000000000000000000000000000000000AE
:10223000000000000000000000000000000000009E
:10224000000000000000000000000000000000008E
:10225000000000000000000000000000000000007E
:10226000000000000000000000000000000000006E
:10227000000000000000000000000000000000005E
:10228000000000000000000000000000000000004E
:10229000000000000000000000000000000000003E
:1022A000000000000000000000000000000000002E
:1022B000000000000000000000000000000000001E
:1022C000000000000000000000000000000000000E
:1022D00000000000000000000000000000000000FE
:1022E00000000000000000000000000000000000EE
:1022F00000000000000000000000000000000000DE
:1023000000000000000000000000000000000000CD
:1023100000000000000000000000000000000000BD
:1023200000000000000000000000000000000000AD
:10233000000000000000000000000000000000009D
:10234000000000000000000000000000000000008D
:10235000000000000000000000000000000000007D
:10236000000000000000000000000000000000006D
:10237000000000000000000000000000000000005D
:10238000000000000000000000000000000000004D
:10239000000000000000000000000000000000003D
:1023A000000000000000000000000000000000002D
:1023B000000000000000000000000000000000001D
:1023C000000000000000000000000000000000000D
:1023D00000000000000000000000000000000000FD
:1023E00000000000000000000000000000000000ED
:1023F00000000000000000000000000000000000DD
:1024000000000000000000000000000000000000CC
:1024100000000000000000000000000000000000BC
:1024200000000000000000000000000000000000AC
:10243000000000000000000000000000000000009C
:10244000000000000000000000000000000000008C
:10245000000000000000000000000000000000007C
:10246000000000000000000000000000000000006C
:10247000000000000000000000000000000000005C
:10248000000000000000000000000000000000004C
:10249000000000000000000000000000000000003C
:1024A000000000000000000000000000000000002C
:1024B000000000000000000000000000000000001C
:1024C000000000000000000000000000000000000C
:1024D00000000000000000000000000000000000FC
:1024E00000000000000000000000000000000000EC
:1024F00000000000000000000000000000000000DC
:1025000000000000000000000000000000000000CB
:1025100000000000000000000000000000000000BB
:1025200000000000000000000000000000000000AB
:10253000000000000000000000000000000000009B
:10254000000000000000000000000000000000008B
:10255000000000000000000000000000000000007B
:10256000000000000000000000000000000000006B
:10257000000000000000000000000000000000005B
:10258000000000000000000000000000000000004B
:10259000000000000000000000000000000000003B
:1025A000000000000000000000000000000000002B
:1025B000000000000000000000000000000000001B
:1025C000000000000000000000000000000000000B
:1025D00000000000000000000000000000000000FB
:1025E00000000000000000000000000000000000EB
:1025F00000000000000000000000000000000000DB
:1026000000000000000000000000000000000000CA
:1026100000000000000000000000000000000000BA
:1026200000000000000000000000000000000000AA
:10263000000000000000000000000000000000009A
:10264000000000000000000000000000000000008A
:10265000000000000000000000000000000000007A
:10266000000000000000000000000000000000006A
:10267000000000000000000000000000000000005A
:10268000000000000000000000000000000000004A
:10269000000000000000000000000000000000003A
:1026A000000000000000000000000000000000002A
:1026B000000000000000000000000000000000001A
:1026C000000000000000000000000000000000000A
:1026D00000000000000000000000000000000000FA
:1026E00000000000000000000000000000000000EA
:1026F00000000000000000000000000000000000DA
:1027000000000000000000000000000000000000C9
:1027100000000000000000000000000000000000B9
:1027200000000000000000000000000000000000A9
:102730000000000000000000000000000000000099
:102740000000000000000000000000000000000089
:102750000000000000000000000000000000000079
:102760000000000000000000000000000000000069
:102770000000000000000000000000000000000059
:102780000000000000000000000000000000000049
:102790000000000000000000000000000000000039
:1027A0000000000000000000000000000000000029
:1027B0000000000000000000000000000000000019
:1027C0000000000000000000000000000000000009
:1027D00000000000000000000000000000000000F9
:1027E00000000000000000000000000000000000E9
:1027F00000000000000000000000000000000000D9
:1028000000000000000000000000000000000000C8
:1028100000000000000000000000000000000000B8
:1028200000000000000000000000000000000000A8
:102830000000000000000000000000000000000098
:102840000000000000000000000000000000000088
:102850000000000000000000000000000000000078
:102860000000000000000000000000000000000068
:102870000000000000000000000000000000000058
:102880000000000000000000000000000000000048
:102890000000000000000000000000000000000038
:1028A0000000000000000000000000000000000028
:1028B0000000000000000000000000000000000018
:1028C0000000000000000000000000000000000008
:1028D00000000000000000000000000000000000F8
:1028E00000000000000000000000000000000000E8
:1028F00000000000000000000000000000000000D8
:1029000000000000000000000000000000000000C7
:1029100000000000000000000000000000000000B7
:1029200000000000000000000000000000000000A7
:102930000000000000000000000000000000000097
:102940000000000000000000000000000000000087
:102950000000000000000000000000000000000077
:102960000000000000000000000000000000000067
:102970000000000000000000000000000000000057
:102980000000000000000000000000000000000047
:102990000000000000000000000000000000000037
:1029A0000000000000000000000000000000000027
:1029B0000000000000000000000000000000000017
:1029C0000000000000000000000000000000000007
:1029D00000000000000000000000000000000000F7
:1029E00000000000000000000000000000000000E7
:1029F00000000000000000000000000000000000D7
:102A000000000000000000000000000000000000C6
:102A100000000000000000000000000000000000B6
:102A200000000000000000000000000000000000A6
:102A30000000000000000000000000000000000096
:102A40000000000000000000000000000000000086
:102A50000000000000000000000000000000000076
:102A60000000000000000000000000000000000066
:102A70000000000000000000000000000000000056
:102A80000000000000000000000000000000000046
:102A90000000000000000000000000000000000036
:102AA0000000000000000000000000000000000026
:102AB0000000000000000000000000000000000016
:102AC0000000000000000000000000000000000006
:102AD00000000000000000000000000000000000F6
:102AE00000000000000000000000000000000000E6
:102AF00000000000000000000000000000000000D6
:102B000000000000000000000000000000000000C5
:102B100000000000000000000000000000000000B5
:102B200000000000000000000000000000000000A5
:102B30000000000000000000000000000000000095
:102B40000000000000000000000000000000000085
:102B50000000000000000000000000000000000075
:102B60000000000000000000000000000000000065
:102B70000000000000000000000000000000000055
:102B80000000000000000000000000000000000045
:102B90000000000000000000000000000000000035
:102BA0000000000000000000000000000000000025
:102BB0000000000000000000000000000000000015
:102BC0000000000000000000000000000000000005
:102BD00000000000000000000000000000000000F5
:102BE00000000000000000000000000000000000E5
:102BF00000000000000000000000000000000000D5
:102C000000000000000000000000000000000000C4
:102C100000000000000000000000000000000000B4
:102C200000000000000000000000000000000000A4
:102C30000000000000000000000000000000000094
:102C40000000000000000000000000000000000084
:102C50000000000000000000000000000000000074
:102C60000000000000000000000000000000000064
:102C70000000000000000000000000000000000054
:102C80000000000000000000000000000000000044
:102C90000000000000000000000000000000000034
:102CA0000000000000000000000000000000000024
:102CB0000000000000000000000000000000000014
:102CC0000000000000000000000000000000000004
:102CD00000000000000000000000000000000000F4
:102CE00000000000000000000000000000000000E4
:102CF00000000000000000000000000000000000D4
:102D000000000000000000000000000000000000C3
:102D100000000000000000000000000000000000B3
:102D200000000000000000000000000000000000A3
:102D30000000000000000000000000000000000093
:102D40000000000000000000000000000000000083
:102D50000000000000000000000000000000000073
:102D60000000000000000000000000000000000063
:102D70000000000000000000830083008300830047
:102D8000830083008300830083008300830083002B
:102D9000830083008300830083008300830083001B
:102DA000830083008300830083008300830083000B
:102DB00083008300830083008300830083008300FB
:102DC00083008300830083008300830083008300EB
:102DD000830083008300EC5255A555A5EC52830077
:102DE00083008300830083008300830083008300CB
:102DF00096B5FFFFFFFFFFFFFFFF96B5830083003F
:102E0000830083008300830083000C5BFFFF9AD65E
:102E1000A731E8319AD6FFFFEC528300830083008C
:102E200083008300830055A5FFFF86218300830074
:102E3000A731FFFF55A58300830083008300830033
:102E4000830055A5FFFF862183008300A731FFFF84
:102E500055A58300830083008300830083000C5BFF
:102E6000FFFF9AD68621A7319AD6FFFF0C5B83001D
:102E700083008300830083008300830096B5FFFFF7
:102E8000FFFFFFFFFFFF96B58300830083008300F1
:102E900083008300830083008300EC5255A555A571
:102EA000EC5283008300830083008300830083004F
:102EB00083008300830083008300830083008300FA
:102EC00083008300830083008300830083008300EA
:102ED00083008300830083008300830083008300DA
:102EE00083008300830083008300830083008300CA
:102EF00083008300830083008300830083008300BA
:102F000000000000000000000000000000000000C1
:102F100000000000000000000000000000000000B1
:102F200000000000000000000000000000000000A1
:102F30000000000000000000000000000000000091
:102F40000000000000000000000000000000000081
:102F50000000000000000000000000000000000071
:102F60000000000000000000000000000000000061
:102F70000000000000000000000000000000000051
:102F80000000000000000000000000000000000041
:102F90000000000000000000000000000000000031
:102FA0000000000000000000000000000000000021
:102FB0000000000000000000000000000000000011
:102FC0000000000000000000000000000000000001
:102FD00000000000000000000000000000000000F1
:102FE000000000000000540500000000F80F000081
:102FF0000000F80F00000000F80F00000000F80FBC
:1030000000000000F80F00000000F80F00000000B2
:10301000F80F00000000F80B00000000F80B0000A3
:103020000000F40B00000000F40B00000000F40BA3
:1030300000000000F40B00000000F40B0000000092
:10304000F40B00000000F40B00000000F40B000083
:103050000000A00600000000000000000000900139
:1030600000000000F40B00000000FC1F0000000046
:10307000FC1F00000000F80F00000000E006000048
:103080000000000000000000000000000000000040
:103090000000000000000000000000000000000030
:1030A0000000000000000000000000000000000020
:1030B0000000000000000000000000000050055467
:1030C000010000F41FFC0B0000F41FFC070000F0DF
:1030D0001FFC070000F00FF8070000F00FF80700D2
:1030E00000F00FF8070000E00FF8030000E00FF811
:1030F0000300009006A40100000000000000000092
:1031000000000000000000000000000000000000BF
:1031100000000000000000000000000000000000AF
:10312000000000000000000000000000000000009F
:10313000000000000000000000000000000000008F
:10314000000000000000000000000000000000007F
:10315000000000000000000000000000000000006F
:10316000000000000000000000000000000000005F
:10317000000000000000000000000000000000004F
:10318000000000000000000000000000000000003F
:10319000000000000000000000000000000000002F
:1031A00000401A80090000C02FD01F0000C01FD0AF
:1031B0000F0000C01FE00F0000C01FE00B0000D098
:1031C0001FE00B0080FFFFFFFF0280FFFFFFFF02F9
:1031D00080FFFFFFFF0200E55FF5570100E00BF401
:1031E000070000E00BF4030000F00BF4030000F014
:1031F00007F8030090FAABFEAB00E0FFFFFFFF0013
:10320000E0FFFFFFFF0090F99BFE660000F403FC67
:10321000010000F802FD010000F802FD010000F8C5
:1032200002FD000000FC02FD000000A401590000A6
:10323000000000000000000000000000000000008E
:10324000000000000000000000000000000000007E
:10325000000000000000000000000000000000006E
:103260000000000000000000003F00000000403FA0
:1032700000000000402F00000000946F010000904B
:10328000FFFF1F0000F8FFFF1F0000FDFFFF1F00F2
:1032900000FFD75F090040FFD10B000080FFD00B7B
:1032A000000080FFE10B000040FFE707000000FF87
:1032B000FF07000000FDFF6F000000F4FFFF0200A9
:1032C0000080FFFF1F000000F8FF3F000000F8FA39
:1032D000BF000000F8D1BF000000FC81FF0000002B
:1032E000FC80BF004001FCD0BF00806FFEF97F0072
:1032F00080FFFFFF1F0080FFFFFF070040FEFFBFB2
:1033000001000050BF05000000003F000000004029
:103310003F00000000402F00000000402F00000090
:10332000000000000000000000000000000000009D
:10333000000000000000000000000000000000008D
:103340000000000000540100500100FE1F00F403C3
:1033500080FF7F00FC01D05FBF00BE00E00BBD40DE
:103360003F00E007FDC01F00E007FDE00B00E00BA1
:10337000BDF40300D0AF7FFC010080FF2FBE000032
:1033800000FE4B3F00000050C01F00000000E00B9B
:1033900000000000F40700000000FC010000000035
:1033A000BE901A0000407FFCBF0000C02FFEFF014E
:1033B00000E04F7FF80200F4872FF40300FC822F17
:1033C000F40300FE802FF403407F403FF802C02F3B
:1033D00000FFFE01E00F00FDBF00600600E41B00DF
:1033E00000000000000000000000000000000000DD
:1033F00000000000000000000000000000000000CD
:1034000000000000000000000000000000000000BC
:103410000000000000000000000000000000540058
:1034200000000080FF1B000000F4FFBF000000FC54
:10343000FFFF010000FD47FE020000FE01FD03004A
:1034400000FF00FC030000FF00FC030000FE01FE83
:10345000020000FD83FF010000FCFB7F000000F480
:10346000FF1F000000E0FF02000000F8FF016900FC
:1034700000FEFF03FF0080FFFD0BFF00D07FF42F55
:10348000BF00D02FE0BFBF00E02F80FF7F00E02F04
:1034900000FF3F00E02F00FC2F00D0BF00F82F00FE
:1034A000C0FFAAFFBF0040FFFFFFFF0100FDFF6F4D
:1034B000FE070090BF065406000000000000000058
:1034C00000000000000000000000000000000000FC
:1034D00000000000000000000000000000000000EC
:1034E00000000000000000000000000000000000DC
:1034F000000000000000540500000000F80F00006C
:103500000000F80F00000000F80F00000000F80BAA
:1035100000000000F40B00000000F40B00000000AD
:10352000F40B00000000F40B000000006006000037
:10353000000000000000000000000000000000008B
:10354000000000000000000000000000000000007B
:10355000000000000000000000000000000000006B
:10356000000000000000000000000000000000005B
:10357000000000000000000000000000000000004B
:10358000000000000000000000000000000000003B
:10359000000000000000000000000000000000002B
:1035A000000000000000000000000000000000001B
:1035B000000000000000000000000000000000000B
:1035C000000000000000000000500000000000F4B7
:1035D0000100000000FD0700000040FF02000000A5
:1035E000C0BF00000000E03F00000000F41F00002A
:1035F0000000FC0B00000000FD0300000000FF01C4
:1036000000000040FF0000000080BF00000000C07C
:103610007F00000000C03F00000000D03F0000001D
:1036200000D02F00000000D02F00000000D02F009D
:10363000000000D02F00000000D03F00000000D0AC
:103640003F00000000C07F0000000080BF000000BD
:103650000040FF0000000000FF0100000000FE032A
:1036600000000000FD0700000000F81F000000003F
:10367000F02F00000000D0BF0000000040FF02005B
:10368000000000FE0700000000F80200000000A09B
:10369000000000000000000000000000000000002A
:1036A0000100000000800B00000000F02F0000006F
:1036B00000E0BF0000000080FF0100000000FE07E6
:1036C00000000000FC0B00000000F41F00000000E0
:1036D000E03F00000000C07F0000000080BF00004D
:1036E000000040FF0000000000FF0100000000FE9D
:1036F0000200000000FE0200000000FD02000000C9
:1037000000FD0200000000FD0200000000FD0200BC
:10371000000000FD0200000000FE0200000000FEAC
:103720000100000000FF0000000040BF000000009A
:10373000C07F00000000D03F00000000F01F00002C
:103740000000F80F00000000FD0700000040FF022D
:10375000000000D0BF00000000F02F00000000D0EB
:103760000B0000000040020000000000000000000C
:1037700000000000000000000000000000005001F8
:1037800000000000F00700000000F0070000002427
:10379000F007090000BCE1831F0000FEE7E73F00DF
:1037A00000F9FFFF1B000090FFBF01000000FE2F8B
:1037B000000000D0FFFF020000FDFFFF2F0000FD12
:1037C000E6E32F0000B8F0470F000014F0070500F3
:1037D0000000F00700000000F007000000000000FB
:1037E00000000000000000000000000000000000D9
:1037F00000000000000000000000000000000000C9
:1038000000000000000000000000000000000000B8
:1038100000000000000000000000000000000000A8
:103820000000000000000000000000000000000098
:103830000000000000000000000000000000000088
:103840000000000000000000000000000000000078
:103850000000000000000000000000000000000068
:103860000000000000000000000000000000000058
:103870000000000000000000000000000000000048
:10388000600600000000F40B00000000F40B0000D4
:103890000000F40B00000000F40B00000000F40B2B
:1038A00000000000F40B000080AAFAAFAA00C0FFDD
:1038B000FFFFFF01C0FFFFFFFF0180AAFAAFAA00D0
:1038C0000000F40B00000000F40B00000000F40BFB
:1038D00000000000F40B00000000F40B00000000EA
:1038E000F40B000000006006000000000000000073
:1038F00000000000000000000000000000000000C8
:1039000000000000000000000000000000000000B7
:1039100000000000000000000000000000000000A7
:103920000000000000000000000000000000000097
:103930000000000000000000000000000000000087
:103940000000000000000000000000000000000077
:103950000000000000000000000000000000000067
:103960000000000000000000000000000000000057
:103970000000000000000000000000000000000047
:103980000000000000000000000000000000000037
:103990000000000000000000000000000000000027
:1039A000E40600000000FD0F00000000FE2F0000F4
:1039B0000000FD3F00000000FC3F00000000F43F5D
:1039C00000000000E02F00000000E02F00000000D9
:1039D000F00F00000040FD07000000F4FF020000AF
:1039E00000F86F00000000A40500000000000000C7
:1039F00000000000000000000000000000000000C7
:103A000000000000000000000000000000000000B6
:103A100000000000000000000000000000000000A6
:103A20000000000000000000000000000000000096
:103A30000000000000000000000000000000000086
:103A40000000000000000000000000000000000076
:103A5000000000000000000000E0FFFF030000E0A5
:103A6000FFFF030000F0FFFF030000A0AAAA02006E
:103A70000000000000000000000000000000000046
:103A80000000000000000000000000000000000036
:103A90000000000000000000000000000000000026
:103AA0000000000000000000000000000000000016
:103AB0000000000000000000000000000000000006
:103AC00000000000000000000000000000000000F6
:103AD00000000000000000000000000000000000E6
:103AE00000000000000000000000000000000000D6
:103AF00000000000000000000000000000000000C6
:103B000000000000000000000000000000000000B5
:103B100000000000000000000000000000000000A5
:103B20000000000000000000000000000000000095
:103B30000000000000000000000000000000000085
:103B40000000000000000000000000000000000075
:103B5000E40600000000FD1F00000000FE3F000022
:103B60000000FE3F00000000FE3F00000000FD1FBF
:103B700000000000E406000000000000000000005B
:103B80000000000000000000000000000000000035
:103B90000000000000000000000000000000000025
:103BA0000000000000000000000000000000000015
:103BB00000000000000000401500000000C07F0071
:103BC000000000D02F00000000F01F00000000F4F3
:103BD0000B00000000F80700000000FD03000000DB
:103BE00000FE0200000000FF0000000040BF0000D7
:103BF0000000C07F00000000D02F00000000E01F88
:103C000000000000F40F00000000F80B00000000AE
:103C1000FC0300000000FD0200000000FF010000A6
:103C20000040BF00000000807F00000000D03F0087
:103C3000000000E02F00000000F00F00000000F87E
:103C40000B00000000FC0700000000FD0200000067
:103C500000FE0100000040FF0000000080BF0000E7
:103C600000004015000000000000000000000000FF
:103C70000000000000000000000000000000000044
:103C80000000000000000000000000000000000034
:103C900000000000000000000000F96B000000D0F0
:103CA000FFFF020000F4FFFF0B0000FCAFFE2F003F
:103CB00000FE07E07F0040FF01C0BF0080FF0080E2
:103CC000FF0080BF0090FF01C07F00F4FF01D07FA4
:103CD00000FEFF02D03FD0FFFF02D03FF87FFE0280
:103CE000D07FFE0BFE02D0FFFF01FE02D0FF7F005F
:103CF000FE01C0FF0B00FF01C0FF0140FF0080FF7D
:103D00000080BF0040FF01C07F0000FF07E03F00D0
:103D100000FDAFFE1F0000F8FFFF0B0000D0FFFF0B
:103D200001000040FA1B000000000000000000003D
:103D30000000000000000000000000000000000083
:103D40000000000000000000000000000000000073
:103D50000000000000000000000000000000000063
:103D60000000000000000000000000000000000053
:103D70000000501900000000F92F00000090FF2FF4
:103D8000000000F9FF2F000000FFFF2F000000FEE1
:103D9000E72F0000007DE02F00000004E02F00006E
:103DA0000000E02F00000000E02F00000000E02FE6
:103DB00000000000E02F00000000E02F00000000E5
:103DC000E02F00000000E02F00000000E02F0000C6
:103DD0000000E02F00000000E02F00000000E02FB6
:103DE00000000054E56F550000FEFFFFBF0000FE1D
:103DF000FFFFBF0000FEFFFFBF000099AAAA6600F8
:103E000000000000000000000000000000000000B2
:103E100000000000000000000000000000000000A2
:103E20000000000000000000000000000000000092
:103E30000000000000000000000000000000000082
:103E400000000000000000000040FA2B000000E429
:103E5000FFFF010000FDFFFF070000FEAFFF0F00A6
:103E600000FC01FD1F00002400F42F00000000F002
:103E70002F00000000F02F00000000F02F000000D5
:103E800000F41F00000000F80F00000000FE070013
:103E9000000040FF02000000D0FF00000000F47F9F
:103EA00000000000FD1F00000040FF07000000D0E0
:103EB000FF01000000F42F00000000FD6FA6660067
:103EC00000FFFFFFBF0000FFFFFFBF0000FFFFFF7D
:103ED000BF000099AAAA66000000000000000000D0
:103EE00000000000000000000000000000000000D2
:103EF00000000000000000000000000000000000C2
:103F000000000000000000000000000000000000B1
:103F100000000000000000000000000000000000A1
:103F20000094FE1B000000FDFFFF010000FDFFFFED
:103F3000070000BDAAFF0F00000400F81F000000EA
:103F400000F01F00000000F01F00000000F01F0044
:103F5000000000F80F00000040FE070000C0FFBF97
:103F6000010000C0FFBF010000C0FFFF0B000040C8
:103F700055FE2F00000000E07F00000000C0BF00E1
:103F800000000080BF00000000C0BF00000000D0A3
:103F90007F00000000F43F0000AAAAFF2F0000FEEF
:103FA000FFFF0B0000FEFFFF010000FEFF1A0000F4
:103FB0000000000000000000000000000000000001
:103FC00000000000000000000000000000000000F1
:103FD00000000000000000000000000000000000E1
:103FE00000000000000000000000000000000000D1
:103FF0000000000000000000000040660200000019
:10400000D0FF07000000E0FF07000000F4FF0700FA
:104010000000FCFF07000000FEFA07000040FFF868
:10402000070000C07FF8070000E02FF8070000F04D
:104030000FF8070000F807F8070000FD02F8070076
:1040400000FF01F8070080BF00F80700D03F00F82C
:104050000700E0FFFFFFFF02E0FFFFFFFF02E0FFBE
:10406000FFFFFF0290AAAAFEAB02000000F80700C3
:10407000000000FC0700000000F80700000000FC42
:1040800007000000006402000000000000000000C3
:104090000000000000000000000000000000000020
:1040A0000000000000000000000000000000000010
:1040B0000000000000000000000000000000000000
:1040C00000000000000000000000000000000000F0
:1040D0000064AAAA0A0000FCFFFF1F0000FCFFFF0B
:1040E0001F0000FCFFFF1F0000FCABAA0A0000FC41
:1040F0000300000000FC0300000000FC03000000BF
:1041000000FC0300000000FCAB1A000000FCFFFFF5
:10411000010000FCFFFF0B0000A8EAFF1F000000E9
:1041200000F93F00000000E07F00000000D07F00A9
:10413000000000D07F00000000D07F00000000E001
:104140003F00000000F82F0000A9AAFF0F0000FEAA
:10415000FFFF070000FEFFBF000000F9BF060000E0
:10416000000000000000000000000000000000004F
:10417000000000000000000000000000000000003F
:10418000000000000000000000000000000000002F
:10419000000000000000000000000000000000001F
:1041A00000000000000000000000005509000000B1
:1041B000E4FF1F000040FFFF1F0000D0FFFF1F00B3
:1041C00000F4BF56050000FC1F00000000FD0700C2
:1041D000000000FE0200000000FF0100000040FFA0
:1041E000A56A000040FFFFFF070040FFFFFF2F0010
:1041F00040FFBFFE7F0080FF06E0BF0080FF008021
:10420000FF0040FF0040FF0140FF0140FF0140FF71
:104210000140FF0000FF0280FF0000FE07D0BF004A
:1042200000FCAFFA3F0000F4FFFF1F0000D0FFFFCB
:1042300006000000F96B0000000000000000000014
:10424000000000000000000000000000000000006E
:10425000000000000000000000000000000000005E
:10426000000000000000000000000000000000004E
:10427000000000000000000000000000000000003E
:1042800040A6AAAA660040FFFFFFBF0040FFFFFF55
:10429000BF0040FFFFFFBF0040AAAAFA7F00000056
:1042A00000E03F00000000F42F00000000F80F00C5
:1042B000000000FD0B00000000FE0300000040FFB6
:1042C0000200000080FF00000000C0BF00000000EE
:1042D000E07F00000000F02F00000000F81F000049
:1042E0000000FC0B00000000FE0700000000FF02C1
:1042F00000000080FF01000000C0BF00000000E0DF
:104300007F00000000F02F00000000641500000096
:10431000000000000000000000000000000000009D
:10432000000000000000000000000000000000008D
:10433000000000000000000000000000000000007D
:10434000000000000000000000000000000000006D
:1043500000000000000000000040FA6F000000E0D4
:10436000FFFF070000F8FFFF1F0000FD5BF93F00A3
:1043700000FE02D07F0000FF01C07F0000FF01C0EF
:104380007F0000FE02D03F0000FD1BF41F0000F87C
:10439000BFFE0B0000F0FFFF02000080FFBF000027
:1043A0000090FFFF070000F4BFFF1F0000FD0BF9A6
:1043B0003F0000FF02E07F0040FF00C0BF0040FF61
:1043C0000080BF0040FF0080BF0040FF02D07F00A0
:1043D00000FFAFFA3F0000FDFFFF1F0000F4FFFFEA
:1043E00007000040FA6B0000000000000000000021
:1043F00000000000000000000000000000000000BD
:1044000000000000000000000000000000000000AC
:10441000000000000000000000000000000000009C
:10442000000000000000000000000000000000008C
:104430000040FA6B000000E0FFFF020000FCFFFFFD
:104440000B0000FEAFFE1F0040FF02F42F0080FFB4
:1044500000E03F00C0BF00D07F00C07F00C0BF00B1
:10446000C0BF00C0BF0080FF0080BF0080FF02E42B
:10447000BF0040FFAFFFBF0000FDFFFFBF0000F423
:10448000FFFFBF000040AAC67F00000000D07F00F1
:10449000000000E03F00000000F02F00000000FDE1
:1044A0000F000054A5FF070000FEFFFF020000FE02
:1044B000FF7F000000FEFF0B000000591500000008
:1044C00000000000000000000000000000000000EC
:1044D00000000000000000000000000000000000DC
:1044E00000000000000000000000000000000000CC
:1044F00000000000000000000000000000000000BC
:1045000000000000000000000000000000000000AB
:10451000000000000000000000000000000000009B
:104520000000000000000000400000000000F40B4C
:1045300000000000FD1F00000000FD2F0000000033
:10454000FD2F00000000FC1F00000000E40600003A
:10455000000000000000000000000000000000005B
:10456000000000000000000000000000000000004B
:10457000400000000000F40B00000000FD1F0000E0
:104580000000FD2F00000000FD2F00000000FC1FB8
:1045900000000000E4060000000000000000000031
:1045A000000000000000000000000000000000000B
:1045B00000000000000000000000000000000000FB
:1045C00000000000000000000000000000000000EB
:1045D00000000000000000000000000000000000DB
:1045E00000000000000000000000000000000000CB
:1045F00000000000000000000000000000000000BB
:10460000400000000000F40B00000000FD1F00004F
:104610000000FD2F00000000FD2F00000000FC1F27
:1046200000000000E40600000000000000000000A0
:10463000000000000000000000000000000000007A
:104640000000000000000000E40600000000FC1F65
:1046500000000000FD2F00000000FD3F00000000F2
:10466000F87F00000000F07F00000000D03F000055
:104670000000D02F00000000E01F00000000F90B38
:10468000000000F4FF02000000F46F00000000A42E
:104690000500000000000000000000000000000015
:1046A000000000000000000000000000000000000A
:1046B00000000000000000000000000000000000FA
:1046C00000000000000000000000000000000000EA
:1046D000000000900000000000F40200000000FE56
:1046E0000B00000080FF07000000E0FF0100000059
:1046F000FD2F00000040FF0B000000E0FF01000064
:1047000000F87F00000000FE0B00000000FE1F000C
:10471000000000F87F00000000D0FF010000004012
:10472000FF0B00000000FD2F00000000E0FF010073
:10473000000080FF0700000000FE0B00000000F4F6
:1047400002000000009000000000000000000000D7
:104750000000000000000000000000000000000059
:104760000000000000000000000000000000000049
:104770000000000000000000000000000000000039
:104780000000000000000000000000000000000029
:104790000000000000000000000000000000000019
:1047A0000000000000000000000000000000000009
:1047B00000000000000000000000000000000000F9
:1047C00000555555150000FFFFFF7F0000FFFFFF5C
:1047D0007F0000FFFFFF7F000055555515000000CA
:1047E00000000000000000000000005555551500B5
:1047F00000FFFFFF7F0000FFFFFF7F0000FFFFFFC4
:104800007F00005555551500000000000000000015
:104810000000000000000000000000000000000098
:104820000000000000000000000000000000000088
:104830000000000000000000000000000000000078
:104840000000000000000000000000000000000068
:104850000000000000000000000000000000000058
:104860000000000000000000000000000000000048
:104870000000000000000000000000000000000038
:1048800000800200000000E00B00000000F42F0098
:10489000000000E4FF0100000080FF0700000000AE
:1048A000FE1F00000000F4BF00000000D0FF020067
:1048B000000000FE0B00000000F87F00000000F880
:1048C0007F00000000FE0B000000D0FF020000008F
:1048D000F4BF00000000FE1F00000080FF07000082
:1048E00000E4FF01000000F42F00000000E00B00D6
:1048F0000000008002000000000000000000000036
:1049000000000000000000000000000000000000A7
:104910000000000000000000000000000000000097
:104920000000000000000000000000000000000087
:104930000000000000400500000000D0FF0600005D
:1049400000D0FF6F000000D0FFFF01000090FEFFCD
:104950000700000040FF0F00000000F81F000000EB
:1049600000F42F00000000F02F00000000F02F00E6
:10497000000000F81F00000055FE0F000000FEFFC1
:1049800007000000FEFF01000000FE1B0000000009
:10499000FE0100000000FE0100000000FE0100001A
:1049A000000054000000000000000000000068004B
:1049B00000000000FF0200000040FF070000004070
:1049C000FF0700000040FF0200000000B9000000E7
:1049D00000000000000000000000000000000000D7
:1049E00000000000000000000000000000000000C7
:1049F00000000000000000000000000000000000B7
:104A00000000000000000000000000000000405511
:104A100000000000F8FF06000040FFFF1F0000D06C
:104A2000BFEA3F0000F01F40BF0000F80700FE0192
:104A300000FD0200FC0200FE0000F802407F0000C2
:104A4000F403803FE4ABF607802FFDFFF207C01FA1
:104A5000FFFFF207D04FBFFDF107E08F3FFCF107EA
:104A6000E0CB2FFDF107F0CB2FFDF107F0C71FFDC5
:104A7000F007F0D71FFEF407F0D71FFEF403F0D7BE
:104A80001FFEF802F0D71FBFF802F0C7AFFFFE010C
:104A9000F08BFFFFBF00E04BFFF62F00E00F6990A7
:104AA0000600D00F00000000D02F00000000C03F23
:104AB0000000000040BF0000010000FF06E403000A
:104AC00000FDFFFF030000F4FFFF02000040FE6B4B
:104AD00000000000000000000000000000000000D6
:104AE00000000000000000000000000000000000C6
:104AF0000000951500000000FE3F00000000FF7F51
:104B000000000040FFBF00000080FFBF00000080E9
:104B1000BFFF010000D03FFF010000D02FFE0200C8
:104B200000E01FFD030000F00FFD070000F40BFC88
:104B30000B0000F80BF80F0000FC07F41F0000FD4D
:104B400003F02F0000FE02E02F0000FE6AEA3F00A3
:104B500000FFFFFF7F0040FFFFFFBF0080FFFFFF60
:104B6000FF00C07F0040FF01D03F0040FF02E02F68
:104B70000000FF03F01F0000FE0790090000590627
:104B80000000000000000000000000000000000025
:104B90000000000000000000000000000000000015
:104BA0000000000000000000000000000000000005
:104BB00000000000000000000000000000000000F5
:104BC000000000000000000000996A15000000FFCE
:104BD000FFFF020000FFFFFF0F0000FFFFFF2F009D
:104BE00000FF01F93F0000FF01E07F0000FF01D05E
:104BF0007F0000FF01D03F0000FF01E02F0000FF19
:104C000001F91F0000FFFFFF060000FFFFFF060085
:104C100000FFFFFF2F0000FF55F97F0000FF01D0CC
:104C2000FF0000FF0180FF0000FF0140FF0100FFC7
:104C30000180FF0000FF01D0FF0000FF01F4BF0072
:104C400000FFFFFF3F0000FFFFFF1F0000FFFFFF0F
:104C5000020000996A15000000000000000000003A
:104C60000000000000000000000000000000000044
:104C70000000000000000000000000000000000034
:104C80000000000000000000000000000000000024
:104C90000000000000000000000000000000000014
:104CA0000000A4FF1A000000FEFF7F0000D0FFFFFD
:104CB0007F0000F4FFAB7F0000F86F00640000FD90
:104CC0000B00000000FE0300000040FF0200000097
:104CD00040FF0100000080FF0000000080FF000096
:104CE000000080FF0000000080FF0000000080FF47
:104CF0000000000080FF0100000080FF01000000B4
:104D000040FF0200000000FF0700000000FE0F004F
:104D1000000000FD7F41790000F8FFFF7F0000E008
:104D2000FFFF7F000040FFFF7F000000A4BF0600E0
:104D30000000000000000000000000000000000073
:104D40000000000000000000000000000000000063
:104D50000000000000000000000000000000000053
:104D60000000000000000000000000000000000043
:104D7000000000000000000040A65A05000080FF6F
:104D8000FFBF000080FFFFFF070080FFFFFF1F0045
:104D900080BF40FD3F0080BF00E07F0080BF00C0BB
:104DA000FF0080BF0080FF0180BF0040FF0180BF87
:104DB0000040FF0180BF0000FF0280BF0000FF0233
:104DC00080BF0000FF0280BF0000FF0280BF0040E4
:104DD000FF0180BF0040FF0180BF0080FF0080BF57
:104DE00000D0BF0080BF00F47F0080BF40FE2F00D6
:104DF00080FFFFFF0B0080FFFFFF010080FFFF2F00
:104E0000000040A656010000000000000000000065
:104E10000000000000000000000000000000000092
:104E20000000000000000000000000000000000082
:104E30000000000000000000000000000000000072
:104E40000000000000000000000000000000000062
:104E50000064AAAA190000FCFFFF3F0000FCFFFF4E
:104E60002F0000FCFFFF2F0000FC5B55150000FC2D
:104E70000700000000FC0700000000FC0700000025
:104E800000FC0700000000FC0700000000FCFFFF22
:104E90001F0000FCFFFF1F0000FCFFFF1F0000FCC5
:104EA000ABAA190000FC0700000000FC070000008E
:104EB00000FC0700000000FC0700000000FC0700E9
:104EC000000000FC5B55150000FCFFFF2F0000FCFC
:104ED000FFFF2F0000FCFFFF3F000064AAAA19009B
:104EE00000000000000000000000000000000000C2
:104EF00000000000000000000000000000000000B2
:104F000000000000000000000000000000000000A1
:104F10000000000000000000000000000000000091
:104F200000000000000000000064AAAA190000FCB4
:104F3000FFFF2F0000FCFFFF2F0000FCFFFF2F00F2
:104F400000FC5B55050000FC0700000000FC0700AA
:104F5000000000FC0700000000FC0700000000FC4F
:104F60000700000000FCAB6A060000FCFFFF0F001A
:104F700000FCFFFF0F0000FCFFFF0F0000FC07001C
:104F8000000000FC0700000000FC0700000000FC1F
:104F90000700000000FC0700000000FC0700000004
:104FA00000FC0700000000FC0700000000FC0700F8
:104FB0000000006406000000000000000000000087
:104FC00000000000000000000000000000000000E1
:104FD00000000000000000000000000000000000D1
:104FE00000000000000000000000000000000000C1
:104FF00000000000000000000000000000000000B1
:105000000000A4FF1A000040FFFFBF0000E0FFFF08
:10501000BF0000F8FFEBBF0000FD2F00A40000FF61
:105020000700000040FF0200000080FF00000000B9
:10503000C0BF00000000D07F00000000D07F40AA69
:10504000AA00D07F40FFFF00D07F40FFFF00D07F4D
:1050500040AAFF00D07F0040FF00D0BF0040FF000B
:10506000C0BF0040FF0080FF0140FF0040FF034041
:10507000FF0000FE1F40FF0000FCFFEAFF0000F4FD
:10508000FFFFFF000080FFFFBF000000E9BF060038
:105090000000000000000000000000000000000010
:1050A0000000000000000000000000000000000000
:1050B00000000000000000000000000000000000F0
:1050C00000000000000000000000000000000000E0
:1050D000000000000000000040660040660080BF45
:1050E0000040FF0080BF0040BF0080BF0040FF00C5
:1050F00080BF0040FF0080BF0040FF0080BF004035
:10510000FF0080BF0040FF0080BF0040FF0080BF65
:105110005595FF0080FFFFFFFF0080FFFFFFFF00AE
:1051200080FFFFFFFF0080FFAAAAFF0080BF0040B2
:10513000FF0080BF0040FF0080BF0040FF0080BF35
:105140000040FF0080BF0040FF0080BF0040FF0024
:1051500080BF0040FF0080BF0040BF0080BF004014
:10516000FF004066004066000000000000000000F4
:10517000000000000000000000000000000000002F
:10518000000000000000000000000000000000001F
:10519000000000000000000000000000000000000F
:1051A00000000000000000000000000000000000FF
:1051B0000099AAAA190000FEFFFF3F0000FEFFFFB2
:1051C0003F0000FEFFFF2F000000F80B0000000072
:1051D000F80B00000000F80B00000000F80B0000C6
:1051E0000000F80B00000000F80B00000000F80BB6
:1051F00000000000F80B00000000F80B00000000A9
:10520000F80B00000000F80B00000000F80B000095
:105210000000F80B00000000F80B00000000F80B85
:1052200000000000F80B000000FEFFFF2F0000FE52
:10523000FFFF3F0000FEFFFF3F000099AAAA1900F0
:10524000000000000000000000000000000000005E
:10525000000000000000000000000000000000004E
:10526000000000000000000000000000000000003E
:10527000000000000000000000000000000000002E
:1052800000000000000000000064AA6A060000FCA4
:10529000FFFF0B0000FCFFFF0B0000FCFFFF0B00FB
:1052A000000000F80B00000000F80B00000000F800
:1052B0000B00000000F80B00000000F80B000000DD
:1052C00000F80B00000000F80B00000000F80B00D5
:1052D000000000F80B00000000F80B00000000F8D0
:1052E0000B00000000F80B00000000F80B000000AD
:1052F00000F80B00000000FD0700001900FE070089
:1053000000FDEAFF020000FDFFFF000000FDFF6F4F
:10531000000000A4FF0600000000000000000000E4
:10532000000000000000000000000000000000007D
:10533000000000000000000000000000000000006D
:10534000000000000000000000000000000000005D
:10535000000000000000000000000000000000004D
:1053600000990140960000FF01D0FF0000FF01F00E
:105370003F0000FF01F81F0000FF01FD0B0000FFD0
:1053800001FF030000FF81FF010000FFD1BF00000B
:1053900000FFF12F000000FFF51F000000FFFE07D7
:1053A000000000FFFF03000000FFFF07000000FFF8
:1053B000F90F000000FFF52F000000FFE17F000063
:1053C00000FFC1FF000000FF41FF020000FF01FEDF
:1053D000070000FF01FD1F0000FF01F82F0000FF84
:1053E00001F0BF0000FF01D0FF01009901409601CC
:1053F00000000000000000000000000000000000AD
:10540000000000000000000000000000000000009C
:10541000000000000000000000000000000000008C
:10542000000000000000000000000000000000007C
:10543000000000000000000000640600000000F80A
:105440000B00000000F80B00000000F80B0000004B
:1054500000F80B00000000F80B00000000F80B0043
:10546000000000F80B00000000F80B00000000F83E
:105470000B00000000F80B00000000F80B0000001B
:1054800000F80B00000000F80B00000000F80B0013
:10549000000000F80B00000000F80B00000000F80E
:1054A0000B00000000F80B00000000F85B55150031
:1054B00000F8FFFF7F0000F8FFFF7F0000F8FFFF0C
:1054C0007F000064AAAA260000000000000000007F
:1054D00000000000000000000000000000000000CC
:1054E00000000000000000000000000000000000BC
:1054F00000000000000000000000000000000000AC
:10550000000000000000000000000000000000009B
:1055100040560150650040FF03E0BF0040FF07F028
:10552000BF0040FF07F4BF0080FF0BF8BF0080FF03
:105530000FFCBF0080EF1FFDFE0080AF2FBEFE00FE
:10554000806F3F7EFD00802F7F3FFD00802FBE2FAC
:10555000FD00C02FFE1FFD01C02FFD0FFD01C02F5C
:10556000FC0BFD01C01FF807FD01C01FF403FD0186
:10557000C01FA002FD01D01F0000FD01D01F0000D0
:10558000FD02D01F0000FD02D01F0000FD02D01F51
:105590000000FC02D01F0000FC02900900009401F2
:1055A00000000000000000000000000000000000FB
:1055B00000000000000000000000000000000000EB
:1055C00000000000000000000000000000000000DB
:1055D00000000000000000000000000000000000CB
:1055E000000000000000000040960100690080FFFC
:1055F0000700FF0080FF0B00FF0080FF0F00FF008F
:1056000080FF2F00FF0080FF3F00FF0080FF7F0032
:10561000FF0080BFFF00FF00807FFE01FF00807F52
:10562000FD02FF00807FFC07FF00807FF80BFF007A
:10563000807FF41FFF00807FE02FFF00807FD03F3E
:10564000FF00807F807FFE00807F40FFFF00807F23
:1056500000FFFF00807F00FDFF00807F00FCFF0057
:10566000807F00F8FF00807F00F0FF00807F00E077
:10567000FF004066005065000000000000000000D0
:10568000000000000000000000000000000000001A
:10569000000000000000000000000000000000000A
:1056A00000000000000000000000000000000000FA
:1056B00000000000000000000000000000000000EA
:1056C0000000F96B000000D0FFFF060000F4FFFFB0
:1056D0001F0000FDFFFF3F0000FF1BF47F0040FFA5
:1056E00001D0FF0080BF0080FF01C07F0040FF01AC
:1056F000D07F0000FF02D03F0000FE02E03F00002C
:10570000FE02E03F0000FE03E03F0000FE03E03F3A
:105710000000FE02D03F0000FE02D07F0000FF022A
:10572000D07F0040FF01C0BF0080FF0080FF01D09C
:10573000BF0040FF1BF47F0000FEFFFF2F0000F8BA
:10574000FFFF0B0000E0FFFF02000040FA6B0000CB
:105750000000000000000000000000000000000049
:105760000000000000000000000000000000000039
:105770000000000000000000000000000000000029
:105780000000000000000000000000000000000019
:10579000000000000000000000996A05000000FF02
:1057A000FFBF010000FEFFFF0B0000FFFFFF2F0007
:1057B00000FF02F97F0000FF01D0BF0000FF018061
:1057C000FF0000FF0140FF0000FF0140FF0000FF5D
:1057D0000180FF0000FF01C0BF0000FF01E47F0067
:1057E00000FFAAFE2F0000FFFFFF0B0000FFFFFFDE
:1057F000020000FFFF1B000000FF0200000000FF8E
:105800000100000000FF0100000000FF0100000097
:1058100000FF0100000000FE0100000000FF020088
:1058200000000099010000000000000000000000DE
:105830000000000000000000000000000000000068
:105840000000000000000000000000000000000058
:105850000000000000000000000000000000000048
:105860000000000000000000000000000000000038
:105870000000F96B000000D0FFFF060000F4FFFFFE
:105880001F0000FDFFFF3F0000FF1BF4BF0040FFB3
:1058900001C0FF0080FF0080FF01C07F0040FF02C9
:1058A000D07F0000FF02D03F0000FE02E03F00007A
:1058B000FE02E03F0000FE03E03F0000FE03E03F89
:1058C0000000FE02D03F0000FE02D07F0000FF0279
:1058D000D0BF0040FF01C0FF0080FF0080FF02D06A
:1058E000BF0000FF5BF93F0000FDFFFF1F0000F855
:1058F000FFFF070000D0FFBF01000000F91B000000
:105900000000F40B00000000F41F40000000F0BF96
:10591000FA010000D0FFFF07000080FFFF07000032
:1059200000F9BF0100000040050000000000000079
:105930000000000000000000000000000000000067
:10594000000000000000000000996A05000000FF50
:10595000FFBF010000FFFFFF070000FFFFFF1F0068
:1059600000FF01F92F0000FF01F03F0000FF01E000
:105970003F0000FF01D03F0000FF01E03F0000FFBB
:1059800001F82F0000FFAAFF0B0000FFFFFF02003D
:1059900000FFFF2F000000FFFF7F000000FF91FFCE
:1059A000010000FF01FF020000FF01FD070000FFF2
:1059B00001FC0B0000FF01F81F0000FF01F42F00A5
:1059C00000FF01E07F0000FF01D0BF0000FF01C029
:1059D000FF01009901405501000000000000000097
:1059E00000000000000000000000000000000000B7
:1059F00000000000000000000000000000000000A7
:105A00000000000000000000000000000000000096
:105A10000000000000000000000000000000000086
:105A20000000F9AF060000E0FFFF0F0000F8FFFFE5
:105A30000F0000FDBFFA0F0000FF0700090040FF44
:105A40000200000040FF0100000040FF02000000D3
:105A500000FF1B00000000FEFF02000000FCFF6FC3
:105A6000000000F4FFFF02000040FFFF0F000000F5
:105A7000E4FF2F00000000FE7F00000000E0BF00F8
:105A8000000000D0BF00000000C0BF00000000D038
:105A90007F00401600F47F0080FFABFF2F0080FFE7
:105AA000FFFF0B0080FFFFFF020000E9FF1A00006C
:105AB00000000000000000000000000000000000E6
:105AC00000000000000000000000000000000000D6
:105AD00000000000000000000000000000000000C6
:105AE00000000000000000000000000000000000B6
:105AF000000000000000000040A6AAAAAA00C0FF03
:105B0000FFFFFF0180FFFFFFFF0180FFFFFFFF019D
:105B10000000F80F00000000F80B00000000F80B78
:105B200000000000F80B00000000F80B000000006F
:105B3000F80B00000000F80B00000000F80B00005C
:105B40000000F80B00000000F80B00000000F80B4C
:105B500000000000F80B00000000F80B000000003F
:105B6000F80B00000000F80B00000000F80B00002C
:105B70000000F80B00000000F80B00000000F80F18
:105B800000000000640600000000000000000000AB
:105B90000000000000000000000000000000000005
:105BA00000000000000000000000000000000000F5
:105BB00000000000000000000000000000000000E5
:105BC00000000000000000000000000000000000D5
:105BD00040660000660080BF0040FF0080BF0040BC
:105BE000FF0080BF0040FF0080BF0040FF0080BF7B
:105BF0000040FF0080BF0040FF0080BF0040FF006A
:105C000080BF0040FF0080BF0040FF0080BF004019
:105C1000FF0080BF0040FF0080BF0040FF0080BF4A
:105C20000040FF0080BF0040FF0080BF0040FF0039
:105C300080BF0040FF0080BF0040BF0040FF0080E9
:105C4000BF0040FF02D07F0000FEAFFA2F0000FD32
:105C5000FFFF0F0000E4FFFF02000040FA6B0000AE
:105C60000000000000000000000000000000000034
:105C70000000000000000000000000000000000024
:105C80000000000000000000000000000000000014
:105C90000000000000000000000000000000000004
:105CA0000000000000000000601500006405F03FE7
:105CB0000000FD07E07F0000FE03D07F0000FF0230
:105CC000C0BF0040FF0180FF0040FF0040FF018097
:105CD000BF0000FF02C07F0000FE03D03F0000FEB7
:105CE00007E02F0000FD07F01F0000FC0BF41F0071
:105CF00000F80FF40F0000F41FF80B0000F02FFC69
:105D0000070000E03FFD030000D03FFE020000C09E
:105D10007FFE01000080BFFF00000040FFBF0000C9
:105D20000040FF7F00000000FE3F00000000FE2F4B
:105D300000000000981500000000000000000000B6
:105D40000000000000000000000000000000000053
:105D50000000000000000000000000000000000043
:105D60000000000000000000000000000000000033
:105D70000000000000000000000000000000000023
:105D800090090000A401E01F0000F803E01F0000DC
:105D9000F802E01F0000F802D01F0000F802D01F38
:105DA0000000FC02D01F0000FC02D01F5001FC02CA
:105DB000D01FF007FC02D01FF40BFC01C02FF80F1E
:105DC000FC01C02FF81FFD01C02FFD2FFD01C02FCA
:105DD000FD3FFD01C02F7E7FFD01802F3F7EFD0036
:105DE000806F2FBEFD0080AF1FFDFD0080EF0FFC18
:105DF000FE0080FF0BF8FF0080FF07F4BF0040FFAC
:105E000003F0BF0040FF02E0BF00405601506500B4
:105E10000000000000000000000000000000000082
:105E20000000000000000000000000000000000072
:105E30000000000000000000000000000000000062
:105E40000000000000000000000000000000000052
:105E50000000000000000000906500409601D0FFA7
:105E600000C0FF0140FF01D07F0000FF03F03F00B2
:105E700000FD0BF41F0000F80FFC0B0000F02FFEDC
:105E8000070000E07FFF020000C0FFFF00000040AD
:105E9000FF7F00000000FE2F00000000FD1F00003B
:105EA0000000FE2F00000040FF7F00000080FFFF89
:105EB000000000D0BFFF020000F02FFE070000F836
:105EC0001FFD0B0000FC0BF81F0000FE07F43F0055
:105ED00040FF02E0BF00C0FF01D0FF01E0BF008033
:105EE000FF035015000055020000000000000000F4
:105EF00000000000000000000000000000000000A2
:105F00000000000000000000000000000000000091
:105F10000000000000000000000000000000000081
:105F20000000000000000000000000000000000071
:105F3000501900005502E07F0000FE03C0BF004082
:105F4000FF0180FF0180BF0000FF02D07F0000FE44
:105F500003E02F0000FC0BF41F0000F80FF80B000B
:105F600000F02FFD070000E03FFE020000C0BFFF71
:105F700001000080FFBF00000000FF7F0000000064
:105F8000FE2F00000000FC1F00000000F80B0000C6
:105F90000000F80B00000000F80B00000000F80BF8
:105FA00000000000F80B00000000F80B00000000EB
:105FB000F80B00000000F80F00000000640600006D
:105FC00000000000000000000000000000000000D1
:105FD00000000000000000000000000000000000C1
:105FE00000000000000000000000000000000000B1
:105FF00000000000000000000000000000000000A1
:1060000000000000000000000099AAAA660000FF3E
:10601000FFFFBF0000FFFFFFBF0000FFFFFFBF004B
:106020000099AAFA7F00000000F82F00000000FD90
:106030000B00000000FF0700000080FF01000000CF
:10604000D0BF00000000F03F00000000F81F00007B
:106050000000FD0B00000000FF0300000080FF01B6
:10606000000000D0BF00000000F03F00000000F87A
:106070001F00000000FD0B00000000FFABA9660040
:1060800040FFFFFFBF0040FFFFFFBF0040FFFFFFDB
:10609000BF0040A6AAAA66000000000000000000A1
:1060A00000000000000000000000000000000000F0
:1060B00000000000000000000000000000000000E0
:1060C0000000000000000000000000000000004090
:1060D0005555000000C0FFFF010000C0FFFF010098
:1060E00000C0FFFF010000C07F00000000C03F00B3
:1060F000000000C03F00000000C03F00000000C0E2
:106100003F00000000C03F00000000C03F00000052
:1061100000C03F00000000C03F00000000C03F0082
:10612000000000C03F00000000C03F00000000C0B1
:106130003F00000000C03F00000000C03F00000022
:1061400000C03F00000000C03F00000000C03F0052
:10615000000000C03F00000000C03F00000000C081
:106160003F00000000C03F00000000C03F000000F2
:1061700000C03F00000000C03F00000000C03F0022
:10618000000000C0BFAA01000080FFFF010000C0A6
:10619000FFFF010000405555010000000000000015
:1061A000000000000000000000000000005500009A
:1061B000000000FF0100000000FD0200000000FCE4
:1061C0000700000000F80B00000000F00F000000C6
:1061D00000E01F00000000D03F00000000807F00B2
:1061E00000000040BF0000000000FF0100000000B0
:1061F000FE0200000000FC0300000000F80B00009D
:106200000000F40F00000000E01F00000000D02F8D
:1062100000000000C07F0000000080BF0000000000
:1062200000FF0000000000FE0200000000FD03006F
:10623000000000F80700000000F40B00000000F070
:106240001F00000000E02F00000000C03F00000021
:106250000080BF0000000040FF000000000055006B
:10626000000000000000000000000000000000002E
:1062700000000000000000000000000000000040DE
:106280005515000000E0FFBF000000E0FFBF000068
:1062900000E0FFBF0000000040BF0000000040BF62
:1062A0000000000040BF0000000040BF00000000F0
:1062B00040BF0000000040BF0000000040BF0000E1
:1062C000000040BF0000000040BF0000000040BFD1
:1062D0000000000040BF0000000040BF00000000C0
:1062E00040BF0000000040BF0000000040BF0000B1
:1062F000000040BF0000000040BF0000000040BFA1
:106300000000000040BF0000000040BF000000008F
:1063100040BF0000000040BF0000000040BF000080
:10632000000040BF0000000040BF0000000040BF70
:1063300000000090EABF000000E0FFBF000000E0A6
:10634000FFBF000000505555000000000000000095
:10635000000000000000000000000000000000003D
:1063600000000000000000000000500100000000DC
:10637000F80B00000000FD1F00000000FF3F0000C0
:1063800000407FBF000000C01FFD010000E00BFCCB
:10639000020000F407F4070000F802E00F0000FD1F
:1063A00001D02F0000BF00807F00402A0000AA001B
:1063B00000000000000000000000000000000000DD
:1063C00000000000000000000000000000000000CD
:1063D00000000000000000000000000000000000BD
:1063E00000000000000000000000000000000000AD
:1063F000000000000000000000000000000000009D
:10640000000000000000000000000000000000008C
:10641000000000000000000000000000000000007C
:10642000000000000000000000000000000000006C
:10643000000000000000000000000000000000005C
:10644000000000000000000000000000000000004C
:10645000000000000000000000000000000000003C
:10646000000000000000000000000000000000002C
:10647000000000000000000000000000000000001C
:10648000000000000000000000000000000000000C
:1064900000000000000000000000000000000000FC
:1064A00000000000000000000000000000000000EC
:1064B00000000000000000000000000000000000DC
:1064C00000000000000000000000000000000000CC
:1064D00000000000000000000000000000000000BC
:1064E0000000A4AAAAAAAA06F4FFFFFFFF0BF4FF6C
:1064F000FFFFFF0BA4AAAAAAAA0600000000000042
:106500000000000000000000000000000055010035
:10651000000000FE0B00000000F43F0000000080BF
:10652000FF0000000000FE0700000000540500000E
:10653000000000000000000000000000000000005B
:10654000000000000000000000000000000000004B
:10655000000000000000000000000000000000003B
:10656000000000000000000000000000000000002B
:10657000000000000000000000000000000000001B
:10658000000000000000000000000000000000000B
:1065900000000000000000000000000000000000FB
:1065A00000000000000000000000000000000000EB
:1065B00000000000000000000000000000000000DB
:1065C00000000000000000000000000000000000CB
:1065D00000000000000000000000000000000000BB
:1065E00000000000000000000000000000000000AB
:1065F000000000000000000000000000000000009B
:10660000000000000000000000000000000000503A
:10661000AA5A000000F8FFFF020000FCFFFF0F0075
:1066200000FCAAFE2F00001800E03F00000000D090
:106630003F00000000D03F00000054EA3F000090FF
:10664000FFFF3F0000F8FFFF3F0000FDAFEA3F0003
:1066500000FF02D03F0040FF01D03F0040FF01E0BB
:106660003F0040FF02F83F0000FFABFF3F0000FE8D
:10667000FFAF3F0000F8FF8B3F000090BF411500C7
:10668000000000000000000000000000000000000A
:1066900000000000000000000000000000000000FA
:1066A00000000000000000000000000000000000EA
:1066B0000000000000000000000000000055000085
:1066C000000000FE0200000000FE0100000000FECD
:1066D0000100000000FE0100000000FE01000000BB
:1066E00000FE0100000000FE416A000000FEF5FF10
:1066F000070000FEFEFF1F0000FEFFFF3F0000FE40
:106700007FE47F0000FE0FC0BF0000FE0380FF009B
:1067100000FE0240FF0100FE0140FF0100FE0140BB
:10672000FF0100FE0140FF0100FE0140FF0000FEEE
:106730000180FF0000FE01D0BF0000FE01F47F00D9
:1067400000FEABFE2F0000FEFFFF0B0000FEFFFF70
:10675000020000A4FE1B000000000000000000007A
:106760000000000000000000000000000000000029
:106770000000000000000000000000000000000019
:106780000000000000000000000000000000000009
:1067900000000000000000000000000000000000F9
:1067A00000000000000000000000000000000000E9
:1067B00000000000000000000000000000000000D9
:1067C00090AA06000000FEFF2F000080FFFF2F00B0
:1067D00000E0FFFF2F0000F87F41290000FC1F00B0
:1067E000000000FD0700000000FE0300000000FEA6
:1067F0000200000000FF0200000000FF0200000095
:1068000000FE0300000000FE0700000000FD0F0076
:10681000000000FC6F00140000F4FFEB2F0000E00C
:10682000FFFF2F000040FFFF2F000000E4BF060025
:106830000000000000000000000000000000000058
:106840000000000000000000000000000000000048
:106850000000000000000000000000000000000038
:1068600000000000000000000000000000000040E8
:106870001500000000D07F00000000D07F00000065
:1068800000D07F00000000D07F00000000D07F001B
:10689000000000C07F000000A4EA7F000080FFFF2E
:1068A0007F0000F4FFFF7F0000FCBFFE7F0000FEC2
:1068B0000BD07F0040FF02C07F0040FF01D07F006F
:1068C00080BF00D07F0080BF00D07F00C0BF00D05D
:1068D0007F00C0BF00D07F0080BF00C07F0080BFAE
:1068E00000E07F0080FF01F47F0040FF02FD7F0099
:1068F00000FEEFFF7F0000FDFFAF3F0000F4FF8BC5
:106900007F000090BF411500000000000000000063
:106910000000000000000000000000000000000077
:106920000000000000000000000000000000000067
:106930000000000000000000000000000000000057
:106940000000000000000000000000000000000047
:106950000000000000000000000000000000000037
:106960000000000000000000000000000000000027
:10697000A41A00000080FFFF020000E0FFFF0B00F0
:1069800000F8AFFE1F0000FD07E03F0000FE02C060
:106990007F0000FF0180BF0040FF5595BF0040FF12
:1069A000FFFFBF0040FFFFFFBF0040FFAAAA6A0031
:1069B00040FF0000000040FF0100000000FF020057
:1069C000000000FE0B00000000FCBFAA2E0000F437
:1069D000FFFF2F0000D0FFFF2F000000E9BF1A00CB
:1069E00000000000000000000000000000000000A7
:1069F0000000000000000000000000000000000097
:106A00000000000000000000000000000000000086
:106A10000000000000000000000000000000005422
:106A20005500000080FFFF010000E0FFFF010000B3
:106A3000F8FFFF010000FC1F50000000FD070000F0
:106A40000000FE0200000000FE0200000000FE0246
:106A500000000000FE02000040A6FEAA6600C0FF83
:106A6000FFFFBF00C0FFFFFFBF0080AAFFABAA006F
:106A70000000FE0200000000FE0200000000FE0216
:106A800000000000FE0200000000FE020000000006
:106A9000FE0200000000FE0200000000FE020000F6
:106AA0000000FE0200000000FE0200000000FE02E6
:106AB000000000009901000000000000000000003C
:106AC00000000000000000000000000000000000C6
:106AD00000000000000000000000000000000000B6
:106AE00000000000000000000000000000000000A6
:106AF0000000000000000000000000000000000096
:106B00000000000000000000000000000000000085
:106B10000000000000000000000000000000000075
:106B2000A956550000D0FFFFFF0100F4FFFFFF0151
:106B300000FC5BFDFF0100FD02F00F0000FE01E024
:106B40001F0000FE01E01F0000FE01E01F0000FD2D
:106B500002F41F0000FCAFFE0B0000F4FFFF020078
:106B600000FDFFBF000000FE5405000000BF000054
:106B7000000000FF0100000000FFFFAA010000FD6F
:106B8000FFFF2F0000F8FFFFBF0000FE56E9FF00E7
:106B900040FF0040FF0180BF0000FF01C0BF008038
:106BA000FF0080FF06E4BF0040FFFFFF2F0000FD55
:106BB000FFFF0B000090FE6B0000000000000000D3
:106BC0000000000000000000000000000055000070
:106BD000000000FE0200000000FE0100000000FEB8
:106BE0000100000000FE0100000000FE01000000A6
:106BF00000FE0100000000FE416A000000FEF5FFFB
:106C0000070000FEFEFF1F0000FEFFFF2F0000FE3A
:106C10007FF43F0000FE0FD03F0000FE03D07F0056
:106C200000FE02D07F0000FE01D07F0000FE01D0F8
:106C30007F0000FE01D07F0000FE01D07F0000FE3B
:106C400001D07F0000FE01D07F0000FE01D07F0058
:106C500000FE01D07F0000FE01D03F0000FF02D007
:106C60007F00009901801A00000000000000000071
:106C70000000000000000000000000000000000014
:106C80000000000000000000000000000000000004
:106C900000000000000000000000000000000000F4
:106CA000000000000000900600000000F41F00003B
:106CB0000000F82F00000000FC2F00000000F41F6F
:106CC00000000000900600000000000000000054DA
:106CD0005505000000FCFF1F000000FCFF1F000026
:106CE00000FCFF1F00000000F01F00000000F01F6C
:106CF00000000000F01F00000000F01F0000000076
:106D0000F01F00000000F01F00000000F01F000056
:106D10000000F01F00000000F01F00000000F01F46
:106D200000000000F01F000000AAFABF6A0000FE89
:106D3000FFFFBF0000FEFFFFBF000099AAAA660088
:106D40000000000000000000000000000000000043
:106D50000000000000000000000000000000000033
:106D60000000000000000000000000000000000023
:106D7000000000000000000000000000000000A46F
:106D80000100000000FD0700000000FF0B000000F4
:106D900000FF0B00000000FE0700000000A401003F
:106DA00000000000000000545555010000FEFFFFE8
:106DB000070000FEFFFF070000FEFFFF07000000C6
:106DC00000FD0700000000FC0700000000FC0700B9
:106DD000000000FC0700000000FC0700000000FCB1
:106DE0000700000000FC0700000000FC0700000096
:106DF00000FC0700000000FC0700000000FC07008A
:106E0000000000FC0700000000FC0700000000FC80
:106E10000700000000FC0700000000FD0700000064
:106E200000FE0300400640FF020040BFEAFF0100F1
:106E300040FFFFBF000040FFFF1F000000E9BF014F
:106E40000000000000000000000000000000000042
:106E50000000000000540100000000FE02000000DD
:106E600000FE0200000000FE0200000000FE020022
:106E7000000000FE0200000000FE0200000000FE14
:106E80000240550000FE02E0BF0000FE02F82F00A5
:106E900000FE02FD0B0000FE42FF020000FEC2FFEA
:106EA000000000FEF27F000000FEFA1F000000FE5E
:106EB000FF07000000FEFF0B000000FEFA1F0000AD
:106EC00000FEF27F000000FED2FF000000FE42FF45
:106ED000020000FE02FE0B0000FE02FC1F0000FE8E
:106EE00002F47F0000FE02D0FF01009901409501ED
:106EF0000000000000000000000000000000000092
:106F00000000000000000000000000000000000081
:106F10000000000000000000000000000000000071
:106F200000000000000000000000000000545505B3
:106F3000000000FCFF1F000000FCFF1F000000FC21
:106F4000FF1F00000000F01F00000000F01F000005
:106F50000000F01F00000000F01F00000000F01F04
:106F600000000000F01F00000000F01F0000000003
:106F7000F01F00000000F01F00000000F01F0000E4
:106F80000000F01F00000000F01F00000000F01FD4
:106F900000000000F01F00000000F01F00000000D3
:106FA000F01F00000000F01F00000000F01F0000B4
:106FB00000AAFABF6A0000FEFFFFBF0000FEFFFF4D
:106FC000BF000099AAAA66000000000000000000AF
:106FD00000000000000000000000000000000000B1
:106FE00000000000000000000000000000000000A1
:106FF0000000000000000000000000000000000091
:107000000000000000000000000000000000000080
:107010000000000000000000000000000000000070
:10702000000000000000000000000000000040051B
:107030006A801A00D08FFFF17F00D0EFFFFAFF00C7
:10704000D0FFFEBFFF01D0BFF42FFD01D07FF40FB2
:10705000FD02D02FF40BFD02D01FF407FD02D02F4C
:10706000F407FD02D01FF407FD02D01FF407FD0254
:10707000D01FF407FD02D01FF407FD02D01FF40754
:10708000FD02D01FF407FD02D01FF407FD02D01F40
:10709000F407FD01D02FF40BFD0280196006980162
:1070A00000000000000000000000000000000000E0
:1070B00000000000000000000000000000000000D0
:1070C00000000000000000000000000000000000C0
:1070D00000000000000000000000000000000000B0
:1070E00000000000000000000000000000000000A0
:1070F0000000000000000000000000000000000090
:107100000000000000000055406A000000FEF4FF8F
:10711000070000FEFDFF1F0000FEFFFF2F0000FE26
:107120007FF43F0000FE0FD03F0000FE03D07F0041
:1071300000FE02D07F0000FE01D07F0000FE01D0E3
:107140007F0000FE01D07F0000FE01D07F0000FE26
:1071500001D07F0000FE01D07F0000FE01D07F0043
:1071600000FE01D07F0000FE01D03F0000FF02D0F2
:107170007F00009901801A0000000000000000005C
:1071800000000000000000000000000000000000FF
:1071900000000000000000000000000000000000EF
:1071A00000000000000000000000000000000000DF
:1071B00000000000000000000000000000000000CF
:1071C00000000000000000000000000000000000BF
:1071D00000000000000000000000000000000000AF
:1071E000A51A00000090FFFF020000F4FFFF0B0053
:1071F00000FDFFFF2F0000FE1BF47F0040FF02D0C8
:10720000BF0080FF0080FF0080BF0040FF01C0BFC3
:107210000040FF01C07F0040FF01C0BF0040FF01F0
:10722000C0BF0040FF0080FF0080FF0040FF01C0A2
:10723000BF0000FF07F47F0000FEBFFE2F0000F834
:10724000FFFF0B0000E0FFFF02000040FA6B0000B0
:10725000000000000000000000000000000000002E
:10726000000000000000000000000000000000001E
:10727000000000000000000000000000000000000E
:1072800000000000000000000000000000000000FE
:1072900000000000000000000000000000000000EE
:1072A00000000000000000000000000000000000DE
:1072B0000000000000000055406A000000FEF4FFDE
:1072C000070000FEFDFF1F0000FEFFFF3F0000FE65
:1072D0007FE47F0000FE0FC0BF0000FE0380FF00C0
:1072E00000FE0240FF0100FE0140FF0100FE0140E0
:1072F000FF0100FE0140FF0100FE0140FF0000FE13
:107300000180FF0000FE01D0BF0000FE01F47F00FD
:1073100000FEABFE2F0000FEFFFF0B0000FEFFFF94
:10732000020000FEFB1B000000FE0100000000FE4A
:107330000100000000FE0100000000FE010000004E
:1073400000FE0100000000FF0200000000550100E7
:10735000000000000000000000000000000000002D
:10736000000000000000000000000000000000001D
:10737000000000000000000000000000000000000D
:1073800000000000000000000000000000000000FD
:10739000A46A25000080FFFF7F0000F4FFFF7F004C
:1073A00000FCBFFE7F0000FE0BD07F0040FF02C04C
:1073B0007F0040FF01D07F0080BF00D07F0080BFF2
:1073C00000D07F00C0BF00D07F00C0BF00D07F00D2
:1073D00080BF00C07F0080BF00E07F0080FF01F41D
:1073E0007F0040FF02FD7F0000FEEFFF7F0000FDF9
:1073F000FFEF7F0000F4FFCB7F000090BFC17F0054
:10740000000000D07F00000000D07F00000000D00E
:107410007F00000000D07F00000000D03F0000008F
:1074200000D07F00000000401500000000000000B8
:10743000000000000000000000000000000000004C
:10744000000000000000000000000000000000003C
:10745000000000000000000000000000000000002C
:10746000000000000000005401A9010000FCD3FF4F
:107470000F0000FCF6FF3F0000FCFFFB7F0000FC5C
:10748000BFC0BF0000FC2F80FF0000FC0B40FF00CE
:1074900000FC0740AA0000FC0700000000FC0700F9
:1074A000000000FC0700000000FC0700000000FCDA
:1074B0000700000000FC0700000000FC07000000BF
:1074C00000FC0700000000FC0700000000FC0700B3
:1074D0000000006402000000000000000000000046
:1074E000000000000000000000000000000000009C
:1074F000000000000000000000000000000000008C
:10750000000000000000000000000000000000007B
:10751000000000000000000000000000000000006B
:10752000000000000000000000000000000000005B
:10753000000000000000000000000000000000004B
:10754000A56A01000090FFFF0B0000F4FFFF0B0095
:1075500000FCAFEA0B0000FD0700050000FE030081
:10756000000000FD0B00000000FDBF01000000F85E
:10757000FF6F000000E0FFFF06000040FEFF1F005D
:10758000000090FF2F00000000F43F00000000E02A
:107590003F00000500F02F0000AE55FD1F0000FD6C
:1075A000FFFF0B0000FEFFFF020000A4FF6B0000C6
:1075B00000000000000000000000000000000000CB
:1075C00000000000000000000000000000000000BB
:1075D00000000000000000000000000000000000AB
:1075E000000000000000000000000000000000009B
:1075F00000000000000000000000A40000000040A7
:10760000FF0000000040FF0000000040FF000000FD
:107610000040FF0000004095FF551500D0FFFFFF20
:107620003F00D0FFFFFF3F00D0FFFFFF2F000040D3
:10763000FF0000000040FF0000000040FF000000CD
:107640000040FF0000000040FF0000000040FF007D
:1076500000000040FF0000000040FF00000000406C
:10766000FF0000000040FF0000000040FF0200009B
:107670000000FFAB2A000000FEFF3F000000F8FF03
:107680003F00000090FE2A00000000000000000003
:1076900000000000000000000000000000000000EA
:1076A00000000000000000000000000000000000DA
:1076B00000000000000000000000000000000000CA
:1076C00000000000000000000000000000000000BA
:1076D00000000000000000000000000000000000AA
:1076E0000000000000000000000000000000005545
:1076F0000040150000FF01D03F0000FE01D03F0018
:1077000000FE01D03F0000FE01D03F0000FE01D08E
:107710003F0000FE01D03F0000FE01D03F0000FE10
:1077200001D03F0000FE01D03F0000FE01D03F002D
:1077300000FE01D03F0000FE01E03F0000FE02F429
:107740003F0000FE03FD3F0000FDEFFF3F0000FC97
:10775000FFAF3F0000F4FF8B3F000090BF411500DA
:107760000000000000000000000000000000000019
:107770000000000000000000000000000000000009
:1077800000000000000000000000000000000000F9
:1077900000000000000000000000000000000000E9
:1077A00000000000000000000000000000000000D9
:1077B00000000000000000000000000000000000C9
:1077C000000000000000501500005401E07F0000A0
:1077D000FE03C0BF0000FF0180FF0040FF0040FF2C
:1077E0000180BF0000FF02C07F0000FE03D03F0009
:1077F00000FD07E02F0000F80BF40F0000F40FF875
:107800000B0000F01FFC070000E02FFD030000D07C
:107810003FFE02000080BFFF01000040FFBF0000EC
:107820000000FF7F00000000FE3F00000000FD2F71
:1078300000000000640500000000000000000000DF
:107840000000000000000000000000000000000038
:107850000000000000000000000000000000000028
:107860000000000000000000000000000000000018
:107870000000000000000000000000000000000008
:1078800000000000000000000000000000000000F8
:107890000000000000000000000000000000500593
:1078A00000005001F00F0000F807E01F0000F8038F
:1078B000E01F0000F803E01F0000FC02D02F500181
:1078C000FC02D02FF40BFC02D02FF80FFD01C03FBB
:1078D000F81FFD01803FFC2FFD00803FFD3FFE00B3
:1078E000807FBE7FBE0040BF3FBEBE0040FF2FFE78
:1078F000BF0040FF2FFD7F0000FF1FFC7F0000FE48
:107900000BF87F0000FE0BF43F00005902901500B9
:107910000000000000000000000000000000000067
:107920000000000000000000000000000000000057
:107930000000000000000000000000000000000047
:107940000000000000000000000000000000000037
:107950000000000000000000000000000000000027
:107960000000000000000000000000000000000017
:1079700000000000000040550000550080FF01801D
:10798000FF0100FF03D07F0000FD0BF02F0000F887
:107990001FF80F0000F03FFD070000D0BFFF0200FE
:1079A0000040FFFF00000000FE7F00000000FC2FF1
:1079B00000000000FE7F00000040FFFF000000D03C
:1079C000BFFF020000F03FFE070000F81FFC1F0091
:1079D00000FD0BF42F0040FF02E0BF00C0FF01C01C
:1079E000FF0190650040560100000000000000000B
:1079F0000000000000000000000000000000000087
:107A00000000000000000000000000000000000076
:107A10000000000000000000000000000000000066
:107A20000000000000000000000000000000000056
:107A30000000000000000000000000000000000046
:107A400000000000000000000000000000005015D1
:107A500000005401E07F0000FE03C0BF0000FF01F2
:107A600080FF0040FF0040FF0180BF0000FF02D008
:107A70007F0000FE03E03F0000FD07F02F0000F84C
:107A80000BF40F0000F40FF80B0000F01FFC0700D0
:107A900000E03FFD030000D03FFE02000080BFFF7A
:107AA00000000040FFBF00000000FF7F000000005A
:107AB000FE3F00000000FD1F00000000FC0F000062
:107AC0000000FD0B00000000FE0300000080FF012D
:107AD000000090F9BF000000D0FF2F000000D0FF91
:107AE0000B000000D0AF010000000000000000000B
:107AF0000000000000000000000000000000000086
:107B00000000000000000000000000000000000075
:107B10000000000000000000000000000000000065
:107B200000000000000000545555150000FDFFFF47
:107B30002F0000FDFFFF2F0000FDFFFF2F00009929
:107B4000A6FE1F00000000FE0700000040FF02002C
:107B50000000D0BF00000000F03F00000000F81F50
:107B600000000000FE0B00000040FF02000000D0FB
:107B7000FF00000000F07F00000000F86F551500C6
:107B800000FDFFFF3F0000FEFFFF3F0000FEFFFF84
:107B90003F000099AAAA19000000000000000000A0
:107BA00000000000000000000000000000000000D5
:107BB00000000000000000000000000000000000C5
:107BC00000000000000000000000000000000000B5
:107BD00000400500000000FE0B000000D0FF0B007D
:107BE0000000F0FF0B000000F41F00000000F80789
:107BF00000000000FC0300000000FC030000000087
:107C0000FC0300000000FC0300000000FC03000077
:107C10000000FC0300000000FC0200000000FD0268
:107C200000000094FF01000000FE7F00000000FE45
:107C30001F00000000FEBF0000000040FF01000028
:107C40000000FD0200000000FC0200000000FC0338
:107C500000000000FC0300000000FC030000000026
:107C6000FC0300000000FC0300000000FC03000017
:107C70000000FC0300000000F80700000000F81FEF
:107C800000000000F0BF0A000000D0FF0B00000061
:107C900040FE0B0000000054050000000000000042
:107CA0000000F40B00000000F40B00000000F40BD7
:107CB00000000000F40B00000000F40B00000000C6
:107CC000F40B00000000F40B00000000F40B0000B7
:107CD0000000F40B00000000F40B00000000F40BA7
:107CE00000000000F40B00000000F40B0000000096
:107CF000F40B00000000F40B00000000F40B000087
:107D00000000F40B00000000F40B00000000F40B76
:107D100000000000F40B00000000F40B0000000065
:107D2000F40B00000000F40B00000000F40B000056
:107D30000000F40B00000000F40B00000000F40B46
:107D400000000000F40B00000000F40B0000000035
:107D5000F40B00000000F40B00000000F40B000026
:107D60000000F40B00000000F40B00000000A4066B
:107D700000000000000000000000000000000050B3
:107D80000100000000F46F00000000F4FF0100009B
:107D900000F4FF0700000000FD0B00000000F40FDE
:107DA00000000000E01F00000000E01F00000000D5
:107DB000E01F00000000E01F00000000E01F0000C6
:107DC0000000E01F00000000E01F00000000D02FB6
:107DD00000000000C0BF1500000040FE3F00000092
:107DE00000F93F00000040FF2F000000C0BF00006E
:107DF0000000D02F00000000E01F00000000E01F86
:107E000000000000E01F00000000E01F0000000074
:107E1000E01F00000000E01F00000000E01F000065
:107E20000000E01F00000000F00F00000000F80B51
:107E3000000000A4FF07000000F4FF02000000F4AF
:107E40007F0000000054050000000000000000005A
:107E50000000000000000000000000000000000022
:107E60000000000000000000000000000000000012
:107E70000000000000000000000000000000000002
:107E800000000000000000000000000000000000F2
:107E900000000000000000000000000000000040A2
:107EA0000100000000F82F00000000FFBF00F802F2
:107EB00080FFFF07FC02C0BFFE1FFE01D01FF4FFC2
:107EC000FF01D01FD0FFBF00500540FE2F00000073
:107ED00000A40600000000000000000000000000F8
:107EE0000000000000000000000000000000000092
:107EF0000000000000000000000000000000000082
:107F00000000000000000000000000000000000071
:107F10000000000000000000000000000000000061
:107F20000000000000000000000000000000000051
:107F30000000000000000000000000000000000041
:107F40000000000000000000000000000000000031
:107F50000000000000000000000000000000000021
:107F60000000000000000000000000000000000011
:107F70000000000000000000000000000000000001
:107F800000000000000000000000000000000000F1
:107F90000000000000F0070000F0070000F00700FC
:107FA00000F0030000F0030000F0030000F0030005
:107FB00000E0030000E0030000E0030000E0020036
:107FC00000E00300005001000000000000E002009B
:107FD00000F4070000F4070000E0020000000000C9
:107FE0000000000000000000000000000000000091
:107FF00000000000402F7E00402F7D00402F7D00BC
:10800000402F7D00001F7D00001F7D000005140033
:108010000000000000000000000000000000000060
:108020000000000000000000000000000000000050
:108030000000000000000000000000000000000040
:108040000000000000000000000000000000000030
:1080500000000000000000000029A400002DF40032
:10806000002EB800002EB800A0BFFE0AF0FFFF0BE4
:10807000906FBE05001F7C00401F7C00400F3D003C
:10808000A4AFBE02F8FFFF03945F7E01800B2E00B9
:10809000800B2E00800B2E0080061A0000000000CE
:1080A00000000000000000000000000000000500CB
:1080B00000400F0000400B0000E46B0040FFFF0099
:1080C000D0FFFB00E0CB4300F0C30300F0D7020079
:1080D000E0FF0200C0FF1B0000FEBF0000F4FF0134
:1080E00000F0FD0300F0F00300B4F003A0B5F902C6
:1080F000F0FFFF01F0FF7F0050BE06000078000097
:10810000003C0000003D00000000000000000000F6
:1081100000010000D02F400BF47EC007B8B8E00289
:1081200078B4F400B8B47C00F47E2D00E02F1F007A
:1081300040850B0000D0030000F0010000B8A8014A
:10814000007DFE07005E9F0B408F4B0BC0874B0BE3
:10815000E0428B0BF400FF076800B901000000004B
:10816000000000000000000000000000000000000F
:108170000000000000F9060040FF1F00D05F3F0034
:10818000D0077E00E0077E00D0073F00C0DF1F0061
:1081900040FF070040FF0000D0FFD107F0F7D307F2
:1081A000F4E1EB03F881FF02F801FF01F802FD01A1
:1081B000F4ABFF02E0FFFF0B40FE861A0000000058
:1081C00000000000000000000000000000000000AF
:1081D0000000000000F0070000F0030000F00300C2
:1081E00000E0030000E0030000E0030000400100A5
:1081F000000000000000000000000000000000007F
:10820000000000000000000000000000000000006E
:10821000000000000000000000000000000000005E
:10822000000000000000000000000000000000004E
:108230000000180000007E0000402F0000D00F005A
:1082400000E0070000F4020000F8000000BD00009C
:10825000007D0000007E0000003E0000003E0000A7
:10826000003E0000003E0000007E0000007D000097
:1082700000BD000000F8010000F4020000E007006B
:1082800000D00F0000802F00000000000000000060
:1082900000090000002F000000BE000000F80100EF
:1082A00000F0030000D00B0000C00F0000801F0092
:1082B00000402F0000002F0000003E0000003E00A4
:1082C00000003E0000003E0000002F0000402F0094
:1082D00000801F0000C00F0000D00B0000F0030062
:1082E00000F8010000BE00000000000000000000D7
:1082F0000000000000E0020040E0420080D3E20005
:10830000D0EFFE0140FE6F0000F80B0040FFBF0001
:10831000D0EBFA0180D2A20000E00200009002003F
:10832000000000000000000000000000000000004D
:10833000000000000000000000000000000000003D
:10834000000000000000000000000000000000002D
:10835000000000000000000000000000000000001D
:10836000000000000000000000E0020000E0030048
:1083700000E0030000E0030050E55701F4FFFF07B1
:10838000F4FFFF0750E5570100E0030000E00300A1
:1083900000E0030000E003000050010000000000C6
:1083A00000000000000000000000000000000000CD
:1083B00000000000000000000000000000000000BD
:1083C00000000000000000000000000000000000AD
:1083D000000000000000000000000000000000009D
:1083E000000000000000000000A0010000F40700F1
:1083F00000F80B0000F40B0000D00B0000D00B00C5
:1084000000E0030040FE010000000000000000004A
:10841000000000000000000000000000000000005C
:10842000000000000000000000000000000000004C
:1084300000000000000000000055150000FF7F0054
:1084400000FF7F0000551500000000000000000044
:10845000000000000000000000000000000000001C
:10846000000000000000000000000000000000000C
:1084700000000000000000000000000000000000FC
:1084800000000000000000000000000000000000EC
:1084900000000000000000000000000000000000DC
:1084A000000000000000000000E0020000F80B00E7
:1084B00000F80B0000F80B0000E0020000000000D4
:1084C00000000000000000000000000000000000AC
:1084D000000000000000F4020000F8010000BC00F1
:1084E00000007D0000003E0000402F0000801F00C3
:1084F00000C00B0000D0070000E0030000F4020001
:1085000000F8010000BC0000007D0000003E0000FB
:10851000402F0000801F0000C00B0000D0070000AB
:10852000F0030000A00100000000000000000000B7
:10853000000000000000000000E81B0040FFBF003A
:10854000C0AFFE01E00BF802F003F003F402F40701
:10855000F402FE07F4D1FF0BF4F5DB0BF4FFD10BB3
:10856000F42FD007F40BE007F003F003E00BF80260
:10857000D0AFFE0040FF7F0000F91B0000000000AC
:1085800000000000000000000000000000000000EB
:1085900000000000000000000090060000F90B0041
:1085A00090FF0B00E0EF0B00D0D60B0040D00B008B
:1085B00000D00B0000D00B0000D00B0000D00B004F
:1085C00000D00B0000D00B0000D00B0000D00B003F
:1085D000D0FFFF03D0FFFF0390AAAA020000000013
:1085E000000000000000000000000000000000008B
:1085F000000000000000000000F91B0080FF7F0069
:10860000D0AFFF008006FD010000F8010000F80176
:108610000000FC010000BD0000407F0000C02F00F2
:1086200000E00B0000F8020000BE0000803F0000E8
:10863000D0FFFF02E0FFFF0390AAAA0200000000A3
:10864000000000000000000000000000000000002A
:10865000000000000000000040FE0A00C0FF7F0094
:10866000C0AABF000000FD000000F8010000FC00EF
:108670000000BE0000E92F0000FE6F000095FF0122
:108680000000F8020000F0030000F4030000F8020C
:1086900090AAFF01D0FF7F00D0FF0600000000007D
:1086A00000000000000000000000000000000000CA
:1086B000000000000000000000806A0000D07F0081
:1086C00000E07F0000F47F0000BC7D00007E7D00A4
:1086D000402F7D00801F7D00D00B7D00E0037D00DA
:1086E000F456BE05F8FFFF0BF8FFFF0B6465BE05EF
:1086F00000007D0000007D00000069000000000017
:108700000000000000000000000000000000000069
:10871000000000000000000080AAAA00C0FFFF00C7
:10872000C0FFFF00C05B5500C00B0000C00B000085
:10873000C05F0500C0FF2F00C0FFFF000000FD016B
:108740000000F8020000F4020000F4020000FC0146
:1087500090AABF00D0FF2F0090BF060000000000CD
:108760000000000000000000000000000000000009
:1087700000000000000000000050AA0000F8FF0008
:1087800000FEAA00806F0000C00F0000D00B0000A8
:10879000E0570500E0FFBF00F0FFFF02F01BF80309
:1087A000F003F007E007E007E007E007D00BF40371
:1087B000C0AFFE0140FFBF0000F81B00000000003A
:1087C00000000000000000000000000000000000A9
:1087D0000000000000000000A0AAAA02F0FFFF03B2
:1087E000E0FFFF035055F9020000FC010000BD004E
:1087F00000007F0000402F0000801F0000D00F000D
:1088000000E00B0000F4030000F8020000FC01008F
:1088100000BE0000007F0000402A000000000000B1
:108820000000000000000000000000000000000048
:10883000000000000000000000F91B0040FFBF0026
:10884000D05FF901D007F402E007F002D00BF80185
:10885000C07FBE0040FF2F0000FD2F0040BFFF0083
:10886000D01FFD02E007F403E003F003E007F40388
:10887000E06FFE0280FFBF0000F91B000000000057
:1088800000000000000000000000000000000000E8
:10889000000000000000000000F91B0080FF7F00C6
:1088A000D0AFFE00F007F801F003F402F402F40286
:1088B000F403F003F00BF903D0FFFF0380FFFF0385
:1088C0000054F5020000F4020000FC010050BF005B
:1088D000D0FF3F00D0FF0B00906A010000000000B5
:1088E0000000000000000000000000000000000088
:1088F0000000000000000000000000000000000078
:10890000000000000000000000E0020000F40B0086
:1089100000F80B0000F40700005001000000000008
:1089200000000000000000000050010000F40700FB
:1089300000F80B0000F40B0000E002000000000053
:108940000000000000000000000000000000000027
:108950000000000000000000000000000000000017
:10896000000000000000000000E0020000F40B0026
:1089700000F80B0000F407000050010000000000A8
:1089800000000000000000000090010000F407005B
:1089900000F40B0000F00F0000D00F0000C00B002F
:1089A00000E0070040FE01000000000000000000A1
:1089B00000000000000000000000000000000000B7
:1089C00000000000000028000000BE0000C07F0082
:1089D00000F40B0000FD020040BF0000D01F0000AB
:1089E000D02F000040BF000000F8070000E01F008B
:1089F00000807F000000BE00000028000000000092
:108A00000000000000000000000000000000000066
:108A10000000000000000000000000000000000056
:108A20000000000000000000000000000000000046
:108A300090AAAA01E0FFFF0290AAAA01000000008C
:108A40000000000090AAAA01E0FFFF0290AAAA017C
:108A50000000000000000000000000000000000016
:108A60000000000000000000000000000000000006
:108A700000000000000000000000000000000000F6
:108A800000000000000A0000403F000000FE01005E
:108A900000F8070000E01F0000807F000000FD02DA
:108AA0000000FE0100807F0000E01F0000FD0200CA
:108AB00040BF0000402F000000090000000000003F
:108AC00000000000000000000000000000000000A6
:108AD0000000000000BE010000FE1F0000FA7F0041
:108AE0000040FF000000FD010000FC010000FC014F
:108AF0000000FE0000F87F0000F81B0000F80100F5
:108B000000F8000000A400000000000000B4000015
:108B100000FD020000FD020000B4000000000000A3
:108B20000000000000000000000000000000000045
:108B30000000050000E46F0000FDFF01006FE4038A
:108B4000800FD007D007800BE002400BF0E16B0FE5
:108B5000F4F87F0FB4BC6E0FB83D6E0F782E6E0F19
:108B6000782E5E0F7C2E5F0B7C2E5F0B78AEAF07EE
:108B700078FDFF03B8B8B901B8000000F4010000A7
:108B8000F0021000D05B790000000000000000003F
:108B9000000000000000000000A40A0000F80F0020
:108BA00000FC1F0000BD2F00007E2F00002F3F00A3
:108BB000402F7E00401FBD00800FFD00C00BFC0158
:108BC000D00BF801E0FFFF02E0FFFF03F067F907B9
:108BD000F401E00BF801D00FA800800A00000000AB
:108BE0000000000000000000000000000000000085
:108BF000000000000000000090AA1A00E0FFBF0083
:108C0000E0ABFF01E007F802E007F402E007F4023E
:108C1000E007F801E0AB7F00E0FF7F00E09BFE0291
:108C2000E007F403E007E007E007F007E007F803D8
:108C3000E0ABFF02E0FFBF0090AA160000000000BA
:108C40000000000000000000000000000000000024
:108C5000000000000000000000A4BF0100FDFF02B2
:108C600040FFFA02C06F4001D00F0000E00B00008F
:108C7000F0070000F0070000F0030000F003000020
:108C8000F0070000E0070000E00F0000D02F4001D7
:108C900080FFFA0200FEFF0200E4AF0100000000C6
:108CA00000000000000000000000000000000000C4
:108CB0000000000000000000A0AA0600F0FF6F0006
:108CC000F0ABFF00F002FD02F002F403F002E00757
:108CD000F002E007F002E00BF002E00BF002E00B24
:108CE000F002E007F002F007F002F403F002FD01E9
:108CF000F0EBBF00F0FF2F00A0AA01000000000071
:108D00000000000000000000000000000000000063
:108D1000000000000000000080AAAA01C0FFFF01BF
:108D2000C0AFAA01C00F0000C00F0000C00F0000BC
:108D3000C01F0000C0FFFF00C0FFFF00C06F550054
:108D4000C00F0000C00F0000C00F0000C00F0000E7
:108D5000C0AFAA01C0FFFF0180AAAA010000000065
:108D60000000000000000000000000000000000003
:108D7000000000000000000080AAAA00C0FFFF0160
:108D8000C0AFAA00C00F0000C00F0000C00F00005D
:108D9000C00F0000C06F5500C0FFFF00C0FFBF0044
:108DA000C01F0000C00F0000C00F0000C00F000077
:108DB000C00F0000C00F0000800A0000000000008B
:108DC00000000000000000000000000000000000A3
:108DD000000000000000000000A4AF0100FEFF033F
:108DE00080FFFA03D02F4001E00B0000F0030000E9
:108DF000F4020000F442AA02F442FF03F442FA0330
:108E0000F402E003F403E003F007E003E01FE003F3
:108E1000C0FFFA0340FFFF0300E4AF0100000000C1
:108E20000000000000000000000000000000000042
:108E30000000000000000000A002A002F003E00318
:108E4000F003E003F003E003F003E003F003E003CA
:108E5000F057E503F0FFFF03F0FFFF03F09BF6037D
:108E6000F003E003F003E003F003E003F003E003AA
:108E7000F003E003F003E003A002A0020000000002
:108E800000000000000000000000000000000000E2
:108E9000000000000000000090AAAA01D0FFFF011E
:108EA00090FAAB0100F0030000F0030000F00300B3
:108EB00000F0030000F0030000F0030000F00300E6
:108EC00000F0030000F0030000F0030000F00300D6
:108ED00090FAAB01D0FFFF0190AAAA0100000000A8
:108EE0000000000000000000000000000000000082
:108EF000000000000000000080AA6A00C0FFBF0060
:108F000080AABE000000BD000000BD000000BD0042
:108F10000000BD000000BD000000BD000000BD005D
:108F20000000BD000000BD000000BD0040007F004B
:108F3000C0AB3F00C0FF1F0040FE06000000000065
:108F40000000000000000000000000000000000021
:108F500000000000000000009006A006E007F802F4
:108F6000E007FD00E0077F00E0872F00E0C70F006B
:108F7000E0E70700E0FB0200E0FF0100E0FB070084
:108F8000E0E70B00E0C71F00E0473F00E007BE003E
:108F9000E007FD01E007F8039006A00600000000CE
:108FA00000000000000000000000000000000000C1
:108FB0000000000000000000801A0000801F000078
:108FC000801F0000801F0000801F0000801F000025
:108FD000801F0000801F0000801F0000801F000015
:108FE000801F0000801F0000801F0000801F000005
:108FF00080FFFF0280FFFF0280AAAA02000000009B
:109000000000000000000000000000000000000060
:109010000000000000000000A006A402F00FF8030A
:10902000F01FFC03F01FFD03F02EEE03F03DDF0701
:10903000F07DDB07F0F8CB07F4F4C707F4F0C307C3
:10904000F4F0C207F490C107F400C007F400C00BAD
:10905000F400C00BF400C00BA40080060000000068
:109060000000000000000000000000000000000000
:109070000000000000000000A00A9002F01FD007CE
:10908000F02FD007F03FD007F07FD007F0BED00719
:10909000F0FAD107F0F6D207F0E2D307F0D2D70703
:1090A000F0C2DB07F082EF07F002FF07F002FE07D5
:1090B000F002FD07F002FC07A002A402000000007D
:1090C00000000000000000000000000000000000A0
:1090D000000000000000000000E81B0040FFBF008F
:1090E000C0BFFF01E00BF803F003F007F402E00B50
:1090F000F402D00BF801D00BF801D00BF801D00B23
:10910000F802D00BF402E007F403F007E00BF802DA
:10911000D0BFFF0180FF7F0000F91B0000000000AE
:10912000000000000000000000000000000000003F
:10913000000000000000000090AA0600D0FF7F00A1
:10914000D0AFFF01D007F803D007F003D007E00746
:10915000D007F007D007F403D007FD02D0FFBF000F
:10916000D0FF2F00D05B0100D0070000D007000027
:10917000D0070000D00700009006000000000000AB
:1091800000000000000000000000000000000000DF
:10919000000000000000000000E81B0040FFBF00CE
:1091A000C0BFFF01E00BF803F003F007F402E00B8F
:1091B000F402D00BF801D00BF801D00BF801D00B62
:1091C000F802D00BF402E007F407F007E01FF90201
:1091D000D0FFFF0140FF7F0000F90B0000E003001B
:1091E00000E00B0500D0FF0B0000000000000000B5
:1091F000000000000000000090AA0600E0FF7F00D1
:10920000E0ABFF00E007FD01E007F802E007F8022D
:10921000E007FC01E09BBF00E0FF1F00E0FF0F0044
:10922000E0872F00E0077F00E007BE00E007FC01B9
:10923000E007F802E007F4039006A0060000000033
:10924000000000000000000000000000000000001E
:10925000000000000000000000E96B0040FFBF00BC
:10926000D0BFBA00E00B4000E0070000E00B0000B8
:10927000D0BF010080FF1B0000FE7F0000E4FF0163
:109280000000FD020000F4030000F4036000F80297
:10929000F0ABFF01F0FF7F0090FE1A00000000001D
:1092A00000000000000000000000000000000000BE
:1092B0000000000000000000A0AAAA06F4FFFF07BB
:1092C000A0FAAB0600F0030000F0030000F003007A
:1092D00000F0030000F0030000F0030000F00300C2
:1092E00000F0030000F0030000F0030000F00300B2
:1092F00000F0030000F0030000A0020000000000E6
:10930000000000000000000000000000000000005D
:109310000000000000000000A002A002F003E0072F
:10932000F002E007F003E007F003E007F003E007D6
:10933000F003E007F003E007F003E007F003E007C5
:10934000F003E007F003E007F003F003E007F402A6
:10935000D06FFE0180FFBF0000F91B00000000007D
:1093600000000000000000000000000000000000FD
:109370000000000000000000A801800AF802D00FE1
:10938000F402D00BF003E007E007F003E00BF40277
:10939000D00BF801C01FF800801FBC00402FBD009B
:1093A000403F7E00007E3E0000BE2F0000FD1F00FB
:1093B00000FC1F0000F80F0000A4060000000000E1
:1093C000000000000000000000000000000000009D
:1093D0000000000000000000A400400AF800800B1C
:1093E000F800800BF400800BF400800BF490810BEC
:1093F000F4E08307F4F0C707F4F0C707F4F4CB07F1
:10940000F079DF07F03DDF07F02EEE07F01FFD03D8
:10941000F00FFC03F00BF803A006A402000000000C
:10942000000000000000000000000000000000003C
:109430000000000000000000A402A006F007F403F2
:10944000D00FFC01C01FBD00403F7F0000FE2F0079
:1094500000FD1F0000F80B0000F4070000FC0F00E7
:1094600000FD2F00007F3F00802FBE00D00FFD01C8
:10947000E00BF802F403F407A802A00A00000000C1
:1094800000000000000000000000000000000000DC
:109490000000000000000000A801800AF402E00BB8
:1094A000F007F003D00BF802C01FFC00402FBD00F6
:1094B000003F3E0000BE2F0000FC1F0000F80B0024
:1094C00000F0070000F0030000F0030000F00300CC
:1094D00000F0030000F0030000A002000000000004
:1094E000000000000000000000000000000000007C
:1094F000000000000000000090AAAA02E0FFFF03A5
:10950000E0FFFF020000FD010000BE0000403F0040
:1095100000C01F0000E00B0000F0070000F8020090
:1095200000FD0000007F0000802F0000D01F000021
:10953000E0FFFF03F0FFFF03A0AAAA020000000063
:10954000000000000000000000000000000000001B
:109550000059150000FE2F0000FD2F00007D0000C7
:10956000007D0000007D0000007D0000007D000007
:10957000007D0000007D0000007D0000007D0000F7
:10958000007D0000007D0000007D0000007D0000E7
:10959000007D0000007D0000007D0000007D0000D7
:1095A000007D000000BD2A00000000000000000057
:1095B00000000000D0070000C00B0000801F00006A
:1095C000402F0000003E0000007D000000BC0000B5
:1095D00000F8010000F4020000E0030000D00700E2
:1095E00000C00B0000801F0000402F0000003E0064
:1095F00000007D000000BC000000F8010000F40243
:109600000000E003000090020000000000000000E5
:1096100000550A0000FF1F0000FE1F0000401F0051
:1096200000401F0000401F0000401F0000401F00BE
:1096300000401F0000401F0000401F0000401F00AE
:1096400000401F0000401F0000401F0000401F009E
:1096500000401F0000401F0000401F0000401F008E
:1096600000401F0000EA1F00000000000000000092
:10967000000000000000000000A0020000F407004D
:1096800000B80F00002D1F00001F3D00800BBC0024
:10969000C007F401E002E0025000400100000000B9
:1096A00000000000000000000000000000000000BA
:1096B00000000000000000000000000000000000AA
:1096C000000000000000000000000000000000009A
:1096D000000000000000000000000000000000008A
:1096E000000000000000000000000000000000007A
:1096F000000000000000000000000000000000006A
:109700000000000000000000000000000000000059
:109710000000000000000000000000000000000049
:1097200000000000A8AAAA1A000000000000000023
:1097300000000000D01F0000407F000000F8010082
:1097400000500100000000000000000000000000C8
:109750000000000000000000000000000000000009
:1097600000000000000000000000000000000000F9
:1097700000000000000000000000000000000000E9
:1097800000000000000000000000000000000000D9
:1097900000000000000000000000000000000000C9
:1097A000000000000050010080FF2F00C0FFFF00FC
:1097B0008005FD010000F4020050F50200FEFF02EA
:1097C00080FFFF02D01FF402E007F402E007FD0271
:1097D000E0AFFF02C0FFFB0240BEA101000000009D
:1097E0000000000000000000000000000000000079
:1097F00000000000D0070000D0070000D0070000E4
:10980000D0070000D0070500D0D77F00D0FBFF01B4
:10981000D0BFFE02D01FF403D00BE007D007E00753
:10982000D007E007D007E007D007F003D007F80221
:10983000D0AFFE01D0FF7F0080FE1A0000000000C4
:109840000000000000000000000000000000000018
:109850000000000000000000000000000000000008
:10986000000000000000150000E4FF0000FEFF0102
:1098700040BFEA01C02F0000D00F0000D00B000055
:10988000D00B0000D00B0000D00F0000C02F400014
:1098900040FFFA0100FEFF0100E4AF0000000000FD
:1098A00000000000000000000000000000000000B8
:1098B000000000000000F4020000F4020000F402C6
:1098C0000000F4020040F50200F9FF0240FFFF0231
:1098D000D06FF902E00BF402F003F402F003F4029B
:1098E000F402F402F003F402F003F802E00BFE02CB
:1098F000D0AFFF0280FFFB0200BEA101000000000C
:109900000000000000000000000000000000000057
:109910000000000000000000000000000000000047
:10992000000000000040010000F92F0040FFBF00D0
:10993000C01FF901D007F402E007F003E0FFFF03C6
:10994000F0FFFF03E0575501E0070000D00B0000D7
:10995000C0BFA90140FFFF0100E8AF010000000007
:1099600000000000000000000000000000000000F7
:10997000000054000080FF0700E0FF0700F45B06D2
:1099800000F8020000F8010000F8010050F955014C
:10999000F0FFFF03F0FFFF0350F9550100F801004D
:1099A00000F8010000F8010000F8010000F80100D3
:1099B00000F8010000F8010000A401000000000010
:1099C0000000000000000000000000000000000097
:1099D0000000000000000000000000000000000087
:1099E000000000000050010000FDFF0780FFFF079E
:1099F000C01FBD01D007F800D007F801D00BF80058
:109A0000806FBE0080FF2F00D0570500E0030000EC
:109A1000E0AF1A0080FFFF01D0AFFE03F003E007C4
:109A2000F402E007F05BF903000000000000000012
:109A300000000000D0070000D0070000D0070000A1
:109A4000D0070000D0070500D0D77F00D0FBFF0073
:109A5000D0BFFE01D01FF402D00BF402D007F402F5
:109A6000D007F402D007F402D007F402D007F402C2
:109A7000D007F402D007F4029006A4010000000011
:109A800000000000000000000000000000000000D6
:109A90000040010000E0070000F00B0000E00700BC
:109AA000004001000000000080FF0700C0FF070029
:109AB00040E6070000E0070000E0070000E00700C4
:109AC00000E0070000E0070000E0070000E00700FA
:109AD00090FAAB02D0FFFF0390AAAA020000000098
:109AE0000000000000000000000000000000000076
:109AF0000000140000007F000040BF0000007F0055
:109B00000000140000000000D0FF7F00D0FF7F00A5
:109B100040657E0000007E0000007E0000007E00A8
:109B200000007E0000007E0000007E0000007E003D
:109B300000007E0000007E0000007E0000007E002D
:109B400010403F00E0E62F00000000000000000091
:109B500000000000D00B0000D00B0000D00B000074
:109B6000D00B0000D00B0000D00BF802D00BFD0191
:109B7000D04B7F00D0CB1F00D0EB0B00D0FF0200FA
:109B8000D0FF0300D0EB0B00D0CB2F00D04B7F00D9
:109B9000D00BFE00D00BFC029006A40600000000D3
:109BA00000000000000000000000000000000000B5
:109BB0000000000080FF0700C0FF070040E607002C
:109BC00000E0070000E0070000E0070000E00700F9
:109BD00000E0070000E0070000E0070000E00700E9
:109BE00000E0070000E0070000E0070000E00700D9
:109BF00090FAAB02D0FFFF0390AAAA020000000077
:109C00000000000000000000000000000000000054
:109C10000000000000000000000000000000000044
:109C20000000000000105000B4BDF802F4FFFE0771
:109C3000F4E7DB07F4E2C70BF4E1C20BF4E0C20B7C
:109C4000F4E1C20BF4E0C20BF4E0C20BF4E0C20B8F
:109C5000F4E0C20BF4E1C20BA49082060000000005
:109C600000000000000000000000000000000000F4
:109C700000000000000000000000000000000000E4
:109C80000000000000000500D0D37F00D0FBFF00E3
:109C9000D0BFFE01D01FF402D00BF402D007F402B3
:109CA000D007F402D007F402D007F402D007F40280
:109CB000D007F402D007F4029006A40100000000CF
:109CC0000000000000000000000000000000000094
:109CD0000000000000000000000000000000000084
:109CE000000000000050010000F92F0080FFBF00BD
:109CF000D0AFFE02E00BF403F003E007F402E0074C
:109D0000F402E007F403E007F003F003E00BF802CD
:109D1000D0BFFF0180FF7F0000F91B0000000000A2
:109D20000000000000000000000000000000000033
:109D30000000000000000000000000000000000023
:109D40000000000000000500D0D37F00D0FBFF0121
:109D5000D0BFFE02D01FF403D00BE007D007E0070E
:109D6000D007E007D007E007D007F003D007F802DC
:109D7000D0AFFE01D0FF7F00D0FF1A00D007000057
:109D8000D0070000D0070000000000000000000025
:109D900000000000000000000000000000000000C3
:109DA000000000000040010000F9FF0240FFFF0238
:109DB000D06FF902E00BF402F003F402F003F402B6
:109DC000F402F402F003F402F003F802E00BFE02E6
:109DD000D0AFFF0280FFFB0200BEF5020000F402DC
:109DE0000000F4020000F402000000000000000087
:109DF0000000000000000000000000000000000063
:109E00000000000000000400808BBF00C0EBFF02D8
:109E1000C0BFF903C02FE003C01FE007C00F000060
:109E2000C00F0000C00F0000C00F0000C00F0000F6
:109E3000C00F0000C00F0000800A000000000000FA
:109E40000000000000000000000000000000000012
:109E50000000000000000000000000000000000002
:109E6000000000000040050000F97F0080FFBF00F7
:109E7000C01F5400D00F0000C06F000080FF1B0007
:109E800000FE7F000090FF010000FD010000F801CE
:109E9000D056FE01D0FF7F0080FE1A0000000000B7
:109EA00000000000000000000000000000000000B2
:109EB000000000000000000000A4000000BD000041
:109EC00000BC000000BD0000F4FFFF01F4FFFF0133
:109ED00054FE550100BC000000BD000000BD0000A4
:109EE00000BD000000BD000000BD000000FC00003F
:109EF00000FCAA0100F4FF010090BF010000000077
:109F00000000000000000000000000000000000051
:109F10000000000000000000000000000000000041
:109F20000000000000000000D007F402D007F40297
:109F3000D007F402D007F402D007F402D007F402ED
:109F4000D007F402D007F402D007F802D00BFE02CB
:109F5000D0AFFF0280FFFB0200BEA10100000000A5
:109F600000000000000000000000000000000000F1
:109F700000000000000000000000000000000000E1
:109F80000000000000000000F802D00BF403E0071E
:109F9000E007F003D00BF402C00FF801801FFC00B3
:109FA000402FBD00003F7E00007E2F0000BD1F003F
:109FB00000FC0F0000F80B0000A0060000000000ED
:109FC0000000000000000000000000000000000091
:109FD0000000000000000000000000000000000081
:109FE0000000000000000000B800800FF800800FA3
:109FF000F800800BF451810BF4E1C307F4F1C707BB
:10A00000F0F5CB07F0BADF03E07EEF03E03FFE029E
:10A01000E02FFD02D01FFD02900AA8010000000001
:10A020000000000000000000000000000000000030
:10A030000000000000000000000000000000000020
:10A040000000000000000000F007E007D00FF80259
:10A05000802FFD00007F7E0000FD2F0000F80F0024
:10A0600000F40B0000FC1F0000BE3F00402FBE00AC
:10A07000C01FFC01E00BF403A402A00600000000D6
:10A0800000000000000000000000000000000000D0
:10A0900000000000000000000000000000000000C0
:10A0A0000000000000000000F802D00BF403E007FD
:10A0B000E007F003D00BF402C00FF801801FFC0092
:10A0C000402FBD00003F7E00007E2F0000FD1F00DE
:10A0D00000FC0F0000F80B0000F4070000F4020081
:10A0E00000FC0100A4BF0000000000000000000010
:10A0F0000000000000000000000000000000000060
:10A100000000000000000000D0FFFF01D0FFFF01B1
:10A1100080AAFF0000007F0000802F0000D00F0009
:10A1200000F4070000FC010000BE0000403F0000FA
:10A13000D0FFFF01D0FFFF0190AAAA01000000009C
:10A14000000000000000000000000000000000000F
:10A1500000000000000000000000000000000000FF
:10A1600000000000000000000000000000000000EF
:10A1700000000000000000000000000000000000DF
:10A18000000000000000000000000000B400400FCC
:10A1900000B400000B00B000000B00B000000B008A
:10A1A000B000000B00B000000B005000000000A049
:10A1B00000400F00F400000A000000000000000052
:10A1C00000000000000000005E07E074004E07E0A1
:10A1D00074004E07D074000401000000000000006D
:10A1E000000000000000000000000000000000006F
:10A1F000000000000000000000000000000000005F
:10A2000000000000000080A1001C0BD0B1001D0761
:10A21000E4FA82FF3FE4BA014D07E074004E03F810
:10A22000BEC1FF1FF479018B03B03800CB03602857
:10A2300000000000000000000000004000001C00C2
:10A24000C000406E00FE0BF4BF80D700380A80A724
:10A2500000F80B00FF01D07F00F40F00FB01341E5B
:10A2600040E381751FF8BF80FF07E01B002800C096
:10A2700002001C0000000000001000401F38FCC25B
:10A28000C2350D4CA3C07507EC3A80DF02500D00BB
:10A29000A000400700380AC0FA01DD29A08D03D7CD
:10A2A00034389DC2C21F18B4000000000000000036
:10A2B0000000000000000000B800E02F40DB037445
:10A2C00078408707743C00EB02E00F003E00F4C7C3
:10A2D00081BB1D3CEFC1D21F2CFCC0430BB8FE411B
:10A2E000FF2FD08B020000000000000000000000E3
:10A2F00000000000B400000B00B000000B00B00034
:10A30000000B0050000000000000000000000000F2
:10A31000000000000000000000000000000000003D
:10A32000000000000000000000000000000020000D
:10A330008007003D00E001000F00B4008007003CF2
:10A3400000C002002D00D001001D00D001002D0032
:10A35000D002002C00C003007800400B00F0000089
:10A360001E00D00300000000008000001D00D0038C
:10A37000007800400B00E001001D00D002002C001E
:10A38000C00300380080030038008003003C00C098
:10A3900002002D00D001000E00B4008007003D0037
:10A3A0000000000000000000B000000B006709F48E
:10A3B000FB00FD06801F00FE07B4FA006209000BD7
:10A3C000006000000000000000000000000000002D
:10A3D000000000000000000000000000000000007D
:10A3E000000000000000000000000000000000006D
:10A3F000000B00B000000B00B000545B80FF2FF892
:10A40000FF42B505000B00B000000B00B0000005D6
:10A41000000000000000000000000000000000003C
:10A42000000000000000000000000000000000002C
:10A43000000000000000000000000000000000001C
:10A44000000600F400801F00F401001E00E0004040
:10A450000B007E0000000000000000000000000073
:10A4600000000000000000000000000000000000EC
:10A470000000501500FE07E07F00540100000000BE
:10A4800000000000000000000000000000000000CC
:10A4900000000000000000000000000000000000BC
:10A4A00000000000000000000000000000000000AC
:10A4B0000000000000000000000B00F801801F00F9
:10A4C000F801000B00000000000000000000000088
:10A4D00000000000000E00F000400B00740080033C
:10A4E000002C00D002001E00E000000B0074008071
:10A4F00007003800C002001D00E001000F00B0009E
:10A50000400700780040020000000000000000004A
:10A510000000801F00FE07F0FA400B1F78E0810367
:10A520002E3CF8C2E32F6CDFC27F2CFCD1820B1DC6
:10A5300078E0410B0FF4BA00FE07801B000000001A
:10A540000000000000000000000000000000000A01
:10A5500000F801E01F40FF01741E00E001001E0032
:10A56000E001001E00E001001E00E001000E00E01E
:10A5700001F4FF41FF1FA4AA010000000000000039
:10A5800000000000000000000000801F00FF07F432
:10A59000BE00460B00F000000F00B400400B007C32
:10A5A00000D002001F00B800D003001E00F4FF41DD
:10A5B000FF1FA4AA0100000000000000000000002E
:10A5C000000000000000A01B00FF07B0BE00400B11
:10A5D00000B000400B007800E802D02F00E40B0030
:10A5E000F001001E00E001000F64BE40FF07F41BF5
:10A5F000000000000000000000000000000000005B
:10A600000000006900E007007F00F407807B006D18
:10A6100007E075004F07B4788043077C79C1FF2FAE
:10A62000FCFF42991B0074008007006400000000DA
:10A630000000000000000000000000000000A06A10
:10A6400000FF0BF0BF005B01B000000B00F0050045
:10A65000FF03F0BF00800F00F001001E00F000407B
:10A660000FA4BE40FF03E40B000000000000000048
:10A670000000000000000000000000A900F80BD05E
:10A68000AB001F00B400400B00741980FF07F8FFF7
:10A69000804B1F78D081072D74D0410B1EF0FA003B
:10A6A000FE07801F00000000000000000000000006
:10A6B000000000000000A4AA81FF1FF8FF01550F51
:10A6C00000B400800B007800C003002D00E0010002
:10A6D0000F00B4008007007800C003002D00A00127
:10A6E000000000000000000000000000000000006A
:10A6F0000000802F00FE0BF4F540070E74E0400BC5
:10A700000FF0BA00FD02C02F00EE0BB4F440071E9C
:10A7100078E081071EF4FA00FF0B902F0000000084
:10A720000000000000000000000000000000801F8A
:10A7300000FE07F4BA80070F38E080031E78E0813E
:10A740004B1FF4FF01FE1F40E501000F00B400D0D5
:10A750000BF43F40FF01A4060000000000000000D1
:10A7600000000000000000000000000000000000E9
:10A7700000000000000B00F400801F00F400000542
:10A780000000000000000000000500F400801F0031
:10A79000F400000B000000000000000000000000BA
:10A7A00000000000000000000000000000000000A9
:10A7B000000B00F400801F00F40000050000000002
:10A7C00000000000000600F400401F00F401001E1D
:10A7D00000E001000F007E0000000000000000000B
:10A7E000000000000000000000000002007800E00F
:10A7F00007401F00BC00E002400F00F401003D00D4
:10A80000800B00F002007D008007002000000000A7
:10A810000000000000000000000000000000000038
:10A8200000000000000000000000000000A4AA409A
:10A83000FF0FA4AA000000000040AA0AF4FF40AAEB
:10A840000A000000000000000000000000000000FE
:10A8500000000000000000000000000000000000F8
:10A8600000000900E001007D00800F00F002007D83
:10A8700000400F00B800D007001F00B800E0030040
:10A880001E0080000000000000000000000000002A
:10A89000000000006D00D02F00F90700BC00400B45
:10A8A00000F400400B00B800F807801F007800801B
:10A8B000030024000000003400C007007C004003B7
:10A8C0000000000000000000000000000000040084
:10A8D000F407C0FF002D1EB0C0420728388083E374
:10A8E0003AACBFC3A937DC79C39D36DC69C39D3A56
:10A8F000DCADC2ED2EDCFFC1790B1C00C0020038BC
:10A9000000405B0700000000000000000000401A4B
:10A9100000F801802F00FC02D03E009D03E078008B
:10A920004E07F0B4004B0BB4F040FF1FF8FF815B03
:10A930001E3CD0C2023D1880020000000000000052
:10A9400000000000000000000000A41A40FF07B44F
:10A95000FE40470F74E040070F74B440EB07F47FEC
:10A96000409B0F74E041071D74E041071FB4FE4097
:10A97000FF07A41A00000000000000000000000013
:10A9800000000000000040BE00FC1FE0EB011F04BF
:10A99000B400800B00780080070078008007007802
:10A9A00000800700B400401F04E0EB01FD1F40BE23
:10A9B0000000000000000000000000000000000097
:10A9C0000000A80A80FF03B8BE80430F38E081036F
:10A9D0002D38D082032D38D082032D38D082031E2B
:10A9E00038E081430FB87E80FF02A8060000000017
:10A9F0000000000000000000000000000000A0AA0D
:10AA000000FF0FF0AA000F00F000000F00F00000A0
:10AA1000FF0BF0BF005F05F000000F00F000000F1B
:10AA200000F0AA00FF0FA0AA000000000000000034
:10AA300000000000000000000000A0AA00FF0FF0CE
:10AA4000AA000F00F000000F00F000005F05F0BF4B
:10AA500000FF0BF000000F00F000000F00F00000FE
:10AA60000F00A00000000000000000000000000037
:10AA700000000000000040BE00FD1FF0EB411F146D
:10AA8000B8008007003C00C0831A3CFCC1831E3C18
:10AA9000D081071D78D0411F1DF0FB01FD1F40AF85
:10AAA00000000000000000000000000000000000A6
:10AAB0000000249081071D78D081071D78D0810384
:10AAC0001D78E581FF1FF8FF815B1E38D081071DCF
:10AAD00078D081071D78D081071D249001000000E7
:10AAE0000000000000000000000000000000A4AA18
:10AAF00040FF0FA4AF00B000000B00B000000B003F
:10AB0000B000000B00B000000B00B000000B00B064
:10AB100000A4AF40FF0FA4AA000000000000000046
:10AB200000000000000000000000A06A00FF07A075
:10AB30007A0040070074004007007400400700746A
:10AB400000400700740040070078008107B03E0015
:10AB5000FF02E00B00000000000000000000000009
:10AB600000000000000064A041071F74B440870784
:10AB7000742C40E701740F40BB00F40740BB007425
:10AB80001E40D702743C40870774F440071F64A03E
:10AB900001000000000000000000000000000000B4
:10ABA0000000A000000F00F000000F00F000000FF8
:10ABB00000F000000F00F000000F00F000000F0098
:10ABC000F000000F00F0FF00FF1FA0AA000000002F
:10ABD000000000000000000000000000000064A071
:10ABE000810B1FF8F4814F1FF8F9819E1EA8DEC16A
:10ABF000FA2D6CCFC2B62C2CCBC2622C2CC0C20258
:10AC00002C2CC0C2022C18800200000000000000A2
:10AC1000000000000000000000006490810F1DF89B
:10AC2000D1811F1DF8D2813F1DB8D781771D38DB38
:10AC300081E31D38ED81D31F38FC81831F38F481F7
:10AC4000431F28A0010000000000000000000000D9
:10AC5000000000000000801F00FE07F4FE400B1FF4
:10AC600078E0C2032D3CD0C2032D2CD0C2032D3C72
:10AC7000D0C2032D78E0810B1FF4BE00FE07801FB9
:10AC800000000000000000000000000000000000C4
:10AC90000000A41A40FF07F4FE40471F74E041077C
:10ACA0001D74E041071EB4F440FF0BF42F405B001D
:10ACB00074004007007400400700640000000000BA
:10ACC0000000000000000000000000000000802FD5
:10ACD00000FE07F0FE400B1F78D0C2032D3CD0C20F
:10ACE000022D2CD0C2032D3CD0C2032D78E0814B25
:10ACF0001FF4BF00FE07801F00B000005F01E02FBF
:10AD000000000000000000000000A41A40FF07B48B
:10AD1000BE40470F74F040070F74B440EB07F42FA8
:10AD200040FF01743D40C707747840470B74F04002
:10AD3000071E6490010000000000000000000000F9
:10AD4000000000000000806F00FE0BF4BB400B040D
:10AD50007800800B00F40200FF01D07F00E40F00B8
:10AD6000F801001E00E041410FB8BE80FF07E41B60
:10AD700000000000000000000000000000000000D3
:10AD80000000A8AAC1FF2FA8AF01B000000B00B0BF
:10AD900000000B00B000000B00B000000B00B00082
:10ADA000000B00B000000B00F000000A00000000E3
:10ADB00000000000000000000000000000002890DB
:10ADC00081031D38D081031D38D081031D38D08107
:10ADD000031D38D081031D38D081031D78D0810731
:10ADE0001EF4FA00FF07801F0000000000000000B2
:10ADF000000000000000000000002880C2033C3C6E
:10AE0000D082071D78E0410B0EB4F0000F0BF0B4B8
:10AE1000005E07E07900AD03D03E00FC02801F0019
:10AE2000F801400A000000000000000000000000DF
:10AE30000000000000001880C202382C80C2022CE2
:10AE40002CC0C2622C2CCBC2F22C6CCFC2F62DAC23
:10AE5000DE829A2EF8F9814F1FF8F4810B1F64A04F
:10AE600001000000000000000000000000000000E1
:10AE70000000289081071FB4F4004F0BE07900FD1B
:10AE800003C02F00F801400F00F801C02F00ED03B0
:10AE9000E078404F0BB8F0C1072E28900200000068
:10AEA00000000000000000000000000000002880FA
:10AEB000C2032D78E0410B0FF0B4004E07D03900EB
:10AEC000FD02801F00F801400F00B000000B00B031
:10AED00000000B00B000000A0000000000000000AD
:10AEE00000000000000000000000A4AA41FF1FF4C1
:10AEF000FF01400F007800C003002D00E001400F6B
:10AF0000007800C003002D00E001400F00F8FF8131
:10AF1000FF1FA4AA010000000000000000000000C4
:10AF200000401600FC03C02F002C00C002002C00C3
:10AF3000C002002C00C002002C00C002002C00C087
:10AF400002002C00C002002C00C002002C00C00235
:10AF5000002C00C00200BC02000000000000004005
:10AF60000700B000000F00E001001D00C002003C1F
:10AF7000008007007400000B00E000001E00D001FC
:10AF8000002C008003007800400B00B000000E0091
:10AF9000D00100180000000000501900FD02D02F61
:10AFA00000D002002C00C002002C00C002002C00C7
:10AFB000C002002C00C002002C00C002002C00C007
:10AFC00002002C00C002002C00C002002C00E9028C
:10AFD00000000000000000000000000600F40080F7
:10AFE0001F009C02D038004A0770B080031E144036
:10AFF0000000000000000000000000000000000051
:10B000000000000000000000000000000000000040
:10B010000000000000000000000000000000000030
:10B020000000000000000000000000000000000020
:10B030000000000000000000000000000000000010
:10B04000000000000080AA2A00000000000000406C
:10B050000F00E00200780000050000000000000082
:10B0600000000000000000000000000000000000E0
:10B0700000000000000000000000000000000000D0
:10B0800000000000000000000000000000000000C0
:10B090000000000000005000E02F00FF0B60F400F3
:10B0A000000E00F500FD0FF0FF400B0E78E080472A
:10B0B0000FF4FE00FF0ED09600000000000000001C
:10B0C000000000000000004007007400400700740A
:10B0D00000404700747E40FF0BF4FB411F1EB4D0BC
:10B0E00041072D74D042071D74E041071FB4BA40D8
:10B0F000FF07E01B0000000000000000000000004F
:10B1000000000000000000000000000000004001FE
:10B1100040BF00FD0BE0AB001F00B400400B00B4CB
:10B1200000400B00F400001F04E0BB00FD0F406E68
:10B13000000000000000000000000000000000000F
:10B14000000E00E000000E00E000500E80FF00FE48
:10B150000FF4F5400B0E78E080070E38E080030E08
:10B1600078F0808B0FF4FE00FF0ED09700000000F7
:10B1700000000000000000000000000000000000CF
:10B180000000000000005000802F00FE0BF0F54092
:10B19000071E74E081FF1FF8FF8157057400400B04
:10B1A00000F0A600FE0F80AF0000000000000000CD
:10B1B0000000000000005000D01F00FF02F4154006
:10B1C000070078008007407905F8FF81FF1F94573A
:10B1D0000078008007007800800700780080070072
:10B1E00078004006000000000000000000000000A1
:10B1F00000000000000000000000000000005000FF
:10B20000D0FF02FE2FB0B440070B74B0400B0BF020
:10B210007A00FF027405400700F41A00FF0BF4FAED
:10B2200081072D38D0815B1F000000000000004026
:10B23000070074004007007400404700747E40FF20
:10B240000BF4FB401F0FB4E040070E74E040070E04
:10B2500074E040070E74E0400B0E64A00000000094
:10B26000000000000000000000000500F000401F8A
:10B2700000F0000005000000F00F00FF00500F007C
:10B28000F000000F00F000000F00F000000F00F0D1
:10B2900000A4AF41FF1FA4AA0100000000000000AD
:10B2A00000000000000014008007007C0080070000
:10B2B00014000000F47F40FF0750790080070078F9
:10B2C0000080070078008007007800800700780081
:10B2D00080070078008007003C80E7020000000043
:10B2E000000000400B00B400400B00B400400B0015
:10B2F000B4F0418B0BB47C40D702B40F40BF00F4D4
:10B300000B40EB01742D40CB07B4B8404B1F64A039
:10B31000010000000000000000000000000000002C
:10B32000FF00F00F00F500000F00F000000F00F02C
:10B3300000000F00F000000F00F000000F00F00010
:10B34000000F00F000A4AF41FF1FA4AA01000000FD
:10B3500000000000000000000000000000000000ED
:10B360000000000000000000ECF7C0FF1FBCEFC2AF
:10B37000F32C2CCBC2B22C2CCBC2B22C2CCBC2B215
:10B380002C2CCBC2B22C188602000000000000005A
:10B3900000000000000000000000000000000000AD
:10B3A00000004000747E40FB0BF4FB401F0FB4E034
:10B3B00040070E74E040070E74E040070E74E04052
:10B3C0000B0E64A000000000000000000000000060
:10B3D000000000000000000000000000000050001D
:10B3E000802F00FE0BF4FA800B1E78D081032D38DD
:10B3F000D082031D78E0810B1FF4BE00FE07801F82
:10B40000000000000000000000000000000000003C
:10B41000000000000000000000004000747E40FBBF
:10B420000BF4FB411F1EB4D041072D74D042071D01
:10B4300074E041071FB4BA40FF07F41B40070074D3
:10B4400000400700000000000000000000000000B5
:10B45000000000000000500080FF00FE0FF4F540E7
:10B460000B0E78E080070E38E080030E78F0808BBA
:10B470000FF4FE00FF0ED0E700000E00E000000E0B
:10B4800000000000000000000000000000000000BC
:10B4900000004001B07D00FB0FF0E7011F1DF0D060
:10B4A000010B00B000000B00B000000B00B000006A
:10B4B0000F00A000000000000000000000000000DD
:10B4C000000000000000000000000000000050002C
:10B4D000807F00FE07F051400B00F40100BF01D057
:10B4E0007F00E00B00F400000F64B940FF07E01B91
:10B4F000000000000000000000000000000000004C
:10B5000000004002003C00C003003C00F8FFC0FF08
:10B510000FE45B003C00C003003C00C003003C00A3
:10B52000C00300380080AB00F40F00BE0000000034
:10B53000000000000000000000000000000000000B
:10B54000000000000000000074E040070E74E040BE
:10B55000070E74E040070E74E040070E74F0408B55
:10B560000FF4FE00FF0ED097000000000000000066
:10B5700000000000000000000000000000000000CB
:10B58000000000003CC0C2072D78E0410B0EB4F073
:10B59000004F0BE074009D07D03A00FC02801F00B2
:10B5A000F401400A0000000000000000000000005C
:10B5B000000000000000000000000000000000008B
:10B5C0001C80C302382C80C2522C2CCBC2F62C68B3
:10B5D000DF81FB1EF8EA819F1FF4F5404F0FA4A006
:10B5E000000000000000000000000000000000005B
:10B5F00000000000000000000000000078D0410BB7
:10B600000FF0B500AD07C02F00F801401F00F80291
:10B61000D03F009E07F0F4800B1F689002000000EE
:10B62000000000000000000000000000000000001A
:10B6300000000000000000003CC0C2072D78E0417F
:10B640000B0EB4F0004F0BE074009D07D03A00FCE5
:10B6500002801F00F401400F00B4008007403E004C
:10B6600000000000000000000000000000000000DA
:10B6700000000000F4BF40FF0FA0BE008007002DB7
:10B6800000E001400F007800D003002E00F4FF40DE
:10B69000FF0FA4AA0000000000000000000000004E
:10B6A00000005400D00B006F00B000400700740091
:10B6B00040070074004007007800E403401F00E4E6
:10B6C0000300780040070074004007007400400742
:10B6D000007400000B00F006000A00B000000B0030
:10B6E000B000000B00B000000B00B000000B00B079
:10B6F00000000B00B000000B00B000000B00B00019
:10B70000000B00B000000B00B000000B00B0000008
:10B710000B00B00000000000005000003F00E00BF4
:10B7200000B000000E00E000000E00E000000E007F
:10B73000E00100BD00800F00BD00E001000E00E050
:10B7400000000E00E000000E00E000000F00B90055
:10B7500000000000000000000000000000000000E9
:10B760000000000000000000000000001E00F8873C
:10B7700082BF2D2CFF81D11F00640000000000005B
:10B7800000000000000000000000000000000000B9
:10B7900000000000000000000000000000000000A9
:10B7A0000000000000000000000000000000000099
:10B7B0000000000000000000000000000000000089
:10B7C0000000000000000000000000000000000079
:10B7D00000000000000000000000000000002E003B
:10B7E000002E00001E00001E00001E00001E0000B3
:10B7F0001E00001E00001E00001E00001E00001E95
:10B8000000000500000000001D00002F00002F00B8
:10B81000001D00000000000000000000000000000B
:10B820000000000000D0F201D0F200D0F200D0F20F
:10B8300000D0E200D0E20040500000000000000014
:10B8400000000000000000000000000000000000F8
:10B8500000000000000000000000000000000000E8
:10B8600000000000000000000000000000000000D8
:10B87000808201C0D301C0D201C0D201E4FB0AF82A
:10B88000FF0BE4E606C0E100D0E100D0E100E8FAF9
:10B8900006FCFF07E4F601E0B000E0B000E0B40011
:10B8A000A060000000000000000000000000000098
:10B8B000100000380000380040BE01D0FF02F0FF49
:10B8C00002B41C00B81C00B81D00F41F00F06F008B
:10B8D000D0FF0100FE0300EE0700CB0700CB07649A
:10B8E000DB03F8FF02F8FF00901B00400300400359
:10B8F00000800300000000000000400000F4020A85
:10B90000F847072C87031CC7021CD700BCB700F4FC
:10B910007600503800001D00000E0000970180F7EF
:10B9200007C07A0BD0380EB0280E74380B3CF407E1
:10B9300018E002000000000000000000000000000D
:10B940000000000000801F00E07F00F0B900B4F0AC
:10B9500000B4F000F4B400F07E00D02F00D00B0053
:10B96000F04F07B85E073CBD073CFC033CF4027C8B
:10B97000F002F8FA03F4FF0B905B0A0000000000ED
:10B9800000000000000000000000000000001E0099
:10B99000001E00001E00001E00001E00001E000011
:10B9A0000400000000000000000000000000000093
:10B9B0000000000000000000000000000000000087
:10B9C0000000000000000000000000000000000077
:10B9D000000000500000F00000B800003D00002E04
:10B9E00000000F00400B00800700800700C003002C
:10B9F000C00300C00300C00300C00300C0070080F4
:10BA00000700800B00400B00001F00002E00007D8F
:10BA10000000B800000000000000800100D003001A
:10BA2000C00700400F00001E00002D00007C000039
:10BA3000780000B40000B40000B40000B40000B40A
:10BA40000000B40000B40000B400007800003C0026
:10BA5000002D00001E00400F0080070000000000C5
:10BA60000000000000001D00000D00A08D02F0EE9F
:10BA70000290BF01403F00D0FF01F0EE02608D0157
:10BA8000001D000019000000000000000000000080
:10BA900000000000000000000000000000000000A6
:10BAA0000000000000000000000000000000000096
:10BAB000000000000000000000000000001E000068
:10BAC0001E00001E00001E00546E01F8FF07F8FF64
:10BAD00007546E01001E00001E00001E00001E0024
:10BAE0000004000000000000000000000000000052
:10BAF0000000000000000000000000000000000046
:10BB00000000000000000000000000000000000035
:10BB1000000000000000000000000000000900001C
:10BB20002F00403F00003E00003D00002C00001EA2
:10BB300000D00F0000000000000000000000000026
:10BB400000000000000000000000000000000000F5
:10BB50000000000000000000405500D0FF00D0FFB2
:10BB60000040550000000000000000000000000040
:10BB700000000000000000000000000000000000C5
:10BB800000000000000000000000000000000000B5
:10BB900000000000000000000000000000000000A5
:10BBA000000000000000000000000000001E000077
:10BBB0002F00403F00002F00001E0000000000008A
:10BBC0000000000000000000000000000000C003B2
:10BBD00000D00200E00100F00000B40000B400005A
:10BBE0007800003C00002D00001E00000F00400BFC
:10BBF00000400B00800700C00300D00200E00100FD
:10BC0000F00000B00000B4000024000000000000BC
:10BC10000000000000000000406E00D0FF01E0FACC
:10BC200002F4D003B4800778D00778F40B38FC0B0B
:10BC3000786F0BF84B0BF8420BB88007B88007F40D
:10BC4000D003F0FA02D0FF00406F000000000000B7
:10BC500000000000000000000000000000000000E4
:10BC6000002900403F00E02F00F42E00702D00104E
:10BC70002D00002D00002D00002D00002D00002DB6
:10BC800000002D00002D00002D00F0FF07F0FF0741
:10BC9000A0AA060000000000000000000000000054
:10BCA0000000000000000000806F00E0FF00F0FED8
:10BCB00001A0E00200D00200D00200E00200F0018A
:10BCC00000F40000BC00003E00401F00C00B00E07C
:10BCD0000300F4FF07F4FF07A4AA0200000000001D
:10BCE0000000000000000000000000000000000054
:10BCF000902F00F0FF00A0F90100E00200D0020048
:10BD0000E00200F00180BE00C0BF0040F90200D098
:10BD10000300C00700C00700D003A0F902F4FF0031
:10BD2000F42B0000000000000000000000000000F4
:10BD3000000000000000000000A80000FD0000FE60
:10BD40000000FF0040EB0080E700D0F200E0F100CF
:10BD5000F0F00074F00078F505FCFF0BFCFF0B54CD
:10BD6000F90600F00000F00000A000000000000054
:10BD700000000000000000000000000000000000C3
:10BD8000A0AA01F0FF02E0FF02E05500E00000E0A1
:10BD90000000E01600E0BF00E0FF0200E40300D076
:10BDA0000300C00300D00300E002A0F901F0BF00CF
:10BDB000E01B000000000000000000000000000088
:10BDC000000000000000000000A40140FF02C0AF1E
:10BDD00001E00600F00100F40000B41500F4FF01DA
:10BDE000F4FF03F4D107B48007B48007B48007F0F0
:10BDF000C107E0EB03D0FF01406E0000000000002F
:10BE00000000000000000000000000000000000032
:10BE1000A4AA02F4FF07F4FF0750D50300E00200D4
:10BE2000F00100F40000B800007C00003D00002E8E
:10BE300000001E00400F00400B00800700D00700EC
:10BE40009002000000000000000000000000000060
:10BE50000000000000000000406E00D0FF01F0E68E
:10BE600002B4C003B4C003F0D102E0F701D0BF00B8
:10BE700080BF00D0FB02F0E103B4C007B48007B478
:10BE8000C007F4EA03E0FF01806F0000000000003B
:10BE900000000000000000000000000000000000A2
:10BEA000406F00E0FF00F4FA02B4D00278C00378DB
:10BEB000C007B8C007F8D107F4FF07E0FF0740D577
:10BEC0000300D00300E00200F801F0BF00F02F00F3
:10BED000A0060000000000000000000000000000BC
:10BEE0000000000000000000000000000000000052
:10BEF00000000000001D00002F00003F00002E0089
:10BF00000004000000000000000000000004000029
:10BF10002E00003F00002F00001D00000000000068
:10BF20000000000000000000000000000000000011
:10BF3000000000000000000000000000001D0000E4
:10BF40002F00003F00002E00000400000000000051
:10BF500000000000000900002F00003F00003E002C
:10BF6000003D00003C00002E00900F00000000008B
:10BF700000000000000000000000000000000000C1
:10BF80000000900000F40100BC00003E00801F0093
:10BF9000D00700F40200F00200D00B00401F0000A8
:10BFA0007E0000F80100F0010050000000000000D9
:10BFB0000000000000000000000000000000000081
:10BFC0000000000000000000000000000000000071
:10BFD0000000A0AA02F4FF03A0AA020000000000D3
:10BFE00000A0AA02F4FF03A0AA02000000000000C3
:10BFF0000000000000000000000000000000000041
:10C000000000000000000000000000000000000030
:10C0100000800100D00300D00B00402F00007D0005
:10C0200000F80100E00300F00200F800007E00408C
:10C030001F00D00B00D002008000000000000000B4
:10C0400000000000000000000000000000C01B0015
:10C05000C07F0080FF0000F40100E00200D0020079
:10C06000E00200F40140FF00407F00400B00400B65
:10C0700000000600000000000B00800F00800F0091
:10C08000000B0000000000000000000000000000A5
:10C09000000000140000BE0080FF02D08707E041CE
:10C0A00007B0000B74000E38AD0E78BF0E6CBB0EDF
:10C0B000ACB30EAC720EDC760EDC760EDC760A9C2F
:10C0C000BB0B9CFF076CD7012C00003800007800E8
:10C0D00000F4E50000000000000000000000000087
:10C0E000002A00403F00407F00807F00C0BB00C0AE
:10C0F000B600D0F200D0F101E0E101F0E002F0D0B2
:10C1000002F4FF03F4FF07B8D90738800B3C400F57
:10C1100028400A00000000000000000000000000AD
:10C120000000000000000000A46A00F4FF01F4FA1F
:10C1300002B4D003B4C003B4D003B4E002F4FA00F4
:10C14000F4FF01F4F903B4C007B48007B48007B466
:10C15000D007F4FA03F4FF01A46A00000000000015
:10C1600000000000000000000000000000000000CF
:10C1700000FE0280FF03D0EF03E00201F40100F4AF
:10C180000000B80000B80000B80000B80000B80017
:10C1900000F40000F40100F00201E0EF03C0FF032F
:10C1A00000BE0200000000000000000000000000CF
:10C1B0000000000000000000A41A00F8BF00F8FE14
:10C1C0000278E00378C00778800778800B78800BCE
:10C1D00078800B78800B78800B78800778D0077890
:10C1E000E002B8FE01F87F00A41A00000000000081
:10C1F000000000000000000000000000000000003F
:10C20000A0AA02E0FF03E0AA02E00100E00100E0D2
:10C210000100E00100E0FF02E0FF02E05601E00162
:10C2200000E00100E00100E00100E0AA02E0FF03FD
:10C23000A0AA0200000000000000000000000000B2
:10C240000000000000000000A0AA01E0FF02E0AA38
:10C2500001E00100E00100E00100E00100E0560122
:10C26000E0FF01E0FF01E00100E00100E00100E08B
:10C270000100E00100E00100A0010000000000005A
:10C2800000000000000000000000000000000000AE
:10C2900000BE0280FF07E0EF07F00205F40000B8DF
:10C2A000000078000078A4067CF8077CE40778801A
:10C2B00007B88007B88007F48107E0EB07D0FF07D5
:10C2C00040BE01000000000000000000000000006F
:10C2D0000000000000000000648006B88007B880FD
:10C2E00007B88007B88007788007B89507F8FF0778
:10C2F000F8FF07B8D907788007B88007B88007B873
:10C300008007B88007B8800764800600000000003E
:10C31000000000000000000000000000000000001D
:10C32000A0AA02F0FF03A0BF02001E00001E000032
:10C330001E00001E00001E00001E00001E00001E49
:10C3400000001E00001E00001E00A0BF02F0FF0340
:10C35000A0AA020000000000000000000000000091
:10C360000000000000000000A0AA01F0FF01A0FAF8
:10C370000100E00100E00100E00100E00100E00157
:10C3800000E00100E00100E00100E00100F0011028
:10C39000F400B0BE00F07F00901B00000000000021
:10C3A000000000000000000000000000000000008D
:10C3B000A48006F4D003B4E002B4F400B4B800B42E
:10C3C0007C00B42E00F41F00F40F00B41E00B43D36
:10C3D00000B47C00B4B800B4F401B4E002F4D007B7
:10C3E000A480060000000000000000000000000023
:10C3F0000000000000000000900100E00100E001EA
:10C4000000E00100E00100E00100E00100E00100C7
:10C41000E00100E00100E00100E00100E00100E0D7
:10C420000100E0FF03E0FF03A0AA020000000000FB
:10C4300000000000000000000000000000000000FC
:10C44000A49002F4D107F4E107F8F207F8B207B8B4
:10C45000B707787B07786F07386F07385E07384E65
:10C460000B38490B38400B3C400B3C000B3C000B9D
:10C4700028000A000000000000000000000000008A
:10C480000000000000000000A44006F88107F84208
:10C4900007F84307F84707B84B07B84F07784E0728
:10C4A000785E07786D0778BC0778B80778F4077866
:10C4B000F00778E00778E0076490060000000000CD
:10C4C000000000000000000000000000000000006C
:10C4D000406E00D0FF01F0FB02F4D107B88007786E
:10C4E000800B7C400B7C400B7C400B7C400B7C40E9
:10C4F0000B78800BB88007F4D003F0FB02E0FF005C
:10C50000406F00000000000000000000000000007C
:10C510000000000000000000A02A00F4FF01F4FA6F
:10C5200002B4D007B4C007B48007B48007B4C00712
:10C53000F4E003F4FF01F4BF00F41500B40000F4CC
:10C540000000B40000F40000A000000000000000A3
:10C5500000000000000000000000000000000000DB
:10C56000406E00D0FF01F0FB03F4D107B8800778DC
:10C57000800B7C400B7C400B7C400B7C400B7C4058
:10C580000B78800BB8C007F4E103F0FF02D0FF0086
:10C59000402F00001E00002E0500FD0B00000000D3
:10C5A0000000000000000000A42A00F4FF00F4FED8
:10C5B00002B4E002B4D003B4D003B4E002F4F90151
:10C5C000F47F00F43F00B4B800B4F400B4F001B458
:10C5D000E002B4D003B4C007A4800600000000004D
:10C5E000000000000000000000000000000000004B
:10C5F00040BE00D0FF01F0EB01F44101B40000F4B3
:10C600000100F40700E06F0080FF0100FE0200E47B
:10C610000300D00700C00714D003F8FA02F8FF01A6
:10C62000E46F0000000000000000000000000000B7
:10C630000000000000000000A4AA06F8FF0BA4BF41
:10C6400006001E00001E00001E00001E00001E004E
:10C65000001E00001E00001E00001E00001E000044
:10C660001E00001E00001E00001900000000000057
:10C6700000000000000000000000000000000000BA
:10C68000644006788007788007788007788007788C
:10C69000800778800778800778800778800778801F
:10C6A00007788007B88007B4C003F4EA02E0FF010E
:10C6B000806F00000000000000000000000000008B
:10C6C000000000000000000028000A7C400F788075
:10C6D0000BB88007B4C007F4C003F0D102E0D10268
:10C6E000E0E201D0E201D0F300C0B70080BB0080DF
:10C6F0007F00407F00403F00002A00000000000053
:10C700000000000000000000000000000000000029
:10C7100028000A3C000F2C000B3C000B3C000B3C9B
:10C72000090B381D0B381E0B382E0B787F07787BD2
:10C7300007B8B707B8B207F8F207F8E107F8D1076A
:10C74000A4900600000000000000000000000000AF
:10C750000000000000000000688006B8D007F4E187
:10C7600002E0F201D0F600C0BF00807F00402F0041
:10C77000002F00403F0080BF00D0FB00E0F201F03E
:10C78000E102F4D003B8C00B68800A00000000008A
:10C790000000000000000000000000000000000099
:10C7A00028400A7C800BB4C007F4D003E0E102D03B
:10C7B000F201D0F70080BB00407F00403F00002E18
:10C7C00000001E00001E00001E00001E00001E00D3
:10C7D0000019000000000000000000000000000040
:10C7E0000000000000000000A4AA02F4FF07F4FF0C
:10C7F0000300E00200F00100B800007C00003D00F2
:10C80000002E00400F00800B00C00700E00200F087
:10C810000100F4FF07F4FF07A4AA060000000000CF
:10C820000000000000000000000040560080BF0033
:10C8300080BF008007008003008003008003008029
:10C840000300800300800300800300800300800356
:10C850000080030080030080030080030080030049
:10C86000800300800300800300806B000000000054
:10C870000000000000B40000F00000E00100D00261
:10C8800000C00300800700400700400B00000F00BD
:10C89000001E00002D00003C000078000074000025
:10C8A000B40000F00000E00100D00200C0030080EE
:10C8B00007004006000000000000402500D07F0077
:10C8C000C07F000078000078000078000078000049
:10C8D0007800007800007800007800007800007888
:10C8E00000007800007800007800007800007800F0
:10C8F000007800007800007800807E0000000000D2
:10C900000000000000000000001900002F00403F60
:10C9100000807700C0F200E0E101B0D00274800333
:10C9200010000100000000000000000000000000F6
:10C9300000000000000000000000000000000000F7
:10C9400000000000000000000000000000000000E7
:10C9500000000000000000000000000000000000D7
:10C9600000000000000000000000000000000000C7
:10C9700000000000000000000000000000000000B7
:10C98000000000000000000000A8AA0A000000004B
:10C990000000000000F00200D00700400F0000057A
:10C9A0000000000000000000000000000000000087
:10C9B0000000000000000000000000000000000077
:10C9C0000000000000000000000000000000000067
:10C9D0000000000000000000000000000000000057
:10C9E000000000000000000000000500D0BF00E0D3
:10C9F000FF0160E00200C00300D40380FF03E0FFFA
:10CA000003F4D103B4C003B4E003F4FA03F0EF037A
:10CA1000908B0200000000000000000000000000F9
:10CA20000000000000B40000F40000B40000B400F6
:10CA300000B41000B4BD00F4FF02F4EB03F4C2072D
:10CA4000F48007B48007F48007B48007B4C007B44B
:10CA5000D003F4FA02F4FF00A06F00000000000011
:10CA600000000000000000000000000000000000C6
:10CA700000000000000000000000140000FE02C0E2
:10CA8000FF02D09B02E00200F00100F40000F4007D
:10CA900000F40000F00100F00201E0EF02C0FF022C
:10CAA00000BE0100000000000000000000000000C7
:10CAB000000000000000C00300C00300C00300C06D
:10CAC0000300D40380FF03D0FF03F0D603F4C003B8
:10CAD000B8C00378C00378C00378C003B8D003F4AB
:10CAE000F003F4FF03E0EF03808B0200000000007E
:10CAF0000000000000000000000000000000000036
:10CB000000000000000000000000040040BF00D052
:10CB1000FF01E0E202F0C003B48007F4FF07F4FF76
:10CB200007B45501B40000F40100E09B02D0FF03FC
:10CB300040BE0100000000000000000000000000F6
:10CB4000000000400000F80700FE0B006F05000F1A
:10CB500000400F00000B00545F01F8FF07F8FF07CB
:10CB6000545F01000B00400B00400B00400B0040E5
:10CB70000B00400B00400F00000A00000000000006
:10CB800000000000000000000000000000000000A5
:10CB900000000000000000000000050080FF0BE026
:10CBA000FF0BF0E102B0D002B4D002F0D002E0FA04
:10CBB00001E0BF00B01900B40000F46A00E0FF0219
:10CBC000F0EA07B48007788007F8E5070000000066
:10CBD0000000000000B40000F40000B40000B40045
:10CBE00000F41000B4BD00F4FF02F4EB02F4D20331
:10CBF000F4C003B4C003F4C003B4C003B4C003B4AE
:10CC0000C003B4C003F4C003A08002000000000011
:10CC100000000000000000000000000400002E00E2
:10CC2000002E00002E00000400000000E02F00F0A5
:10CC30002F00502E00002D00002D00002D00002D93
:10CC400000002D00002D00002D00A0BF02F4FF0702
:10CC5000A0AA020000000000000000000000000088
:10CC6000000000500000F40000F40100F400005047
:10CC700000000000F0FF00F0FF0050F90000F0009D
:10CC800000F00000F00000F00000F00000F00000F4
:10CC9000F00000F00000F00000F00000F00000B430
:10CCA00000B4BE00000000000000000000F0000022
:10CCB000F00000F00000F00000F00000F0D007F0FD
:10CCC000F002F0F400F07C00F02E00F01F00F01FE6
:10CCD00000F03E00F07C00F0F400F0F002F0E0071D
:10CCE000A08006000000000000000000000000001E
:10CCF0000000000000E02F00F02F00502E00002D5B
:10CD000000002D00002D00002D00002D00002D0042
:10CD1000002D00002D00002D00002D00002D000032
:10CD20002D00A0BF02F4FF07A0AA0200000000002F
:10CD300000000000000000000000000000000000F3
:10CD4000000000000000000000004100A8DB03F824
:10CD5000FF07B8BE0B381D0B381D0B381D0B381DD7
:10CD60000B381D0B381D0B381D0B381D0B3C1D0BD4
:10CD7000281906000000000000000000000000006C
:10CD800000000000000000000000000000000000A3
:10CD900000001000B4BD00B4FF02F4EB02F4D203B3
:10CDA000F4C003B4C003F4C003B4C003B4C003B4FC
:10CDB000C003B4C003F4C003A08002000000000060
:10CDC0000000000000000000000000000000000063
:10CDD00000000000000000000000040080BF00E030
:10CDE000FF01F0FA03F4D007B88007788007788055
:10CDF00007788007B8C007F4D103F0FB02E0FF0119
:10CE0000406F000000000000000000000000000073
:10CE10000000000000000000000000000000000012
:10CE200000001000B4BD00B4FF02F4EB03F4C2072D
:10CE3000F48007B48007F48007B48007B4C007B457
:10CE4000D003F4FA02F4FF00F46F00B40000B40061
:10CE500000B400000000000000000000000000001E
:10CE600000000000000000000000140080FF03D05C
:10CE7000FF03F0D603F4C003B8C00378C00378C042
:10CE80000378C003B8D003F4F003F4FF03E0EF032A
:10CE900080CB0300C00300C00300C00300000000FB
:10CEA0000000000000000000000000000000000082
:10CEB00000001000E0F901F0FE03E0DB07E083076B
:10CEC000E08107E00100E00100E00100E00100E096
:10CED0000100E00100F00100A001000000000000DE
:10CEE0000000000000000000000000000000000042
:10CEF00000000000000000000000140080FF01E0BE
:10CF0000FF01F04201F00100F00600E06F0080FF39
:10CF10000100F90200E00200D002A0E502F0FF01EA
:10CF2000A06F0000000000000000000000000000F2
:10CF30000000000000000000400600800B00800B95
:10CF400000800B00F8FF02FCFF03949B01400700E8
:10CF5000800B00800B00800B00800B00800B00809A
:10CF60000B0040AF0200FF0300F9020000000000C8
:10CF700000000000000000000000000000000000B1
:10CF8000000000000000000000000000B4C003F436
:10CF9000C003B4C003B4C003B4C003B4C003B4C07E
:10CFA00003B4C003B4D003F4F003F0FF03E0EF03D5
:10CFB000808B020000000000000000000000000064
:10CFC0000000000000000000000000000000000061
:10CFD000000000007C400B78800BB48007F4C00395
:10CFE000F0D102E0E101D0E201D0F300C0B700804F
:10CFF0007F00407F00003F00001A0000000000009A
:10D000000000000000000000000000000000000020
:10D010000000000000000000000000002C000E2CAA
:10D02000000F3C000B3C090B381E0B382E0B786FA1
:10D0300007B87F07B4BB07F4F603F4F203F4E20386
:10D04000A0910200000000000000000000000000AD
:10D0500000000000000000000000000000000000D0
:10D0600000000000B88007F4D103E0E202D0F7002E
:10D0700080BF00403F00003F00407F00C0BB00D0A9
:10D08000F201F0E102F4D007688006000000000021
:10D090000000000000000000000000000000000090
:10D0A0000000000000000000000000007C400B7841
:10D0B000800BB48007F4C003F0D102E0E101D0E2BC
:10D0C00001D0F300C0BB00807F00407F00003F0024
:10D0D000002E00001F00400F00E4070000000000C9
:10D0E0000000000000000000000000000000000040
:10D0F00000000000F0FF02F0FF02A0FA0200F400BE
:10D1000000B800003D00002E00400F00C00700D016
:10D110000300F0FF02F0FF03A0AA020000000000DD
:10D120000000000000000000000000500000F801B6
:10D1300000BD01001E00000E00000F00000F0000E7
:10D140000F00000F00400F00E00700F00200E007B2
:10D1500000400B00000F00000F00000F00000F0048
:10D16000000F00000E00001E0000BD0000190000AE
:10D170001E00001E00001E00001E00001E00001EFB
:10D1800000001E00001E00001E00001E00001E0009
:10D19000001E00001E00001E00001E00001E0000F9
:10D1A0001E00001E00001E00001E00001E00001ECB
:10D1B00000001E00000000000000500100E00B0015
:10D1C000901F00001E00002D00002D00002D00000B
:10D1D0002D00002D00003C0000F80200F00300F8D4
:10D1E00002003C00002D00002D00002D00002D004D
:10D1F000002D00002D00001E00901F000000000008
:10D20000000000000000000000000000000000001E
:10D2100000000000000000000000000000E002002C
:10D22000F40B0BB85F0B3CFE0728F80300A00100CD
:10D2300000000000000000000000000000000000EE
:10D24000000000008300830083008B42F68CB8A5A9
:10D250008300830083008300F68C9CBE9CBE9CBE32
:10D26000830083008300F68C9CBE9CBE94848B421A
:10D27000830083008B429CBE9CBE8B428300830054
:10D2800083008300F68C9CBE94848300830083001B
:10D2900083008300B8A59CBE8B428300830083007B
:10D2A0008300830083008300830083008300830066
:10D2B0008300830083008300830083008300830056
:10D2C0008300830083008300830083008300830046
:10D2D0008300830083008300830083008300830036
:10D2E00083008300B8A59CBE8B428300830083002B
:10D2F00083008300F68C9CBE9484830083008300AB
:10D30000830083008B429CBE9CBE8B4283008300C3
:10D31000830083008300F68C9CBE9CBE94848B4269
:10D320008300830083008300F68C9CBE9CBE9CBE61
:10D33000830083008300830083008B42F68CB8A5B2
:10D3400083008300830083008300830083008300C5
:10D3500083008300830083008300830083008300B5
:10D3600083008300830083008300830083008B425B
:10D370009CBEB8A58300830083008300830094844F
:10D380009CBEF68C83008300830083008B429CBE8E
:10D390009CBE8B42830083008B4294849CBE9CBEC7
:10D3A000F68C8300830083009CBE9CBE9CBEF68CE2
:10D3B0008300830083008300B8A5F68C8B42830032
:10D3C0008300830083008300B8A5F68C8B42830022
:10D3D00083008300830083009CBE9CBE9CBEF68CB1
:10D3E00083008300830083008B4294849CBE9CBE98
:10D3F000F68C830083008300830083008B429CBEF5
:10D400009CBE8B428300830083008300830094844E
:10D410009CBEF68C830083008300830083008B42D4
:10D420009CBEB8A583008300830083008300830033
:10D4300083008300830083008300830083008300D4
:10D4400083008300B4D4040828DB04089CE10408AA
:10D4500008DB04087CE10408F0E7040810E804088D
:10D4600084EE0408F8F404086CFB0408E0010508E5
:10D4700064EE0408D8F404084CFB0408C001050855
:10D48000340805084A616E00466562004D6172000D
:10D49000417072004D6179004A756E004A756C00EA
:10D4A00041756700536570004F6374004E6F7600DE
:10D4B0004465630000000000000000000000000060
:10D4C000000000001111000000000000000000003A
:10D4D000000000000000000000000000000000004C
:10D4E00000000000000073CADEEDAC48010000003F
:10D4F000000000000000000000000000000000002C
:10D50000000000000000000030D8FFFFFFFFFFFF19
:10D51000AE04000000000000000000000000000059
:10D52000000000000000000000000020F9FFEFBC38
:10D530007877CAFEFFBF0400000000000000000072
:10D54000000000000000000000000000000000F8E3
:10D55000FFAF260000000041E9FFAF01100000000E
:10D5600000000000000000000000000000000000BB
:10D570000000B1FF9F0200000000000010E8FF0C57
:10D58000E6030000000000000000000000000000B2
:10D59000000000000030FDCF03000000000000008C
:10D5A0000010EA52FF1E0000000000000000000012
:10D5B000000000000000000000E3FF090000000080
:10D5C00000000000000000F5FF0600000000000061
:10D5D00000000000000000000000000010FD6F00CF
:10D5E0000000000000000000000060FF5F0000007D
:10D5F000000000000000000000000000000000002B
:10D60000B0FF060000000000000000000000F6FF70
:10D61000251D0000000000000000000000000000C8
:10D6200000000000F89F0000000000000000004122
:10D630003460FF6FE0BF0000000000000000000049
:10D640000000000000000020FF0C86000000000029
:10D650000000C6FD2FF5FF0690FF06000000000049
:10D66000000000000000000000000090FF03FB0A23
:10D670000000000000B1FFFF51FF5F0000FD0D0042
:10D68000000000000000000000000000000000F2A8
:10D690009F30FF9F0000000010FCFF2FF5FF25AF1B
:10D6A00001F66F0000000000000000000000000014
:10D6B000000000F82F40FFFF0500000050EFFF5270
:10D6C000FF5FF2FF0AC0CF00000000000000000072
:10D6D00000000000000000FD0A40FFFF1E000000E7
:10D6E000B0FF2FF5FF15FEFFAF70FF030000000035
:10D6F0000000000000000000000030FF0640FFFFB7
:10D700008F000000B0FF52FF5FF3FFFF5C20FF07B8
:10D71000000000000000000000000000000070EFAA
:10D720000240FFFFDF010000C02FF5FF06877734BE
:10D730000000FC0B000000000000000000000000E2
:10D740000000A0CF0030FFFFFF080050FE52FF6F27
:10D75000000000000000F90D0000000000000000C3
:10D76000000000000000C0BF0000FDFFFF2F00F51B
:10D770002FF5FF06000000000000F72E000000005B
:10D7800000000000000000000000E18F0000F9FF31
:10D79000FFBF00FF51FF5F00000000000000F44FDA
:10D7A0000000000000000000000000000000E17F19
:10D7B0000000F3FFFFFF491FF5FF250400000000F4
:10D7C0000000F44F00000000000000000000000016
:10D7D0000000E17F0000B0FFFFFFDF52FF5FF204B7
:10D7E000000000000000F44F0000000000000000F6
:10D7F000000000000000E17F000010FEFFFF2FF599
:10D80000FF15FF04000000000000F44F00000000BE
:10D8100000000000000000000000C0AF000000D3C6
:10D82000FFFF52FF5FF1FFBF000000000000F62F76
:10D830000000000000000000000000000000B0CF69
:10D8400000000000D62EF5FF25EFFEFF09000000C6
:10D850000000F91D000000000000000000000000B2
:10D86000000080EF010000000050FF6F3004FBFF5C
:10D870005F0000000000FB0B000000000000000043
:10D8800000000000000040FF0400000000F6FF065A
:10D890000010FEFFAF0000000010FE0800000000B6
:10D8A0000000000000000000000010FE0900000061
:10D8B00060FF6F000060FFFFBF0000000050FF042A
:10D8C000000000000000000000000000000000FA5E
:10D8D0001E000000F6FF060000D0FFFFBF000000A2
:10D8E00000B0DF00000000000000000000000000A9
:10D8F000000000F47F000060FF6F000000F7FFFFF2
:10D90000BF00000000F47F000000000000000000E5
:10D9100000000000000000B0EF0100F6FF0600006C
:10D9200020FFFFFF5F00000000FB1E000000000062
:10D93000000000000000000000000040FF0A60FF3F
:10D940006F000000B0FFFFFF0D00000060FF080047
:10D9500000000000000000000000000000000000C7
:10D96000FA0EF6FF06000000F5FFFFFF06000000BC
:10D97000F2DF0100000000000000000000000000D5
:10D9800000000000C152FF6F00000000FCFFFF7F9D
:10D9900000000010FD3F000000000000000000003B
:10D9A000000000000000000000F5FF06000000502D
:10D9B000FFFFFF09000000C1FF060000000000009B
:10D9C00000000000000000000000000060FF5F0099
:10D9D00000000080FFFF6D00000030FD9F00000090
:10D9E0000000000000000000000000000000000037
:10D9F000F4FF259E000000D0FF8D01000000F6FF1F
:10DA0000090000000000000000000000000000000D
:10DA100000000000906FD0FF6D0000B16C000000AE
:10DA200000B4FF6F000000000000000000000000D4
:10DA30000000000000000000000410FBFF7C02005A
:10DA400000000010B6FFDF0300000000000000002F
:10DA50000000000000000000000000000000006066
:10DA6000FDFFCF79444496EBFFEF18000000000063
:10DA700000000000000000000000000000000000A6
:10DA80000000000060FCFFFFFFFFFFFFDF18000049
:10DA90000000000000000000000000000000000086
:10DAA00000000000000000000030B7EDFFFFDF8B3A
:10DAB0000400000000000000000000000000000062
:10DAC0000000000000000000000000000000002036
:10DAD00044441200000000000000000000000000AC
:10DAE0000000000000000000000000000000000036
:10DAF0000000000000000000000000000000000026
:10DB000000000000000000008300A400E5082511CB
:10DB10006619A721C82909324A3A8B42AC42ED4A1C
:10DB20002E536F5BB063D16B00000000000000005B
:10DB300000000000000000001111000000000000C3
:10DB400000000000000000000000000000000000D5
:10DB50000000000000000000000073CADEEDAC48C9
:10DB600001000000000000000000000000000000B4
:10DB700000000000000000000000000020D8FFFFAF
:10DB8000FFFFFFFFAE0400000000000000000000E7
:10DB90000000000000000000000000000000002065
:10DBA000F9FFEFBC7877CAFEFFBF04000000000059
:10DBB0000000000000000000000000000000000065
:10DBC000000000F7FFAF260000000041E9FFAF01B1
:10DBD0000000000000000000000000000000000045
:10DBE000000000000000B1FF9F02000000000000E4
:10DBF00010E7FF3D000000000000000000000000F2
:10DC000000000000000000000030FDCF0300000015
:10DC1000000000000010FAFF0500000000000000F6
:10DC200000000000000000000000000000E3FF080A
:10DC30000000000000000000000060FF6F00000016
:10DC400000000000000000000000000000000000D4
:10DC500010FD6F000000000000000000000000E365
:10DC6000FF030000000000000000000000000000B2
:10DC700000000000B0FF06000000000000000000EF
:10DC800000000030FE1E0000000000000000000048
:10DC90000000000000000000F78F000000000000FE
:10DCA0000000004134000001F5BF0000000000004A
:10DCB000000000000000000000000020FF0C8600B3
:10DCC000000000000000C6FDFFAD051090FF06003B
:10DCD00000000000000000000000000000000090B4
:10DCE000FF03FB0A0000000000B1FFFFFFFFBF04BD
:10DCF00000FD0D000000000000000000000000001A
:10DD0000000000F29F30FF9F0000000010FCFFFFAA
:10DD1000FFFFFFAF01F66F000000000000000000F1
:10DD200000000000000000F82F40FFFF0500000089
:10DD300050FFFFFFFFFFFFFF0AC0CF000000000001
:10DD40000000000000000000000000FD0A40FFFF8E
:10DD50001E000000B0FFFFFFFFFFFFFFAF70FF03DB
:10DD6000000000000000000000000000000030FF84
:10DD70000640FFFF8F000000B0FFFFFFFFFFFFFF27
:10DD80005C20FF0700000000000000000000000011
:10DD9000000070EF0240FFFFDF010000C0FF9C4762
:10DDA000647878340000FC0B0000000000000000E4
:10DDB000000000000000A0CF0030FFFFFF0800605F
:10DDC000FEFF0600000000000000F90D000000004A
:10DDD00000000000000000000000C0BF0000FDFFC8
:10DDE000FF2F00F6FFFF6F00000000000000F72E7D
:10DDF0000000000000000000000000000000E18FB3
:10DE00000000F9FFFFBF10FEFFFFEF010000000060
:10DE10000000F44F000000000000000000000000BF
:10DE20000000E17F0000F3FFFFFF49FFFFFFFF0459
:10DE3000000000000000F44F00000000000000009F
:10DE4000000000000000E18F0000B0FFFFFFDFFFD7
:10DE5000FFFFFF03000000000000F44F000000007F
:10DE600000000000000000000000E17F000010FE44
:10DE7000FFFFFFFFFFFFFF04000000000000F44F62
:10DE80000000000000000000000000000000C0AF23
:10DE9000000000D2FFFFFFFBFFFFFFBF00000000FC
:10DEA0000000F62F0000000000000000000000004D
:10DEB0000000B0CF00000000C6FF6D60FEDFFEFF77
:10DEC000090000000000F91D000000000000000033
:10DED00000000000000080EF01000000003300009F
:10DEE0004104FBFF5F0000000000FB0B000000008E
:10DEF0000000000000000000000050FF04000000CF
:10DF0000000000000010FEFFAF0000000010FE083F
:10DF1000000000000000000000000000000010FEF3
:10DF200009000000000000000060FFFFBF000000CB
:10DF30000060FF040000000000000000000000007E
:10DF4000000000FA1E0000000000000000D0FFFFEB
:10DF5000BF00000000B0DF00000000000000000073
:10DF600000000000000000F47F000000000000003E
:10DF700000F7FFFFBF00000000F47F00000000007A
:10DF80000000000000000000000000B0EF010000F1
:10DF90000000000020FFFFFF6F00000000FB1E00DC
:10DFA0000000000000000000000000000000004031
:10DFB000FF0A000000000000B0FFFFFF0D0000009E
:10DFC00060FF0800000000000000000000000000EA
:10DFD00000000000FA6F000000000000F5FFFFFFE6
:10DFE00006000000F2DF0100000000000000000059
:10DFF0000000000000000000D1FF0300000000004E
:10E00000FCFFFF7F00000000FD3F0000000000005B
:10E0100000000000000000000000000030FF3E0093
:10E0200000000050FFFFFF09000000C0FF060000D5
:10E0300000000000000000000000000000000000E0
:10E0400000F5EF0500000080FFFF6D00000020FDDF
:10E050009F00000000000000000000000000000021
:10E06000000000000060FF9F000000D0FF8D010055
:10E070000000F6FF090000000000000000000000A2
:10E0800000000000000000000000E3FF6D0000B190
:10E090006C00100000B4FF6F0000000000000000E2
:10E0A000000000000000000000000000000010FB65
:10E0B000FF7C020000000010B6FFDF03000000003C
:10E0C0000000000000000000000000000000000050
:10E0D00000000060FDFFCF79444496EBFFEF08009D
:10E0E0000000000000000000000000000000000030
:10E0F000000000000000000060FCFFFFFFFFFFFFCA
:10E10000DF17000000000000000000000000000019
:10E110000000000000000000000000000030B7ED2B
:10E12000FFFFDF8B04000000000000000000000083
:10E1300000000000000000000000000000000000DF
:10E140000000002044441200000000000000000015
:10E1500000000000000000000000000000000000BF
:10E1600000000000000000000000000000000000AF
:10E170000000000000000000000000008300E30039
:10E180004409C50926128712071B681BC9234A24A4
:10E19000AB2C0C2D8C35ED356E3ECF3E00000000D3
:10E1A000000000000000000000000000111100004D
:10E1B000000000000000000000000000000000005F
:10E1C00000000000000000000000000000004265A8
:10E1D00077776724000000000000000000000000C6
:10E1E000000000000000000000000000000000002F
:10E1F0001074888888888888570200000000000012
:10E20000000000000000000000000000000000000E
:10E21000000000108588886744446587886802008C
:10E2200000000000000000000000000000000000EE
:10E230000000000000000084886813000000002136
:10E240007588580000000000000000000000000079
:10E25000000000000000000000006088580100007D
:10E26000000000001074882700000000000000007B
:10E27000000000000000000000000000001087689F
:10E28000020000000000000000108588030000006C
:10E29000000000000000000000000000000000007E
:10E2A00000818805000000000000000000003088A8
:10E2B0003800000000000000000000000000000026
:10E2C000000000000087380000000000000000008F
:10E2D0000000008288020000000000000000000032
:10E2E0000000000000000000608803000000000043
:10E2F000000000000000002088170000000000005F
:10E300000000000000000000000000008458000031
:10E3100000000000000000202200000083680000D0
:10E3200000000000000000000000000000000010DD
:10E33000880743000000000000006387885703003F
:10E3400050880300000000000000000000000000F2
:10E3500000000050880286050000000000608888E8
:10E3600088886802008707000000000000000000A5
:10E3700000000000000000815810885800000000D4
:10E38000008688888888885800833800000000004C
:10E3900000000000000000000000008418208888B1
:10E3A00003000000308888888888888805706800A5
:10E3B00000000000000000000000000000000087D6
:10E3C00006208888170000006088888888888888E8
:10E3D000584088020000000000000000000000001B
:10E3E0000000208803208888480000006088888812
:10E3F000888888883610880400000000000000002B
:10E40000000000000000408801208888780000009B
:10E410006088572432443412000086060000000051
:10E420000000000000000000000050780010888804
:10E430008804003087880300000000000000850782
:10E440000000000000000000000000000000606804
:10E450000000878888180083888838000000000042
:10E460000000841800000000000000000000000010
:10E4700000007148000085888868008888887800D6
:10E4800000000000000082280000000000000000E2
:10E4900000000000000071480000818888882588FD
:10E4A0008888880200000000000082280010010017
:10E4B00000000000000000000000714800006088BB
:10E4C00088887888888888020000000000008238E8
:10E4D000DBFEEFBD090000000000000000007148F5
:10E4E00000001088888888888888880200000000DA
:10E4F000000082FDFFFFFFFFCF00000000000000D2
:10E5000000007058000000718888888688888868B4
:10E51000000000000000E3FFFFFFFFFFFF9E000080
:10E5200000000000000060680000000073883730C1
:10E5300087788788050000000000FEFFFFFFFFFFCF
:10E54000FFFF09000000000000004078010000000B
:10E5500000110000200286882800000000D0FFFF84
:10E56000FFFFFFFFFFFF9E0000000000000020886B
:10E570000200000000000000000087886800000022
:10E5800000FBFFFFFF0BA0FFFFFFDF00000000000C
:10E5900000000087050000000000000000308888AF
:10E5A0006800000090FFFFFFFF0900FEFFFFFF0A69
:10E5B00000000000000000851700000000000000BF
:10E5C0000070888868000000B0FFFFFFDF9009FC42
:10E5D000FFFFFF0C00000000000000824800000068
:10E5E000000000000084888868000000D0FFFFFF62
:10E5F000CFC00BFAFFFFFF0E00000000000000601C
:10E6000078010000000000001088888838000000B1
:10E61000E0FFFFFFAFD00DF9FFFFFF9F00000000FC
:10E620000000002088050000000000006088888845
:10E6300007000000F0FFFFFF0EE00ED0FFFFFFAF6E
:10E64000000000000000000085380000000000000D
:10E650008388888803000000F9FFFFFF0CFAAFB041
:10E66000FFFFFFAF00000000000000007088020004
:10E67000000000008688884800000000F7FFFFFFC8
:10E680000ADBAD90FFFFFFAF0000000000000000BC
:10E69000208828000000002088888805000000608D
:10E6A000E8FFFFFF01000000FEFFFF0E000000007A
:10E6B00000000000008388030000004088883700C5
:10E6C00000001087D8FFFFDF90CCBC09FCFFFF0DD6
:10E6D00000000000000000000030885800000070BA
:10E6E000884700000000838895FFFFBFB0FFFF0A46
:10E6F000F9FFFF0A0000000000000000000072881F
:10E7000037000060360000000062883800FCFFBF60
:10E71000DAFFFFADFAFFEF0000000000000000008C
:10E72000000010868847010000000010638878020E
:10E7300000E0FFFFFFFFFFFFFFFFAF000000000052
:10E7400000000000000000308788684522225376D0
:10E75000887804000090FFFFFFFFFFFFFFFF0B0022
:10E7600000000000000000000000000030868888E3
:10E7700088888888781400000000E9FFFFFFFFFF09
:10E78000FFBF0000000000000000000000000000CB
:10E79000002064878888784602000000000090FD11
:10E7A000FFFFFFFFEF0A0000000000000000000074
:10E7B0000000000000000010222201000000000004
:10E7C000000000A0ECFFFFDE0B00000000000000D6
:10E7D0000000000000000000000000000000000039
:10E7E000000000000000000000A9AA0000000000D6
:10E7F000830044090612C71AA9236A242C2D0D365A
:10E80000CF3E2321E349A46A449305B4C5DC85FDCA
:10E8100000000000000000000000000000000000F8
:10E8200000000000000000000000000000000000E8
:10E8300000000000000000000000000000000000D8
:10E8400000000000007358000000000000000000FD
:10E8500000000000000000000000000000000000B8
:10E86000000000000000000090FFFF1C00000000FE
:10E870000000000000000000000000000000000098
:10E88000000000000000000000000000F9FFFECFC3
:10E890000100000000000000000000000000000077
:10E8A0000000000000000000000000000000003038
:10E8B000FF2B91FF07000000000000000000000097
:10E8C0000000000000000000000000000000000048
:10E8D00000000070FF0200FD0B00000000000000BF
:10E8E0000000000000000000000000000000000028
:10E8F0000000000000000070EF0100FB0B000000B2
:10E900000000000000000000000000000000000007
:10E91000000000000000000000000070EF0100FB9C
:10E920000B000000000000000000000000000000DC
:10E930000000000000000000000000000000007067
:10E94000EF0100FB0B0000000000000000000000D1
:10E9500000000000000000000000000000000000B7
:10E9600000000070EF0100FB0B0000000000000041
:10E970000000000000000000000000000000000097
:10E980000000000000000070EF0100FB0B00000021
:10E990000000000000000000000000000000000077
:10E9A000000000000000000000000070EF0100FB0C
:10E9B0000B0000000000000000000000000000004C
:10E9C00000000000000000000000000000000070D7
:10E9D000EF0100FB0B000000000000000000000041
:10E9E0000000000000000000000000000000000027
:10E9F00000000070EF0100FB0B00000000000000B1
:10EA00000000000000000000000000000000000006
:10EA10000000000000000070EF0100FB0B00000090
:10EA200000000000000000000000000000000000E6
:10EA3000000000000000000000000070EF0100FB7B
:10EA40000B000000000000000000000000000000BB
:10EA50000000000000000000000000000000007046
:10EA6000EF0100FB0B0000000000000000000000B0
:10EA70000000000000000000000000000000000096
:10EA800000000070EF0100FB0B0000000000000020
:10EA90000000000000000000000000000000000076
:10EAA0000000000000000070EF0100FB0B00000000
:10EAB0000000000000000000000000000000000056
:10EAC000000000000000000000000070EF0100FBEB
:10EAD0000B0000000000000000000000000000002B
:10EAE00000000000000000000000000000000070B6
:10EAF000EF0100FB0B000000000000000000000020
:10EB00000000000000000000000000000000000005
:10EB100000000070EF0100FB0B000000000000008F
:10EB200000000000000000000000000000000000E5
:10EB30000000000000000070EF0100FB0B0000006F
:10EB400000000000000000000000000000000000C5
:10EB5000000000000000000000000070EF0100FB5A
:10EB60000B0000000000000000000000000000009A
:10EB70000000000000000000000000000000007025
:10EB8000EF5107FB0B000000000000000000000038
:10EB90000000000000000000000000000000000075
:10EBA00000000080DFF8AFFA0B000000000000005A
:10EBB0000000000000000000000000000000000055
:10EBC0000000000000000070EFFFFFFE0B000000DF
:10EBD0000000000000000000000000000000000035
:10EBE0000000000000000000000000B0FFFFFFFF79
:10EBF0000C00000000000000000000000000000009
:10EC0000000000000000000000000000000010FCF8
:10EC1000FFFFFFFFCF010000000000000000000028
:10EC200000000000000000000000000000000000E4
:10EC30000000A0FFFFFFFFFFFF0A00000000000030
:10EC400000000000000000000000000000000000C4
:10EC5000000000000000F4FFFFFFFFFFFF4F000077
:10EC600000000000000000000000000000000000A4
:10EC700000000000000000000000FBFFFFFFFFFF9E
:10EC8000FFBF0000000000000000000000000000C6
:10EC90000000000000000000000000000010FEFF67
:10ECA000FFFFFFFFFFEF0100000000000000000079
:10ECB0000000000000000000000000000000000054
:10ECC0000040FFFFFFFFFFFFFFFF04000000000008
:10ECD0000000000000000000000000000000000034
:10ECE000000000000040FFFFFFFFFFFFFFFF0400E8
:10ECF0000000000000000000000000000000000014
:10ED000000000000000000000030FFFFFFFFFFFFD9
:10ED1000FFFF0300000000000000000000000000F2
:10ED20000000000000000000000000000000FDFFE7
:10ED3000FFFFFFFFFFDF00000000000000000000F9
:10ED400000000000000000000000000000000000C3
:10ED50000000F9FFFFFFFFFFFF9F00000000000021
:10ED600000000000000000000000000000000000A3
:10ED7000000000000000F2FFFFFFFFFFFF2F000078
:10ED80000000000000000000000000000000000083
:10ED90000000000000000000000070FFFFFFFFFF08
:10EDA000FF0700000000000000000000000000005D
:10EDB000000000000000000000000000000000F95A
:10EDC000FFFFFFFF9F0000000000000000000000A8
:10EDD0000000000000000000000000000000000033
:10EDE00000000050FEFFFFEF0500000000000000E3
:10EDF0000000000000000000000000000000000013
:10EE0000000000000000000050BAAB050000000048
:10EE100000000000000000000000000000000000F2
:10EE200000000000000000000000000000000000E2
:10EE300000000000000000000000000000000000D2
:10EE400000000000000000000000000000000000C2
:10EE500000000000000000000000000000000000B2
:10EE6000000000008300A400E50825116619A72111
:10EE7000C82909324A3A8B42AC42ED4A2E536F5BA5
:10EE8000B063D16B00000000000000000000000033
:10EE90000000000000000000000000000000000072
:10EEA0000000000000000000000000000000000062
:10EEB0000000000000000000000001000000000051
:10EEC0000000000000000000000000000000000042
:10EED000000000000000000000000000001006001C
:10EEE0000000000000000000000000000000000022
:10EEF0000000000000000000000000000000000012
:10EF00000020480000000000000000000000000099
:10EF100000000000000000000000000000000000F1
:10EF20000000000000208809000000000000000030
:10EF300000000000000000000000000000000000D1
:10EF400000000000000000000040880700000000F2
:10EF500000000000000000000000000000000000B1
:10EF60000000000000000000000000000040885881
:10EF70000000000000000000000000000000000091
:10EF80000000000000000000000000000000000081
:10EF9000004088880200000000000000000000001F
:10EFA0000000000000000000000000000000000061
:10EFB00000000000006088880700000000000000DA
:10EFC0000000000000000000000000000000000041
:10EFD0000000000000000000006088884800000079
:10EFE0000000000000000000000000000000000021
:10EFF0000000000000000000000000000070888891
:10F000007800000000000000000000000000000088
:10F0100000000000000000000000000000000000F0
:10F0200000818888880200000000000000000000C5
:10F0300000000000000000000000000000000000D0
:10F040000000002500848888880600000000000079
:10F0500000000000000000000000000000000000B0
:10F060000000000000002048008688888818000002
:10F070000000000000000000000000000000000090
:10F0800000000000000000000000706820888888F0
:10F0900088480000000000000000000000000000A0
:10F0A0000000000000000000000000000000848854
:10F0B0005088888888780000000000000000000068
:10F0C0000000000000000000000000000000000040
:10F0D00000108888738888888888020000000000F3
:10F0E0000000000000000000000000000000000020
:10F0F000000000000040888887888888888805008C
:10F1000000000000000000000000000000000000FF
:10F1100000000000000000000060888888F88F88E8
:10F1200088880600000000000000000000000000C9
:10F13000000000000000000000000000008188883E
:10F1400088F8EF88888818000000000000000000A0
:10F1500000000000000000000000000000000000AF
:10F160000082888888FFFF888888280000000000C7
:10F17000000000000000000000000000000000008F
:10F180000000000000848888E8FFFF8F888848001E
:10F19000000000000000000000000000000000006F
:10F1A000000000000000000000868888F8FFFF8F44
:10F1B00088886800000000000000000000000000D7
:10F1C00000000000000000000000000000878888A8
:10F1D000FFFFFFFF888878000000000000000000AB
:10F1E000000000000000000000000000000000001F
:10F1F000208888E8FFFFFFFF8E888802000000005B
:10F2000000000000000000000000000000000000FE
:10F2100000000000208888F8FFFFFFFF8F88880229
:10F2200000000000000000000000000000000000DE
:10F230000000000000000000008888F8FFFFFFFFCA
:10F240008F8888000000000000000000000000001F
:10F25000000000000000000000000000008788F8A7
:10F26000FFFFFFFF8F887800000000000000000013
:10F27000000000000000000000000000000000008E
:10F28000008688F8FFFFFFFF8F88680000000000FD
:10F29000000000000000000000000000000000006E
:10F2A00000000000008588F8FFFFFFFF8F885800EE
:10F2B000000000000000000000000000000000004E
:10F2C0000000000000000000008488F8FFFFFFFF3E
:10F2D0008F884800000000000000000000000000CF
:10F2E000000000000000000000000000008488FE14
:10F2F000FFFFFFFFEF884800000000000000000053
:10F3000000000000000000000000000000000000FD
:10F31000008288F8FFFFFFFF8F88280000000000B0
:10F3200000000000000000000000000000000000DD
:10F3300000000000006088E8FFFFFFFF8E880600E5
:10F3400000000000000000000000000000000000BD
:10F35000000000000000000000208888FFFFFFFF81
:10F36000888802000000000000000000000000008B
:10F370000000000000000000000000000000858880
:10F38000FEFFFFEF885800000000000000000000B2
:10F39000000000000000000000000000000000006D
:10F3A00000007188F8FFFF8F881700000000000040
:10F3B000000000000000000000000000000000004D
:10F3C0000000000000003088E8FFFF8E8803000086
:10F3D000000000000000000000000000000000002D
:10F3E00000000000000000000000008788EEEE88AA
:10F3F0007800000000000000000000000000000095
:10F4000000000000000000000000000000000051AB
:10F4100087888888150000000000000000000000B8
:10F4200000000000000000000000000000000000DC
:10F430000000000041877814000000000000000078
:10F4400000000000000000000000000000000000BC
:10F450000000000000000000003014000000000068
:10F46000000000000000000000000000000000009C
:10F47000000000000000000000000000000000008C
:10F48000000000000000000000000000000000007C
:10F49000000000000000000000000000000000006C
:10F4A000000000000000000000000000000000005C
:10F4B000000000000000000000000000000000004C
:10F4C000000000000000000000000000000000003C
:10F4D00000000000000000008300C320234183617E
:10F4E000E481449AA4BAE5DA45FB6321244A056B1A
:10F4F000E593C6B4A7DD87FE000000000000000011
:10F5000000000000000000000000000000000000FB
:10F5100000000000000000000000000000000000EB
:10F5200000000000000000000000000000000000DB
:10F5300000000000000000000000000000000000CB
:10F5400000000000000000000000000000000000BB
:10F5500000000000000000000000000000000000AB
:10F56000000000000000000000000000000000009B
:10F570000064450100000000206425000000000038
:10F58000000000000000000000000000000000007B
:10F5900000000000728888010000000030888805A3
:10F5A000000000000000000000000000000000005B
:10F5B0000000000000000040888868000000000093
:10F5C00010888868020000000000000000000000B1
:10F5D0000000000000000000000000708888582132
:10F5E000000000211487888805000000000000004A
:10F5F000000000000000000000000000000000818A
:10F6000088882883470000862884888807000000AF
:10F6100000000000000000000000000000000000EA
:10F62000000000105387588648000085588588469A
:10F6300002000000000000000000000000000000C8
:10F64000000000000000000011718888180000828E
:10F650008888160000000000000000000000000084
:10F66000000000000000000000000000847788888F
:10F670000600008188885628000000000000000075
:10F68000000000000000000000000000000000007A
:10F690008688888804000060888888480000000008
:10F6A000000000000000000000000000000000005A
:10F6B000000000006488888802000030888888483C
:10F6C000000000000000000000000000000000003A
:10F6D00000000000000000000031758805000050A7
:10F6E00088782400000000000000000000000000F6
:10F6F0000000000000000000000000000000108872
:10F7000028000082780100000000000000000000D6
:10F7100000000000000000000000000000000000E9
:10F72000000000846800008648000000000000001F
:10F7300000000000000000000000000000000000C9
:10F7400000002001000000708803308807000000DE
:10F750001002000000000000000000000000000097
:10F76000000000001000810700000030880770884A
:10F7700003000000701800010000000000000000FD
:10F780000000000000000000730188680000000015
:10F79000864884680000000086881037000000005A
:10F7A000000000000000000000000030881882887F
:10F7B0000600000081FEEF180000006088288188A4
:10F7C00003000000000000000000000000000040F6
:10F7D0008888738878444444D4FFFF2E22222286EE
:10F7E0008825888804000000000000000000000058
:10F7F000000000408888888888888888F8FFFF8F04
:10F8000088888888888888880600000000000000B2
:10F810000000000000000040888888888888888868
:10F82000F8FFFF8F8888888888888888060000000D
:10F8300000000000000000000000003088885488AC
:10F8400078444444D4FFFF6F66666687885888888A
:10F850000600000000000000000000000000001092
:10F86000872871882800000060FFFF2800000060E2
:10F8700088387188030000000000000000000000CC
:10F88000000000007302866801000000837885781C
:10F890000000000085880057000000000000000004
:10F8A00000000000000000001000810700000000C0
:10F8B0008738708804000000502800000000000015
:10F8C0000000000000000000000000000000200117
:10F8D0000000004088063088170000000002000089
:10F8E0000000000000000000000000000000000018
:10F8F000000000000000008188020086580000001F
:10F9000000000000000000000000000000000000F7
:10F910000000000000000000000010865800008277
:10F92000880200000000000000000000000000004D
:10F930000000000000000000000000000042878876
:10F94000180000508858130000000000000000005C
:10F9500000000000000000000000000000000000A7
:10F960008488888804000020888888460000000079
:10F970000000000000000000000000000000000087
:10F980000000000084888888050000408888886816
:10F990000000000000000000000000000000000067
:10F9A0000000000000000000824588881800006008
:10F9B0008888774800000000000000000000000078
:10F9C00000000000000000000000000010518888C6
:10F9D0002800008188881711000000000000000046
:10F9E00000000000000000000000000000000020F7
:10F9F0006488888758000084688578350100000095
:10FA000000000000000000000000000000000000F6
:10FA100000000070888858826800007438828888E6
:10FA200018000000000000000000000000000000BE
:10FA300000000000000000508888684112000000AB
:10FA40001285888807000000000000000000000008
:10FA500000000000000000000000002085888801F0
:10FA600000000000008688880400000000000000FC
:10FA70000000000000000000000000000000000086
:10FA800050888803000000001088882700000000CC
:10FA90000000000000000000000000000000000066
:10FAA0000000000000624602000000001054460002
:10FAB0000000000000000000000000000000000046
:10FAC0000000000000000000000000000000000036
:10FAD0000000000000000000000000000000000026
:10FAE0000000000000000000000000000000000016
:10FAF0000000000000000000000000000000000006
:10FB000000000000000000000000000000000000F5
:10FB100000000000000000000000000000000000E5
:10FB200000000000000000000000000000000000D5
:10FB300000000000000000000000000000000000C5
:10FB40000000000000000000000000008300260903
:10FB5000EA11AD1A71233524D82C9C355F3E8719E4
:10FB60008B3A8F5B937C979D9BBE9FDF00000000CC
:10FB70000000000000000000000000000000000085
:10FB80000000000000000000000000000000000075
:10FB90000000107C77777777777777777777777745
:10FBA00077777777777777777777777777777777E5
:10FBB000C70B00000000FDFFFFFFFFFFFFFFFFFF7F
:10FBC000FFFFFFFFFFFFFFFFFFFFFFFFFFFFFFFF45
:10FBD000FFFFFFFFFFEF010000E0FFFFFFFFFFFF60
:10FBE000FFFFFFFFFFFFFFFFFFFFFFFFFFFFFFFF25
:10FBF000FFFFFFFFFFFFFFFFFFFFBF0000FD8F0BB9
:10FC000000000000000000000000000000B0550BE4
:10FC100000000000000000000000000010FDEF00E8
:10FC200010FF0800000000000000000000000000BD
:10FC3000002055040000000000000000000000004B
:10FC400000C0FF0CC0FF0B0000000000000000001F
:10FC500000000000003055350000000000000000EA
:10FC6000000000000000FE0D70FF0000000000001A
:10FC700000000000000000000030555501000000A9
:10FC800000000000000000000000FE0E70FF0000F9
:10FC9000000000000000000000000000004055557A
:10FCA0000400000000000000000000000000FE0E44
:10FCB00070FF0000000000000000000000000000D5
:10FCC0000040555535000000000000000000000015
:10FCD0000000FE0E70FF00000000000000000000A9
:10FCE00000000000004055555500000000000000D5
:10FCF000000000000000FE0E70FF00000000000089
:10FD0000000000000000000000515555550B000098
:10FD100000000000000000000000FE0E70FF000068
:10FD200000000000000000000000001300525555C4
:10FD30005504000000000000000000000000FE0E5E
:10FD400070FF00000000000000000000000010250F
:10FD5000005455555515000000000000000000003B
:10FD60000000FE0E70FF0000000000000000000018
:10FD70000000404510555555553500000000000065
:10FD8000000000000000FE0E70FF000000000000F8
:10FD900000000000000053553055555555450000F2
:10FDA00000000000000000000000FE0E70FF0000D8
:10FDB0000000000000000000001055554255555548
:10FDC0005555010000000000000000000000FE0E7C
:10FDD00070FF0000000000000000000000305555DA
:10FDE0005455555555550300000000000000000013
:10FDF0000000FE0E70FF0000000000000000000088
:10FE00000040555555F55A55555504000000000061
:10FE1000000000000000FE0E70FF00000000000067
:10FE2000000000000050555555AFFA5555550500D6
:10FE300000000000000000000000FE0E70FF000047
:10FE400000000000000000000051555555AAAA55B9
:10FE50005555150000000000000000000000FE0ED7
:10FE600070FF000000000000000000000053555526
:10FE7000F5AAAA5F555535000000000000000000FB
:10FE80000000FE0E70FF00000000000000000000F7
:10FE900000545555A5AAAAFA555545000000000082
:10FEA000000000000000FE0E70FF000000000000D7
:10FEB0000000000000545555AAAAAAAA55554500AD
:10FEC00000000000000000000000FE0E70FF0000B7
:10FED0000000000000000000105555F5AAAAAAAACB
:10FEE0005F55550100000000000000000000FE0EFC
:10FEF00070FF00000000000000000000105555F5E4
:10FF0000AAAAAAAA5F55550100000000000000003F
:10FF10000000FE0E70FF0000000000000000000066
:10FF2000005555A5AAAAAAAA5A55550000000000D6
:10FF3000000000000000FE0E70FF00000000000046
:10FF400000000000005455A5AAAAAAAA5A554500C7
:10FF500000000000000000000000FE0E70FF000026
:10FF60000000000000000000005455A5AAAAAAAA9B
:10FF70005A55450000000000000000000000FE0E81
:10FF800070FF00000000000000000000005355A5B5
:10FF9000AAAAAAAA5A5535000000000000000000D5
:10FFA0000000FE0E70FF00000000000000000000D6
:10FFB000005355A5AAAAAAAA5A5535000000000068
:10FFC000000000000000FE0E70FF000000000000B6
:10FFD00000000000005255AFAAAAAAAAFA552500AF
:10FFE00000000000000000000000FE0E70FF000096
:10FFF0000000000000000000005155A5AAAAAAAA0E
:020000040805ED
:100000005A55150000000000000000000000FE0E20
:1000100070FF00000000000000000000004055F5E7
:10002000AAAAAAAA5F550400000000000000000070
:100030000000FE0E70FF0000000000000000000045
:1000400000105555AAAAAAAA5555010000000000A3
:10005000000000000000FE0E70FF00000000000025
:100060000000000000005355AFAAAAFA5535000061
:1000700000000000000000000000FE0E70FF000005
:10008000000000000000000000005055A5AAAA5A78
:100090005505000000000000000000000000FE0EFA
:1000A00070FF00000000000000000000000020556C
:1000B000F5AAAA5F55020000000000000000000041
:1000C0000000FE0EC0FF0100000000000000000064
:1000D0000000005455FFFF554500000000000000DF
:1000E000000000000000FE0DB0FF0D000000000049
:1000F0000000000000000031555555551300000068
:1001000000000000000000000060FF0C00FECF00B7
:100110000000000000000000000000002054451214
:1001200000000000000000000000000000F6FF00DA
:1001300000F1FFEEEEEEEEEEEEEEEEEEEEEEEEEEB9
:100140008EFEEF88EEEEEEEEEEEEEEEEEEEEEEEE84
:10015000EEFFCF0000B0FEFFFFFFFFFFFFFFFFFF3E
:10016000FFFFFFFFAFFFFFFAFFFFFFFFFFFFFFFFF4
:10017000FFFFFFFFFF9F0C000000C0EDEEEEEEEE74
:10018000EEEEEEEEEEEEEEEEEEEEEEEEEEEEEEEE8F
:10019000EEEEEEEEEEEEEEEEDE0C00000000000005
:1001A000000000000000000000000000000000004F
:1001B000000000000000000000000000000000003F
:1001C00083000331A361249AC4CA45FBA431E562CC
:1001D000259C46CD87FE83318462849B85CC85FD3A
:1001E000000000000000000000000000000000000F
:1001F00000000000000000000000000000000000FF
:10020000000000000000B0CCCCCCCCCCCCCCCCCC12
:10021000CCCCCCCCCCCCCCCCCCCCCCCCCCCCCCCC1E
:10022000CCCCCCCCCC0B00000000FDFFFFFFFFFFCF
:10023000FFFFFFFFFFFFFFFFFFFFFFFFFFFFFFFFCE
:10024000FFFFFFFFFFFFFFFFFFEF0B0000E0FFFFDF
:10025000FFFFFFFFFFFFFFFFFEFFFFFFFFFFFFFFAF
:10026000FFFFFFFEFFFFFFFFFFFFFFFFFFFFBF00DE
:1002700000FDDF0B000000000000000046555501A6
:1002800000000000205555030000000000000000A1
:10029000B0FDEF00B0FF0D000000000000000020E6
:1002A000555545000000000000555545010000006F
:1002B0000000000000C0FF0CC0FF0B0000000000A9
:1002C00000000040555535100000002013545555CE
:1002D00003000000000000000000FE0DD0FF000041
:1002E0000000000000000051555515522500005433
:1002F0001553555504000000000000000000FE0EDC
:10030000C0FF00000000000000000010325535540E
:100310002500005335535534010000000000000053
:100320000000FE0EC0FF0000000000000000000002
:10033000104155551500005155551400000000009E
:10034000000000000000FE0EC0FF000000000000E2
:100350000000000053545555040000505555331506
:1003600000000000000000000000FE0EC0FF0000C2
:1003700000000000000000005455555503000040E7
:100380005555552500000000000000000000FE0E3D
:10039000C0FF00000000000000000000435555555C
:1003A00001000020555555350000000000000000F8
:1003B0000000FE0EC0FF0000000000000000000072
:1003C0000021535503000030554513000000000084
:1003D000000000000000FE0EC0FF00000000000052
:1003E00000000000000010551500005155010000EC
:1003F00000000000000000000000FE0EC0FF000032
:100400000000000000000000000000534500005400
:100410002500000000000000000000000000FE0EAB
:10042000C0FF0000000000000000100000000050AD
:1004300055022055040000000001000000000000EB
:100440000000FE0EC0FF000000000000000051048C
:100450000000002055054055020000004015000036
:10046000000000000000FE0EC0FF000000000000C1
:10047000520155450000000054355245000000006F
:1004800054551025000000000000FE0EC0FF0000C3
:1004900000000020551551550400000051A99A157F
:1004A0000000004055255155020000000000FE0EDE
:1004B000C0FF000000000030555542554532333230
:1004C00092AAAA1911111154551355550200000092
:1004D0000000FE0EC0FF00000000002055555555DD
:1004E00055555555A5AAAA5A5555555555555555BD
:1004F000040000000000FE0EC0FF000000000030FD
:100500005555555555555555A5AAAA5A555555559C
:1005100055555555040000000000FE0EC0FF0000B8
:1005200000000020555532555532333282AAAA4A6E
:100530004444445455355555040000000000FE0E57
:10054000C0FF0000000000105525415515000000B7
:1005500040AAAA15000000405525415502000000A0
:100560000000FE0EC0FF00000000000052015445D4
:10057000010000005245534500000000535500346F
:10058000000000000000FE0EC0FF000000000000A0
:1005900000005004000000005525405502000000F6
:1005A00030150000000000000000FE0EC0FF00003B
:1005B000000000000000100000000030550420552D
:1005C0000500000000010000000000000000FE0E19
:1005D000C0FF00000000000000000000000000510B
:1005E000550100543500000000000000000000002C
:1005F0000000FE0EC0FF0000000000000000000030
:1006000000001053350000515501000000000000AB
:10061000000000000000FE0EC0FF0000000000000F
:10062000000000000031545515000030553512000F
:1006300000000000000000000000FE0EC0FF0000EF
:100640000000000000000000535555550300001045
:100650005555553400000000000000000000FE0E5B
:10066000C0FF00000000000000000000525555557A
:100670000300003055555545000000000000000003
:100680000000FE0EC0FF000000000000000000009F
:1006900051335555050000405555453500000000C3
:1006A000000000000000FE0EC0FF0000000000007F
:1006B000000000000030555515000051555515013A
:1006C00000000000000000000000FE0EC0FF00005F
:1006D0000000000000000010435555543500005242
:1006E0004553552301000000000000000000FE0EED
:1006F000C0FF0000000000000000004055553551CB
:10070000450000522551555515000000000000001D
:100710000000FE0EC0FF00000000000000000030DE
:1007200055554530020000000153555504000000A6
:10073000000000000000FE0EC0FF0B0000000000E3
:10074000000000105355550000000000005455559E
:1007500003000000000000000000FE0DB0FF0D00CF
:1007600000000000000000003055550200000000AD
:1007700010555514000000000000000000B0FF0CF0
:1007800000FECF0000000000000000000041340126
:1007900000000000103223000000000000000000F4
:1007A00000FBFF0000FBFFEEEEEEEEEEEEEEEEEEF7
:1007B000EEEEDEEEEEEEEEEEEEEDDEEEEEEEEEEE7A
:1007C000EEEEEEEEEEFFCF0000B0FEFFFFFFFFFF0C
:1007D000FFFFFFFFFFFFFFFFFFFFFFFFFFFFFFFF29
:1007E000FFFFFFFFFFFFFFFFFFFF0C000000C0ED5A
:1007F000EEEEEEEEEEEEEEEEEEEEEEEEEEEEEEEE19
:10080000EEEEEEEEEEEEEEEEEEEEEEEEDE0C0000D6
:1008100000000000000000000000000000000000D8
:1008200000000000000000000000000000000000C8
:10083000000000008300A809CE1AF4233A355F3E79
:10084000E8294E53D4843AAE9FDF83318462849B7F
:1008500085CC85FD000000000000000000000000C5
:100860000000000000000000000000000000000088
:100870000000000000000000000000000000000078
:100880000000000000000000000000000000000068
:100890000000000000000000000000000000000058
:1008A0000000000000000000000000000000000048
:1008B0000000000000000000000000000000000038
:1008C0000000000000000000000000000000000028
:1008D0000000000000000000000000000000000018
:1008E0000000000000000000000000000000000008
:1008F00000000000000000000000000000000000F8
:1009000000000000000000000000000000000000E7
:1009100000000000000000000000000000000000D7
:1009200000000000000000000000000000000000C7
:100930000000000000000000000000001010010195
:1009400000000000000000000000000000000000A7
:1009500000000000000000000000000000204365CF
:1009600076777778663412000000000000000000FF
:100970000000000000000000000000000000002057
:10098000648788888888888888888856020000005C
:100990000000000000000000000000000000000057
:1009A0000000428788888888787777878888888851
:1009B000782500000000000000000000000000009A
:1009C0000000000000638888886845230211111028
:1009D000225476888888470100000000000000004B
:1009E00000000000000000007288887835010000D7
:1009F00000000000000010428688883800000000D7
:100A0000000000000000000000000051888847023C
:100A10000000000000000000000000001074888842
:100A200026000000000000000000000000003087E9
:100A300088370100000000000000000000000000F6
:100A40000000628888040000000000000000000030
:100A50000000848848000000000000000000000042
:100A60000000000000000073885800000000000033
:100A70000000000000508868010000000000000035
:100A80000000000000000000000000008588070052
:100A90000000000000000000008488040000000046
:100AA0000000000000000000000000000000000046
:100AB0003088680000000000000000003088380026
:100AC0000000000000000000000000000000000026
:100AD0000000000000828804000000000000000008
:100AE0007188050000000000000000000000000008
:100AF0000000000000000000003088280000000016
:100B000000000000856800000000000000000000F8
:100B100000000000000000000000000000008578D8
:100B20000000000000000010882800000000000005
:100B300000000000000000000000000000000000B5
:100B400000007088020000000000003088060000ED
:100B50000000000000000000000000000000000095
:100B60000000000000004088050000000000005068
:100B700088030000000000000000000000000000EA
:100B800000000000000000000000108807000000C6
:100B9000000000708801000000000000000000005C
:100BA00000000000000000000000000000000087BE
:100BB0002800000000000081780000000000000014
:100BC0000000000000C9BC000000000000000000A0
:100BD0000000008538000000001020881601000089
:100BE000000000000000000000FAEF00000000001C
:100BF00000000000000010318806010000FBFEFF2D
:100C0000EFDF0000000000000000000000FADF003D
:100C100000000000000000000000FBFEFFEFDF000E
:100C200000FCFFFFFFDF00000000000000000000EC
:100C300000FADF0000000000000000000000FCFFE0
:100C4000FFFFDF0000FBFFFFFFDF000000000000F0
:100C50000000000000FADF000000000000000000BB
:100C60000000FBFFFFFFDF0000FCFFFFFFDF0000D5
:100C7000000000000000000000FADF00000000009B
:100C8000000000000000FCFFFFFFDF0000FCFFFF92
:100C9000FFDF0000000000000000000000FADF009D
:100CA00000000000000000000000FCFFFFFFDF006C
:100CB00000FCFFFFFFDF000000000000000000005C
:100CC00000FADF0000000000000000000000FCFF50
:100CD000FFFFDF0000FCFFFFFFDF0000000000005F
:100CE0000000000000FADF0000000000000000002B
:100CF0000000FCFFFFFFDF0000FCFFFFFFDF000044
:100D0000000000000000000000FADF00000000000A
:100D1000000000000000FCFFFFFFDF0000FCFFFF01
:100D2000FFDF000000000000000000000BF9DFB052
:100D30000A000000000000000000FCFFFFFFDF00D1
:100D400000FCFFFFFFDF000000000000000000B01B
:100D5000DFFADFFA1E000000000000000000FCFFC8
:100D6000FFFFDF0000FCFFFFFFDF000000000000CE
:100D7000000000F1FFFFFFFFBF00000000000000C7
:100D80000000FCFFFFFFDF0000FBFFFFFFDF0000B4
:100D90000000000000000090FFFFFFFF0C000000BB
:100DA000000000000000FCFFFFFFDF0000FCFFFF71
:100DB000FFDF00000000000000000000D9FFFFBFBF
:100DC00000000000000000000000FBFFFFFFEF003C
:100DD00000DBFFFFFFEF22222222222222222222F8
:100DE00022FEFF1C22222222222222222222FCFF79
:100DF000FFFFCE00000087888888888888888888D8
:100E00008888888888888888888888888888888862
:100E10008888888888880200001088888888888860
:100E20008888888888888888888888888888888842
:100E30008888888888888888888802000000666694
:100E40006666666666666666666666666666666642
:100E500066666666666666666666666666660200FC
:100E60000000000000000000000000000000000082
:100E70000000000000000000000000000000000072
:100E80000000000000000000000000000000000062
:100E90000000000000000000000000000000000052
:100EA000000000000000000083002511C8296B3AF3
:100EB0000E53B0635374168DB89D0709AB112F22E2
:100EC000B32A5733DB437F4C0000000000000000D2
:100ED0000000000000000000000000000000000012
:100EE0000000000000000000000000000000000002
:100EF00000000000000000000000000000000000F2
:100F000000000000000000000000000000000000E1
:100F100000000000000000000000000000000000D1
:100F200000000000000000000000000000000000C1
:100F300000000000000000000000000000000000B1
:100F400000000000000000000000000000000000A1
:100F50000000000000000000000000000000000091
:100F60000000000000000000000000000000000081
:100F70000000000000000000000000000000000071
:100F80000000000000000000000000000000000061
:100F90000000000000000000000000000000000051
:100FA0000000000000000000000000000000000041
:100FB000101001010000000000000000000000000F
:100FC0000000000000000000000000000000000021
:100FD00000204365767777786634120000000000C1
:100FE0000000000000000000000000000000000001
:100FF00000000020648788888888888888888856C8
:1010000002000000000000000000000000000000DE
:1010100000000000000042878888888878777787FA
:101020008888888878250000000000000000000003
:1010300000000000000000000063888888684523E5
:1010400002111110225476888888470100000000A0
:101050000000000000000000000000007288887896
:10106000350100000000000000001042868888382A
:10107000000000000000000000000000000000511F
:101080008888470200000000000000000000000007
:101090001074888826000000000000000000000096
:1010A00000003087883701000000000000000000C9
:1010B00000000000000062888804000000000000BA
:1010C00000000000000084884800000000000000CC
:1010D00000000000000000000000007388580000BD
:1010E00000000000000000000050886801000000BF
:1010F00000000000000000000000000000000000F0
:1011000085880700000000000000000000848804BB
:1011100000000000000000000000000000000000CF
:10112000000000003088680000000000000000009F
:1011300030883800000000000000000000000000BF
:101140000000000000000000008288040000000091
:101150000000000071880500000000000000000091
:10116000000000000000000000000000003088289F
:101170000000000000000000856800000000000082
:10118000000000000000000000000000000000005F
:101190000000857800000000000000108828000092
:1011A000000000000000000000000000000000003F
:1011B0000000000000007088020000000000003005
:1011C0008806000000000000000000000000000091
:1011D0000000000000000000000040880500000042
:1011E0000000005088030000000000000000000024
:1011F0000000000000000000000000000000108857
:1012000007000000000000708801000000000000DE
:10121000000000000099990000000000000000009C
:101220000000008728000000000000817800000016
:10123000000000000000000090FEEF090000000028
:101240000000000000000085380000000000208839
:10125000960000000000000000000000F9FFFF9F62
:1012600000000000000000000000003988060000B7
:1012700000EAFFFFEFBE000000000000000000A039
:10128000FFFFFFFF0A000000000000000000EAFE70
:10129000FFFFBE00A0FFFFFFFFFF0B0000000000EC
:1012A000000000FAFFFFFFFFAF0000000000000099
:1012B00000A0FFFFFFFFFF0BD0FFFFFFFFFF9F001E
:1012C00000000000000000D0CFFCCFFC0D000000AB
:1012D0000000000000E0FFFFFFFFFF9FF9FFFFFF9E
:1012E000FFFFAF0000000000000000900CFBBFC03B
:1012F000090000000000000000F9FFFFFFFFFFAF42
:10130000E0FFFFFFFFFF9F00000000000000000063
:1013100000FCCF00000000000000000000E0FFFF24
:10132000FFFFFF9FB0FFFFFFFFFF0D000000000069
:101330000000000000FCCF000000000000000000E2
:1013400000B0FFFFFFFFFF0D00FBFFFFFFDF00000E
:10135000000000000000000000FCCF0000000000C2
:10136000000000000000FBFFFFFFDF000090BA88D4
:10137000A6090000000000000000000000FCCF00F3
:101380000000000000000000000090BA88A60900DC
:10139000000020880600000000000000000000009F
:1013A00000FCCF0000000000000000000000002052
:1013B00088060000000020880600000000000000F1
:1013C0000000000000FCCF00000000000000000052
:1013D00000000020880600000000208806000000B1
:1013E000000000000000000000FCCF000000000032
:1013F0000000000000000020880600000000208897
:1014000006000000000000000000000000FCCF000B
:10141000000000000000000000000020880600001E
:10142000000020880600000000000000000000000E
:1014300000FBBF00000000000000000000000020D2
:101440008806000000004288262222222222222230
:101450002222222222FDDF222222222222222222D4
:1014600022222242882601000010888888888888E5
:1014700088888888888888888888888888888888EC
:1014800088888888888888888888020000108888EA
:1014900088888888888888888888888888888888CC
:1014A00088888888888888888888888888880200CA
:1014B0000000666666666666666666666666666698
:1014C00066666666666666666666666666666666BC
:1014D000666602000000000000000000000000003E
:1014E00000000000000000000000000000000000FC
:1014F00000000000000000000000000000000000EC
:1015000000000000000000000000000000000000DB
:101510000000000000000000000000008300251112
:10152000C8296B3A0E53B0635374168DB89D640985
:101530004612281B0A240B2DED35CF3E8300830075
:101540008300830083008300830083008300830083
:101550008300830083008300830083008300830073
:101560008300830083008300D052830083008300C4
:101570008300830083008300830083008300830053
:101580009DFF8B73830083008300830083008300AF
:1015900083008300830083009DFFFFFF8B73830024
:1015A0008300830083008300830083008300830023
:1015B0009DFFFFFFFFFF8B73830083008300830089
:1015C00083008300830083009DFFFFFFFFFFFFFF79
:1015D0008B73830083008300830083008300830078
:1015E0009DFFFFFFFFFFFFFFFFFF8B738300830063
:1015F00083008300830083009DFFFFFFFFFFFFFF49
:10160000FFFFFFFF8B738300830083008300830051
:101610009DFFFFFFFFFFFFFFFFFFFFFFFFFF8B733C
:1016200083008300830083008300830083008300A2
:101630008300D052FFFFFFFF8B7383008300830082
:10164000830083008300830083008300D052FFFF68
:10165000FFFF8B738300830083008300830083007C
:10166000830083008300D052FFFFFFFF8B73830052
:101670008300830083008300830083008300830052
:10168000D052FFFFFFFF8B73830083008300830032
:1016900083008300830083008300D052FFFFFFFF9D
:1016A0008B738300830083008300830083008300A7
:1016B00083008300D052FFFFFFFF8B738300830002
:1016C0008300830083008300830083008300D05263
:1016D000FFFFFFFF8B738300830083008300830081
:1016E0008300830083008300D052FFFFFFFF8B73D2
:1016F00083008300830083008300830083008300D2
:101700008300D052FFFFFFFF8B73830083008300B1
:10171000830083008300830083008300D052FFFF97
:10172000FFFF8B73830083008300830083008300AB
:10173000830083008300D052FFFFFFFF8B73830081
:101740008300830083008300830083008300830081
:10175000D052FFFFFFFF8B73830083008300830061
:1017600083008300830083008300D052FFFFFFFFCC
:101770008B738300830083008300830083008300D6
:1017800083008300D052FFFFFFFF8B738300830031
:101790008300830083008300830083008300D05292
:1017A000FFFFFFFF8B7383008300830083008300B0
:1017B0008300830083008300D052FFFFFFFF8B7301
:1017C0008300830083008300830083008300830001
:1017D00083008300830083008300830083008300F1
:1017E00083008300830083008300830083008300E1
:1017F00083008300830083008300830083008300D1
:10180000D052FFFFFFFFD05283008300830083008C
:1018100083008300830083008300D052FFFFFFFF1B
:10182000D052830083008300830083008300830001
:1018300083008300D052FFFFFFFFD052830083005C
:101840008300830083008300830083008300D052E1
:10185000FFFFFFFFD05283008300830083008300DB
:101860008300830083008300D052FFFFFFFFD0522C
:101870008300830083008300830083008300830050
:101880008300D052FFFFFFFFD0528300830083000C
:10189000830083008300830083008300D052FFFF16
:1018A000FFFFD05283008300830083008300830006
:1018B000830083008300D052FFFFFFFFD0528300DC
:1018C0008300830083008300830083008300830000
:1018D000D052FFFFFFFFD0528300830083008300BC
:1018E00083008300830083008300D052FFFFFFFF4B
:1018F000D052830083008300830083008300830031
:1019000083008300D052FFFFFFFFD052830083008B
:101910008300830083008300830083008300D05210
:10192000FFFFFFFFD052830083008300830083000A
:101930008300830083008300D052FFFFFFFFD0525B
:10194000830083008300830083008300830083007F
:101950008300D052FFFFFFFFD0528300830083003B
:10196000830083008300830083008300D052FFFF45
:10197000FFFFD05283008300830083008300830035
:10198000830083008300D052FFFFFFFFD05283000B
:10199000830083008300830083008300830083002F
:1019A000D052FFFFFFFFFFFFFFFFFFFFFFFFFFFF23
:1019B00083008300830083008300D052FFFFFFFF7A
:1019C000FFFFFFFFFFFFFFFF830083008300830013
:1019D00083008300D052FFFFFFFFFFFFFFFFFFFFE9
:1019E0008300830083008300830083008300D05240
:1019F000FFFFFFFFFFFFFFFF8300830083008300E3
:101A00008300830083008300D052FFFFFFFFFFFFAE
:101A100083008300830083008300830083008300AE
:101A20008300D052FFFFFFFF830083008300830009
:101A3000830083008300830083008300D052FFFF74
:101A4000830083008300830083008300830083007E
:101A5000830083008300D0528300830083008300CF
:101A6000830083008300830083008300830083005E
:101A7000830083008300830083008300830083004E
:101A8000830083008300830083008300830083003E
:101A9000830083008300830083008300830083002E
:101AA000830083008300830083008300830083001E
:101AB000830083008300830083008300830083000E
:101AC00083008300830083008300830083008300FE
:101AD00083008300830083008300830083008300EE
:101AE00083008300830083008300830083008300DE
:101AF00083008300830083008300830083008300CE
:101B000083008621E8314942E831E41083008300F4
:101B100083008300830083008300830083008300AD
:101B20008300830083008300830083008300EC52E2
:101B300055A51DE7FFFFFFFFFFFFFFFFFFFFFFFFB3
:101B4000FFFF39C6CF73E410830083008300830056
:101B5000830083008300830083008300E410729479
:101B60009EF7FFFFFFFFFFFFFFFFFFFFFFFFFFFFEE
:101B7000FFFFFFFFFFFFFFFFFFFFFFFF96B5A7314E
:101B80008300830083008300830083008300CF737E
:101B9000FFFFFFFFFFFFFFFFFFFFFFFFDFF79AD60B
:101BA00039C6D7B559C65DE7FFFFFFFFFFFFFFFF4F
:101BB000FFFFFFFFB3948300830083008300452170
:101BC0009AD6FFFFFFFFFFFFFFFFBAD6CF73862134
:101BD000830083008300830083008300E410EC52C1
:101BE000D7B5FFFFFFFFFFFFFFFFBAD686218300B7
:101BF000E8319EF7FFFFFFFFFFFF9AD649428300BF
:101C000083008300830083008300830083008300BC
:101C1000830083008300862196B5FFFFFFFFFFFF4F
:101C20009EF7862145219EF7FFFFFFFF6D6B830026
:101C300083008300830083008300A7314942494227
:101C4000E831830083008300830083008300EC522B
:101C5000FFFFFFFFFBDEE410830086219AD6E83108
:101C600083008300830083004D5B59C6FFFFFFFFA5
:101C7000FFFFFFFFFFFFFFFF9AD66D6B830083001E
:101C800083008300E83139C6E410830083008300B9
:101C900083008300830083004D5B9EF7FFFFFFFFFF
:101CA000FFFFFFFFFFFFFFFFFFFFFFFFFFFFFFFF44
:101CB0009EF7EC528300830083008300830083003F
:101CC0008300830083008300E41039C6FFFFFFFF19
:101CD000FFFFFFFFFFFF9AD6D7B596B59AD6FFFF55
:101CE000FFFFFFFFFFFFFFFF35A583008300830099
:101CF000830083008300830083008300EC52FFFF96
:101D0000FFFFFFFFFBDE4D5B83008300830083004A
:101D1000830083004D5BFBDEFFFFFFFFFFFF86219B
:101D2000830083008300830083008300830083009B
:101D300083006D6BFFFFCF73830083008300E4108B
:101D4000E831E831E410830083008300D49C9EF7DF
:101D5000E8318300830083008300830083008300D5
:101D60008300830083008300862183008300EC527C
:101D70009AD6FFFFFFFFFFFFFFFF9AD6494283007D
:101D80008300E410830083008300830083008300CA
:101D9000830083008300830083008300830083002B
:101DA00055A5FFFFFFFFFFFFFFFFFFFFFFFFFFFF47
:101DB000FFFF527C83008300830083008300830045
:101DC00083008300830083008300830083008300FB
:101DD000830083004D5BFFFFFFFFFFFF59C659C61D
:101DE000FFFFFFFFFFFFAB4A8300830083008300F8
:101DF00083008300830083008300830083008300CB
:101E000083008300830083008300CF737294830078
:101E100083008300E41035A54942830083008300DA
:101E2000830083008300830083008300830083009A
:101E3000830083008300830083008300830083008A
:101E400083004942BAD659C68621830083008300A5
:101E5000830083008300830083008300830083006A
:101E6000830083008300830083008300830083005A
:101E7000830083008300FBDEFFFFFFFF96B5830036
:101E8000830083008300830083008300830083003A
:101E9000830083008300830083008300830083002A
:101EA000830083008300830083009AD6FFFFFFFF37
:101EB00035A58300830083008300830083008300B3
:101EC00083008300830083008300830083008300FA
:101ED00083008300830083008300830083008621C6
:101EE00096B555A5E410830083008300830083002A
:101EF00083008300830083008300830083008300CA
:101F000083008300830083008300830083008300B9
:101F100083008300830083008300830083008300A9
:101F20008300830083008300830083008300830099
:101F30008300830083008300830083008300830089
:101F40008300830083008300830083008300830079
:101F50008300830083008300830083008300830069
:101F60008300830083008300830083008300830059
:101F70008300830083008300830083008300830049
:101F80008300830083008300830083008300830039
:101F90008300830083008300830083008300830029
:101FA0008300830083008300830083008300830019
:101FB0008300830083008300830083008300830009
:101FC00083008300830083008300830083008300F9
:101FD00083008300830083008300830083008300E9
:101FE00083008300830083008300830083008300D9
:101FF00083008300830083008300830083008300C9
:1020000083008300830083008300830083008300B8
:1020100083008300830083008300830083008300A8
:102020008300830083008300830083008300830098
:102030008300830083008300830083008300830088
:102040008300830083008300A208A208A208C210B4
:10205000A208830883008300830083008300830039
:102060008300830083008300830083008300830058
:1020700083008300A208C2184419072289228922FA
:10208000892289228922892268228521E318A208CF
:102090008300830083008300830083008300830028
:1020A00083008300A2080419481A89228922892200
:1020B00089228922892289228922892289228922C8
:1020C000892289224521A20883008300830083009E
:1020D00083008300A208E318681A892289228922D2
:1020E00089228922681AC62165218519A619072225
:1020F0008922892289228922892289222419A208F7
:102100008300830083008308A621892289228922F3
:102110008922C621E318A20883008300830083007C
:1021200083008300A208C218851989228922892286
:102130008922C62183088300A208282289228922B5
:102140008922C521C210830083008300830083009D
:102150008300830083008300830083008300A20840
:1021600045218922892289222822A2088308471A28
:1021700089226822E31883008300830083008300A0
:10218000A208A208C210C210A208A20883008300FD
:10219000830083008300C2186822892207228308F3
:1021A0008300A208C621A208830083008300830065
:1021B000CB5276B5DBE6DBE6DBE6DBE6DBE6DBE651
:1021C00096BDEB628300830083008300A208C621D2
:1021D000A2088300830083008300830083008300C0
:1021E000CB525ADEDBE6DBE6DBE6DBE6DBE6DBE614
:1021F000DBE6DBE6DBE6DBE65ADE8A4A83008300C9
:1022000083008300830083008300830083008300B6
:10221000E31035B5DBE6DBE6DBE6DBE6DBE696BDC9
:10222000F3A4B3A496BDDBE6DBE6DBE6DBE6DBE6A8
:102230005294830083008300830083008300830023
:10224000830083008A4ADBE6DBE6DBE6F7CDCB5290
:10225000830083008300830083008300CB52F7CD8B
:10226000DBE6DBE6DBE646218300830083008300B8
:1022700083008300830083008300EB62DBE64D6311
:10228000830083008300E310A729A729E3108300BC
:1022900083008300328C5ADEA729830083008300E9
:1022A0008300830083008300830083008300830016
:1022B0004621830083008A4A96BDDBE6DBE6DBE647
:1022C000DBE696BD073A83008300E31083008300BA
:1022D00083008300830083008300830083008300E6
:1022E00083008300830083007294DBE6DBE6DBE699
:1022F000DBE6DBE6DBE6DBE6DBE6AE7383008300F2
:1023000083008300830083008300830083008300B5
:10231000830083008300830083008300CB52DBE6CD
:10232000DBE6DBE676B576B5DBE6DBE6DBE64A4AFE
:102330008300830083008300830083008300830085
:102340008300830083008300830083008300830075
:1023500083004D63CF7B830083008300E31052949E
:10236000073A830083008300830083008300830097
:102370008300830083008300830083008300830045
:1023800083008300830083008300073AB6BD76B5DF
:102390004621830083008300830083008300830041
:1023A0008300830083008300830083008300830015
:1023B0008300830083008300830083008300F7CDC4
:1023C000DBE6DBE6B3A483008300830083008300A5
:1023D00083008300830083008300830083008300E5
:1023E00083008300830083008300830083008300D5
:1023F000830096BDDBE6DBE6529483008300830016
:1024000083008300830083008300830083008300B4
:1024100083008300830083008300830083008300A4
:102420008300830083004621B3A47294E3108300E9
:102430008300830083008300830083008300830084
:102440008300830083008300830083008300830074
:102450008300830083008300830083008300830064
:102460008300830083008300830083008300830054
:102470008300830083008300830083008300830044
:102480008300830083008300830083008300830034
:102490008300830083008300830083008300830024
:1024A0008300830083008300830083008300830014
:1024B0008300830083008300830083008300830004
:1024C00083008300830083008300830083008300F4
:1024D00083008300830083008300830083008300E4
:1024E00083008300830083008300830083008300D4
:1024F00083008300830083008300830083008300C4
:1025000083008300830083008300830083008300B3
:1025100083008300830083008300830083008300A3
:102520008300830083008300830083008300830093
:102530008300830083008300830083008300830083
:102540008300830083008300830083008300830073
:102550008300830083008300830083008300830063
:102560008300830083008300830083008300830053
:102570008300830083008300830083008300830043
:102580008300830083008300830083008300830033
:10259000A208A208A208C210A20883088300830030
:1025A0008300830083008300830083008300830013
:1025B000830083008300830083008300A208C21885
:1025C0004419072289228922892289228922892283
:1025D00068228521E318A20883008300830083001A
:1025E000830083008300830083008300A208041912
:1025F000481A8922892289228922892289228922CC
:102600008922892289228922892289224521A208B8
:10261000830083008300830083008300A208E31803
:10262000681A89228922892289228922681AC62168
:1026300065218519A61907228922892289228922E2
:10264000892289222419A208830083008300830839
:10265000A6218922892289228922C621E318A2087B
:10266000830083008300830083008300A208C218D4
:1026700085198922892289228922C621830883001B
:10268000A2082822892289228922C521C21083001A
:102690008300830083008300830083008300830022
:1026A000830083008300A208452189228922892290
:1026B0002822A2088308471A89226822E318830087
:1026C0008300830083008300A208A208C210C21006
:1026D000A208A20883008300830083008300C2183D
:1026E00068228922072283088300A208C621A20843
:1026F000830083008300A208C218A619691A8922E0
:102700008922892289228922A621E318A20883002E
:1027100083008300A208C621A208830083008300EF
:102720008300830083008300C21828228922892223
:102730008922892289228922892289228922892241
:102740002822C21883008300830083008300830053
:102750008300830083008300A208652189228922E7
:10276000892289228922C62185198519E619891AA3
:1027700089228922892289222419830083008300E7
:10278000830083008300830083008300A3108922D9
:1027900089228922E621C218A208830083008300CF
:1027A0008300A208C218071A892289226822A20877
:1027B0008300830083008300830083008300830001
:1027C0008300E3188922E318A20883008300A2088B
:1027D000A208A208A2088300830083002419481AD3
:1027E000A2088300830083008300830083008300AA
:1027F00083008300830083004621830083008A4A8C
:1028000096BDDBE6DBE6DBE6DBE696BD073A83005A
:102810008300E31083008300830083008300830030
:102820008300830083008300830083008300830090
:102830007294DBE6DBE6DBE6DBE6DBE6DBE6DBE64B
:10284000DBE6AE7383008300830083008300830094
:102850008300830083008300830083008300830060
:1028600083008300CB52DBE6DBE6DBE676B576B5AC
:10287000DBE6DBE6DBE64A4A830083008300830075
:102880008300830083008300830083008300830030
:10289000830083008300830083004D63CF7B83002C
:1028A00083008300E3105294073A8300830083007F
:1028B0008300830083008300830083008300830000
:1028C00083008300830083008300830083008300F0
:1028D0008300073AB6BD76B54621830083008300A6
:1028E00083008300830083008300830083008300D0
:1028F00083008300830083008300830083008300C0
:10290000830083008300F7CDDBE6DBE6B3A483001E
:10291000830083008300830083008300830083009F
:10292000830083008300830083008300830083008F
:102930008300830083008300830096BDDBE6DBE633
:10294000529483008300830083008300830083000C
:10295000830083008300830083008300830083005F
:10296000830083008300830083008300830046216B
:10297000B3A47294E3108300830083008300830078
:10298000830083008300830083008300830083002F
:10299000830083008300830083008300830083001F
:1029A000830083008300830083008300830083000F
:1029B00083008300830083008300830083008300FF
:1029C00083008300830083008300830083008300EF
:1029D00083008300830083008300830083008300DF
:1029E00083008300830083008300830083008300CF
:1029F00083008300830083008300830083008300BF
:102A000083008300830083008300830083008300AE
:102A1000830083008300830083008300830083009E
:102A2000830083008300830083008300830083008E
:102A3000830083008300830083008300830083007E
:102A4000830083008300830083008300830083006E
:102A5000830083008300830083008300830083005E
:102A6000830083008300830083008300830083004E
:102A7000830083008300830083008300830083003E
:102A8000830083008300830083008300830083002E
:102A9000830083008300830083008300830083001E
:102AA000830083008300830083008300830083000E
:102AB00083008300830083008300830083008300FE
:102AC00083008300830083008300830083008300EE
:102AD0008300830083008300A208A208A208C2101A
:102AE000A20883088300830083008300830083009F
:102AF00083008300830083008300830083008300BE
:102B000083008300A208C21844190722892289225F
:102B1000892289228922892268228521E318A20834
:102B2000830083008300830083008300830083008D
:102B300083008300A2080419481A89228922892265
:102B4000892289228922892289228922892289222D
:102B5000892289224521A208830083008300830003
:102B600083008300A208E318681A89228922892237
:102B700089228922681AC62165218519A61907228A
:102B80008922892289228922892289222419A2085C
:102B90008300830083008308A62189228922892259
:102BA0008922C621E318A2088300830083008300E2
:102BB00083008300A208C2188519892289228922EC
:102BC0008922C62183088300A2082822892289221B
:102BD0008922C521C2108300830083008300830003
:102BE0008300830083008300830083008300A208A6
:102BF00045218922892289222822A2088308471A8E
:102C000089226822E3188300830083008300830005
:102C1000A208A208C210C210A208A2088300830062
:102C2000830083008300C218682289220722830858
:102C30008300A208C621A208830083008300A208A3
:102C4000C218A619691A8922892289228922892211
:102C5000A621E318A208830083008300A208C621EE
:102C6000A208830083008300830083008300830025
:102C7000C21828228922892289228922892289222E
:102C800089228922892289222822C218830083006E
:102C9000830083008300830083008300830083001C
:102CA000A208652189228922892289228922C621B6
:102CB00085198519E619891A89228922892289228A
:102CC0002419830083008300830083008300830032
:102CD00083008300A310892289228922E621C21859
:102CE000A2088300830083008300A208C218071A89
:102CF000892289226822A20883008300830083003E
:102D000083008300830083008300E3188922E31893
:102D1000A20883008300A208A208A208A2088300D8
:102D2000830083002419481AA208830083008300CB
:102D3000830083008300830083008300830083007B
:102D4000462183008300A310A6218922892289229B
:102D50008922A621C21083008300E3108300830030
:102D6000830083008300830083008300830083004B
:102D700083008300830083004419892289228922E9
:102D800089228922892289228922E31883008300EB
:102D9000830083008300830083008300830083001B
:102DA000830083008300830083008300C21889228C
:102DB00089226822A619A61968228922891AA310D5
:102DC00083008300830083008300830083008300EB
:102DD00083008300830083008300830083008300DB
:102DE0008300E3180419A20883008300A2082419B1
:102DF000C21083008300830083008300830083006C
:102E000083008300830083008300830083008300AA
:102E100083008300830083008300073AB6BD76B544
:102E200046218300830083008300830083008300A6
:102E3000830083008300830083008300830083007A
:102E40008300830083008300830083008300F7CD29
:102E5000DBE6DBE6B3A4830083008300830083000A
:102E6000830083008300830083008300830083004A
:102E7000830083008300830083008300830083003A
:102E8000830096BDDBE6DBE652948300830083007B
:102E9000830083008300830083008300830083001A
:102EA000830083008300830083008300830083000A
:102EB0008300830083004621B3A47294E31083004F
:102EC00083008300830083008300830083008300EA
:102ED00083008300830083008300830083008300DA
:102EE00083008300830083008300830083008300CA
:102EF00083008300830083008300830083008300BA
:102F000083008300830083008300830083008300A9
:102F10008300830083008300830083008300830099
:102F20008300830083008300830083008300830089
:102F30008300830083008300830083008300830079
:102F40008300830083008300830083008300830069
:102F50008300830083008300830083008300830059
:102F60008300830083008300830083008300830049
:102F70008300830083008300830083008300830039
:102F80008300830083008300830083008300830029
:102F90008300830083008300830083008300830019
:102FA0008300830083008300830083008300830009
:102FB00083008300830083008300830083008300F9
:102FC00083008300830083008300830083008300E9
:102FD00083008300830083008300830083008300D9
:102FE00083008300830083008300830083008300C9
:102FF00083008300830083008300830083008300B9
:1030000083008300830083008300830083008300A8
:103010008300830083008300830083008300830098
:10302000A208A208A208C210A20883088300830095
:103030008300830083008300830083008300830078
:10304000830083008300830083008300A208C218EA
:1030500044190722AA2AAA2AAA2AAA2AAA2AAA2AF2
:10306000892A8521E318A208830083008300830056
:10307000830083008300830083008300A208041977
:10308000491AAA2AAA2AAA2AAA2AAA2AAA2AAA2A11
:10309000AA2AAA2AAA2AAA2AAA2AAA2A4521A20828
:1030A000830083008300830083008300A208E31869
:1030B000691AAA2AAA2AAA2AAA2AAA2A691AC621FF
:1030C00065218519A6190722AA2AAA2AAA2AAA2AA4
:1030D000AA2AAA2A2419A20883008300830083084D
:1030E000A621AA2AAA2AAA2AAA2AC621E318A2083D
:1030F000830083008300830083008300A208C2183A
:103100008519AA2AAA2AAA2AAA2AC62183088300DC
:10311000A208292AAA2AAA2AAA2AC521C2108300FB
:103120008300830083008300830083008300830087
:10313000830083008300A2084521AA2AAA2AAA2A7A
:10314000292AA2088308471AAA2A892AE318830091
:103150008300830083008300A208A208C210C2106B
:10316000A208A20883008300830083008300C218A2
:10317000892AAA2A072283088300A208C621A20856
:10318000830083008300A208C218A6198A1AAA2AFB
:10319000AA2AAA2AAA2AAA2AA621E318A2088300F0
:1031A00083008300A2088521A20883008300830096
:1031B0008300830083008300C218292AAA2AAA2A2E
:1031C000AA2AAA2AAA2AAA2AAA2AAA2AAA2AAA2A5F
:1031D000292AC218830083008300830083008300B0
:1031E0008300830083008300A2086521AA2AAA2AFB
:1031F000AA2AAA2AAA2AC62185198519E619AA2265
:10320000AA2AAA2AAA2AAA2A2419830083008300A8
:10321000830083008300830083008300A310AA2A15
:10322000AA2AAA2AE621C218A208830083008300E2
:103230008300A208C218071AAA2AAA2A892AA20861
:103240008300830083008300830083008300830066
:103250008300E318AA2AE318A20883008300A208C7
:10326000A208A208A2088300830083002419491A37
:10327000A20883008300830083008300830083000F
:103280008300830083008300A20883008300A310CF
:10329000A621AA2AAA2AAA2AAA2AA621C2108300FB
:1032A0008300A208830083008300830083008300DF
:1032B00083008300830083008300830083008300F6
:1032C0004419AA2AAA2AAA2AAA2AAA2AAA2AAA2AD5
:1032D000AA2AE3188300830083008300830083000D
:1032E00083008300830083008300830083008300C6
:1032F00083008300C218AA2AAA2A892AA619A61915
:10330000892AAA2AAA22A3108300830083008300AB
:103310008300830083008300830083008300830095
:1033200083008300830083008300E3180419A2084C
:1033300083008300A2082419C21083008300830045
:103340008300830083008300830083008300830065
:103350008300830083008300830083008300830055
:103360008300C210C621A619A2088300830083002F
:103370008300830083008300830083008300830035
:103380008300830083008300830083008300830025
:10339000830083008300E621AA2AAA2A452183000C
:1033A0008300830083008300830083008300830005
:1033B00083008300830083008300830083008300F5
:1033C00083008300830083008300C621AA2AAA2ADF
:1033D00044198300830083008300830083008300FB
:1033E00083008300830083008300830083008300C5
:1033F0008300830083008300830083008300A2088E
:1034000085194419A2088300830083008300830088
:103410008300830083008300830083008300830094
:103420008300830083008300830083008300830084
:103430008300830083008300830083008300830074
:103440008300830083008300830083008300830064
:103450008300830083008300830083008300830054
:103460008300830083008300830083008300830044
:103470008300830083008300830083008300830034
:103480008300830083008300830083008300830024
:103490008300830083008300830083008300830014
:1034A0008300830083008300830083008300830004
:1034B00083008300830083008300830083008300F4
:1034C00083008300830083008300830083008300E4
:1034D00083008300830083008300830083008300D4
:1034E00083008300830083008300830083008300C4
:1034F00083008300830083008300830083008300B4
:1035000083008300830083008300830083008300A3
:103510008300830083008300830083008300830093
:103520008300830083008300830083008300830083
:103530008300830083008300830083008300830073
:103540008300830083008300830083008300830063
:103550008300830083008300830083008300830053
:103560008300830083008300830083008300830043
:103570008300830083008300830083008300830033
:103580008300830083008300830083008300830023
:103590008300830083008300830083008300830013
:1035A0008300830083008300830083008300830003
:1035B00083008300830083008300830083008300F3
:1035C00083008300830083008300830083008300E3
:1035D00083008300830083008300830083008300D3
:1035E00083008300830083008300830083008300C3
:1035F00083008300830083008300830083008300B3
:1036000083008300830083008300830083008300A2
:103610008300830083008300830083008300830092
:103620008300830083008300830083008300830082
:103630008300830083008300830083008300830072
:103640008300830083008300830083008300830062
:103650008300830083008300830083008300830052
:103660008300830083008300830083008300830042
:103670008300830083008300830083008300830032
:103680008300830083008300830083008300830022
:103690008300830083008300830083008300830012
:1036A0008300830083008300830083008300830002
:1036B00083008300830083008300830083008300F2
:1036C00083008300830083008300830083008300E2
:1036D00083008300830083008300830083008300D2
:1036E00083008300830083008300830083008300C2
:1036F00083008300830083008300830083008300B2
:1037000083008300830083008300830083008300A1
:103710008300830083008300830083008300830091
:103720008300830083008300830083008300830081
:103730008300830083008300830083008300830071
:103740008300830083008300830083008300830061
:103750008300830083008300830083008300830051
:103760008300830083008300830083008300830041
:103770008300830083008300830083008300830031
:103780008300830083008300830083008300830021
:103790008300830083008300830083008300830011
:1037A0008300830083008300830083008300830001
:1037B00083008300830083008300830083008300F1
:1037C00083008300830083008300830083008300E1
:1037D00083008300830083008300830083008300D1
:1037E00083008300830083008300830083008300C1
:1037F00083008300830083008300830083008300B1
:1038000083008300830083008300830083008300A0
:103810008300830083008300830083008300830090
:103820008300830083008300830083008300830080
:103830008300830083008300830083008300830070
:103840008300830083008300830083008300830060
:103850008300830083008300830083008300830050
:103860008300830083008300830083008300830040
:103870008300830083008300830083008300830030
:103880008300830083008300830083008300830020
:103890008300830083008300830083008300830010
:1038A0008300830083008300830083008300830000
:1038B00083008300830083008300830083008300F0
:1038C00083008300830083008300830083008300E0
:1038D00083008300830083008300830083008300D0
:1038E00083008300830083008300830083008300C0
:1038F00083008300830083008300830083008300B0
:10390000830083008300830083008300830083009F
:10391000830083008300830083008300830083008F
:10392000830083008300830083008300830083007F
:10393000830083008300830083008300830083006F
:10394000830083008300830083008300830083005F
:10395000830083008300830083008300830083004F
:10396000830083008300830083008300830083003F
:10397000830083008300830083008300830083002F
:10398000830083008300830083008300830083001F
:10399000830083008300830083008300830083000F
:1039A00083008300830083008300830083008300FF
:1039B00083008300830083008300830083008300EF
:1039C00083008300830083008300830083008300DF
:1039D00083008300830083008300830083008300CF
:1039E00083008300830083008300830083008300BF
:1039F00083008300830083008300830083008300AF
:103A0000830083008300830083008300830083009E
:103A1000830083008300830083008300830083008E
:103A2000830083008300830083008300830083007E
:103A30008300830000C1814001C0804101C08041FA
:103A400000C1814001C0804100C1814000C181406E
:103A500001C0804101C0804100C1814000C181405E
:103A600001C0804100C1814001C0804101C080414E
:103A700000C1814001C0804100C1814000C181403E
:103A800001C0804100C1814001C0804101C080412E
:103A900000C1814000C1814001C0804101C080411E
:103AA00000C1814001C0804100C1814000C181400E
:103AB00001C0804101C0804100C1814000C18140FE
:103AC00001C0804100C1814001C0804101C08041EE
:103AD00000C1814000C1814001C0804101C08041DE
:103AE00000C1814001C0804100C1814000C18140CE
:103AF00001C0804100C1814001C0804101C08041BE
:103B000000C1814001C0804100C1814000C18140AD
:103B100001C0804101C0804100C1814000C181409D
:103B200001C0804100C1814001C0804101C080418D
:103B300000C1814000C0C101C30302C2C60607C75D
:103B400005C5C404CC0C0DCD0FCFCE0E0ACACB0BCD
:103B5000C90908C8D81819D91BDBDA1A1EDEDF1FFD
:103B6000DD1D1CDC14D4D515D71716D6D21213D3ED
:103B700011D1D010F03031F133F3F23236F6F7379D
:103B8000F53534F43CFCFD3DFF3F3EFEFA3A3BFB8D
:103B900039F9F83828E8E929EB2B2AEAEE2E2FEF3D
:103BA0002DEDEC2CE42425E527E7E62622E2E323AD
:103BB000E12120E0A06061A163A3A26266A6A767DD
:103BC000A56564A46CACAD6DAF6F6EAEAA6A6BAB4D
:103BD00069A9A86878B8B979BB7B7ABABE7E7FBF7D
:103BE0007DBDBC7CB47475B577B7B67672B2B3736D
:103BF000B17170B05090915193535292965657971D
:103C0000559594549C5C5D9D5F9F9E5E5A9A9B5B0C
:103C100099595898884849894B8B8A4A4E8E8F4FBC
:103C20008D4D4C8C4484854587474686824243832C
:103C300041818040254C2100205C3B0020264E2104
:103C40000020503D0020273E2100208437002038EE
:103C5000293D5366717065554333261C15411F1C61
:103C60001F1E1F1E1F1F1E1F1E1F1F1D1F1E1F1E6C
:103C70001F1F1E1F1E1F4D6F646275730000000022
:103C800041646472657373000000FE0000004261CD
:103C9000756472617465000053656C65637420001F
:103CA00000000900000050726F746F636F6C0000B9
:103CB00053656C65637400000000010000005365EB
:103CC00074202020202000005363686564756C65B3
:103CD0000000080000003132303020200032343043
:103CE000302020003336303020200034383030206F
:103CF000200037323030202000393630302020008C
:103D0000313932303020003338343030200037360B
:103D100038303020003131353230300039323136F0
:103D20003030003537363030200031202020202040
:103D300000322020202020003320202020200034AA
:103D40002020202020003520202020200036202088
:103D50002020200037202020202000382020202074
:103D6000200000040002000180004000200010003C
:103D70000800040002000000008000400020001045
:103D800000080040002000100008000400020000AD
:103D90000000000000000000000000000000000023
:103DA0000E0A0C0000000000657468616E6F6C5FA5
:103DB0007369676E616C0000000000000000000085
:103DC00000000000000000000000000068325F7387
:103DD00069676E616C0000000000000000000000D8
:103DE00000000000000000000000000000000000D3
:103DF00074564F4300000000000000000000000067
:103E000000000000000000000000000000000000B2
:103E100000000000636F325F657100000000000069
:103E20000000000000000000000000000000000092
:103E30000000000000000000626173656C696E653F
:103E40003100000000000000000000000000000041
:103E500000000000000000000000000062617365C7
:103E60006C696E6532000000000000000000000078
:103E7000000000000000000000000000102700000B
:103E80000000000000000320006961715F696E6935
:103E900074000000000000000000000000000000AE
:103EA00000000000000000000000000050C30000FF
:103EB000D022002002000820016961715F6D6561F8
:103EC0007375726500000000000000000000000033
:103ED00000000000000000000000000010270000AB
:103EE000100200600100B320166961715F6765749C
:103EF0005F74766F635F696E636570746976655F22
:103F0000626173656C696E65000000001027000037
:103F100000000000000077200E6961715F73657416
:103F20005F74766F635F626173656C696E650000D4
:103F3000000000000000000000000000102700004A
:103F40001402006002001520026961715F676574E8
:103F50005F626173656C696E6500000000000000BF
:103F6000000000000000000000000000102700001A
:103F70000000000000001E20036961715F7365741A
:103F80005F626173656C696E65000000000000008F
:103F9000000000000000000000000000400D0300D1
:103FA000D8220020020050200A6D65617375726589
:103FB0005F7369676E616C730000000000000000B1
:103FC00000000000000000000000000010270000BA
:103FD00000000000000061200C7365745F61627373
:103FE0006F6C7574655F68756D69646974790000DC
:103FF0000000000000000000000000000900200098
:10400000210000001C02006005000000FC3F0508C4
:10401000010000003002006006000000FE3F0508BD
:104020000100000048020060080000000040050890
:10403000010000006802006003000000FFFFFFFFB6
:10404000FFFFFFFF4B0000004D0000004F0000008D
:10405000550000006F000000240000005100000027
:1040600075000000FFFFFFFFFFFFFFFFFFFFFFFFE7
:104070004B0000004D0000004F0000005500000004
:104080006F000000240000005100000075000000D7
:104090005700000068000000FFFFFFFFFFFFFFFF69
:1040A000FFFFFFFF4B0000004D0000004F0000002D
:1040B0005500000075000000FFFFFFFFFFFFFFFF3E
:1040C0001C000000FFFFFFFF4B0000004D00000040
:1040D0004F000000550000006F00000024000000A9
:1040E00054000000FFFFFFFFFFFFFFFF1C00000068
:1040F000FFFFFFFF4B0000004D0000004F000000DD
:10410000550000006F000000240000005700000070
:1041100054000000FFFFFFFFFFFFFFFF4B00000008
:104120004D0000004F000000550000006F0000002F
:10413000240000005100000054000000570000005F
:1041400068000000FFFFFFFF1C00000004000000EB
:104150002E000000FFFFFFFF4B0000004D0000009D
:104160004F0000007000000079000000780000009F
:10417000460000002C0000000C000000620000005F
:104180008B00000061000000600000004C00000097
:104190003E0000006B0000000B0000004900000022
:1041A0001E0000009B0000003800000039000000E5
:1041B000FFFFFFFF1C0000003A000000400000006D
:1041C0003F000000FFFFFFFFE8030000E9030000DD
:1041D000EA030000FFFFFFFFFFFFFFFFFFFFFFFFFE
:1041E0004B0000004D0000004F0000005500000093
:1041F00024000000FFFFFFFFFFFFFFFF7B00000028
:10420000FFFFFFFF4B0000004D0000004F000000CB
:104210005500000020000000AE0000003600000045
:10422000580000006F00000067000000510000000F
:1042300026000000FFFFFFFF4B0000004D000000C4
:104240004F00000055000000FFFFFFFFFFFFFFFFD2
:104250004B0000004D0000004F0000005500000022
:104260006F00000024000000510000004A00000020
:10427000FFFFFFFF1C0000006E000000FFFFFFFFBC
:104280001027000050460000102700005046000094
:104290001027000050460000102700005046000084
:1042A0001027000050460000C063FFFFC0D401008B
:1042B000C063FFFFC0C80300C063FFFFC0D401009C
:1042C000C063FFFFC0C80300C063FFFFC0D401008C
:1042D000C063FFFFC0C80300C063FFFFC0D401007C
:1042E000C063FFFFC0C80300C0F2FCFFE0930400FE
:1042F000C0F2FCFFE0930400A4034C03CC023402A0
:104300009C011C01C00080005400380028001C00E3
:10431000140010000C0008000400DC03C4039C031C
:104320005E030A03AA023C02CE016C011A01D60008
:10433000A400800064004C003E003000A4035C0335
:10434000F8028002FC0180011801C8008C006400A2
:104350004800340024001C00140010000C00D0039E
:10436000B4038A034A03FC029E023602D20178019A
:104370002801EA00B400900072005A004C003C0092
:104380006D007A00A400CE00F70020014801700102
:104390009701BE01E5010B02320258027E02A4021F
:1043A000B602CD0119026102AB02F6023D0384039D
:1043B000CB03130459049F04E8042F057005B805C6
:1043C000FC0541068406CB060D0750079407D60767
:1043D0001C085C08A108E40828096709AA09EC0977
:1043E0002F0A700AB10AF40A320B760BB50BF20BE6
:1043F000360C740CB20CF30C360D710DB00DEE0DC5
:104400002D0E6D0EA80EE50EA00F680F0B0F7F0E80
:10441000BD0DB30C680BEB095808C90669053B04D0
:1044200047038A02F70188013301870F270F880E9F
:10443000940D260CBB0AFF084807B80574046203F4
:104440009402040289013801FA00CB00900E700D2D
:10445000E00B000AF0070006600420033002900120
:104460002001D000900070005000400030005C0F30
:10447000E80E380E420D030C8C0AF1085907E805C6
:10448000AC04B603E2024102C8016D013201F8003A
:104490003E01EC0196023C03E10385042605C505B7
:1044A0006206FD0696073208C6085E09EC097E0A18
:1044B000040B0000000000000000000000000000ED
:1044C00000000000000000000000000000000000EC
:1044D00000000000000000000000000000000000DC
:1044E00000000000000000000000000000000000CC
:1044F00000000000000000000000000000000000BC
:1045000000000000000000000000000000000000AB
:10451000000000000000000000000000000000009B
:10452000000000000000000000000000000000008B
:10453000000000000000000000000000000000007B
:10454000000000000000000000000000000000006B
:10455000000000000000000000000000000000005B
:10456000000000000000000000000000000000004B
:10457000000001010101010101010101010101012D
:10458000010101010101010101010101010101011B
:1045900001010202020202020202020202020202FD
:1045A00002020303030303030303040404040505D5
:1045B00005050000000000001F0000001C000000B6
:1045C0001F0000001E0000001F0000001E00000071
:1045D0001F0000001F0000001E0000001F00000060
:1045E0001E0000001F000000000000000000E03F6F
:1045F000000000000000E0BF0000E0FE422EE63FA9
:104600000000E0FE422EE6BF763C7935EF39EA3D08
:10461000763C7935EF39EABD3E5555555555C53F80
:1046200093BDBE166CC166BF2CDE25AF6A56113F26
:10463000F16BD2C541BDBBBED0A4BE726937663E28
:1046400004FA97999999D93FAF788E1DC571CC3FDF
:104650009FC678D0099AC33F935555555555E53FA8
:10466000599322942449D23FDE03CB966446C73F38
:1046700044523EDF12F1C23F000000000000F03F54
:10468000000000000000F83F0000000000000000F3
:104690000000004003B8E23F0000000000000000FE
:1046A00006D0CF43EBFD4C3E033333333333E33F8C
:1046B000FFAB6FDBB66DDB3F4D268F515555D53FB8
:1046C00001411DA96074D13F65DBC9934A86CD3F86
:1046D000EF4E454A287ECA3F3E5555555555C53F74
:1046E00093BDBE166CC166BF2CDE25AF6A56113F66
:1046F000F16BD2C541BDBBBED0A4BE726937663E68
:104700004C5555555555A53F7751C1166CC156BFEF
:104710009015CB19A001FA3EAD529C804F7E92BEFF
:10472000C4B1B4BD9EEE213ED43888BEE9FAA8BD1E
:10473000000000000000000000004054FB21F93F91
:104740003163621A61B4D03D0000601A61B4D03D9B
:104750007370032E8A19A33B0000002E8A19A33B15
:10476000C14920259A837B39000000000000000029
:104770006E83F9A22915444ED15727FCC0DD34F5CC
:10478000999562DB4190433CAB6351FE61C5BBDE52
:104790003A6E24B7E0D24D42EA2E49061C92D10966
:1047A0001CEB1DFE3EA729B1F53582E88444BB2EE3
:1047B00026709CE9417E5FB439D69139F439538330
:1047C0008B5F849C3B28F9BDFF97F81F0F9805DE8F
:1047D0008B112FEF1F6D0A5ACF7E366DB709CB278D
:1047E000663F464F2DEA5F9EC7BA27757BF1E5EB22
:1047F000F739073DEA92528AB15FFB6B085D8D1F66
:10480000A6F810111111813FD561C119A0012ABF6D
:104810007DFEB157E31DC73EEB9C2B8AE6E55ABEF1
:104820007CD5CF5A3AD9E53D004040404040404019
:104830004040414141414140404040404040404073
:104840004040404040404040400502020202020217
:104850000202020202020202022020202020202066
:10486000202020020202020202029090909090907A
:104870001010101010101010101010101010101038
:1048800010101010020202020202888888888888AC
:104890000808080808080808080808080808080898
:1048A0000808080802020202400000002948050822
:1048B000352E302E30000000F8480508000000605A
:1048C00054050000949E0308E04A050800200020DB
:1048D00044030000949E0308E04A05085405006064
:1048E000845E0700D0A50308DC4B050844230020A4
:1048F00098400000D0A5030845020406082D0102D7
:104900000304040544060708091AAA01035EF8EF28
:104910005010526F6F6D54656D3A32302E35432012
:1049200020480F536574506F696E743A32332E30DD
:104930004314580E414E496E707574313A3130301F
:10494000302879140A1132148A3314011C5A0107D1
:104950005908017F123C1209123F120D1243122412
:10496000124612371248125F124A12AA124C12DC77
:10497000124E140E0150145401530A1DF4AD2D347F
:104980003E0508041A58041A7C041AAC041E3C3F65
:1049900005086C041A9C040912140A11CC181ADCBC
:1049A0000C9A0C201E2440050814041A0404011457
:1049B00014A1F70349191E592703085D041EA320FB
:1049C00003086308180A672203081F250308850CDB
:1049D000011A1EABE50208B1041A9F041E41E6024B
:1049E000086704411A8510412AC3185AF9633152E5
:1049F000031E33FC020839041A27041AF7044B1D5E
:104A0000FD2E1A0D0C415A67088152011EAFE802B3
:104A100008B5041AA3041ED5E90208FB04411A894B
:104A200010011452021EB7ED0208BD041AAB041A9D
:104A30008504180A75EE020831F00208610C419EE7
:104A400075F102089DA252051E23FF020829041ACF
:104A500017041A3B041A9D040F1451010308FDFEAC
:104A60006C52041E070303080D041EFB020308C159
:104A7000081AE704411AE110011452061BE13D2A0D
:104A800019041AD5041AEF044B133E2E0B142740B9
:104A90003652111A6F1E1A79041A63041A7D045AC9
:104AA000A12E0A15493652801E934C030899041A08
:104AB0008704411AD1081B614D425910011052134D
:104AC0001E6B4E030867041A710441580A4B4F03CA
:104AD00008C35003083D100111026404F2010000F4
:104AE0001184A24A04E0090102030406070809121E
:104AF000FD63204E700E54656D636F436F6E74726C
:104B00006F6C733914F0092050726F647563741AF6
:104B1000FF0101A50925A702E801100DC59D0208A6
:104B20005F94020831960208180B016FA702089DD6
:104B3000A602086D08180CFA02FDA5020845A40299
:104B4000088F041808FA0339AA0208D1181BF7A81D
:104B50000E1F04F3AC020887121AE7041809FA05BD
:104B60001FAF020813AD2E19040210FA323032487A
:104B700032603278329032A832C012D81A64201AC9
:104B800064201A64201A64201A64201A64201A64AB
:104B9000201A64200116180EB0480508EC3D0508DF
:104BA000103E0508A4081AC80401101203D3B80B5C
:104BB0000028110102030405060708090A0B0C0D61
:104BC0000E0F101112131415161718192325262766
:0C4BD0001A1B1C1D1E1F20212224A20104
:04000005080081313D
:00000001FF
