:020000040800F2
:108000000020002045A30008158200083B820008DC
:1080100047820008578200086782000800000000BD
:108020000000000000000000000000005181000876
:108030008B82000800000000958100088BD50008A5
:10804000BFA30008BFA30008BFA30008BFA3000888
:10805000BFA30008BFA30008BFA30008BFA3000878
:10806000BFA30008BFA30008BFA30008BFA3000868
:10807000BFA30008BFA30008BFA30008BFA3000858
:10808000BFA30008BFA30008BFA30008BFA3000848
:10809000BFA30008BFA30008BFA30008BFA3000838
:1080A000BFA30008BFA30008BFA30008BFA3000828
:1080B000BFA30008F9AD0008BFA30008BFA30008D4
:1080C000BFA30008BFA30008BFA30008BFA3000808
:1080D000BFA300087F330208713302084933020846
:1080E00041510208BFA30008BFA30008BFA30008B6
:1080F000BFA30008BFA30008BFA30008BFA30008D8
:10810000BFA30008BFA30008BFA30008BFA30008C7
:1081100045710208BFA300086BAE0008BFA30008AA
:10812000BFA30008BFA30008BFA30008BFA30008A7
:10813000DFF810D031F0C4FC00480047614C020861
:10814000AFF300800020002080F308887047000013
:10815000224B19680868B0E8F00F80F30988BFF374
:108160006F8F4FF0000080F311884EF00D0E7047B6
:108170000000000006480068006880F3088862B6C6
:1081800061B6BFF34F8FBFF36F8F00DF00BF00BF3B
:1081900008ED00E0EFF30980BFF36F8F0F4B1A6813
:1081A00020E9F00F106008B54FF0BF0080F3118890
:1081B000BFF34F8FBFF36F8F04F0F0F94FF0000063
:1081C00080F31188BDE8084019680868B0E8F00F2E
:1081D00080F30988BFF36F8F704700BF24000060F1
:1081E000EFF305807047CAB2401E10F8011F8A42A3
:1081F00002D00029F9D100207047012231F0B0BB34
:1082000054656D636F5049443130000000000098A0
:108210001A00000025A031F0E5BF10B504464FF468
:10822000E13005F05DFA244B0122C3F8A02121467C
:10823000BDE8104021A031F0D5BF2448C18AE82014
:108240001EF031FEFEE71421E8201EF02CFE20A0D7
:1082500031F0C8FFFBE71E21E8201EF024FE1FA01E
:1082600031F0C0FFFBE72821E8201EF01CFE1EA015
:1082700031F0B8FFFBE710B53221E8201EF013FE05
:10828000BDE810401CA031F0ADBF10B53C21E82086
:108290001EF009FEBDE8104019A031F0A3BF1AA0DE
:1082A00031F0A0BF1AA031F09DBF00004E4D492013
:1082B0006661756C7400000000002142646562759F
:1082C000673A202573200D0A00000000B402026006
:1082D0004D656D204661756C7420000042757320F9
:1082E0004661756C742000005573616765204661B6
:1082F000756C7420000000005356432000000000FD
:10830000446562756720000050656E200000000023
:108310005379735469636B20000000000CB5002290
:108320004C4800920192016841F4803101604FF4A1
:10833000A063016801F4003101910099491C00918A
:10834000019911B900999942F3D10168890333D594
:108350000121019140490A6842F010020A600A684E
:1083600022F003020A600A6842F002020A604168D1
:10837000416041684160416841F480614160416809
:1083800021F47C114160416841F4E81141600168C9
:1083900041F08071016001688901FCD5416821F0DC
:1083A00003014160416841F0020141604168C1F34D
:1083B00081010229FAD10CBD01920CBD254810B5EE
:1083C000016841F0010101604168244A11404160A7
:1083D0000168234A11400160016821F48021016095
:1083E000416821F4FE0141604FF41F018160FFF7F5
:1083F00095FF1C494FF00060086010BD154A10B58C
:108400005068194B10F00C01184803D0042901D012
:10841000082901D0036012E05168536801F470111B
:108420004FF0020413F4803F04EB914102D05368F3
:108430009B0301D50E4B00E00B4B59430160516883
:108440000A4AC1F30311121D515C0268CA4002605E
:1084500010BD000000100240002002400000FFF8A4
:10846000FFFFF6FE08ED00E000127A000000006059
:1084700000093D002849084328490860704730B585
:108480000F23C27801780125F2B1244A126801F164
:10849000E02102F4E062C2F5E062120AC2F10404D3
:1084A000D3404278A24084781C401443220181F8D2
:1084B0000024007800F01F018D404009800000F189
:1084C000E020C0F8005130BD01F01F008540480990
:1084D000800000F1E020C0F8805130BD104A11400A
:1084E00001430E48001F016070470C4A121D00290D
:1084F000116801D0014300E08143116070474FF0E3
:10850000E0210428086903D020F0040008617047C6
:1085100040F00400FAE700000000FA050CED00E06E
:1085200080FFFF1FC74910B5884202D101214415C1
:108530000AE0C549884202D10121041504E0C3497B
:1085400088420AD10121CC03204600F04EFD20468E
:10855000BDE81040002100F048BD10BD10B54268D4
:10856000BB4B0C791A400B6842EA04221343436068
:108570008268B84BD1F806401A40D1F80A3023433C
:108580004C7942EA440213438360C26A897B22F435
:108590007002491EC9B242EA0151C16210BD0021F8
:1085A000016001714171C0F80610C0F80A10012184
:1085B000817370470029816802D041F0010101E018
:1085C00021F00101816070470029816802D041F4E7
:1085D000807101E021F4807181607047002A426857
:1085E000C9B201D00A4300E08A4342607047816803
:1085F00041F0080181607047014600208968090741
:1086000000D501207047816841F004018160704706
:10861000014600208968490700D5012070470029DC
:10862000816802D041F4A00101E021F4A001816041
:108630007047014600208968490200D50120704733
:108640004268491E22F4604242EA4131416070476B
:108650000029416802D041F4006101E021F4006189
:108660004160704770B5072609290AD9C568A1F18C
:108670000A0404EB4404A640B543A3401D43C5606F
:1086800007E0056901EB4104A640B543A3401D4343
:1086900005611F23072A09D2446B521E02EB820296
:1086A00093409C4391400C43446370BD0D2A09D212
:1086B000046BD21F02EB820293409C4391400C4317
:1086C000046370BDC46A0D3A02EB820293409C437E
:1086D00091400C43C46270BD0029816802D041F40E
:1086E000801101E021F4801181607047C06C80B27C
:1086F000704754484C30006870470029416802D0E8
:1087000041F4806101E021F48061416070470029FB
:10871000416802D041F4805101E021F48051416070
:108720007047826822F4E0420A4382607047002961
:10873000816802D041F4004101E021F400418160F0
:1087400070470029816802D041F4021101E021F450
:10875000021181607047014600208968890200D5B6
:108760000120704770B5072609290AD9C568A1F10B
:108770000A0404EB4404A640B543A3401D43C5606E
:1087800007E0056901EB4104A640B543A3401D4342
:108790000561836BC3F30154121B921C02EB82022E
:1087A0001F249440A34391400B43836370BD826BAD
:1087B000491E22F4401242EA01518163704708B514
:1087C00008440090026008BD08B5084428300090B5
:1087D000006880B208BD42681F4B1A400A434260DD
:1087E0007047416282627047426822F01F020A436A
:1087F00042607047134908310028086802D040F4ED
:10880000000001E020F400000860704702460020EC
:1088100012680A4200D001207047C94301607047C6
:1088200010B50246002054680B0AC9B20C4011680A
:10883000194202D0002C00D0012010BD6FEA112196
:10884000016070470024014000280140003C0140C5
:10885000FFFEF0FFFDF7F1FFFFFD3FFF01684FF660
:10886000FE72114001600021016041608160C160C1
:108870006A496A4A0839904203D1486840F00F00BB
:1088800006E0664A1432904204D1486840F0F00095
:1088900048607047614A2832904203D1486840F4EA
:1088A0007060F5E75D4A3C32904203D1486840F47D
:1088B0007040EDE7594A5032904203D1486840F485
:1088C0007020E5E7554A6432904203D1486840F48D
:1088D0007000DDE7514A7832904203D1486840F099
:1088E0007060D5E74E4A111F904203D1086840F0EE
:1088F0000F0006E04A4A1432904204D1086840F062
:10890000F00008607047464A2832904203D1086858
:1089100040F47060F5E7424A3C32904203D1086867
:1089200040F47040EDE73E4A50329042EAD1086888
:1089300040F47020E5E730B5026847F6F0739A43DB
:108940008B680C6A4D6923430C692C4323438C6963
:108950002343CC6923434C6A23438C6A2343134348
:108960000360CA6842600A6882604968C16030BDBD
:108970000021016041608160C160016141618161EC
:10898000C16101624162816270470029016802D0C1
:1089900041F0010102E04FF6FE72114001607047A4
:1089A000002A026801D00A4300E08A43026070474F
:1089B00041607047406880B2704702460020D10095
:1089C00002D51749083901E01449083909681142EC
:1089D00000D001207047C10003D51149091F08606C
:1089E00070470E4908394860704702460020D100A0
:1089F00002D50B49083901E00849083909681142D4
:108A000000D001207047C10003D50549091F086047
:108A1000704702490839486070470000080002406A
:108A200008040240374900200860091D0860091D3C
:108A30000860091D086033493348143108607047E5
:108A400030B5304A8379016853B313688B431360A0
:108A5000111D0B680468A3430B60017911440B6876
:108A6000046823430B60274B083319680468A1434B
:108A700019601C1D21680568A943216041791029EE
:108A800005D011440A68006802430A6030BD1968C5
:108A9000026811431960216800680143216030BDFC
:108AA0000079104402688A43026030BD00210160F1
:108AB00001710C22427181717047124910310A68AC
:108AC00002430A60704701460E4A002014321268C1
:108AD0000A4200D0012070470A49143108607047EB
:108AE000084A014600201268064B0A4014331B68EE
:108AF0000B4202D0002A00D00120704701491431F6
:108B00000860704700040140FFFF0F008F4910B557
:108B1000884206D10121042000F067FA00210420D8
:108B20003BE08B49884206D10121082000F05DFA24
:108B30000021082031E08749884206D10121102018
:108B400000F053FA0021102027E08349884206D123
:108B50000121202000F049FA002120201DE07F495A
:108B6000884206D10121402000F03FFA0021402038
:108B700013E07B49884206D10121802000F035FABC
:108B80000021802009E0774988420AD1841501211B
:108B9000204600F02AFA00212046BDE8104000F0EF
:108BA00024BA10BD10B50121084600F01EFA0021BC
:108BB000BDE81040012000F018BAF0B5CC780022D2
:108BC00004F00F03E40601D58C7823430C784FF0B2
:108BD0000F0C14F0FF0F4FF0010E1BD005680E882C
:108BE0000EFA02F42640A64210D196000CFA06F7BF
:108BF00025EA070703FA06F5CE783D43282E02D072
:108C0000482E02D002E0446100E00461521C082AB0
:108C1000E5D305600A88FF2A1CD94468002202F1C6
:108C200008060EFA06F50E882E40AE420ED19600CA
:108C30000CFA06F7BC4303FA06F7CE783C43282E1D
:108C400000D14561CE78482E00D10561521C082A1A
:108C5000E5D34460F0BD4FF6FF71018002218170C1
:108C60000421C17070470246002092680A4200D079
:108C700001207047806880B2704702460020D268A9
:108C80000A4200D001207047C06880B2704701617D
:108C90007047416170470AB1016170474161704797
:108CA000C160704741F48032826181618261816973
:108CB000806970472C4B10B51A684FF680742240BB
:108CC00042EA00100843186010BD2849C861704787
:108CD000F0B5254C002801DAE36900E06368450D32
:108CE0002E0185B2C0F30157B540C0F30342032FF4
:108CF00005D0C6020AD503269640B34307E023F009
:108D00007062636823F07063636002E0AB4343F01A
:108D1000706201B12A43002801DAE261F0BD6260AD
:108D2000F0BD10B58A0721F003040F49120F21444A
:108D30000F238C6893409C438C608B689040034366
:108D40008B6010BD0949C1F8DC0070470008014084
:108D5000000C0140001001400014014000180140C7
:108D6000001C0140002001400000014000002042A2
:108D70000D49086070470C49486070470A4988608F
:108D8000704709494AF6AA200860704706494CF620
:108D9000CC4008607047044A01460020D2680A426D
:108DA00000D001207047000000300040A548016855
:108DB00041F0010101604168A34A1140416001682E
:108DC000A24A11400160016821F4802101604168DC
:108DD00021F4FE0141604FF41F0181607047994901
:108DE0000A6822F480320A600A6822F480220A604B
:108DF000B0F5803F07D0B0F5802F03D1086840F46C
:108E0000A02008607047086840F48030F9E7034606
:108E1000002059098B4A01290AD002290AD0516A37
:108E200003F01F02012393400B4200D00120704742
:108E30001168F5E7116AF3E718B500204FF4A06454
:108E400000903120FFF7E3FF0099491C0091A142F7
:108E500001D00028F5D03120FFF7D9FF002800D03D
:108E6000012018BD774A116821F0F80141EAC000DD
:108E700010607047764908607047724B5A68084323
:108E800022F47C121043586070477149086670479D
:108E90006C4A516821F003010143516070476948F1
:108EA000406800F00C007047664A516821F0F001FC
:108EB000014351607047634A516821F4E061014306
:108EC000516070475F4A516821F4605141EAC00027
:108ED000506070475B4A0029517A01D0014300E09D
:108EE0008143517270475A49C1F8D8007047554ABA
:108EF000516821F4404101435160704751490022BB
:108F000081F8202081F82020012802D0042802D1F5
:108F1000052081F8200070474E4908607047494994
:108F20000A6A02430A6270474A4944390860704736
:108F300030B5444A5168484B11F00C0103D0042964
:108F400001D0082901D0036012E05168536801F490
:108F500070114FF0020413F4803F04EB914102D0F2
:108F600053689B0301D53D4B00E03B4B59430160E7
:108F700051680F2303EA1111394B5C5C0168E14031
:108F800041605468072505EA14241C5D21FA04F4A5
:108F90008460546805EAD4241B5DD940C1605268DE
:108FA000032303EA92322E4B1B1F9A5CB1FBF2F1B2
:108FB000016130BD234A0029516901D0014300E01D
:108FC0008143516170471F4A0029916901D00143D3
:108FD00000E08143916170471A4A0029D16901D0AC
:108FE000014300E08143D1617047164A0029D168EE
:108FF00001D0014300E08143D1607047114A00294C
:10900000116901D0014300E08143116170471149AA
:109010004039086070470E49C86470470949C871F3
:1090200070470848416A41F0807141627047054AC3
:109030000146002092680A4200D001207047014991
:1090400088727047001002400000FFF8FFFFF6FE34
:10905000000042428004424200127A0000093D00B2
:1090600004200020424A0029118801D0014300E079
:109070008143118070473E48001D018841F0100176
:10908000018070473A48001D018821F010010180DD
:10909000704737481C30008835491831098840EA44
:1090A0000140704700B50246FFF7E5FF3049100C5C
:1090B00018310880081D02805DF804EBE2E700B576
:1090C0000246FFF7D8FF2A49C2F30340083108805F
:1090D000081D02805DF804EBD4E700B50246FFF7F7
:1090E000CAFF2349100C20310880081D02805DF85A
:1090F00004EBC7E71E48103000880007010B1C482E
:1091000014300088084370471948001D01888906FB
:10911000FCD570471648001D018821F00801018028
:1091200001880907FCD570470146114A0020121D2D
:1091300012880A4200D0012070470D49091D0A8893
:1091400082430A8070470A49091D0988C2B211404A
:10915000074A1288024202D009B10120704700205C
:1091600070470349091D0A8882430A80704700003E
:1091700000280040994910B588420AD18414012181
:109180002046FFF732FF2046BDE810400021FFF7E0
:109190002CBF9349884202D10121041404E0914973
:1091A00088420AD10121C4132046FFF727FF204639
:1091B000BDE810400021FFF721BF10BD30B5028887
:1091C0004C8802F441530A88CD8822438C882C4372
:1091D00022430C8922434C8922438C892243CC8927
:1091E00022431A430280828B22F400628283098A1E
:1091F000018230BDF0B505460C4602200021AA8B45
:1092000085B001264FF240031A40AA832884AF8B11
:10921000A268022A21D0A08800B102266846FFF782
:1092200087FEE1880098B1F5007F2CD07101B0FB7A
:10923000F1F000EB8000A1684000B0FBF1F0401DB0
:1092400080B20A21B0FBF1F000F00101401A4FF6A4
:10925000FF72C0F34F0002EA0121821EFE2A01D3F1
:1092600002200021E288084302432A842088618882
:10927000A2890843A18811430843384340F40060A1
:10928000A88305B0F0BD000AD3E70021018041802A
:109290008180C180018141818181C1810721018259
:1092A00070470021018041808180C180022282605C
:1092B000818170470029018802D041F0400101E01E
:1092C00021F04001018070470029818B02D041F4D8
:1092D000806101E021F480618183704709090123E5
:1092E0008B40002A828899B201D00A4300E08A4369
:1092F00082807047002A828801D00A4300E08A43B6
:10930000828070478181704780897047A1F57E42D5
:109310000188FF3A02D041F4807101E021F48071AC
:10932000018070470029818802D041F0040101E0EA
:1093300021F0040181807047028822F400620280DB
:1093400002880A4302807047018841F480510180FD
:1093500070470029018802D041F4005101E021F456
:10936000005101807047012901D0008B7047808A2D
:109370007047008A7047B1F5804F018803D021F40F
:1093800080410180704741F48041FAE702460020A5
:1093900012890A4200D001207047C94301817047F9
:1093A00030B501F00F030125024605FA03F4002051
:1093B000A3B2090905FA01F49188A4B212892140E7
:1093C0001A4202D0002900D0012030BD01F00F0266
:1093D00001219140C94301817047000000300140E4
:1093E00000380040003C0040F94910B5884202D1E5
:1093F0000121C41486E0B0F1804F09D0F5498842BC
:109400000DD101210220FFF7F9FD0021022064E0C7
:1094100001210846FFF7F2FD002101205DE0EE4941
:10942000884206D101210420FFF7E8FD0021042035
:1094300053E0EA49884206D101210820FFF7DEFD0A
:109440000021082049E0E649884206D10121102088
:10945000FFF7D4FD002110203FE0E249884206D109
:1094600001212020FFF7CAFD0021202035E0DE4940
:10947000884202D10121441444E0DC49884202D1EF
:109480000121CC043EE0DA49884202D101210C05D9
:1094900038E0D849884202D101214C0532E0D64952
:1094A000884206D101214020FFF7A8FD002140207D
:1094B00013E0D249884206D101218020FFF79EFDAA
:1094C0000021802009E0CE4988420AD1841501217B
:1094D0002046FFF793FD00212046BDE81040FFF72E
:1094E0008DBDC849884202D101210C040AE0C64959
:1094F000884202D101214C0404E0C44988420AD1C7
:1095000001218C042046FFF770FD2046BDE8104085
:109510000021FFF76ABD10BD30B50288AC4CB24DDA
:10952000A0420DD0A8420BD0B0F1804F08D0A94B7B
:10953000984205D0A84B984202D0A84B984203D13C
:1095400022F070034A881A43A54B984206D0A54BD7
:10955000984203D022F44073CA881A4302808A8852
:1095600082850A880285A0420AD0A84208D0A54A6E
:10957000904205D0A44A904202D0A44A904201D120
:10958000097A01860121818230BD30B5028C22F03A
:1095900001020284028C8388048B22F0020224F0F0
:1095A00073050C882C430D8915434A882A43884D3E
:1095B000A8420BD08C4DA84208D0924DA84205D0AD
:1095C000914DA84202D0914DA8420DD122F008053C
:1095D0004A8923F440732A4322F004058A882A43E7
:1095E0008D891D43CB892B4383800483C988818661
:1095F000028430BD70B5028C22F010020284028C0D
:109600008388048B0D8824F4E6464FF6FF7404EA41
:10961000052535430E8922F0200204EA061616437A
:109620004A8804EA02123243694EB04202D06E4EBA
:10963000B04215D122F080064A8923F4406304EA3F
:109640000212324322F040068A8804EA02123243B0
:109650008E8904EA86061E43CB8904EA83033343DA
:1096600083800583C9880187028470BD70B5028C30
:1096700022F480720284028C8388848B0D8824F00B
:10968000730425430E894FF6FF7422F4007204EA36
:10969000062616434A8804EA022232434C4EB04260
:1096A00002D0514EB04215D122F400664A8923F40B
:1096B000405304EA0222324322F480668A8804EA94
:1096C000022232438E8904EA06161E43CB8904EA3D
:1096D0000313334383808583C9888187028470BDE7
:1096E00070B5028C22F480520284058C8288838BB0
:1096F0000C8823F4E6464FF6FF7303EA0424344350
:1097000025F400560D8903EA053535434E8803EAF2
:1097100006362E432E4DA84202D0334DA84205D125
:1097200022F480458A8903EA82122A438280848354
:10973000C988A0F84010068470BD828B22F4406274
:109740008283828B4FF6FF7303EA01210A438283EF
:109750007047828B22F00C028283828B0A438283C1
:109760007047028B22F440620283028B4FF6FF7334
:1097700003EA01210A4302837047F0B5048C24F008
:1097800010040484078B048C4FF6FF7527F473478D
:1097900005EA03333B4305EA02221A430C4B05EA70
:1097A000011698420ED0104B98420BD0B0F1804F6A
:1097B00008D0084B984205D0074B984202D0074B7F
:1097C000984225D124F02001314341F0100124E0DA
:1097D000002C01400004004000080040000C004044
:1097E000001000400014004000340140004C0140D3
:1097F000005001400054014000180040001C00408F
:109800000020004000400140004401400048014069
:1098100024F0A0030B4343F0100102830184F0BD48
:10982000028B22F00C020283028B0A4302837047F0
:1098300070B5048C24F001040484058B048C4FF66D
:10984000FF7606EA0313134325F0F305F84A2B438A
:1098500090420ED0F74A90420BD0B0F1804F08D022
:10986000F54A904205D0F54A904202D0F44A90421F
:1098700002D124F0020201E024F00A020A4342F07D
:1098800001010383018470BD2DE9F84F0D460446A4
:109890000888E74FDFF89CC3DFF89C83DFF89C93D0
:1098A0004988AA882B894FF0804A48B304282FD0D2
:1098B0004FF6FF760828934632D0208C9E4620F43F
:1098C00080502084A38B208C06EA0132009223F47E
:1098D000734306EA0B221A4306EA0E331343BC42D3
:1098E0000AD0644508D0544506D0444504D04C45C0
:1098F00002D0D34A944242D120F40050009940E073
:109900002046FFF795FFE9882046BDE8F84F87E736
:109910002046FFF732FFE9882046BDE8F84F20E7F0
:10992000208C20F480702084B4F81CE0208C06EA9F
:10993000031306EA01222EF0F30E43EA0B0343EA77
:109940000E030092BC420AD0644508D0544506D0AC
:10995000444504D04C4502D0B94A944203D120F486
:109960000070009901E020F42060084340F480700A
:10997000A3832084E9882046BDE8F84FE9E620F477
:109980000240084340F48050A3832084E9882046A5
:10999000BDE8F84FD1E62DE9F0410C460026498894
:1099A0000746012501B90226A288012A00D1022515
:1099B000208823890028384610D0FFF7DEFEE18892
:1099C0003846FFF7CEFE23892A4631463846FFF750
:1099D0002FFFE1883846BDE8F04121E7FFF728FF77
:1099E000E1883846FFF71CFF23892A46314638466E
:1099F000FFF7C3FEE1883846BDE8F041B1E610B597
:109A00000A884B88CC881A438B8823431A430B89D6
:109A10001A434B8989891A430A43A0F8442010BD90
:109A20004FF6FF71818000210180C1804180017269
:109A300070470021018041808180C1800181418186
:109A40008181C18170470021018041800122828093
:109A5000C180018170470021018041808180C180E7
:109A600001814181818170470029018802D041F044
:109A7000010101E021F0010101807047002930F867
:109A8000441F02D041F4004101E0C1F30E01018006
:109A90007047002A828901D00A4300E08A4382810C
:109AA0007047818270471143A0F848107047002A20
:109AB000828901D00A4300E08A438281704701898C
:109AC00021F0070101817047028922F070020A43E8
:109AD0000281704700B50346FFF7F6FF188940F092
:109AE0000700188100BD70B516460D466029044672
:109AF0004FF0010231460AD0FFF79AFE2946204670
:109B0000FFF7E2FF208940F00700208170BDFFF7DA
:109B100034FEF3E730B504894FF6FF7505EA0323F9
:109B20001343E4B20B432343038130BD10B5044615
:109B3000FFF7F0FF208940F07700208110BD10B5BD
:109B40000446FFF7E7FF208940F48040208110BDE4
:109B5000018582827047028822F070020A430280E7
:109B6000704770B50589048B068C25F007050D43F9
:109B70004FF6FC410C4040F201110C434FF6FF71CF
:109B800001EA031126F022061143314305810483C3
:109B9000018470BD028B22F070020A430283704779
:109BA000028B4FF6FF7322F4E04203EA01211143D6
:109BB00001837047828B22F070020A4382837047D0
:109BC000828B4FF6FF7322F4E04203EA0121114336
:109BD000818370470029018802D041F0800101E0B3
:109BE00021F08001018070470029818802D041F076
:109BF000040101E021F0040181807047002981887F
:109C000002D041F0080101E021F008018180704795
:109C10000029818802D041F0010101E021F0010119
:109C200081807047028B22F008020A43028370474A
:109C3000002C0140003401400004004000080040B6
:109C4000000C0040028B4FF6FF7322F4006203EA1F
:109C5000012111430183EAE7828B22F008020A43C3
:109C60008283E4E7828B4FF6FF7322F4006203EAFB
:109C7000012111438183DAE7028B22F004020A43B7
:109C80000283D4E7028B4FF6FF7322F4806203EA6B
:109C9000012111430183CAE7828B22F004020A43A7
:109CA0008283C4E7828B4FF6FF7322F4806203EA5B
:109CB000012111438183BAE7028B22F080020A431B
:109CC0000283B4E7028B4FF6FF73C2F30E0203EA7E
:109CD000012111430183AAE7828B22F080020A430B
:109CE0008283A4E7828B4FF6FF73C2F30E0203EA6E
:109CF0000121114381839AE7028C22F002020A4378
:109D0000028494E7028C22F008020A4302848EE760
:109D1000028C4FF6FF7322F0200203EA0111114377
:109D2000018484E7028C4FF6FF7322F0800203EA7D
:109D30000111114301847AE7028C4FF6FF7322F47C
:109D4000007203EA01211143018470E7028C4FF68F
:109D5000FF7322F4006203EA01211143018466E7E4
:109D6000028C4FF6FF7322F4005203EA01311143D3
:109D700001845CE710B50123048C8B409C43048470
:109D8000038C8A401343038410BD10B50423048C54
:109D90008B409C430484038C8A401343038410BD8E
:109DA00030B50124058C00F118038C40A5430584CF
:109DB00089B108290FD0091FC1F34E00184401686A
:109DC00021F4E041016001684FF6FF7303EA0222CB
:109DD0001143016030BD03EB5100016821F07001B7
:109DE00001600168F4E70029018802D041F0020116
:109DF00001E021F00201018019E70029018802D069
:109E000041F0040101E021F0040101800FE7002985
:109E1000818802D041F0800101E021F08001818041
:109E200005E7028822F00802028002880A430280C5
:109E3000FDE6828822F07002828082880A43828056
:109E4000F5E6028922F00702028102890A430281B3
:109E5000EDE6028922F08002028102890A43028132
:109E6000E5E68184E3E68185E1E68186DFE6018738
:109E7000DDE68187DBE6A0F84010D8E6028822F410
:109E80004072028002880A430280D0E6808ECEE6CD
:109E9000008FCCE6808FCAE6B0F84000C7E6808C21
:109EA000C5E6008DC3E602460020128A0A4200D0B1
:109EB0000120BCE6C9430182B9E602460020138AAC
:109EC00092890B4202EA010202D0002A00D001204E
:109ED000ADE6C9430182AAE6C44910B588420AD159
:109EE00001218C032046FFF780F82046BDE8104092
:109EF0000021FFF77AB8BE49884202D101214C0403
:109F000010E0BC49884202D101218C040AE0BA4920
:109F1000884202D10121CC0404E0B84988420AD128
:109F200001210C052046FFF769F82046BDE81040E6
:109F30000021FFF763B810BD30B50446008A85B034
:109F40000D464CF6FF710840E98801432182A08943
:109F50004EF6F3110840A9882A8911436A89024301
:109F60001143A181A08A4FF6FF410840A98901430E
:109F7000A1826846FEF7DCFF9C48844201D1039829
:109F800000E00298A189090400EBC00101EB001078
:109F9000296801D5490000E08900B0FBF1F0642296
:109FA000B0FBF2F109010B096FF018056B4300EBF0
:109FB0008300A3891D044FF0320306D503EBC000D4
:109FC000B0FBF2F000F0070005E003EB0010B0FB7F
:109FD000F2F000F00F000843208105B030BD4FF4CF
:109FE0001651016000218180C18001810C224281D3
:109FF0008181704710B5028A4FF2FF031A400B8827
:10A000004C8823438C88C9880C4323431343038221
:10A0100010BD0021018041808180C18070470029EE
:10A02000818902D041F4005101E021F40051818185
:10A03000704710B5C1F3421301F01F040121A14084
:10A04000012B07D0022B07D01430002A026805D05C
:10A050000A4304E00C30F8E71030F6E78A43026068
:10A0600010BD002A828A01D00A4300E08A4382821E
:10A070007047028A22F00F020282028A0A43028299
:10A080007047828922F40062828182890A43828138
:10A0900070470029818902D041F0020101E021F0DE
:10A0A000020181817047028A22F020020282028A24
:10A0B0000A43028270470029018A02D041F480419C
:10A0C00001E021F4804101827047C1F308018180E1
:10A0D00070478088C0F308007047818941F0010112
:10A0E00081817047028BD2B20283028B42EA012146
:10A0F00001837047028B02F47F420283028B0A4382
:10A10000028370470029818A02D041F0200101E0DA
:10A1100021F02001818270470029818A02D041F01C
:10A12000100101E021F01001818270470029818A2D
:10A1300002D041F0080101E021F00801818270475E
:10A140000029818902D041F4004101E0C1F30E01F0
:10A15000818170470029818A02D041F4006101E0C9
:10A1600021F4006181827047828A22F00402828297
:10A17000828A0A43828270470029818A02D041F094
:10A18000020101E021F002018182704702460020B5
:10A1900012880A4200D001207047C94301807047ED
:10A1A00070B501F01F0501260024C1F3421306FA21
:10A1B00005F2012B0FD0022B0FD0838A4FEA112119
:10A1C0000088134206FA01F600EA060001D000B149
:10A1D0000124204670BD8389F0E7038AEEE70A0A6E
:10A1E00001219140C94301807047000000380140BF
:10A1F0000044004000480040004C00400050004037
:10A2000010B50120FEF703FFBDE810400020FEF767
:10A21000FEBE1F49086070471D49091F086070474E
:10A220001B498431086070471A4A118821F4607113
:10A23000014311807047174A118821F07F010143C3
:10A2400011807047134A08B52C3A10440090016001
:10A2500008BD104908B52C3908440090008808BD95
:10A260000B489C300068C0B270470A48083001882B
:10A2700041F00101018070470548A0300068C0B27C
:10A28000704704480830018841F00201018070479E
:10A2900004860D422C6C004010B501210C072046AD
:10A2A000FEF7ACFE2046BDE810400021FEF7A6BE3A
:10A2B0002149086270472049086170471F4A1168A8
:10A2C00021F0E0010143116070471B49C1F8A00073
:10A2D00070471A4B1A6822F0030202431A601848AA
:10A2E000026842F004020260012905D020BF016823
:10A2F00021F004010160704730BFF8E70F480168A2
:10A3000041F004010160016841F0020101600C4864
:10A31000016841F00401016030BF7047074A0146FF
:10A32000002052680A4200D00120704703490A68A1
:10A3300042EA80000860704700000E420070004052
:10A3400010ED00E04FF480701D4908604FF4F0708C
:10A350001C4908601C481D4908604FF0BB301C496F
:10A3600008601C481C4908604FF0BB301B4908605E
:10A370001B481C4908601C481C49086018481C49B7
:10A3800008604FF044301B49086041F201004FF073
:10A39000204108604FF44070174908606FF070402A
:10A3A000164908601648804716480047FEE7FEE752
:10A3B000FEE7FEE7FEE7FEE7FEE7FEE7FEE7FEE775
:10A3C0001410024018100240BB44BBB400140140FA
:10A3D00004140140BB4444B4001801400418014077
:10A3E000BBBBBB44001C01404444BBBB041C01403C
:10A3F0000020014004200140040000A0040100A04E
:10A40000BD83000831810008924A00284FF00801FE
:10A41000104601D0FEF73BBCFEF73BBC8D4A00283E
:10A420004FF00401104601D0FEF731BCFEF731BCFD
:10A4300004218848FEF717BC08218648FEF713BCA4
:10A4400038B501210420FEF7BEFD0C20ADF8000058
:10A4500010208DF8030003207E4C8DF80200694621
:10A460002046FEF7AAFB0C212046FEF710FC38BD63
:10A47000784810B5016821F470610160016841F409
:10A48000407101600120FFF7C9FF0120FFF7BCFF09
:10A49000042003F0B3FA0020FFF7C0FF042003F00C
:10A4A000ADFABDE810400020AEE76A4810B501687B
:10A4B00021F470610160016841F440710160002085
:10A4C000FFF7A2FF0020FFF7A9FF042003F096FA90
:10A4D0000120FFF799FF0120FFF7A0FFBDE8104022
:10A4E000042003F08BBA10B500240120FFF796FF7B
:10A4F0005848016821F470610160016841F400610D
:10A500000160012003F07AFA0120FFF77DFF0120AE
:10A5100003F074FA07E0641CE4B2FA2C03D9FFF7E5
:10A52000C4FF012010BDFFF783FF0028F3D1FFF720
:10A530006BFF002010BD10B50020FFF765FF4548F8
:10A54000016821F470610160016841F440710160AB
:10A550000020FFF763FF022003F050FA0120FFF70D
:10A5600053FF022003F04AFABDE8104000204BE7F9
:10A5700010B50020FFF748FF3648016821F47061EC
:10A580000160016841F4407101600120FFF746FF5E
:10A59000022003F033FA0120FFF736FF022003F018
:10A5A0002DFABDE8104000202EE770B50546294879
:10A5B000016821F470610160016841F4407101603B
:10A5C0000020FFF721FF0024E809FFF727FF6806B6
:10A5D000050E022003F012FA0120FFF715FF0220FA
:10A5E00003F00CFA0020FFF70FFF022003F006FA39
:10A5F000641CE4B2082CE7D370BD70B5064615485C
:10A600000024016821F470610160016841F4006177
:10A61000016025460020FFF7F7FE022003F0EEF967
:10A620000120FFF7F1FE6006040EFFF701FF08B1FD
:10A63000641CE4B2012003F0E1F96D1CEDB2082DB9
:10A64000E8D31EB1FFF777FF204670BDFFF790FFFC
:10A65000FAE7000000080140FFF7F2BE10B504461B
:10A66000FFF706FF200AA02101EB4000C0B2FFF770
:10A670009CFFFFF738FFE0B2FFF797FFFFF733FFCC
:10A68000FFF7F6FEA120FFF790FFFFF72CFF002059
:10A69000FFF7B3FF0446FFF708FF204610BD70B573
:10A6A0000D460446FFF7E4FE200AA02101EB40001E
:10A6B000C0B2FFF77AFFFFF716FFE0B2FFF775FFB2
:10A6C000FFF711FF2846FFF770FFFFF70CFFFFF7BA
:10A6D000ECFEBDE87040052003F0AFB92DE9F04174
:10A6E00016460D460746002409E0E00025FA00F072
:10A6F000C1B2381980B2FFF7D2FF641CE4B2B44291
:10A70000F3D3BDE8F0812DE9F0410D46014600206C
:10A7100004464E1908E00702301B401E80B2FFF7C6
:10A720009DFF641C3844E4B2AC42F4D3E9E710B5B1
:10A73000FF20FFF793FF55280AD05521FF20FFF790
:10A74000AEFFFF20FFF78AFF552801D0012010BD82
:10A75000002010BD70B515460E46044608E02046A0
:10A76000641CA4B2FFF77AFF6D1E06F8010BADB2B0
:10A77000002DF4D170BD70B514460D46064606E0B6
:10A7800029783046FFF78BFF761CB6B26D1C641E2D
:10A79000A4B2F5D270BD00000146E348028822F061
:10A7A0003802028002880A4302800121FEF782BD3E
:10A7B0002DE9F041074600244FF48055DA4E03E0BE
:10A7C000641CA4B2AC420FD202213046FEF7DEFD7B
:10A7D0000028F5D039463046FEF794FD002406E007
:10A7E000641CA4B2AC4202D30020BDE8F081012178
:10A7F0003046FEF7CBFD0028F2D03046FEF784FD50
:10A80000C0B2F2E7F0B5074687B0012141F234004B
:10A81000FEF7D9FBE020ADF814001825C34C8DF8E5
:10A82000175003268DF8166005A92046FEF7C5F9D6
:10A83000E0212046FEF72BFABD48002490F82300C3
:10A84000092801D00B281BD101210802FEF7BBFB10
:10A850004FF48050ADF814008DF8166010208DF87C
:10A86000170005A9B348FEF7A8F90220ADF80600C5
:10A870000120ADF80800B048ADF80C50C0F8B04168
:10A88000ADF800404FF48270ADF802004FF4007054
:10A89000ADF80440ADF80A00ADF80E400720A24C18
:10A8A000ADF8100069462046FEF788FC01212046DD
:10A8B000FEF700FDFF20FFF77BFFFF20FFF778FF8B
:10A8C000FF20FFF775FF012F04D01820FFF764FF6A
:10A8D00007B0F0BD3820F9E701469848028822F019
:10A8E0003802028002880A4302800121FEF7E2BC9E
:10A8F0002DE9F041074600244FF480558F4E03E0C8
:10A90000641CA4B2AC420FD202213046FEF73EFDD9
:10A910000028F5D039463046FEF7F4FC002405E067
:10A92000641CA4B2AC4201D300205EE70121304692
:10A93000FEF72CFD0028F3D03046FEF7E5FCC0B250
:10A9400053E770B586B001213820FEF73CFB0121AA
:10A95000C803FEF741FB3820ADF800001826784DFB
:10A960008DF8036003248DF8024069462846FEF7FF
:10A9700024F938212846FEF78AF96D48102255013E
:10A9800090F8230001280AD0052808D0042814D004
:10A99000072812D00C2810D008280ED01CE0202048
:10A9A000ADF800008DF80240664C8DF80320694632
:10A9B0002046FEF702F920210BE0ADF800508DF89B
:10A9C0000240614C8DF8032069462046FEF7F5F8F9
:10A9D00029462046FEF75DF90020ADF80400ADF8E9
:10A9E00008004FF48271ADF806100221ADF80A108C
:10A9F000ADF810600121ADF81200ADF80C10072081
:10AA00004E4CADF81400ADF80E5001A92046FEF7EB
:10AA1000D5FB01212046FEF74DFCFF20FFF768FF24
:10AA20003820FFF759FF06B070BD0146474802883D
:10AA300022F03802028002880A4302800121FEF7D8
:10AA400039BC2DE9F041074600244FF480553F4EB4
:10AA500003E0641CA4B2AC420FD202213046FEF7E0
:10AA600095FC0028F5D039463046FEF74BFC002413
:10AA700005E0641CA4B2AC4201D30020B5E601217C
:10AA80003046FEF783FC0028F3D03046FEF73CFC4E
:10AA9000C0B2AAE630B587B001210820FEF793FACC
:10AAA00001218803FEF798FA4FF46044ADF8144092
:10AAB00018208DF817000320214D8DF8160005A9E8
:10AAC0002846FEF77AF821462846FEF7E0F8684661
:10AAD000FEF7DBFB0020ADF800004FF48271ADF80B
:10AAE0000210ADF808006915ADF80A103821ADF86C
:10AAF0000C10ADF80400ADF80600ADF80E0007200C
:10AB0000124CADF8100069462046FEF757FB0121B4
:10AB10002046FEF7CFFBFF20FFF793FF1020FFF743
:10AB200084FF07B030BD0000003001400008014044
:10AB30009C3A00200020014000002442003C0040DC
:10AB4000000C01400010014000140140003800409A
:10AB5000A248A1494160A249416070479F480169EC
:10AB600041F08001016170479C48C068C10701D075
:10AB700001207047410701D502207047C00601D56A
:10AB8000032070470020704710B50446FFF7ECFF24
:10AB9000012803D0002C00D1FF2010BD012002F0BD
:10ABA0002DFF641E2404240CF0D1F5E770B5054692
:10ABB00045F6FF763046FFF7E7FF002812D1874CB5
:10ABC000206940F0020020616561206940F040008A
:10ABD00020613046FFF7D8FF012803D0216921F01A
:10ABE0000201216170BD2DE9F041064640F6FF7774
:10ABF0000D463846FFF7C8FF00280ED1774C206974
:10AC000040F00100206135803846FFF7BDFF012884
:10AC100003D0216921F001012161BDE8F0810088A4
:10AC20007047C10703D030F8010C000A7047008854
:10AC3000C0B270472DE9F04116460F460546002484
:10AC400007E037F814102846FFF7CDFF641CA4B2C4
:10AC5000AD1CB442F5D3E0E710B5002305E030F8B1
:10AC6000024B21F813405B1C9BB29342F7D310BDFB
:10AC70002DE9F05F8246A0F1006088461546B0F5E8
:10AC8000002F4BD2C0F34906C70AC6F58064A5421F
:10AC900000D81446DFF84CB14FF0006000EBC7203D
:10ACA00081464FF480624F49FFF7D6FF00204FF6F0
:10ACB000FF7206E033183BF81310914203D1401C99
:10ACC00080B2A042F6D3A04224D24846FFF76EFFDE
:10ACD00000205A4606E038F810108319401C22F86C
:10ACE000131080B2A042F6D348464FF480623D492B
:10ACF000FFF7A0FFA54211D0281B08EB44080AEB80
:10AD0000440A002685B24FF480647F1CA542C3D854
:10AD10002C46C1E7224641465046E9E7BDE8F09F90
:10AD200070B50D46044600232F4E08E0B44208D209
:10AD30002046FFF776FFE8545B1C9BB2641C9342ED
:10AD4000F4D370BD13B5012201A9FFF791FF1CBD1B
:10AD50002DE9F04707460024A0F1006090460D461B
:10AD6000B0F5002F24D200264FF48069DFF87CA0D4
:10AD700014E0687815F8021B4A4601EB00202AF817
:10AD80001400641CA4B2944206D10024174938462A
:10AD9000FFF76EFF07F50067B61CB6B24645E8D36D
:10ADA000002C05D022463846BDE8F0470F495FE742
:10ADB000BDE8F08710B501680D4A1140B1F1005FA0
:10ADC00009D141680B4C21600068FDF7BDF920688E
:10ADD000BDE81040004710BD230167450020024038
:10ADE000AB89EFCD600D0060000008806005006059
:10ADF0000000FE2F1400006010B54E4C01212046CB
:10AE0000FFF751F82046BDE810400121FFF752B886
:10AE10007FB50D46044601210220FEF7DDF8ADF8AE
:10AE20000440ADF800500024424DADF80640ADF8A6
:10AE3000024069462846FEF76FFB1D218DF80C1075
:10AE40008DF80D4002208DF80E0001208DF80F00C6
:10AE500003A8FDF714FB012211462846FEF719FE50
:10AE600001212846FEF700FE7FBD70B5BF20EFF33D
:10AE7000118480F31188BFF34F8FBFF36F8F2E4D76
:10AE800001212846FFF70FF82C4A012802D150680B
:10AE9000401C50602A4900230868401C0860118843
:10AEA000B1F57A7F02D2491C118004E02549086877
:10AEB000401C0860138024480188491C01800188D7
:10AEC00042F21072914200D9038001212846FEF718
:10AED000F1FF84F3118870BD7FB50D460446012152
:10AEE0001020FEF779F8ADF804400020ADF80050CE
:10AEF000114CADF80600ADF8020069462046FEF799
:10AF00000BFB36208DF80C0001218DF80D1003226B
:10AF10008DF80E208DF80F1003A8FDF7B0FA01226E
:10AF200011462046FEF7B5FD01212046FEF79CFDA7
:10AF30007FBD0000000400400010004018000060C9
:10AF400078200020582100204605006030B5642399
:10AF5000B0FBF3F4B0FBF3F5E4B203FB1500132CE4
:10AF600001D96430C0B200EB90030724B3FBF4F5C1
:10AF700004FB1533B64D1A440D44800715F8015CE7
:10AF80002A4492B203D1032901D2521E92B2B2FBDB
:10AF9000F4F004FB102030BD81070CD16421B0FB1C
:10AFA000F1F201FB120141B94FF4C871B0FBF1F2AB
:10AFB00001FB120008B100207047012070472DE905
:10AFC000F043DFF890820746B0FBF8F3A248160082
:10AFD0000C4601D1002101800188994235D00380BF
:10AFE00040F2B2754FF4B77C4FF4B6790CE02846C6
:10AFF000FFF7D2FF20B1634508D3A3F5B77301E093
:10B00000A3F26D136D1CADB24B45F0D8A5F5FA65F2
:10B01000A571581CDFF838C2A4F8070000250CF110
:10B020000C0C0CE0A079FFF7B7FF08B1012D44D05C
:10B030001CF80500984204D81B1A6D1CADB21C2BDD
:10B04000F0D26D1C65715B1CE370B7FBF8F108FB77
:10B0500011704FF46161B0FBF1F2A270B0FBF1F23C
:10B0600001FB12033C22B3FBF2F36370B0FBF1F37C
:10B0700001FB1300B0FBF2F102FB11002070A0797C
:10B08000E278617900F5FA60FFF760FF2071012E28
:10B0900011D1A179714801F5FA610180617981705E
:10B0A000E178C170217901716D48A17801706178F2
:10B0B000417021788170BDE8F0831D2BC1D31D3B09
:10B0C000BBE710B5FDF7E5FF01226649FFF777FF03
:10B0D000002010BD2DE9F05F99468C46DDE90AABF2
:10B0E000002300F11E019046822902D30120BDE811
:10B0F000F09F40F2B27400F5FA655B4E5B4F08E0DA
:10B100002046FFF749FF08B1334400E03B44641C8C
:10B11000A4B2AC42F4D3ACF1010C4D4F0CF0FF06DD
:10B1200000240C37DFF82CC10EE0385D40F2A3217B
:10B13000484303EBC013A8B2FFF72EFF10B1012C58
:10B1400000D16344641CA4B2B442EED340F2A32104
:10B1500008FB01F003EBC0113E48C9EB4912404225
:10B160000144C2EB092001EB0011CAEB0A1001EB0C
:10B17000800000EB0B0401214FF0C050FDF72CFFC5
:10B180000120FFF795F80C9911B92046FDF78AFFC9
:10B19000FDF7BAFF2046AAE73EB500240420FFF7DA
:10B1A00058F845F25005A84246D001214FF0C05052
:10B1B000FDF712FF0120FFF77BF8FFF721F80120D0
:10B1C000FDF79CFE08E0641CE4B20A2002F035FCA6
:10B1D000FA2C01D300203EBD4120FDF718FE0028C7
:10B1E000F1D04FF48070FDF79AFE0120FDF79CFE30
:10B1F000FDF78AFFFDF78EFF01210846FDF732FFBC
:10B20000FDF782FFFDF737FF47F6FF70FDF757FFA9
:10B21000FDF77AFF002237212A208DE807000F234F
:10B220001B2208211020FFF755FFFDF72BFF2946B1
:10B230000420FFF707F807E0FDF76CFF012108463F
:10B24000FDF710FFFDF760FFFFF73BFF01203EBD5C
:10B25000A0C303088051010014200020B400006046
:10B26000C2200020382300200085E2018033E10164
:10B27000FE4991F82310012913D0052911D0042982
:10B280000FD007290DD00C290BD0082909D002298D
:10B2900005D0062903D0092901D00B2903D1FFF7D6
:10B2A00087BAFFF725BB7047F04890F823000128C4
:10B2B00014D0052812D0042810D007280ED00C284E
:10B2C0000CD008280AD0022805D0062803D0092867
:10B2D00001D00B2805D13820FFF75EBA3820FFF7E0
:10B2E000FBBA7047E14890F82300012814D00528E4
:10B2F00012D0042810D007280ED00C280CD0082813
:10B300000AD0022805D0062803D0092801D00B282E
:10B3100005D11820FFF740BA1820FFF7DDBA7047B3
:10B32000D248012190F82300012813D0052811D01C
:10B33000CF4A042812D0072810D00C280ED0082895
:10B340000CD002280DD006280BD009280CD00B28D1
:10B350000AD00CE0C748C0F8941108E0C2F8A41164
:10B3600005E0C2F88C1102E0C348C0F8B011FF201C
:10B370007EE770B5002441F6FF75FF20FFF778FFE8
:10B38000FF2806D0641CFDF7FCFCAC42F5D301207D
:10B3900070BD002070BDB54810B590F823000021A5
:10B3A000012813D0052811D0B14A042812D007284B
:10B3B00010D00C280ED008280CD002280DD006285A
:10B3C0000BD009280CD00B280AD00CE0A948C0F8F3
:10B3D000941108E0C2F8A41105E0C2F88C1102E053
:10B3E000A548C0F8B011FFF7C4FF002802D0FFF74E
:10B3F00097FF012010BD70B505464FF6FF7401E0C0
:10B40000641EA4B2FF20FFF733FFA84202D0002C35
:10B41000F6D102E00CB1002070BDFF2070BD70B508
:10B4200004460D46FE20FFF7E6FF28B1012070BD5F
:10B43000FFF71EFF04F8010B6D1EADB24FF0FF00C9
:10B44000F6D2FFF715FFFF20FFF712FF002070BDB7
:10B4500070B50C460546FFF78CFF08B1012070BDA2
:10B460002046FFF705FFFD2C18D000244FF400768E
:10B47000285DFFF7FDFE641CA4B2B442F8D3FF20A0
:10B48000FFF7F6FEFF20FFF7F3FEFF20FFF7F0FEC9
:10B4900000F01F00052801D0022070BD002070BD03
:10B4A00070B516460C460546FFF73AFFFFF773FFE7
:10B4B00008B1FF2070BD45F04000FFF7D9FE200E17
:10B4C000FFF7D6FEC4F30740FFF7D2FEC4F3072010
:10B4D000FFF7CEFEE0B2FFF7CBFE3046FFF7C8FE27
:10B4E0000C2D02D1FF20FFF7C3FE1F24FF20FFF722
:10B4F000BFFE0106DED5641EE4B2F7D270BD70B5A2
:10B500000546012200210A20FFF7CAFF040004D1EA
:10B5100010212846FFF783FF0446FFF701FF0CB117
:10B52000012070BD002070BD70B5054601220021CC
:10B530000920FFF7B5FF040004D110212846FFF7CA
:10B540006EFF0446FFF7ECFE0CB1012070BD002039
:10B5500070BD1FB56846FFF7E7FF10B1002004B0CB
:10B5600010BD9DF800100120B0EB911F09D19DF88E
:10B5700008209DF8091000EB02200844000480090F
:10B58000EDE79DF805009DF80A1000F00F0000EBB4
:10B59000D1109DF809109DF8072001F0030100EB80
:10B5A00041019DF80800800900EB82009DF806200B
:10B5B00002F0030200EB8220401CC91F8840CEE746
:10B5C0002DE9F843294890F82300012812D00528D6
:10B5D00010D004280ED007280CD00C280AD0082838
:10B5E00008D0022809D0062807D0092805D00B2842
:10B5F00003D005E0FFF7A5F902E00120FFF702F90B
:10B60000FFF752FE0024FF20FFF732FE641CA4B2B5
:10B610000A2CF8D30224002195220846FFF740FFA8
:10B620000546012802D0641EA4B2F4D2134E0027AE
:10B63000012D37706FD187224FF4D5710820FFF7A5
:10B640002FFF4FF6FE78012829D001220021372054
:10B65000FFF726FF012200212920FFF721FF012803
:10B660005AD8022030704446012209E09C3A00205A
:10B6700000802242000022420000244216200020C6
:10B6800000213720FFF70CFF012200212920FFF7BE
:10B6900007FF05004DD0641EA4B2E5D249E00024A6
:10B6A0006F46FF20FFF7E4FD3855641CA4B2042C5C
:10B6B000F7D39DF80200012843D19DF80300AA2882
:10B6C0003FD144464FF08048012200213720FFF748
:10B6D000E7FE012241462920FFF7E2FE050002D0E5
:10B6E000641EA4B2F0D2B4B1012200213A20FFF7C7
:10B6F000D7FE80B90024FF20FFF7BAFD3855641C3F
:10B70000A4B2042CF7D39DF80000400601D5062012
:10B7100000E00420307014E0012030704446012223
:10B7200000211046FFF7BCFE050002D0641EA4B243
:10B73000F5D22CB1012251021020FFF7B1FE00B169
:10B740003770FFF7EDFDFFF7CDFD307810B1002029
:10B75000BDE8F8830DB12846FAE7AA20F8E72DE9FD
:10B76000F0410646374815460078062800D04902C1
:10B770004FF40077012D4FF0010219D01220FFF78E
:10B780008FFE39463046FFF74AFE6D1E044606F529
:10B79000007615F0FF0501D0002CF2D00122002127
:10B7A0000C20FFF77DFEFFF7BBFD2046BDE8F081D2
:10B7B0001120FFF775FE0400F5D139463046FFF73A
:10B7C0002EFE0446EFE770B506461E4815460C46A9
:10B7D0000078062800D04C02012D13D0012809D092
:10B7E000012200213720FFF75BFE012229461720A6
:10B7F000FFF756FE012221461920FFF751FE0400F3
:10B800000AD01AE0012221461820FFF749FE040061
:10B8100013D1FE2130460DE0FC213046FFF718FE23
:10B820006D1E06F5007615F0FF0501D00028F3D057
:10B83000FD210020FFF70CFE0446FFF771FD2046B6
:10B8400070BD000016200020794810B5016821F471
:10B8500070610160016841F4407101600120FEF7F0
:10B86000DDFD012002F0CAF80120FEF7CDFD012028
:10B8700002F0C4F80020FEF7D1FD0A2002F0BEF865
:10B880000020FEF7C1FDBDE810400A2002F0B6B866
:10B89000674810B5016821F470610160016841F4E6
:10B8A000407101600020FEF7AFFD012002F0A6F814
:10B8B0000020FEF7B3FD012002F0A0F80120FEF702
:10B8C000A3FD0A2002F09AF80120FEF7A7FDBDE8CB
:10B8D00010400A2002F092B870B50546544801683D
:10B8E00021F470610160016841F4407101608024BD
:10B8F0002C4201D1002000E00120FEF78FFD052041
:10B9000002F07CF80120FEF77FFD052002F076F8BA
:10B910000020FEF779FD012002F070F86408E7D1FD
:10B92000BDE87040FEF7DFBD70B504464048002515
:10B93000016821F470410160016841F40041016037
:10B940004FF47A7607E0641EE4B201D2042070BDA1
:10B95000304602F053F8FEF76FFD0028F3D028467A
:10B9600070BD2DE9F04706460020307090460F4626
:10B970000120FEF753FD2E4D286820F470602860EA
:10B98000286840F40060286080240120FEF73CFD18
:10B99000012002F033F84046FFF7C6FF814603203E
:10B9A00002F02CF8286820F470402860286840F4E1
:10B9B00040502860FEF73CFD10B1307820433070D5
:10B9C0000020FEF721FD012002F018F86408DCD108
:10B9D000286820F470602860286840F4407028606F
:10B9E000BFB10120FEF71AFD012002F007F8012087
:10B9F000FEF70AFD052002F001F80020FEF704FD25
:10BA00000120FEF70BFD142001F0F8FF4846BDE8C9
:10BA1000F0870020E6E710B5FFF716FF0020FFF7DC
:10BA20005BFF002803D1BDE81040062054E710BD9D
:10BA300000080140FE494000087040F001004870D5
:10BA4000704738B5044601212020FDF7BCFA0821D3
:10BA5000ADF8001010218DF803100321F54D8DF87D
:10BA6000021069462846FDF7A8F808212846FDF788
:10BA70000EF92046FFF7DEFF38BDFFF709BF70B5AE
:10BA80000546FF20002340F231140FE0EA5C5040ED
:10BA90000822060602D584EA400000E04000521E5B
:10BAA000C0B212F0FF02F4D15B1CDBB28B42EDD3CB
:10BAB00070BD10B51446FFF7E2FFA04201D002208E
:10BAC00010BD002010BD7CB50D460446002168461F
:10BAD000FFF747FF90B9002211460DF10100FFF773
:10BAE00040FF58B90022294601A8FFF73AFF28B9BC
:10BAF0009DF8042002216846FFF7DBFFBDF8001027
:10BB000049BA21807CBD10B5FFF79EFEC848407839
:10BB1000BDE81040FFF7E0BE70B50446000AFFF72D
:10BB2000DBFE0546E0B2FFF7D7FE284370BD10B537
:10BB3000FFF78AFEBE480078BDE81040FFF7CCBE94
:10BB4000F8B50546FFF7F3FF06464FF45E50FFF7E2
:10BB5000E3FF50EA060411D1FFF7D5FF04000DD131
:10BB6000642200216846FFF7AEFF040006D10022E0
:10BB700001210DF10200FFF7A6FF0446FFF788FE42
:10BB80001CB900984FEA304028602046F8BD70B5D7
:10BB90000546FFF7CCFF04000FD14FF22D30FFF721
:10BBA000BBFF040009D1FFF7AEFF040005D100225E
:10BBB00001212846FFF787FF0446FFF769FE20466C
:10BBC00070BD10B5FFF7B3FF040004D143F241008C
:10BBD000FFF7A2FF0446FFF75BFE204610BD10B53D
:10BBE0002DF0E2FB94492DF0D2F994492DF0CFF9D4
:10BBF000BDE8104092492DF0FCB910B52DF0D4FBF2
:10BC000090492DF0C4F98D492DF0C1F98C492DF0E2
:10BC1000F0F9BDE810408C492DF0B3B92DE9FC4195
:10BC20001D46174688460646FFF781FF04002FD1C0
:10BC30005FB1012F06D0022F01D0802428E042F20C
:10BC4000164004E042F20B4001E04FF41050FFF7C1
:10BC500063FF040007D01BE0FFF755FF040005D089
:10BC6000012001F0EAFE6D1EEDB2F5D20DB114B166
:10BC70000EE004240CE0002211466846FFF723FF83
:10BC800005460022012101A8FFF71DFF40EA050437
:10BC9000FFF7FEFD54B9BDF80000FFF7AEFF3060BE
:10BCA000BDF80400FFF79BFFC8F800002046BDE880
:10BCB000FC812DE9FC41984615460E460746FFF7E4
:10BCC00036FF040023D15DB1012D06D0022D01D035
:10BCD00080241CE042F6104004E042F60D4001E0F2
:10BCE00042F60640FFF718FF040010D1FFF70BFFE4
:10BCF00004000CD1424600216846FFF7E4FE040030
:10BD000005D10022012101A8FFF7DDFE0446FFF75F
:10BD1000BFFD4CB9BDF80000FFF76FFF3860BDF8FC
:10BD20000400FFF75CFF30602046C0E730B4029C9F
:10BD300023B1012B05D030BC80207047234630BC96
:10BD4000B7E7234630BC69E770B50E460546FFF7F6
:10BD5000EEFE04004BD17DB3012D1AD0022D45D14A
:10BD6000052E43D2DFE806F003060C0F120042F264
:10BD70002F0001E042F22D10FFF7CEFE044636E020
:10BD800042F22B20F8E742F22930F5E742F22A701E
:10BD9000F2E7052E2AD2DFE806F00306090C1000B0
:10BDA00042F22400E8E742F22610E5E742F22020C2
:10BDB000E2E742F22230DFE702E042F22170DBE705
:10BDC000052E13D2DFE806F00306090C0F0042F23D
:10BDD0003200D1E742F23010CEE742F23620CBE714
:10BDE00042F23430C8E742F23770C5E78024FFF7EB
:10BDF0004FFD204670BD7CB50D460646FFF797FE09
:10BE0000040031D14FF46040FFF786FE04002BD1CF
:10BE1000FFF779FE040027D1002211466846FFF79C
:10BE200052FE040020D10022012101A80EE00000F2
:10BE300017200020001401400000C84200002041EB
:10BE400000FF7F4700002F430000E143FFF73BFE68
:10BE5000040009D1BDF80000FFF7CFFE3060BDF847
:10BE60000400FFF7BCFE2860FFF712FD20467CBDF2
:10BE700010B5FFF75CFE040004D143F26D00FFF73C
:10BE80004BFE0446FFF704FD204610BD10B5FFF73A
:10BE90004EFE040004D143F26600FFF73DFE044667
:10BEA000FFF7F6FC204610BD70B5FFF740FE0546D3
:10BEB00043F2A200FFF730FE40EA0504FFF7E8FC7A
:10BEC0001CB94CF2503001F099FD204670BD10B500
:10BED000234C4FF080502060224801F08FFDA014C9
:10BEE0002060BDE810404CF2503001F087BD38B5FD
:10BEF000010A8DF800108DF8010002216846FFF755
:10BF0000BEFD04469DF80000FFF7E6FC002808D1BE
:10BF10009DF80100FFF7E0FC002802D12046FFF762
:10BF2000DBFC38BD10B510492CF0D9FF0F492DF0BE
:10BF300060F80F492DF02BF82DF072FA80B210BD89
:10BF400010B50C492DF055F809492DF020F82DF0C9
:10BF500067FA80B210BD08480068C0F380207047BF
:10BF600010140140A08601000000344200002F435D
:10BF700000FF7F470000C842080C014038B50C465E
:10BF8000054602226946442021F02AFCBDF8001033
:10BF900045F273525143284A02EB51312960BDF8F2
:10BFA000021043F609525143244A02EB51312160F9
:10BFB00038BD01222249442021F09BBC70B50C46BB
:10BFC0000546FFF7F6FF002807D10A2001F035FDEE
:10BFD00021462846BDE87040D0E770BD1CB5044638
:10BFE00089208DF8000001226946442021F081FC5F
:10BFF00000280BD10A2001F020FD022201A94420D3
:10C0000021F0EEFB01994FEA314121601CBD08B5DA
:10C010006846FFF7E3FF08BD094920B1E02008703A
:10C0200040F6C41003E0FD20087044F6206048800C
:10C0300070474420704700003850FFFF90E8FFFF32
:10C040001A20002070B50024254621F098FC4FF4FA
:10C050007A7602E0304601F0F0FCFFF7D8FF20B11D
:10C060002046641CE4B20328F4D3032C00D8022534
:10C07000284670BD2DE9FC4101A96846FFF79EFFE7
:10C08000114EDFF84880124D44B26CB12878401C44
:10C0900028702878052804D9002129703160C8F853
:10C0A00000102046BDE8FC810098642790FBF7F063
:10C0B0002DF071F93060019890FBF7F02DF06BF9DD
:10C0C000C8F80000E5E70000B8010060BC010060AE
:10C0D000200000602DE9F041054601F042FAF94EDA
:10C0E000B068401CB0603068F74F10B1706930B371
:10C0F0002BE03560B068012827D1002404EB8400D0
:10C1000007EB800000F0C0FE641C142CF6D3EF484F
:10C1100000F0BAFEED48143000F0B6FEEB482830CF
:10C1200000F0B2FEE9483C3000F0AEFEE748503087
:10C1300000F0AAFEE54870631430B06305E0306893
:10C14000E96AC06A884200D83560706A0121401CE3
:10C150007062E86A326981401143316100EB80000E
:10C1600007EB8000291D00F09DFE01F006FA7069C2
:10C1700000280CD03068E96AC06A884207D2D449E6
:10C180004FF080500860BFF34F8FBFF36F8FBDE853
:10C19000F0812DE9FF5F8346DDE90E87994616465B
:10C1A0008A46900001F00EFA05001AD0542001F0E2
:10C1B00009FA040012D025630021CDE90241CDE93E
:10C1C00000874B4632465146584600F0C8FD20468F
:10C1D000FFF780FF012004B0BDE8F09F284601F082
:10C1E0004AFA4FF0FF30F6E770B5044601F0B9F9AE
:10C1F000B44D04B92C68201D00F078FE58B9E06AEF
:10C20000B14A00EB800152F8211021B9012181408F
:10C21000286988432861A06A18B104F1180000F069
:10C2200065FE686A401C68622868844208D1A74895
:10C23000211D3C3000F036FE6868401C686007E055
:10C24000A868401EA860204600F0DAFD00F0CBFD93
:10C2500001F093F9686900280AD02868844207D160
:10C260009B494FF080500860BFF34F8FBFF36F8F33
:10C2700070BD2DE9F041934F0026386B38B1B86995
:10C28000401CB861F86900B1012630467FE7FD68BF
:10C290006D1CFD6008D1786BB96B7963B863386A3F
:10C2A000401C386200F09FFDB86ADFF81C828542AE
:10C2B00009D3786B006880B1786BC068C468606827
:10C2C00085420DD2B8623868C06A00EB800158F828
:10C2D00021000128D6D90126D4E74FF0FF30F1E73D
:10C2E000201D00F003FEA06A18B104F1180000F050
:10C2F000FDFDE06A01213A6981401143396100EB9B
:10C30000800108EB8100211D00F0CCFDE06A396856
:10C31000C96A8842CDD30126CBE72DE9F047002436
:10C32000274601F01EF9674D286B401E2863286BD5
:10C33000F0BBA868654928310126C8B3DFF88891A9
:10C340008846D8F80010E9B1D8F80C00C46804F1A8
:10C35000180000F0CBFD201D00F0C8FDE06A2A693E
:10C3600006FA00F11143296100EB800109EB81001D
:10C37000211D00F097FDE06A2968C96A8842E0D370
:10C38000EE61DEE70CB100F02EFDAC693CB1FFF7C9
:10C3900070FF00B1EE61641EF9D10020A861E86968
:10C3A00030B14B49012738070860BFF34F8F00E0D9
:10C3B00001E0BFF36F8F01F0E0F83846BDE8F08789
:10C3C0002DE9F0413F4E0F460446F5683068001DE8
:10C3D00000F08CFD38B9306890F82C1001208840AE
:10C3E000316981433161601C08D13FB13168BDE8DA
:10C3F000F04136485030091D00F054BD30682C44DF
:10C40000AC424460316805D2B06BBDE8F041091D13
:10C4100000F054BD706B091D00F050FDB06A8442FD
:10C4200000D2B462B3E62748016B491C0163704730
:10C4300070B50E4605460023FFF7F5FF2148C26898
:10C440002C68A119944202D98C4202D804E08C4293
:10C4500001D8914200D9012329601BB1881A00211B
:10C46000FFF7AEFFFFF759FF002807D118494FF03B
:10C4700080500860BFF34F8FBFF36F8F70BD10B552
:10C48000020009D0FFF7CFFF00211046FFF798FF09
:10C49000FFF743FF002807D10D494FF08050086097
:10C4A000BFF34F8FBFF36F8F10BD10B5044601F07F
:10C4B00058F80CB903480468E46A01F05EF82046B5
:10C4C00010BD00002400006044230020D42400207C
:10C4D00004ED00E0BF22EFF3118182F31188BFF376
:10C4E0004F8FBFF36F8F08B9F7480068C06A81F3B8
:10C4F000118870472DE9F04100260D4604461429A5
:10C5000000D3132501F02DF8EF4F04B93C68606C9F
:10C51000A8423FD03968854206D98C4207D0396895
:10C52000C96AA94202D902E08C4200D10126E16A1F
:10C530008846884200D1E5626564A069002802DB74
:10C54000C5F11400A061E14D08EB8800616905EBBD
:10C550008000814215D1201D00F0C8FC012120B9C6
:10C560003A6901FA08F082433A61E06A3A69814027
:10C570001143396100EB800005EB8000211D00F0C4
:10C5800091FC3EB1D2494FF080500860BFF34F8F0D
:10C59000BFF36F8FBDE8F04100F0EFBF10B5CA4C9C
:10C5A000206B10B10120E0618AE70020E061206883
:10C5B0004FF0A532006B0168914208D14168914269
:10C5C00005D18168914202D1C068904204D02168AF
:10C5D0002068343116F027FF2069BC49B0FA80F09A
:10C5E000C0F11F0000EB800001EB800000F10802A9
:10C5F000416849684160914201D149684160C86819
:10C6000020605DE770B5044600F0ABFFAE4D04B9A5
:10C610002C68201D00F06AFC58B9E06AAB4900EBB9
:10C62000800251F8221021B90121814028698843F4
:10C630002861A06A18B104F1180000F057FC211D10
:10C64000A44800F02FFC00F098FF686928B100F0C2
:10C6500088FF00F0C8FB00F090FF2868844209D1F1
:10C66000686940B19A494FF080500860BFF34F8F1E
:10C67000BFF36F8F70BD9748A9680068884202D1E8
:10C680000020286070BDBDE8704087E770B50400E9
:10C690002BD08D4D2868844227D000F062FF2046C1
:10C6A00000F0B8FBE8B1201D00F020FCE06A012199
:10C6B0002A69814011432961844900EB800001EB24
:10C6C0008000211D00F0EEFBE06A2968C96A8842FB
:10C6D00007D37F494FF080500860BFF34F8FBFF3FF
:10C6E0006F8FBDE8704000F048BF70BD2DE9F0418C
:10C6F00004460026BF20EFF3118580F31188BFF3B5
:10C700004F8FBFF36F8F204600F084FBF0B16E4F68
:10C71000386B20B16F4804F11801283814E0E06A42
:10C720003968C96A884200D30126201D00F0DEFB6B
:10C73000E06A01213A69814011433961634900EBA4
:10C74000800001EB8000211D00F0ACFB85F3118817
:10C7500030461CE55D4E4FF080545D4D00F068FBA7
:10C7600030680128FAD92C60BFF34F8FBFF36F8F69
:10C77000F4E71CB5544800242C30CDE90040234692
:10C78000802255A15648FFF704FD012811D1BF2092
:10C7900080F31188BFF34F8FBFF36F8F4A484FF07C
:10C7A000FF31816201214161C460BDE81C4000F09D
:10C7B000C4BE1CBDBF2080F31188BFF34F8FBFF3F1
:10C7C0006F8F41490020486100F0CABE3E48C068F2
:10C7D00070473D48C06870473B488068704708B95B
:10C7E0003948006834307047024610B536480C4668
:10C7F00001681046183100F061FB2046BDE810408A
:10C800000121DDE5034641F0004010B52E491446F4
:10C810000A68906109681846183100F043FB204609
:10C82000BDE810400121CBE52DE9F041C068C468A6
:10C8300004F11800074600F059FB234D286B012630
:10C8400060B124483946283800F02CFBE06A29689A
:10C85000C96A884212D90120EE6198E4201D00F0D7
:10C8600045FBE06A2A6906FA00F11143296117497C
:10C8700000EB800001EB8000211DE5E7002086E44D
:10C8800070B541F000410160C46800F02FFB201D2D
:10C8900000F02CFB0C4DE06A01262A6906FA00F133
:10C8A00011432961094900EB800001EB8000211D43
:10C8B00000F0F8FAE06A2968C96A884202D90120C2
:10C8C000EE6170BD002070BD240000604423002094
:10C8D00004ED00E02425002049444C450000000000
:10C8E00055C70008FE490A6A0260C968416070477E
:10C8F00070B50D46044600F034FEF949CA68286850
:10C90000431C0FD02368096A8B4202D061689142B0
:10C910000AD96168511A814206D2401A286020461D
:10C92000FFF7E0FF002400E0012400F026FE20468F
:10C93000C9E7EB490120C861704708B9E8480068B9
:10C940000021006B01E0401C491C0278A52AFAD0A6
:10C95000C1F38F007047E24800687047E0484169C2
:10C9600019B1006B18B100207047012070470220F8
:10C97000704770B50400A6D0D94DE06A2968C96A2D
:10C980008842A0D2A069002804DB2868C06AC0F1F0
:10C990001400A061E06AD34E00EB8000616906EBF1
:10C9A000800081421FD1201D00F0A0FA012150B962
:10C9B000E06A00EB800256F8222022B92A6901FAC7
:10C9C00000F082432A612868C06AE0622A698140D7
:10C9D0001143296100EB800006EB8000211DBDE8BA
:10C9E000704000F05FBA2868C06AE0626BE770B51B
:10C9F00004004FF000002CD0A16C491EA164636CB0
:10CA0000E26A9A4225D0002923D1201D00F06EFA57
:10CA1000B44AB349012350B9E06A00EB800552F8EB
:10CA2000255025B90D6903FA00F085430D61606C4E
:10CA3000E062C0F11400A061E06A0D6983402B43FD
:10CA40000B6100EB800002EB8000211D00F02AFA50
:10CA5000012038E7A24908680A688069D26A096833
:10CA6000C2F114028A6170479D49086818B10868CC
:10CA7000826C521C82640868704770B50C4606468A
:10CA800000F06FFD964D2868C06C80B929680120C0
:10CA900081F850005CB101212046FFF791FC9249DA
:10CAA0004FF080500860BFF34F8FBFF36F8F00F0DF
:10CAB00064FD00F056FD2868C46C002034B116B146
:10CAC0002968C86402E02A68611ED164296881F877
:10CAD000500000F052FD2046F5E62DE9F0411E46DB
:10CAE00015468846074600F03CFD7D4C206890F8CE
:10CAF0005000022814D02068C16CB943C164216879
:10CB0000012081F850005EB101213046FFF758FC4A
:10CB100075494FF080500860BFF34F8FBFF36F8FA0
:10CB200000F02BFD00F01DFD15B12068C06C2860E1
:10CB3000206890F8500001280DD02068C16C21EACF
:10CB40000801C16401252168002081F8500000F02F
:10CB500014FD284666E40025F5E72DE9F0411F465F
:10CB600090460D460446012600F0FBFC0FB1E06C38
:10CB7000386094F85000022184F85010B8F1050F85
:10CB80000ED2DFE808F00D03060C0A00E16C294321
:10CB900001E0E16C491CE16402E0022803D0E56495
:10CBA000012802D020E000261EE0201D00F09EF9A2
:10CBB0004B4DE06A01212A698140114329614949AD
:10CBC00000EB800001EB8000211D00F06BF9E06AB2
:10CBD0002968C96A884207D943494FF080500860E4
:10CBE000BFF34F8FBFF36F8F00F0C7FC304619E4DF
:10CBF0002DE9F04704464FF00108BF20EFF31185FF
:10CC0000DDF8209080F31188BFF34F8FBFF36F8F53
:10CC10000BB1E06C186094F85000022384F8503097
:10CC2000052A0ED2DFE802F00D03070C0A00E26CC1
:10CC30000A43E26405E0E16C491C01E0022803D0EC
:10CC4000E164012803D027E04FF0000824E0244EDF
:10CC5000306B012778B104F11801244800F022F963
:10CC6000E06A3168C96A884216D9B9F1000F12D05A
:10CC7000C9F8007010E0201D00F038F9E06A326950
:10CC800007FA00F111433161164900EB800001EB16
:10CC90008000211DE2E7F76185F311884046BDE879
:10CCA000F0872DE9F04104468846BF20EFF3118755
:10CCB00080F31188BFF34F8FBFF36F8F94F850103C
:10CCC000022084F85000E06C401CE06401292DD162
:10CCD000034D286B0126C0B104F11801034807E099
:10CCE000240000604423002004ED00E0FC24002028
:10CCF00000F0D8F8E06A2968C96A884216D9B8F104
:10CD0000000F12D0C8F8006010E0201D00F0EEF80F
:10CD1000E06A2A6906FA00F111432961574900EBDC
:10CD2000800001EB8000211DD9E7EE6187F31188B7
:10CD30000FE510B558B1044600F013FC94F850000C
:10CD4000022807D0002400F018FC20462CE44C48B0
:10CD50000468F1E7002084F850000124F3E72DE98E
:10CD6000F0470E46DDE90984174682469100994650
:10CD7000089DA522206B2BF033FF6FF00301206B81
:10CD800001EB8701084420F0070700202218315CDE
:10CD900082F83410315C11B1401C1028F6D3002603
:10CDA00084F84360142D00D31325E562C4E91156BD
:10CDB000201D00F074F804F1180000F070F82461F0
:10CDC000C5F114006462A061E66484F850604A46CC
:10CDD0005146384600F09AFB2060B8F1000F01D0B0
:10CDE000C8F800405BE72648416B096829B1416BF0
:10CDF000C968C9684968816270474FF0FF31FAE736
:10CE000010B50446006B00F036FC2046BDE810402B
:10CE100000F031BC1B4B426900219A4206D1806A66
:10CE2000A3F12802904201D000B9012108467047C1
:10CE300070B5144E124D143E1CE0FFF7F4FA306842
:10CE400020B10024FFF769FAA4B901E00124F9E751
:10CE500000F087FBF068C468201D00F047F8A86860
:10CE6000401EA8606868401E686000F086FB20468F
:10CE7000FFF7C6FF68680028DFD124E544230020BF
:10CE8000240000602425002000F108014FF0FF324B
:10CE9000C0E90112C16001610021016070470021F9
:10CEA0000161704742684A6093688B60936859607B
:10CEB000916008610168491C0160704730B50C68D9
:10CEC000621C02D000F1080202E0026904E01A4686
:10CED00053681D68A542FAD953684B6099608A600F
:10CEE000516008610168491C016030BDD0E9013220
:10CEF00001699A60D0E901235A604A68824201D1EF
:10CF000082684A60002202610868401E086070471B
:10CF100070B50D46044600F024FBD4E90F122068DA
:10CF200001FB020060600020A0632068A060014651
:10CF3000E06B401E00FB0210E0604FF0FF3084F811
:10CF4000440084F8450004F110004DB1FFF79CFF48
:10CF500004F12400FFF798FF00F00FFB012070BDE3
:10CF600021690029F8D0FFF75FFC0028F4D0FF49C1
:10CF70004FF080500860BFF34F8FBFF36F8FEBE728
:10CF800070B50D00064612D006FB05F0483000F0E3
:10CF900019FB040009D004F1480120464DB101609D
:10CFA000C0E90F650121FFF7B3FF204670BD0020E7
:10CFB000ECE70060F4E72DE9F041044600F0D1FA17
:10CFC00094F9455004F1240609E0606A48B13046FE
:10CFD000FFF72AFC08B1FFF7ACFC6D1E6DB2002D07
:10CFE000F3DC4FF0FF3684F8456000F0C6FA00F03D
:10CFF000B8FA94F9445004F1100709E0206948B1E7
:10D000003846FFF711FC08B1FFF793FC6D1E6DB2B7
:10D01000002DF3DC84F84460BDE8F04100F0ADBAC7
:10D020002DE9F041856B174604460026026C82B15B
:10D03000C7B1E0682BF0C2FDE168206C091AE1601D
:10D040002268914202D26168081AE060022F16D06D
:10D0500017E02068A8B96068FFF7C9FC0646002001
:10D0600060600EE0A0682BF0A9FD216CA068084468
:10D07000A0606168884204D32068A06001E005B127
:10D080006D1E6D1CA5633046BDE8F0812DE9FF4F94
:10D09000002683B09A468B460446B1464FF080572F
:10D0A000DFF8C88200F05DFAA06BE16B884206D31E
:10D0B000BAF1020F03D00598C8B1DEB11EE05246A6
:10D0C00059462046FFF7ACFF616A19B104F124000C
:10D0D000FFF7AAFB28B1C8F80070BFF34F8FBFF36A
:10D0E0006F8F00F04AFA012007B0BDE8F08F00F022
:10D0F00044FA21E06846FFF7F5FB012600F03DFA0F
:10D10000FFF791F900F02DFA94F94400401C01D189
:10D1100084F8449094F94500401C01D184F845906E
:10D1200000F02BFA05A96846FFF7E2FB30B1204674
:10D13000FFF741FFFFF7F1F80020D5E700F011FA03
:10D14000A06BE16B884201D1012500E0002500F0D1
:10D1500014FA95B104F110000599FFF745FB20463C
:10D16000FFF729FFFFF7D9F800289BD1C8F8007016
:10D17000BFF34F8FBFF36F8F94E72046FFF71BFF7E
:10D18000FFF7CBF88EE710B5024600210120FFF72C
:10D19000F7FE041E07D00021416001600B460A46DD
:10D1A000C160FFF773FF204610BD10B50446FFF7BE
:10D1B000D2FB616888420BD1E068401EE06005D177
:10D1C00000231A4619462046FFF760FF012010BDD4
:10D1D000002010BD30B4026C0B46002A0BD0C16891
:10D1E0001144C1604468A14201D30168C16030BCF0
:10D1F00018462BF0E3BC30BC70472DE9FF4F0026EA
:10D2000083B09A468B460446B1464FF08057DFF80C
:10D210005C8100F0A6F9A56B35B359462046E66857
:10D22000FFF7D8FFBAF1000F11D0E660606A50B185
:10D2300004F12400FFF7F8FA28B1C8F80070BFF332
:10D240004F8FBFF36F8F00F098F901204CE76D1EF0
:10D25000A563206810B9FFF707FC6060206900280B
:10D26000F1D004F11000E5E7059808B11EB106E021
:10D2700000F083F927E06846FFF734FB012600F051
:10D280007CF9FFF7D0F800F06CF994F94400401CE9
:10D2900001D184F8449094F94500401C01D184F8F0
:10D2A000459000F06AF905A96846FFF721FB0028C0
:10D2B00020460AD0FFF77FFEFFF72FF8204600F048
:10D2C0000FF90028A5D000200EE700F009F9D8B129
:10D2D000206830B900F045F96068FFF74AFB00F0BC
:10D2E0004CF904F124000599FFF77EFA2046FFF778
:10D2F00062FEFFF712F800288BD1C8F80070BFF368
:10D300004F8FBFF36F8F84E72046FFF754FEFFF780
:10D3100004F87EE770B50D460446FFF71CFB616814
:10D32000884204D1E068401CE060012070BD002309
:10D330002A4619462046FFF760FF0028F6D0E1682C
:10D34000491CE16070BD2DE9F04104461746BF203D
:10D35000EFF3118680F31188BFF34F8FBFF36F8F08
:10D36000A06BE26B904208D3022B01E004ED00E0D9
:10D3700003D0002086F3118886E694F945501A46BA
:10D380002046FFF74DFE681C04D06D1C84F8455004
:10D390000120EFE7606A0028FAD004F12400FFF7CB
:10D3A00043FA0028F4D0002FF2D001203860EFE7D4
:10D3B00070B50D46BF21EFF3118481F31188BFF3DF
:10D3C0004F8FBFF36F8F816BC26B8A4217D990F971
:10D3D0004520491C8163511C04D0521C80F8452013
:10D3E00001200DE0416A0029FAD02430FFF71CFA31
:10D3F0000028F5D0002DF3D001202860F0E70020B0
:10D4000084F3118870BD2DE9F04104469046BF2099
:10D41000EFF3118780F31188BFF34F8FBFF36F8F46
:10D42000A66BEEB194F944502046FFF7D3FE761E6A
:10D43000A663681C04D06D1C84F84450012010E0E1
:10D4400020690028FAD004F11000FFF7EDF9002858
:10D45000F4D0B8F1000FF1D00121C8F80010EDE7C9
:10D46000002087F311880FE670B50446BF20EFF364
:10D47000118580F31188BFF34F8FBFF36F8FA06BBF
:10D4800028B12046E668FFF7A5FE0120E66085F397
:10D49000118870BD10B5044600F063F8A46B00F06D
:10D4A0006CF8204610BD10B5044600F05AF8D4E9D7
:10D4B0000E10441A00F061F8204610BD806B7047D2
:10D4C00000F0D9B8806B08B1002070470120704788
:10D4D000816BC06B814201D10120704700207047F1
:10D4E00010B5044600F03DF8A06B20B1002400F018
:10D4F00044F8204610BD0124F9E70000BF2080F366
:10D500001188BFF34F8FBFF36F8FFEE710B5031F76
:10D510004FF080741C601B1F21F001011960191F5E
:10D52000244B0B60143940380A6010BD4FF0E020E6
:10D5300021494161072101617047204810B5016808
:10D5400041F47F010160016841F07F410160FFF714
:10D55000EDFF1B4900200860FAF70CFE002010BD0B
:10D560007047BF2080F31188BFF34F8FBFF36F8FD9
:10D5700013480168491C0160704711490868401E42
:10D58000086001D180F31188704710B5BF2080F387
:10D590001188BFF34F8FBFF36F8FFEF76AFE20B184
:10D5A00006494FF080501C390860002080F3118834
:10D5B00010BD0000FDD400083F19010020ED00E07F
:10D5C000600000602DE9F04104460025FEF72BFFC6
:10D5D000394E06F10801706801F1080368B937484F
:10D5E000002720F00700C1E900074EF6F872C3E9F2
:10D5F0000072C0E90032012070603CB1083460075D
:10D6000004D004F00700C0F108000444601E4EF688
:10D61000F772904227D2284A0968083201E00A4688
:10D6200001464868A04202D208680028F7D1994212
:10D6300019D015680868106048680835001B102864
:10D640000DD90B1958601C484C6008305C6800E02C
:10D65000104602685768A742FAD31A600360486808
:10D660003168081A3060FEF758FE0DB915F0D8FE83
:10D670002846BDE8F08110B5002817D0A0F10804B5
:10D68000FEF7D1FE0C496068083100E011460A68D7
:10D6900053688342FAD3226007480C6061680268CD
:10D6A00011440160BDE81040FEF737BE10BD0248CE
:10D6B00000687047704700006400006068150060F3
:10D6C000704770B5BA4D044640212846FCF75EFD10
:10D6D0000028F9D0A1B22846FCF7F7FC204670BD1F
:10D6E0002DE9F043814687B0012144F23400FBF775
:10D6F0006AFCAF4D2846FCF7EFFB6815ADF810004B
:10D7000003208DF812001820DFF8A8828DF813008E
:10D7100004A94046FBF751FA2E15ADF8106004201D
:10D720008DF8130004A94046FBF747FAAF15ADF892
:10D73000107010248DF8134004A94046FBF73DFA01
:10D74000ADF810708DF8134004A99B48FBF735FA2B
:10D7500025208DF8140000248DF8154001208DF847
:10D7600016008DF8170005A8FAF789FE934ACDF840
:10D770000090A81492F85210022925D0012926D031
:10D78000ADF80840ADF8044092F8551001292AD0B0
:10D79000022923D0032924D0ADF806400C20ADF88F
:10D7A0000A00ADF80C4069462846FCF7C5FB01228B
:10D7B00040F225512846FCF73CFC01212846FCF7A5
:10D7C0002EFC07B0BDE8F083ADF8086003E04FF42D
:10D7D000C061ADF80810ADF80400D5E74FF4005073
:10D7E00001E04FF44050ADF80600D7E72DE9F043D3
:10D7F0008146012187B08804FBF7EEFB0121482018
:10D80000FBF7E1FB6E4D2846FCF766FB2E15ADF8E5
:10D81000106003278DF812701820DFF8A8818DF8AA
:10D82000130004A94046FBF7C8F9EC14ADF810400A
:10D8300004208DF8130004A94046FBF7BEF9ADF8AB
:10D84000104010208DF8130004A95F48FBF7B5F9CC
:10D8500027208DF8140000248DF815408DF81670DF
:10D8600001208DF8170005A8FAF709FE534ACDF8F4
:10D870000090ADF8044092F85410A814022923D067
:10D88000012924D0ADF80840ADF8044092F85710B3
:10D89000012928D0022921D0032922D0ADF8064041
:10D8A0000C20ADF80A00ADF80C4069462846FCF79C
:10D8B00043FB012240F225512846FCF7BAFB012127
:10D8C0002846FCF7ACFB7CE7ADF8086003E04FF4BA
:10D8D000C061ADF80810ADF80400D7E74FF4005070
:10D8E00001E04FF44050ADF80600D9E72DE9F043D0
:10D8F0008146012187B04804FBF76EFB012104201B
:10D90000FBF761FB314E3046FCF7E6FA0427ADF831
:10D91000007003258DF802501820DFF898808DF8EC
:10D92000030069464046FBF748F90824ADF800407B
:10D930008DF8037069464046FBF73FF91F4890F8A1
:10D940002310012901D0052908D1ADF8004010208D
:10D950008DF8030069461E48FBF72FF926208DF845
:10D96000140000248DF815408DF8165001208DF814
:10D97000170005A8FAF783FDADF80C400C20ADF8B0
:10D980000840ADF80E00CDF80490ADF80A40ADF8AF
:10D99000104001A93046FCF7CFFA012240F2255190
:10D9A0003046FCF746FB01213046FCF738FB08E720
:10D9B0000038014000080140001401409C3A00205A
:10D9C00000480040000C01400018014000440040A5
:10D9D000001001404FF0E0210A6922F004020A61C0
:10D9E000224AC0084FF47A731070584301235380C1
:10D9F0004861086940F00100086170472DE9F04175
:10DA00004FF0E02700247E691849097800FB01F5F2
:10DA1000FFF7A7FDB969B8698842FCD002D2A1EB33
:10DA2000000102E0A6EB000211440C440146AC42A6
:10DA3000F1D3BDE8F041FFF7A0BD70B50446FEF795
:10DA40008DFF01280CD0094D6888844203D3B4FBB4
:10DA5000F0F0FEF714FD6888B4FBF0F100FB114410
:10DA60004FF47A706043BDE87040C7E77C00006007
:10DA7000F749C1F8A001704738B50A46062814D006
:10DA8000052819D0F34C08B3092829D0F24C0128F5
:10DA90002FD0032839D0F14C02283FD0042842D09F
:10DAA0000A284FD00B286FD08AE0042AFCD201EB61
:10DAB0004110EB49084443E0082AF5D2C1EBC1000C
:10DAC000E84900EB400001EB400039E069461046B0
:10DAD0000EF040F808E0C0EBC00101EB40102EE072
:10DAE000694610460EF044F89DF80000802867D281
:10DAF000F1E7694610460EF049F80AE0C0EBC001B4
:10DB000001EB001004EB40001AE0694610460EF0ED
:10DB10004BF89DF80000402852D2EFE769461046C6
:10DB20000EF050F803E0694610460EF059F89DF8E3
:10DB30000000402844D2C0EB001000EB400020441D
:10DB4000153038BDD2B1012A1AD0022A1AD0032AC0
:10DB50001BD0042A1BD0052A1BD0062A1BD0072A5B
:10DB60001BD0082A1BD0092A1BD00A2A1BD00B2A3B
:10DB70001BD00C2A1BD00D291BD01DE0BAA038BD2C
:10DB8000BDA038BDBFA038BD15E0C3A0FBE7C6A04F
:10DB9000F9E7CBA0F7E7CEA0F5E7D0A0F3E7D2A056
:10DBA000F1E7D4A0EFE7D6A0EDE7D8A0EBE7DAA045
:10DBB000E9E7DCA0E7E709B1DDA0E4E7DFA0E2E701
:10DBC0000020E0E738B50A46052814D006281CD006
:10DBD000A04C08B3092829D09F4C01282FD0032836
:10DBE00032D09E4C02283ED0042841D00B284DD084
:10DBF0000A284ED086E0082AFCD2C1EBC100994920
:10DC000000EB400001EB4000BDE7042A7AD201EBB3
:10DC1000411093490844B6E7694610460DF09AFF53
:10DC200008E0C0EBC00101EB40102DE06946104652
:10DC30000DF09EFF9DF80000802863D2F1E7694651
:10DC400010460DF0A3FF03E0694610460DF0ACFF4F
:10DC50009DF80000402855D2C0EBC00101EB001038
:10DC600004EB40008FE7694610460DF0ABFF03E080
:10DC7000694610460DF0B4FF9DF80000402841D2DF
:10DC8000C0EB001000EB400020447CE7E1B9AEA0FF
:10DC900079E7DAB1012A1BD0022A1BD0032A1BD054
:10DCA000042A1BD0052A1BD0062A1BD0072A1BD00A
:10DCB000082A1BD0092A1BD00A2A1BD00B2A1BD0EA
:10DCC0000C2A1BD00D291BD099A05CE766A05AE74F
:10DCD00069A058E76BA056E76FA054E79EA052E7F3
:10DCE00077A050E77AA04EE77CA04CE77EA04AE7F9
:10DCF00080A048E782A046E784A044E786A042E7E8
:10DD000088A040E700203EE708B50A4640B1012858
:10DD100057D002287ED004287DD003287BD047E14D
:10DD2000694610460DF016FF9DF80000802873D25A
:10DD3000C0EBC00101EB40114648014491F82600B8
:10DD4000002827D091F82310002923D0012873D070
:10DD5000022873D00B286DD00C281CD00D281CD0A5
:10DD60000E2868D010281AD011281AD012281AD0DC
:10DD700013281AD004281AD005281AD008281AD037
:10DD800009281AD007281AD017285BD018285BD08A
:10DD900016285BD00AE1062008BD032008BD4920F3
:10DDA00008BD482008BD472008BD462008BD3520D5
:10DDB00008BD362008BD2F2008BD302008BD242016
:10DDC00008BD694610460DF0E1FE9DF800004028B0
:10DDD00022D2C0EBC00101EB00111F4800EB410053
:10DDE00090F8281019B390F82D00032824D00728A4
:10DDF00022D0092820D0042820D008281ED00A28A4
:10DE00001CD00D2817D0132814D00B2812D010289E
:10DE10001CD002E0A8E0C7E0CAE0112816D0122802
:10DE200014D01A280CD01B280CD01C280CD0BDE014
:10DE300002E003E0B2E0B5E03E2008BD402008BDAE
:10DE40001B2008BD1D2008BD602008BDA8E0000003
:10DE500000002142BE1D02603653002034C304601E
:10DE6000888C02607884026070616E656C206E75CB
:10DE70006D6265720000000064656164206D61730D
:10DE8000746572006C63642074696D65206F6666EA
:10DE90002064656C6179000064697361626C65205F
:10DEA00069636F6E000000006C63642064697370C6
:10DEB0006C617920636F6E6669677572650000003A
:10DEC00069636F6E20636F6E6669677572650000C7
:10DED00072616E67655F494E3100000072616E6766
:10DEE000655F494E3200000072616E67655F494EA2
:10DEF0003300000072616E67655F494E34000000B8
:10DF000072616E67655F494E3500000072616E6731
:10DF1000655F494E3600000072616E67655F494E6D
:10DF20003700000072616E67655F494E380000007F
:10DF300072657365727665640000000046414E208C
:10DF40004D4F44450000000046414E204D4F444592
:10DF500020545950450000006C636420636F6E6666
:10DF60006967757265000000694610460DF02AFE6B
:10DF70009DF80000C0EB001000EB4001F74808449A
:10DF800090F9280090B1012808D0022808D005286F
:10DF900006D0042804D0062804D007E0052008BDD8
:10DFA000622008BD022008BD402901D25F2008BDC3
:10DFB000002008BD38B5E94C0A4602280FD00428D5
:10DFC00012D005281ED0062826D0E54C60B30928BB
:10DFD0002FD0E44C01283CD0032851D058E06946AA
:10DFE00010460DF0EFFD03E0694610460DF0F8FD18
:10DFF0009DF80000C0EB001000EB4000204490F8BA
:10E000002600C0E5082A43D2C1EBC100D64900EB87
:10E01000400001EB400005E0042A39D201EB411039
:10E02000D2490844C07FAEE5694610460DF092FD26
:10E0300003E0694610460DF09BFD9DF80000802826
:10E0400026D2C0EBC00101EB4010204490F8220022
:10E0500099E5694610460DF099FD9DF8000080286D
:10E0600018D2C0EBC00101EB001004EB400090F8A7
:10E07000271001290ED090F8230000F00F0082E550
:10E08000694610460DF090FD9DF800008028E8D309
:10E09000002078E5012076E52DE9F84FDFF8D08201
:10E0A000DFF8D0B2DFF8B892AE4DDFF8CCA2AB4FBC
:10E0B00016460C460C2817D2DFE800F006516142E4
:10E0C000D7F3F2161617F1F0694610460DF042FD2F
:10E0D0009DF80000C0EBC00101EB401101EB09000D
:10E0E00090F8231001297AD085E1694610460DF099
:10E0F0003FFD9DF80000C0EBC00101EB401101EBBA
:10E10000090090F823100029EED190F82610A1F113
:10E110000C020A2A11D90B3A072A0BD801EBC102CB
:10E1200002EB011202EB0801A1F5805191F8C11D2B
:10E13000012902D090F8240048E090F824004BE038
:10E14000694610460DF030FD9DF80000C0EBC0019F
:10E1500001EB001005EB400090F82810F9B169467A
:10E1600030460DF013FD9DF80000C0EBC00101EB3F
:10E17000001005EB400090F8281001292FD06946C7
:10E1800030460DF01FFD7D489BF8001000780844D4
:10E190009DF80010884233D80F2C2BD089E090F8DE
:10E1A0002D10A1F10C020A2A14D90B3A072A0BD818
:10E1B00001EBC10202EB011202EB0801A1F5805153
:10E1C00091F8C11D012905D090F82600012849D0F9
:10E1D00011E104E090F8260001287AD042E0D0F85E
:10E1E0001E0027F04BF92BF0D6F8BDE8F84F644934
:10E1F0002AF0FFBEC1EB011000EB40003844EEE70F
:10E20000604E06EB811050F82420504682421DD00B
:10E21000C1EB011000EB4000384490F82310B9B175
:10E220000AF047FC9DF80050A8420BD806EB851079
:10E23000534950F824002AF0AAFE2BF0F1F8524975
:10E2400021F8150006EB851050F82400BDE8F88F82
:10E2500012F0FF4100D0012190F928003DE0C1BB40
:10E2600000E0B1B34FF07E50F0E7694610460DF084
:10E27000B7FC42489BF80010007808449DF8001055
:10E2800088420FD80F2C14D1C1EB011000EB4000D5
:10E290003844D0F81E00A0B3012089E0AAE03FE096
:10E2A00038E02FE0374800EB811050F8240050454B
:10E2B00001D15046CAE7C1EB011101EB4101CA1976
:10E2C00092F823100029C1D110F0FF4F02D0012194
:10E2D00001E090E0002192F92800A0F10C020A2A46
:10E2E000BDD90B3A072ABCD800EBC00202EB0012E2
:10E2F00002EB0800A0F5805090F8C10D0128B0D1C4
:10E30000ADE755E0C2EBC200174900EB400001EB5E
:10E31000400003E0154902EB42100844807FBAE751
:10E320001A480E2A12D2DFE802F0070A1316113536
:10E33000383D474C51565B601548007838E090F8FE
:10E340005A00010602D500F07F0031E000202FE0E6
:10E3500090F850002CE090F85B0029E034C3046092
:10E36000BE1D02603653002078840260888C0260F3
:10E3700026190260B900006000007F43C62000201B
:10E3800000007A4474B502607A0602609C3A00206C
:10E390009320002090F867000AE095F82D0095F989
:10E3A000281003E095F85B0095F9561000EB01206A
:10E3B000BDE8F84F2AF0F8BF95F8890095F9841068
:10E3C000F4E795F8B70095F9B210EFE795F8E50096
:10E3D00095F9E010EAE795F8130195F90E11E5E7D4
:10E3E00095F8410195F93C11E0E795F86F0195F931
:10E3F0006A11DBE70AB1002028E7D9F82F01BDE850
:10E40000F84F4FF47A7190FBF1F02AF0C4BFF9484D
:10E410007047F94B00EBC00003EBC00000EBC100FC
:10E42000805C704730B5F54C01EBC10104EB011481
:10E4300004EB021404EB4305ADF5197D6D788DF8FE
:10E44000005014F813408DF8014000248DF802406C
:10E450008DF80340E84C04EBC10101EBC20140F22E
:10E460006222C95CCDF8071009218DF806106946B3
:10E470002AF0A4FB0DF5197D30BD10B50346DE4C26
:10E4800003EBC303002004EBC303024603EBC1010B
:10E490008B5CFF2B01D0401CC0B2521CD2B2082AA8
:10E4A000F6D310BD2DE9F043D54B012500EBC0009C
:10E4B0001D70D44BD14F00241D741D76CE4BFF260A
:10E4C00003EBC00307EB001003EBC10300EB0110EB
:10E4D0004AB900EB4401497811B910F8141031B170
:10E4E00025EA04011955195DFF2902D00BE01E55DC
:10E4F0001DE000EB4401497811B910F81410B1B1D6
:10E5000025EA04011955641CE4B2082CE0D300226A
:10E51000995CFF2944D000EB420810F8124098F8AB
:10E520000110C1EB011104EB8104511C35E00CB169
:10E530001E55E8E7C17809B9817809B11D70E2E795
:10E540001E70E0E75D5CA946FF2D25D000EB41077A
:10E5500010F811607D78C5EB051506EB8506B44211
:10E560001AD9254634463C26B4FBF6FC88F801C08F
:10E57000B4FBF6FC06FB1C4C00F812C0B5FBF6FC25
:10E5800087F801C0B5FBF6F706FB175500F81150E8
:10E590009D5C03F802905D54491CC9B20829D1D38F
:10E5A000521CD2B2082AB3D3BDE8F08330B500259F
:10E5B0000024012221462846FFF774FF641CE4B2C0
:10E5C000092CF6D36D1CEDB2082DF1D330BD00201F
:10E5D000704770B5C0EBC00303EB001000228A4BFC
:10E5E000114603EB400501246B5C002004FA00F6A1
:10E5F000334201D0521C92B2401C80B20828F5D39D
:10E60000491C89B22E29EFD3D0B270BDC0EBC00136
:10E6100001EB00107C4901EB40002E212AF0E7BA03
:10E6200070B57A4E421C93B2B279794D920708D0F8
:10E630001C226A700022AC5C9C4204D21B1B9BB261
:10E6400005E01D22F5E7521C8A70CB700C22521C8B
:10E6500092B20C2AEFD3B6F807200723824208D9DA
:10E66000101A90FBF3F203FB12003279101AC01D4E
:10E6700006E0801A90FBF3F203FB1200327910449B
:10E6800080B2B0FBF3F203FB1200401C0871B079BA
:10E6900000F5FA60088070BD2DE9FC438146C1EBAE
:10E6A000C10000EB0110584900269046354601EBA9
:10E6B00040074FF0010C0024785D0CFA04F1084289
:10E6C0000AD0B04506D104EBC500401E80B26946B1
:10E6D000FFF7A6FF761CB6B2641CA4B2082CEBD3DD
:10E6E0006D1CADB22E2DE6D30099C9F800109DF82F
:10E6F000041089F80410BDE8FC832DE9F843404973
:10E700000125404F00261C460D70012817D0DFF868
:10E71000048102286DD0042869D1694610460DF0A5
:10E720005FFA9DF80000402861D2C0EB001000EBBA
:10E73000400101EB08003D7080F8236085E06946E8
:10E7400010460DF023FA9DF8000040284FD23249C0
:10E750005F2C16D03E2C1DD0402C1DD0032C25D074
:10E76000052C33D0032C41D0C0EBC00202EB0010CB
:10E7700001EB400010F8231F01F00F0141F04001B0
:10E7800033E0C0EBC00202EB001201EB420282F860
:10E790002D60E9E7032200E00422C0EBC00303EB95
:10E7A000001301EB430383F82D20DDE7C0EBC0032A
:10E7B00003EB001001EB40000D2280F82D2010F833
:10E7C000231F01F00F0141F010010EE0C0EBC00368
:10E7D00003EB001001EB4000132280F82D2010F80D
:10E7E000231F01F00F0141F0300101707D70BDE881
:10E7F000F88319E024E70260488A0260C885026055
:10E800008A2100206A1903600C8D026038230020E1
:10E81000EE08026034C304603653002080F828609C
:10E82000E5E780F82850E2E7694610460DF0CAF99E
:10E830009DF800004028DAD2C0EB001000EB400148
:10E8400001EB08003D7080F823505F2CE9D1E5E72B
:10E850002DE9F843F9490125F94EFA4FDFF8E8832D
:10E86000DFF8E8931C460D700A28C0D2DFE800F0FC
:10E87000310528121B47525E5E3E694610460DF078
:10E8800085F90BE0C0EBC00101EB0010757007EBE0
:10E89000400046E0694610460DF086F99DF80000FC
:10E8A0004028A4D2EEE7694610460DF099F90BE036
:10E8B000C0EB001000EB4001357001EB080030E0C8
:10E8C000694610460DF07EF99DF8000040288ED272
:10E8D000EEE7694610460DF03DF90BE0C0EBC001D4
:10E8E00001EB4011B57001EB09001AE069461046D2
:10E8F0000DF03EF99DF80000802817D2EEE7082AB7
:10E9000014D2C2EBC200D24900EB4000357101EBDA
:10E91000400006E0042A09D2CE4902EB421075718C
:10E920000844216840F8151F616841605FE72DE9E0
:10E93000F84F0E46C1490127DFF81CA3DFF800930A
:10E94000DFF818B3DFF818831C4615460F700B2844
:10E9500032D2DFE800F00689F7B1FFF5F431314338
:10E96000F300C049C88B401CC883694610460DF0AF
:10E97000F1F89DF8000080281ED2BB4920462AF0FD
:10E9800006FB2AF034FD26F079FD01469DF80000D3
:10E99000C0EBC00202EB4013AC4A1A44C2F81E108E
:10E9A00058B101280ED0022812D0032804D12046E5
:10E9B0002AF036FDAD49086048E420462AF030FDD3
:10E9C000AB4903E020462AF02BFDAA4908703DE43C
:10E9D00020462AF025FD8AF8280037E469461046CB
:10E9E0000DF0C6F89DF800008028E5D2C0EBC0010C
:10E9F000964D01EB4010284490F8230088BB9A49BB
:10EA000020462AF0C4FA2AF0F2FC26F037FD01462F
:10EA10009DF80000C0EBC00202EB40102844C0F893
:10EA20001E1090F82610A1F10C020A2A13D90B3AF5
:10EA3000072A0BD801EBC10202EB01128E491144E7
:10EA4000A1F5805191F8C11D012904D014F0FF41B6
:10EA500005D0012103E014F0FF4FFAD0002180F827
:10EA6000241089F8027025E4694610460DF08EF8EE
:10EA70009DF800004028F6D2C0EBC001714D01EBBB
:10EA8000001005EB400089F8017090F8280001287B
:10EA9000E9D1754920462AF07AFA2AF0A8FC26F036
:10EAA000EDFC9DF80010C1EBC10202EB011105EB7A
:10EAB0004101C1F81E009FE4694610460DF074F84C
:10EAC0009DF800004028F6D2C0EBC0015D4D01EB7F
:10EAD000001005EB400089F8017090F8280000282C
:10EAE000D7D1614920462AF052FA2AF080FC26F05C
:10EAF000C5FC01469DF80000C0EBC00202EB00100F
:10EB000005EB4000C0F81E1090F82D10A1F10C028A
:10EB10000A2A18D90B3A072A0BD801EBC10202EBDB
:10EB2000011255491144A1F5805191F8C11D0129E7
:10EB300009D014F0FF410AD0012108E077E166E135
:10EB400051E107E0E2E014F0FF4FF5D0002180F83A
:10EB5000261051E4694610460DF042F89DF8005029
:10EB6000402DA8D2BA4689F80070444FBC4202D169
:10EB700008EB851093E0C5EB0510DFF8CC9000EBB7
:10EB80004001494491F92800A0F10C020A2A24D935
:10EB90000B3A072A0BD800EBC00202EB00123648F2
:10EBA0001044A0F5805090F8C10D012815D03448CC
:10EBB00002789BF800001044A84204F0FF4071D98D
:10EBC00000B101202AF0F0FB08EB851141F8260086
:10EBD000284621F020FDD0B91AE0294802789BF898
:10EBE00000001044A84204F0FF401CD968B1002086
:10EBF0002AF0DAFB014608EB851040F8261028467B
:10EC000021F009FD18B1002002E00120F0E7012009
:10EC10009DF80010C1EB011101EB410202EB09016B
:10EC200081F8250051E000282CD04FF0000081F839
:10EC300025002AD14FF0010029E033E08A2100208D
:10EC40006A1903603653002034C30460BE1D02609D
:10EC500078840260888C02609C3A0020C6200020E4
:10EC600074B50260B402026000007A44B020002053
:10EC70000F210020BB0000602619026000007F43C6
:10EC8000B90000604FF00100D1E74FF000002AF01A
:10EC90008BFB014608EB85100F2EC16315D040F8A1
:10ECA000267012E000B1012081F825000F2E03D05C
:10ECB00008EB851040F8267014F0FF4000D00120CA
:10ECC0002AF072FB08EB8511C8639DF80000FD4C2B
:10ECD000C0EB001101EB41012144002281F8232007
:10ECE00002F044FB01F0B9FFF74801789BF80000FF
:10ECF00001449DF8000081423FF6DDAEC0EB0010FC
:10ED000000EB4000204480F822A055E669461046FA
:10ED10000CF058FF9DF800004028F6D2C0EB00111F
:10ED2000E84D01EB410189F800702944DFF8989320
:10ED300081F823709BF8002099F80010BA4611441E
:10ED400081421BD908EB801141F826401FF037FFA4
:10ED5000DE492AF01CF92AF04AFB26F08FFB9DF8C9
:10ED60000070C7EB071101EB41012944C1F81E00F7
:10ED70002AF011FB0146384601F073FF99F80010A4
:10ED80009BF8000001449DF80000814228D8C0EBA8
:10ED9000001101EB4101294408EB801081F822A009
:10EDA000C4630F2E02D0CA4940F82610C749204636
:10EDB0002AF0EDF82AF01BFB044626F05FFB9DF8D5
:10EDC0000010C1EB011101EB41012944C1F81E0003
:10EDD000204626F053FBBF499DF8002021F8120081
:10EDE00001F03BFFE8E589F80470B84918462AF0BD
:10EDF000CEF82AF0FCFA26F041FB0146C5EBC5002F
:10EE0000B54A00EB400002EB40008177D4E589F879
:10EE10000570AE4918462AF0BAF82AF0E8FA26F04A
:10EE20002DFBAE4A05EB451111448877C4E5012D51
:10EE30001BD0022D23D0032D2DD0052D33D0A81F9C
:10EE40000728CFD818462AF0EBFAC5EBC50101EB2D
:10EE50000513A349021201EB430101F8EC2D48719F
:10EE6000A04889F801700770A6E518462AF0D8FA7C
:10EE7000C1B28AF85A10C72018F015F8B0E7184642
:10EE80002AF0CEFA8AF8500081B2D62018F00BF89A
:10EE9000002095499AE518462AF0C2FA8AF85B00E4
:10EEA00081B2E02006E018462AF0BAFA8AF8670034
:10EEB00081B2EA2017F0F7FF7EE5F8B514460F4659
:10EEC00088490122894B7F4E0A7065B2042815D00B
:10EED000022819D0864D092825D000280DD19A7016
:10EEE000694638460CF036FE9DF80000C0EBC001C4
:10EEF00001EB4010284480F82240F8BD1A706946A2
:10EF000038460CF06DFE04E01A70694638460CF085
:10EF100059FE9DF80000C0EB001000EB40003044AB
:10EF200080F82250F8BD9A70694638460CF020FEF1
:10EF3000DAE72DE9F8436B4901246C4D684E614FC7
:10EF4000DFF8AC8199460C700A285FD2DFE800F048
:10EF5000320522121B48535E5E37694610460CF09C
:10EF600015FE0BE0C0EBC00101EB00106C7006EB6E
:10EF7000400033E0694610460CF016FE9DF8000094
:10EF8000802843D2EEE7694610460CF029FE05E0E2
:10EF9000494639E0694610460CF014FE9DF8000021
:10EFA000402833D2C0EB001000EB40002C703844F6
:10EFB0001322EDE7694610460CF0CCFD03E06946EC
:10EFC00010460CF0D5FD9DF8000080281ED2C0EB45
:10EFD000C00101EB4011AC7001EB08001522D7E72E
:10EFE000082A13D2C2EBC2003B4900EB40002C714F
:10EFF00001EB400006E0042A08D2384902EB421037
:10F000006C7108441522194629F0D8FD08E4354BE7
:10F01000012201461A70354B36481A76142229F01F
:10F02000CDBD70B5354D00EBC000334E05EBC005CE
:10F03000002206EB00101346FF2405EBC10500EB90
:10F04000011000EB42014B7000F81230AC54521C1E
:10F05000D2B2082AF5D370BDF0B5224FDDE90556CE
:10F0600001243C70214F00EBC0003C74224C04EBA7
:10F07000001404EB011404EB42077B701F4B04F8EF
:10F08000125003EBC00000EBC1008654F0BDF0B598
:10F09000144A01268CB21670144A5674184A927992
:10F0A00002F5FA639C424AD1164C92072CD01C22DE
:10F0B000C1F3074500236D1E62700B2D2DD8002271
:10F0C00029E0000034C30460B900006000007A4405
:10F0D00000007F437A06026078840260888C0260B8
:10F0E000365300208A2100209B2000206A190360EB
:10F0F000BE1D026024E70260C8850260488A026083
:10F1000038230020EE0802601D22D1E7A75C521CC4
:10F110003B449BB2D2B29542F8DCC0EBC00202EB9A
:10F120000012FA4803EB116189B200EB420000EBD8
:10F13000D10001F0070102788E4032430270F0BD29
:10F14000F34810B5008840F2E5340146FF2842D06C
:10F150000CDC022828D004DC00283CD0012912D184
:10F1600013E0032829D094290DD134E0A1F5407093
:10F17000E53819D00A2808D0D1281ED000F2E63090
:10F18000B0F5803F27D0084610BDE1481422E1A128
:10F19000801C29F013FDDE481422E2A1163029F06C
:10F1A0000DFD40F2EF3010BDD9481422DFA1801CC4
:10F1B00029F004FD1422E0A107E0D5481422E1A1C2
:10F1C000801C29F0FBFC1422E3A1D148163029F061
:10F1D000F5FC204610BDCE481422E2A1801C29F087
:10F1E000EDFCCB481422E3A1163029F0E7FC942073
:10F1F00010BDC748801C7047C5481630704701468F
:10F20000C34810B51422801C29F0D8FCBDE810407A
:10F210000AF08BB90146BE4810B51422163029F009
:10F22000CDFCBDE810400AF080B900280BD0FF28C3
:10F2300009D0A0F57F41FF3905D0012803D002286D
:10F2400001D0B34908807047CE4948727047CD4815
:10F25000407A002800D001207047CB4902680A603C
:10F2600002790A71C74AC378D370837853710379DE
:10F27000137100783C38C0B2907100F5FA600880D4
:10F28000C249012008707047C14902680A60BD493F
:10F2900002788A7042784A7080780870BB490120F1
:10F2A00008707047BB48B0F900007047704770475E
:10F2B00070B50C46B84B014601201870B74BB94EDB
:10F2C00004295876B648007810D002295ED104444B
:10F2D000104646F824202AF0A3F8B34921F8140078
:10F2E000E0B20021BDE8704001F0EDBC84424DD297
:10F2F000C4EB041000EB4001AC4846F824200D1884
:10F3000095F8230078BB95F92800A0F10C010A2993
:10F310001BD90B3907290BD800EBC00101EB0010FA
:10F32000A3490844A0F5805090F8C10D01280CD0E5
:10F3300012F0FF4000D001202AF036F846F82400F1
:10F34000204621F068F988B911E012F0FF4F0BD088
:10F3500000202AF029F846F82400204621F05BF925
:10F3600020B1002003E00EE00120F2E7012085F843
:10F37000250010F0FF0F02D04FF47A7100E0002159
:10F38000204609F0B2FA00212046ABE770BD844A5E
:10F39000844B0428127803D0881853F82000704753
:10F3A0009142FCD253F821007047F0B5824C002204
:10F3B000804B1146104604F5007504F1400604F533
:10F3C0001077C0EBC00C0CEB001C03EB4C0C9CF852
:10F3D00028C0BCF1010F0CD070543954491CC9B27B
:10F3E000401CC0B24028ECD37448027074480170CD
:10F3F000F0BDA0542A54521CD2B2F1E7F0B500225D
:10F400006D4D6A4C80351146104605F5007605F1C4
:10F41000400705F5107CC0EB001303EB43032344C6
:10F4200093F82330012B0DD078540CF80010491CB0
:10F43000C9B2401CC0B24028EDD362480270624895
:10F440000170F0BDA8543254521CD2B2F1E7F0B5AD
:10F450005E4D00225E4C1146104605F5007605F122
:10F46000800705F5207CC0EBC00303EB4013234469
:10F4700093F82330012B01D02BB109E0A85432546A
:10F48000521CD2B204E078540CF80010491CC9B2E6
:10F49000401CC0B28028E6D34E4802704E4801702E
:10F4A000F0BD70B502460020424B404C484D062A44
:10F4B00017D2DFE802F003A5B81793CB0022C2EB06
:10F4C000C20404EB021403EB440494F82840012C1A
:10F4D00003D18A4219D0401CC0B2521CD2B2402A79
:10F4E000EDD3C4E00022C2EBC20404EB021403EB30
:10F4F000440494F828401CB98A4206D0401CC0B28B
:10F50000521CD2B2402AEED3B1E0B2E00C8D0260C0
:10F51000222000204E4554495820436F6E74726F6C
:10F520006C7300004E434342000000004A65744380
:10F530006F6E74726F6C73004A65742050726F64E2
:10F54000756374004E6577726F6E20536F6C7574BF
:10F55000696F6E73000000004E6577726F4E6F64C6
:10F560006500000054656D636F436F6E74726F6C5D
:10F570007300000054656D636F2050726F64756393
:10F580007400000038230020B400006092210020A5
:10F59000C22000203E2100208A2100206A19036039
:10F5A000B900006074C502607A06026034C304606A
:10F5B00026190260365300204C250020800200608E
:10F5C0001D230020E22200201E2300204C260020C4
:10F5D000BE1D026081020060820200600022C2EB58
:10F5E000021303EB4303234493F823301BB98A42ED
:10F5F0003FD0401CC0B2521CD2B2402AEFD336E0FA
:10F600000022C2EB021303EB4303234493F823309D
:10F61000012B03D18A422CD0401CC0B2521CD2B262
:10F62000402AEED323E00022C2EBC20303EB4213D5
:10F630002B4493F82330012B03D18A4219D0401C6C
:10F64000C0B2521CD2B2802AEED310E00022C2EB2C
:10F65000C20303EB42132B4493F823301BB98A42B5
:10F6600007D0401CC0B2521CD2B2802AEFD34FF058
:10F67000FF3070BD70B50022FD4DFE4CFE4B0628DC
:10F6800074D2DFE800F0033C4F172A620020C0EB81
:10F69000C00303EB001305EB430393F82830012B61
:10F6A00003D18A4264D0521CD2B2401CC0B240285E
:10F6B000EDD35BE00020C0EBC00303EB001305EBD0
:10F6C000430393F828301BB98A4251D0521CD2B25E
:10F6D000401CC0B24028EED348E00020C0EB00132D
:10F6E00003EB4303234493F823301BB98A423FD0F2
:10F6F000521CD2B2401CC0B24028EFD336E00020EA
:10F70000C0EB001303EB4303234493F82330012B96
:10F7100003D18A422CD0521CD2B2401CC0B2402825
:10F72000EED323E00020C0EBC00404EB40141C44E3
:10F7300094F82340012C03D18A4219D0521CD2B232
:10F74000401CC0B28028EED310E00020C0EBC00403
:10F7500004EB40141C4494F823401CB98A4207D09F
:10F76000521CD2B2401CC0B28028EFD34FF0FF3001
:10F7700070BDC249085C40280DD2C0EBC00101EB4E
:10F780000010BB4901EB400090F82D00401E0A28F4
:10F7900001D9012070470020704710B50022402891
:10F7A00018D2B34BC0EBC00404EB001003EB4000D5
:10F7B000002910F8011C07D04B1E0A2B0AD80B3168
:10F7C00000F8011C012010BDA1F10C030A2B01D887
:10F7D0000B39F5E7104610BDA8498031085C402878
:10F7E0000CD2C0EB0010A34900EB4000084490F994
:10F7F0002800401E0A2801D90120704700207047C8
:10F800000022402817D29B4BC0EB001000EB4000B9
:10F810001844002910F9051C07D04B1E0A2B0AD8E2
:10F820000B3100F8051C01207047A1F10C030A2BD5
:10F8300001D80B39F5E7104670479149085C8028DC
:10F840000CD2C0EBC00101EB40108B49084490F88A
:10F850002600401E0A2801D9012070470020704769
:10F8600010B50022802817D2834BC0EBC00404EBF4
:10F8700040101844002910F8011C07D04B1E0A2B19
:10F880000AD80B3100F8011C012010BDA1F10C03B6
:10F890000A2B01D80B39F5E7104610BD2DE9F041D0
:10F8A000C0EBC00101EB0010764900252C4601EBAE
:10F8B000C006C4EBC40000EB04103718781C29F014
:10F8C000B3F938B1781C29F0AFF9142802D86D1CAF
:10F8D000EDB200E00824641CE4B2082CE9D36648C9
:10F8E000C0F82A532846BDE8F08170B50C46C0EB3D
:10F8F000C00101EB0011634800EBC100C4EBC4017F
:10F9000001EB04114518681C29F08EF930B1681C10
:10F9100029F08AF9142801D8681C70BD5A4904EBF3
:10F92000C400084470BD002809D101EBC10056494C
:10F9300008441168016051684160117A0172704792
:10F940004F498031085CC0EBC00101EB001248490F
:10F9500001EB42014D4AD1F81E1052F82030994275
:10F9600003D042F82010012070470020704744491E
:10F97000C031085CC0EBC00101EB00123C4901EB57
:10F980004201424A91F9261052F82030994203D0A0
:10F9900042F8201001207047002070473C4A10B503
:10F9A00001460020515CC1EBC10202EB4113324A17
:10F9B0001A44384BD2F81E2053F82140A24202D0FC
:10F9C00043F82120012010BD304A10B50146803A8D
:10F9D0000020515CC1EBC10202EB4113264A1A44DC
:10F9E0002C4B92F8242053F82140A24202D043F835
:10F9F0002120012010BD26498039085CC0EB001190
:10FA000001EB41021B491144234AD1F81E1052F860
:10FA10002030994203D042F8201001207047002086
:10FA200070471B494039085CC0EB001101EB4102F3
:10FA300010491144184A91F9251052F82030994282
:10FA400003D042F82010012070470020704710B505
:10FA5000044681B2A32017F026FAC4F30721A4209C
:10FA600017F021FAC4F30741A52017F01CFA15E09E
:10FA70003653002034C30460BE1D02608C25002074
:10FA8000CC260020183D0260149A03604C29002007
:10FA90004C2800204C2A00204C2C0020210EBDE8D0
:10FAA0001040A62017F0FFB970B59E4C02259E4E5F
:10FAB00094F82800092806D184F8285086F82650A2
:10FAC00000200EF052FE94F82A00092808D184F88C
:10FAD0002A5086F82850BDE8704002200EF045BE3E
:10FAE00070BD9248007801280BD191483C210088D4
:10FAF000B0FBF1F000F07F008030C1B2E920FAF7EE
:10FB0000CEBD704710B5002017F02DFA85491D2095
:10FB1000283117F0B9F98348834990F8280081F813
:10FB2000260010BD814A10B51078002804D0804905
:10FB3000088810B1401E088010BD00201070088099
:10FB40000146E92017F0AFF9BDE81040DAE70146B9
:10FB50009D2017F0A8B910B5042801D075A010BDDC
:10FB60001421764829F043F86F48744990F8FF2033
:10FB700090F8FE00012A03D0022A06D070A010BD22
:10FB800071A2128821F8022B06E070A2128821F8D7
:10FB9000022B522201F8012B0A2218F069FA674859
:10FBA00010BD2DE9F047042802D00020BDE8F08701
:10FBB0005D4F0D78DFF898815A48DFF89891B7F8D3
:10FBC000014197F803314FF0010C492D02D0562D19
:10FBD0001CD019E04D784E2D16D187F8FFC08D78D6
:10FBE0002E46303D092D01D8C9781EE00AB187F8AC
:10FBF000FE204D49D1F8FD1040F85C1F84808371D0
:10FC000089F819C009F091FC0120CFE74D78412D0A
:10FC1000FAD18D78522DF7D1022587F8FF50CD7893
:10FC20002E46303D092DE1D80979A1F13002092A8B
:10FC300006D806EB860208EB42021144CAB2D5E7A9
:10FC4000EAB2D3E730B5ADF25C6D00240546CDF8DD
:10FC50003446CDF83846CDF83C464FF41871684626
:10FC6000CDF8404628F0C3FF4FF4F07198A828F073
:10FC7000BEFF4FF48270ADF83406ADF8584601204F
:10FC8000CDF8360607208DF840048DF841445E21FA
:10FC90008DF842148DF844440A218DF845142E49FC
:10FCA0008DF843448DF8464408702C486A460DF59B
:10FCB00088610480062021F051FA694698A820F056
:10FCC00013FF98A9CDF83A16CDF83E0624480078DF
:10FCD00018B1601E0DF25C6D30BD22490220244C2B
:10FCE0000870214903200DF2446208702B2045431F
:10FCF0001E482844417A217000680DF5CB611FF041
:10FD0000A0FC1C4D58B12078401EFE2807D20022CE
:10FD10000DF234610DF2446024F088F928702878DF
:10FD2000D8E700009C3A00207A0D02609321002061
:10FD3000940100606572726F720000003825002027
:10FD40006E756C6C00000000494E00005641520078
:10FD5000F0FDFFFF6A190360A0000060A6000060CC
:10FD6000A5000060A4000060450500604804036031
:10FD7000230500608D01006070470020704700205F
:10FD80007047002070479E49886070479C48806893
:10FD900070479B488068401C00D0012070479849FC
:10FDA0000C310860704796480C30006870479449E1
:10FDB00010310860704770479148103000687047F4
:10FDC0008F49488070478E48408870472DE9F0473A
:10FDD000ADF5207D04460020A89DADF878024FF4D3
:10FDE0001E791E4692464946684628F000FFDFF815
:10FDF0001482834998F8000048B9012D07D188681A
:10FE0000002804DA00200DF5207DBDE8F087812070
:10FE10008DF800002089A0F57F42FF3A09D008B193
:10FE2000A07A30B1207820B106280BD04FF0FF30F7
:10FE3000E9E77348103000689F904888ADF8780271
:10FE40000B2007E02CB154F8010F9F90A088ADF86B
:10FE500078020A208DF80100301D81B26F46B81C6F
:10FE600022F0EAF8841C38193246514628F0A6FEE2
:10FE70003444012D09D198F8000030B1224669467A
:10FE8000614828F09BFE614804804946684628F096
:10FE9000AEFE2046B7E708B5134601200A4600210A
:10FEA00000900846FFF792FF08BD2DE9F04385B0AA
:10FEB0000026814653481746ADF800600196029629
:10FEC0000396049600784E4A0D46344620B9012B1D
:10FED00002D19168002906DB91885561012B06D17A
:10FEE00028B9002903DC002005B0BDE8F08329789B
:10FEF000812901D00028F7D095F801806946A81C17
:10FF000022F09FF8BDF800000296001FADF80660D1
:10FF1000ADF80000B8F10A0F03D0B8F10B0F29D1EA
:10FF200013E001A9484622F0AEF9BDF80000B8423E
:10FF300005D31DE0281900792855641CA4B2BDF82A
:10FF40000000001D8442F5D314E001A9484622F0C8
:10FF50009AF9BDF80000B84205D309E028190079E4
:10FF60002855641CA4B2BDF800008442F6D301E019
:10FF7000ADF80060BDF80000B6E72548B0F84200D3
:10FF8000704770B500281ED01D4B06240470D96838
:10FF9000C0F801105988A0F805101D490025B1F8D6
:10FFA00042200281B1F84220A2F57F46FF3E0BD0ED
:10FFB00052B11A78012A09D0847251F8132F40F8EF
:10FFC0000B2F8988818070BD857270BD8572F4E7C2
:10FFD0000021002812D006220270094A1369C0F8D5
:10FFE00001305288A0F805204FF6FF7202810022EE
:10FFF00082724318491CDA720729FADB7047000045
:020000040801F1
:100000004C2000200A020060702C04601402006082
:100010009C3A00202DE9F05FDDE90C850B9E1F4620
:1000200091468A468346002D56DB05EB0510FA49BA
:1000300000EB400001EB40046621204628F0D7FD8C
:10004000022084F863000120E07184F8655084F890
:10005000589008F095F825F011FAC4F80E003A20EF
:10006000EE49A07484F857A00888A4F85500401CF5
:100070000880E772584600F06CFB07460246594676
:1000800004F1130028F09AFD0022E019C274A7744D
:100090000A9810B1FF2084F859006EB104F159019B
:1000A000002005E018F80030401C01F8013B00B2C8
:1000B000B04201DA0528F5DBD94984F863200878D5
:1000C000401CC0B20870102801D910200870D54813
:1000D0000188491C018001E04FF0FF356D1C28B2FA
:1000E000BDE8F09F2DE9F047CB4CDDF820901F468E
:1000F000904606460025E079012804D0A07A00B396
:100100000020A0720AE094F85810414512D14FB176
:10011000B4F85500B6F9001088420BD16D1C28B216
:10012000BDE8F087207A28B93146204600F019FB57
:100130000028F3D16D1C2DB26634102DDBDB0020BE
:10014000EEE7A9F80050FAE72DE9F04F85B08346B5
:10015000DDE90F5404A898464FF0FF370E9E00903B
:1001600091468A46ADF8107000235846FFF7BAFF53
:10017000002803DD384605B0BDE8F08FBDF910005A
:1001800000280EDBCDE90240CDE9006543464A4632
:1001900051465846FFF73EFFA348017841F0010160
:1001A0000170BDF81000401C00B2E4E72DE9F04FEB
:1001B00000259E4AB7B02C462E46A84628464FF04A
:1001C0000109C0EBC00101EB001102EB410191F903
:1001D0002310CB0707D008F1010809FA00F108F055
:1001E000FF080C4306E0890704D5761C09FA00F1E4
:1001F000F6B20D43401CC0B22028E2D3C82104A8A7
:1002000028F0F5FC2C274FF0200B4FF0690AB8F1CD
:10021000000F78D08DF814B063218DF815108DF88B
:1002200016A072238DF8173063234F208DF81830F5
:100230008DF81000752370208DF819308DF811009D
:100240008DF81AA0742165208DF81B108DF812000E
:100250006E228DF81CB06F218DF81D1058468DF858
:100260001E208DF81F0049208DF820004E208DF8AB
:10027000210012208DF813204FF00A08002109FAFE
:1002800001F222421DD0092906D24A1CB2FBF8F322
:1002900008FB132304AA0DE04B1CB3FBF8FC04AAD3
:1002A0000CF1300C02F800C0B3FBF8FC401C08FB5A
:1002B0001C33C0B230331354401CC0B21754401C1E
:1002C000C0B2491CC9B22029D9D33A2800D93A2052
:1002D00004AA002111545748574B554A90F9000081
:1002E00093F90030CDE90030CDE9022153480B46A7
:1002F000FF21027804A8FFF727FF10F0FF0F02D0BC
:100300004F4981F80090C82104A828F070FC002E05
:100310007DD053208DF8100068204FF06F0C8DF8C1
:10032000110074268DF812C072208DF81300584603
:1003300072228DF814608DF818208DF820008DF849
:1003400015B06321632249208DF816108DF819200D
:100350008DF81C608DF8210075228DF81DB04E209F
:100360008DF81EC06E218DF822000A238DF81A2008
:100370008DF81F1013208DF817A08DF81BA00021F9
:10038000C84608FA01F22A4220D0092901F10102E7
:100390000AD2B2FBF3F403FB142404AA303414543D
:1003A000401CC0B217540FE0B2FBF3F604AC303679
:1003B0002654B2FBF3F6401C03FB1622C0B23032C7
:1003C0002254401CC0B22754401CC0B2491CC9B2C0
:1003D0002029D6D33A2800D93A2004AA0021115462
:1003E000144A154B124892F9002093F90030CDE9D8
:1003F0000032CDE9020111480B46FF21027804A822
:10040000FFF7A2FE10F0FF0F04D00D4900E001E05D
:1004100081F8008037B0AFE6E6100260A22000202D
:1004200090200020AA200020C72000203653002062
:10043000DA200020D9200020D0000060BB0000603E
:10044000D8200020F0B5B7B00E4604461F4615462A
:10045000C82104A828F0CBFB3CB33B463246CBA1D5
:1004600004A8009529F0CEFE04A828F0DDFB0021A9
:100470003A2801D98DF84A10CE4ACF4BCC4892F990
:10048000002093F90030CDE90032CDE90201CB48DC
:100490000023FF21027804A8FFF756FE002802DDA2
:1004A000C7490120087037B0F0BD3B463246C5A1B0
:1004B00004A829F0A7FED7E710B5B6B00446C821B6
:1004C00004A828F094FB012C2ED0022C2ED0032C53
:1004D0002ED0042C2ED0052C2ED0072C22D1C5A135
:1004E00004A829F08FFE04A828F09EFB00213A28DA
:1004F00001D98DF84A10AF4AAF4BAD4892F90020B0
:1005000093F90030CDE90032CDE90201AB48002378
:10051000FF21027804A8FFF717FE002802DDA84992
:100520000120087036B010BDB8A1D9E7C0A1D7E747
:10053000C5A1D5E7CAA1D3E7D04903200870D049A7
:1005400081F8C200CFA1CBE730B593B00D46044689
:100550003C2104A828F04BFB34B1012C07D0022C1D
:1005600008D0032C09D00DE02A46CBA107E02A468B
:10057000D0A104E02A46D6A101E02A46DCA104A8C5
:1005800029F040FE04A828F04FFB00213A2801D9A9
:100590008DF84A10874A884B854892F9002093F9D4
:1005A0000030CDE90032CDE9020184480023FF216B
:1005B000027804A8FFF7C8FD002802DD8049012069
:1005C000087013B030BD2DE9F041D34C16460F46EC
:1005D00080460025E07958B394F85800B04227D1FE
:1005E00094F85700B84223D1207A08BB41462046F0
:1005F00000F0B7F8E0B1012004F8080F002084F8FB
:10060000560084F8570084F8580084F8590084F89C
:100610005A00617829B9C14A11784B1E137000D273
:100620001070BF48017841F002010170BDE8F0810F
:100630006D1C2DB26634102DCCDBF7E770472DE929
:10064000F04F5E4A83460024B348DFF8D09292F818
:10065000008025464FF0010A2646C279EAB390F899
:100660006320D2BB022380F863305A4600230AE09D
:10067000D7792FB190F8657092F865C0674504D0BE
:100680005B1C1BB266328B42F2DB8B424BDA937AF5
:100690003BB3027A4AB9427A3AB999F80020531E1C
:1006A00089F8003001D289F80060C67180F8636073
:1006B0000672467280F80AA080F8646090F85820AC
:1006C000424509D180F85E6080F85F6080F8606024
:1006D00080F8616080F8626000E026E044F0020487
:1006E00023E0527AFAB1427AEAB9027A3AB999F831
:1006F0000020531E89F8003001D289F8006080F88C
:1007000009A080F8646090F85820424509D180F82B
:100710005E6080F85F6080F8606080F8616080F8FB
:10072000626044F0010480F863606D1C2DB2663095
:10073000102D92DB002C0AD07949A20791F9000014
:1007400040F00100087002D540F00200087013E587
:10075000704710B528F068FA80B23A2800D93A20DC
:1007600010BD70B504460D460846FFF7F2FF02467D
:1007700094F91200904205D1294604F1130028F0A3
:1007800064FA08B1002070BD012070BD4944203AD0
:10079000257520534E3A20256C75206861732063BF
:1007A0006F6E6C69667420534E3A20256C7500009C
:1007B000DA200020D9200020D0000060BB000060BB
:1007C000D82000204944203A257520534E3A202550
:1007D0006C752068617320636F6E6C696674207736
:1007E00069746820543320636F6E74726F6C6C652B
:1007F0007200000043414E204E4F5420434F4E4E56
:1008000045435420534E5450000000004C6F737405
:1008100020636F6D6D756E696361746F6E207769AB
:10082000746820746F7020626F6172640000000051
:100830005245414420414F20466565646261636BC7
:10084000204641494C000000557064617465207475
:10085000696D6520736572766572206661696C00EA
:100860004C6F736520636F6D6D756E69636174693C
:100870006F6E20776974682070696300942200208D
:100880007A0D026053442043415244204953204191
:10089000424E4F524D414C00505247202564206536
:1008A00072726F72203A2064656164206379636CB0
:1008B00065310000505247202564206572726F72C6
:1008C000203A2064656164206379636C65320000BE
:1008D000505247202564206572726F72203A20744E
:1008E000616B6573206C6F6E672074696D650000C5
:1008F000505247202564206572726F72203A206939
:100900006E6465786573206E65737420746F6F20F4
:100910006465657000000000E61002609020002011
:10092000C72000202DE9F05FC0EBC003FB490A227D
:1009300001EB8304FA4900EB0010A2754518E07C36
:10094000012827D0E11C204603F04CFF04F10E01E2
:10095000C81E03F047FFE07D4FF6FF7101EA00205B
:10096000217E0026084487B2B246D4F8030024F062
:1009700085FDDFF8B083C8F80C00D4F80E0024F031
:100980007DFDC8F81000D8F80CC0ACEB0002287C44
:1009900020B108E000202874BDE8F09F2A60C5F867
:1009A0000CC001202874DFF880B3002137B1642027
:1009B000504390FBF7F1594500DD5946207D00B9C1
:1009C00049422868A37D10445B0858436B6818446B
:1009D000002B04DBB0F5000F06DBD44804E010F573
:1009E000000F01DCD14840426860637E8BB194F80F
:1009F0001480B8F1000F02D003FB00F601E003FB06
:100A00001066607D08B13C2001E04FF4616096FB08
:100A1000F0F6E07EB0F100091ED0EFB1E8684FF0CB
:100A20006408ACEB000000FB08F090FBF7F05845C1
:100A300001DD584604E0BC4F7F42B84200DA384638
:100A4000277D002F4F4600D17F424743A07DC0EB5A
:100A50000010800097FBF0FA64279AFBF7F0084437
:100A6000A17E08445946884201DD584602E000282C
:100A700000DA00203BB13044884201DD084602E044
:100A8000002800DA00202A60C5F80CC024F0F6FC2B
:100A9000C4F8070080E72DE9F84FA54C0026DFF8E1
:100AA0009492DFF894A2B04699F804004F46401E95
:100AB00045B2002D00DA0625E07FE8BB94F8280057
:100AC00078B1694604F1270003F08CFE00980028F5
:100AD00001D04FF0010084F8210004D04FF0080548
:100AE00001E084F8218094F8250078B1694604F18A
:100AF000240003F077FE0098002801D04FF0010099
:100B000084F8200004D04FF0070501E084F820802D
:100B10008A4806EBC60200EB021000EB0511BB7819
:100B20007F780AEBC2024FF0070002EBC50201F129
:100B30000E01155CFF2D00E011E006D04D78AB42B0
:100B40000BD802D10D78AF4207D2401E891E40B2A9
:100B50000028EEDA115CFF2908D0105CA077761C23
:100B600076B22A34082E9FDBBDE8F88F84F81E8009
:100B7000F5E7F0B56F4A00217148B2F80730714EC1
:100B80005B1E43F3C70203F00703012505FA03F4D4
:100B900063B20F46C47F5CB9C1EBC10404EB01141E
:100BA00006EB4404A45C1C4201D0857700E0877703
:100BB000491C49B221300429ECDBF0BD10B50020FE
:100BC000614B0146C0EBC00202EB001203EB420294
:100BD000401CC0B282F829101028F3D35B4890F86B
:100BE000090102281ED05A4C0020C0EBC00101EBC5
:100BF000810114F81120002A14D0012A0ED104EB2F
:100C000041014979102909D2C1EBC10202EB01115E
:100C100003EB410111F8292F521C0A70401CC0B28D
:100C2000F028E2D310BD3F4A10B5D188642911D312
:100C30000023D3801179B1FBF0F400FB1410491CA0
:100C40001171002808D1137102F0FBFCBDE81040BF
:100C500002F05CBE491CD18010BD32490020886082
:100C6000704770B50A460446C0EB0410394900EBE2
:100C700040000844384D90F92800092821D2DFE8C7
:100C800000F02005070C07070C070E00334900E0B1
:100C90003349104628F0ADF90BE03249F9E703215A
:100CA000104628F0E4F9294628F0A3F92E4928F047
:100CB00016F928F0B5FB81B22046BDE8704007F078
:100CC00014BE2946E5E72DE9F0470A4605462748C0
:100CD0002749284B0078097844182749AC4201EB92
:100CE000851602D8F361BDE8F087C5EB051101EB6D
:100CF00041041849214F0C44DFF8848094F82210F5
:100D0000DFF854904FF47A7A39B1064B002199609C
:100D100094F82330B3B3B2B399E035E03E310260CA
:100D20004C2D002080000060A0860100FFFF7F00A6
:100D30007884026038230020488A0260C8850260F7
:100D4000888C02600C8D0260F83F02607A0D0260B0
:100D5000D842026034C3046000007A44000020419D
:100D60000000C8420000A04100004843B9000060F4
:100D7000C620002000007F4374B50260261902607F
:100D80007A06026039E058E0F36194F8230098BBDA
:100D900028461FF040FC4FF47A7148433FE0A0F131
:100DA000170107290AD800EBC00101EB00103844F5
:100DB000A0F5805090F8C10D012804D028461FF0FE
:100DC0002AFCB8BB04E028461FF025FC90B30020A5
:100DD00084F8250010F0FF0F01D0514600E00021FB
:100DE0002846BDE8F04707F080BDD4F81E0024F087
:100DF00045FB28F8150076E729E032B994F825205C
:100E0000012A01D14FF07E51F1618542C0D32846BD
:100E10001DF0D5FE494628F0BAF828F0E8FA24F08B
:100E20002DFBC4F81E0094F92800A0F10C010A293A
:100E3000C9D9B4E7FFE70120CAE7D4F81E0024F0BF
:100E40001DFB28F0A8FA494628F0D3F8F06107F016
:100E500030FEA842C9D928461DF0B1FE494628F007
:100E600096F828F0C4FA24F009FBC4F81E0024F018
:100E700005FB28F090FA01462846BDE8F047F0E669
:100E800008B5FBF7A3FCDFF804840126009088F87E
:100E900045600024FE4FFF487C703C70BC70FC70C5
:100EA00090F80901022801D0FFF788FE0025E8B27A
:100EB0000021FFF708FF6D1CADB2BA46BC60402DA3
:100EC000F5D3F549C62015F0DFFFF34D2878401C17
:100ED000C1B22970C62015F0E6FF2878052810D980
:100EE000EE49002000EB800202EB40120A44401C55
:100EF00080B282F820401028F4D30021C62015F0DB
:100F0000D2FFE74901200870E64905200870FDF787
:100F10004DFBE54D4FF01B0B4FF4FA716846FBF7A4
:100F200087FAE24E96F823000B2813D00E2814D02F
:100F300085F8F94124F07EFC022014F049FA0028DB
:100F400096F8230012D00B280AD00E280BD085F873
:100F5000F9B111E085F8B142ECE785F86943E9E7BA
:100F600085F8B1B208E085F869B305E00B280BD02D
:100F70000E280CD085F8F9410220FFF754FE96F8B0
:100F80002300082806D008E085F8B142F4E785F888
:100F90006943F1E70220FFF746FEC54909200870C2
:100FA000BA48418A491C418207F0B3FEC148006833
:100FB0003C2807D9B848017821B104700021C62027
:100FC00015F071FF04F00EFB012812D1002606EB8C
:100FD000860000EB4611B1480F18F88B18B197F84E
:100FE000200001280CD087F82240761CB6B2102EC3
:100FF000EDD324F091FEB048002290F800804CE040
:10100000DFF8B89206EB4600AD49C0EBC61001EB25
:10101000001199F8008030B201F00BFF99F8000040
:10102000A0EB0800401C87F82200DEE7A54802EB91
:10103000420100EB8101A44B887803EBD00300F060
:1010400007061B780120B040034201D0002600E0D3
:1010500001260020CF79DFF874C20AE0CB78034480
:10106000C3EB031303EB43036344401C83F8276083
:1010700080B28742F2D800200F7A0AE00B7903444D
:10108000C3EB031303EB43036344401C83F8276063
:1010900080B28742F2D8521C92B24245C6D39AF827
:1010A00000005746401CC0B28AF80000142815D32F
:1010B000DFF81C820026C6EBC60108EB81008078B1
:1010C00010B130B2FFF72EFC761CB6B2102EF2D360
:1010D0003C70002007F064FD07F0A5FDB8780528F6
:1010E00002D2401CB87004E0BC70FFF7D4FCFFF7DC
:1010F00040FD7848017801B104707748774A01686B
:101100001160774904604FF080500860BFF34F8F43
:10111000BFF36F8F00E72DE9F0470646C0EB0610DE
:1011200000EB40016948724F0C186F4894F9241085
:1011300000EB8615DFF858816A4BDFF8B0A13878EC
:101140004FF07E5C4FF47A79002249B102296BD0CE
:10115000012973D16748A8613046BDE8F047B2E580
:10116000C8F8082094F82310D1B1AA6184F825208A
:10117000864264D230461FF04EFA4FF47A714843EB
:1011800024F07CF9C4F81E0030461FF044FA00EB4E
:101190004001C1EBC0104FF6FF7101EAC0013EE013
:1011A00094F92810A1F10C08B8F10A0F11D9A1F196
:1011B0001708B8F1070F0AD801EBC10808EB0111B5
:1011C0001944A1F5805191F8C11D012901D0AA61EE
:1011D00056E0C5F818C091E01FF01DFA03E01DF0BD
:1011E000EEFC00F0FF4008B1002003E0012001E028
:1011F0000028FBD184F825003878864230467BD21F
:101200001FF009FA4FF47A71484324F037F9C4F813
:101210001E0094F8250008B1494600E00021304640
:10122000BDE8F04707F061BBC8F8082094F8231028
:1012300069B194F92800092872D201E095E074E0C0
:10124000DFE800F08A6F718871718871710094F91C
:101250002810A1F10C08B8F10A0F4ED9A1F1170816
:10126000B8F1070F0AD801EBC10808EB01111944C6
:10127000A1F5805191F8C11D01293ED0C5F818C0D3
:10128000864230463FD21FF0C6F9B1E79C95036015
:10129000800000607A0D0260862100206E1B0260D3
:1012A000A2000060A3000060365300209C3A00209A
:1012B0009121002058210020F82000201C0000600F
:1012C000A67C016068780360C493036034C3046043
:1012D0003E31026064200020782000207020002031
:1012E00004ED00E02619026074B5026000007A4443
:1012F000B900006000007F430AE0AA6186423046E0
:10130000BFF46DAF68E71DF05AFC00F0FF406FE7D7
:101310001DF055FC514627F03AFE28F068F874E7B6
:101320001AE06A4800E06A48A86130461DF047FCB0
:10133000514627F02CFE28F05AF824F09FF8C4F804
:101340001E0024F09BF828F026F801463046BDE840
:10135000F04786E45F48E7E7D4F81E0024F08EF8F3
:1013600090FBF9F028F017F8DEE7BCE470B504460E
:1013700059485A49007809780144A14205D8594989
:10138000574801EB8411C86160E0C4EB041101EB24
:1013900041025549554E551895F82310D1B1844254
:1013A00034D220461FF037F94FF47A71484324F0C5
:1013B00065F8C5F81E0020461FF02DF900EB40012E
:1013C000C1EBC0104FF6FF7101EAC001204607F0E3
:1013D0008CFA3BE08442204605D21FF01CF94FF402
:1013E0007A71484306E01DF0EAFB314627F0CFFD55
:1013F00027F0FDFF24F042F8C5F81E0095F82500FF
:1014000010B14FF47A71E1E70021DFE707F051FBFB
:10141000A04214D920461DF0D2FB314627F0B7FD7B
:1014200027F0E5FF24F02AF8C5F81E0024F026F87E
:1014300027F0B1FF01462046FFF713FC06E0D5F880
:101440001E0024F01BF82A4921F81400BDE8704062
:1014500008F0BFBB30B5274B224D214C002005EBD7
:1014600080114A6AA24205D01A5C12B1521E1A5467
:1014700000E04C62401CC0B24028F0D330BD70B5D3
:101480001D4890F85A1000291ED01C4AC1EB0111CA
:101490009068431C9360B0EB810F15D90020104D6C
:1014A000104E04469060002106EB841040F8215055
:1014B000491CC9B21029F9D300212046FFF703FCCB
:1014C000641CE4B2402CEED370BD0000000020414B
:1014D0000000C8420000A041B9000060C620002002
:1014E00000007F4374B5026034C3046000007A4496
:1014F0007A0602605C2E00209C3A0020800000608A
:1015000010B50146F7A0F6F76EFEF749002230B994
:10151000C888401C80B2C880B0F5FA6F02D9CA8072
:10152000012010BD002010BD30B5C5B2C0F30724A6
:10153000C0F30743000E012A0AD0022A0DD0032A65
:1015400010D0042A03D1C8708B704C700D7030BD60
:1015500008704B708C70CD7030BD8870CB700C7083
:101560004D7030BD48700B70CC708D7030BD70B553
:10157000CEB2C1F30725C1F307440023090E042AA4
:1015800006D0032A0DD0022A14D0012A1BD022E053
:1015900066F3070365F30F2364F3174361F31F63D7
:1015A00019E064F3070361F30F2366F3174365F350
:1015B0001F6310E065F3070366F30F2361F317431E
:1015C00064F31F6307E061F3070364F30F2365F31C
:1015D000174366F31F634FF6FF7101EA0321C3F35C
:1015E00007221143C3F3074242EA01211A0E42EADD
:1015F0000121016070BD008840BA7047827801887F
:10160000C07862F31F4141EA00607047B749B84AA9
:101610000868904201D800207047001F08600068E9
:10162000704770B5B34A0546106810F8024B106059
:10163000084600F0B5FE4FF47A7190FBF1F0102CE3
:1016400011D200280FDB04EB4401AB4A01EBC401CB
:101650001144B1F80910814205DDA84951F8241060
:1016600051F82000286070BD0278B0F90130832A5B
:101670000AD0842A08D0852A08D0862A03D1C856E1
:101680004FF47A7148437047C8587047C85EF7E70F
:101690002DE9F0419A4D974C00272F6022680646AD
:1016A0001378A3F18200042808D8D21C226006B166
:1016B00037602068BDE8F041C01ED5E78D4800685E
:1016C000401C9C2B06D09E2B12D09D2B2FD000208F
:1016D000BDE8F081927820600C2A05D0884903F09B
:1016E00081F82068801C0EE08548FFF79AFF0BE028
:1016F00092780C2A0AD000231A468149206003F010
:101700007CFE2068401D20602868E1E70646401DF9
:101710002060084600F044FE4FF47A7190FBF1F02F
:1017200000231A467649304603F067FEECE7521D67
:10173000226006B13760206850F8040CC8E76B4A95
:101740006B4B11685033994201D201C1116070474F
:101750002DE9F14F67486B4C6B4D0068DFF8A0A195
:10176000DFF8A8B100789EB082384FF47A761C2852
:1017700079D800201E99FFF78BFF9CE2396811F899
:10178000010B396057286FD044DC3B286DD021DC39
:1017900031286BD014DC062869D008DC022867D019
:1017A00003286FD004286ED0052808D1FDE3072850
:1017B0006AD0082856D0292855D02C28FCD02FE1F3
:1017C00032380928FBD2DFE800F0F9F8F7F6F5F433
:1017D000F3F2F1003C381B28F1D2DFE810F0C80228
:1017E000DE02A4024400D304D3048C0521012101AC
:1017F00068023903EC0221012101210168024A0536
:101800004B02570221014400A70536054705210177
:1018100021012B047A287BD016DCA0F15800222865
:10182000CDD2DFE800F0FEFDFDFDFDFDFDFDFCFB82
:10183000FDFDFD7DFAA8CC76FD3D4EF9F8FDFDF7E6
:10184000F6F5F4F3F2FDFDF1C7287DD01DDCC228CA
:10185000A5D00EDC7B2878D0A42877D0A528FCD092
:10186000C128ACD15BE15DE2F8E3F8E3F8E3F8E32B
:10187000F8E3C32895D0C42895D0C52896D0C628AB
:101880009DD1EEE3EFE3EFE3EFE3C8380B2896D208
:10189000DFE800F0F2F1F0EFEEC6EDECC6EBEA00A7
:1018A000FFF7B4FE2060FFF7B1FE2860206823F048
:1018B000E5FD2060286823F0E1FD286021680844E8
:1018C000E4E2FFF7A3FE2060FFF7A0FE2860206897
:1018D00023F0D4FD2060286823F0D0FD2860216823
:1018E000401AD3E201FFFE0064200020C82000203F
:1018F000402F0020BC00006074C60260A416036084
:10190000D0200020C8000060D42000203823002010
:1019100007E1FFF77BFE206023F0B0FD2060A7E128
:10192000FFF774FE2860FFF771FE206023F0A6FD2C
:101930002060286823F0A2FD286090FBF6F003B237
:101940002068012B024602E0FBE376E0E8E1B7DD28
:1019500000215B1E0CE090FBF6F706FB17075743D0
:1019600097FBF6F790FBF6F000FB0270491C09B2FA
:101970009942F0DB8AE2FFF749FE2860FFF746FE56
:10198000206023F07BFD2060286823F077FD01466E
:101990002860206890FBF6F206FB12024A4392FB95
:1019A000F6F290FBF6F000FB01206FE2CAE3A3E140
:1019B0001DE3FBE2ACE1FDE3FDE34BE250E1FFF7A9
:1019C00025FE2860FFF722FE206023F057FD2060EF
:1019D000286823F053FD2860071E7AD0384627F088
:1019E000DAFC8046206890FBF7F1814607FB110086
:1019F00027F0D1FC414627F0FCFAFB4927F0C7FA53
:101A0000804699FBF7F00DE0A0E0B7E062E073E0FC
:101A10004AE014E102E1BDE0DEE02EE0EDE0CAE0E4
:101A2000F4E367E34FF47A71484327F0B4FC41468E
:101A300027F055FA27F0DBFC28E2FFF7E7FD2860E6
:101A4000FFF7E4FD206023F019FD2060286823F0F3
:101A500015FD2860E8B3216891FBF0F023F00EFD3E
:101A60004FF47A71484326E136E125E15EE20EE269
:101A7000F4E3F4E3F4E3F4E3F4E3FFF7C7FD2860F1
:101A8000FFF7C4FD206023F0F9FC2060286823F0F4
:101A9000F5FC2860E8B1216891FBF0F200FB121020
:101AA00090FBF6F0206048E3FFF7B0FD2860FFF7F9
:101AB000ADFD206023F0E2FC2060286823F0DEFC0E
:101AC00090FBF6F02860216891FBF6F14840216018
:101AD00033E324E0FFF79AFD2060FFF797FD2860CD
:101AE000206823F0CBFC2060286823F0C7FC286026
:101AF0002168014313D1BFE3FFF788FD2060FFF7A2
:101B000085FD2860206823F0B9FC2060286823F058
:101B1000B5FC286021680029EDD00028EBD03046C4
:101B2000AFE3FFF773FD2060FFF770FD28602068CA
:101B300023F0A4FC90FBF6F02060286823F09EFCC4
:101B400090FBF6F028602168014313E0FFF75EFD8B
:101B50002060FFF75BFD2860206823F08FFC90FB7E
:101B6000F6F02060286823F089FC90FBF6F02860EE
:101B7000216801404FF47A70484382E3FFF746FD45
:101B8000206023F07BFC206010B10020206078E30F
:101B90000120FBE7FFF73AFD2860FFF737FD2060E3
:101BA00023F06CFC2060286823F068FC2860216822
:101BB00081427CDC60E3FFF729FD2860FFF726FD0A
:101BC000206023F05BFC2060286823F057FC28602D
:101BD000216881426BDA4FE3FFF718FD2860FFF7B9
:101BE00015FD206023F04AFC2060286823F046FCA5
:101BF0002860216881425ADB3EE3FFF707FD286039
:101C0000FFF704FD206023F039FC2060286823F0F2
:101C100035FC28602168814249DD2DE3FFF7F6FCA1
:101C20002860FFF7F3FC206023F028FC2060286880
:101C300023F024FC28602168814238D01CE3FFF7A0
:101C4000E5FC2860FFF7E2FC206023F017FC206031
:101C5000286823F013FC28602168814227D10BE318
:101C6000FFF7D4FC206023F009FC2060002884DA10
:101C7000404206E3FFF7CAFC206027F09AFB0022EF
:101C80005A4B27F019FB29F037FC0AE0FFF7BEFC9E
:101C9000206027F08EFB0022544B27F00DFB29F02B
:101CA000C1FA27F01CFC504927F071F900E0E7E287
:101CB00027F09DFB206046E3FFF7A8FC206027F09B
:101CC00078FB4B4A4B4B27F085FA00224A4B27F012
:101CD000F3FA2AF0E1FAE4E7FFF798FC206027F036
:101CE00068FB434A434B27F075FA0022424B27F02A
:101CF000E3FA29F049FAD4E7FFF788FC206027F0DF
:101D000058FB0022394B27F0D7FA2AF015FBC8E719
:101D1000FFF77CFC90FBF6F04FF47A714843C9E77B
:101D2000FFF774FC20E33548027872B90968C0688F
:101D3000A1EB000CBCF1000F03DDFFF767FC0020F6
:101D40000FE02F496044884205D1FFF75FFC23F084
:101D500095FB8446F3E7FFF759FC23F08FFB84469D
:101D60000120FFF7ECFC386840F804CBFBE2B1F946
:101D7000000023F084FB23490968084422490860D5
:101D800010F8011C19B1006823F078FB00E0002076
:101D9000FFF7D5FC3868801CE5E2B1F9000023F0BC
:101DA0006EFB1849096808441749086010F8011CBF
:101DB0000029ECD1E7E7FFF729FC90FBF6F0134987
:101DC00000B2097888420DD0C117114A00EB517159
:101DD00002EBE10221F00701431A12780121994038
:101DE0000A4217D00120AEE200007A4400408F4042
:101DF0006E861BF0F921094000F90541642000209E
:101E0000EB32A4F8C0000060CC000060BB000060B2
:101E1000C4930360DFF8FC830027FD4B98F8002093
:101E200010E04FF02B0C07FB0C3191F804C08445F7
:101E300002D0497A814203D10120FFF780FC03E000
:101E40007F1C3FB29742ECDB98F80000874277D1C5
:101E5000002078E211F8018B396000210F46D1464D
:101E6000CAF800100CE0FFF7D1FB206023F006FB5E
:101E70002060D9F800207F1C10443FB2C9F8000050
:101E80004745F0DBD9F8001091FBF8F0F9E10B7849
:101E9000481C3860D81E172852D24FF0000C0EAFE5
:101EA0000EE0FFF7B3FB90FBF6F0A3EB0C0107EBA2
:101EB000410120600CF1010C21F8020C0FFA8CFC9E
:101EC0009C45EEDBD44803220DF1040C00788DF81C
:101ED0006E00BDF838008DF86F00BDF83A008DF83F
:101EE0006C00010A02EB41118DF86D10802101EBAD
:101EF000D0209B1E8DF8700003F0FF0800210BE03E
:101F000007EB410082880CEB41004FEA12290CF8E4
:101F10001190491C427009B29942F1DB012003463D
:101F200000904FEA480261461BA83AE00B78481C33
:101F30003860D81E1728AFD24FF0000C01AF0FE069
:101F400003E2FFF763FB90FBF6F0A3EB0C0107EB5A
:101F5000410120600CF1010C21F8020C0FFA8CFCFD
:101F60009C45EEDBAC4818229B1E00788DF83A00A9
:101F7000BDF804008DF83B00BDF806008DF8380070
:101F8000010A02EB41118DF83910802101EBD020BC
:101F90008DF83C0018060121C20D0B460091391D39
:101FA0000EA802F0E5FF3046CDE176E111F8018B95
:101FB0003960FFF72BFB23F061FA0027A8F1010835
:101FC000D146CAF800000FE0FFF720FB206023F0A5
:101FD00055FA924920600860D9F80020904201DD4E
:101FE000C9F800007F1C3FB24745EDDB1FE011F848
:101FF000018B3960FFF70AFB23F040FA0027A8F1B4
:102000000108D146CAF800000FE0FFF7FFFA206090
:1020100023F034FA814920600860D9F8002090420A
:1020200001DAC9F800007F1C3FB24745EDDBD9F863
:10203000000026E1FFF7EAFA23F020FA90FBF6F021
:1020400007B2FFF7E3FA23F019FA90FBF6F001B2BA
:102050004FF47A60874209DD07460AE01EE034E16A
:1020600074E11DE110E112E114E105E1002F00DA55
:1020700000274A1E38460F2A5FD8C1EBC1026849C3
:1020800001EB820111F8092C9ABBC21700EB126216
:1020900001F8040C120A01F8052C4EE0FFF7B6FA1D
:1020A00023F0ECF90A2190FBF1F05746CAF8000042
:1020B000FFF7ACFA23F0E2F990FBF6F0396800B2D2
:1020C000002901DA002102E0C82901DDC8213960B8
:1020D000421E0F2A09D8C0EBC002514800EB820013
:1020E00010F8092C0AB900F8011C01EB810040002E
:1020F000C7E022E0FFF78AFA23F0C0F990FBF6F080
:1021000007B2FFF783FA23F0B9F990FBF6F001B2BA
:10211000FF2F01DDFF2702E0002F00DA00274A1E13
:1021200038460F2A09D8C1EBC1023D4901EB8201B3
:1021300011F8092C0AB901F8030C4FF47A714843DD
:102140009FE0B0E0FFF762FA90FBF6F02060FFF747
:102150005DFA90FBF6F028602168012901DA01217F
:1021600002E0052901DD0521216021781331CAB281
:1021700001B2104623F0A2FA2A4926F008FF27F000
:1021800036F9E0E0FFF742FA206023F077F92060AB
:10219000FFF73CFA286023F071F9024628602068B6
:1021A00090FBF6F0401E01B29BF80400401E00D5E3
:1021B000062001E04CE056E03B6813F8013C402B60
:1021C00041D0012303EB410109B2B242FFF640AE18
:1021D0000929BFF43DAE00287FF73AAE92FBF6F333
:1021E000114F03EBC30392FBF6F207EB031303EB70
:1021F000001303EB41034FF4616C13F88F3C02EBC7
:10220000C20203FB0CF307EB02120FE0BBE000007D
:10221000480403609A20002093200020C40000603E
:102220003E31026000401C46C885026002EB00108F
:1022300000EB410010F8900CC0EB001003EB8000A5
:10224000CAF8000079E74900BEE79BF8030001E007
:102250009BF804004FF47A71484349E032E02EE0E5
:102260002AE026E022E0BBF80700F3E79BF8050030
:10227000F0E7F948417809B1002002E001214170FE
:10228000012023F0FBF85EE04FF4FA60F9E740F636
:10229000B830F6E74FF47A60F3E741F28830F0E7C0
:1022A00041F27070EDE741F65830EAE74FF4FA502A
:1022B000E7E742F22830E4E742F21070E1E742F645
:1022C000F820DEE742F6E060DBE79BF80210E34A25
:1022D00040F2537351439BF801209BF800005A438E
:1022E00001EB421100EB4002C2EBC01001EBC00059
:1022F000CAF80000C5E7DA4A002000EB001101EB44
:10230000410102EB4101CB79012B01D1497A21B185
:10231000401CC0B21028F0D39AE5012023F0AEF89B
:10232000FFF70DFA1FB00120BDE8F08FFFF76EF93F
:1023300090FBF6F0FFF76AF990FBF6F0FFF766F90D
:1023400090FBF6F0C748FFF7FAF90DE008788238FD
:102350000A2806D8B1F901004FF47A714843FFF713
:10236000EEF93868C01C3860BF4F386890F900003B
:10237000FFF7C6F800283FF401AA3946086802783A
:10238000FF2A04D005E0491E3960FFF7F2B9401C6E
:102390000860FFF73BF91FB0BDE8F04F23F06EB8BF
:1023A00010B5AD4CA178082906D3E07800280AD0F2
:1023B0000121AE4827F0C7F8491CA170FFF7C8F902
:1023C000A178491EA17010BD10B5B0F90130B3F568
:1023D000FA7F0DD8007883280BD0842809D04FF4D9
:1023E0007A74852807D0862802D191FBF4F0D05466
:1023F00010BDD15010BD91FBF4F0D05210BD9C4ADD
:102400009C4B1168994202D20B1D13600860704703
:102410009749984A0868503A904201D8002070477E
:10242000001F086000687047F0B5B0F90170059DA5
:10243000EE1936F904CCBCF1000F03D0002A07DDF9
:10244000944505DB002B03DD36F902CC9C4501DA0F
:102450000120F0BD0078882806D0892804D08A2879
:1024600004D08B2805D103E0042402E0022400E01C
:10247000012436F8026C521E02FB0632521E02FB89
:10248000047212B2882808D0892806D04FF47A73D3
:102490008A2804D08B2809D105E0A95006E091FBD9
:1024A000F3F0A85202E091FBF3F0A8540020F0BD35
:1024B0002DE9F04F824670486B4D8FB000270770B2
:1024C000894601F5FA6B29606A49694A50393E46E6
:1024D0001160B9F8000000B222F0D1FF84B20028E8
:1024E0007ED029680844401D2860008800B222F090
:1024F000C6FF29681FFA80F88A1C0144891C0492CF
:102500002960088800B222F0BAFF2968891C0A18DD
:1025100029600092594A116004EB080101440AEB5A
:102520008A0202EB4A10564A4B4C10444FF4FA68A8
:10253000C183278119E00498FFF70AF95149524BEA
:10254000086029680A46491C1960002810780A4664
:10255000296021D0E0B1207800B10F600868E268FE
:10256000104408602868001D28602968009881428E
:1025700004D22089411C21814045DCD336480189A1
:102580000AF101000B9041450DD3C1B20020EBE3ED
:10259000012002F8010C03E00028DCD002F8017CE5
:1025A00018680760DEE7C5F80090B9F800004C46EF
:1025B00000B222F064FF0A902968A41C891C0A1842
:1025C00029605078927800EB022CC44543D801EB87
:1025D0000221084420492860B8460F812B4800E0BA
:1025E0003DE100680C900AF101000FFA80FAA7E3C0
:1025F00026480C990068401AB0F5FA7FE6D8ADF885
:102600000080286847461EB10078012821D004E0E8
:10261000017801297BD1C01C2860296811F8010BC1
:102620002960262861D033DCA0F108001E28DED204
:10263000DFE800F05B5BFDFCFDFBFAFDF9F8F7F667
:10264000F5F4FDF3FDFD4DFD5B5BF2FDFDF1FDFDE0
:10265000FD5B002678E389E36420002080EE3600ED
:10266000E610026018FCFFFFBC000060A02E0020F6
:10267000C8200020902F0020D8200020C00000603B
:102680006E1B0260CC200020CC0000601C000060AB
:102690005928ACD014DC2D2827D008DCA0F1280064
:1026A0000528A4D2DFE800F0C321BCF121002E28C8
:1026B0001BD040287DD041287CD0432897D1EFE122
:1026C0008A2804D008DCA0F1830004288FD8286869
:1026D00010F8011B084432E3B4286CD0B5286BD045
:1026E000B6286AD0B728E9D18DE32968002711F808
:1026F000010C09280CD008280AD0012201920A787E
:10270000A2F182030A2B05D8012789460CE023E1B8
:102710000022F3E79C2A02D09E2A07D00FE0B1F8EE
:1027200001209C27ADF83420C91C07E051F8012F87
:1027300008920A799E278DF82420491D29601C28BB
:1027400003D02D2801D0252802D14FF47A710591AC
:102750001D2803D02E2801D0262801D1CDF81480C1
:10276000092808D0292810D02C2827D0082840D0A4
:10277000012F5DD04AE00498FEF7EAFF0590012F93
:1027800044D101464846049A55E001200790049838
:10279000FEF7DEFF06900498FEF7DAFF014605908B
:1027A00006984FF47A7290FBF2F304980090079A1F
:1027B0001BE059E09CE0EAE2FDE20FE30498FEF73B
:1027C000C7FF07900498FEF7C3FF06900498FEF732
:1027D000BFFF0146059006984FF47A7290FBF2F322
:1027E000079890FBF2F2049800904846FFF71CFE11
:1027F0000CE00498FEF7ACFF4FF47A7190FBF1F017
:1028000040B201900498FEF7A3FF05909C2F15D0CD
:102810009E2F0CD119E022E166E21FE021E047E0A3
:1028200064E028E20DE255E2F7E1BCE1A0E11EE23E
:10283000DDE904214846FFF7C7FD81E2002305A931
:102840000DA8019A02F000F97AE20023CDF8008089
:1028500005A908A8019A02F08BFB71E201200FB0D4
:1028600062E5FFF7D5FD6AE20498FEF771FF07B253
:10287000012F03DB28684078B84207DA286801781E
:1028800001297DD0401C2860F9E71EE02868017806
:10289000142905D1417800EB4100801CFFF7AFFD02
:1028A000286800EB4700008800B222F0E8FDB2E1A2
:1028B0002F6837F8020B00B222F0E1FD2044801EA1
:1028C00028603846FFF79BFD3AE2F94F387850B15F
:1028D0002868008800B222F0D2FD2044801E2860C3
:1028E00087F800802CE22868801C28E22868DAE754
:1028F0001E226D21286826F09EF95FEA000901D0AA
:102900006D2708E01E226E21286826F094F95FEA00
:10291000000921D06E27FF2089F80000E548C0F8A3
:10292000109007710498FEF713FF07900498FEF7C4
:102930000FFF06900498FEF70BFF0590286810F82B
:10294000011B00910144491C2860594505D9D9490A
:1029500089F80070C1F81080B8E0009900F095FA8D
:1029600029680098084410F8011B286099B36D2F5E
:1029700020D1DDE905210A4407998A4204DA00E002
:10298000CFE100F8018C15E0CC4A012100F8011CD0
:1029900092F90030CA4AC848514692F90020CDF851
:1029A0000C800092CDE90130C64800230278C64869
:1029B000FDF7CAFB6E2F4CD1DDE90510411A0798CF
:1029C000814203DD296801F8018C42E02968012079
:1029D00001F8010C2AE0FFE76D2F1BD1DDE906129B
:1029E0008A4217DA012100F8011CB148B34A01708C
:1029F00092F90030B24AB049B24892F90020CDF8BD
:102A00000C800092CDE90131027800235146AE4896
:102A1000FDF79AFB6E2F1CD1DDE90601814218DD1E
:102A20002968012001F8010CA1490870A34AA249B4
:102A3000A44892F90030A24A92F90020CDF80C8007
:102A40000092CDE901310278002351469E48FDF7FE
:102A50007BFB984889F80070C0F8108070E1286806
:102A60000178FF2905D0954F934A87F800802868A0
:102A70000DE0934940220A7010E097F900100529F3
:102A800003DA03785354491C3970401C28605845B8
:102A900002D201780029F0D1584517D2401C4EE1EE
:102AA000834981F800800498FEF752FE8749086048
:102AB00028680068059022F0E1FC059028680779F5
:102AC000401DC1190A1D28605A4502D94FF0FF3038
:102AD000C5E67E4A12687AB3394600F0D6F928680E
:102AE0007449384428600A780AB1059A026000687F
:102AF000002807DDC968401A22F0C0FC29680028B8
:102B0000086018DC6D4A6C48514692F900306C4AF6
:102B100092F90020CDF80C800092CDE9013069488F
:102B2000002302786848FDF70FFB10F0FF0F02D07A
:102B30005F480121017079E1FFE7096800290DDC98
:102B4000394600F0A2F95F48514602785E48FDF729
:102B50003AFD5F48017841F001010170286838446E
:102B60002860059822F08AFC0590296808605DE1DC
:102B700028688146C01C28600498FEF7E9FD0746D6
:102B80000498FEF7E5FD06900498FEF7E1FD06982F
:102B9000B84205DB39464846049AFFF715FCA2E621
:102BA0002868008830E028680088ADF8000000B28E
:102BB00022F065FCADF80000204400F10209401D40
:102BC00028600498FEF7C4FD0498FEF7C1FD069046
:102BD0000498FEF7BDFD296800910746C5F80090EE
:102BE00000200499FEF754FDC11905914846049A46
:102BF000FFF7EAFB00992960DDE90502904202DC5B
:102C0000891C29609CE00888ADF8000000B222F021
:102C100036FCADF80000204464E001260498FEF77D
:102C200097FD2A4900280860B9D12868B0F900004A
:102C300022F025FC2044801E286014E0FE2870D17C
:102C400014E00498FEF784FD2049002808602868F5
:102C50000ED010F8011B286011BB012100F8011CE7
:102C60001CE00126286000780128E7D1002667E0F3
:102C700000F8017B09E00498FEF76AFD134908603B
:102C800028B12868012100F8011B286008E02868A5
:102C900010F8011B286019B100F8017C801CE0E7E6
:102CA000B0F9000022F0EBFB2044801ED9E70000C1
:102CB000D820002064200020DA200020D920002025
:102CC000D0000060BB0000600C190360CC20002025
:102CD000C72000202868401C2860B0F9000022F0BE
:102CE000CEFB2044801E2AE02868011F0091017855
:102CF000A12917D00498FEF72BFD07462868006825
:102D0000059022F0BBFB6949C96808440590B842A8
:102D10002ED92868C0F800800A982044A0F80180C5
:102D200084E011E0401C2860006822F0A7FB4FF40B
:102D30007A7100FB01F72868001D2860DFE7286032
:102D400028680078FE2807D058490889421C0A8163
:102D5000B0F5FA6FFFF44CAC54480089B0F5FA6F47
:102D600004D30B98C1B20120FDF7EEFB002076E5FD
:102D700022F084FB0590296808600098001B00B2CF
:102D800022F07DFB0A992144A1F8010066E5049830
:102D9000FEF7DEFC4FF47A71B0FBF1F0444A0328F1
:102DA00092F8671001F0FC0182F867103ED80143E9
:102DB00082F867103AE00498FEF7CAFC4FF47A7183
:102DC000B0FBF1F03A4A032892F8671001F0F301E2
:102DD00082F867102AD841EA800011E00498FEF7D3
:102DE000B7FC4FF47A71B0FBF1F0314A032892F846
:102DF000671001F0CF0182F8671017D841EA001080
:102E000082F8670012E00498FEF7A2FC4FF47A7192
:102E1000B0FBF1F0264A032892F8671001F03F0159
:102E200082F8671002D841EA8010E9E72868001D9F
:102E300085E72DE9F0411D4C00250646A5700F469B
:102E40001C48256126F072FB70B1E570216911B153
:102E5000207908702561761CF1B20320FDF774FB20
:102E60004FF0FF30BDE8F0810120E0703946304678
:102E7000FFF71EFBE570F5E7006800F52A01AB31AE
:102E800001D0002070470120704710B55D245D29F6
:102E900000DA0C46002C00DA00240146A2B20648F3
:102EA00025F08CFE04490020085510BD6420002048
:102EB0009C3A0020A02E00200C1903602DE9F0415F
:102EC0000C46074691F85F104FF46160414394F857
:102ED0005E00C0EB001001EB800094F85D100E184E
:102EE00094F8620000EB8002732007FB00F1F648C3
:102EF00000EBC10504F10901284625F05FFE14F836
:102F00005D0F85F84800607885F84900A07885F85D
:102F10004A0085F84670607985F8470006B90126B1
:102F200005F02EF9B0FBF6F0401C704345F85A0F3F
:102F30000020A880BDE8F08170B50C46064691F8E7
:102F4000611094F86200E04B091A01EB810200EB7A
:102F5000800001197320704303EBC00505F5E6708E
:102F6000093125F02BFE85F8126214F8610F6178A3
:102F7000401A85F813020020A5F82A0270BD2DE939
:102F8000FC5F8946054691F85F104FF4616041434C
:102F900099F85E0005EBC502C0EB001001EB800064
:102FA00099F85D1002EB05120844D9F864104FF04F
:102FB00000080144C448C9F86410A0F5165101EB9B
:102FC00042177321694300EBC1045BE008EB880002
:102FD0002618B4F85E0018B905F0D2F8C4F85A0003
:102FE00014F8461FB246208B07EB001001703178B1
:102FF000417171788171B178C171F1780172317963
:10300000417205F0BDF8064605F0BAF8C0F3072096
:10301000009005F0B5F8C0F3074B05F0B1F8010ECC
:10302000009801EB0B21000400EB06600144208BAB
:10303000002307EB00100122C0F8011040F60D211B
:10304000C18101A95046463C02F0D7F9012817D1A9
:10305000019822F013FAC0F30723B4F85E10C0F30E
:1030600007424FEA106C1B0407EB01160CEB02221F
:1030700003EB00601044C6F80A00491CA4F85E1077
:1030800008F1010894F8471041459FDCB4F85E60F0
:10309000C8B23044192809D9DFF830824FF0000A4D
:1030A00098F8000002280AD0A4F85EA0BDE8FC9FB2
:1030B00007EB06101022002125F080FD761C192E4A
:1030C000F6DB834C4FF4C871012254F83500C3B2CB
:1030D0004B43C0F30B20294618F02BFB012847D1A6
:1030E00098F80000022843D105F1B30069468046F4
:1030F00013F0CAFE9DF8000054F8351000F00F02DE
:10310000C1F303418A4207D000F0F00001438DF87B
:103110000010404613F0C7FE34F83500C0F3072115
:10312000542000EB4507384613F0BDFE552000EB58
:10313000450614F83510304613F0B5FE54F8350046
:103140006449884203D2401C44F8350010E03846F8
:10315000002113F0A8FE3046002113F0A4FE9DF8D4
:10316000000000F0F001404613F09DFE44F835A049
:1031700049462846FFF7A2FE98E72DE9F34F80461F
:10318000524883B00078022803D153484188491C33
:103190004180732108FB01F04B4901EBC004B4F8F6
:1031A0002A0218B904F0ECFFC4F826024B4908EBD8
:1031B000C80202EB0810002740F60D2A01EB40166A
:1031C000B4E107EB8700251805F5E6750023012219
:1031D0006946284602F011F9012874D104F0D0FFA5
:1031E000DFF8FC9059F82810FA3188427BD394F824
:1031F0001302401EB84203D104F0C2FF49F8280070
:10320000B4F82A0294F8121206EB001080F890111C
:10321000297880F89511697880F89611A97880F856
:103220009711E97880F89811297980F89911009818
:1032300022F024F920B3B4F82E120120B840014343
:10324000A4F82E1204F09CFF054604F099FFC0F389
:10325000072B04F095FFC0F3074904F091FF000E1F
:1032600000EB05614FEA0B4202EB09200144B4F880
:103270002A0206EB0010C0F891114FF080711BE09C
:1032800004F07EFF054604F07BFFC0F3072B04F03B
:1032900077FFC0F3074904F073FF000E00EB0561F0
:1032A0004FEA0B4202EB09200144B4F82A0206EB74
:1032B0000010C0F891110021C0F89A11A0F89EA149
:1032C000B4F82A022EE130E1E82C016094220020BB
:1032D00078050160FFFF0F007C2000206807016077
:1032E00014580160FFE74FF0010BB4F82E120BFAEF
:1032F00007F9009819EA010F7DD022F0BFF80028E5
:10330000B4F82E0208D040EA0900A4F82E02FB48C7
:1033100059460278F2B308E120EA0900A4F82E0227
:10332000B4F82A1294F8120206EB011104F21224E6
:1033300081F8900104F024FF814604F021FFC0F3DE
:103340000720019004F01CFFC0F3074B04F018FFA6
:10335000010E019801EB0961020402EB0B200A182F
:10336000218B06EB0110C0F89121A0F89EA12A78CC
:1033700080F895216A7880F89621AA7880F89721BC
:10338000EA7880F898212A7980F899210022C0F8FB
:103390009A2182E0FFE70170B4F82A0294F8121231
:1033A00006EB001080F89011297880F89511697863
:1033B00080F89611A97880F89711E97880F898112B
:1033C000297980F8991104F0DBFE054604F0D8FE57
:1033D000C0F3072B04F0D4FEC0F3074904F0D0FE7D
:1033E000000E00EB05614FEA0B4202EB09200A18C0
:1033F000B4F82A1200E00DE006EB0110491CC0F8F9
:1034000091214FF08072C0F89A21A0F89EA1A4F8F3
:103410002A128AE022F032F80028B4F82E0241D0B5
:1034200040EA0900A4F82E02B4F82A0294F8121215
:1034300006EB001004F2122480F89011297880F82D
:103440009511697880F89611A97880F89711E97834
:1034500080F89811297980F8991104F091FE0546B9
:1034600004F08EFEC0F3072B04F08AFEC0F3074978
:1034700004F086FE000E00EB05614FEA0B4202EB02
:1034800009200A18218B06EB0110C0F891214FF09A
:103490008072C0F89A21A0F89EA1491C2183A4F251
:1034A000122442E020EA0900A4F82E02934859466B
:1034B0000278D2BB0170B4F82A0294F8121206EB1B
:1034C000001080F89011297880F89511697880F8BB
:1034D0009611A97880F89711E97880F898112979E0
:1034E00080F899110021C0F89A1104F049FE0546B0
:1034F00004F046FEC0F3072B04F042FEC0F3074978
:1035000004F03EFE000E00EB05614FEA0B4202EBB9
:1035100009200A18B4F82A0206EB0011C1F891211B
:10352000A1F89EA1401CA4F82A027F1C94F8130263
:10353000B8423FF746AEB4F82A52C0B22844192820
:1035400004D86E484088B0F5967F0AD36B48DFF800
:10355000B0910027478099F80000022812D0A4F803
:103560002A72684A94F82A0202F8080005B0BDE8F9
:10357000F08F06EB05101022002100F5C87025F031
:103580001DFB6D1C192DF4DB5F4E06EBC805696849
:10359000C1F307200A0ECBB200EB02404FF4C87112
:1035A0004B4380B20022414618F0C3F8012843D1B2
:1035B00099F8000002283FD108F1B30001A9824622
:1035C00013F062FC9DF8040056F83830F02100F04A
:1035D000F00201EA13418A4207D000F00F000143D4
:1035E0008DF80410504613F05EFCA8886C22C0F3DE
:1035F000072102EB4800814613F055FC6D2202EBD7
:1036000048062979304613F04EFC404968688842E4
:1036100002D2401C68600FE04846002113F043FCD2
:103620003046002113F03FFC9DF8040000F00F012C
:10363000504613F038FC6F6040460499FFF77CFC5D
:103640008FE770B5324C002594F86300B0B194F860
:10365000620040B104F094FD616E884203D3E8B289
:103660002146FFF78CFC94F8610094F86210401A30
:10367000002803DDE8B22146FFF77FFD68346D1CAA
:103680000C2DE1DB70BD2DE9F05F044602791E4888
:10369000E6784FF00109012A11D000EBC60040681E
:1036A000174D401C2B78022B00D00120D4F81210AB
:1036B000002921D0AA460025022B05D102E050F8AE
:1036C0003600EDE7814201D2657401E001236374A5
:1036D00004F11A034FF4C8789B46814222D2491E56
:1036E000CBB240464343C1F30B20314617F0C6FE30
:1036F00001280FD04FF0000968E000007C20002076
:10370000942200200858016078050160FFFF0F0037
:103710005833026044464146584625F068FA22462E
:10372000FE4933E0FE4E012AA6F5165741461846DB
:1037300016D025F05CFA9AF800004FF073010228C9
:10374000E07832D0484306EBC0004246A0F82A5247
:10375000E07800EBC00101EB001007EB401130E016
:1037600025F045FA9AF800004FF073010228E0783E
:103770000ED0484306EBC0004246A0F85E50E07809
:1037800000EBC00101EB001007EB401158461BE0B5
:10379000414306EBC101B1F85E100A0100EBC00124
:1037A00001EB001007EB4011F0E7414306EBC101CC
:1037B000B1F82A120A0100EBC00101EB001007EB7F
:1037C0004011584601F5C87125F0F8F94846BDE8A2
:1037D000F09F00EB800202EBC002D24830B500EB54
:1037E000C200002180F8611080F8621001EB8102B4
:1037F0008318DA7A6AB390F86120CB4D521C80F8B6
:1038000061201C7B2D785A7AAC4200D084BB9B7A15
:10381000022B04D0012B11D0032B1BD02EE0C2EBC6
:10382000C20303EB0213C14A441802EB430292F8AD
:103830002D3084F84F3092F8282008E0C2EB0212B5
:1038400002EB4203BA4A1A4492F828300AE0012AED
:103850000FD013E0C2EBC20303EB4213B54A1A4484
:1038600092F82630441884F84F3092F82320EEE77F
:10387000FFE790F86220521C80F86220491CC9B210
:103880000E29B3D330BD2DE9F041A64EDFF8A88252
:1038900000252846FFF79DFF05EB850000EBC507D7
:1038A00006EBC70494F85D0028B994F85E0010B9DF
:1038B00094F85F0098B194F8610080B194F86200C8
:1038C00018B121462846FFF7F9FA94F8610094F8F8
:1038D0006210884203D021462846FFF72DFB04F0F2
:1038E0004FFC6066214608EBC700682225F066F9A8
:1038F0006D1CEDB20B2DCCD30020F9F744FC8F49A1
:10390000C8608F4900200870BDE8F08170B5834D14
:103910000020783D8B4A8C4B05F10C0455F8206053
:1039200052F820108E4201D045F8201054F8206043
:1039300053F820108E4201D044F82010401CC0B231
:103940000328EBD37D4A8149536809688B4200D034
:10395000516054F820107E480068814200D0906089
:1039600070BD2DE9FC5F044600EB8400724900EB5A
:10397000C40001EBC0076B49B94601EBC006002546
:1039800004F0FEFB70662046FFF723FF06F10901F5
:1039900007F10900884682465F2225F056F9E8B310
:1039A00006F15D0107F15D00032225F04EF9A0B19B
:1039B00096F8620000B1012597F8612097F862102F
:1039C00096F86130521A1B1A9A4231D100EB8000EE
:1039D000093002EB820230441FE097F8620096F84B
:1039E0006210884206D100EB80024146504625F025
:1039F0002CF900B1012597F8610097F8621096F84C
:103A0000612096F86230401AD21A904210D103EB2E
:103A1000830300EB80020933F01800E00AE001EBB9
:103A2000810109317B180146184625F00EF908B1CD
:103A300045F00205394FDFF81CB104F1B300E90786
:103A4000A7F16007009054D057F834000122010616
:103A50000B0DC0F30B20214617F06BFE012848D157
:103A60009BF80000022840D101A9009813F00CFA3D
:103A70009DF8040057F8341000F00F02C1F3034121
:103A80008A4207D000F0F00001438DF8041000983E
:103A900013F009FA37F83400C0F30721542000EB83
:103AA0004400824613F0FFF9552000EB440017F85C
:103AB0003410804613F0F7F957F83400264988424D
:103AC00001D2401C0FE05046002113F0ECF94046B3
:103AD000002113F0E8F99DF8040000F0F0010098CF
:103AE00013F0E1F9002047F8340031462046FFF793
:103AF000E5F9A80779D507EBC4056868C0F3072185
:103B0000020E01EB02411FFA81FC0006030D0022A8
:103B10002146604617F00DFE01281FE0D805016020
:103B2000E82C0160583302609320002036530020B7
:103B300034C30460BE1D0260383802607C2000205F
:103B4000BA0000607C87036088870360C82100207A
:103B5000CC21002094220020FFFF0F0045D19BF8CC
:103B6000000002283DD101A9009813F08DF99DF8BD
:103B7000040057F83430F02100F0F00201EA13415C
:103B80008A4207D000F00F0001438DF8041000981E
:103B900013F089F9A888C0F307216C2000EB4400DA
:103BA000804613F080F96D2000EB440729793846F0
:103BB00013F079F911496868884201D2401C0FE07E
:103BC0004046002113F06FF93846002113F06BF9DD
:103BD0009DF8040000F00F01009813F064F9002034
:103BE000686031462046FFF7A7F902B031464846E3
:103BF000BDE8F05F682224F0E1BF0000FFFF0F0086
:103C000010B5044625F010F8401E01B204E0605CD7
:103C1000202803D1491E09B20029F8DA21440020E6
:103C20004870204610BD30B5FE49837800228C785C
:103C3000A34213D144784D78AC420FD104780D786B
:103C4000AC420BD1CC7814B9C5789D420CD09C42C3
:103C500001D1C57845B1C578AC4205D0521C12B22D
:103C60001B31802AE3DB03E0802A01DA104630BDF5
:103C70004FF0FF3030BD182803D2002901DB802926
:103C800002DB4FF0FF307047E74A02EB002030F9CB
:103C90001100704730B50021E34B4A1E002003EBB2
:103CA000012424F81020401C8028FADB491C182924
:103CB000F4DBDE4C002000EB800204EB82014D7B44
:103CC0005DB14978491E182907D214F82220802AAC
:103CD00003D203EB012121F81200401C1428EADB77
:103CE00030BD70B5D24D06460024687B28B1042251
:103CF0002946304624F0A9FF28B1641C24B21C35A3
:103D0000802CF2DB03E0802C01DA204670BD4FF0FE
:103D1000FF3070BD2DE9F041C64C0746207818B938
:103D2000FFF7B8FF0120207078784FF0FF36411E72
:103D3000022910D83978401E80291FD2FFF79BFF37
:103D400014281BD2B94A00EB800102EB8101497BA8
:103D5000002911D112E0B54D00240222294638462F
:103D600024F073FF28B1641C24B21435142CF4DB46
:103D700004E0142C02DA2046BDE8F0813046FBE76F
:103D800070B5A84A8678002593789E4223D1C378DF
:103D9000D478A3421FD103781478A3421BD143786F
:103DA00003F01F04537803F01F039C421AD0032C26
:103DB00001D11B2B16D01B2C01D1032B12D0032CAD
:103DC00001D1192B0ED0052C01D11A2B0AD0022CAF
:103DD00001D1182B06D06D1CADB21B32802DD3D370
:103DE000002070BD0D70012070BDF8B5904C0F46DD
:103DF00005460026A078E978884215D1E07898B980
:103E0000217860786A4601F0E6FF69782A7901F046
:103E1000E001C90001EBC2212A78114489B288422D
:103E200002D13E700220F8BDA878A178884217D14F
:103E3000E878E178884213D12878217888420FD138
:103E4000687800F01F01607800F01F0081420ED0FA
:103E5000032901D11B280AD01B2901D1032806D030
:103E6000761CB6B21C34802EC4D30020F8BD3E7040
:103E70000120F8BDF0B589B06F4EDDE90FC436788A
:103E80008DF802600E9D8DF80300002701F01F00E1
:103E9000BCF1030F0AD001F0E001BCF1020F09D020
:103EA000002672B380328DF8042031E001268DF8AF
:103EB000010059E00126022819D01C2817D0C0B1F2
:103EC0001D2816D0012816D01E2814D0042814D07E
:103ED0001F2812D0052812D0162810D0032811D080
:103EE00015280FD013280FD017280DD03CE01C3117
:103EF0001AE01D3118E01E3116E01F3114E01631B2
:103F000012E003E015310FE017310DE08DF8047079
:103F1000012806D0022806D0042808D003280ED095
:103F200022E0183100E019318DF801101CE001F198
:103F30001A008DF80100BCB104F1240008E0BCF1C6
:103F4000010F20D0C81C8DF801006CB104F12000D5
:103F500000F01F0211448DF801109DF8041000F0CC
:103F6000600001438DF804108DF800308DF8097061
:103F7000324607A96846FFF738FF00282DD03100E8
:103F80002B4E03D01CE001F11B00DCE79CB1224664
:103F9000294608A8FDF7EBFA2849089824F0F7FF0E
:103FA00025F025FA9DF81C10C1EBC10106EB81013B
:103FB000C1F805000CE0022811D04FF47A70454397
:103FC0009DF81C00C0EBC00006EB8000C0F8055057
:103FD0001B489DF81C1020F8117009B0F0BD9DF829
:103FE0001C00C0EBC00006EB8000C0F80550817AD1
:103FF0006429EDD1012DEBD14FF47A71C0F8051091
:10400000E6E7F0B588B00025DDE90E748DF8020012
:10401000501C8DF80310C0B20D9E8DF804508DF821
:1040200001000FE038E7026044580160B802036005
:10403000B8F402608C2000209320002000007A4415
:104040000C1803605B1E8DF800308DF80950022FAC
:1040500035D002F01F0102F0E000012933D017290A
:1040600031D0022931D018292FD0042931D0192973
:104070002FD0012F35D0C11C8DF801104CB1203448
:1040800004F01F0108448DF8010004F060008DF871
:104090000400002207A96846FFF772FE00280CD032
:1040A0009DF81C0000EBC00101EB4101FE4A1144E8
:1040B000C1F80560FD4921F8105008B0F0BD01229B
:1040C0008DF80100E6E7183000E019308DF80100A6
:1040D000DFE700F11A018DF80110002CD9D024344B
:1040E000CEE700F11B01C7E72DE9F041F04C074690
:1040F000002926DAEF4D4FF0FF362878142814D225
:104100003846FFF707FE002807DB00EB800104EBD1
:1041100081014A7B521C4A732EE60020617B31B13B
:10412000401C00B214341428F8DB304624E6297809
:10413000491C297039682160397921710121617325
:104140001AE601EB810004EB8000427B521C4273B3
:10415000084611E62DE9F84FD74F0546002972DAD7
:1041600004F067FADFF85493D54E4FF0FF3801287A
:1041700010D03078802818D22846FFF7B2FD0028EA
:104180000BDBC0EBC00107EB81014A7B521C4A7379
:10419000BDE8F88F99F80000ECE70024787B30B197
:1041A000641C24B21C37802CF8DB4046F0E728461C
:1041B00004F03FFA012868782979DFF8FC824FF093
:1041C000010B00F01F0001F060011FD00144C4EB9F
:1041D000C40308EB8300EA7802756B782A7803F051
:1041E000E00302EBC302A0F81720A0F81510307806
:1041F000401C307028683860287938714FF055308D
:10420000C7F8050087F80DB02046C1E74618E878E2
:1042100028B1C4EBC40208EB8201087505E0C4EBC9
:10422000C40208EB8200A978017528794FF0030ACF
:10423000010609D5697801F0E001C90001EBC02051
:104240002978084428E05EE0032E1ED0012E1CD001
:10425000022E1AD06878297800F0E00001EBC00146
:10426000C4EBC40208EB8200A0F817101B2E1CD070
:10427000182E1CD0192E21D01A2E21D0A6F12100E3
:10428000032825D84EF2030028E06878297800F04A
:104290001F006A4601F09FFDC4EBC40208EB8201D7
:1042A000032EA1F8170022D0E0E7832109E0C4EB38
:1042B000C40208EB8201A1F815B01EE0022100E063
:1042C0000421C4EBC40208EB8200A0F8151014E02E
:1042D000A6F1250003280AD84DF60440C4EBC40219
:1042E00008EB820100EB0620A1F8150005E0C4EB05
:1042F000C40208EB8201A1F815A099F80010491C2E
:1043000089F8001076E7C1EBC10007EB8000427B23
:10431000521C427308463BE770B5634C02460029C5
:104320001EDA684D4FF0FF36287880280CD21046F0
:10433000FFF779FC002808DA0020A17B31B1401C8E
:1043400000B21B348028F8DB304670BD4FF0553189
:10435000C4F805102978491C29700121A17370BD8A
:1043600001EBC10202EB42000219907B401C9073EA
:10437000084670BD704730B50346504850494E4C12
:10438000007809780844C2B201210EE05818B0FB49
:10439000F2F502FB1500C0B2C0EBC00504EB8505C9
:1043A0002D69002D04D1491CC9B29142EED9FF20DC
:1043B00030BD30B50346414841493F4C007809784B
:1043C0000844C2B201210EE05818B0FBF2F502FB1E
:1043D0001500C0B2C0EBC00504EB85052D69002DAA
:1043E00004D0491CC9B29142EED9FF2030BD3649F4
:1043F000344A401C09781278C0B22B4B0A4409E0B9
:1044000000EBC00101EB410119440969002904D105
:10441000401CC0B28242F3D8FF2070472A49294A83
:10442000401C09781278C0B21F4B0A4409E000EB27
:10443000C00101EB410119440969002904D0401C65
:10444000C0B28242F3D8FF2070472DE9F05F00240C
:104450002546DFF86490DFF874A0194FDFF870800C
:10446000DFF858B049E07F2C45D2387804EB84025D
:104470002844C0EBC00108EB820609EB810114223D
:10448000304624F09BFB38782844C0EBC00109EB90
:104490008100D0F8050007F0B1FBC6F805003878B8
:1044A0002844C0EBC00115E038E702600C17036038
:1044B000B802036099200020B8F402609820002020
:1044C0009720002095200020962000200C180360E3
:1044D0004470016009EB8100006924F065FF24F05D
:1044E00086FF07F08BFB306138784119641C1AF89D
:1044F0001100F073E4B26D1CEDB29BF80000854230
:10450000B1D30025BB4627E07F2C23D2C5EBC501E4
:1045100009EB810704EB840108EB8106142239467C
:10452000304624F04BFBD7F8050024F034FF24F08C
:104530005EFF07F063FBC6F80500386924F034FF1E
:1045400024F055FF07F05AFB30611AF81500641C7F
:10455000F073E4B26D1CEDB29BF800008542D3D33A
:104560000025DFF854B433E07F2C2FD205EBC500D3
:1045700000EB400A04EB84090AEB0B0708EB890601
:1045800014223946304624F019FB7078401E022868
:1045900004D81BF80A00401C08F82900D7F80500C9
:1045A00024F0F9FE24F023FF07F028FBC6F80500ED
:1045B000386924F0F9FE24F01AFF07F01FFB306180
:1045C000FE48641CE4B210F81500F0736D1CEDB2E7
:1045D000FB4800788542C7D30025DFF8E8B32DE01B
:1045E000132C29D205EB850A04EB84090BEB8A070F
:1045F00008EB890614223946304624F0DFFA707839
:10460000401E022804D81BF82A00401C08F8290084
:10461000D7F8050007F0F2FAC6F80500386924F06B
:10462000C3FE24F0E4FE07F0E9FA3061E648641CBA
:10463000E4B210F81500F0736D1CEDB2E348007899
:104640008542CDD3C4F1800000EB8000810004EBF3
:10465000840208EB8200BDE8F05F24F0C8BA2DE9BF
:10466000F05FDC48DA4C4FF0000B0178A24680295D
:104670005BD20026814654E0A07818B1E07808F0BB
:10468000EAFB05461C2D49D0152D47D0142D45D0E9
:10469000162D43D02B2D41D02C2D3FD05F2D3DD05A
:1046A000482D3BD02E2D39D0CB4ADFF830C31178BE
:1046B0008819C0EBC0070AEB87031F7D0CEBD70CF2
:1046C00007F007089CF800C0012707FA08F71CEA62
:1046D000070F2ED16DB384F80FB099F800005B4638
:1046E0004F46D8B1E3720844801B401E9046C0EB91
:1046F000C000820004F11C01204624F05FFA98F803
:10470000000039780844C0EBC0010AEB81001C218D
:104710001C3824F06CFA3878401E3870761CF6B2DB
:104720001C3499F800008642A6D3A94D0024AA4E55
:1047300050E0E77A3FB1AA4F37F810C00CF1010CF6
:1047400027F810C003E0DFF898C22CF810B0D87B2F
:10475000FF2802D008B1401ED873E07B0028DDD1CD
:1047600099F800004F460028D8D084F80BB0BAE77B
:10477000C4EBC4000AEB80025746D07BFF2802D06E
:1047800008B1401ED073964A32F81400401C22F83B
:104790001400E87A01281AD1E87BC0B9B9B1081B26
:1047A000401EC0EBC000820085F80BB005F11C0173
:1047B000284624F003FA30781C21C0EBC00007EB38
:1047C00080001C3824F013FA3078401E3070641CCE
:1047D000E4B21C3531788C42CAD3FFF75BFABDE8EE
:1047E000F05F32E62DE9F041064640780C46401E67
:1047F0004FF0FF3802280CD83046FFF78BFA05003F
:1048000007D5474641463046FFF76EFC050000D508
:104810003D467378002719465B1E0B2B7ED8714AE4
:104820003078895C884279D26F4A4FF47A710A2BCA
:1048300075D2DFE803F005335D9098EAF0A1A1F9A5
:10484000C0EB0010694B00EB4000184490F8233097
:104850000BBB90F92830F3B1A3F10C0CBCF10A0F9B
:1048600012D9A3F1170CBCF1070F0AD803EBC30C44
:104870000CEB03131A44A2F5805292F8C12D012AC1
:1048800002D090F825005BE090F825005EE0084635
:1048900020F0F4FD5DE0D0F81E005AE0C0EBC0034C
:1048A00003EB0010524B03EB400090F82830002B34
:1048B000F1D190F82D30002BEDD0A3F10C0CBCF110
:1048C0000A0F12D9A3F1170CBCF1070F0AD803EB9A
:1048D000C30C0CEB03131A44A2F5805292F8C12DBD
:1048E000012A02D090F826002AE090F826002DE058
:1048F000C0EBC00303EB40103E4B184490F823304C
:10490000002BC8D190F82630002BC4D0A3F10C0C9A
:10491000BCF10A0F18D9A3F1170C01E091E02BE0CC
:10492000BCF1070F0AD803EBC30C0CEB03131A44BA
:10493000A2F5805292F8C12D012A05D090F82400EA
:104940000028A4D10021A2E790F824000028F9D182
:104950009DE7206010E02849C0EBC00001EB80001B
:10496000D0F80700F5E7C0EBC000244A00EB400098
:1049700002EB40004DE02160681C1AD0142D18DABB
:10498000104B05EB850203EB82002168C0F805108F
:104990001B4909788170C17071784170317803F8D2
:1049A00022101E21C1730121C1720771064820F82F
:1049B00015703078BDE8F08138E702600C170360AD
:1049C00095200020B8020360E416036099200020BF
:1049D000B8F402609820002097200020C493036060
:1049E0000C18036011C403082619026034C3046064
:1049F00036530020BE1D02603E31026078840260A2
:104A00009320002010E006E0FFE7FF4A00EB401093
:104A10001044807F11E000EB800202EB4010FB4A63
:104A2000104490F8200008E000EB800202EBC00088
:104A3000F74A02EBC00090F8630000289BD10021E8
:104A400099E740462760B5E72DE9F05F04464078D6
:104A50001E46401E91460D464FF0FF3702280DD8E6
:104A60002046FFF757F95FEA000807D53946204688
:104A7000FFF73AFB5FEA000800D5B84661780A46BE
:104A8000491E0B2975D8E34B20780127D25C904250
:104A900070D2DFF884A3DFF884B30C29F8D2DFE802
:104AA00001F006FEFD696969696969FC69FBC0EB93
:104AB000001101EB4102DA49DA4B11440A221A547F
:104AC00091F92200894650EA060203D0012851D10B
:104AD000012EFCD199F82300E0B103F0EAFF26781B
:104AE000B04209DD286824F056FCCF4924F081FA51
:104AF000CE4901EB8611486220780021FCF7E3F8EB
:104B00002E68D9F81E00B04203D09AF800000028A1
:104B100067D009E103F0CDFF2678C54AB042C6EB65
:104B200006107CDD00EB4001BD48084490F92800E8
:104B3000A0F10C010A291ED90B3907290AD800EB6C
:104B4000C00101EB00101044A0F5805090F8C10D99
:104B5000012810D0286800B1012024F025FCB349B9
:104B600001EB8611486220781BF055FDC0B301218E
:104B700039E0F7E166E12868D0B1002024F014FCA8
:104B8000AA4901EB8611486220781BF044FD88B1E8
:104B900000212078A24EC0EB001202EB4202324408
:104BA00092F925208A420DD09AF8001021B109E02F
:104BB0000120E3E70121ECE79BF80010884201D1D6
:104BC0009C48077020781BF026FD28B30020217830
:104BD000C1EB011101EB4101314481F825006CE08A
:104BE00000E09AE0002120788D4EC0EB001202EB2D
:104BF0004202324492F925208A4208D09AF80010E5
:104C000029B99BF80010884201D18A4807702078A2
:104C10001BF001FD0028DAD00120D8E7FFE7804B28
:104C200000EB4000184410F9251F90F90300A0F193
:104C30000C0CBCF10A0F13D9A0F1170CBCF1070F33
:104C40000AD800EBC00C0CEB00101044A0F580500B
:104C500090F8C10D012803D02A68EAB301203DE095
:104C60002A6832B1002081420BD09AF8000010B1BE
:104C700007E00120F7E79BF80000864201D16D486C
:104C8000077082B100202178C1EB011101EB4101D5
:104C9000194481F8250003E01EE135E1D7E050E03A
:104CA0002868B8BB33E00120EDE72078C0EB0010A6
:104CB00000EB40001844C0F81E102078C0EB001133
:104CC00001EB41025649114491F8251009B14FF406
:104CD0007A7103F00AFE0FE7FFE70020814208D057
:104CE0009AF8000028B99BF80000864201D151488B
:104CF00007700AB1012000E000202178C1EB01110A
:104D000001EB4101194481F82500286810B14FF4E6
:104D10007A71CAE7FFE70021C7E721789BF8000016
:104D2000814201D143480770304620F0A7FBD9F8F3
:104D30001E10884201D040480770304620F09EFB8C
:104D4000C7E0C0EBC00101EB00123C4901EB42019E
:104D5000894691F9272052EA060303D0012A71D12E
:104D6000012E6FD191F82820C2B92A680AB1012317
:104D700000E0002391F926609E4209D09AF80030A5
:104D8000012B05D19BF80030984201D129480770CA
:104D90000AB1012000E0002089F82600286820F0F0
:104DA0006DFBD9F81E1081420AD09AF80020012A22
:104DB00006D123789BF80020934201D11D4A177039
:104DC000814201D01C484770286820F057FBC9F881
:104DD0001E002078C0EBC00101EB0011174800EB6A
:104DE000410191F82D00192803D00F2801D01D286A
:104DF00028D1D1F81E0020F041FB18BB2178104AC1
:104E0000002042F821001EE0888C02606E1B0260C8
:104E10005833026011C403082402006025020060B8
:104E200034C304605C2E002000007A4474B5026034
:104E300026190260260200606A19036036530020BA
:104E4000043B002047E02078FE490F5468E0C0EBA7
:104E5000C001FD4A01EB401101EB020999F8221053
:104E600051EA060203D001295AD1012E58D199F8EE
:104E70002310C1B92A680AB1012100E0002199F884
:104E800024308B4209D09AF80010022905D19BF8F2
:104E90000010884201D1ED4807700AB1012000E0FE
:104EA000002089F82400286820F0E8FAD9F81E10BC
:104EB00081420AD09AF80020022A06D123789BF872
:104EC0000020934201D1E14A1770814201D0E049AC
:104ED0008F70C9F81E0023E000EB4001DD4A01EBB2
:104EE000C0011144B1F809204A4502DDB9F1000FB3
:104EF00001DA4FF00009D84A296852F8202042F818
:104F000029100FF01DFD0BE000EB800101EBC0004C
:104F1000D24901EBC001286800B1012081F863008B
:104F2000B8F1FF3F1BD0B8F1140F18DACC4B08EBE7
:104F3000880203EB82002968C0F80510C949097886
:104F40008170C17061784170217803F822101E21B0
:104F5000C173C54AC7720021017122F81810207868
:104F6000BDE8F09F00206070207028603846F7E7A9
:104F70002DE9F04F87B00D46016880460291007917
:104F80008DF80C001E469246002702A803F094FB01
:104F90009DF80A007C1E002876D0B24B1978884212
:104FA00005D19DF80B208A426FD0002AFCD08842A0
:104FB00009D0AE4900F0070201EBD00101200978C9
:104FC0009040014273D002A8FEF78BFE060005D583
:104FD000214602A8FFF7BEF8060055D402A803F048
:104FE00028FB0146A2480129C6EBC60100EB81045B
:104FF0004FF0000961780DD01C2974D01D2973D0A1
:105000009C4E012971D01E2970D001296FD01F2913
:105010006ED07CE1207901F01F0200F06003D61809
:105020004FEA5118010601D500F01F070AF0FF0BE7
:10503000032E0ED01A2E0CD01B2E0AD0A6F1210062
:10504000032806D9001F032803D9012E01D0022E00
:1050500015D1BAF1000F19D0D4F80500049988428F
:105060000DD04FEA082000EBC721CDF800B0207822
:105070002B460844217D82B2102008F0FBF9182E3F
:1050800074D0192E72D087E0A9E1ACE1D4F80510F4
:1050900028688142F3D0A6F12101032908D824F021
:1050A0007AF9754923F0A5FFA6F120010BE08BE109
:1050B000A6F1250103291CD824F06DF96E4923F0CF
:1050C00098FFA6F12401CAB204A9FCF72DFA042026
:1050D00000904FEA082000EBC721207804AB084479
:1050E00082B2217DC8E783E096E0CBE0CFE0F5E037
:1050F000F9E05C499DF80A200B784FF47A719A42E6
:1051000023D0A07A642804D12868884201D10120E4
:105110002860286805AA010C090241EA1060ADF870
:1051200004002888C0F3072141EA0020ADF80600FA
:105130009DF808109DF8090000F04DFE024604207D
:1051400000909DF80A1001AB96E790FBF1F00490F7
:10515000012000904FEA082000EBC721207804AB23
:10516000084482B2217D062087E7FFE7BAF1000FED
:1051700016D0D4F80500049988420DD04FEA0820D3
:1051800000EBC721CDF800B020782B46084482B24E
:10519000217D0F2008F06EF9BAF1010F24D01AE03A
:1051A000D4F805102868814215D024F0F4F832496B
:1051B00023F01FFF24F01BF90490012000904FEA18
:1051C000082000EBC721207804AB084482B2217D7F
:1051D000052008F04FF9109840B1022804D0FF20B4
:1051E000E073C4F81090E8E03C20F9E71420F7E7FA
:1051F000D4F80510286881426FD024F0CCF81E49FD
:1052000023F0F7FECDE900099DF80B309DF80A2048
:105210009DF80810022012E0D4F805102868814299
:105220005BD024F0B8F8144923F0E3FECDE900097F
:105230009DF80B309DF80A209DF80810002000F022
:105240000DFE1BE094310020BE1D026026020060AE
:105250006A19036074C60260A416036058330260C2
:10526000B802036093200020E4160360C493036037
:10527000B8F40260B900006000007A442868C4F8FD
:10528000050044E09DF808003278904226D3D4F817
:105290000520286882423AD01E2910D024F07BF8DD
:1052A000C94923F0A6FECDE900099DF80800317830
:1052B0009DF80B309DF80A20411A0120BFE724F029
:1052C0006AF8C14923F095FECDE900099DF80B303D
:1052D0009DF80A209DF80810EFE766E09DF80800A9
:1052E0003178884261D2D4F80510286881420ED006
:1052F00024F051F8B44923F07CFECDE900099DF873
:105300000B309DF80A209DF80810042097E760787C
:10531000162816D1D4F805102868814245D000B16E
:10532000012024F041F8CDE900099DF80B309DF8EB
:105330000A209DF80810052000F090FD2868C4F8A8
:1053400005006078152816D1D4F805102868814228
:105350002BD000B1012024F027F8CDE900099DF8F9
:105360000B309DF80A209DF80810032000F076FD10
:105370002868C4F805006078172816D1D4F80510FD
:105380002868814211D000B1012024F00DF8CDE948
:1053900000099DF80B309DF80A209DF80810132095
:1053A00000F05CFD2868C4F805009DF80B109DF81E
:1053B0000A00002203F0E2F82061109810B1FF20EB
:1053C000E07318E00A20FBE702A8FEF72CFC002897
:1053D00011DA214602A8FEF79FFF00280BDA2046CB
:1053E00007B0BDE8F08F012E05D13346524629465D
:1053F0004046FFF729FB0120F2E72DE9FE4F4FF071
:1054000000080446CDF808800068009020798DF8E7
:1054100004009B4616460D46684603F04DF99DF87C
:1054200002004FF0FF3900286DD0684909788842A2
:1054300005D19DF803208A427ED0002A7CD0FF2728
:105440004FF0553A884209D0614900F0070201EB5C
:10545000D001012009789040014242D06846FEF711
:1054600040FC040005D549466846FEF773FE04007B
:1054700049D4802C7EDA684603F0DBF801465548B3
:10548000012910D0C4EBC40100EB81040022E178B3
:10549000A07803F073F82061D4F8050050455FD080
:1054A0002860DEB14DE0C4EBC40200EB820441464B
:1054B000C4F81080D4F805004FF01408504506D009
:1054C0001FF0DCFF2860C6BB84F80F8052E016B1E5
:1054D000E773296046E084F80F80FAE70A20E0735A
:1054E00048E0BBF1010F0ED06846FEF79CFB002898
:1054F0000BDA4C4649466846FEF70EFF002804DAF0
:105500002046BDE8FE8F4846FBE7802832DA00EBF4
:10551000C00000EB4001304802220C18E178A0786E
:1055200003F02CF82061FA216EB1E773D4F805007E
:10553000504515D0002801E016E002E0E1D02860D7
:1055400066B1E77316E0254800780A2801D9E173AF
:10555000ECE700EB80008000E073E7E7E17309E02F
:10556000C5F800800020CCE702A92046FFF73AF9F1
:10557000029828600120C4E7FEB50024184D264695
:10558000C4EBC40000EB800015F81010002919D0FE
:1055900005EB40000123C17A8DF80010817A8DF867
:1055A0000110017A8DF80210407A8DF803008DF811
:1055B00004601A4602A96846FFF71FFF641CE4B2A4
:1055C000F02CDDD3FEBD000000007A4493200020C3
:1055D000C4930360B8F4026038E7026095200020AD
:1055E000D8420260F749887930B1C879421ECA7141
:1055F0004FF0000001D288710120704730B5C478A7
:10560000F04D944204D20079904201D2844202D9F2
:105610000020288230BD101B5843288204FB031051
:1056200030BD70B501EBC10202EB01114FF6FF7204
:1056300002EA01144FF4FA652B461022E249FFF703
:10564000DDFFE04908B1AC4202D30020088270BD02
:10565000C4F5FA620A82204470BD70B50446008821
:10566000CCB0B0F5957F4CD8D8486E4600798DF80F
:105670000000A0785E2802D0C2280AD02FE00320C4
:105680008DF80100B4F80500000A8DF80400607977
:1056900022E02088C01F022816DD10208DF80100AE
:1056A000B4F80500CA49000A8DF8040060798DF845
:1056B00005002078C01F8DF806002288F01DD21F3B
:1056C00023F07CFA25880AE006208DF80100C04806
:1056D00001788DF8041040788DF8050006252079B2
:1056E0008DF80200E0788DF80300E9B2684609F011
:1056F00054F8010A715571194870694604200AF07E
:1057000004F84CB070BD2DE9F05F4FF00008DFF8F1
:10571000B8A2DFF8C0B20D460646474607EB870041
:1057200000EB471101EB0B09B9F923001FF0A7FEAD
:1057300000283EDD002436E007EB4700C0EBC71130
:105740000AEB0110015D9E292BD12044042C8178A5
:10575000427901F01F0102F06002114421D910F8D2
:10576000012C9D2A1DD010F8022C9D2A19D010F86A
:10577000032C9D2A15D010F8042C9D2A11D0032942
:1057800009D0A1F11802072A05D9093A032A02D93A
:105790002539032905D8C178B14202D1C5704FF02F
:1057A0000108641CA4B2B9F923001FF068FEA042EE
:1057B000C2DC7F1CFFB2102FB0D3874B002202EB5C
:1057C000820101EBC201002003EBC10400EB800168
:1057D0002144CF7AB74206D1CD720F7BB74200D1B8
:1057E0000D734FF00108401C80B20E28EED3521CFE
:1057F000D2B20C2AE3D3794890F80901022815D0D7
:10580000774A0020C0EBC00101EB810102EB4101AE
:105810000B7AB34206D10D724B7AB34200D14D726E
:105820004FF00108401CC0B2F028EBD3B8F1000FD4
:1058300006D06C490120C873BDE8F05F03F075BE67
:10584000BDE8F09F2DE9F05F4FF00008DFF878A188
:10585000DFF880B10D460646474607EB870000EBB0
:10586000471101EB0B09B9F923001FF008FE0028CE
:105870003EDD002436E007EB4700C0EBC7110AEB22
:105880000110015D9E292BD12044042C817842799E
:1058900001F01F0102F06002114421D910F8012C1F
:1058A0009D2A1DD010F8022C9D2A19D010F8032C27
:1058B0009D2A15D010F8042C9D2A11D0032909D057
:1058C000A1F11802072A05D9093A032A02D9253974
:1058D000032905D8C178B14202D1C5704FF0010843
:1058E000641CA4B2B9F923001FF0C9FDA042C2DCB8
:1058F0007F1CFFB2102FB0D3374B002202EB820186
:1059000001EBC201002003EBC10400EB8001214444
:10591000CF7AB74206D1CD720F7BB74200D10D735B
:105920004FF00108401C80B20E28EED3521CD2B2B8
:105930000C2AE3D3294890F80901022815D0284AF7
:105940000020C0EBC00101EB810102EB41010B7AA9
:10595000B34206D10D724B7AB34200D14D724FF073
:105960000108401CC0B2F028EBD3B8F1000F06D0FC
:105970001C490120C873BDE8F05F03F0D6BD5FE7A6
:10598000194B10490022187830B18878401CC0B2F9
:105990008870032801D91A708A70704710B50022E8
:1059A000114B084C022821D0032822D0042823D0F0
:1059B000012825D106481A700C38427A642A20D270
:1059C000162021E09C000060A67C01609C3A00202B
:1059D0000AFC01606E1B0260583302607A0D02609F
:1059E000D84202606A190360450500601A700420FD
:1059F00004E01A70052001E01A7006200870E089A2
:105A000010BD00780A30C0B203220A7010BD30B455
:105A10000A46072939D3817AF94C122932D0617AA2
:105A2000002932D1111DF74BE18141791970F649F6
:105A300003780B700C234B70F44B1B881D0A8D7080
:105A4000CB7006230B71F24BDD7B4D711D7C8D718C
:105A50005D7CCD719B7C0B72BA234B72C0238B7221
:105A6000EC490968616101212172EB490B78002B37
:105A70000BD102230B70C11DE34830BC0B30D21F89
:105A800023F09CB80A216172CCE730BC70472DE945
:105A9000F0411446E14B8122A51E1A700A225A7069
:105AA0002A0A9A70DD7011F8022B1A7108225A71B5
:105AB00011F8012B9A7111F8092BDA7101221A726F
:105AC0005872A4F10C0203F10A0023F077F8D44EC7
:105AD0003078092811D240F22D114843D14FA21E2F
:105AE00007EB4000CD4923F069F8307840F22D11E2
:105AF000484307EB4000A0F8585230780A2801D2FA
:105B0000401C00E000203070BDE8F08130B54FF05F
:105B1000FF3488B1C54A0021C34B12780AE0C1EBBB
:105B2000C10503EB85056D7E854201D148B230BDCC
:105B3000491CC9B29142F2D3204630BD30B54FF076
:105B4000FF3490B1BB4A0021B94D13780BE001EB53
:105B5000C10202EB42022A44527E824201D148B283
:105B600030BD491CC9B29942F1D3204630BD70B551
:105B70004FF0FF35A8B1AF4A0021AD4E1378AE4AC1
:105B800014780CE05A1802EBC20202EB42023244D3
:105B9000527E824201D148B270BD491CC9B2A142B5
:105BA000F0D3284670BD2DE9FF470F46002A7CD16F
:105BB000DFF84C920122002599F80810012902D043
:105BC00002292FD0B0E0954B8121BC1D19700A210C
:105BD0005970210A9970DC701A7101465D713A465C
:105BE000981D22F0EBFF8E4E3078092812D240F239
:105BF0002D114843DFF82C82BA1D08EB400087497D
:105C000022F0DCFF307840F22D11484308EB4000D1
:105C1000A0F8584230780A2802D2401C307083E045
:105C2000357081E0854B41781B7899427CD184495D
:105C30007D4CE0270A708178DFF80882824E1229B5
:105C400007D0C17A442947D091294DD021294BD082
:105C50004EE0C1780A2905D000210844017B5E2965
:105C600002D061E00121F8E7817AC27BB1EB420FFB
:105C70005AD114291AD0017D427C01EB0261827C49
:105C8000C07C120402EB0020084423F08DFB414647
:105C900023F0AFF903903678802E45D2414623F0A9
:105CA00076F923F0A4FB03212CE03FE0817C027D08
:105CB000037E01EB0221827D120402EB03628B184A
:105CC00062490A782B214A4361491144C1F80530E1
:105CD00090F82000887227E0AC2100F80B1F03AA7F
:105CE0000A211CF05CFA03E0007B23F05DFB0390CB
:105CF0003678802E18D24146039823F048F923F0D5
:105D000076FB02218DE82300C6EBC60004EB800081
:105D1000B0F81720417D07EAD2031944D3B2C9B2C3
:105D2000007D0022FEF7A6F889F80850BDE8FF873D
:105D300030B5ADF5197D0D460446D0F8060097AA9A
:105D400096A91BF0DBFB9DF85812062903D0002012
:105D50000DF5197D30BDD4F806106A4608449799B0
:105D60001BF041FE9DF806006328F1D19DF8081054
:105D70002970EDE7374B10B50021354A1C780CE04F
:105D80002B2303FB01231B68834204D12B2000FB40
:105D90000120007910BD491CC9B2A142F0D30020F6
:105DA00010BD10B52C4A2B4B00202949B2F8072012
:105DB0001C780CE02B2303FB00131B689A4204D1D0
:105DC0002B2200FB0210007910BD401CC0B2A04283
:105DD000F0D3002010BD0346012809D0022B04D0C7
:105DE000032809D141F69C7004E041F63C5001E0E3
:105DF00041F6BC3000EB41000221117070470000F9
:105E00009C00006023050060F44900204021002030
:105E10009C3A00201C00006045050060A6F9016066
:105E20000D020060AC140460B8F4026097200020FA
:105E300038E7026095200020962000208D01006048
:105E4000FF20002000007A448C010060FE2000202A
:105E5000480403609A200020FEFB01602DE9F04118
:105E6000ADF51E7D1D46DDE9A46413460F46804650
:105E700022462946184602F081FB4FF0FF3160B1FF
:105E80005CB9FE4A92F84E20012A03D0FC4A1278EF
:105E9000012A02D1FB4A537A1BB108460DF51E7D3B
:105EA00032E602231372F84B04221A70F74A552384
:105EB0001570CDE90314002205A98DE846003A4685
:105EC00041461EF09FFD0120E8E72DE9F041ADF5C8
:105ED0003E7D0D46074616463421AEA8DDF81083F8
:105EE00022F085FE342198A822F081FE0024ADF82E
:105EF000F4424FF41871684622F079FEA594A694F6
:105F0000A7941421A9A8A89422F071FEE0486A463B
:105F1000BBA9C68085804FF48270ADF89402012041
:105F2000CDF896020720ADF8EC025E208DF8EE0267
:105F3000D448ADF8EF52ADF8F162448106201BF071
:105F40000DF9694698A81AF0CFFD98A9CDF89A12D4
:105F5000CDF89E02A9AABDA9384619F072FB38B146
:105F60004246A5A9A9A81EF061F80DF53E7DCBE536
:105F70006FF00600F9E72DE9F04188B01E461346A0
:105F80000E9F884604463A463146184602F0F6FA15
:105F900005004FF0FF3203D017B9BA48417A11B16A
:105FA000104608B0B0E502210172B74903204FF056
:105FB000000C0870B548032C0670B64E12D0022CA7
:105FC00010D0012C0ED01C2C1CD01D2C1CD01E2C33
:105FD0001CD01F2C1CD0162C1CD0152C1CD0172C00
:105FE0001CD024E008F0FF0106AA2046FFF7F3FECC
:105FF000014601ABCDF800C09DF818202846FFF7F8
:1060000064FF13E002210AE0002108E0012106E01C
:10601000042104E0052102E0032100E01321CDE981
:1060200000C75523424628461EF04FFC307030789A
:10603000B7E72DE9F84305464FF0000014460E007F
:10604000009025D0002C23D028466A4600211BF062
:10605000ADFD4FF0FF3800281CDB0746009820807C
:10606000E8196A4601211BF0A1FD002812DB074454
:106070000098C4F80200E81902211BF0E9FA48B1BF
:106080007F1CE81944F8060FF01B401E6060304684
:10609000BDE8F8834046FBE72DE9F04186B017469E
:1060A0001E466A46DDF83080FFF7C3FF05A9684643
:1060B000FFF73EFEC5B2DDF80A00724CB8B1DDF85C
:1060C0000A00B0F5FA7F3CDADDF80A20DDF80610A8
:1060D000714822F073FDBDF80A00A081632D09D03C
:1060E000424631463846FFF75EFD06B00CE501201A
:1060F0006071E9E7684C34F8090FB4F8151040EA0C
:10610000014504A9284602F05BFA401CEDD09DF839
:1061100010002B2148436149227B08444272617B75
:106120008172217A627AE37A01EB0221A27A120467
:1061300002EB03621144C0F80510A17B01710560F8
:10614000D3E70020A081D0E7FFB5ADF5597D0F461C
:10615000064614463421CAA822F049FD3421A5A8D8
:1061600022F045FD0025ADF85C534FF418716846E8
:1061700022F03DFDBF95C095C1951421C3A8C295DD
:1061800022F035FD0CB1802C04D96FF003000DF521
:106190005D7DF0BD342198A822F029FD4FF4827076
:1061A000ADF8FC020120CDF8FE023648072101714E
:1061B00001EB4401ADF82013C2218DF822134FF6F4
:1061C000FF71ADF8254301EA4401ADF82373418125
:1061D000C898B290BDF82403ADF8CC029DF8260310
:1061E0008DF8CE0264002246DCA998A822F0E6FCD5
:1061F0009DF86302224660F307019DF8620260F396
:106200000F219DF8610260F317419DF8600260F371
:106210001F61989198A90DF2CF2022F0CFFC6A4619
:10622000B2A906201AF09AFF6946A5A81AF05CFCEC
:10623000A5A9CDF80213CDF80603C3AAD7A9304605
:1062400019F0FFF928B10222BFA9C3A81DF0EEFE84
:106250009DE76FF001009AE72DE9F043ADF2DC6DA8
:106260004FF000080E460446CDF8B486CDF8B88647
:10627000CDF8BC864FF41871684611E09C3A0020B6
:10628000952100209C00006045050060230500600A
:1062900036FD01608D010060A6F9016048040360CD
:1062A000CDF8C08622F0A3FC4FF4167198A822F016
:1062B0009EFC9420ADF8B4060127CDF8B676207880
:1062C0000025C2214FF00709102804D0032822D04E
:1062D00006283CD059E0B61EADF8AC668DF8AE1677
:1062E000A0788DF8AF06E0788DF8B006DDF8AC0642
:1062F000ADF8B176CDF8B804BDF8B006ADF8BC0481
:106300009DF8B2068DF8BE04A279E11D0DF2BF40E2
:1063100022F054FC39E0082E37D1ADF8AC965E205F
:106320008DF8AE06A0788DF8AF06E0788DF8B0064F
:10633000DDF8AC06ADF8B176CDF8B804BDF8B0061E
:10634000ADF8BC049DF8B2068DF8BE041DE0082E21
:106350001BD10920ADF8AC068DF8AE16A0788DF8EB
:10636000AF06E0788DF8B006DDF8AC06ADF8B17692
:10637000CDF8B804BDF8B006ADF8BC049DF8B2067F
:106380008DF8BE04A088ADF8BF04F84E6A460DF53E
:10639000976186F80490BDF8AC06708106201AF06B
:1063A000DDFE694698A81AF09FFB98A9CDF8BA16A9
:1063B000CDF8BE068DF8C47620788DF8C506ADF808
:1063C000CC8640468DF8CE860DF2C4614A196D1C0C
:1063D000D072072DFADB707A28B14FF0FF300DF242
:1063E000DC6DBDE8F0830220E149307203200870C3
:1063F000E0492078002208700DF2B4610DF2C4600B
:106400001DF014FEEBE770B5050016464FF00000D6
:1064100022D03288284600211BF0F3FB0446D6F830
:106420000220281901211BF0ECFB04442819022149
:106430001BF005F80444002105E0D6F80600405C96
:106440002855491C641CD6F80A008842F5DC281936
:1064500002211BF007F8204470BD10B5002360B185
:10646000102200F8012B042200F8012B40F25623E1
:106470000A461946FFF7C7FF831C184610BD70B5C2
:106480000024651E30B1067826B986781670C27869
:10649000122A01D0284670BD042905D91A46001DCC
:1064A000091FFFF7C6FD0446204670BD2DE9FF4FCA
:1064B000ADF2045D0C464FF418759A46294603A8C0
:1064C00022F095FB29469DA822F091FB4FF0000B8E
:1064D000CDF8D4B4CDF8D8B4CDF8DCB4CDF8E0B470
:1064E000A54DCDF8E4B4CDF8E8B4CDF8ECB45F46F2
:1064F000CDF8F0B4CDF8F4B4BAF1A00F24D29B4A91
:106500000DF2E443D21C2146DDF80405FFF7B7FF86
:106510000DF5A062DDF8EA04111F1AF0EFFF9DF8F7
:10652000FC14062907D1DDF8EA142A460844DDF8F0
:1065300000151BF058FABDF8E404ADF8D404DDF8FA
:10654000E604CDF8D6040FE0DDF80405C179007A41
:1065500001EB002240F25220824279D8DDF8041586
:10656000281DC91D22F02AFB8348DFF81082DFF8BE
:10657000FC9180790446162821D0172C1FD05F2C5F
:106580001DD0C32C1BD07C4974280A794B7902EBAF
:106590000322ADF86C228DF86E02CA798DF86F2255
:1065A0000A7A8DF870224A7A897A01F0010302EBA7
:1065B0000322ADF871224CD010284AD04BE01A22A9
:1065C00089F80420D8F800006B4D46468470E979BC
:1065D000C170297AA5F11A02017152F8231FC0F87F
:1065E00005105368C0F809309268C0F80D200846BD
:1065F0001EF044FF0146306840F8051F80681EF019
:106600003DFF01463068C0F80D10D0F809001EF0BB
:1066100035FF01463068C0F80910697D4174A97ED4
:10662000EA7E6B7F01EB02212A7F120402EB0362F8
:106630001144C0F81610A97DEA7D6B7E01EB0221A2
:106640002A7E120402EB03621144C0F8121005E026
:10665000F3E348080190072189F804104848012510
:106660004FF4B4760090642C73D9A9F80AB0BAF14B
:10667000A00F05D30E224348DDF8041522F09EFA40
:106680004149DFF808817A2C09D0792C18D0C62C22
:1066900016D00D70BA2C0BD0BB2C09D00AE088F8AC
:1066A000005088F8015088F8025003200870F0E389
:1066B00088F81350652C20D0662C1ED0672C1CD077
:1066C000A4F16500182804DA08EB040000F8655C02
:1066D00001E0742C06D0862C07D0BF2C08D08D2C5E
:1066E00009D00AE088F8065007E088F8165004E060
:1066F00088F8135001E088F81850792C76D00EDC19
:10670000A4F1650012284ED2DFE800F048444E752F
:1067100052565ADFDF797EF3979BA35E636CBA2CE7
:1067200079D00CDCA4F182000D283CD2DFE800F027
:10673000FCCDCDCD8DCD9BA0A4CD7F55EC00C42C40
:1067400071D007DCBB2C6AD0BF2C61D0C22C6BD1BE
:1067500007E022E3C52C68D0C62C6CD0C82CF6D13B
:106760008EE00B4F4FF4967042E000009C000060FA
:1067700045050060230500605E000260B82000202F
:10678000F8450260447A01608A2100206A1903609A
:106790000AFC01602E234022FE49C1E02D23402245
:1067A000FD49BDE0074690E027238022FB49B7E082
:1067B0002A230822FA49B3E021230422F949AFE051
:1067C00025231022F849ABE09BA80199FEF729FF89
:1067D000E8E790230822F549A2E048230822F4497B
:1067E0009EE003E02E230422F24999E0F24F0A20B2
:1067F000A9F8100069E01C231022F04990E06823FA
:106800000C22EF498CE006E02E231022ED4987E0B0
:106810004623F02201E032231022EB4980E0C82316
:10682000502200997CE018E0EFE31AE003E01C231B
:106830008022E64974E0E64F10E066231022E54925
:106840006EE019230822E4496AE069230522E3493E
:1068500066E030230822E24962E0E24F4FF4C8705C
:10686000C6E7E14F02E0E14F88F819506420BFE726
:10687000DF4FA9F8106028E02723FE22DD494FE012
:10688000002699F804008119DB48084400790128A2
:1068900017D1DA48F1074FF0000140F826B029D0AF
:1068A00006F16B0010F0FFFAD44810F8261006F13C
:1068B0006C0010F0F8FAB32000EB5600002110F045
:1068C000F2FA761CF6B2182EDBD3002F7ED0012010
:1068D000CDF8F4049DF870029DF86F12884203D041
:1068E00089F8005089F801B08F2C23D0C22C39D000
:1068F00022E010E006F1540010F0D5FABF4810F87D
:10690000261006F15500D4E7B82388F81950042260
:10691000BB4905E008E00B23BA4988F8195010225A
:106920009BA8FEF76BFE3DE788F81950B64F4FF471
:1069300000505DE703F05FF99DF870029DF86F125B
:10694000BDF87122411A99F80400491C02FB0102AA
:10695000BDF86C124B468A4238D181421BD9091AC4
:106960008AB219E0BDF86C1299F80400814201D294
:10697000002206E0091A8AB24FF496718A4200D9C1
:106980000A469D4901443846091D22F017F99BA883
:10699000FEF763FEFEE300220092198A8A4200D9C4
:1069A0000091A0F25221009A49428A4200D90091F6
:1069B000652C13D09049009A01443846091D22F0F5
:1069C000FDF8662C0DD0672C12D000E0FEE3692C98
:1069D0001FD06A2C1DD0662C05D057E088F80050D7
:1069E00056E088F8015089480078012814D01BE04F
:1069F000864888F802500078022807D184489DF81C
:106A00006F120078814201D182480570F8F71FFDAE
:106A1000C0E3FAF740F8BDE37D489DF86F120078B7
:106A2000814201D17B4805709DF86F6228E0C6EB7A
:106A3000C60000EB0611574800EB410191F8270012
:106A400001281BD191F82D00192803D00F2801D05F
:106A50001D2813D1D1F81E001EF010FD70B9102EA4
:106A600008D26D4941F826B06C4941F826B06C490E
:106A700041F826B00C2E01D26A488555761CF6B234
:106A80009DF87002B042D2D2F8F78FFC652C24D169
:106A90005E48007838B95E489DF86F1200788142F0
:106AA00001D15C480570544899F80410009A0144DB
:106AB0003846091D22F082F89DF86F6207E0002138
:106AC0003046FAF700F9FAF7C8F8761CF6B29DF8E6
:106AD0007002B042F3D2F8F791FC742C11D06E2CF6
:106AE00050D03B4E792C4ED0C62C4DD0712C4CD072
:106AF000BF2C4BD08C2C4AD0C42C89D0C52C47D06D
:106B0000E8E389F80650052189F807109DF86F021F
:106B10004F4600EB4001C1EBC01127480A3000EBA3
:106B200001100178407801EB002000B21EF0A7FCB4
:106B300001049DF86F021C4E00EB800202EB401036
:106B40003044090CC18388F8065022D0B0F91E00E9
:106B50001EF095FC4FF4C87190FBF1F0401C4843C7
:106B600000B21EF08CFC9DF86F1201EB810202EB6B
:106B700041113144A1F82300BDF86C123879091A8B
:106B8000019851E081E085E09EE0A3E0B2E0DCE026
:106B9000E9E077E03653002034C30460BE1D026094
:106BA00078840260888C02606E1B0260C885026077
:106BB000488A02600C8D02609C7C01603E3102605C
:106BC00058330260F83F0260D8420260B8F40260B5
:106BD0007A0D0260E6100260261902602951002039
:106BE000EE190260520A0260EE0902608A09026030
:106BF00086070260C48D02605E0002607805016055
:106C0000183D026074C6026024C70260240200605E
:106C10002502006026020060043B00204C950360C2
:106C2000244300209431002000EBC00202EB00104E
:106C300001EB0010B0F5FA6F08DD9DF86F0200EB74
:106C4000800202EB40103044A0F823B0F64F00253C
:106C500042F2D878A7F800B005EB850000EB4510AC
:106C60003044B0F923001EF00AFC3988084480B291
:106C70003880404501D3A7F800806D1CEDB2102D7F
:106C8000EAD327E3A0F823B076E79DF86F02FCF77C
:106C900068FE26E3E54800681EF0F0FB0123E44AA5
:106CA000E4490FF001FFE24886F8EFB05B46417817
:106CB00002788DE80E008378C27841798079F4F704
:106CC00009FAF4F7FEF90CE388F81950DA4807F0EE
:106CD000CEFD06E39DF870129DF86F02D74A091A9F
:106CE00000EB001000EB400002EB4000491CF9F7FC
:106CF000A6FCF6E29DF86F52D14F1FE0F02D1BD29B
:106D0000C5EBC50000EB800007EB40000123C17A12
:106D10008DF80010817A8DF80110017A8DF802103B
:106D2000407A8DF8030096F832008DF804001A4678
:106D300002A96846FEF761FB6D1CEDB29DF870027A
:106D4000A842DBD8F9F73AFFC4E200959DF86F023C
:106D50000123C0EBC001BB48002200EB8100411DB4
:106D6000FEF706F9BDE2B8480078112891D1B74A7C
:106D7000B74BB84DB84EB94F0020594642F82010D5
:106D800043F8201025F8101026F8101027F81010DE
:106D9000401CC0B20328F1D39CE2B1488079162888
:106DA0002CD017282AD05F2C28D09DF86E125E298F
:106DB0003AD09DF870029DF86F22801ABDF87122BA
:106DC000401C5043A9F80A00B9F80A20B2F5FA7F2E
:106DD00038D8A448130A4370027081709DF86F225E
:106DE000C2709DF870220271BDF871224271120AC0
:106DF0008271102922D0742920D023E0D8F8000015
:106E0000984982788A70C278CA7002790A71D0F87B
:106E10000520C1F80520D0F80920C1F80920D0F8D4
:106E20000D00C1F80D000DE0BDF871024FF6FF72C4
:106E300002EA4002A9F80A20C6E7C9E1019942EA3C
:106E400041018171162C71D00EDC162C3BD2DFE88B
:106E500004F03A31353B6E3F43473A3A8C90E1E0DB
:106E6000DFDE4B50543A3A5C562C7DD00CDCA4F15A
:106E70001E000D2827D2DFE800F0D3262626D226D2
:106E8000D1D0CF268B44CE00A4F157000D281AD2C2
:106E900000E023E2DFE800F07817171771171707F3
:106EA00017C7C6C5B1009BA8FEF7D7FB6E4F4FF4BE
:106EB000967038E02D2340226C49E1E12E234022D8
:106EC0006B49DDE10746FBE0272380226949D7E1D2
:106ED0002A2308226849D3E1212304226749CFE10C
:106EE000252310226649CBE19BA80199FEF799FB67
:106EF000E8E7902308226349C2E12E230422624975
:106F0000BEE1482308226149BAE101F039F91EF0D7
:106F1000B5FA46490F4608605D48007808715D483B
:106F2000007848710A20A9F81000C9E034E01C2359
:106F3000102259499BA8FEF761FB070066D0DFF8D5
:106F400058810025C5EBC50108EB8106F11C3046D0
:106F5000FDF748FC06F10E01C81EFDF743FC6D1C51
:106F6000EDB2102DEED3ABE00AE068230C224B49C2
:106F700086E12E2310224A4982E14623F02201E0D5
:106F8000322310222E497BE1C8235022009977E159
:106F900014238022434973E14546D8F80000FCF7EA
:106FA00072FBCDF8F8044FF4C870A9F80A002F68F6
:106FB0002C4817F8162F827537F8042B120AC27561
:106FC00057F8042C120C027657F8042C120E427655
:106FD00017F8082C827437F8082C120AC27457F874
:106FE000082C120C027557F8082C120E427517F86F
:106FF000092C42744FF4E17095E700F00AFF2A492A
:1070000017200F4681F814A08DE765E18BE08BE037
:1070100081E07CE031E12CE173E04EE04AE07EE08B
:1070200032E143E084E0DDE0A82000209C7C0160A8
:10703000382300206C9A03607A0D0260E61002602B
:10704000D8420260B8F40260EE09026088870360EB
:107050007C8703606C010060720100607801006051
:107060005E000260447A01600AFC016034C304607F
:1070700036530020BE1D026078840260888C026056
:107080006E1B0260C88502600C8D0260488A026037
:107090003E2100200D2100203E3102605833026065
:1070A000F83F026044700160630D026000F0B1FEC1
:1070B000FE4FDBE0FE4F642035E7FE4FA9F810607D
:1070C0008FB3B9F80A60B9F81050AE4200D2354615
:1070D000BAF1A00F7BD299F8040040F25222831932
:1070E000934275D2F44EC84630442A46394621F0C0
:1070F00065FDB8F80A00411B98F8040028443044A4
:10710000DFE004F057FEED4F42F2B2600BE766237A
:107110001022EB49B4E019230822EA49B0E06923C0
:107120000522E949ACE0CEE030230822E749A7E098
:10713000E94A00200146E64EDFF898C392F800E0E5
:1071400023E0C1EBC10293199F79DC2F0DD2B35C10
:10715000DFF8888308EBD30803F0070398F8008072
:1071600005FA03F318EA030F0DD0232F0BD0B35CFD
:1071700000EB40020CEB4202401C9370C2F803B0DB
:1071800082F801B0C0B2491CC9B2714501D2402891
:10719000D7D300E0A5E0D34A0021DFF844835E4660
:1071A000177811E02B2201FB02839A7C52B900EB85
:1071B00040020CEB4202401C557096701B68C2F8EE
:1071C0000330C0B2491CC9B2B94202E082E05FE0BC
:1071D000BAE001D24028E5D38CF80000BD4F40F260
:1071E0008110A0E6C04FC14E002557F825001EF0C3
:1071F00045F906EB85016D1CEDB2C1F80200182DB2
:10720000F3D36FF0AA001EF03AF930805520DFF872
:10721000E0B2DFF8E08286F892000025B64850F828
:1072200025001EF02BF906EB8507C7F89F00B34831
:10723000933750F825001EF021F93860B04830F936
:1072400015001EF01CF906EB450727F8AB0F3BF9BC
:1072500015001EF014F9F88038F915001EF00FF92A
:107260006D1CEDB2B881032DD8D3A04F4FF4C87078
:1072700059E6B8230422A34902E00B23A2491022B5
:107280009BA8FEF7BBF91DE6A04F4FF400504AE65D
:107290000E228948DDF8041521F090FC99F80400CD
:1072A000811940F2522081424ED283482A46394603
:1072B0000E3021F083FCB9F80A00411B7E482844B7
:1072C0000E3021F094FC03AA7B49062019F046FFFA
:1072D000CDF8F4047A2C01D0C82C02D10120CDF8CD
:1072E000F404BAF1A00F33D2DDF8F40400282BD057
:1072F0004FF41671704821F07AFC03A96E4819F01A
:10730000F3FB6D49CDF8DA14CDF8DE040DF2D4416B
:10731000DDF80405FFF7A1F87A2C02D0162C08D06E
:107320000BE052460DF2D441DDF80C051CF052FE84
:1073300003E0DDF8F804012806D152460DF2D441ED
:10734000DDF80C051CF046FE0DF2145DBDE8F08F73
:10735000AAF1A000044607F057FA99F80A004D4632
:107360000E30C1B2544807F018FA534A6989030A2B
:107370000A4410319373D073E2B289B24E4807F0D9
:1073800023FAE1E770B500235C1E28B10578102DC3
:1073900002D14578042D01D0204670BD022904D9C0
:1073A000801C891EFEF745FE0346184670BD70B569
:1073B000040015460E464FF000000FD020704FF429
:1073C000167119F093FF6070A6701220E0704FF4F0
:1073D0001571201D2A46FFF716F8001D70BD2DE916
:1073E000F0410400069E984617464FF000003BD03F
:1073F0005020207061701220A070E01C00211AF053
:107400001EF8C51C601939461AF048FC054460197D
:1074100041461AF043FC0544601900211AF022F895
:1074200005443288601901211AF0EBFB0544D6F8B7
:107430000220601902211AF0E4FB054460190321BF
:1074400019F0FDFF0544002005E0D6F80610095CA0
:107450006155401C6D1CD6F80A108142F5DC60199C
:10746000032119F0FFFF2844BDE8F0812DE9FE4318
:107470004FF000050A9E984617465FEA0109044648
:107480008DF80050019502957DD0002E7BD02046CE
:1074900000211AF0DDF8D8B3601C01AA69461AF081
:1074A0002DF8451C9DF80000092832E07A0D026095
:1074B0008A09026086070260447A0160C48D026016
:1074C000E61002602619026029510020EE190260C0
:1074D00000900360E20B0260F8200020C493036078
:1074E000480403609A20002078050160520A026077
:1074F0007201006078010060888703607C87036008
:107500006C010060183D026074C6026024C702600E
:1075100029E012D1601902AA01991AF09CFB0544D6
:107520000FB102983870601901AA694619F0E6FF98
:1075300005449DF80000092802D00020BDE8FE8324
:10754000601902AA01991AF086FB0544B8F1000FF0
:1075500002D0029888F80000601900211AF08EF815
:107560000028EBD06D1C601902AA01211AF01EFB45
:107570004FF0FF3700281EDB054402983080601969
:1075800002AA022100E014E01AF010FB002812DB2E
:1075900005440298C6F80200601903211AF058F851
:1075A00048B16D1C601946F8060FA9EB0500401E96
:1075B00070602846C2E73846C0E770B5040016463A
:1075C0004FF0000027D03020207061701220A07092
:1075D0003288E01C00211AF014FBC51CD6F80220EA
:1075E000601901211AF00DFB05446019022119F000
:1075F00026FF0544002005E0D6F80610095C615519
:10760000401C6D1CD6F80A108142F5DC601902217D
:1076100019F028FF284470BDF0B5FE480021402530
:107620002D261022082304272E24172919D2DFE83B
:1076300001F00C1219242B323BA95159666C73834B
:107640008D7A96A1A9A9A9A94400DFF8CCC3C0F8F6
:1076500000C0067104E0DFF8C4C3C0F800C00471C4
:1076600045718FE0DFF8B8C3C0F800C04FF0270CB9
:1076700080F804C04FF0800C29E0DFF8A8C3C0F800
:1076800000C04FF01C0C54E0DFF89CC3C0F800C0F1
:107690004FF02A0C56E0DFF894C3C0F800C04FF05A
:1076A000210C80F804C06CE0DFF884C3C0F800C08F
:1076B0004FF0250C3DE0427164E0DFF878C3C0F87C
:1076C00000C04FF0690C80F804C04FF0050C80F842
:1076D00005C057E0DFF860C3C0F800C006714FF086
:1076E000020CF4E7DFF850C30CF15A0CC0F800C0EC
:1076F0004FF0680C80F804C04FF00C0CE7E7DFF89F
:107700003CC3C0F800C00471D5E7DFF834C3C0F84B
:1077100000C04FF00B0C0CE0DFF828C3C0F800C02D
:107720004FF0660C05E0DFF820C3C0F800C04FF052
:107730001E0C80F804C0BEE7DFF810C3C0F800C01C
:107740004FF0190C80F804C043711BE0DFF8FCC255
:107750000CF1C80CC0F800C04FF0300CF2E7DFF8B5
:10776000F0C2C0F800C04FF0900C80F804C04FF099
:10777000090CACE7DFF8B4C20CF1840CC0F800C00F
:1077800004714771491C09B208301429FFF64DAF46
:10779000F0BD2DE9F04FAF4887B001250570AE4828
:1077A00000274FF438610760AC4807609B4821F020
:1077B0001EFAAB4E002106F1B90006901730059075
:1077C000173004908A30039017300290934C173092
:1077D000DFF890B24FF0050A4FF00209019001F175
:1077E0000108C4F81E701FFA88F29FA1204622F0FB
:1077F00009FD84F822A084F8237084F8265084F8C8
:10780000277084F8285084F8295084F82B7084F865
:107810002C701FFA88F204F1150095A122F0F2FCF9
:107820004FF438718E4821F0E2F906F8B85F92A162
:10783000A6F81570069821F015FAF575B58590A192
:10784000059821F00FFA86F82E50A6F843908DA1E6
:10785000049821F007FA86F8B850A6F8CD7086A1F2
:10786000039821F0FFF986F8CF50A6F8E45086A1DE
:10787000029821F0F7F986F8E650A6F8FB9084A16B
:10788000B83E019821F0EEF983488BF81950057045
:107890000DF0D3FD1FFA88F12E3440299FD34FF409
:1078A00034615D4821F0A3F95B4C0026761CC4F8D6
:1078B0001E7084F8287084F82370B2B277A1204635
:1078C00022F0A0FCB2B204F1150074A122F09AFCDF
:1078D00084F82270B6B22D34402EE7D34FF4E07115
:1078E000504821F084F94F490020401C4D7580B26A
:1078F0001C311028F9D34FF414714D4821F077F959
:107900004B480021491C80F8205080F82170C78323
:1079100089B225301029F5D3DFF888814FF4FA4178
:107920006148A8F8187021F062F95F4B00214FF40C
:10793000FA6401EB4102C2EBC112002003EB021218
:107940001754401C80B2A042FAD3491C89B21029B6
:10795000EFD34FF49C51324821F049F9304C0026C6
:10796000032EC4F81E7084F8227084F8235084F823
:10797000259084F826702ED2C6EBC6004B4900EB4A
:10798000400001441522204621F018F9474A06EB31
:10799000C6013F32114420460A6840F8152F4A6854
:1079A0004260097A017226B1012E0BD0022E12D14B
:1079B0000CE084F8235084F8265044F62061C4F883
:1079C0001E1008E0C4F81E70662102E0C4F81E70A4
:1079D000672184F82610761CB6B22734802EBFD3D8
:1079E0004FF43871154821F002F944F2A0113048E3
:1079F00021F0FDF8A8F8147010494446A8F8167054
:107A0000002081F82970401C80B22E311028F8D354
:107A100050E00000FA08026034C3046036530020CE
:107A2000BE1D02603E31026078840260888C026074
:107A30006E1B026029510020FE320260F83F026096
:107A400074C60260E61002604617026026190260E2
:107A5000C88502606420002070200020782000206B
:107A6000183D02606A190360494E20256400000039
:107A7000494E2564000000004155544F00000000AD
:107A80004F4E00004F464600434F4F4C0000000051
:107A900048454154000000008A2100204F555425DC
:107AA0006400000090200020A67C0160B8C3030899
:107AB000D84202604FF48871FE4821F098F84FF4E4
:107AC000C071FD4821F093F840F20D21FB4821F0F0
:107AD0008EF84FF42061FA4821F089F84FF458618C
:107AE000F84821F084F8F7486771A77100214FF03A
:107AF0005536C0F80560C772491C89B21B30802911
:107B0000F7D3F148E771DFF8C4830770002505EB70
:107B1000850108EB8100142121F069F86D1CADB2DC
:107B2000142DF4D3DFF8A89367720025B046C5EB97
:107B3000C50109EB81061C21304621F058F86D1C67
:107B4000C6F80580ADB2F772802DF0D3E1482772F8
:107B50004FF4A8710770E04821F049F8DE4D00208D
:107B6000401CAF77EF7780B22A350828F8D34FF45E
:107B700090663146D94821F03AF8FF223146D8487C
:107B800021F02EF88421D74821F031F80020AF777A
:107B9000EF77401C80B221350428F8D3D148B821B2
:107BA000843021F024F842F2B261CF4821F01FF86E
:107BB000FE21CE4821F01BF8CC484FF48051FE3016
:107BC00021F015F8C94D0021FE35C94ADFF824C35C
:107BD0000A26002005EB811343F82020401C80B2C8
:107BE0001028F9D30CF80160491C89B24029F0D360
:107BF000C149002041F82070401C80B24028F9D3D0
:107C00005A21BE4820F0F3FFB021BD4820F0EFFF1D
:107C1000BB484021B03020F0EAFFA748C821C8384F
:107C200020F0E5FFB5484FF49C6529465A3020F016
:107C3000DEFF2946B34820F0DAFF42F62031B24891
:107C400020F0D5FF4FF4C871B04820F0D0FF4FF4BA
:107C50001651AF4820F0CBFFA84900205A310F221F
:107C600081F85E20401C80B268310C28F8D3A94806
:107C70004FF4EE71A06220F0BAFF67702770678240
:107C80004FF4CC61A44820F0B2FFA3480021491C66
:107C9000C7718772A0F8557089B266301029F6D383
:107CA0004FF4F0719D4820F0A2FF9D481F211C2237
:107CB0000170427081701E22C27001714271817127
:107CC000C171027241728272C17269460D200FF059
:107CD000DBF80C200DF101010FF0D6F89DF8000043
:107CE0009DF801104FF47A7500EB01208D492A466A
:107CF000088080218C4820F073FF8B482A46802121
:107D0000803020F06DFF8021884820F070FF874888
:107D10008021803020F06BFFFFF77EFC40F2811164
:107D2000834820F064FF67481421143820F05FFF77
:107D30006021804820F05BFF7F4D45F2FF506021BD
:107D40002880A81C20F053FF552085F8920005F1EB
:107D50001E000A2140F8757F4760876005F19E008C
:107D600040F8017F47608760C7600782C0F81270E3
:107D7000C78287618783A5F164000770A0F27E4007
:107D800020F035FF41F2CC016C4820F030FF4FF479
:107D90001675A77229466A4820F029FF69482946C6
:107DA00007806948076047608760684820F01FFFC8
:107DB00067832021664820F01AFF2021654820F0C3
:107DC00016FF574864219C3020F011FF4FF4B47126
:107DD000614820F00CFF3B481421143820F007FFC5
:107DE0007C215E4820F003FF5D4840F85C7F87807F
:107DF000877107B0BDE8F08F10B51721594820F002
:107E0000F6FE5848BDE810404FF4C871173020F016
:107E1000EEBE2DE9F047524C524E554FE07BB0700C
:107E2000207CF070607C3071A07C7071BA20B071E1
:107E3000C020F0712078307260787072A078B072D3
:107E4000E078F07220793073474806F11705007822
:107E500085F8CE004548007885F8ED00386A308016
:107E6000000CA6F81500B4F82100A6F80F00E1797F
:107E7000F1742C490988A5F8AF10A5F8C300786AF9
:107E80001DF0FCFAC5F8CA003A4940F64400A6F8CD
:107E900011000988A5F8BF10E88220786178E2789F
:107EA00000EB0120A178090401EB02610844C5F848
:107EB000B10061E04C2D0020EE1902602951002034
:107EC0004470016038E702608C010060B802036012
:107ED000B8F402604601006078840260C8850260E0
:107EE000488A0260888C0260C48D026076B40260A9
:107EF00000007F435C2E002074C50260FE320260E9
:107F000074C6026038380260E82C0160D805016050
:107F1000680701600A0F0260E610026046170260FF
:107F2000EE0802603E2100207A0502607A060260B7
:107F3000E20B026078050160520A026048040360A7
:107F4000A6F90160A8000060FEFB01601803026052
:107F5000B65E0020D65E0020860702609C9E03600D
:107F60009C3A0020630D02600D2100208F0100600B
:107F7000902000204021002094F8500085F8EE0069
:107F8000E07C2873207D6873607DA873A07DE87312
:107F9000E07D2874207E6874207985F8C500F87823
:107FA000B073E17B2970217C6970617CA970A17C30
:107FB000E970617E2971A17E6971E17EA971217FDD
:107FC000E971617F2972A17F6972E17FA97294F8DA
:107FD0002010E972FE490978012904D0022994F899
:107FE000231004D004E094F82310803100E04031E5
:107FF000E97494F8441085F82F1094F8451085F82A
:10800000301094F8461085F83110F24A94F8471071
:1080100085F8AA10518869769288AA762A2901D310
:10802000012A27D095F8F61001F0FE0185F8F61028
:1080300094F8481085F8AE1094F8511085F8F010B7
:108040004FF0010A01291AD0002185F8EF10B4F889
:10805000421085F83210090A85F8081194F82310A7
:108060004FF02308491E4FF04A0903290AD885F822
:10807000338009E095F8F61041F00101D6E785F864
:10808000EFA0E4E785F83390E1796975A17AE976A4
:10809000E17A297694F8281085F8261094F82910AA
:1080A00085F8271094F82A1085F8281094F85210B3
:1080B00085F8F71094F8531085F8F81094F85410D8
:1080C00085F8F91094F8551085F8FA1094F85610C0
:1080D00085F8FB1094F8571085F8FC1094F84110BF
:1080E00085F80E1194F8271005F82A1FBA4938347C
:1080F0000978A970B9490978E970B94909782971ED
:10810000E877386A1DF0BAF9C5F89C0085F81EA01A
:108110001422B449B4482A3D20F050FDB3480078F9
:1081200085F8C20014F8150C383C28B1401F072808
:1081300005D886F80D9004E03220707301E086F8CF
:108140000D8034F8580F25F8F30FB878A8703879F7
:10815000A875A5486168C23040F8071F2189818051
:10816000A17A8171E07A6874207BA874607BE874DE
:10817000A07B287514F8090CA876BDE8F087704735
:1081800010B59B489B4C0078A8B19B489B49B0F820
:108190000700CA8990420ED3098A88420BD8F0F7AB
:1081A00078FFB4F90010494201EBC10100EB8100F6
:1081B000A0F5616010BDF0F76CFFB4F90010494202
:1081C00001EBC10100EB810010BDFFF7E2BA70B511
:1081D0008EB081218DF800100B218DF80110002345
:1081E0008DF802301C218DF8031001228DF8042037
:1081F00028218DF80510FF218DF806108DF8071045
:108200007F498DF8083009880C0A8DF809408DF8EF
:108210000A102B2148437B498DF80B2008441A246F
:10822000417A8DF80C10FE218DF80D1010218DF87B
:108230000E108DF80F30D0F816100491817E8DF855
:10824000141022218DF815108DF81620E0218DF8DC
:10825000171091218DF8181003218DF81910C17E87
:10826000212909D00021C1F11A0202449279212A60
:1082700004D0222A09D00FE00121F4E7C1F10A015C
:108280000844C08AADF81A0005E021208DF81A00D4
:1082900094208DF81B001C245B4D40F22D115B4E89
:1082A00028782246484306EB4000694620F086FCC9
:1082B000287840F22D11414306EB4101401CA1F802
:1082C000584228700EB070BD2DE9F0415049054666
:1082D00091F82800092807D0012805D091F82A0034
:1082E000092801D0012819D1444FB87A002815D0A7
:1082F00048490020434E087043490446087055B170
:108300001BE02B2000FB0460807C10B92046FFF7A7
:108310005EFF641CE4B2B87A8442F2D3BDE8F08117
:108320002B2000FB0460817C29B90068A84202D19F
:108330002046FFF74CFF641CE4B2B87A8442EFD3C6
:10834000ECE72DE9FF5F1446DDE90F67DDF838A0A3
:108350000D4603007DD0294A00204FF0050EDFF8BE
:10836000A4C0917A934612E02B2202FB00C2D2F8FD
:108370000080984509D1927CB24206D14FF02B087B
:1083800008FB00C888F813E003E0401CC0B2884234
:10839000EAD324B9012E5CD1012F00D02C796429B5
:1083A00057D84FF00009012E01D0022E0ED1012F17
:1083B0000CD1FF2C02D12A7902B114469BF803207C
:1083C000944203D2DFF8488088F84D90884223E039
:1083D000902100207A0702600F2100201021002048
:1083E0001121002024E70260AE0D026094220020DB
:1083F0000D2100203E210020382300209020002065
:1084000040210020480403600C020060189F0360B4
:108410009C3A0020DA2100204BD12B204143E0463A
:1084200001EB08000821036086748172D5F8011001
:10843000C160B5F80510018280F813E05146BAF129
:10844000140F04D20A461630039920F0B7FB5B469E
:1084500000E02EE09BF80A102B2000FB0180012E8B
:1084600080F82AA005D0DA780271447280F80A9068
:1084700017E00471AA7A012A03D0062A03D04472B5
:1084800003E0EA7A00E0AA7B4272AA7A4AB9012F95
:1084900007D1FF2C05D12A7942722A790271012273
:1084A000827280F81590491CC8B2FD498BF80A0009
:1084B0008887BDE8FF9F30B5FB4B4FF47A72FB4CC9
:1084C0001A600022F7490523A47A08E04D7A854214
:1084D00002D18D7C05B9CB74521CD2B22B31A24291
:1084E000F4D330BDF14A9089411C91813C280ED3D0
:1084F00000209081EB480021937A06E010F8132FBA
:10850000521E491C00F8182BC9B29942F6D3704785
:1085100030B5E64C0022E34BA57A10E02B2404FB97
:1085200002342479844208D12B2000FB0230C26837
:108530000A60008A8880012030BD521CD2B2AA4253
:10854000ECD3002030BD30B5D84C0022D54BA57AF5
:1085500010E02B2404FB02342468844208D12B2031
:1085600000FB0230C2680A60008A8880012030BDAA
:10857000521CD2B2AA42ECD3002030BD70B5CB4B16
:1085800031B9DAB1022A03D1DA78904200D001463B
:108590000022C44C9D7A0FE02B2303FB02431E797B
:1085A000864207D15B7A8B4204D12B2000FB02402C
:1085B000006870BD521CD2B2AA42EDD3002070BD3B
:1085C00030B5BA4C0022B74BA57A0AE02B2404FB45
:1085D00002342468844202D10A70012030BD521C4A
:1085E000D2B2AA42F2D34FF0FF3030BDF0B5AF4C5B
:1085F0004FF0FF3631B9D3B1022B03D1E378984263
:1086000000D001460023A74DA77A0EE02B2404FBDF
:10861000035494F804C0844505D1647A8C4202D195
:10862000137058B2F0BD5B1CDBB2BB42EED33046D8
:10863000F0BD70B54178027901F01F0102F06002CF
:10864000114403290FD001290DD002290BD0A1F12B
:108650001800032805D90938032802D92539032928
:1086600028D8012070BD914C8E490022E378A57A6C
:1086700011E08C7C64B94E7A8478A64204D10E79DC
:108680009E4201D1C6780EB19C4201D1022070BD3C
:10869000521CD2B22B31AA42EBD380789842E0D060
:1086A000834900F0070201EBD001012009789040D6
:1086B0000142D6D1002070BD2DE9F0410446FFF7FC
:1086C000B8FF4FF0FF35012803D0784B022824D0A3
:1086D00037E0784C94F82800072852D094F82A10F4
:1086E00007294ED0744E0727022808D194F84F006E
:1086F00028B9307818B984F8287004F048F894F84C
:108700002A0002283DD194F84F0078BBB07868BBAE
:1087100084F82A7004F03BF833E062480021DE78E8
:108720009A7A0CE0477A94F802C0674504D1077939
:10873000B74201D1E7789FB1491CC9B22B309142B1
:10874000F0D3207901061CD54006A178400A00EB41
:108750000120E178421807D0524800219B7A0CE0B2
:108760000179A170407AE0700020D7E509E0066841
:108770009642F5D0491CC9B22B309942F7D300205C
:10878000A0702846CAE54B494C4A91F82A000128B6
:108790000BD0092809D091F82800012801D0092818
:1087A00002D11088401C108070479088401C908037
:1087B00070474049424A91F82A0001280BD0092805
:1087C00009D091F82800012801D0092802D1108889
:1087D000401C108070479088401C9080704735493D
:1087E000384A91F82A0001280BD0092809D091F8BD
:1087F0002800012801D0092802D11088401C1080CF
:1088000070479088401C9080704730B5294D2749AB
:10881000002295F828002C31A1F11003012801D085
:10882000092805D10888441C0C800F2800D91A702B
:1088300095F82A00012801D0092805D18888441C10
:108840008C800F2800D99A7030BD10B5194C94F85F
:108850002A00012801D0092802D102201BF068FB60
:1088600094F82800012801D0092804D1BDE810405F
:1088700000201BF05DBB10BD0E4810B50B4A90F8F0
:1088800050100023D07A104C401CC0B219B3FF29FD
:108890001CD0D072814202D2D372C4F8803110BD94
:1088A000B402026048040360980100609020002038
:1088B000C49303609C3A00204C2100206C010060AE
:1088C000720100607801006000002142D372012033
:1088D000C4F88001E3E7D0720528DDD8DFE70000A7
:1088E0007047F94931F810007047F84A22F8101023
:1088F0007047F64931F810007047034610B5F44848
:1089000041F2883240F6B83490F8231003FB02F0AD
:1089100003FB04F2940AEE4A800A0129D2790ED0B0
:1089200005290CD002290DD006290BD0032905D129
:10893000072A03D242F26C004343980A10BD162A5C
:10894000FCD201E0042AF9D2204610BD0246E048DC
:1089500042F2107390F8231002FB03F042F2283326
:108960005A43DB4B800A920ADB7901290BD0052997
:1089700009D002290AD0062908D0032902D1072BE1
:1089800000D210467047162BFCD2FAE7062BF8D31C
:10899000704730B5032803D1CE4B1A88521C1A8079
:1089A000CD4A105C40F6B8324A43940AC84A0228BD
:1089B000D37992F823200AD0012822D0032825D089
:1089C000042802D008B1052800D1204630BD41F26C
:1089D000883501FB05F0800A012A0CD0052A0AD04F
:1089E000022A0BD0062A09D0032AEFD1072BEDD299
:1089F00042F26C0007E0162BE8D2E6E7042BE5D242
:108A0000E3E744F620604143880A30BD42F2107427
:108A100001FB04F042F228346143800A890A012AEA
:108A20000BD0052A09D0022A0AD0062A08D0032A28
:108A3000EBD1072BE9D2084630BD162BFCD2FAE762
:108A4000062BF8D330BDA54800787047A4480078BD
:108A500070479F4890F82300012818D0052816D0A9
:108A6000022816D0062814D003281AD00A2812D0BB
:108A700098B1042813D0072811D00C2811D0092848
:108A800011D00B2811D00E2811D0002070472020C3
:108A90007047102070470620704718207047082044
:108AA00070470B2070470D2070471120704715202C
:108AB0007047874890F82300012818D0052816D061
:108AC00002281AD0062818D0032812D00A2812D05B
:108AD00098B1042813D0072811D00C2813D00928E6
:108AE00004D00B280DD00E280DD000207047182080
:108AF000704708207047032070470A2070470E20F7
:108B00007047092070470B20704771496E4A4FF437
:108B10007A7391F823100B2904D00E290BD0092960
:108B200012D01BE0118B994202D90C2816D313E006
:108B30000C2813D910E0118C994202D910280DD3BA
:108B40000AE010280AD907E0118A994202D90828B8
:108B500004D301E0082801D90020704701207047A4
:108B600070B504465F4D604E55F8240056F8241049
:108B700008444FF47A7148431CF080FCC4EBC401F4
:108B80005A4A01EB041102EB4101C1F81E0055F8ED
:108B9000240056F8241008444FF47A71484370BDFD
:108BA000F0B54B4991F823100E2903D00022032978
:108BB00013D000E004224FF461614D4B1B68B3FBFE
:108BC000F1F401FB143109B101282BD10020474CED
:108BD000444D454E474B0C3222E0B421EDE7C0EB4B
:108BE000C00101EB001104EB410191F82D1019298E
:108BF00003D00F2901D01D2910D155F8201056F8A7
:108C00002070394453F82070B94207D03A4F43F8E6
:108C1000201001217970394F03213970401CC0B2F6
:108C20009042DCD3F0BD2DE9F043294890F82300B1
:108C30000E2810D00027DFF8BCC02D4900200CF111
:108C4000400C0CF140068046DFF89C9006F1400590
:108C50000C370A6834E00427EDE7C0EBC001234B72
:108C600001EB001103EB410191F82D101D2925D1D5
:108C70005CF8203059F820108B4219D8CB1A56F8DE
:108C80002040C3EB03139B00141BB3FBF4F31C4CF9
:108C900044F8203035F810305C1C25F81040052BC6
:108CA0000CD346F820204CF8201025F8108005E061
:108CB00025F8108046F820204CF82010401CC0B247
:108CC000B842CAD3BDE8F0837A0502607A06026032
:108CD0009C3A0020B4020260B65E0020F920002019
:108CE000FA200020043B00204C95036036530020FE
:108CF00058210020902F00206A1903608A2100204B
:108D0000244300204E4951F820004FF47A71484323
:108D10007047F0B54B4890F823000E2809D0002585
:108D200000200123484E494C494F4A4A86460C359B
:108D30001DE00425F4E7C0EBC00101EB001106EBD8
:108D4000410191F82D10192903D00F2901D01D29B7
:108D50000BD154F820C057F820108C4503D213547F
:108D600044F8201001E002F800E0401CC0B2A84224
:108D7000E1D3F0BD704730B5384A0021364D147844
:108D80000CE001EB410205EB82025379527A1A445E
:108D9000824201D9834203D9491CC9B2A142F0D30E
:108DA000A14202D14FF0FF3030BD2D48C1EBC101CF
:108DB000405C2C4900F0070201EBD001012009784A
:108DC0009040014201D0012030BD002030BDF0B5FF
:108DD0000246FFF76EFE4FF0FF3690421CD81F4848
:108DE00000211D4D047813E001EB410005EB8000EC
:108DF0000379077A1F44974201D993420AD9C3786D
:108E0000C0791844904201D9934203D9491CC9B290
:108E1000A142E9D3A14201D13046F0BD1048C1EBD7
:108E2000C101405C0F4900F0070201EBD0010120B5
:108E300009789040014201D00120F0BD0020F0BD32
:108E4000244300209C3A002036530020703000203C
:108E50004C9503605C9A036068780360F8200020FA
:108E600000900360C493036010B5044690F822009C
:108E7000FF280FD194F82500FF280BD194F8260085
:108E8000FF2807D194F82800FF2803D194F82C007C
:108E9000FF280AD0092104F1150000F0BEFE30B110
:108EA0001321204600F0B9FE08B1012010BD0020BA
:108EB00010BD10B5044690F82200FF281BD194F88D
:108EC0002600FF2817D194F82700FF2813D194F823
:108ED0002800FF280FD194F82900FF280BD194F81F
:108EE0002B00FF2807D194F82C00FF2803D194F819
:108EF0002D00FF280AD0092104F1150000F08DFE95
:108F000030B11521204600F088FE08B1012010BDC7
:108F1000002010BD10B5044690F82200FF280FD1A4
:108F200094F82300FF280BD194F82400FF2807D1E0
:108F300094F82500FF2803D194F82600FF280AD0D2
:108F4000092104F1150000F068FE30B1152120461A
:108F500000F063FE08B1012010BD002010BD2DE916
:108F6000F0470746FE48002400EB8700DFF8F48353
:108F700006884588DFF8F0934FF4006A0AE006EBB4
:108F8000C42202EB090008EBC4215246F1F7C8FEE7
:108F9000641CE4B2B4EBD52FF1D35FB1012F0ED036
:108FA000022F11D1EF49F1484FF49C52BDE8F04730
:108FB0001FF004BE4FF43462EA49ED48F6E74FF47F
:108FC0003862E849EB48F1E7BDE8F0872DE9F04762
:108FD0000025DFF89CA3DFF88883DFF88C93A2B02C
:108FE0002E462C46C4EB041000EB400707EB0A00AA
:108FF000FFF73AFFC8B1B8F8001007EB09000844C2
:109000002D226946F1F78CFE6F463846FFF72CFF9C
:1090100058B92D21384600F00DFE30B9761CB6B295
:10902000022E02D945F0010503E0641CA4B2402CD5
:10903000D8D30026DFF83CA33446C4EBC40000EBD1
:1090400004170AEB4700FFF734FFC8B1B8F8041063
:1090500009EB470008442E220CA9F1F761FE0CAF82
:109060003846FFF726FF58B92E21384600F0E2FDBA
:1090700030B9761CB6B2022E02D945F0020503E0E3
:10908000641CA4B2402CD8D30026DFF8E0A23446FA
:10909000C4EBC40000EB441707EB0A00FFF73AFFEC
:1090A000C8B1B8F8081007EB09000844272218A92E
:1090B000F1F736FE18AF3846FFF72CFF58B92721D5
:1090C000384600F0B7FD30B9761CB6B2022E02D990
:1090D00045F0040503E0641CA4B2802CD8D32846D4
:1090E00022B071E770B59F4800252C461A211A3826
:1090F0001FF07DFD00209B4E994A1A3E034617281B
:1091000066D2DFE800F00C10151A1F242865652DC3
:1091100032623741453C4A4F535865655D00002532
:109120004FF4346454E029198DB24FF438644FE0A1
:1091300029198DB24FF49C544AE029198DB24FF48D
:10914000E07445E029198DB24FF4A87440E0291964
:109150008DB284243CE029198DB24FF4147437E0A9
:1091600029198DB24FF49C6432E029198DB24FF465
:1091700038742DE029198DB24FF4CC6428E02919F8
:109180008DB24FF4F07423E029198DB2C8241FE08A
:1091900029198DB24FF4C0741AE029198DB24FF419
:1091A000906415E029198DB2B82411E029198DB207
:1091B00040F2F2640CE029198DB244F2A01407E0E9
:1091C00029198DB240F20D2402E029198DB2B02484
:1091D000610504D0E10AC90201F500618CB202EB1D
:1091E00080010D804C803354401CC0B2182886D3B7
:1091F0006149002000EB800202EB40120A44401C4F
:10920000C0B2A2F823301028F4D370BD2DE9F0418C
:109210000D46064600244FF4806706EB4400F1F744
:10922000FEFC35F81410884202D00020BDE8F08121
:10923000A00601D1EFF7A5FD641CA4B2BC42ECD39B
:109240000120F3E710B54D48F1F7E9FC04464B481F
:10925000801CF1F7E4FCA4F525415A393FD10128DF
:109260003DD14648001DF1F7DAFC04464348801D15
:10927000F1F7D5FC44EA00443B4840422044B0F5B5
:10928000BC3F01D8600502D0F1F762FC21E04FF449
:1092900000623B493B48F1F743FD39492046FFF75F
:1092A000B5FF0028F0D1EFF76CFDF1F751FC204637
:1092B000F1F77CFCEFF765FD3149204600F0C6FC74
:1092C0002F492046FFF7A2FF18B12F48418C491CB7
:1092D000418400F0D2FCBDE81040F1F73FBC10BD66
:1092E0007CB50D460446EFF74CFD4FF40066324660
:1092F00026492046F1F714FD3246294623481FF03F
:10930000A4FC00286FD0EFF73CFDF1F721FC1D4EC7
:109310003046F1F74BFCEFF734FD2946304600F0BC
:1093200095FC29463046FFF771FF88B34AF25A5040
:10933000ADF800000120ADF80200ADF80440200CAB
:10934000ADF80600EFF71DFD0C4E3046F1F72EFC90
:10935000EFF717FD042269463046F1F76BFC18E081
:10936000A47703608419036000800608BE1D0260B4
:1093700034C30460365300206E1B026000A8070847
:10938000A467036000A00708B4020260A46F036032
:1093900010E0EFF7F6FC2046F1F708FCEFF7F1FCE0
:1093A0002946204600F052FC29462046FFF72EFFB2
:1093B00020B10CE0F1F7D2FB00207CBDEFF7E1FC1F
:1093C0002046F1F7F3FB2946204600F03FFC00F071
:1093D00054FCF1F7C3FBEFF7D4FC29462046FFF716
:1093E00015FF0028E9D001207CBD70B5FE4C607EE1
:1093F000012833D172B6F1F7ABFBFC4D2846F1F7EB
:10940000D5FB4FF40A72FA492846F1F7A1FCB822BD
:10941000F849F948F1F79CFCEA14F849F848F1F7E3
:1094200097FCF5481422F7492838F1F791FCF248E7
:109430001422F5491438F1F78BFCEF486422F34904
:10944000B830F1F785FCEC480722F1493038F1F7E4
:109450007FFCF1F783FB62B60020607670BD70B5CB
:10946000E14C207E01281CD172B6F1F771FBE94D69
:109470002846F1F79BFBE7481422E749A030F1F7B3
:1094800067FC4FF41072E549E548F1F761FC7C2276
:10949000E4492846F1F75CFCF1F760FB62B6002076
:1094A000207670BD2DE9F0470024DFF87C93DFF8CB
:1094B0007CA34FF4FA67DFF87883EFF762FC09EBDF
:1094C000C4263046F1F772FB04EB840000EB441134
:1094D00001EB0A05B5F923001BF0D1FF00281ADDC6
:1094E000B5F923001BF0CBFFB84214DCB5F923001B
:1094F0001BF0C5FF81B208EBC420F1F774FB04EB4D
:109500004400CC49C0EBC41001EB001130463A4690
:10951000F1F71EFC04E008EBC4200021F1F763FB27
:10952000641CE4B2102CC8D34EE52DE9F05FFFF7C0
:1095300089FEDFF8B482002418F80400012871D1F4
:10954000BD4844F61F6100EB840046880788701E02
:10955000884204D8A44831461A301FF048FB172C23
:1095600018D2DFE804F00C1023272B2F3217173AFC
:109570003E4217494C455054575B171736004FF47D
:109580003462AE4902E0AE494FF4386296481A3070
:109590001FF014FB0F2C46D0DFF84CA200250AF177
:1095A0001A0ADFF8A0B2DFF8A09255E04FF49C52FF
:1095B000A649EBE74FF4E072A549E7E74FF4A8723C
:1095C000A449E3E78422A449E0E74FF414729749E1
:1095D000DCE740F20D22A149D8E74FF49C62A04994
:1095E000D4E74FF438729F49D0E7B0229E49CDE7C7
:1095F0004FF4F0729D49C9E7C8229D49C6E74FF470
:10960000C0729C49C2E74FF490629B49BEE7B82202
:109610009A49BBE74FF42F729949B7E744F2A01279
:109620009849B3E71EE072B6F1F792FAFFF73AFFF6
:10963000F1F794FA62B612E007EBC52101EB0B00DB
:109640000AEBC521FFF74CFE20B9B9F85210491CAE
:10965000A9F852106D1CEDB2B5EBD62FECD300215A
:1096600008F80410641CA4B2182CFFF465AFFFF7CF
:10967000F6FEBDE8F05FB8E62DE9F0476548142234
:109680006549A030F1F74CFB63480178FF2906D10A
:109690004078FF2803D114215F481FF0A8FA4FF447
:1096A00010725E495E48F1F73BFB4FF40A72504975
:1096B0004E48F1F735FBB8224E494F48F1F730FBE1
:1096C0004D4864225149B830F1F72AFB484C4FF617
:1096D000FF77DFF81491B4F8CD00012500264FF094
:1096E0000208B8421BD104F8B85F4148A4F81560DD
:1096F00065A1B9301FF0B6FA3D48E575A58564A1AE
:10970000D0301FF0AFFA84F82E503948A4F84380C7
:1097100060A1E730B83C1FF0A5FA89F81950B4F8F9
:109720008501B8421CD184F870513248A4F8856193
:1097300055A1B73804F5B8741FF094FA2D48E575B3
:10974000A58555A1A0381FF08DFA2A4884F82E501F
:10975000A4F8438052A189381FF084FA89F819507F
:10976000254807222A493038F1F7DAFA28485C38C8
:1097700090F85C10FF290FD1C665A0F8606080F8F2
:10978000626080F85C5080F85E5090F823100B29DE
:1097900012D0092180F85D104FF4C8724249434845
:1097A000F1F7BEFA7C221F491A48F1F7B9FA1D48B1
:1097B0000178FF2902D008E00D21EBE74078FF286F
:1097C00003D17C2117481FF012FA4FF480720B4925
:1097D0000B48F1F7A5FA094A354C00204FF09F4C91
:1097E00052F82010A14265E06A190360008807085A
:1097F000183D0260403F0260588B070874C5026044
:10980000288A070824200020382000208A090260C6
:10981000F83A00200080070824E70260488A0260C6
:10982000308507089C9E0360000006086E1B0260DE
:10983000D0070608A67C0160A477036034C30460E7
:109840003653002000800608B4020260BE1D02608C
:109850003E31026078840260888C026029510020C9
:1098600058330260F83F026074C602604617026017
:1098700026190260EE190260C88502600C8D026034
:1098800000900360D84202604155544F0000000030
:109890004F4E00004F464600434F4F4C0000000023
:1098A0004845415400000000141503600098070863
:1098B00000FF7F4704D0614502D011F0FF4F01D176
:1098C00042F82060401C80B2F34BF44FF44D4FF44B
:1098D000C061402884D389460A46394698461846CE
:1098E000F1F71EFAD7E900011FF016FE2BD1D7E9D8
:1098F00002011FF011FE26D13968A94223D0B868B1
:10990000A84220D02646B1421DD0B0421BD072B62C
:10991000F1F71EF94046F1F749F90021002007EB65
:10992000811242F82060401C80B21028F9D3491CF3
:1099300089B21829F2D34A46D8494046F1F708FAC5
:10994000F1F70CF962B60021002007EB811252F802
:109950002030A34201D142F82050401C80B2102890
:10996000F5D3491C89B21829EED31422CD49CE482B
:10997000F1F7D6F9BDE8F047CB481422CB491430B3
:10998000F1F7CEB92DE9F047C9490020DFF824935B
:10999000DFF82483C94F088004464FF4FA6609EBC8
:1099A000C420F1F73CF9B04200D9002000B21BF00E
:1099B00066FD04EB840101EB441202EB0805A5F8F7
:1099C000230000B21BF05BFD002812DDB5F9230077
:1099D0001BF055FD324690420BDC04EB4400C0EB1B
:1099E000C41007EB0011B64800EBC420F1F798F95A
:1099F00008E004EB4400C0EBC41007EB0010314654
:109A00001FF0F5F8641CE4B2102CC8D38CE52DE9E6
:109A1000F04FFFB00020ADF80100FFF713FCDFF8B6
:109A2000A482A94F002544F6206BA8488DF8005069
:109A300000EB85000024418801910688DFF89092B0
:109A40004FF4006A0CE006EBC42101EB0800484526
:109A50000AD807EBC4215246F1F762F9641CE4B25C
:109A60000198B4EBD02FEED30198012281B2594571
:109A700000D95946002004E03B5CFF2B04D1401C78
:109A800080B28842F8D3D2B9172D18D2DFE805F09A
:109A90000C11282D32373B1717454A4F17595D5384
:109AA00062676B70171740004FF43462864989482B
:109AB00003E04FF43862844987481FF07FF86D1C3B
:109AC000EDB2182DB1D30020834B0122C0EBC001B1
:109AD00001EB001103EB410191F82D4084B34EE0FE
:109AE0004FF49C5278497D48E7E74FF4E07276499D
:109AF0007B48E2E74FF4A87273497A48DDE7842295
:109B000071497948D9E74FF414726F496A48D4E72C
:109B100040F20D226C497548CFE74FF49C626A49C8
:109B20007348CAE74FF4387267497248C5E7B022F4
:109B300065497148C1E74FF4F07263496F48BCE76B
:109B40001BE0C82260496E48B7E74FF4C0725E4917
:109B50006C48B2E74FF490625B496B48ADE7B822BE
:109B600059496A48A9E74FF42F7257496848A4E752
:109B700044F2A012544967489FE781F82820401C0E
:109B8000C0B24028A2D3534B0020C0EB001101EB20
:109B90004101194491F828400CB981F82320401C58
:109BA000C0B24028F1D34D4B0020C0EBC00101EB07
:109BB0004011194491F826400CB981F82320401C2B
:109BC000C0B28028F1D3FFF7DDFE7FB0BDE8F04FD3
:109BD00052E510B572B6F0F7BBFF2F4C2046F0F7F8
:109BE000E5FF4FF4C0622D492046F1F7B1F8F0F7D8
:109BF000B5FF62B610BD10B572B6F0F7A9FF464CBE
:109C00002046F0F7D3FF4FF4C87244492046F1F7DD
:109C10009FF8F0F7A3FF62B610BD002206E0835C58
:109C2000FF2B01D000207047521CD2B28A42F6D3DB
:109C300001207047002205E0835C0BB100207047D3
:109C4000521C92B28A42F7D3012070472DE9F041AD
:109C50000D46064600244FF4806735F8141006EBD5
:109C60004400F0F7C0FFA00601D1EFF78AF8641CAA
:109C7000A4B2BC42F1D3BDE8F08110B5284C204617
:109C8000F0F7CDFF012805D12046BDE810400021A6
:109C9000F0F7A9BF10BD00000090070874B502607E
:109CA00000007F4324200020308B0708382000204C
:109CB000A8200020D00706086E1B0260A67C016069
:109CC000000006080080060884190360A47703607A
:109CD00000F8070834C3046036530020BE1D02603C
:109CE0003E31026078840260888C02602951002035
:109CF00058330260F83F026074C602604617026083
:109D000026190260EE190260C88502600C8D02609F
:109D100000900360D84202600098070814150360A1
:109D200002A8070870B5FF4B0024C3F88C41FE4A17
:109D30000125C2F898512246C3F89041060602D583
:109D4000C3F8945101E0C3F89441C3F89051400620
:109D5000521C000ED2B2082AEED30020C3F8904164
:109D60000A0602D5C3F8945101E0C3F89441C3F840
:109D700090514906401C090EC0B20828EED3C3F822
:109D80008C5170BD2DE9FF4F16460821B1FBF6FA44
:109D90000121B14089B0054616984A1EC3F3451803
:109DA0004FEAD32C03F01F09D7B2C30AC0F3451200
:109DB000CCB200F01F000021CDF820D0ACEB030E98
:109DC000A8EB020BA9EB0009641E19E00EFB01FCD5
:109DD0009CFBF4FC9C444FEACC280BFB01FC9CFB55
:109DE000F4FC944448EA4C1809FB01FC9CFBF4FC8D
:109DF000844448EA0C08DDF820C02CF81180491C86
:109E0000A142E3DD4FF0000CE84615E000240CE031
:109E1000287804FB06F1C840384038F81000C1B279
:109E2000000AFFF77FFF641CA4B25445F0D30CF185
:109E3000010C1FFA8CFC6D1C0A988445E6D30DB00A
:109E4000BDE8F08FC0F30722C1B210466AE730B513
:109E5000B44A0023C2F88C31B349C1F8983119468D
:109E60000124C2F89031050602D5C2F8944101E000
:109E7000C2F89431C2F890414006491C000EC9B2A4
:109E80000829EED3C2F88C4130BD30B5A54A002375
:109E9000C2F88C31A4490124C1F898411946C2F88E
:109EA0009031050602D5C2F8944101E0C2F8943120
:109EB000C2F890414006491C000EC9B20829EED3F1
:109EC000C2F88C4130BD2DE9F04106468846C2F308
:109ED0000724D7B2C3F3072503F0FF0C2A20FFF7AE
:109EE000B6FF0020FFF7D1FF3046FFF7CEFF00207E
:109EF000FFF7CBFF4046FFF7C8FF2B20FFF7A7FF78
:109F00002046FFF7C2FF3846FFF7BFFF2846FFF79E
:109F1000BCFF6046FFF7B9FFBDE8F0412C2096E793
:109F20002DE9F0410646002240F23F13EF21104692
:109F3000FFF7C9FF00254FF4A07700243046FFF754
:109F400081FF641CF02CF9D36D1CBD42F5D3BDE834
:109F5000F08100B52820FFF77AFF10205DF804EBB0
:109F600075E710B51120FFF772FF7820F3F765FD54
:109F7000BDE8104029206AE7F8B501214C20EFF731
:109F800022F80126ADF8006010248DF80340032567
:109F90008DF8025069466548EEF70FFE3C20ADF89B
:109FA00000008DF803408DF8025069466048EEF7D6
:109FB00004FE4020ADF800008DF803408DF80250FB
:109FC00069465C48EEF7F9FD5B48C0F880615B4983
:109FD00000200870F8BD70B5524C0125C4F88C51B2
:109FE000052004F5C474F3F728FD002020600A2042
:109FF000F3F723FD25607820F3F71FFD1120FFF70D
:10A0000026FF7820F3F719FDCF20FFF720FF00206F
:10A01000FFF73BFFC320FFF738FF3020FFF735FF86
:10A02000ED20FFF714FF6420FFF72FFF0320FFF759
:10A030002CFF1220FFF729FF8120FFF726FFE820E1
:10A04000FFF705FF8520FFF720FF1020FFF71DFF1A
:10A050007920FFF71AFFCB20FFF7F9FE3920FFF731
:10A0600014FF2C20FFF711FF0020FFF70EFF342014
:10A07000FFF70BFF0220FFF708FFF720FFF7E7FECF
:10A080002020FFF702FFEA20FFF7E1FE0020FFF7A4
:10A09000FCFE0020FFF7F9FEC020FFF7D8FE2220CB
:10A0A000FFF7F3FEC120FFF7D2FE1120FFF7EDFE10
:10A0B000C520FFF7CCFE3D20FFF7E7FE2020FFF78D
:10A0C000E4FEC720FFF7C3FEAA20FFF7DEFE36201E
:10A0D000FFF7BDFEC820FFF7D8FE3A20FFF7B7FE16
:10A0E0005520FFF7D2FEB120FFF7B1FE0020FFF7A9
:10A0F000CCFE1320FFF7C9FEB620FFF7A8FE0A200A
:10A10000FFF7C3FEA220FFF7C0FEF620FFF79FFE79
:10A110000120FFF7BAFE3020FFF7B7FEF220FFF76D
:10A1200096FE0DE00000234200802142000801401D
:10A1300000180140000C0140000021429B2000203B
:10A140000020FFF7A2FE2620FFF781FE0120FFF787
:10A150009CFEE020FFF77BFE0F20FFF796FE3F20DE
:10A16000FFF793FE2F20FFF790FE0C20FFF78DFEE8
:10A170001020FFF78AFE0A20FFF787FE5320FFF723
:10A1800084FED520FFF781FE4020FFF77EFE0A20E7
:10A19000FFF77BFE1320FFF778FE0320FFF775FE25
:10A1A0000820FFF772FE0320FFF76FFE0020FFF785
:10A1B0006CFEE120FFF74BFE0020FFF766FE00205B
:10A1C000FFF763FE1020FFF760FE0320FFF75DFE40
:10A1D0000F20FFF75AFE0520FFF757FE2C20FFF750
:10A1E00054FEA220FFF751FE3F20FFF74EFE052050
:10A1F000FFF74BFE0E20FFF748FE0C20FFF745FE51
:10A200003720FFF742FE3C20FFF73FFE0F20FFF70D
:10A210003CFE1120FFF71BFE7820F3F70EFC2920EF
:10A22000FFF715FEBDE870403220F3F706BC2DE9BC
:10A23000F843DDE9089848B3F84C1825242702268E
:10A24000A3F120005F2800D3202303EBC30000EB21
:10A25000400004EBC004A4F5D8544819401E00F097
:10A26000FF0CD319C8B261465B1EFFF72CFE7D437D
:10A270007543E81705EB5070C1084B46324620463F
:10A28000CDF80080FFF77EFDBDE8F883E44C302573
:10A29000602704262D2B0FD004F5C640202B0ED0AE
:10A2A000A3F1300CBCF1090F09D803EBC30004EB98
:10A2B0000024A4F5D834D0E704F5B444CDE704462F
:10A2C000CBE72DE9FC471D46DDE90A9816460C460A
:10A2D000074609E0CDE900983246A1B23846FFF7BB
:10A2E000A6FF37B117346D1C2B78002BF2D1BDE8D7
:10A2F000FC871F34F7E71CB5832401280094C9A309
:10A30000019405D0C22200210120FFF7DAFF1CBD15
:10A310006C2200210120FFF7D4FF0094C1A39722F3
:10A320000194F0E72DE9FC4107460E460120FFF7B6
:10A33000E2FF83244FF6FF75CDE900543B466C22C3
:10A3400000210120FFF7BDFFCDE9005433469722DD
:10A3500000210120FFF7B5FFBDE8FC8100B5B6483C
:10A360008DB0B6A1827C68461FF04CFFB5A106A84F
:10A370001FF048FF694606A8FFF7D4FF0DB000BDE7
:10A3800010B5FFF7F9FDFFF726FEBDE8104083206A
:10A39000C6E52DE9F843DDE9089830B3AB48102550
:10A3A00018270226A3F120045B2C00D3202303EB03
:10A3B000430300EB4314A4F540644819401E00F029
:10A3C000FF0CD319C8B261465B1EFFF77CFD7D43CD
:10A3D0007543E81705EB5070C1084B4632462046DE
:10A3E000CDF80080FFF7CEFC4EE78D4C302560277E
:10A3F00004262D2B0FD004F5C640202B0ED0A3F140
:10A40000300CBCF1090F09D803EBC30004EB0024A6
:10A41000A4F5D834D1E704F5B444CEE70446CCE73C
:10A420002DE9FC471D46DDE90A9816460C4607460D
:10A4300009E0CDE900983246A1B23846FFF7A9FFFE
:10A440002FB110346D1C2B78002BF2D14FE718344C
:10A45000F8E7F8B51D46A2F12003069C5F2B00D358
:10A4600020227B4BC2EB021203EB820600F10902B1
:10A47000D7B201F117030A46C0B23946A6F5F06615
:10A48000FFF721FD2B4602223C2130460094FFF7C6
:10A4900079FCF8BD2DE9F8431F4614468846054669
:10A4A000089E08E03B46414628460096FFF7D1FF4C
:10A4B0000A35ADB2641C2278002AF3D1E4E6F8B57F
:10A4C0001D46A2F12003069C5F2B00D32022614B86
:10A4D00002EBC20203EBC20600F10B02D7B201F19C
:10A4E00017030A46C0B23946A6F51066FFF7EBFC23
:10A4F00048212B46022230460094FFF743FCF8BD6A
:10A500002DE9F8431F46144688460546089E08E094
:10A510003B46414628460096FFF7D1FF0C35ADB2C9
:10A52000641C2278002AF3D1AEE670B5164601FB12
:10A5300000F2049C95B218446218401EC1B2D8B211
:10A54000531E2246FFF7BFFC002407E036F8140034
:10A55000C1B2000AFFF7E6FB641CA4B2AC42F5D31B
:10A5600070BD2DE9F0411646DDE906C400FB01F29D
:10A570001D466318604402EBD272401EC2F34F07BF
:10A58000C1B20CF0FF0022465B1EFFF79CFC0024CA
:10A5900012E0305D00F00F0035F81000C1B2000A83
:10A5A000FFF7C0FB305D000935F81000C1B2000AAA
:10A5B000FFF7B8FB641CA4B2BC42EAD3C7E42DE9A0
:10A5C000F04101FB00F4069AA5B218445418401E4D
:10A5D000C1B2D8B2631E089EFFF775FC0024370A8B
:10A5E00005E0F1B23846FFF79DFB641CA4B2AC4213
:10A5F000F7D3ACE42DE9F041804617480125174E0A
:10A600000C46814201DD04462CE01548844201D904
:10A61000044601E0B44225D3012024E0F8310408C7
:10A6200070C403082020202020202020202020206B
:10A6300020202020000000009C3A002049503A25AC
:10A640007500000054535441542D500020820408DA
:10A6500040A4040884BA0408003C1C460000808022
:10A6600000C079C40020C0F10407B44202D384F0D2
:10A67000004000E020461EF0BAFE0A2102E090FBF6
:10A68000F1F06D1C0A28FADA7D1B6D1E022D12DD19
:10A69000022510E0022D204617D01EF00DFF0B46BC
:10A6A0000246F9A140461FF0ADFD40461EF0BCFA3F
:10A6B00004281BD96D1E002DECDC4FF07C51B442F8
:10A6C000204608D31EF05DFC07E01EF0F5FE0B46A9
:10A6D0000246EFA1E6E71EF002FC1EF088FE0246ED
:10A6E0004046BDE8F041ECA11FF08CBD2FE4F0B571
:10A6F00087B00E46054600242022042102A81EF041
:10A700006FFA00208DF80C00681E022858D8C6EB9E
:10A71000C60000EB4611E1480F1897F82660A6F135
:10A720006500022839D8C6EBC60000EB0610DC4EE7
:10A73000D7F81E204FF47A7106EBC000C4EBC40CAE
:10A7400092FBF1F30CEB041C8444ACF5A04CBCF878
:10A750007DC763451DD1C4EBC40101EB0414204443
:10A76000A0F5904097381EF05FFAC2B2042A00D3D9
:10A77000042297F82600C0EBC00101EB001006EBA5
:10A78000C0000119A1F5904102A897391EF016FAF0
:10A7900016E0641C082CD1DB12E0D7F81E402046DE
:10A7A0001EF0F9FDBF491EF024FC0146BE4884425C
:10A7B00000DBBE4997F8230090B102A8FFF71AFF0B
:10A7C00002A801F060F841F206104FF6FF71012D6A
:10A7D00071D0022D70D0032D6FD102ABC42292E054
:10A7E00097F8240000B101201EF0DEFD172EE7D2FD
:10A7F000DFE806F00C0D141B222930353A41485190
:10A8000055595D64686C7074787C8000D8E710F0EE
:10A81000FF4F01D1A6A03BE0A7A039E010F0FF4F09
:10A8200001D1A7A034E0A8A032E010F0FF4F01D181
:10A83000A7A02DE0A8A02BE010F0FF4F01D1A8A009
:10A8400026E0A9A024E010F0FF4F01D1A8A01FE04E
:10A85000A9A01DE010F0FF4FF8D0A9A018E010F05B
:10A86000FF4FF3D0A8A013E010F0FF4F01D1A8A034
:10A870000EE0A9A00CE010F0FF4F01D1A8A007E066
:10A88000A9A005E010F0FF4F01D1A9A000E0AAA007
:10A890000068029094E710F0FF4FE3D0DDE710F07E
:10A8A000FF4FB9D0B6E710F0FF4FBCD0B9E710F0BA
:10A8B000FF4FBFD0BCE721E023E02AE010F0FF4FBC
:10A8C000BFD0BCE710F0FF4FC2D0BFE710F0FF4F82
:10A8D000C3D0BBE710F0FF4FC4D0B7E710F0FF4F75
:10A8E000C7D0C4E710F0FF4FCAD0C7E710F0FF4F42
:10A8F000CDD0CAE710F0FF4FB4D1AEE702AB6E2265
:10A9000001E002AB9922CDE900108A210120FFF776
:10A91000D8FC07B0F0BD411EC9B2E8E62DE9FF47FB
:10A92000432264262E2500240A234FF030094FF0DD
:10A93000200C4FF47A78002863DB404520DB90FB45
:10A94000F8F130318DF8081090FBF8F108FB110197
:10A9500091FBF6F130318DF8091090FBF6F106FB12
:10A96000110191FBF3F130318DF80A1090FBF3F1F6
:10A9700003FB110030308DF80B508DF80C002BE0EC
:10A98000642817DB90FBF6F130318DF8081090FB4E
:10A99000F6F106FB110191FBF3F130318DF809104E
:10A9A00090FBF3F103FB11008DF80A5030308DF865
:10A9B0000B000FE00A2812DB90FBF3F130318DF829
:10A9C000081090FBF3F103FB11008DF809503030B3
:10A9D0008DF80A008DF80C208DF80D40C1E090FB39
:10A9E000F3F103FB11008DF808908DF80950303019
:10A9F0008DF80A008DF80C408DF80B208DF80DC0F5
:10AA0000AFE02D27414210F57A7F19DC91FBF8F079
:10AA10008DF8087030308DF8090091FBF8F008FBD4
:10AA2000101090FBF6F030308DF80A0091FBF6F034
:10AA300006FB101090FBF3F030308DF80B0014E0A3
:10AA400010F1640F14DC91FBF6F08DF808703030D3
:10AA50008DF8090091FBF6F006FB101090FBF3F067
:10AA600030308DF80A008DF80B208DF80C4078E01E
:10AA700010F10A0F8DF8087062DC91FBF3F03030B2
:10AA80008DF809005EE05BE0252E316600000000D5
:10AA9000252E32660000000025640000BE1D026005
:10AAA000183D026000007A4480969800003C1C46E5
:10AAB0004F464620000000004F4E202000000000BE
:10AAC000434C5344000000004F50454E000000002E
:10AAD00053544F50000000005354525400000000E3
:10AAE0004453424C00000000454E424C0000000020
:10AAF0004E4F524D00000000414C524D00000000EE
:10AB000048494748000000004C4F57200000000013
:10AB10004E4F202000000000594553200000000047
:10AB2000434F4F4C000000004845415400000000D6
:10AB3000554E4F43000000004F43432000000000EB
:10AB40008DF8099091FBF3F003FB10108DF80C20A9
:10AB50008DF80A5030308DF80D408DF80B008DF8CF
:10AB60000EC041F206114FF6FF70CDE9000102ABB5
:10AB70006C226A210120FFF7A4FBBDE8FF87C0EB30
:10AB8000C00101EB0010FF491CB50844FE4950F814
:10AB9000B92FC1F80B200079C87301F10B001EF02A
:10ABA00043F8C0B2411E04290FD2F74920220B31CD
:10ABB000012806D0022805D0032804D0042803D099
:10ABC00003E04A708A70CA700A7141F206114FF6AA
:10ABD000FF70ED4BCDE900010B3397226A21012074
:10ABE000FFF76FFB1CBD1FB5022803D0012803D05F
:10ABF00020B107E0E5A102E0E6A100E0E7A102A89C
:10AC00001EF030F841F206114FF6FF70CDE9000159
:10AC100002ABC2226A210120FFF753FB1FBD80282F
:10AC200012D2C0EBC00202EB4012DE48104490F892
:10AC300023205AB1D0F81E004FF47A7290FBF2F044
:10AC4000002801DB884207DB0020704790F82400D1
:10AC50000028F5D00120F3E7C0B270471CB50321EE
:10AC60001820FFF7DCFF4FF489740621CDE90014AA
:10AC7000CD4951F820300C3951F820202D214820A1
:10AC8000FFF76FFC05211920FFF7C9FF5421CDE91B
:10AC90000014C549203151F82030143951F82020D2
:10ACA0002D214820FFF75DFC02211A20FFF7B7FF96
:10ACB000A221CDE90014BD4951F82030083951F8DE
:10ACC00020202D214820FFF74CFC1CBD2DE9FE4320
:10ACD000064683270520CDE900070D46E323002221
:10ACE000602109200297FFF76AFC022D1ED3082D70
:10ACF00000D9082500244FF6FF7842F6C91913E061
:10AD0000B44201D1404600E0484604EB44018900CA
:10AD1000491DCDE9001702900921E32300220846CE
:10AD2000FFF74DFC641CE4B2AC42E9D3BDE8FE83FE
:10AD30007FB5832450B13820CDE9000400231A46A2
:10AD400032211E200294FFF73AFC7FBD95484FF454
:10AD50007A710A22D0F83B0490FBF1F0642802D308
:10AD60004FF0FF3005E00A2803DB90FBF2F13031B1
:10AD700000E020218DF80C10002806DB90FBF2F19A
:10AD800002FB110000F1300001E04FF020008DF8CF
:10AD90000D0002DB4FF0250001E04FF020008DF8A0
:10ADA0000E004FF000008DF80F004FF6FF752B4698
:10ADB0007FA24FF038014FF005000094FFF76AFBC7
:10ADC0002B4603AA522100200094FFF763FB7FBDAE
:10ADD00070B5784B0C2086B09A785979B2FBF0F4B4
:10ADE00000FB14200C2A01D3012400E000244A1E99
:10ADF0000C2A00D3012100B90C206B4A20253432E3
:10AE000002EB810111F8042D8DF804204A788DF8A9
:10AE1000052089788DF806108DF80750DA780A2118
:10AE2000B2FBF1F630368DF80860B2FBF1F601FBAB
:10AE3000162230328DF809207C228DF80A508DF8C8
:10AE40000B208DF80C500A2801D3312200E020227B
:10AE50008DF80D20B0FBF1F201FB120030308DF8BF
:10AE60000E003A208DF80F005878B0FBF1F2303226
:10AE70008DF81020B0FBF1F201FB120030308DF89C
:10AE800011008DF812500CB1502000E041208DF8D7
:10AE900013004D208DF8140000208DF8150041F2AC
:10AEA000061000904FF6FF7301AAF3211220FFF75E
:10AEB00027FB06B070BD3EB583254FF6FF746720B3
:10AEC0008DE8310000231A462D21EF20FFF777FB94
:10AED00092208DE8310000231A462D21EF20FFF744
:10AEE0006EFBBD208DE8310000231A462D21EF2096
:10AEF000FFF765FB3EBD2DE9FF4764250A232024AB
:10AF00004FF000084FF47A77202A29D02E264FF0F0
:10AF1000300900297DDBB9427CDB91FBF7F0303052
:10AF20008DF8080091FBF7F007FB101090FBF5F08F
:10AF300030308DF8090091FBF5F005FB101090FB07
:10AF4000F3F030308DF80A0091FBF3F003FB1010A2
:10AF500030308DF80C008DF80B608DF80D20A0E0DE
:10AF6000B9423ADB91FBF7F030308DF8080091FBE5
:10AF7000F7F007FB101090FBF5F030308DF809006A
:10AF80001AE00000183D0260B0300020486561748E
:10AF900020000000436F6F6C200000004175746F4B
:10AFA00020000000BE1D026048D704082CC403081E
:10AFB000524800003823002091FBF5F005FB1010EB
:10AFC00090FBF3F030308DF80A0091FBF3F003FBB7
:10AFD000101030308DF80B0032E0642909DB91FB52
:10AFE000F7F007FB101090FBF5F030308DF80800FB
:10AFF00003E00A2915DB8DF8084091FBF5F005FB0D
:10B00000101090FBF3F030308DF8090091FBF3F055
:10B0100001E057E017E003FB101030308DF80A0014
:10B020000CE000290CDB91FBF3F003FB10108DF812
:10B03000084030308DF809008DF80A408DF80B403B
:10B040008DF80C402BE0642917DB91FBF5F03030D4
:10B050008DF8080091FBF5F005FB101090FBF3F064
:10B0600030308DF8090091FBF3F003FB10108DF8E0
:10B070000A6030308DF80B000FE00A2914DB91FBD9
:10B08000F3F030308DF8080091FBF3F003FB101063
:10B090008DF8096030308DF80A008DF80C208DF89D
:10B0A0000D408DF80E806AE091FBF3F003FB101069
:10B0B0008DF808908DF8096030308DF80A008DF811
:10B0C0000B20BDE748424FF02D0C11F57A7F24DCB0
:10B0D00090FBF7F18DF808C030318DF8091090FB26
:10B0E000F7F107FB110191FBF5F130318DF80A10F2
:10B0F00090FBF5F105FB110191FBF3F130318DF877
:10B100000B1090FBF3F103FB11008DF80C60303055
:10B110008DF80D008DF80E202FE011F1640F8DF8E1
:10B1200008C019DC90FBF5F130318DF8091090FB67
:10B13000F5F105FB110191FBF3F130318DF80A10A7
:10B1400090FBF3F103FB110030308DF80C008DF80B
:10B150000B608DF80D200EE090FBF3F103FB110066
:10B160008DF809908DF80A6030308DF80C208DF83C
:10B170000B008DF80D408DF80E408DF80F800220E9
:10B18000FFF7B9F883214FF6FF70CDE9000102AB5C
:10B19000C22200210120FFF794F8EEE42DE9FE43DE
:10B1A000064601F128004FF6FF7780B2CDE900078F
:10B1B000A2F108091C4690460D4602931FFA89F039
:10B1C000731D00220221FFF7FAF90095CDE9017401
:10B1D0001FFA89F0731D00220221FFF7F0F9AD1D5F
:10B1E000ADB20095CDE90174334600222021022042
:10B1F000FFF7E5F906EB08000095801ECDE9017424
:10B2000083B2002220210220FFF7D9F98EE52DE933
:10B21000FF5F0C464FF083094FF6FF7605468DE839
:10B220005002174608212B46F94A0846FFF77DF9D8
:10B23000A11C41F2061A89B2A7F10A00CDE902A0C9
:10B24000CDE9001680B2AB1D00220121FFF7B7F94E
:10B2500004F108001FFA80FBCDF800B0CDE9016AC7
:10B26000AB1C00221C210220FFF7A9F904F12200E7
:10B270001FFA80F8E64ACDE9008608212B46803285
:10B280000846CDF80890FFF750F904F1270189B27C
:10B290008DE842040398AB1D80B200220121FFF724
:10B2A0008EF9CDE90086E81980460838CDE902908C
:10B2B00083B20821D74A0846FFF737F98DE85002D4
:10B2C0000398D44A83B2082180320846FFF72DF94B
:10B2D000CDF800B0A8F10300CDE9016A83B20022E5
:10B2E0001C210120FFF76BF904F128014BF69C6942
:10B2F00089B28DE84202083FB8B26B1D00220221DC
:10B30000FFF75DF98DE85002B8B26B1D00220221F3
:10B31000FFF755F9A41DA4B28DE850022B46002278
:10B3200020210220FFF74BF9A8F102008DE850021E
:10B3300083B2002220210220FFF741F9BDE8FF9FE0
:10B3400070471CB51421B4481DF051FCB2490120CE
:10B3500008394870B14890F82800012801D0092820
:10B3600010D1AF48007801280CD1AE490888421CA2
:10B370000A80142806D2AC480068642802D9142236
:10B38000AAA163E0AE498878012855D8A2483221A5
:10B39000AC4A01703021417093790A21B3FBF1F47A
:10B3A00030348470B3FBF1F401FB14333033C370D9
:10B3B0002D2303715379B3FBF1F430344471B3FBA3
:10B3C000F1F401FB1433303383712D23C371D3782F
:10B3D000B3FBF1F430340472B3FBF1F401FB14332A
:10B3E00030334372202383729378B3FBF1F430340B
:10B3F000C472B3FBF1F401FB1433303303733A230B
:10B4000043735378B3FBF1F430348473B3FBF1F43A
:10B4100001FB14333033C3733A2303741278B2FB45
:10B42000F1F330334374B2FBF1F301FB13213031FC
:10B4300081742021C1741CBD02280DD003281AD0AC
:10B4400004281BD00528F6D114227FA102B072482F
:10B45000BDE810401DF0B2BB91F86D2091F86C0072
:10B46000CDE9000291F86B3091F86A207AA16A4820
:10B470001EF0C8FE1CBD14227BA1E7E714227EA1AA
:10B48000E4E72DE9FC41FFF75CFF634F0123083F30
:10B4900007F109007B707968441E7B4D88424FF0AC
:10B4A00000001CD803EB830204EB8206721A05E04D
:10B4B00011F800C005F800C0401CC0B28242F7DCA1
:10B4C00000208E1B143607E014F800C002EB000EBB
:10B4D000401C05F80EC0C0B28642F5DC05E00A5CEF
:10B4E0002A54401CC0B20A28F9D303EB830004EBB2
:10B4F0008000401E884201D17C6001E0491C7960D7
:10B500000020A87241F206114FF6FF70CDE900014C
:10B510005D4BED221E210120FEF7D3FEBDE8FC812C
:10B52000F0B587B004464FF47847ED20CDE9000729
:10B5300041F2061600231A461E210296EF20FFF75D
:10B540003EF8354D0020083DDFF840C1297803AAB8
:10B550000CF11E0E14B1012C04D007E043181CF8A6
:10B56000033002E043181EF803301354401CC0B2ED
:10B570000A28EFD300248DF81640CDE90076134653
:10B58000ED221E210120FEF79CFE2878192803D207
:10B59000401C287007B0F0BD2C70FBE73EB5AE280C
:10B5A00000DAAE20DD2A00DDDD220A2900DA0A21D8
:10B5B0002E2B00DD2E2382420FDD8B420DDD8DB25E
:10B5C0008324CDE90054029484B2591A101A89B226
:10B5D00080B223460022FEF7F2FF3EBD2DE9FC5F5C
:10B5E0008A460A21DDE90C45019181462E21AE20D3
:10B5F0009B4616464FF0DD080091002D48D0C5EB64
:10B60000C50101EB0511214401F101010FB240E038
:10B610003CD504083CD60408DC0000609C3A0020BD
:10B62000AC200020AA2100207C8703604261756461
:10B63000206572726F722020202020200000000000
:10B640009C9E0360382300207769666920636F6ED3
:10B65000666967757265200025642E25642E256451
:10B660002E256420000000007769666920636F6EF4
:10B670006E65637465642000776966692064697328
:10B68000636F6E6E63742000B030002034C4030812
:10B69000274601D1444647460EB14A4600E02246BD
:10B6A000DDE90031FFF77AFFB6B109EB060006B21B
:10B6B0005346324648460199FFF770FF0AEB0B00EC
:10B6C00001B232464846009BFFF768FFDDE90031D2
:10B6D00030462246FFF762FF5DB10A233A46204614
:10B6E0000199FFF75BFF3A462E212046009BFFF7AA
:10B6F00055FFDDE9003102B042463846BDE8F05F53
:10B700004CE72DE9FE43832514464FF6FF760028CB
:10B7100061D1ECB3012C3ED0062C3CD0002300209C
:10B72000002902DA0120494209B20A221BB1491D4F
:10B7300091FBF2F109B2B1F57A7F01DB40F2E7311A
:10B7400010B1632900DD632120238DF809308DF8C5
:10B75000083091FBF2F302FB131330338DF80A30FB
:10B760000A2908DB91FBF2F393FBF2F702FB173295
:10B7700030328DF80920642905DB642291FBF2F256
:10B7800030328DF8082058B12D220A2905DA00E060
:10B7900001E0012002E00123C1E7002002A90A54D0
:10B7A000CDE900659DF8083005221E210020FEF736
:10B7B0003EFDCDE900659DF8093005224E210020AF
:10B7C000FEF735FDCDE900659DF80A3005227E21A2
:10B7D0000020FEF72CFD01274FF0BD08072C4CD2AE
:10B7E000DFE804F004042C1F2C2C2C000E20CDE9E3
:10B7F0000006AF233E4A01460295FEF796FECDE9CC
:10B80000006564B13BA30A22BD210120FEF759FD6A
:10B810000E231A461946AF20CDE9008724E036A34F
:10B82000F1E7CDE9006535A30A22BD210120FEF72D
:10B8300048FD00231A4619461846EDE7CDE9006594
:10B84000062C14D0022C14D0052C14D02CA30A22C0
:10B85000AE210120FEF735FD0221AE2000231A465D
:10B86000CDE9000100210846FFF7B8FECEE425A38C
:10B87000EDE725A3EBE725A3E9E7002000900346C9
:10B8800002460190EEE710B5002103E0491CC9B261
:10B89000042902D2425C002AF8D10A46202302E0A1
:10B8A0008354521CD2B2042AFAD30022027101E05E
:10B8B000491EC9B221B1421812F8012C202AF7D032
:10B8C000C1F10402D2B2002911D0002A0FD0042104
:10B8D000914204D98B1A034413F8013C00E0202361
:10B8E0004418491E04F8013C11F0FF01F0D110BDCD
:10B8F00070300408460000004300000025000000EE
:10B900005061000025520000707000006B50000074
:10B9100008B501210420EDF756FB4FF47040ADF857
:10B92000000048208DF8030003208DF802006946CE
:10B930004A48EDF742F908BD49480021494A81804B
:10B94000C1800121C2F880114FF4966101817047D6
:10B950002DE9F041414F00243846EDF78BF94FF4C3
:10B96000704626EA00051420F2F767F83846EDF72E
:10B9700081F986433540680401D54FF48044A8041A
:10B9800001D544F40054280401D544F40044E804EB
:10B9900001D544F48054200BBDE8F08108B50022A5
:10B9A00002210520F1F7ECFA2D4C6061FFF7B0FFA2
:10B9B0006420F2F742F8FFF7CBFFADF80000618892
:10B9C000884212D029B900231A4669466069F1F706
:10B9D0005DFBBDF8000060802349002020700870E6
:10B9E00020490120C1F8800120E0F8B121781E290A
:10B9F00002D340F4807001E0142912D3ADF80000A6
:10BA00001A4890F823000B2805D1BDF8000040F437
:10BA10008060ADF8000000231A4669466069F1F7BE
:10BA200035FB2078C82801D2401C20706420F0F734
:10BA300026FDC0E71CB50A4900230C31CDE9000101
:10BA400064220BA1AFF2AB00F0F7A3FB00220121AF
:10BA50000320F1F795FA024908611CBD0008014076
:10BA6000E0200020000021429B2000209C3A002082
:10BA70006B65795F7461736B00000000F0B4FE4881
:10BA80001825002390F82300FC4901281DD0052823
:10BA90001BD00A2602281CD006281AD00B22082404
:10BAA000032819D00A2819D0E0B104281DD007288E
:10BAB0001BD00C281DD0092409281CD00B281CD011
:10BAC0000E281ED0082820D021E0202048708D703C
:10BAD0001DE01020487006E04A7010E00620487013
:10BAE000032004E04D708E7011E04C700E208870C1
:10BAF0000DE04A7007E00D2000E0112048708C70C6
:10BB000005E0152048708A7001E04B708B70CB7097
:10BB1000F0BC4FF49661DA481DF069B810B50C46D8
:10BB200001460120F3F7BDFC40B2411C02D0207059
:10BB3000012010BD002010BD10B50C4601460420A8
:10BB4000F3F7AFFC40B2411C02D02070012010BDC1
:10BB5000002010BD10B50C4601460220F3F78AFD07
:10BB600040B2411C02D02070012010BD002010BD49
:10BB700010B50C4601460520F3F77CFD40B2411C90
:10BB800002D02070012010BD002010BD10B50C4661
:10BB900001460020F3F76EFD40B2411C02D0207038
:10BBA000012010BD002010BD10B50C460146032039
:10BBB000F3F760FD40B2411C02D02070012010BD9F
:10BBC000002010BD10B50C4601460120F3F752FDD0
:10BBD00040B2411C02D02070012010BD002010BDD9
:10BBE00010B50C4601460420F3F744FD40B2411C59
:10BBF00002D02070012010BD002010BD030EC0F344
:10BC00000742C0F30721090403EB022201EB0060A5
:10BC1000104470472DE9FF5F9A4693464FF4B47184
:10BC200098481CF0E4FF944F964C97F82300401E70
:10BC3000032801D8232000E04A2020703879A07022
:10BC40009148D0F8B10019F019FCC4F80B0000219C
:10BC50006170C4F803100120E071607297F823004E
:10BC6000012812D0052810D0022812D0062810D0A2
:10BC70000B220823032810D0042811D007280FD046
:10BC80000C2811D0082812D015E02020207218208E
:10BC900008E0102020720A2004E02272A3720AE059
:10BCA00023720E20A07206E02272A27203E0E171FC
:10BCB00061722172A172734C4FF000081E34474626
:10BCC00048E0724AC7EBC70101EB020999F8060088
:10BCD0002B2805D02C2803D05F2801D02E2837D15F
:10BCE00008F1010303F0FF08B8F10C0F36D2207001
:10BCF000505CA070D9F80100C4F80B0099F8050059
:10BD000000F00E0060700E98012810D1505C604960
:10BD100000F0070201EBD0010120097890400142B8
:10BD200005D0FCF72DFAFFF769FFC4F80300DDE941
:10BD30000001084340EA0B0050EA0A0010D00098C6
:10BD4000E0710198207284F809B084F80AA01E34CA
:10BD50007F1CFFB2494800788742B2D3BDE8FF9FFD
:10BD600099F806002B2806D02E2806D02C2807D0BC
:10BD70005F2808D009E0162600E00C26002504E024
:10BD800008260E2501E0142602253E48C8EB0811BE
:10BD900000EB4101721E11F8160D401CE0711044B9
:10BDA00020728878401C6072691E0844A072CEE739
:10BDB000704770472DE9FC5F0027364C3E46DFF8A0
:10BDC000D8804FF47A79C0E03049C6EBC6056818D0
:10BDD0008079092803D0072801D05D284BD17F1C2A
:10BDE000FFB2FE2F7DD2485D2070485D284A00F0EA
:10BDF000070302EBD002012012789840024201D0E2
:10BE0000012000E00020E07359208DF80000234855
:10BE10004FF0230B8DF801B000788DF80200485DDB
:10BE20008DF8030000208DF80400034601221A4912
:10BE30006846F9F7E2FA012805D1D8F8001091FB1D
:10BE4000F9F0A4F81F005E208DF800008DF801B015
:10BE5000DFF848B04FF0000A53469BF800008DF819
:10BE600002000A4801220C49405D8DF803008DF85C
:10BE700004A0684614E066E09C3A0020F820002008
:10BE800068780360860702607A0D026000900360A4
:10BE9000C4930360C48D0260D02000209320002052
:10BEA000F9F7ABFA012805D1D8F8001091FBF9F0A9
:10BEB000A4F821000C208DF8000063208DF801000B
:10BEC0005448DFF854B1002300788DF802001BF8C5
:10BED00005008DF803008DF804A001224F49684643
:10BEE00000E037E0F9F789FA012805D1D8F8001009
:10BEF00091FBF9F0A4F8230005208DF800006320E1
:10BF00008DF8010043480023012200788DF80200DB
:10BF10001BF805008DF803008DF804A03F49684622
:10BF2000F9F76BFA012805D1D8F8001091FBF9F068
:10BF3000A4F825003A480F2200EB061104F1100086
:10BF40001CF03CFE2734761CF6B236480078864258
:10BF5000FFF43AAFBDE8FC9F7FB5324909788842CB
:10BF600057D2C0EBC00101EB40102F4923264418E3
:10BF700028484FF47A71022500788DF8060014F8ED
:10BF8000010B8DF8070000208DF80800E08B0123DD
:10BF90004843039059208DF804008DF80560002275
:10BFA00003A901A80095F8F7E3FF208C4FF47A71FC
:10BFB000484303905E208DF804008DF8056001234E
:10BFC000002203A901A80095F8F7D2FF608C4FF476
:10BFD0007A71484303900C208DF8040063268DF895
:10BFE00005600123002203A901A80095F8F7C0FF0E
:10BFF000A08C4FF47A714843039005208DF804001B
:10C000008DF805600123002203A901A80095F8F727
:10C01000AFFF7FBD9320002000900360D020002060
:10C0200094870360F8200020C48D0260F8B50023D7
:10C03000FF4F1A4619461846FE4C26781FE0C0EB03
:10C04000C004E5196D7905F00F05012D04D0022D0E
:10C0500008D0032D0CD010E0F74D3C5DEC545B1C78
:10C06000DBB20AE0F54D3C5DAC54521CD2B204E0A8
:10C07000F34D3C5D6C54491CC9B2401CC0B2B04287
:10C08000DDD3F048F14C03702270F14CEE481A44B5
:10C0900021701144017000200346024601460090C1
:10C0A000FFF7B8FDBDE8F840FFF784BE2DE9F05F6B
:10C0B0000023DFF880A3DFF89CB3DD4E1C461A4650
:10C0C0008AF8003019464FF001080BF1200EC1EB41
:10C0D000C107BD19687900F00F00012803D00228BC
:10C0E00001D003281ED1F05DE0B1FF281AD009B3BA
:10C0F00015F8075CA84215D00BEBD00700F0070934
:10C1000097F800C008FA09F54CEA050C0EEBD000D0
:10C1100087F800C00778AF4307709AF80000401C0A
:10C120008AF80000491CC9B26429D0D300209AF8CB
:10C13000007021E03078DFE7C0EBC0018D196D7928
:10C1400005F00F05012D04D0022D08D0032D0CD0D1
:10C1500010E0B94D715CE9545B1CDBB20AE0B74DED
:10C16000715C2955641CE4B204E0B54D715CA954BE
:10C17000521CD2B2401CC0B2B842DDD3B148B34960
:10C1800003700C70B249B0480A701919114401705B
:10C19000B14890F84F1071B907212BB190F82830B1
:10C1A000022B01D180F828102AB190F82A20022A07
:10C1B00001D180F82A10BDE8F05FFFF7FBBD70B534
:10C1C0000D460446072102F0E8FA2178FF2922D122
:10C1D000617819291FD1E179B1EB102F1BD1217A98
:10C1E000C0B2884217D19348A1783A300170E17803
:10C1F000A279237941EA02616279120442EA0322B8
:10C200001143C0F8011095480088854201D10120F2
:10C2100070BD032070BD022070BD2DE9FC411446A5
:10C2200088460746022A02D90020BDE8FC8124B1D5
:10C23000022C04D0012C04D005E0894802E0894892
:10C2400000E089480568894E32213089401C3081E0
:10C250002846F1F75FF898B3204602F0D5FAFF20A0
:10C260008DF8000019208DF801008DF802708DF80E
:10C2700003800421684602F090FA010A8DF8041048
:10C280008DF8050022460621684602F09DFA2246F6
:10C290000921002006F0BBFB7089401C7081012C35
:10C2A00011D03220214606F0C3FB10F0FF010CD064
:10C2B000B089401CB0816E48FFF781FF064605E05B
:10C2C000FFE7FF20B1E75020ECE7002622460021DF
:10C2D000012006F09CFB2846F0F767FF3046A4E7F4
:10C2E00010B504460A2102F058FAA17AB1EB102FDA
:10C2F00005D1E17AC0B2884201D1042010BD0020EE
:10C3000010BD2DE9FE430746144688461D4600260B
:10C31000184602F079FA8DF8007006208DF80100B9
:10C3200000208DF802000A208DF8030055208DF8BA
:10C3300004008DF805808DF80640200A8DF807006E
:10C34000200C8DF80800200E8DF809000A2168469F
:10C3500002F023FA010A8DF80A108DF80B002A4624
:10C360000C21684602F030FA2A460C21002006F023
:10C370004EFB29464FF4FA7006F05AFB10F0FF0FFF
:10C3800004D00C213A48FFF7ABFF06462A460021AD
:10C39000012006F03CFB3046BDE8FE8370B52D4B16
:10C3A0000120054603F1200403EBD00100F007064D
:10C3B0000A7805FA06F10A4204D104EBD002127899
:10C3C0000A4204D0401CC0B26428EDD3FF2070BDE7
:10C3D000F0B51D4A0021164B084603F5717601257C
:10C3E00014780FE0C0EBC0029A5C06EBD20702F0B3
:10C3F00007023F7805FA02F2174201D0491CC9B280
:10C40000401CC0B2A042EDD30A48C170F0BD08493B
:10C4100010B5C0EBC000085C01F5717101EBD001F3
:10C4200000F007030A780120984002430A7021E0D7
:10C430000090036044010060CB300020047803606A
:10C440002F310020FC200020F82000204101006056
:10C45000FD200020849303609C3A002046210020A8
:10C46000682100206C21002070210020B4020260AD
:10C4700030410020FFF7ACFFBDE81040FFF79ABC49
:10C4800030B5FB4C0022F94B247809E0C2EBC20521
:10C490005D5D854202D10A70012030BD521CD2B2CE
:10C4A000A242F3D3002030BDF0B5DFF8CCC3F14F8A
:10C4B000DDF814E09CF81260002406EB860505EB1D
:10C4C000C6057D5D854217D0641CE4B2142CF9D3F7
:10C4D000132E11D2761CF4B28CF8124004EB8405B2
:10C4E00005EBC4043855E01940F8011F00214260F3
:10C4F000037280F809E04181F0BD2DE9FC5F0D4633
:10C5000004004FF000000C99934601907ED00BEB95
:10C510000312DFF86483521C02F0FF0C4FF0010E8F
:10C5200098F8003018E0D14EC0EBC002B75CA742CB
:10C5300010D13244D2F80160AE420BD1567906F0E8
:10C540000F06761E5E4505D082F805C001B19171D7
:10C5500088F806E0401CC0B29842E4D304F0070219
:10C560000126C6489640C34A0079A43A4FF0FF0915
:10C5700002EBD402A04216D110782B463043107043
:10C58000002221461046F3F75DFFBC4881790091F7
:10C590000178427801EB02218278C078120402EB24
:10C5A000006001443EE0B348B04FC43800EBD40A09
:10C5B0009AF80000009030424FF0000041D153E063
:10C5C000C0EBC00817F80880A04538D1C0EBC00800
:10C5D000B94608EB0907D7F80100A84227D0A74BB6
:10C5E00093F8273013B1137833431370002D1ED006
:10C5F000F0B102462B4621460120F3F723FF9D4967
:10C6000019F80800843901EBD00100E09CE000F04B
:10C610000702097801209040014272D00920009061
:10C62000D7F801105B462A462046FFF73DFF68E039
:10C63000C7F8015087F805C0F1B3B97161E0401C3B
:10C64000C0B29842BCD35CE0C0EBC008B844D8F894
:10C650000180A84506D12DB1C0EBC008814607F87E
:10C66000084003E0401CC0B29842EDD3B9F1FF0F7F
:10C670002ED0C9EBC9097F4B17F80900C43B03EB67
:10C68000D00EBB469EF8007000F00708012303FAA5
:10C6900008F39F438EF80070764FA43F07EBD0005D
:10C6A00007789F4307709AF8000030438AF800002B
:10C6B0001078B043107000E023E009EB0B000BF89A
:10C6C0000940C0F8015080F805C0B9B1817115E08A
:10C6D000009830438AF800001078B0431070C3EB24
:10C6E000C300654A3C543844C0F8015080F805C086
:10C6F00001B181715B1C1370012001905E49012022
:10C7000088715C49002064390855A1F594714FF493
:10C71000167021F8140001F5847000EBD400007845
:10C72000304210D169462046FFF7AAFE01280AD1FF
:10C730009DF800004D49C0EBC00211448979DC2905
:10C7400001D2FFF764FE0198BDE8FC9F4C4A4D49B9
:10C750001278097838B1012817D0022810D00328A0
:10C7600000D110467047454890F82A30072BF8D082
:10C7700090F82820072A08D090F82900072801D02F
:10C7800006207047404800787047084670470020F0
:10C79000394A10B5394B01461A321C1894F8284012
:10C7A000072C02D15054491CC9B2401CC0B2032806
:10C7B000F3D33148C17210BD7CB5040002D0022C05
:10C7C0000AD004E001A91D2008E0092830D02B4838
:10C7D00090F84F1049B119E001A91F200AF054FB4D
:10C7E0009DF80400012823D0EFE7051995F82800EB
:10C7F00007280BD0072105F8281F04F11D000AF0B7
:10C8000052FB224928780855FFF7C1FF8CB1012C53
:10C810001FD0022C0CD1694653200AF035FB184872
:10C820009DF8002001788A4202D053200AF03BFB99
:10C830007CBD694609200AF027FB124C9DF80000D8
:10C8400021788842F4D0ED200AF02DFB21780920D0
:10C85000ECE7694652200AF017FB0B489DF80020D0
:10C8600001788A42E4D05220E0E7000000900360A3
:10C87000F820002048940360440100609C3A0020A6
:10C88000112100200F210020102100204F21002025
:10C890002DE9F74F0D4682B00446A84265D80146FF
:10C8A0002846049AFFF7B9FC00285ED004990122BB
:10C8B00001F10109611902EB51084908DFF8E8B3F9
:10C8C0000191012812D0F9490126A1F1200202EBC1
:10C8D000D40A04F00702964001EBD407022825D0C1
:10C8E000032845D029462046049A1BE00498FFF708
:10C8F00063FF09F0FF00FFF729FF034600200090C7
:10C90000DBF801109BF80000049AFFF7F6FDAC423B
:10C910002BD02046049A0199FFF7BAFF049A08F039
:10C92000FF00294605B0BDE8F04FB1E70498FFF7D6
:10C9300043FFAC42EDD13878304338709AF80000AC
:10C94000304212D0DA4890F8270000280DD1D64A9C
:10C95000D8493A3A127806E0C0EBC003CB5CA34258
:10C9600003D0401CC0B29042F6D305B0BDE8F08FB2
:10C970000498FFF721FFAC421AD138783043387061
:10C980009AF800003042F0D0C94890F827000028FB
:10C99000EBD1C549C74A3A39097806E0C0EBC00374
:10C9A000D35CA342E1D0401CC0B28842F6D3DCE79E
:10C9B00009F0FF00FFF7CAFE034600200090DBF8F5
:10C9C00001109BF80000049AFFF797FDA1E730B42F
:10C9D000B94C0022B74B24780FE0C2EBC2055D5D75
:10C9E0008D4208D1C2EBC201194449790A0906D027
:10C9F00030BC08097047521CD2B2A242EDD330BC01
:10CA0000A4E6AE4A1154AE4A0121115470470246C1
:10CA1000FE2101203CE7A54810B5202120381CF05C
:10CA2000E6F82021A1481CF0E2F8A048202120309F
:10CA30001CF0DDF84FF42F719E481CF0D8F89A488E
:10CA400000243A386421C47004709E481CF0CFF86A
:10CA5000994804709C4804709C48047010BD924929
:10CA600000203A39887491484FF48271A4301CF048
:10CA7000BEB82DE9F8438C4800253A3801210570ED
:10CA800081728582FEF7FAFFFFF7C5FF904E002402
:10CA90001E2706F16408A6F5C869355528F81470F4
:10CAA00009EB041010211CF0A2F8641CE4B2642C01
:10CAB000F3D38849002001F180020D541554401C25
:10CAC000C0B28028F9D384484FF460610570834870
:10CAD0001CF08DF882480570FFF76CF9FFF7BFFF77
:10CAE00000231A46194618460095FFF793F841F2BD
:10CAF000CC017C481CF07BF87B480570BDE8F883CE
:10CB00006C49C0EBC000085C01F5717101EBD0010C
:10CB100000F007030A780120984082430A7057E426
:10CB200070B5054662480C460171624801700620E6
:10CB30000AF0B9F95D4B05F00706203B03EBD50180
:10CB40000125087805FA06F29043087003EBD4003B
:10CB500004F00703017805FA03F21143017070BD78
:10CB6000554A10B50021534B12780DE0C1EBC104BA
:10CB70001C5D844206D1C1EBC1001844407900F02D
:10CB80000F0010BD491CC9B29142EFD346483A3854
:10CB9000017901290CD0464900200A1892F8282072
:10CBA000072A06D0401CC0B20328F6D3002010BDCF
:10CBB0004079401CC0B210BD10B5A0F51C52103A0F
:10CBC00040F2BF541723A24209D2B2FBF3F003FB99
:10CBD000102070B9B2FBF3F00870012010BDA0F571
:10CBE0003050D038A04204D2B0FBF3F203FB120263
:10CBF0000AB1002010BDB0FBF3F00870022010BD98
:10CC0000F0B501231080CB2926D0C0EBC005A0F1E0
:10CC1000640405EB00155F2968D0C0EBC00742F241
:10CC2000D43607EB00173E44B6B22B297BD02E2911
:10CC30007AD0A0F16C062C2977D064256C271C29AA
:10CC400074D0142973D0152972D0162971D00A29ED
:10CC500070D04A296ED0FCE0B4280DD055DC1C28D9
:10CC60000AD016DC102807D00CDC082804D004DC1D
:10CC700003286ED004286CD1EAE00B2869D00C2878
:10CC800067D1E5E0132864D0142801D0182860D1BA
:10CC9000DEE03C2807D02FDC282804D027DC202821
:10CCA00001D0242855D1D3E07E010060A493036015
:10CCB0009C3A002000900360F82000208121002091
:10CCC00090010060CB30002040010060FC2000207B
:10CCD000D48D0360008F036098200020B8F40260B8
:10CCE00097200020480403609A2000204BE02C2865
:10CCF00001D038282DD1ABE03F282AD0402828D0B9
:10CD0000432826D0552824D1A2E0D9280AD021DCF6
:10CD1000C82807D014DCBE2804D00CDCB72801D00A
:10CD2000BA2816D194E03BE03EE040E056E065E0F2
:10CD300070E076E07AE0C22801D0C52809D187E00A
:10CD4000CB2805D0CE2803D0D22801D0D62800D1B8
:10CD50007EE02BE0ED287BD00CDCE22878D004DCF0
:10CD6000DC2875D0DF2874D172E0E62870D0EA287C
:10CD70006FD16DE0F0286BD0F32869D0F62867D02A
:10CD8000FA2866D164E06838142804D242F2783078
:10CD9000284410809723022C5BD241F6146019E0DE
:10CDA000162C56D2168017E00C2CFBD351E07438A9
:10CDB000082804D242F26420284410809723062ECB
:10CDC00004D241F65C50284410809723082C40D2AE
:10CDD00041F69E602844108097233AE0082C01D247
:10CDE00015801CE0042E02D21780042331E0BE38E7
:10CDF0000A282ED2BE2010800A232AE00D2C02D24F
:10CE000015800D2325E07638102822D27620108058
:10CE100090231EE0082CE3D3082E1AD21780082393
:10CE200017E0202C15D21580202312E0A0F5F85130
:10CE30009C39B1F5807F00D88223A0F5D851BC3948
:10CE4000812900D28223A0F5E8503C38812800D205
:10CE500082231846F0BDFF4B10B50021FC4A1B7819
:10CE60000BE0C1EBC104145D844204D1C1EBC100ED
:10CE70001044807910BD491CC9B29942F1D30020F9
:10CE800010BD2DE9F04F8246F34887B08846807A7E
:10CE9000012871D0EE49CAEBCA0001440091EF4964
:10CEA000002501EB8004B8F1000F0FD0207D8DF834
:10CEB0000C00B4F8151001F07F028DF80D200D0A5A
:10CEC000B4F817100A0A8DF80E200EE0009AE04917
:10CED0009279DC2A50D8085C8DF80C0003218DF87B
:10CEE0000D1000218DF80E1007218DF80F10FFF79F
:10CEF00037FE06469DF80C10FFF769FD8146002EAF
:10CF00003AD0761ED648F7B2384490F82800072861
:10CF100032D127B1012F04D0022F04D006E0D1482E
:10CF200002E0D14800E0D148006805903221059820
:10CF3000F0F7F0F900281FD000208DF81000B8F1AC
:10CF4000000F1AD0207DFFF786FF0146B4F81700C6
:10CF500001AAFFF755FE05B1822000F07F018DF890
:10CF60001110BDF804100A0A8DF80E208DF80F106C
:10CF7000000606D5012005E079E201208DF81100B8
:10CF800001E000208346062103A801F006FC010A07
:10CF90008DF812108DF8130049463846FFF731FD21
:10CFA000384601F031FC3A46082103A801F00CFC98
:10CFB0009DF80D00052101281BD0022819D09DF8ED
:10CFC000110001EB4000C6B23A463146002005F0A0
:10CFD0001EFD012F13D04FF0280CB8F1000F14D014
:10CFE0009DF80C0001A9FFF74BFA0A21012813D084
:10CFF0001DE09DF81100C01D01EBD006E4E79DF88F
:10D000001100322100EB800015E09DF8110000EBCB
:10D0100080000CEB400010E09DF80400C0EBC00263
:10D020008B48104480795D28EFD00928EDD09DF819
:10D03000110000EB800001EB40008749C0B291F97C
:10D040000D100844143080B2394605F0F1FCDFF8C9
:10D050002092014699F80100012805D0022803D04A
:10D06000032801D004287DD100297BD0B01EC1B295
:10D070007F4801F092FB09EB060111F8023CB3EB8B
:10D08000102F70D111F8011CC0B28842F9D1B8F14B
:10D09000000F14D09DF80C0006A9FFF7F1F99DF8D8
:10D0A0001800C0EBC0016A48084480792B281DD0C5
:10D0B0002C281BD05F2819D02E2817D01EE099F8F5
:10D0C0000400DC2811D200992B28887105D02C2867
:10D0D00003D05F2801D02E2807D100230120009023
:10D0E0001A4619461846FEF795FD46E10023012031
:10D0F00000901A4619461846FEF78CFD0020A076CF
:10D10000BBF1000F06467DD14FF0010854E00AEB59
:10D110000600C0EBC002514800EB820C8CF80B807B
:10D12000207DFFF798FE8CF80C00B4F8150000F095
:10D130007F0101291DD002291BD0B4F81710C0F3BC
:10D14000C013FF293DD999F804C099F803200CEBCE
:10D1500002228DE82C000A0A62F35F10C0B2CBB243
:10D16000CA0A01E055E14DE194F814C00146604659
:10D170001EE0B4F8171099F80320FF29C0F3C0137C
:10D180000DD902B101228DE82C000A0A62F35F106A
:10D1900000F0FF0CCBB2CA0A207D614608E002B164
:10D1A00001228DE82C00CBB200F01F01207D00226F
:10D1B000F6F760FE761CF6B29DF81100B042A6D8D4
:10D1C000DBE009EB4602314492F804C0D2780CEB64
:10D1D0000222E6E7DFF884B0207DFFF73CFECB2893
:10D1E00048D0207DFFF737FE01462C2863D02B293D
:10D1F00061D05F295FD02E295DD0B4F81700FF28D9
:10D200007ED900E0B3E00A297BD04A2979D009EB26
:10D21000860194F815808B7991F803C0C8F3C01289
:10D2200003EB0C6391F804C049794FEA0C4C0CEB0A
:10D23000012119448DE8260000EB4601CBB2010A1A
:10D2400061F35F1808F0FF01C20A207D83E000004F
:10D2500000900360F820002044010060B8F40260F0
:10D260009C3A002068210020702100206C210020C1
:10D270003041002099F8043099F803C099F805105E
:10D2800003EB0C234FF47A7C03FB0CF399F806C0F4
:10D29000607D0CEB01214FF47A7C01FB0CF1C0F3B3
:10D2A000C01203EB11418DE82600B4F81710CBB281
:10D2B000CA0AC1B2C9E799F8223099F82320607DE3
:10D2C00003EB026399F82420C0F3C0114FEA024C2B
:10D2D00099F8212002950CEB02221A44CDE9002195
:10D2E000C1B2E37D207D0022F6F7C4FD99F822202B
:10D2F00099F82310012002EB016299F8241001E053
:10D3000057E00DE00B0499F82110029503EB012181
:10D310001144CDE900100022E37D207D1B211AE09D
:10D3200009EB860100228B7991F803C003EB0C63B3
:10D3300091F804C049794FEA0C4C0CEB01211944D7
:10D340008DE8260000EB4601CBB2617D020A62F354
:10D350005F11C9B278E7F6F78DFD0AEB06000121EF
:10D36000C0EBC0020BEB8200761CC172F6B29DF8D6
:10D370001100B6EB500FFFF42DAF9DF80C00F94AE9
:10D38000002100F007031154A2F594724FF41671B6
:10D3900022F8101002F5847101EBD0010A78012106
:10D3A00099400A4258D16946FFF76AF801281DD012
:10D3B0003CE009EB860194F815808B7991F803C065
:10D3C000C8F3C01203EB0C6391F804C049794FEA2B
:10D3D0000C4C0CEB012119448DE8260000EB4600B3
:10D3E000C3B208F01F01207D0022B4E79DF80000C1
:10D3F000DD49C0EBC00211448979DC2916D2FFF760
:10D4000006F813E0D94931F81700401C21F817003D
:10D410000CE0D649891D31F81700401C21F817008F
:10D420009DF80C00CF490A5C521C0A549DF80C0070
:10D43000CC49095C0A290FD36946FFF721F8012876
:10D440000AD19DF80000C849C0EBC0021144897997
:10D45000DC2901D2FFF754FB384609F084FD3A4637
:10D460000021012005F0D3FA0598EFF79EFE07B0E2
:10D47000BDE8F08F2DE9F0418EB004461F4690467E
:10D480008C460846149DFFF7E6FC012650B1B548CE
:10D490000CF00701203800EBDC0006FA01F10078FF
:10D4A000084243D0B24A002000EBC00101EB410129
:10D4B00002EB810191F8691019B1401CC0B2142827
:10D4C000F2D3142832D0322D30D200EBC00000EB62
:10D4D0004000012D02F8204002EB800484F801C0D6
:10D4E000A4F8028084F8685002D000206A460EE05A
:10D4F0003888A08016E037F8101002EB4003090AC4
:10D5000002F8101017F81010401C5970C0B2B0EBA0
:10D51000550FF0D3680884F86800201D2A46694634
:10D520001BF04CFB04F8696F002060700EB0BDE882
:10D53000F0812DE9F04F9DB020B1012804D00228E0
:10D5400004D006E08B4802E08B4800E08B48D0F81E
:10D5500000A00020864E074600EBC00101EB41050C
:10D5600006EB850494F86910012962D194F86A10D9
:10D5700003295BD200EBC00101EB410106EB810105
:10D5800091F86A10491C84F86A10142855D2607802
:10D59000FFF761FC4FF0010958B1724960782039FA
:10D5A00001EBD00100F00702097809FA02F001420C
:10D5B00043D032215046EFF7ADFE00283DD06078D1
:10D5C000B3468DF80C00FFF7CBFA06469DF80C1019
:10D5D000FFF7FDF90146002E2FD0761E6848F6B2FF
:10D5E000304490F82800072827D13046FFF709FA81
:10D5F000304601F009F96088010A8DF80E108DF8A7
:10D600000F0094F868201BF82500012A8DF80D0002
:10D6100061D98DF810708DF811200DF10C0C0F28C8
:10D620000DD050008DF8120000203BE004F8697F17
:10D630006770401CC0B214288ED31DB018E70021BB
:10D64000D01DC0088DF81200084617E004EB400317
:10D650009B8803B1012300F0070803FA08F30B438A
:10D66000D9B24307B3F1604F00F1010309D09A42E8
:10D6700002D10CEBD303D971401CC0B28242E5D871
:10D6800012E00CEBD30399710021F5E704EB4001A4
:10D690008B880CEB40014FEA132881F80780401C6F
:10D6A0000B72C0B28242F1D89DF81200C01DC1B207
:10D6B000604601F072F89DF812300DF11301020A74
:10D6C0005A549DF8122005A950549DF81210324664
:10D6D00003A8093113E00528A0882CD0010A8DF891
:10D6E00010108DF81100062103A801F056F8010A68
:10D6F0008DF812108DF813003246082103A801F0AE
:10D7000063F832460821002005F081F93146642093
:10D7100005F08EF9DFF84C8010F0FF0F67D084F829
:10D72000697094F868200321012A0ED0A288CDE9FF
:10D73000002902972AE018B1FF208DF8100001E0BF
:10D740008DF810708DF81170CDE71BF825000528B5
:10D7500002D0062816D025E0A08849468DE883002F
:10D7600014E00000E4930360009003607201006025
:10D770000C7F036068210020702100206C210020B4
:10D780009C3A0020A088CDE9000902979DF80E0080
:10D790009DF80F30C20801EB4010C1B29DF80C009B
:10D7A000F6F768FB9DF80C00FC4A4FF4167108F878
:10D7B000007022F8101002F5847101EBD00100F026
:10D7C00007030A7809FA03F10A4233D16946FEF7E2
:10D7D00057FE012818D19DF80000F149C0EBC002A6
:10D7E00011448979DC290FD2FEF711FE0CE0ED49D6
:10D7F00031F81600401C21F816009DF80C0018F8AE
:10D800000010491C08F800109DF80C0018F80010D2
:10D810000A290FD36946FEF733FE01280AD19DF885
:10D820000000DF49C0EBC00211448979DC2901D234
:10D83000FFF766F9304609F096FB324600210120D9
:10D8400005F0E5F85046EFF7B0FCF6E67CB501468A
:10D85000D448032234380025C0798DF800008DF8B3
:10D8600001200A0A8DF802208DF803108DF804506B
:10D8700001218DF80510FFF773F904469DF800109B
:10D88000FFF7A5F806463CB1641EC748E4B2204441
:10D8900090F82800072801D000207CBD06216846AA
:10D8A00000F07BFF010A8DF806108DF80700314665
:10D8B0002046FFF7A6F8204600F0A6FF22460821E2
:10D8C000684600F081FF22460721002005F09FF8FE
:10D8D0002146642005F0ACF8060011D00521B348BC
:10D8E00000F05BFFB1494A79B2EB102F08D189797A
:10D8F000C0B2884204D1AE49C88D401CC8850125FC
:10D900003146AA481BF073F9204609F02CFB224649
:10D910000021012005F07BF828467CBD2DE9FC4163
:10D92000A04F0146343F0322F8798DF800008DF8AE
:10D9300001200A0A8DF8022000258DF803108DF8C9
:10D94000045001218DF80510FFF70AF904469DF8EF
:10D950000010FFF73CF806463CB1641E9248E4B262
:10D96000204490F82800072802D00020BDE8FC8160
:10D970000621684600F011FF010A8DF806108DF8A7
:10D98000070031462046FFF73CF8204600F03CFFF8
:10D9900022460821684600F017FF22460721002092
:10D9A00005F035F82146642005F042F8060011D054
:10D9B00005217E4800F0F1FE7C494A79B2EB102F38
:10D9C00008D18A79C0B2904204D10879F9798842A5
:10D9D00000D10125314675481BF009F9204609F0B0
:10D9E000C2FA22460021012005F011F82846BDE7C1
:10D9F00070B56C4C0020343C617A0A2931D2217A0E
:10DA0000022508292AD2DFE801F02904080D13189D
:10DA10001E245020FFF71AFF1FE05B20FFF716FFC0
:10DA2000032103E05D20FFF711FF0421217215E0BF
:10DA30009620FFF70BFF0521F8E740F2EE30FFF7E5
:10DA40006DFF0621F2E740F2FE30FFF767FF072186
:10DA5000ECE74FF48160FFF761FF257210B1002001
:10DA6000607270BD607A401CFAE72DE9FE430746FC
:10DA70004B4DC0EBC70041198979DC297DD8285C62
:10DA80008DF8000003218DF8011002218DF802109D
:10DA9000CA218DF803104FF000088DF80480092189
:10DAA0008DF80510FFF75CF804469DF80010FEF7AE
:10DAB0008EFF0646002C60D0641E3B48E4B2204432
:10DAC00090F82800072858D10621684600F065FE26
:10DAD000010A8DF806108DF8070031462046FEF742
:10DAE00090FF204600F090FE22460821684600F094
:10DAF0006BFE22461721002004F089FF2146642096
:10DB000004F096FF5FEA000905F579765BD01521F0
:10DB1000264800F042FE25494A7DB2EB102F4BD13A
:10DB20008A7DC0B2904247D10879CA7800EB0222C0
:10DB3000A5F66C0000EB0710562A1FD010211BF031
:10DB400056F81C480121154BC1559DF800004FF4B3
:10DB5000167206F8008023F8102003F5847202EB99
:10DB6000D00200F00703127899400A4244D102A97A
:10DB7000FEF786FC012806D02AE049E01022491D64
:10DB80001BF01CF8DDE79DF80800C0EBC00129443C
:10DB90008979DC291CD2FEF73AFC19E0BC920360BB
:10DBA00000900360780100609C3A00203041002022
:10DBB000B4020260D48D0360FB4931F81400401CAC
:10DBC00021F8140004E09DF80000315C491C315438
:10DBD0009DF80000315C0A290ED302A9FEF750FC23
:10DBE000012809D19DF80800C0EBC00129448979BA
:10DBF000DC2901D2FEF784FF4946EC481AF0F7FF12
:10DC0000204609F0B0F922460021012004F0FFFE71
:10DC1000BDE8FE8370B5E648017800292ED0E24CBD
:10DC2000491E2E3CA07B884201DA401C00E0002007
:10DC3000A073C0B2DF4BC0EBC00103F571755A5C35
:10DC400005EBD20502F007062D780122B2401542FD
:10DC500008D0A3F50B71095C09B100210AE0BDE809
:10DC6000704002E719448979DC2901D9FEF7CFFB1E
:10DC7000A07B0021BDE87040FFF703B970BDCA4921
:10DC80002E39887A012808D1888A401C80B288827F
:10DC90000A2802D90020887288827047C648C24983
:10DCA00064222E390368887A782B00D950B1012874
:10DCB00006D0C88A642803D342F21072904200D979
:10DCC000CA827047088BC882F3E72DE9FC5F0546DE
:10DCD000BA4ABB4EC0EBC50102EB8104715D00295D
:10DCE0007ED1B84AA17801271278914279D0E278A2
:10DCF000002A76D106F2C44202EBD10201F00703FA
:10DD0000127807FA03F31A426BD06278032A04D020
:10DD1000012A06D0022A08D00BE0207842F2D41261
:10DD200006E0207841F6FC4202E0207841F67C6271
:10DD300010448DF8001003228DF80120020A8DF89E
:10DD400002204FF0000A8DF803008DF804A08DF832
:10DD500005700846FEF704FF84469DF80010FEF7A4
:10DD600036FE8146BCF1000F5CD0ACF1010C964947
:10DD70000CF0FF0801EB080090F82800072851D1AB
:10DD80000621684600F009FD010A8DF806108DF89D
:10DD9000070049464046FEF734FE404600F034FD99
:10DDA00042460821684600F00FFD42460721002048
:10DDB00004F02DFE4146642004F03AFEDFF8F491B1
:10DDC0005FEA000BA9F1800914D00521774800F023
:10DDD000E4FC76494A79B2EB102F10D1C0B201E0D1
:10DDE00020E021E08A79904209D108796430A0725C
:10DDF000775504E019F80510491C09F80510594633
:10DE00006A481AF0F4FE404609F0ADF84246002197
:10DE1000012004F0FCFD19F80500052802D3775510
:10DE200084F80AA0BDE8FC9F3754FBE72DE9F041D8
:10DE30005F480021654D5F4C03784AE0C1EBC100AB
:10DE4000225C35F91200461E25F8126000283EDAE1
:10DE5000C1EBC1065D4AA05DC83202EBD00700F0FD
:10DE6000070E97F800C0012202FA0EF22CEA020C0B
:10DE700087F800C0554FE83707EBD0000778974385
:10DE800007700DE0C1EBC1021019491CC779A754F6
:10DE90008268C0F80120027B4271427B8271C9B264
:10DEA0009942EFD3C1EBC100002720443E49C7711E
:10DEB000876007732E394773087808B1401E0870D1
:10DEC000FEF7B4F8A05D25F81070BDE8F081491C9C
:10DED000C9B29942B2D3F8E71CB5334E00242E3EA6
:10DEE0000F20F073347425467474FEF750FC4FF025
:10DEF0000108DFF8DCA086F80A80B5828AF83E8047
:10DF0000642134481AF073FEB5736946EE2008F0B8
:10DF1000BBFF6946EE2008F0B7FF6946EE2008F027
:10DF2000B3FF9DF80000FF2805D129468DF8005069
:10DF3000EE2008F0B8FF9DF8000070736946EC20F1
:10DF400008F0A2FF9DF80000FF2805D105218DF8FB
:10DF50000010EC2008F0A7FF9DF800006421484362
:10DF60003083F182DFF8409035717571A9F11409A1
:10DF7000DFF848B0FFF792FE174902200870FFF75C
:10DF80007EFEF18A42F21070B0FBF1F0F17B884224
:10DF900029D8F27A2AB3317C521E914219F8010035
:10DFA0001CDA491C31741AE0720100603041002013
:10DFB000F82000200090036058210020B8F402608F
:10DFC000008F0360932000209C3A0020BC920360E5
:10DFD0009C950360E4930360912100203574FEF763
:10DFE00016FDF57379E0FFF721FFF08AEEF747FAA7
:10DFF000F07B401CF073BAF80410491CAAF8041016
:10E00000322C0FD2641C14F0FF040CD0F17A0029DA
:10E0100063D0707C491E884219F8007006DA401CF3
:10E02000707404E00024FFF7F5FD56E0757486F87F
:10E0300004807771012F03D1F08A8000EEF71FFA78
:10E040003846FFF776FAFA480078B8B3B078F6F7B2
:10E05000B0F9B070FF283FD0C0EBC0000BEB8000E0
:10E060005F46007D01A9FEF70BFAB078F14AC0EBDC
:10E07000C00107EB8103197D02EBD10201F0070C0F
:10E08000177808FA0CF2174210D19DF80470DFF8E7
:10E09000A8C3C7EBC7076744BF79DC2F06D20CF5CE
:10E0A000617707EBD1073F78174212D191B1E3496D
:10E0B000095C01B32146FEF7E4FE0DE0FFE7FFF740
:10E0C000A9FD41F28830EEF7DAF9F07B3230F073D7
:10E0D00002E0DD72FFF79EFD3571B07901287FF413
:10E0E00049AFFDF7A3FFD64981F80080D54981F8F3
:10E0F0001280B5713EE7FFF7E8FDEDE72DE9FF4F30
:10E10000044688464078052181B01646032815D07C
:10E11000042813D001280CD002280AD0062814D0D5
:10E12000102812D0052810D00F280ED0FF2821D09B
:10E1300033E06079C01D01EBD00502E0607901EBAE
:10E1400040050A2000EB450727E00825062802D1F4
:10E1500060793F2803D0E078102803D008E04FF41E
:10E16000FA771AE061797F2902D14FF47A7714E0C7
:10E17000642712E0607A642815D2617B207B01F06D
:10E18000010100EB0120E17AA27A891A491C41437E
:10E1900010318DB205F1320087B236B1012E06D0B2
:10E1A000022E06D00AE01025E2E7A74802E0A748C1
:10E1B00000E0A74801783046FEF723FC304600F027
:10E1C000D4FA304600F020FB6278DFF888A2FF2AFC
:10E1D0000AEB080960D04246214650461AF0EEFC90
:10E1E00008F0FF01504600F0D8FA030A0AF8083098
:10E1F00089F8010008F1020081B23246954800F02A
:10E20000E3FA32462946002004F001FC924907EB6C
:10E21000470091F90D100844283080B2314604F0CF
:10E2200007FCDFF814B207000BF579797DD0A7F170
:10E23000020808F0FF01894800F0AFFA014687485C
:10E24000384410F8012C10F8020C02EB0020884230
:10E250006CD1049950460A68CAF800208988AAF847
:10E2600004106178DFF8F8A1FF2929D04FEA1821BE
:10E27000017180F80580BA1E7849801D1AF09EFC55
:10E280003A1D744977481AF099FC381DAAF8000025
:10E29000A078022822D035E0A8F1020221466D487C
:10E2A0001AF08CFCA8F10200C1B26A4800F075FABD
:10E2B000020A09F8022C09F8010C324641469DE792
:10E2C0003A466649801D1AF079FCAA1D61496548E5
:10E2D0001AF074FCAD1DAAF80050D9E7E078CB28FD
:10E2E00010D1607910280DD120786946FEF7C8F862
:10E2F00040B15D489DF80010102200EB0110E11DB7
:10E300001AF05CFC0020012E03D1584908705849CE
:10E310000880227809F802002178564A4FF41670D6
:10E3200022F811002078434901E023E01AE001EBD4
:10E33000D00100F00702097801209040014226D167
:10E3400020786946FEF79CF8012820D19DF800004E
:10E35000C0EBC00202EB0B018979DC2917D2FEF772
:10E3600056F814E03C482E3030F81610491C20F8BE
:10E3700016100CE03848343030F81610491C20F8DC
:10E380001610207819F80020521C09F80020217876
:10E3900019F801000A2810D3C8B26946FEF770F8D0
:10E3A00001280AD19DF80000C0EBC00202EB0B016E
:10E3B0008979DC2901D2FEF7A3FB781EB0F5F97F3D
:10E3C00003D8394625481AF012FC0A20EFF735FB2E
:10E3D000304608F0C8FD05B03246BDE8F04F0021D8
:10E3E000012004F014BB2DE9F0410D460646144609
:10E3F000022A7DD87078032811D006283CD0102836
:10E400003AD0192874D14FF00C0832273178FF29FF
:10E410003ED00020FEF7DBFA0146204645E0707949
:10E42000052101EB400000F0FF084FEA4807EDE747
:10E4300098200020C493036000900360008F036065
:10E440008A2100206A1903600F210020102100207A
:10E4500011210020187D036044010060304100203C
:10E4600016020060C82E046094870360810000607B
:10E4700094000060BC9203604FF00808062802D1A7
:10E4800070793F2801D06427C0E74FF47A77BDE761
:10E4900024B1012C04D0022C04D008E0834802E00F
:10E4A000834800E0834801781046FEF7AAFA204628
:10E4B00000F0AAF92A4631467F481AF07FFBE9B2FC
:10E4C0007D4800F06AF97C49020A4A552944AD1C8E
:10E4D0004870A9B22246784800F076F922464146B3
:10E4E000002004F094FA2146384604F0A1FA00E036
:10E4F00033E005002ED0A81EC1B2704800F04DF9DF
:10E5000001466E48284410F8012C10F8020C02EB6A
:10E51000002088420AD16A4E16F8260F00F074F9DE
:10E5200032782946654800F04FF905E0654931F831
:10E530001400401C21F81400294660481AF057FBCB
:10E54000204608F010FD2246BDE8F04100210120E0
:10E5500004F05DBA5B49891DE9E7B6E42DE9FC47A3
:10E5600081464FF4076158481AF041FB5548002492
:10E570001438A0F11A05847044700470EC726C7049
:10E58000EC70524B2C73DFF83CC15149514AAC70CE
:10E59000204603F10C0605F1280705F1340843F87D
:10E5A000204046F8204027F810402CF8104028F86A
:10E5B00010400C541454401CC0B20328EFD34649F9
:10E5C00000201E2201F164034FF4167601F59D67C9
:10E5D0006C620C5423F8102027F81060401CC0B265
:10E5E0006428F6D3FEF73BFA45F8414F3B49AC802F
:10E5F000AC71FF2008703A494FF400620870394846
:10E6000030490E390470CDE90091002336A1AFF2F4
:10E610003770EDF7BEFDBDE8FC8770B535492E4A71
:10E6200000200B786432C3EB031105462A4E4C00E0
:10E630000BE032F8101019B1491E22F8101002E058
:10E64000355422F81040401CC0B29842F1D370BD3E
:10E6500070B51C4D0024284E2E3D22E004EB8400B2
:10E6600000EBC4003044B0F80B20531CA0F80B3072
:10E67000B2F5967F13D901EB810202EBC10131445F
:10E680000D221AF09BFAA87C00EB800101EBC00080
:10E6900030440D211AF0ABFAA87C401EA874641C0B
:10E6A000A4B2A97C8C42D9D370BD00000F210020F8
:10E6B0001021002011210020187D0360304100202E
:10E6C0009C3A0020720100600C7F03607C8703602D
:10E6D0009001006081210020D48D03608E010060D4
:10E6E000802100208F0100605363616E5461736B61
:10E6F00000000000F8200020489403602DE9F0415C
:10E70000FE4D95F84F0001282AD0FD4C95F82800C1
:10E710000026E71C4FF00708022805D0267095F860
:10E720002A00022810D01AE02078411C21700A2803
:10E73000F5D3387828B185F828802670FEF727F8B9
:10E74000EDE785F82800F8E7A078411CA1700A28B9
:10E7500006D3B87830B185F82A80FEF718F8A6708D
:10E76000BDE8F08185F82A00F7E7022809D8E449D6
:10E7700000224C3930B101280BD0022801D14A8740
:10E780008A727047A1F84820DE488A74C0F8A02138
:10E790007047A1F84A20CA747047F0B5FF23DA4EDB
:10E7A0001C46002206F5807707E0855C521C5D4020
:10E7B000EDB2D2B2735D63407C5D491EC9B2F4D242
:10E7C00044EA032080B2F0BD70B50C46002A1AD18D
:10E7D0000A460146CD481AF0F1F9C94E01224C3ED5
:10E7E00040F22771F485CA48EBF723FC0024F58D2D
:10E7F00004E0641CA4B20220EDF741FEF08D002875
:10E8000001D0AC42F5D370BD022803D8BD49012028
:10E81000C1F8A0017047012080F31388BD4801684A
:10E82000BD4A01F4E06111430160BFF34F8FFEE781
:10E830000120FAF7B5F9FAF7C9FBB84C38B1002056
:10E8400020706070A070FBF7E2F8FAF7BFFB40F3AE
:10E850000001491C217040F34001491C40F3800035
:10E860006170401CA070FAF760FEFFF7D4FF2DE93D
:10E87000FC5FA24D044628786978EA7800EB012015
:10E88000A978090401EB0261084416F0F7FDD4F8F9
:10E89000B11088427ED104F1340114220F46A04801
:10E8A0001AF0D3F9002648B184F84760142239469B
:10E8B0009B481AF083F99A48F0F7A9FBA84695F807
:10E8C000510094F8F010DFF85C92012588420ED0D8
:10E8D00095480670954806709548066089F8EF508F
:10E8E00094F8F01088F85110CB2008F0DCFAB4F955
:10E8F000AF0016F0C4FD824F4C3FB7F93E1088427E
:10E9000018D0B4F9AF0016F0BAFD00231A46B7F9D3
:10E910003E1008F0DCF9B4F9AF0016F0B0FDF8874E
:10E92000C0F307210C2008F0BEFA97F83E100D2026
:10E9300008F0B9FA94F8CE207B7B9A4209D00021E6
:10E94000084608F0C4F994F8CE107973192008F03D
:10E95000AAFA744998F8480094F8AE20CF318B4653
:10E96000904206D105283ED11E2272481AF06DF958
:10E97000C8B394F8AE1039B998F82300092805D027
:10E980000B2803D00E2801D088F8481098F84810BA
:10E99000052900E0FFE226D8072008F084FA98F85D
:10E9A00048A0BAF1020F1ED3BAF1050F04D11E22FE
:10E9B000594660481AF002F9504608F0F5F95A48ED
:10E9C00006705A4806705A4806604D48801D0188F6
:10E9D000827849BA0904C07841EA02210143B7F9B3
:10E9E0003E0008F0DFF998F8281094F82600DFF8C8
:10E9F00048A1DFF848B181422AD0434688F8280070
:10EA0000022800D010B90020FFF7AFFE93F82800CD
:10EA10009846012801D0092806D18AF80050002024
:10EA200015F086FA8BF80050FDF7B1FE98F8281023
:10EA30001D2008F038FA0021E92008F034FA3048A7
:10EA400098F82810C01C01703D4806703D480680AB
:10EA500098F8291094F82700814218D0434688F886
:10EA60002900022800D010B90120FFF77EFE93F89C
:10EA700029009846072803D1FDF789FE3248067021
:10EA8000FDF785FE98F829101E2008F00CFA98F87A
:10EA90002A1094F82800814222D0434688F82A00A0
:10EAA000022800D010B90220FFF75FFE93F82A0079
:10EAB0009846012801D0092806D18AF80050022082
:10EAC00015F036FA8BF80050FDF761FE98F82A1021
:10EAD0001F2008F0E8F90A4898F82A10C01C817035
:10EAE00098F8520094F8F710884205D088F8521030
:10EAF000BF2008F0D8F9FD7028E000009C3A002003
:10EB00004C210020000021422C3D0508A0310020AE
:10EB1000003801400CED00E00400FA056A190360BA
:10EB200024E702607A0D02609721002098210020DE
:10EB3000B4210020C24300202C23002044050060A3
:10EB400093210020940100605001006098F8540067
:10EB500094F8F9104FF0030A884206D088F8541050
:10EB6000C02008F0A0F987F803A098F8550094F8A1
:10EB7000FA10884205D088F85510C42008F093F99F
:10EB8000FD7098F8570094F8FC10884206D088F879
:10EB90005710C52008F087F987F803A098F85200AD
:10EBA00094F8F710884205D088F85210BF2008F07A
:10EBB0007AF9FD7098F8540094F8F910884206D05C
:10EBC00088F85410C02008F06EF987F803A098F870
:10EBD000440094F82F10884204D088F844109A20FA
:10EBE00008F061F998F8450094F83010884204D094
:10EBF00088F845109A2008F056F998F8040094F81F
:10EC0000C510DFF84CB4884210D0481EFE280DD243
:10EC100088F80410062008F046F998F804008BF8EC
:10EC2000000089F8F200002014F048F894F8F2107F
:10EC30009BF8002091420ED069B1FF290BD08BF8D0
:10EC4000001089F8F21088F80410062008F02BF95B
:10EC5000002014F033F8FF4894F8491002789142EC
:10EC600011D04A1EFE2A0ED2834601709C2008F065
:10EC70001AF999F849009BF80010F6F744FD9BF843
:10EC8000001089F8491094F8320094F8081100EB4C
:10EC90000120B8F8421088420BD0A8F8420094F83E
:10ECA0003210E72008F0FFF894F80811E62008F089
:10ECB000FAF8B9F8BF00B7F84010B94688420BD04F
:10ECC0004F46C1B227F8400F162008F0ECF83888FC
:10ECD000010A152008F0E7F8D4F8C60016F0CEFBBC
:10ECE000DD4F396888420AD0D4F8C60038B116F032
:10ECF000C5FB386013F045FB3868F0F7A8FE4746BF
:10ED000098F8410094F80E11DFF85083884210D033
:10ED100009B13C290DD387F84110222008F0C3F82F
:10ED200097F8410020B3CE4805704570857088F88B
:10ED3000005097F8270094F82A10884204D087F8EA
:10ED40002710202008F0AFF894F82C1099F80F0045
:10ED500081421AD089F80F1097F8280002280AD0AB
:10ED600048B1072807D0012805D0092803D00AE0B8
:10ED700088F80060DDE7ED2008F095F899F80F10AD
:10ED8000092008F090F889F8035094F82E1099F8AB
:10ED90001100CB46814211D08BF8111097F82A0050
:10EDA000022806D0012804D0092802D008B107287B
:10EDB00002D1532008F077F88BF803A094F82B00C9
:10EDC000582804D06F2807D0962807D00EE0A54811
:10EDD000057084F82B6013E0FFF72AFD84F82B60A0
:10EDE000FDF747FE9E48857488F8005094F82B0084
:10EDF0004D2805D19C4884F82B6005709B4806700F
:10EE000097F8500094F8EE10B946884204D089F87B
:10EE10005010D62008F047F894F82B00632816D13C
:10EE2000934884F82B6084F8F1600670914806706E
:10EE30009148066091480188827849BA0904C078EF
:10EE400041EA02210143BBF93E0007F0ABFF8C48C9
:10EE500094F8F5100278914203D001709D2008F0DB
:10EE600022F8884894F809110278914203D0017081
:10EE7000142008F018F8072204F1FD01824819F067
:10EE8000E4FEE8B3DFF804A2DAF80000EDF7BAFB1D
:10EE90007D48D4F8FD106438832640F8641FB4F828
:10EEA0000111818094F8031181714FF6FF77CDE94C
:10EEB000007677A3202206210120FBF702FACDE994
:10EEC0000076202305221E210020FBF7B0F9CDE9B2
:10EED0000076202305224E210020FBF7A8F9CDE97A
:10EEE0000076202305226E210020FBF7A0F9CDE952
:10EEF0000076202305229E210020FBF798F900E0F0
:10EF000007E05748457688F80050DAF80000EDF73A
:10EF1000BDFB99F8630094F804114D46884206D071
:10EF200085F86310E22007F0BEFF07F095FE95F824
:10EF3000640094F80511884206D085F86410E32037
:10EF400007F0B1FF07F088FE95F8650094F8061108
:10EF5000884206D085F86510E42007F0A4FF07F08A
:10EF60007BFE95F8660094F80711884206D085F874
:10EF70006610E52007F097FF07F06EFE95F84F004A
:10EF800094F80D11884206D085F84F10BDE8FC5F5B
:10EF9000B22007F088BFBDE8FC9F2DE9F041A0F545
:10EFA0001853483B1144C72B1AD8642093FBF0F246
:10EFB00000FB1232002A7ED193FBF0F0C4B204EBC6
:10EFC000C400354A00EB041002EBC000C822C91D82
:10EFD00019F0F4FD012C6ED1BDE8F0412E4846E455
:10EFE000A0F51C52103A4FF4B86701241C4D1B4E7B
:10EFF0001723BA421AD2B2FBF3F003FB1020002809
:10F0000059D1B2FBF3F0C7B2C7EB0710234A00EBAC
:10F01000400010442D22C91D19F0D0FD00213846B2
:10F02000F1F751FEF1F719FE2C7043E0A0F53052D4
:10F03000D03ABA4241D2B2FBF3F003FB10200028D1
:10F0400039D1B2FBF3F0C0B2C0EBC00228E032E02D
:10F05000BB00006093200020B02000208A21002007
:10F060006A1903609B210020DF210020E02100209D
:10F070009721002098210020B42100205221002057
:10F080009220002094200020F83A0020E421002063
:10F0900020202020200000007A0D026034C304608C
:10F0A00002EB0010FB4AC91D02EB40002E2219F0B2
:10F0B00085FD6C703470BDE8F081A0F54852903A3F
:10F0C000B2F5206F36D21420B2FBF0F300FB13230D
:10F0D000002BF0D1B2FBF0F0C7B2C7EBC700DFF8EE
:10F0E000B88300EB471202EB08002722C91D19F074
:10F0F00065FD37B1012F09D0022F0DD0032F17D195
:10F1000011E0E64998F81E00C87311E0E248E449AE
:10F1100090F8450008700BE0DF48E24990F86C0079
:10F1200081F8280004E0DC48DF49D0F8930008604B
:10F13000AC70BFE7A0F57052903AB2F5987F14D248
:10F140001320B2FBF0F300FB132363B9B2FBF0F022
:10F15000C0B200EB800202EB4010D44AC91D10443B
:10F16000252219F02BFDAC71A4E7A0F57752A72A50
:10F1700015D81520B2FBF0F300FB13236BB9B2FBDB
:10F18000F0F0C0B2C0EBC000C94A00EB400002EB97
:10F1900040002A22C91D19F011FD2C718AE7A0F543
:10F1A0007852683A432A12D81120B2FBF0F300FBE0
:10F1B000132353B9B2FBF0F0C0B2BE4A00EB4010CB
:10F1C00010442122C91D19F0F9FC6C7172E7A0F5F9
:10F1D000FA422C3AB2F5107F13D24820B2FBF0F37A
:10F1E00000FB13235BB9B2FBF0F0C0B2B24A00EBF4
:10F1F000C00002EB00109022C91D19F0DFFC2C7436
:10F2000058E7A0F5FE426C3A5B2A14D892FBF3F063
:10F2100003FB102068B992FBF3F0C0B2C0EBC00250
:10F2200002EB0010A54AC91D02EB40002E2219F086
:10F23000C5FC6C743EE7A0F5FE42C83ADF2A13D83D
:10F240000E20B2FBF0F300FB13235BB9B2FBF0F02E
:10F25000C0B29B4AC0EBC00002EB80001C22C91D5B
:10F2600019F0ACFCEC7025E7A0F50140B138B0F521
:10F27000907FBFF420AF242290FBF2F302FB130334
:10F280005BB990FBF2F0C0B28E4A00EBC00002EB1B
:10F29000C0004822C91D19F091FC2C760AE77CB504
:10F2A000894B0125894E5418B0F5FA6F2DD0A0F581
:10F2B000E061D3391BD0A0F5E061D1392ED0A0F5A3
:10F2C000E061D5392DD0A0F5E061D43930D0891F67
:10F2D0001F2934D8C006B0F1504F21D103F10A00E4
:10F2E0004021054619F083FCE11D402237E060799A
:10F2F000012815D108F043F87C21734819F077FCF8
:10F300003576FAF712F9FFF793FA607918703576C7
:10F31000FAF70BF908F033F8FFF77DFA60795870C7
:10F320007CBD6079217900EB0120A3F805007CBD4C
:10F330006079217900EB0120A3F803007CBDA0F2E5
:10F34000FA710F2911D80007B0F1204FF6D15E48AD
:10F3500020214A30054619F04AFCE11D202202B066
:10F360002846BDE8704019F029BCA0F500610A39B3
:10F3700024D0A0F500611639E0D10621A0F61600D0
:10F3800090FBF1F201FB12000028D7D1207A8DF812
:10F390000000A07A8DF80100207B8DF80200A07B90
:10F3A0008DF80300207C8DF80400A07C8DF805000A
:10F3B000684609F02DFA464805707CBD0C21A0F680
:10F3C0000A0090FBF1F201FB12000028F5D1207A2F
:10F3D00003F86A0FA07A5870207B9870A07BD870D1
:10F3E000207C1871A07C5871207D9871A07DD87107
:10F3F000207E1872A07E5872207F9872A07FD872EB
:10F400007CBD70B5A0F51853483B6425C72B0AD8BE
:10F4100093FBF5F0C1B201EBC10000EB01102D49E7
:10F4200001EBC0017EE0A0F51C53103B4FF4B86621
:10F430001724B34209D2B3FBF4F0C0B2C0EB001002
:10F44000254900EB400001440EE0A0F53053D03BCD
:10F45000B3420ED2B3FBF4F0C1B2C1EBC10000EB7A
:10F4600001100C4901EB4001B3FBF4F004FB103236
:10F47000C5E0A0F54853903BB3F5206F2ED2142081
:10F48000B3FBF0F1C9B2C1EBC10202EB4111024A78
:10F4900033E0000036530020BE1D02600021002032
:10F4A000BB0000609C3A0020B02000206E1B026070
:10F4B00078840260888C0260C88502600C8D0260CE
:10F4C0003E310260488A02609C9E03606A190360B4
:10F4D0000B0200607A0D026034C30460A0F5705323
:10F4E000903BB3F5987F0AD21320B3FBF0F1C9B279
:10F4F00001EB810202EB4111FE4A114466E0A0F5E6
:10F500007853AC3BB3F57A5F11D293FBF5F0C0B200
:10F510000A21B0FBF1F101EB4100C0EBC110F6494B
:10F5200001EB001193FBF5F005FB103066E0A0F550
:10F530007753A72B0BD81520B3FBF0F1C9B2C1EB61
:10F54000C101EE4A01EB410102EB41013EE0A0F5B1
:10F55000FA432C3BB3F5107F09D24820B3FBF0F1FE
:10F56000C9B2E74A01EBC10102EB01112EE0A0F59F
:10F570007853683B432B07D81120B3FBF0F1C9B295
:10F5800001EB4111DF4AB8E7A0F5FE436C3B5B2B72
:10F590000ED893FBF4F0C1B2C1EBC10000EB011037
:10F5A000D94901EB400193FBF4F004FB103025E056
:10F5B000A0F5FE43C83BDF2B0DD80E20B3FBF0F1C6
:10F5C000C9B2D24AC1EBC10102EB8101B3FBF0F237
:10F5D00000FB123213E0A0F50140B138B0F5907F86
:10F5E0000DD2242290FBF2F1C9B2C94B01EBC1014B
:10F5F00003EBC10190FBF2F302FB1300C2B231F83E
:10F60000120070BDC349B0F5FA6F25D0A0F5E062D5
:10F61000D13A1FD0A0F5E062D23A1FD0A0F5E06247
:10F62000D43A1DD0A0F5E062D53A1CD0B0F5FB6FFE
:10F630001ED0A0F5E062D63A18D0111F1F2919D8A4
:10F64000B448CA1701EBD2620A3022F01F02891AAD
:10F65000C9B21CE0487870470878704788787047CE
:10F66000B1F803007047B1F805007047C8797047DA
:10F67000087A7047A0F2FA710F290BD8A548CA176B
:10F6800001EB12724A3022F00F02891AC9B230F827
:10F6900011007047A0F60A01032909D89D48CA172E
:10F6A00001EB92726A3022F00302891AC9B21AE0A1
:10F6B000A0F60E01032909D89648CA1701EB9272E9
:10F6C0006E3022F00302891AC9B20CE0A0F61201D2
:10F6D00003290AD88F48CA1701EB9272723022F0C0
:10F6E0000302891AC9B2405C7047A0F616000528CB
:10F6F00009D8884A7632062190FBF1F301FB13000A
:10F70000C0B2105C7047002070472DE9F34F82486B
:10F71000CFB04FF0010B80F80CB04F9803AE4FF014
:10F72000000970B302282DD004282BD00624002015
:10F7300049463154401C80B20628FAD35098DFF86D
:10F74000DCA1051968780090E878A97800EB012021
:10F7500087B2687901900098032815D0012813D04A
:10F7600006216F4B0C22AAF5C47C062875D005280B
:10F77000FCD0102802F03884192802F0FA8602F032
:10F780000FBFFFE70024D9E75098005D3055697836
:10F790003019029041700098032802D0012805D04A
:10F7A00009E0019802994000887004E00198C01DAA
:10F7B000C1080298817002988178C01C19F017FA6C
:10F7C0000098012801D00025F5E3002341E0FA1854
:10F7D000082A19D20020DFF84CC1014601EBC2050E
:10F7E000C5EB051505EB4505654495F82550002D3D
:10F7F0000BFA01F502D00543E8B200E0A843491C2A
:10F80000C9B20829EAD31FE0A2F1400108291BD898
:10F810000020D500DFF810C10146A5F500756A1873
:10F82000C2EBC20808EB02120CEB420292F826204F
:10F83000002A0BFA01F202D00243D0B200E090435A
:10F84000491CC9B20829EAD3E11831445B1CC870CD
:10F850009BB201998B42BAD3F1E3F1E37819032803
:10F8600007D804EB4501314481F803901AF80000F1
:10F870000CE2A0F59851EC397ED004287DD0052803
:10F880007CD008287BD006287AD0072879D00E288B
:10F8900078D0092877D01A2876D01C2875D0162859
:10F8A00074D0172873D0182872D0192871D01B284B
:10F8B00070D00C286FD012286ED013286DD00D2870
:10F8C0006CD010286BD022286AD0232869D0202839
:10F8D00068D0242867D02A2866D01D286FD0A0F5CC
:10F8E0007D41E83975D0A0F57D41E93969D0A0F5B1
:10F8F0007D411BE06E1B0260A67C01607884026083
:10F90000C8850260888C02600C8D02603E31026006
:10F91000488A02609C9E0360002100209C3A0020DF
:10F92000C82E046034C3046036530020EA3975D011
:10F93000A0F57D41F23972D0282871D0292870D0E5
:10F940002B286FD05E286ED05F286DD02E286CD00B
:10F950002F286BD030286AD0322869D0332868D05D
:10F96000312867D0622875D0632874D0272873D0D7
:10F97000A0F16401052918E024E031E037E03DE022
:10F9800044E058E05EE068E06FE072E07AE083E037
:10F990008BE092E09AE0A1E0A9E0B1E0B9E0C0E03C
:10F9A000C7E0CEE0D5E0D7E0DDE074D804EB450158
:10F9B0003144504481F8039010F8510C66E1D9E0CD
:10F9C00007E0DEE004EB45003044F84980F803909E
:10F9D0005FE004EB45003044F54980F8039058E0BF
:10F9E00004EB45003044082180F8039011E204EB59
:10F9F00045003044442180F803900AE204EB4500BE
:10FA0000304480F803909AF8071002E204EB4500B6
:10FA1000304480F803909AF80410FAE1B5E0BEE0B3
:10FA2000C4E0CBE0D2E0D9E0DFE0E4E0E6E0EAE009
:10FA3000F2E0F9E000E104EB450030440A2180F8EF
:10FA40000390E6E104EB4500304480F803909AF817
:10FA50000A10DEE1F5E0FCE002E104EB4500304491
:10FA600080F803909AF80B10D3E1D1487438C08F16
:10FA700069E004EB4500CE493044743980F80390C6
:10FA8000497BC6E104EB45003044C94980F8039046
:10FA900022390978BDE1EBE004EB4500C44930446C
:10FAA000223980F803904978B3E104EB45003044F3
:10FAB000BF4980F80390223976E104EB4500BC4948
:10FAC0003044223980F80390C978A2E104EB450064
:10FAD000304480F803909AF848109AE104EB45000E
:10FAE000B3493044743980F80390C97B91E104EB49
:10FAF0004500AF493044743980F80390097C88E1AF
:10FB000004EB4500AA493044743980F80390497CDD
:10FB10007FE104EB4500304480F803909AF8271009
:10FB200077E104EB4500304480F803909AF80C101C
:10FB30006FE104EB4500304480F803909AF82310FD
:10FB400067E19C4829E304EB45013144030ACB708B
:10FB50009CE0984800681BE004EB4500304496495F
:10FB600080F8039095E704EB45003044934980F812
:10FB700003908EE704EB45003044914980F80390F0
:10FB800087E78B48B0F80100DDE78948D0F801002D
:10FB900004EB45013144020ECA70000C76E004EB20
:10FBA00045003044874980F8039072E704EB450034
:10FBB000304480F803909AF844102AE104EB4500A1
:10FBC000304480F803909AF8451022E104EB450098
:10FBD000304480F803909AF847101AE1744874385A
:10FBE00030F8581F80880844ADE771487438D0E970
:10FBF00016100844CCE7BAF84200CAE26C487438E0
:10FC0000B0F840009FE704EB45006949304474397F
:10FC100080F80390897BFCE004EB4500304480F8D9
:10FC200003909AF84D10F4E004EB4500304480F85E
:10FC300003909AF84E10ECE05D487438B0F842003A
:10FC400081E704EB4500304480F803909AF85010A7
:10FC5000DFE004EB450030445B4980F8039018E78F
:10FC600004EB4500304480F803909AF85110D0E03E
:10FC70006A280CD0A0F16B01032910D804EB4501D0
:10FC80003144504481F8039010F85C0C40E304EBDD
:10FC90004500304480F803909AF80E10B9E0A0F1C6
:10FCA0006F01032902D9091F032908D804EB450174
:10FCB0003144504481F8039010F8560C28E378281A
:10FCC00031D0262832D01E2833D0B0F5367F38D038
:10FCD000A0F50071D9391ED0A0F580712B3938D02C
:10FCE000491E64293CD8C0EBC00138480844A0F53F
:10FCF0008050374990F8CC0701EBD00100F00703A2
:10FD00000A780BFA03F10A4000D0012204EB450106
:10FD10003144CA70FCE204EB4500304480F80390A3
:10FD20009AF85B1075E0BAF821000CE7BAF84900C0
:10FD300009E704EB4500304480F803909AF85A1024
:10FD400067E004EB4500304480F803909AF86710B0
:10FD50005FE004EB450030441E4980F8039098E6CC
:10FD6000362810D0372819D0382837D0A0F13B01D9
:10FD700002293AD804EB45013144504481F80390FC
:10FD800010F8130CC4E204EB45003044124980F82B
:10FD9000039089880029C5D002213AE004EB450090
:10FDA00030440D4980F80390897832E08501006085
:10FDB00074210020B020002093200020BB000060B0
:10FDC00092200020902100209421002000900360C8
:10FDD000C4930360F82000207A07026004EB45001A
:10FDE0003044FE4980F8039053E65C280AD03E2850
:10FDF00010D0A0F1460109290ED80AEB400030F8D6
:10FE00005F0CA0E604EB4500304480F803909AF8BC
:10FE100041100FE2F248C0E153284FD0542850D08F
:10FE200050286AD051286BD055286DD056286DD0F7
:10FE30005A2876D05B2876D0A0F50071CA3936D022
:10FE4000A0F50071DA3979D0A0F50071DB3967D0FF
:10FE5000B0F5377F6FD0A0F50071DD396CD0A0F51B
:10FE60000071DE3969D0A0F50071DF3971D0B0F5CD
:10FE7000387F6FD0B0F5397F6DD0A0F50071E539CE
:10FE80006AD0A0F50071E63967D0A0F50071E739B6
:10FE900078D03939062976D804EB450131445044ED
:10FEA000A0F5805081F8039090F83C0D30E204EB0F
:10FEB00045003044562180F80390BBE1BAF84B006E
:10FEC00041E6C84890F82D00092803D00A2801D03F
:10FED000C54862E1C448C54942F210720088898D64
:10FEE0004843B0FBF2F1B0FBF2F04FEA112C04EB07
:10FEF0004501314481F803C00AE2BC48008C48E166
:10FF0000BA48B0F8440044E1B94846E104EB450082
:10FF10003044B84980F80390BBE502E003E00DE00F
:10FF200026E0B54839E104EB4500304480F8039001
:10FF30009AF84F107EE13FE036E04FE09AF8230058
:10FF40000B280BD00E28A7480CD0D0F88E016422C5
:10FF5000C7E054E068E07CE05FE0ACE0A148D0F8A6
:10FF60004602F4E7D0F8FE02F1E790FBF2F0CFE1B1
:10FF70009AF823000B2807D00E289A4808D0D0F80A
:10FF8000BC01ACE0A2E0B8E09648D0F8740286E08C
:10FF9000D0F82C134FF47A7291FBF2F0030A04EBC1
:10FFA00045003044C37069E004EB45003044934998
:10FFB00080F803906DE5FDE39AF823000B2805D047
:10FFC0000E28884806D0D0F8EA01C0E78548D0F866
:10FFD000A202BCE7D0F85A03642262E09AF8230038
:10FFE0000B2805D00E287F4806D0D0F8460276E0D0
:10FFF0007C48D0F8FE0252E0D0F8B6036FE09AF8E1
:020000040802F0
:1000000023000B2805D00E28BED17648D0F8E40393
:1000100045E07448D0F82C0341E09AF823000B28FF
:100020003AD00E2831D1AFE79AF823000B2802D03E
:100030000E2806D009E06B48D0F85A032FE0FCE305
:10004000FCE36848D0F8120449E06648D0F8A20200
:1000500045E09AF823000B2802D00E2811D014E0B6
:1000600060484FF47A72D0F88E1191FBF2F04FEAAB
:10007000102C04EB4500304480F803C091FBF2F1F2
:10008000D8E05848D0F8460209E004EB4500304477
:10009000494680F80390CDE05248D0F8BC014FF4B7
:1000A0007A7290FBF2F14FEA112C04EB45013144D6
:1000B00081F803C059E79AF823000B2802D00E28D4
:1000C000E3D1C2E74748D0F8EA0108E09AF82300F4
:1000D0000B280ED00E28D8D14248D0F8D0024FF4C9
:1000E0007A7290FBF2F10B0A04EB45013144CB70BC
:1000F0003BE73C48D0F81802F1E7B0F53E7F38D036
:10010000A0F50071F9392CD0A0F50071E93938D08B
:10011000A0F50071EA3936D0A0F50071EB3934D082
:10012000B0F53B7F36D0A0F50071ED392FD0A0F5AA
:100130004071163930D0A0F5407117392FD0B0F585
:10014000467F2FD04C310A292FD888B22C4A04EB95
:100150004501314412F810C081F803C002EB4000A1
:100160008DE104EB45003044264980F80390497E38
:1001700060E004EB45003044224980F80390097E9A
:1001800058E0214809E0214802E0214805E02148E3
:100190000088DCE3204800E020480088D3E41F48C2
:1001A0004088D4E31D488088D1E396283BD0972827
:1001B00041D0982847D099284DD09A2853D09B28D1
:1001C00059D0A0F5807129392AD0A0F5FA616429A7
:1001D00059D880B2FFF716FAB5E400007A0702603A
:1001E000A2210020365300207A0502600021002061
:1001F0005A0100605101006022200020B40100601B
:1002000024E702603E310260A8010060AA0100609C
:10021000AC010060B0010060AE010060CC01006084
:10022000BAF858008FE404EB4500304480F803909E
:100230009AF85210D4E304EB4500304480F8039060
:100240009AF85310CCE304EB4500304480F8039057
:100250009AF85410C4E304EB4500304480F803904E
:100260009AF85510BCE304EB4500304480F8039045
:100270009AF85610B4E304EB4500304480F803903C
:100280009AF85710ACE3A0F5D851BC397F292CD887
:1002900001EBD171C1F34701C007C1EB011000EBC5
:1002A0004001FE4872D001EB000898F8230080BBA3
:1002B00098F92800A0F10C010A2911D90B39072956
:1002C0000BD800EBC00101EB0011F5480844A0F584
:1002D000805090F8C10D012802D098F82500B8E1AF
:1002E00098F82500BAE14E987AE3A0F5E0513C3940
:1002F0003F290FD8C8B2C0EB001000EB400204EB5E
:100300004501E6483144104481F8039090F82400F8
:100310002DE372E1A0F5E0517C393F290ED8C9B236
:10032000C1EB011101EB410204EB4500DB49304414
:10033000114480F8039091F8281051E3A0F5E051A2
:10034000BC393F290ED8C9B2C1EB011101EB410202
:1003500004EB4500D1493044114480F8039091F8F2
:1003600022103DE3A0F5E051FC393F290FD8C9B276
:10037000C1EB011101EB410204EB4500C7493044D8
:10038000114480F8039091F8231029E345E1A0F58A
:10039000E8513C397F2903D9A0F291227F2A46D81F
:1003A0007F2902D841F63C5101E040F29121411AE7
:1003B00001EBD170C0F34700C907C0EBC00101EBEE
:1003C0000011B84800EB410898F8280001D098B116
:1003D00013E100283FF443AED8F81E0015F04EF8A4
:1003E000010E04EB450030444E90C170D8F81E0059
:1003F00015F044F8010C76E798F82D00A0F10C01F7
:100400000A2911D90B3907290BD800EBC00101EBE0
:100410000011A3480844A0F5805090F8C10D0128B0
:1004200002D098F8260014E198F8260016E1A0F50D
:10043000E851BC393F290FD8C8B2C0EBC00202EB6B
:10044000001204EB45019748314400EB420081F86B
:10045000039090F822008AE2A0F5E851FC393F2988
:100460000FD8C8B2C0EBC00101EB00118D4800EB02
:10047000410004EB4501314410F82B3FCB7040782C
:1004800075E2A0F5F0517C393F290FD8C8B2C0EB16
:10049000C00101EB0011834800EB410004EB450172
:1004A000314410F8283FCB70407960E2A0F5F0515C
:1004B000BC393F290FD8C8B2C0EBC00202EB001212
:1004C00004EB45017748314400EB420081F803908A
:1004D00090F827004BE2A0F5F0513C393F290FD8A6
:1004E000C8B2C0EBC00202EB001204EB45016D483C
:1004F000314400EB420081F8039090F8290036E285
:10050000A0F5F051FC393F2934D801EBD171C1F38A
:100510004701C0074E91084616D0F8F721FB4FF46B
:100520007A7190FBF1F0010A04EB450000EB06083C
:1005300088F803104E98F8F713FB4FF47A7190FB8C
:10054000F1F188F804104CE2F8F70AFB4FF47A71E5
:1005500090FBF1F0010E04EB450000EB060888F873
:1005600003104E98F8F7FCFA4FF47A7190FBF1F013
:10057000010CE6E7A0F5F8513C391F290BD84A4A8F
:1005800004EB450131441044A0F5005081F803907C
:1005900090F8C400EBE1A0F5F8515C393F290BD885
:1005A000424A04EB450131441044A0F5005081F863
:1005B000039090F8A400DAE1A0F5F8519C39FF29E6
:1005C00003D9A0F29112FF2A52D8FF2902D841F68E
:1005D0009C7101E040F29111411A01EBD170C0F31E
:1005E0004700C907C0EBC00101EB4011304814D0EF
:1005F00001EB000898F82300A0B1D8F81E0014F011
:100600003DFF010A04EB450030444E90C170D8F81C
:100610001E0014F033FF014665E601EB000898F870
:100620002300D6E698F82600A0F10C010A2913D978
:100630000B3907290BD800EBC00101EB001118485A
:100640000844A0F5805090F8C10D012804D098F816
:100650002400012804D018E598F824000128FAD0D5
:1006600004EB4500304480F8039080F804B0B8E112
:10067000A0F500519C397F291CD8C0EBC00202EBC9
:1006800040120B4804EB450131441044A0F5A02072
:1006900081F8039090F85E0869E1000034C30460BB
:1006A0002619026036530020443B0020B65E00202D
:1006B000BE1D0260A0F5045154397F290FD804EB08
:1006C00045013144C0EBC00281F8039002EB4012B7
:1006D000FE481044A0F5A42090F85A0C47E1A0F57C
:1006E0000451D4397F290FD8C0EBC00202EB40126D
:1006F000F64804EB450131441044A0F5A62081F8EA
:10070000039090F8D70832E1A0F504511C3907296D
:1007100010D8C0EBC00000EB4002ED4804EB4501EF
:10072000314400EB4200A0F5AE2081F8039090F830
:1007300087011CE1A0F504512439072910D8C0EB2A
:10074000C00000EB4002E24804EB4501314400EBFD
:100750004200A0F5AE2081F8039090F8360006E143
:10076000A0F504512C39072910D8C0EBC00000EBCC
:100770004002D74804EB4501314400EB4200A0F5AC
:10078000B02081F8039090F8EC0EF0E0A0F5045151
:100790003439072912D8C0EBC00000EB400204EB4B
:1007A0004501CB48314400EB420081F80390A0F5AD
:1007B000B02000E017E190F8980DD8E0A0F50451C2
:1007C0003C39072910D8C0EBC00000EB4002C048FC
:1007D00004EB4501314400EB4200A0F5B02081F864
:1007E000039090F84F0CC2E0A0F50451443907295A
:1007F00010D8C0EBC00000EB4002B54804EB450147
:10080000314400EB4200A0F5B02081F8039090F84D
:10081000F90AACE0A0F504514C3903290FD800EBDC
:100820004012AC4804EB450131441044A0F58A2045
:1008300081F8039090F8530599E0D8E06CE1A0F5B9
:100840000451503903290DD800EB4012A14804EBA4
:10085000450131441044A0F58A2081F8039090F8B6
:10086000CE0484E0A0F5FE426C3A5B2A16D82E2016
:1008700092FBF0F192FBF0F300FB1320C9B2C1EB45
:10088000C103C2B203EB011104EB4500924B3044AB
:1008900003EB410180F80390895CA1E0A0F1C8015D
:1008A000082919D2CF280BD0CA280DD004EB450156
:1008B0008A4A3144104481F8039010F8C80C56E07D
:1008C0008648B0F8070069E404EB450030448349EA
:1008D00080F80390FFF768BAA0F5B85170390B297A
:1008E00007D87F4901EBC000A0F54040B0F8800474
:1008F00054E4A0F5B8517C390B2907D8784901EBAD
:10090000C000A0F54040B0F8240447E4A0F5B85179
:1009100088390B290FD8724901EBC000A0F540407F
:10092000D0F8C4130A0C04EB45013144CA70D0F866
:10093000C003FFF732B9A0F5D8515839312907D88B
:10094000684901EB4000A0F58040B0F8500931E063
:10095000A0F51851483945F68842914209D880B22D
:10096000FEF74FFD04EB45013144C870000A0871E1
:1009700037E0A0F51C4040383B283FF671AEC11768
:1009800000EB9172C2F38F0122F00302801A00047F
:10099000000C06D0012809D002280ED0032816D05A
:1009A0001FE0514800EB4100008815E44E4800EB81
:1009B0004100C08B020AFFF7A9B904EB45004A4A7F
:1009C0003044114480F8039091F83C1008E004EBA7
:1009D0004500454A3044114480F8039091F84B108B
:1009E00001716D1CADB201988542FEF437AF4F988E
:1009F00030B1022804D0042802D0052844D029E2CE
:100A00000098012812D00198032101EB4000C1B2E7
:100A100003A8FDF7C2FE0199020A06EB4101CA7064
:100A200008714F98042813D0C8B1E8E7029880787D
:100A3000C01CC1B203A8FDF7B0FE0299020A8B7870
:100A40000DF10F015A5402998A7804A95054E8E72D
:100A50000198F11C4200254818F0B0F8CFE7524643
:100A60009AF82600FDF7D0FE009892F8262001287B
:100A700005D00198052101EB400103A8FDE3029890
:100A8000817803A8491DF9E750981949008840BAB0
:100A90000885020A8DF80C208DF80D0001980321BD
:100AA00001EB4000020A8DF810208DF8110000982B
:100AB0008DF80E90012801988DF80F9022D004EB4C
:100AC0004004E21C03A90B4816E00000BE1D0260B2
:100AD00078840260888C02600C8D026038230020CC
:100AE00078050160B40202609C9503600AFC016015
:100AF00000210020C82E046018F060F8F648E21CBF
:100B000002807CE70444E21C03A9F44818F056F87C
:100B1000F148E41C048072E74F98C8B1022851D014
:100B200004284FD0509800788DF80C0050984078E9
:100B30008DF80D008DF810908DF811104F988DF8EC
:100B40000E908DF80F90012815D0052826D039E099
:100B5000564616F8260FFDF757FE327808215098B2
:100B6000FDF732FE3078FDF74FFE327808215098BD
:100B7000FDF72AFE26E000202118509B401C80B281
:100B80005B5C73540628F7D303AE0CF15C0C96E85B
:100B90000B008CE80B00D248828713E0002021185C
:100BA000DDF840C1401C80B21CF801C006F801C04D
:100BB0000628F4D303981860049858600598986044
:100BC000C54802800098DFF81C83052847D0A7F5A8
:100BD000D850BC384FF41071B0F5B36F34D24FF425
:100BE000C076B04202D2C04B83F800B0A7F5E852FD
:100BF0003C3AB2F5187F02D2BB4B83F801B0A7F59F
:100C0000F8529C3AB24202D2B74A82F802B0A7F533
:100C100004521C3A2F2A04D9A7F5FA422C3A8A42E8
:100C200002D2B14B83F804B0A7F504524C3A072A1C
:100C300004D9A7F5FE426C3A5B2A02D8AA4A82F888
:100C400005B0AA4B83F800B0032F6FD8A44CA07E48
:100C500000F0010139436AD0022F69D0CFE63F2F5F
:100C600076D8FEB2C6EB061000EB4001A0480C1887
:100C700094F823000028F1D1F7F71BFFB04294F954
:100C80002800A0F10C0130DD0A291BD90B390729F6
:100C90000BD800EBC00101EB001196480844A0F509
:100CA000805090F8C10D01280CD0287900B10120A6
:100CB00018F07AFB014608EB8610816230460FF08F
:100CC000AAFC25E0287950B1002018F06DFB014600
:100CD00008EB8610816230460FF09DFC23E0012076
:100CE000F3E7002016E0012014E00A291AD9A0F148
:100CF000170107290BD800EBC00101EB00117D485B
:100D00000844A0F5805090F8C10D01280AD0287938
:100D10000028E8D184F8250010F0FF0F0AD04FF426
:100D20007A7108E028790028DDD0DAE768E040E051
:100D300051E00DE000213046F7F7D7FD30460FF0C7
:100D40006AFC4FF47A714843C4F81E006649F6E322
:100D5000403F3F2F7ED8F8B2C0EBC00101EB00113D
:100D6000654800EB410090F82810F1B990F82D107B
:100D7000A1F10C020A2A12D90B3A072A0BD801EB6F
:100D8000C10202EB01125B491144A1F5805191F8B7
:100D9000C11D012903D0297929B1012103E0297955
:100DA0000029FAD0002180F826104F4981F801B0BF
:100DB00025E669798AF8001028798AF801005646F4
:100DC000002006F070F87178012006F06CF8A07E23
:100DD00040F0010012E08007EAD469798AF8021035
:100DE00028798AF803005646022006F05CF8F1786C
:100DF000032006F058F8A07E40F00200A076FEE541
:100E0000062F44D0082F52D00C2F55D0122F62D06D
:100E1000132F79D01A2F78D01C2F77D0102F76D09F
:100E20000D2F75D0222F74D0242F73D02A2F72D07B
:100E30001D2F71D0A7F57D42E83A22D0A7F57D425B
:100E4000E93A6AD0A7F57D42EA3A67D0232F6FD0FE
:100E5000202F00E02EE26CD0282F6BD0A7F13B02B0
:100E6000022A68D8D4B20AEB0406687996F82810EA
:100E70005746814204D06CB3012C7CD0022C7BD02D
:100E800096E11748697974300170D12079E0697969
:100E900054468AF80410062006F005F81749207910
:100EA000087317490870174981F8F200CBE0697997
:100EB0008AF80710082064E0094C6879E0736979C2
:100EC000092005F0F0FFE17BED2005F0ECFF84F850
:100ED00003B094E51CE122E016020060C82E046015
:100EE0000021002074B502606A1903608A21002085
:100EF00034C304602619026036530020630D02607B
:100F0000BB0000607A0D026016E01FE03CE049E0A3
:100F100068E06CE074E086E099E09FE0B1E0F44CBA
:100F2000687920746979522005F0BDFF02200BE03A
:100F3000BAE0CDE0E7E043E1ED4C687960746979AF
:100F4000532005F0B0FF0320E07058E56879297957
:100F5000E74C00EB0120B4F93E108842B9D00023E1
:100F60001A4605F0B4FE6879297900EB0120E08784
:100F700029790C2001E0D5E0DCE005F094FF6979E7
:100F80000D2005F090FF3AE5D94C6A79637B9A42CF
:100F90009FD00021084605F09AFE68796073697950
:100FA0001920EEE768797F2806D08E2808D08F2890
:100FB0008FD055280AD022E5EEF793FDFDF72BFCE4
:100FC000CB48494680F81A909E20DAE7C94981F853
:100FD00000B02879C0EB00108100C7480180EEF70F
:100FE00080FD0CE569798AF827102020C9E7687927
:100FF000297900EB0120C1B28AF823100E20C0E746
:1010000069790029A1D0FF299FD0BC4C9C20217078
:1010100005F049FFBA4D217815F8490FF4F773FB35
:1010200020782870EBE4697900298ED0FF298CD0D4
:10103000B44C062021708AF8041005F034FFB04843
:10104000217880F8F210002011F038FED7E4697999
:10105000012998D9AC4801709D2092E7A44A2B79C8
:10106000743252F8010F010C6879090400EB032077
:10107000084310606979D22005F015FF2979D32043
:101080007FE79B496A7974312B7931F8010F02EBC4
:10109000032280B240EA024008606979D42005F05A
:1010A00002FF2979D5206CE7984C68792A79216864
:1010B00000EB0220B0EB114F93D06FF30F01084308
:1010C00020606979A32005F0EEFE2979A42014E0C0
:1010D0008E4C68792979226800EB0123B3EB124F1B
:1010E000A0D0000400EB016091B20844206069794F
:1010F000A52005F0D8FE2979A62005F0D4FE2068A9
:1011000011F03FF97BE469798AF844109A2038E7B6
:10111000C8B1022817D0072815D0012813D00928F4
:1011200011D047E078B102280DD007280BD008284D
:1011300009D064E438B1022805D0072803D001287B
:1011400001D00928DED186F82800022802D12046E5
:10115000FDF70BFB96F82800012801D0092808D1DB
:101160006B49204681F800B06A4981F800B012F05E
:10117000DFFE96F82800072806D1FBF708FB012CB4
:1011800002D1654981F8009016F8281F04F11D006E
:1011900005F089FE0021E92005F085FE54493078EC
:1011A0004F310855534981F800905349A1F80090F8
:1011B000002CA7D1524897F8281080F8261079E023
:1011C0005C2F1CD0A7F14602092A2DD8687929790D
:1011D00000EB01200AEB470121F85F0C6FF04D0096
:1011E00000EB4700297980B205F05DFE6FF04C00FE
:1011F00000EB4700697980B205F055FEEFE36979AD
:1012000009B13C2995D35446222004F8411F05F02A
:101210004AFE207830B14149584681F800B081F843
:1012200001B0F8E33E49DEE0532F2AD0502F37D0EB
:10123000512F40D0552F46D0562F52D05A2F77D00D
:101240005B2F76D0B7F53A7F74D02E2F73D02F2F27
:1012500072D0312F71D0302F70D0622F6FD0632FAA
:101260006ED0272F6DD06A2F6CD0A7F16B02032AA6
:1012700069D869790AEB070000E0F6E300F85C1C26
:10128000E3E068792979544600EB012081B224F823
:101290004B1FB02005F007FE2088010AB12070E640
:1012A0001348B0F84410002989D069792A7901EBF4
:1012B0000221018400E26879297900EB01200C49C0
:1012C000A1F84400F8E16879297900EB012015497B
:1012D00080B20880144908806421B0FBF1F1EC2051
:1012E0004FE6124995F90500087081B2EE2048E6F4
:1012F0000021002093210020940100609320002011
:101300007A0D0260BB00006092200020B020002017
:101310002C23002044050060500100606A1903601E
:101320008A2100205A0100605C01006051010060C8
:101330000AE013E018E01FE02BE038E045E04AE067
:1013400054E065E06AE074E06879297900EB0120F7
:10135000FD4980B20880EDF768FFADE169798AF850
:101360004F106979B2200CE66879297900EB0120E9
:1013700080B20DF07AF99FE16879297900EB0120BC
:10138000AAF842006979E72005F08DFD2979E62069
:10139000F7E56879297900EB0120EC49A1F84000D4
:1013A0006979162005F07FFD29791520E9E568792E
:1013B000012807D040F2D241E448A0F842106979F0
:1013C000EB20DEE540F2D341F6E7E048697981732E
:1013D00069791720D5E569798AF850106979D6209E
:1013E00005F061FDDA4981F8009065E1D949687935
:1013F00008700128B1D12879D74938B10870D3488D
:10140000D649806D0860D649086055E10520F5E7AA
:1014100069798AF851106979CB20B2E56879012899
:101420009BD8297900EB0120C1B28AF80E102E203A
:10143000A7E5A7F16F02032A02D9121F032A06D8D3
:101440000AEB0700697900F8561C3C3FC5E1782F8C
:101450007CD0262F75D01E2F74D0A7F54072163A77
:101460005DD0A7F54072173A6DD0B7F5467F6BD0C7
:10147000B7F5367F69D0A7F50072D93A73D0473AED
:10148000062A71D8B74C2068EBF7BCF8687929793F
:10149000832500EB01200AEB0701A1F580514FF6EF
:1014A000FF7681F83C0DB149AF48B1A351F8642FE4
:1014B00040F8FD2F8A88828089798171CDE90065A5
:1014C000202206210120F8F7FCFECDE9006520234B
:1014D00005221E210020F8F7AAFECDE90065202391
:1014E00005224E210020F8F7A2FECDE90065202359
:1014F00005227E210020F8F79AFECDE90065202321
:101500000522BD210020F8F792FE9A4981F819B012
:10151000994981F800B02068EBF7B8F8CCE0687919
:101520002979964C00EB012081B2218040F22710EE
:1015300005F0B9FC2088010A4FF4947021E5D0E051
:1015400004E012E01EE027E03CE04BE068792979F6
:1015500000EB0120AAF8210069793D2005F0A3FCE9
:1015600029793C200DE527E042E06879297900EBF4
:101570000120AAF849006979C82005F094FC29796E
:10158000C920FEE469798AF85A106979C72005F004
:101590008AFCEFF762FB8FE068792979774C00EBE2
:1015A000012081B2618040F2291005F07CFC608846
:1015B000010A4FF49570E4E469798AF85B1069795F
:1015C000E020DEE4687929796C4C00EB012081B2DF
:1015D000A18040F22B1005F066FCA088010A4FF4B0
:1015E0009670CEE469798AF867106979EA20C8E4D0
:1015F000B7F53E7F2ED0A7F50072F93A22D0962F8C
:1016000044D0982F48D0992F4CD09B2F55D0212FC4
:101610005ED0A7F5FA62642A74D9A7F5D852583A71
:10162000312A61D868792979554C00EB012104EB06
:101630004700A0F58040A0F85019A7F5D85087388A
:101640000CD010E04F48697941764A49584681F8F4
:1016500003B0D0E34B4869790176F6E794F85E1061
:101660000420E9F71CF8A7F5D850883804D194F87D
:101670006010E820E9F713F8A7F5D85089388AD127
:1016800094F862101820E9F70AF815E069798AF8E9
:1016900052106979BF200AE069798AF85410697993
:1016A000C0200FE069798AF855106979C42005F0E7
:1016B000FAFB264981F803B0B4E269798AF8571039
:1016C0006979C52005F0EFFB20480321C170A9E22C
:1016D00068796F2802D0582802D0A3E2FDF7A8F855
:1016E000294981F800B09DE2284AA7F5B853703B1C
:1016F000541C0B2B07D8264800EBC700A0F53B4035
:1017000080380BE0FDE3A7F5B8537C3B0B2B41D8A9
:101710001F4800EBC700A0F53B40DC38016801F42E
:10172000702101606B792E7903EB06230B43036074
:1017300002EB4700697980B205F0B5FB04EB470086
:10174000297980B21DE40000222000200021002021
:101750009B2000209421002096010060D4210020CD
:101760009C010060E42100207A0D0260943A002080
:10177000200000006A1903608A210020CC0100606B
:10178000B40202603E3102609B21002074D1FFFF51
:1017900078050160A7F5B852883A0B2A1FD8FE4891
:1017A00000EBC700A0F53C404038A7F5B0570188D2
:1017B000D53F89B201606A7941EA024101608188BE
:1017C00089B241602A7941EA024141606879297908
:1017D00000F00F0001F0F0010144B8B206E4A7F1F7
:1017E000C802072A4DD86879297900EB0121EB4816
:1017F000C219C82F02F8C81C0AD0C92F0CD0CA2F92
:1018000016D0CB2F1DD0CD2F25D0CE2F2ED009E234
:10181000E24A4378127802E0E04B02785B78CDE947
:101820000032CDF808908378C27841798079FDE361
:1018300002784378D949CDE90032CDF808908B7809
:10184000F2E702784378CDE90032D449CDF8089028
:101850008378CA78E9E702784378CDE90032CDF899
:101860000890CE498378C2784979DFE701784278D9
:10187000CDE90021CDF808908378C2784179C74836
:10188000D4E77F2870D800EBD070C0F34706C6EBD2
:10189000061000EB4001C2480C18D4F81E0013F0EB
:1018A000EDFDF8077DD094F82300DFF8F8A298B199
:1018B000F7F7FFF8B0420EDD08EB86176879796A12
:1018C0005145297900EB01206CD117F06DFDB64927
:1018D00017F08FFBF861A5E0F7F7EBF8B04294F949
:1018E0002800A0F10C0161DD0A291DD90B39072957
:1018F0000BD800EBC00101EB0011AC480844A0F587
:10190000805090F8C10D01280ED008EB8617687939
:10191000796A5145297900EB01202AD100B10120D3
:1019200017F042FDF86129E008EB86176879796ABB
:101930005145297900EB012007D120B1002017F093
:1019400033FDF86106E00120F9E770B1002017F0DF
:101950002BFDB862964894F82510017730460EF0BA
:101960005AFE20B1002012E06FE00120EFE70120D5
:101970000DE000B1012017F017FDB8628C4894F813
:101980002510017730460EF046FE0028EFD184F88E
:10199000250041B28648027F914229D080F81BB0D1
:1019A00001E04FE038E080F81D9021E00A2917D9C6
:1019B000A0F1170107290BD800EBC00101EB0011C2
:1019C0007A480844A0F5805090F8C10D012807D04E
:1019D0006879297910EB012008D0012006E0EEE3B8
:1019E0006879297910EB0120F7D0002084F82500D0
:1019F00094F8250010B14FF47A7100E000213046D0
:101A0000F6F773FF30460EF006FE4FF47A71484346
:101A1000C4F81E0016E0EDE117F0C6FC624917F0AD
:101A2000E8FAB86230460DF0CAF85F4917F0AFFA2D
:101A300017F0DDFCC4F81E0017F0ADFC014630467F
:101A4000EFF70FF9EFF709F9F3E3A7F5E0507C386A
:101A50003F280BD8C1B2C1EB011000EB4003504846
:101A60006A79184480F828202CE0FBE3A7F5E050C1
:101A7000BC383F2817D8C1B2C1EB011000EB4002BF
:101A80004748104490F82420012A02D16A7980F84E
:101A90002220484A82F800B0474A82F800B001226A
:101AA000FAF786F9BEE0A7F5E050FC383F2810D8D9
:101AB000C1B2C1EB011000EB400339486A79184408
:101AC00080F823203B4B83F800B03B4B83F800B0F9
:101AD000E5E7A7F5E8503C387F2871D800EBD070D7
:101AE000C0F34706C6EBC60000EB0611334800EB17
:101AF0004104D4F81E0013F0C1FCF9070CD0020C0D
:101B000029791204687902EB0122851894F92820BA
:101B100052B1012A2CD034E069792A7980B201EBE4
:101B2000022100EB01455DE094F82D20A2F10C03A9
:101B30000A2B13D90B3B072B0BD802EBC20303EB89
:101B400002131A4A1A44A2F5805292F8C12D012AB2
:101B500004D000EB0120012804D006E000EB0120B6
:101B6000012802D084F826B00BE084F8269008E023
:101B700000EB01204FF47A71484313F07FFCC4F866
:101B80001E0094F8270001282CD194F82D00192864
:101B900019D00F2817D014E07805016038230020F1
:101BA00034C3046000007F4300007A4426190260B9
:101BB000002100206A1903608A210020365300208A
:101BC0001DE01D280ED1D4F81E0013F057FC48B9B3
:101BD000102E02D2F84941F826900C2E02D2F74975
:101BE00001F806B0284613F049FCF549C4F81E0078
:101BF000204681F801B0F34981F800B010E0A7F564
:101C0000E850BC383F280ED8C0B2C0EBC00202EB8F
:101C10000012ED48697900EB420080F8221026E0BE
:101C2000FAF7C7F81AE2A7F5E850FC383F280ED8B3
:101C3000C0B2C0EBC00202EB0012E348297900EB0E
:101C4000420080F82B10697980F82C100FE0A7F57E
:101C5000F0503C383F2811D8C0B2C0EBC00202EBB4
:101C60000012D948697900EB420080F82910D44A63
:101C700082F801B0D34A82F800B0D1E7A7F5F0505E
:101C80007C383F280ED8C0B2C0EBC00202EB001275
:101C9000CD48297900EB420080F82810697980F856
:101CA0002D100FE0A7F5F050BC383F2811D8C0B276
:101CB000C0EBC00202EB0012C348697900EB42009E
:101CC00080F82710BE4981F801B0BE4981F800B004
:101CD000A6E7A7F5F8503C381F2805D8B64AC0B289
:101CE000403269791154D1E3A7F5F8505C383F28A8
:101CF00004D8B64AC0B269791154AFE1A7F5F850DB
:101D00009C38FF2846D800EBD070C0F34700C0EBEA
:101D1000C00101EB4011AE480C18D4F81E0013F0BE
:101D2000ADFBF9070AD02B796FF30F006A7900EB4E
:101D3000032094F82310104441B126E069792A79F0
:101D400080B201EB022100EB01401EE094F8261066
:101D5000A1F10C050A2D13D90B3D072D0BD801EB72
:101D6000C10505EB01159B492944A1F5805191F866
:101D7000C11D012904D002EB0321012904D0CDE3C8
:101D800002EB032101297BD0C5E313F077FBC4F8F4
:101D90001E008AE3A7F500509C387F280AD8C0B2FD
:101DA000C0EBC00202EB401289486979104480F808
:101DB00022107AE3A7F50450D4387F280AD8C0B29D
:101DC000C0EBC00202EB401281486979104480F8F0
:101DD00023106AE3A7F5045054387F280CD8C0B20A
:101DE000C0EBC00202EB401279486979104480F8D8
:101DF00026105AE388704DE3A7F504501C380728D5
:101E00000AD8C0B2C0EBC00000EB4002724869794A
:101E100000EB4200C17755E0A7F5045024380728AD
:101E20000CD86979C0B201B10121C0EBC00000EB50
:101E30004002694800EB4200817743E0A7F5045077
:101E40002C3807280BD8C0B2C0EBC00000EB400212
:101E50006148697900EB420080F8241032E0A7F570
:101E60000450343807280CD8C0B2C0EBC00000EBD7
:101E700040025948697900EB420080F8201021E0C7
:101E800046E3A7F504503C3807280BD8C0B2C0EB96
:101E9000C00000EB40025048697900EB420080F836
:101EA00027100FE0A7F50450443807280FD8C0B218
:101EB000C0EBC00000EB40024748697900EB4200EC
:101EC00080F821103E49584681F804B0E2E2A7F5B7
:101ED000FA402C3888422CD2482290FBF2F1CBB247
:101EE00090FBF2F102FB1101CC1701EB547190FB56
:101EF000F2F402FB1400C217C1F3C70100EB5272E7
:101F000000E02DE103EBC304344B22F00702801AFA
:101F100003EB0413C0B203EB011101EB40032A7978
:101F20005A706A7901F810202548594680F810B097
:101F300022E0A7F504504C3803280BD8C0B200EBC0
:101F40004012274869791044C1771D49584681F8E5
:101F500005B09FE2A7F50450503803280FD86979DF
:101F6000C0B201B1012100EB40121D48104481773D
:101F70001348594680F805B01248017010E3A7F5E0
:101F8000FE476C3F5B2F69D82E2197FBF1F097FB42
:101F9000F1F2C0B2C0EBC00303EB001001FB127101
:101FA000104BC9B203EB40006A79425404485946C9
:101FB00080F811B0E0E70000043B002094310020DD
:101FC0006A1903608A21002036530020B65E002083
:101FD000BE1D02602619026078840260C885026016
:101FE000888C02600C8D02604F98B0B3022836D006
:101FF000042834D00528509800788DF80C005098AB
:1020000040788DF80D008DF80E908DF810908DF8B9
:102010000F908DF811104FF000003DD02118509B0B
:10202000401C80B25B5C7354062800E028E1F5D3C5
:1020300003AE0CF15C0C96E80B008CE80B00FE483C
:102040008287642F3CD0A7F2CB200A287FD8A879BA
:10205000142803D80020F9496EE000E064E05098AD
:10206000016800918088ADF8040006216846FCF7FD
:1020700094FB010A8DF806108DF807004F98002890
:10208000DFD1524612F8260FFCF7BEFB127808216A
:102090006846FCF799FBD4E72118DDF840C1401CE5
:1020A00080B21CF801C006F801C00628F4D30398DA
:1020B00018600498586005989860E1480280C0E76D
:1020C000DD4E307880B3A8790C2811D1297A8AF8AE
:1020D0001310A97A8AF81410297B8AF81510A97BA5
:1020E0008AF81610297C8AF81710A97C8AF818102B
:1020F00054469AF81310282004F0D5FE217D29209B
:1021000004F0D1FE617D2A2004F0CDFEA17D2B20BC
:1021100004F0C9FEE17D2C2004F0C5FE217E2D20B7
:1021200004F0C1FE86F800903AE2509A23181A444F
:10213000D2790A54401CC0B2AA798242F5D8C1486B
:1021400080F800B0C04880F818B029E2FFE7B7F582
:102150008C7F0CD0C82F5DD0A7F5FA60642869D8B1
:10216000DDE94F3221463846FDF799F818E2A879A3
:10217000202823D1A87ADC2820D3A87B297C2A7D9B
:1021800000EB0120A97C090401EB02614418287BC3
:10219000401CC0B2FAF7DAFACDF8009003462A7B69
:1021A000287A2146FAF7A9F9A84CA94E012807D0A8
:1021B000287A6946FAF764F9012817D0F0E1D5E1E9
:1021C000A44FA54BA97A3878C0EBC0021A4404EB9F
:1021D000001002F8011C05F115011022103816F04C
:1021E000EDFC3978314401F801BCD9E19DF80000DB
:1021F000994BC0EBC0021A44A97A917105F11501FF
:1022000004EB0010102216F0D9FC9DF8001006F81F
:1022100001B0C5E16879082834D1A87908280AD026
:10222000287A50F080002872287B1CD040F0800073
:102230001BE08FE027E0E87950F08000E871687AD1
:1022400002D040F0800001E000F07F006872A97BBE
:102250006A7BCDE90021CDF808902B7BEA7A697A78
:10226000287A0DE0DBE100F07F002873A87D297D4E
:10227000CDE90010CDF80890AB7C2A7C297BA87AA8
:10228000E8F728FF8CE1A7F51850483845F6884153
:10229000884205D821463846509AFCF77EFE7FE1F9
:1022A000A7F59850EC3807D0A0F5FA607F286ED8D3
:1022B000697902292AD04DE06879072823D1A87AC4
:1022C000297B2A7C00EB0120A97B644C090401EBEB
:1022D00002610844C4F80100A87C6071297DA171E5
:1022E000FAF73EFC0346012801D9431EDBB2D4F8BD
:1022F0000120A1796079FAF704F8042804D00320BA
:102300002070FAF7ACFB4BE10220F9E700EBD0704C
:10231000C0F34704A87A697AEA7900EB0120297AA8
:10232000090401EB02614518284613F0A7F801469D
:10233000C4EB041000EB400249481044C0F81E10E2
:1023400090F823205AB1084617F025F80146204698
:10235000EEF787FC3C49584681F800B09AE090F9C6
:102360002810A1F10C020A2A12D90B3A072A0BD81D
:1023700001EBC10202EB01123A491144A1F580516F
:1023800091F8C11D012903D0012D03D006E013E00F
:10239000012D03D0594680F825B002E0494680F867
:1023A000259011F0FF0F02D04FF47A7100E0002168
:1023B0002046F6F79AFACDE7A7F5E8503C387F2893
:1023C0006BD86979022961D100EBD070C0F3470264
:1023D000A87A697AEB7900EB0120297A090401EBEC
:1023E00003610844C2EBC20101EB02131E4901EB79
:1023F000430494F82810D9BB94F82D100C2909D364
:10240000C2EBC20303EB4213184A1A4492F8262087
:10241000162A30D9A1F11702072A0BD801EBC10205
:1024200002EB01120F491144A1F5805191F8C11D31
:10243000012920D001281CE00021002024E70260AF
:10244000160200608A2100206A19036094870360E5
:10245000D48D03604401006000900360850100603A
:1024600034C304602619026036530020BE1D02608A
:1024700008E002D004E0012802D084F826B001E090
:1024800084F8269012F0FAFFC4F81E00FE49584660
:1024900081F801B0FD49087082E0A7F5F8509C383A
:1024A000FF283ED86979022902D05846F649A1E4AE
:1024B00000EBD070C0F34701A87A6A7AEB7900EBA1
:1024C00002202A7A120402EB03621044C1EBC1021B
:1024D00002EB4112EE49541894F8231000297FF4BE
:1024E0002CAC94F82610A1F10C020A2A11D90B3A4F
:1024F000072A0BD801EBC10202EB0112E549114496
:10250000A1F5805191F8C11D012902D0012802D006
:1025100004E0012802D084F824B036E484F8249042
:1025200033E4462F3CD1A879142839D101254FF046
:102530003D084FF03C0B5746509804EB45010E18F0
:10254000B079717900EB012007EB4501A1F82B0070
:1025500071790BEB450004F0A6FCB17908EB45005E
:1025600004F0A1FC6D1CEDB20A2DE5D902F07CFE51
:1025700016E04F98D0B1022818D000206946509A32
:10258000024492790A54401CC0B20428F7D30421B3
:102590006846FCF702F9010A8DF804108DF8050071
:1025A000BD4981F80C9051B0BDE8F08F50980721DB
:1025B000005D8DF8000068788DF801009AF804003D
:1025C0008DF802009AF800008DF803009AF80100D7
:1025D0008DF804009AF802008DF805009AF80300BF
:1025E0008DF8060054466846FCF7D7F8020A8DF8C5
:1025F00008004F988DF807200028D1D16878192855
:10260000CED12079A9788842CAD8E9788842C7D340
:1026100014F8260FFCF7F8F8227809216846FCF731
:10262000D3F8BDE79C48007B002802D19B49FDF709
:102630006CB870479848FF2181704170704770B541
:10264000964D04466978122951D0934EF28C921E11
:10265000FF290CD0192925D0032917D0062915D018
:10266000102913D0012911D0052942D10EE0A878F4
:1026700054283ED1E87845283BD128794D2838D1D7
:102680006879432835D1A8794F2832D1D1B283480F
:10269000FCF783F8F18C294431F8021C49BA8142D5
:1026A00025D026E004217D48FCF777F869792A795E
:1026B00001EB022181421CD1AA78E9788A4201D338
:1026C000084600E0104600D31146844211D38C42E4
:1026D0000FD816F061FA142190FBF1F201FB120001
:1026E000C1B2002001E0401CC0B28842FBD30120EF
:1026F00070BD002070BD6A4810B590F8280002280F
:1027000001D0002807D16748D0F8A0010022624913
:10271000012801D04A8510BD488D401C80B24885F3
:102720006428F8D94A85002004F01DFCBDE810405B
:102730000020FCF71AB808B51920009001215A486A
:10274000574E002480F84610DFF860B1DFF84C9156
:10275000514D274686F8264080464FF00A0A0098D9
:10276000E9F78DFE8BF800A0B8F81410491CA8F802
:102770001410FFF7C0FF4E48B0F86010A1F5A85044
:10278000B33803D14B480068E9F73CFF96F82800BE
:102790000228E4D142494FF4FA72B8313F4816F0AA
:1027A0000DFAA87C2875698CE984022817D0641C6E
:1027B000E4B2642C03D900242046FBF7D6FF2F7522
:1027C00096F828000228CAD1687D0028C7D0401E8C
:1027D00010F0FF006875C2D1FBF7C7FFBFE799F89B
:1027E000030099F802104C4600EB0120C0B2FFF73D
:1027F00026FFF8B160783179FF28207804D088422C
:1028000010D0FF280ED019E0884201D0FF2815D142
:1028100096F826000022A030C3B211461F48F3F7F5
:1028200045FE0BE00020FBF7EFFFFFF703FFFFF78C
:10283000F9FE03E020490888401C08800020FBF7CF
:1028400094FF2F750024BBE71CB513494FF40062B9
:102850006031CDE90001002318A1AFF22510E9F79E
:1028600098FC1CBD70B50C4C0D4E0120208596F8CF
:102870002800022800D010B90020FBF776FF96F858
:102880002900022823D021E06A1903608A21002050
:10289000BE1D026026190260002100203C3F00207E
:1028A0009C3A0020000021429C9503609121002069
:1028B000B4020260C4210020720100606D61696E83
:1028C00073657261696C7461736B000010B90120EB
:1028D000FBF74BFF96F82A00022800D010B902201F
:1028E000FBF743FF0025A4F84850A5746584A4F8BD
:1028F0004A50E574A584E58425756587FE49A5726F
:10290000E583FA200880488088800020EAF73BFCB5
:10291000A0660020EAF737FC20670020EAF733FCC6
:10292000E0660020EAF72FFC6066257396F8280021
:10293000022800D030B9F148C0F8A051A4F848509E
:10294000A574658403206076A075607570BDEA4A41
:102950007A3A517893784140E948405C5840507049
:10296000E848405C9070704701207047E64991F854
:102970002A00092809D0012807D091F82800092841
:1029800005D0012803D0FF207047022070470020A7
:10299000704770B50446022915D803D14FF04001A5
:1029A000DA4D04E061B101290DD1D94D402128460D
:1029B000E7F7F3FB21462846BDE87040E7F785BB03
:1029C0004021D44DF3E770BD70B5D34900EBC00092
:1029D0004418C9487A38B0F846504FF4FA70854226
:1029E00000D3054694F9000000F0E6FCD4F801108D
:1029F000064600200880D4F80500294616F0F7F8AE
:102A000094F900003146BDE8704000F0E9BCBA48D6
:102A10007A38022AA0F8461009D822B105D0012A36
:102A200005D10120D0E70020FCE70220FAE770473B
:102A30002DE9F0478846824602292ED800252AE053
:102A4000B54908EBC800441894F9000000F0B4FC44
:102A50008146D4F801000088A74907467A39B1F8C1
:102A60004610884201D3012600E000262EB1D4F89A
:102A700005103A46A94816F0A1F894F90000494615
:102A800000F0AEFC16B13846BDE8F0870220E9F749
:102A9000F6FC6D1CADB25545D2D30020F4E72DE90C
:102AA000F05F9948944C002690F82600DFF8709269
:102AB0009C4F012540F2255140F2277B7A3CB8B368
:102AC00001287DD1DFF848828A464046E7F768FB57
:102AD000012876D059464046E7F762FB01286FD1BE
:102AE00078689149401C78602576E571E08E45460E
:102AF000095C401CE0864046E7F7E7FAE08E218E4D
:102B000088425DD340212846E7F740FB0028F9D0F2
:102B100040212846E7F741FB002259462846E7F7BF
:102B200088FAE68626860120BDE8F05FFBF71DBE29
:102B3000DFF8E0A140F225515046E7F731FB0128CC
:102B400024D059465046E7F72BFB012875D1E5758F
:102B5000657138687549401C3860A08E5546095C1F
:102B6000401CA0865046E7F7B0FA11F004FAA08E98
:102B7000E18D884261D3A846002742F210754021BA
:102B80004046E7F703FB002873D0ACE02571D9F885
:102B90000010594F491CC9F800103888AB464FF057
:102BA000FA0810B34FF4FA71884200D93980388896
:102BB000B4F84810544DB835884219D9202101E0A5
:102BC0003BE0B7E05046E7F7E8FA40F225515046BF
:102BD000E7F705FB5046E7F77CFAB4F848106A18A7
:102BE000491CA4F84810107005E0A7F80080DEE743
:102BF0000020FBF7BAFDB4F8480001281FD0B4F854
:102C00004800102103281FD0B4F84800042823D01E
:102C1000B4F8480007282DD0B4F848000E2843D057
:102C2000B4F84800618C884207D3334902202E391A
:102C3000A07481F800B0A4F84860BDE8F09FA4F843
:102C40002280A7F8008012E06878192802D0FF28B7
:102C500030D0F2E706201CE0E978A87801EB0020EC
:102C60000A28EAD168780628E7D10C206084607EC3
:102C700031E032E0687803280AD0062808D001281D
:102C800006D0052804D0102805D0A4F82280D4E767
:102C900008206084D1E76979092000EB4100608455
:102CA00023488079083016E06878FF28C5D1687A13
:102CB000642801D26184C0E7697B287B01F00101AF
:102CC00000EB0121E87AAA7A801A401C48431030B0
:102CD0006084388064206075AFE738467F1CBFB2DF
:102CE000A842FFF44CAF002259464046E7F7A1F94D
:102CF000A686E685002017E77A2100200000214201
:102D00002C3D05082C3E05089C3A00200048004058
:102D100000440040003801402C3F050830410020AD
:102D20007C8703608887036094330020A0310020F3
:102D30003C3F0020D9F80410491CC9F80410A571C3
:102D4000B4F84A00FC4DB0F5F97F13D8202146466F
:102D50004046E7F722FA51463046E7F740FA304658
:102D6000E7F7B7F9B4F84A106A18491CA4F84A10F2
:102D7000107002E00120FBF7F8FCB4F84A000128CB
:102D80000FD0B4F84A0004280DD0B4F84A00072840
:102D900014D0B4F84A00A18C88428CD30220E0748D
:102DA0004BE7082011E0E878A97800EB01200A2819
:102DB00092D1687806288FD10C2006E06878102818
:102DC0008AD16979092000EB4100A08435E710B56C
:102DD0000446FF2180780FF066FA0146E0780FF094
:102DE00062FA014620790FF05EFA014660790FF031
:102DF0005AFA0146A0790FF056FA0146E0790FF031
:102E000052FA552801D0012010BD002010BD2DE937
:102E1000F05FDFF82883CA4FDFF8289300240126EB
:102E2000C94D4FF0550B40F2277A02280BD00028ED
:102E300075D111F0A0F840F22551C448E7F7B0F978
:102E400001286DD0A6E011F096F840F22551C04857
:102E5000E7F7A6F9012832D12E72D8F80810BC483D
:102E6000491CC8F80810E7F734F9C0B2804601469B
:102E7000B84810F0DCFC688FFA281ED2688FB6497B
:102E80000B18401C688783F80080688F084410F88E
:102E9000010C552802D181F800B06E87688F082890
:102EA0000DD1087855280AD14878FF2807D1AA48BB
:102EB000FFF78DFF18B9BC7001E0BE706C87A44F9E
:102EC00051463846E7F76CF9012828D111F053F83C
:102ED000A249288F095C401C28873846E7F7F5F897
:102EE000288F698E884213D340213846E7F74EF980
:102EF0000028F9D040213846E7F74FF90022514623
:102F00003846E7F796F82C876C860220FBF72DFCF5
:102F1000EE726E72D9F80810491CC9F808108CE6D8
:102F20002E71D8F800108948491CC8F80010E7F73E
:102F3000D0F8C0B280460146864810F078FCB5F85B
:102F40004800FA2823D2B5F8480085490B18401CE0
:102F5000A5F8480083F80080B5F84800084410F848
:102F6000010C552803D181F800B0A5F84860B5F8E8
:102F7000480008280ED1087855280BD14878FF283A
:102F800008D17748FFF723FF20B93C7002E03E707C
:102F9000A5F848406D4F51463846E7F701F901283A
:102FA000BDD110F0E8FF6F49A88EB846095C401CFF
:102FB000A8863846E7F789F8A88EE98D88421BD3A2
:102FC000002701E07F1CBFB240214046E7F7DEF852
:102FD0000028F7D064484021A0F854704746404686
:102FE000E7F7DBF8002251463846E7F722F8AC86CF
:102FF000EC850020FBF7B9FBEE756E71D9F8001077
:10300000491CC9F8001018E62DE9F05F544EDFF8AE
:103010003891B83E494C96F82400DFF828B14A4D63
:1030200040F225514FF0090A4FF0020809F14C090E
:10303000012738B102287DD14548E7F7B1F80128CA
:1030400079D04DE14148E7F7ABF8012818D03F4E61
:1030500040F2277841463046E7F7A2F8012869D1C7
:103060004049A88E095C401CA8863046E7F72DF839
:1030700010F081FFA88EE98D88427DD30024A0E066
:103080002F712068401C2060B5F84800344CB0F522
:10309000F97F0AD82D48E7F71CF8B5F848106218F0
:1030A000491CA5F84810107002E00020FBF75DFBFA
:1030B0002078552829D16078FF2826D1A0780128CA
:1030C00023D1607908BBA079F8B92848017859B1B3
:1030D000077096F82800072801D186F828A024490F
:1030E000A86D08602349086096F84F00002821D198
:1030F00096F8280007280CD186F8288089F80070F7
:10310000F9F745FB0020FBF730FB96F84F0000284D
:1031100010D1B5F84800062805D12078FF2802D143
:10312000607819282DD0B5F84800082802D16078B9
:10313000032822E063E063E0483D00207C870360D1
:10314000AC20002088870360002100200038014067
:103150000048004024C304607C37002088350020EC
:10316000543B0020A0310020B402026094210020D2
:10317000D42100209C0100603AE040D1E079002891
:103180003DD035F8480F801EC1B29C48FBF705FBC7
:1031900029882A88214411F8011C224412F8022CA3
:1031A00001EB022181422AD186F8288089F800703B
:1031B000F9F7EDFABDE8F05F0020FBF7D6BA641C22
:1031C000A4B240213046E6F7E1FF0028F7D08C4852
:1031D0004021A0F852403046E6F7DFFF002241468A
:1031E0003046E6F726FF0020A886E885FBF7BDFA03
:1031F000EF756F71DBF80010491CCBF800101CE56F
:103200002F72A068401CA060688F7E4CB0F5FA7FDA
:1032100008D27D48E6F75DFF698F6218491C69870F
:10322000107002E00220FBF7A0FA96F84F0058BB9E
:10323000688F062805D12078FF2802D160781928E8
:1032400007D0688F08281FD1607803281CD1E07947
:10325000D0B1688F801EC1B26A48FBF79EFA698FB1
:103260006A8F214411F8011C224412F8022C01EB50
:103270000221814208D186F82A8089F80270F9F784
:1032800086FA0220FBF771FA2078552828D1607859
:10329000FF2825D1A078012822D1607900BBA07930
:1032A000F0B95A48017859B1077096F82A000728F2
:1032B00001D186F82AA05649A86D086055490860D2
:1032C00096F84F0060B996F82A00072808D186F8CA
:1032D0002A8089F80270F9F75AFA0220FBF745FABA
:1032E000494C40F2277631462046E6F759FF01283F
:1032F00085D14949288F095C401C28872046E6F77C
:10330000E4FE10F038FE288F698E884214D34021E5
:103310002046E6F73BFF0028F9D040212046E6F79B
:103320003CFF002231462046E6F783FE0020288736
:1033300068860220FBF719FAEF726F72DBF808104B
:10334000491CCBF8081078E42C490222B83991F8CE
:103350002A00022806D0012808D0092806D081F8C2
:10336000242051E681F82620FFF799BB02204EE584
:1033700022490120B83981F82600FFF790BB1F4988
:103380000022B83991F82800022806D0012808D078
:10339000092806D081F8242036E681F82620FFF798
:1033A0007EBB002033E51D48407C704770471348C2
:1033B000B83890F8230070474109890001F1E021F5
:1033C000D1F8003100F01F02D34003F001000123C7
:1033D0009340C1F88031BFF34F8FBFF3608F7047C8
:1033E000002909D000F01F0201219140400980000E
:1033F00000F1E020C0F8001170470000543B0020AD
:10340000B40202607C370020004800409421002074
:10341000D42100209C01006088350020002100207C
:10342000FBF7F9F9FEE7FBF7F6F9FEE72DE9F047C0
:10343000FE4ADFF8FC83FF4C1078002688B3FE4973
:103440000878401CC0B20870142800D91670FB4DD3
:10345000A87800287ED0DFF8E89301287BD00328E5
:103460007AD099F84100C0EB00108000B8F8141031
:103470004246491CA8F81410A8F81600698BA8F851
:1034800018104B1C6B83814264D9518B0027491C57
:10349000A8F81A100120F5F783FB0020215CE9BB96
:1034A00063E0FFE7F5F792FD0700D0D0B8F84C00D5
:1034B0000025401CA8F84C00B8F85E004146FF28E3
:1034C00002D2401CA1F85E0098F85E100420E7F7D5
:1034D000E6F8F80706D02078012803D00020F5F799
:1034E0003EFD0125B80707D56078012804D00120EA
:1034F000F5F735FD45F00205780707D5A0780128D6
:1035000004D00220F5F72BFD45F00405F5F75EFD2C
:1035100045EA07214246A8F85A1000E02AE020B107
:1035200041F40041A2F85A1004E01DB132F84E1FD8
:10353000491C1180C3490028B1F80110A8F858109F
:1035400085D02078012882D060780128ADD0A0787D
:10355000012802E01BE004E005E0A6D0FBF75BF9E0
:1035600075E70A2082E7012080E7401CC0B21A28D4
:1035700094D337B1B8F81C10491CA8F81C10F5F703
:10358000D4FF99F8410020B10220A8706E83BDE8F5
:10359000F087AE70FAE72DE9F04F8DB06821A848AA
:1035A00015F025FBA64F00243919204603F06CFCCA
:1035B000641CE4B2042CF7D300246D46291904F1ED
:1035C000A30003F061FC641CE4B2042CF6D39DF864
:1035D00000009DF801109DF8032000EB01209DF8EC
:1035E0000210090401EB026108449749421C08607B
:1035F00002D0B0F5800F0AD338787A78FB7800EBE8
:103600000220BA78120402EB036210440860F91D2C
:10361000082003F039FC0024AB460BEB040104F155
:10362000A70003F031FC641CE4B2042CF5D3391D6F
:10363000062003F029FC38794FF00108FF2800D05C
:1036400028B9414687F80480062003F02CFC7F4906
:10365000387908707A492020273103F015FC97F853
:1036600027000024012801D987F8274074492E201B
:103670000E3103F009FCB87B022804D3BC7300218F
:103680002E2003F010FC6E490E20233103F0FCFBCA
:1036900097F823000E2801D987F823806C4864210D
:1036A0000180C82141804FF4967181804FF4C87128
:1036B000C1804FF4FA7101814FF4167141814FF4CA
:1036C0002F7181814FF44871C1814FF46171018282
:1036D0004FF47A7141825A490F200A3103F0D4FB2A
:1036E000B87A052304265B495B4A02254FF0060A97
:1036F000312807D397F8230001284AD002284DD05B
:10370000042850D097F82300012844D0052842D03F
:10371000022845D0062843D003284CD00A285FD081
:10372000B0B3042842D0072840D00C2861D0092823
:1037300063D00B2861D00E2861D014700C70B87B58
:1037400010B1012800D0BC730026B94609EB06076A
:1037500007F10F0106F12F0003F096FB07F11901A5
:1037600006F1330003F090FB07F11D0106F137006D
:1037700003F08AFB761CF6B2042EE7D36946FE20DE
:1037800003F082FB9DF80000FF283CD080B36FE07F
:103790002AE087F823300C20087019E087F823A06E
:1037A00081F800A02DE0072087F82300082008708A
:1037B00082F800A0C3E70E70284E157096F8D70067
:1037C00040B10320107096F8040128B11078401C15
:1037D0001070B4E70B70F6E70878401C0870AEE78D
:1037E00081F800801570AAE70A2008701470A6E717
:1037F00009E081F800A01370A1E70B7001E0072039
:10380000087016709BE75521FE2003F04CFBE5F78E
:1038100040FC15F0CBF915F0BFF981B22B2003F075
:1038200042FB15F0B9F981B22C2019E09C00006030
:10383000B40202606A1903609D00006088210020C4
:103840009C3A002038230020B0200020BB000060FC
:10385000F6950360B9000060C620002034C3046000
:1038600003F021FB15F098F981B22D2003F01BFB2A
:1038700000264F46B91906F12800133103F004FB66
:10388000761CF6B2062EF5D3F87CE0B10026397E20
:10389000282003F008FBF97D292003F004FBB97D03
:1038A0002A2003F000FB797D2B2003F0FCFA397D00
:1038B0002C2003F0F8FAF97C2D2003F0F4FA761CA2
:1038C000F6B2062EE3D3F87B60B9387C50B9787C29
:1038D00040B9B87C30B9C020F873A82038747C7423
:1038E0000320B87497F82A00012807D0092805D0CA
:1038F00097F82800012801D0092802D1FE4981F853
:10390000008069463D2003F0BFFA0BF101013C2025
:1039100003F0BAFA9DF800009DF8011000EB0120B9
:1039200080B2A0F57F46A7F82100FF3E00D060B925
:103930004FF4FB71A7F821103D2003F0B4FAB7F85B
:103940002100010A3C2003F0AEFA6946C82003F0CA
:103950009BFA0BF10101C92003F096FA87F8534056
:10396000E649BF2003F090FAE449C020891C03F027
:103970008BFA97F85200022805D987F852400021A7
:10398000BF2003F090FA97F85400022805D987F871
:1039900054400021C02003F086FAD84987F85640E9
:1039A000C91CC42003F070FAD449C520491D03F096
:1039B0006BFA97F85500022805D987F85540002181
:1039C000C42003F070FA97F85700022805D987F849
:1039D00057400021C52003F066FA9DF800009DF8CD
:1039E000011000EB012080B2A0F57F41A7F849004B
:1039F000FF3902D008B1FF280CD14BF6C021A7F83F
:103A00004910C82003F04FFAB7F84900010AC9204D
:103A100003F049FAB949C720083103F035FA97F89D
:103A20005A00FF2801D187F85A40B449E0200931F3
:103A300003F02AFA97F85B00FF2801D187F85B4072
:103A4000AE49EA20153103F01FFA97F86700FF2806
:103A500001D187F86740A9491D202A390C9103F04C
:103A600013FA97F82800A64E80B102280ED0072836
:103A70000CD001280AD0092808D087F82840002156
:103A80001D2003F010FA97F8280030709B491E2083
:103A9000293903F0F9F997F8290058B1022809D01B
:103AA000072807D0082805D087F8294000211E20C4
:103AB00003F0F9F991491F20283903F0E5F997F847
:103AC0002A0080B102280ED007280CD001280AD085
:103AD000092808D087F82A4000211F2003F0E3F9C5
:103AE00097F82800307085492220113903F0CCF96D
:103AF00097F84100FF2805D187F841400021222096
:103B000003F0D1F997F841007E49421E3B2A03D2C7
:103B10003C2087F8410000E010B18D704C8300E03C
:103B20008C7097F82300DFF8E09120B197F8280017
:103B3000FF283FD040E087F8294097F8280060B17F
:103B400002280AD0012808D087F8284000211D202B
:103B500003F0A9F997F82800307097F82A0080B18F
:103B600002280ED007280CD001280AD0092808D036
:103B700087F82A4000211F2003F095F997F82A00C2
:103B8000B070624889F800A061490470532003F0C6
:103B90007BF95F480178FF2905D180F800A05146E4
:103BA000532003F080F9002003F0DDF9022003F038
:103BB000DAF96EE087F8285097F82900FF2801D13C
:103BC00087F8294097F82A00FF2802D1072087F8B4
:103BD0002A0097F82900072801D14E4804701D20BB
:103BE0000C9903F051F997F82800FF282BD050B317
:103BF00002280ED007280CD001280AD0092808D0A6
:103C000087F8284000211D2003F04DF997F828007F
:103C100030706946092003F037F90BF10101ED20FE
:103C200003F032F99DF801000C281BD289F800003E
:103C30009DF80010814224D0092907D00C2920D2F8
:103C400089F800101AE087F82850E2E701460920B9
:103C500003F029F9304830F85E1F491C89B2018011
:103C600004200CE09DF800100C29E9D3092189F803
:103C70000010084603F017F999F80010ED2003F042
:103C800012F9224887F8294087F82A400470204812
:103C900004701A49B220C91E03F0F6F897F84F00D5
:103CA000FF2805D1214687F84F40B22003F0FBF8EA
:103CB00097F84F0098B997F82800072805D187F89A
:103CC000285002211D2003F0EEF897F82A0007285B
:103CD00005D187F82A5002211F2003F0E4F817F8D5
:103CE000280F3070B878B0700020A7F803000446A1
:103CF000DA460BEB440711E044050060EE3A002081
:103D00004F210020882100200F21002010210020B9
:103D10001121002050010060B40202603E2000EB3F
:103D200044008146394603F0AFF83F2000EB4406DB
:103D3000791C304603F0A8F879781AF8140001EBE2
:103D4000002081B2FE4800EB440AA1F57F40AAF8AA
:103D50002D10FF3800D079B9FA4F37F81400010A56
:103D6000484603F0A0F817F81410304603F09BF80B
:103D700037F81410AAF82D10641CE4B2092CB7D936
:103D800001F072FAEE499A20443103F07DF8EC49D3
:103D90009B20453103F078F8E94E0024204686F850
:103DA000464003F0E0F896F823000A2806D10120E7
:103DB00003F0D9F83146082081F829000026D946B9
:103DC00009EB060706F1B30007F11801824603F07C
:103DD0005BF8387EFF2804D10021504603F063F8D9
:103DE0003C76761CF6B20C2EEAD3DFF85CB30026E4
:103DF000CA46542000EB46008146694603F044F869
:103E0000552000EB460007460AF1010103F03CF89B
:103E10009DF801009DF8001000EB0120A0F57F4106
:103E2000FF3930D04BF836000AEB06035BF836203A
:103E30001B7E03F00F0302EB03424BF83620761C87
:103E4000F6B20C2ED5D30026D3466C2000EB4600EC
:103E50008246694603F018F86D2000EB4600814663
:103E60000BF1010103F010F89DF801009DF800101E
:103E700000EB0120B44901EBC607A0F57F41786053
:103E8000FF390BD013E04BF836404846002103F0D1
:103E90000AF83846002103F006F8C5E7504600212D
:103EA0007C6003F000F84846002102F0FCFF0BEBB9
:103EB00006007968007E761C000901EB0040F6B22E
:103EC00078600C2EC1D369460D2002F0DDFF0BF1A6
:103ED00001010C2002F0D8FF9DF801009DF80010B0
:103EE0004FF6FF7700EB0120B8420DD1974E4FF40B
:103EF00048710D20318002F0D6FFB6F90000C0F302
:103F00000F210C2002F0CFFF9149192002F0BCFFD5
:103F10008F480178012904D904700021192002F08A
:103F2000C2FF87490720483102F0AEFF844E96F861
:103F30004800FF2805D186F848800121072002F0BB
:103F4000B2FF96F84800052801D986F84850814903
:103F50009C2002F099FF7F49087808B1FF2805D11D
:103F600081F8008041469C2002F09DFF6946E720D1
:103F700002F08AFF5D46691CE62002F085FF9DF88D
:103F800000009DF8011000EB01200004000CA6F8D1
:103F900042000BD13946A6F84270E72002F083FFB9
:103FA000B6F84200010AE62002F07DFF69461620BD
:103FB00002F06AFFA946691C152002F065FF9DF812
:103FC00000009DF80110644D00EB01200004000C7E
:103FD000288001D0B8420AD14146A5F800801620B9
:103FE00002F061FF2888010A152002F05CFF694693
:103FF000EB2002F049FF9DF80000584D01280BD03E
:1040000040F2D24028805649172002F03DFF544824
:104010000178FF2907D00BE00121EB2002F043FFDC
:1040200040F2D340EEE704702146172002F03BFF38
:104030004349D620503102F027FF4149CB2051316E
:1040400002F022FF96F85100FF2805D1214686F89C
:104050005140CB2002F027FFA24686F84D400024B5
:104060004D46291904F1AB0002F00EFF641CE4B2C6
:10407000042CF6D39DF800009DF8011000EB0122FE
:104080009DF802009DF80310000400EB0160354923
:10409000104408606946B02002F0F6FE2C46691C08
:1040A000B12002F0F1FE9DF800009DF80110B84625
:1040B00000EB012080B2A6F84B0040F2FF354045EE
:1040C00000D058B92946A6F84B50B02002F0EBFEBC
:1040D000B6F84B00010AB12002F0E5FE96F8230085
:1040E0000E287BD140F227196946484602F0CCFEE3
:1040F0004FF4947B611C584602F0C6FE9DF8000008
:104100009DF80110184F00EB012080B23880404527
:1041100000D048B929463D80484602F0C4FE3888A0
:10412000010A584602F0BFFE40F229196946484686
:1041300002F0AAFE4FF4957B611C584616E0000081
:104140009C3A0020F6950360780501603E2100202E
:104150000D2100209320002040210020422100203A
:104160000E210020B4200020CC01006002F08CFE63
:104170009DF800009DF8011000EB012080B27880CE
:10418000404500D048B929467D80484602F08BFE64
:104190007888010A584602F086FE40F22B1B6946D9
:1041A000584602F071FE4FF49679611C484602F0C1
:1041B0006BFE9DF800009DF8011000EB012080B21D
:1041C000B880404500D048B92946BD80584602F025
:1041D0006AFEB888010A484602F065FEFE499D2045
:1041E00002F052FEFC4A1078FF2801D0012804D8C2
:1041F000FE2111709D2002F056FEF849D12002F0F8
:1042000043FEF64D28785538102833D86946D22019
:1042100002F03AFE611CD32002F036FEA11CD4202D
:1042200002F032FEE11CD52002F02EFE9DF80000C7
:104230009DF801109DF8032000EB01209DF802106D
:10424000090401EB02610844C5F80100404511D1A1
:10425000C5F801A00021D22002F025FE0021D320C4
:1042600002F021FE0021D42002F01DFE0021D52005
:1042700002F019FEDA49142002F006FE6946122007
:1042800002F002FE611C132002F0FEFD9DF800000A
:104290009DF8011000EBC00202EB001001EB800161
:1042A000A1F5D050983807D04421122002F0FBFD30
:1042B0000821132002F0F7FDCA49E22002F0E4FDD4
:1042C00096F86300FF2800D010B9032086F8630039
:1042D000C449E320491C02F0D7FD96F86400FF288A
:1042E00000D010B90E2086F86400BE49E420891C75
:1042F00002F0CAFD96F86500FF2802D096F8630028
:1043000010B90B2086F86500B649E520C91C02F0FB
:10431000BBFD96F86600FF2800D010B9072086F88C
:10432000660002F099FC6946182002F0ADFDAE4C23
:104330009DF800006946A4F86200E8205E3402F0AF
:10434000A3FD9DF8000060806946042002F09CFDFA
:104350009DF8000020800DB0BDE8F08F2DE9F04100
:104360004FF4FB713D2002F09EFD01213C2002F044
:104370009AFD0121062002F096FD0121202002F085
:1043800092FD0021BF2002F08EFD0021C02002F02E
:104390008AFD0021C42002F086FD0021C52002F024
:1043A00082FD0021E92002F07EFD00219A2002F02A
:1043B0007AFD00219B2002F076FD0024542555262D
:1043C0006C274FF06D08002104F1B30002F06BFD83
:1043D00005EB4400002102F066FD06EB44000021DD
:1043E00002F061FD07EB4400002102F05CFD08EBE8
:1043F0004400002102F057FD641CE4B20C2CE2D30F
:104400000021222002F04FFD0021E02002F04BFDB0
:10441000FE219D2002F047FD0021C72002F043FD50
:10442000F3F7D3FE72B6E6F793FB704D002405EB6D
:10443000C420E6F7BBFB641CE4B2402CF7D3E6F7DC
:104440008DFB62B600206A4A01211154401CC0B2A3
:104450001A28FAD36748032282700175BDE8F081FB
:10446000654810B502784178807812B1FF2A03D0F0
:1044700006E029B930B103E0FF2901D1FF2801D0BE
:104480005D480FE05748633890F82300092804D0AE
:104490000B2804D00E2804D006E058A002E059A052
:1044A00000E05AA0EAF7B3FD0DF064FF5A49082076
:1044B0000BF0F9FA594900200BF0F5FA58480BF0C7
:1044C000EFFA58490C200BF0E5FA57490E200BF093
:1044D000E1FA56490F200BF0DDFA554910200BF098
:1044E000D9FA544800680DF04CFF0BF06EF85249B1
:1044F0000820087051490420087051490E200870A6
:10450000504903200870EAF750FFEAF777FFBDE84B
:104510001040EAF79CBF3749012088837047314932
:104520000020633981F84E00324908847047DFF873
:10453000188186B0012688F8436000200EF0BEFB8B
:104540004248284D0024633D047095F82A00404FEE
:10455000012808D0092806D095F82800012804D0A1
:10456000092802D007E0022000E000200FF0E0FC64
:1045700038483E7006701F4F85F84E60DFF8D8A0AF
:104580003C843648BC838AF8004004703448867006
:1045900006703448848004807C840020FAF7E5F8B3
:1045A000DFF8C4B0A946314D2878012804D002288C
:1045B0006DD0032870D08BE0002002F0D4FC99F875
:1045C00028004F46012801D0092859D128480480E5
:1045D0002448048007484DE09220002074210020E8
:1045E00094200020FF3A0020B40202600000060878
:1045F0006A1903608821002024E702605473746103
:104600007431300054332D4F454D000054332D4F3D
:10461000454D2D31324900000D3D0308C7380308D0
:10462000DD3E0308253C0308674B0308553D03089E
:10463000414E0308B0200020490500604805006095
:104640002E230020540500609C9503608C010060BF
:10465000440500602C230020FF200020A5000060FE
:10466000AC200020BC20002048040360032100206F
:10467000482100204484F94806700020E9F7F8F941
:1046800097F82800022800D008BB00201DE0012078
:1046900002F069FC1BE0FFE7022002F064FC99F8DD
:1046A0002A004F46012801D0092808D1EC4804808F
:1046B000EC488480E94886700020E9F7D9F997F83A
:1046C0002A00022800D010B90220FAF74EF82C7008
:1046D000E548E64D42F6E068C189491CC1810720E2
:1046E0006872288C411C2984404502D389F84E60A9
:1046F0002C8499F828004F46092810D001280ED0A4
:1047000097F82A0009280AD0012808D0287B002819
:104710007FF449AF41F28830E9F78FF943E705208C
:10472000E7F7ADFEA88BB0FBF8F208FB120141B130
:1047300097F84E10B946012917D0697B012914D08A
:10474000BFE097F84E00012802D0687B01280AD10B
:10475000287B08B9C6480670687B411C697302282B
:1047600001D9AC736C73AC83ABE0C821B0FBF1F240
:1047700001FB1200297B08437ED1BE4F3878802888
:1047800010D29AF800100129C0EBC0011AD0BA4823
:1047900000EB8100817E491CC9B281760A2901D9CA
:1047A0008476C472B8463878EFF7E5FDB3493870BF
:1047B00068790978884248D22B2101FB00B18A7CB4
:1047C000DAB136E0DFF8B082002308EB81006A46F8
:1047D000C1788078F3F70AFF401C06D005229DF8C7
:1047E00000002B2100FB01B0C2743878C0EBC0017F
:1047F00008EB81008476C672D4E7D1F80520C2B9EF
:104800004A7D521C4A758AF80040EBF71BFA9C4916
:104810006879087002E0C820E9F70FF99AF80000FB
:1048200020B938467F1CFFB21428F4D3FF2188F842
:10483000001068792B2100FB01B0417D052904D9C6
:104840000168C0F805104475847268798B49401C72
:10485000C0B268710978884200D96C7198F800007C
:10486000FF282ED08749097831B199F84E100129D7
:1048700004D0697B012900E019E022D17E4F8AF83B
:104880000040C0EBC00007EB800000947E4A037D2F
:10489000B0F81710407D1278F1F76DFB002807DBA8
:1048A00098F80010C1EBC10107EB8101487608E0E0
:1048B00098F80000C0EBC00007EB8000817E491C27
:1048C0008176A88B401CA883E87A00287FF426AF65
:1048D000654900234FF416726E3101A800940DF063
:1048E00023FD02003FF41AAF5F4900236E3101A897
:1048F0000FF052F857E65D4C00205B4D2070607061
:104900006062A0622083E07320740126E06285F873
:104910003D606083FA20E7F7B2FD288808B9E4F724
:1049200030FA6888401C68806672A079800703D1DD
:1049300002F03BFAE6F7C5FBA079401CA071E9E75D
:1049400030B4524B4FF47A74514A186890FBF4F02B
:1049500092F86710C0B201F0FC0182F867100328DA
:1049600002D8014382F86710586801F0F30190FB08
:10497000F4F0C0B282F86710032803D841EA80003F
:1049800082F86700986892F8671090FBF4F0C0B264
:1049900001F0CF0182F86710032803D841EA001024
:1049A00082F86700D86892F8671090FBF4F0C0B204
:1049B00001F03F0182F86710032803D841EA801014
:1049C00082F8670092F8671030BCEA2002F06BBAF8
:1049D0002F4890F82300092801D00B280DD12D482D
:1049E0002DA10A6802604A684260097A01720421B6
:1049F000A0F809102A4925480860704770B50024BE
:104A0000194D2646281990F83C1001290DD105EBC7
:104A100044010A88CB8B9A4203D0CA8380F84B604A
:104A200003E010F84B1F491C017095F84C00142846
:104A30000FD91C4830F8601F4A1C0280E82002F0A1
:104A400032FA0A20E8F7F9FF084985F84C6001209E
:104A50000875641CE4B20F2CD4D370BDAC200020C8
:104A60003A210020BC2000209C9503608821002072
:104A70002C2300208C010060B8F402609A200020F2
:104A8000FE200020972000209320002024C70260F1
:104A90009C3A002074C6026049434F4E000000005B
:104AA000A4160360B40202600EB5F84D0024F84E5F
:104AB0006C75EC742C756C74AC74012086F84A002B
:104AC000EC70F4482C71EC834FF47A7700680DF0A9
:104AD00058FCF1494FF416700880FFF779FFBB4688
:104AE000DFF8B883DFF8B893EE4F4FF00E0A584660
:104AF000E7F7C5FCB08B401CB08385F809A0ECF744
:104B0000A9FC286CA8F81000696CA8F81210484598
:104B100001D8494501D92C646C64F3F7ADFEF3F775
:104B200074FE00F028FF04F05AFBF9F791FDEAF754
:104B3000F9FFECF7A4FC387808B1401E3870F3F7A1
:104B4000D1FCEFF78CFD287D012805D1F4F728F87A
:104B5000F4F7EBFCF9F75FFEA87A01280ED1D248F2
:104B600001784278CDE9002102948378C2784179B6
:104B70008079E6F7AFFAE6F7A4FAAC72F9F74DFDE3
:104B8000E87801280CD12879401CC0B2287105288A
:104B900006D9C6480068E7F779FD0220E8702C7155
:104BA000A87D3C2802D2401CA87502E0AC75EBF74A
:104BB000FDFAE87C012802D1FFF7D0FBEC74FFF787
:104BC0001DFFFEF733FC92E770B5002805D0AF4A11
:104BD000D179814202D2491CD1713EE70020D071C7
:104BE000AB48B34B103800F53675996804680C1B58
:104BF0002C601B6844681C1B6C608468126C141B5E
:104C0000AC60AC4CC6682468A61BEE60C0E900131B
:104C1000C0E9022421E710B545F25550E4F7A8F8A1
:104C20000520E4F7A8F84FF47A60E4F7A7F8E4F772
:104C3000A8F8BDE81040E4F7A9B808B50121802024
:104C4000E4F7C1F98020ADF8000003208DF80200E0
:104C500010208DF8030069469748E3F7AEFF08BDC2
:104C60002DE9FC4195480024954904600803E3F7C9
:104C700035FC01210D20E4F7A6F901219148E4F764
:104C800027F84FF4C045ADF8005010208DF8030010
:104C900003208D4E8DF8020069463046E3F78DFF04
:104CA00029463046E3F7F5FF4FF4A060E3F7E2FB57
:104CB00001212020E4F787F94820E8F78BFE02F075
:104CC000E1F87649002021F81040401C80B23228DB
:104CD000F9D301F0F8F84FF4E130E8F701FD2720AF
:104CE000E5F7BCFC794D7A4E552857D00021DB20E2
:104CF00002F0D9F80021DC2002F0D5F80021DD20F7
:104D000002F0D1F80021DE2002F0CDF82C60002165
:104D10002720E5F7C4FC5D492620083102F0B4F8ED
:104D20006B490E20233102F0AFF8E6F735FA5A212D
:104D3000574813F05CFFF3F748FAFEF72CFCF6F740
:104D40009DFEF7F768FEF4F7CDF9F4F760FEF7F78C
:104D5000ADF940F2CF216420E6F7BEF85D490120AD
:104D6000087006F0BBFA5C4890F80901022801D0EF
:104D7000F0F702FCEEF787FDF3F73EF8F3F749F89A
:104D8000FDF770FD554804700A2003F0ADF896F861
:104D9000230009282FD00B282DD034E06946DB20D2
:104DA00002F072F86F46DC20791C02F06DF8B91C35
:104DB000DD2002F069F8F91CDE2002F065F84449B4
:104DC0000F200A3102F060F89DF800009DF80110F4
:104DD0009DF8032000EB01209DF80210090401EB6F
:104DE000026108442860B17A422901D20A3000E009
:104DF000C01C28608BE70520F6F71CFEF5F7C0FA0B
:104E0000042004F007FA2149022034310023CDE9BF
:104E10000001C20132A1AFF22150E7F7BAF9FFF762
:104E20001FFB0C20FDF710FD0320F9F797FB174936
:104E30000B2030314FF40064CDE9000100232246FD
:104E40002AA1AFF61510E7F7A4F910490820383168
:104E5000CDE900010023224629A12E48E7F799F960
:104E60000A490D203C31CDE9000100234FF47A724C
:104E700029A1AFF2CB30E7F78CF9052001F0E3FC74
:104E8000BDE8FC41E7F775BC7047000088210020B1
:104E90009C950360B020002084210020B4020260B1
:104EA0003F420F00A500006038230020640100602D
:104EB0007C8703601C020060001C01405821002018
:104EC0000080000800043000000801405C21002040
:104ED0009C3A0020942200207A0D02604701006075
:104EE000436F6D6D6F6E5F7461736B004D617374B2
:104EF00065725F4E6F64655F7461736B00000000E4
:104F00004241435F436F6E74726F6C5F7461736B89
:104F100000000000810E01086D6F6E69746F725F92
:104F20007461736B00000000574B10B59A7B0E2123
:104F3000824202D94FF4AF6010BD491EC9B25C5C19
:104F40002244824217D9101A64225043E2B290FBE5
:104F5000F2F0042901EBC10202EB011100EB810028
:104F600004D3A0F5C870C0F30E0010BDC0F5C87022
:104F700040F4004010BD0029DFD148F2E83010BDF8
:104F800070B51E4604001AD0012C1AD03F4E022CD8
:104F90002CD0032C01D0052C27D1084614F0FBF9A6
:104FA000314614F026F83A4913F0F1FF14F01FFAD5
:104FB000182828DC052C2FD0032C2BD02DE0C81866
:104FC00012E00846FFF7B0FF010402D5C0F30E005F
:104FD00040423049497A31B100EBC000052190FBD5
:104FE000F1F000F5A0703044803870BD084614F030
:104FF000D2F9314613F0FDFF274913F0C8FFBDE891
:10500000704014F0F4B91A2807DB052C02D0032CE9
:1050100002D002E0002500E00125284670BD10B551
:1050200080211E4813F0E3FD1C484021803013F01E
:10503000DEFD1A484021C03013F0D9FDBDE8104014
:105040002021174813F0D3BD30B5144C803C54F8E0
:105050002030CA1A642A02DA12F1640F02DC03EB70
:1050600062010DE0C0EBC00202EB00150D4A02EB3D
:10507000450292F9222002FB0311521C91FBF2F12E
:1050800044F82010084630BD473F050800C07F4463
:10509000000048429C3A00200000C842F498036097
:1050A000F4990360365300207FB501214120E3F7D6
:1050B0008AFF4FF4F044ADF80C4048208DF80F0003
:1050C00003208DF80E0003A9FE48E3F776FD0E21BC
:1050D0000420E3F726FE0B210420E3F722FE0C2137
:1050E0000420E3F71EFE0D210420E3F71AFE0094CE
:1050F00000248DF804400C208DF8050001258DF862
:1051000006506846E3F79CFC28208DF808008DF8CF
:1051100009408DF80A508DF80B5002A8E3F7AFF95B
:10512000E94890F82310E9480E2904D0046244624B
:105130008462C4627FBD046344638463C4637FBDCF
:105140002DE9F041E24F3868DF4EE04DE14C0005BB
:105150001DD5F814E3F7D2FC96F823000E280FD0E3
:105160000020C0EBC00101EB001104EB410191F8FC
:105170009D11192906D00F2904D01D2902D006E05F
:105180000420EEE705EB8000016A491C01623868E3
:10519000C00422D5D049888D401C88854FF48050AA
:1051A000E3F7ACFC96F823000E280FD00020C0EBEC
:1051B000C00101EB001104EB410191F8CB11192959
:1051C00006D00F2904D01D2902D006E00420EEE706
:1051D00005EB8000416A491C4162386880041ED595
:1051E0004FF40050E3F78AFC96F823000E280FD006
:1051F0000020C0EBC00101EB001104EB410191F86C
:10520000F911192906D00F2904D01D2902D006E072
:105210000420EEE705EB8000816A491C8162386852
:1052200040041DD54FF48040E3F768FC96F8230056
:105230000E2817D00020C0EBC00101EB001104EBD9
:10524000410191F82712192905D094F827220F2A35
:1052500001D01D2904D105EB8000C16A491CC1623F
:10526000BDE8F0810420E6E770B5974C9B4D002027
:1052700094F8233004EB400191F82D2091F82B1085
:10528000511A29540E2B11D1944A323202EB4001AB
:1052900032F810204E88B61A904A0A3222F810606E
:1052A0000E8BC98A02EB4002711A9182401CC0B277
:1052B0000A28DFD370BD10B500281AD04FF47A73D6
:1052C000984215D26422B0FBF2F1B0FBF2F402FB7B
:1052D0001400824CC9B2645C6043B0FBF2F07A4ABD
:1052E00002EB4101B1F82B10084480B2984200D97A
:1052F000184610BD70B50546C2B14FF47A74A2428B
:1053000012D26423B2FBF3F0B2FBF3F6C0B203FB9C
:10531000162231F8101035F810004A43B2FBF3F1B1
:10532000084480B2A04200D9204670BD002070BD64
:10533000F0B5654900256A4C6A4ECB7991F8232077
:1053400005280ED0684F0121022814D003281ED052
:10535000012828D00E2A34D0042B32D2C6F894115A
:1053600031E00E2A01D0042B02D3C4F8B451F0BDB1
:10537000C6F89451F0BD0E2A04D0042B02D2C6F810
:10538000941101E0C4F8B411C7F88C1116E00E2A8C
:1053900004D0042B02D2C6F8941101E0C4F8B41171
:1053A000C7F88C5111E00E2A04D0042B02D2C6F8A3
:1053B000941101E0C4F8B411C7F88C51C7F88851B2
:1053C000F0BDC4F8B411C7F88C11C7F88811F0BD4E
:1053D00046490978553910292DD844490228D1F871
:1053E000011013D0032813D0042816D0052816D096
:1053F000062816D0072816D0082816D0092816D057
:105400000A2816D00B2807D1080502E0480700E05B
:10541000080700280FDB00207047C806F9E7880658
:10542000F7E74806F5E70806F3E7C805F1E788055A
:10543000EFE74805EDE701207047F0B50320FFF7DF
:10544000C7FF244A204D002310B32948A021017131
:10545000322141710521817195F823000A210B2821
:1054600008D00E280DD082F8271282F8223282F856
:10547000203217E082F8DF1282F8DA3282F8D8326E
:1054800010E082F8971382F8923382F8903309E0A3
:1054900095F823000B2832D00E2835D082F8273219
:1054A000C2F818320220FFF793FF032101240028DD
:1054B00095F8230037D01B260B282AD00E282DD094
:1054C00018E00000001801409C3A00204C95036051
:1054D0001404014036530020B402026064430020EB
:1054E00000002442000021420000224274210020DA
:1054F000A001006082F8F96182F8F44119E082F8B5
:10550000DF32C2F8D032CDE782F89733C2F8883361
:10551000C8E782F8B16282F8AC4212E082F86963AF
:1055200082F8644315E00B2809D00E280FD082F8CA
:10553000F931C2F8EA3192F89D01D0B11DE082F84C
:10554000B132C2F8A23292F8550240B115E082F8A9
:105550006933C2F85A3392F80D0328B10DE082F88E
:10556000551282F8504208E082F80D1382F8084381
:1055700003E082F89D1182F898410420FFF728FF8C
:105580001927002895F823001DD01C210B2805D0D1
:105590000E280BD092F8550280B14FE092F80D031F
:1055A000F0B982F80D1382F8084317E092F8C503AA
:1055B00028BB82F8C51382F8C0431EE082F855125A
:1055C00082F8504205E00B2806D00E2813D082F84E
:1055D0005532C2F8463231E082F80D33C2F8FE325D
:1055E0000020C0EBC00101EB001102EB410191F87A
:1055F0009D612EB108E082F8C533C2F8B6330BE0E6
:1056000081F89D7181F89841401CC0B20428E8D30C
:1056100095F823000E2811D10020C0EBC00101EB4A
:10562000001102EB410191F855621EB981F85572E3
:1056300081F85042401CC0B20428EED30620FFF788
:10564000C7FE002895F8230013D01E210B2806D092
:105650000E2809D082F8CB1182F8C6410FE082F8FB
:10566000831282F87E421FE082F83B1382F83643B1
:105670001FE00B2816D00E2819D082F8CB31C2F8C3
:10568000BC310720FFF7A4FE002895F823001DD0A9
:1056900022210B2810D00E2813D082F8831282F812
:1056A0007E4219E082F88332C2F87432E9E782F868
:1056B0003B33C2F82C33E4E782F83B1382F83643DD
:1056C0001FE082F8F31382F8EE431FE00B2816D098
:1056D0000E2819D082F88332C2F874320820FFF7FE
:1056E00077FE002895F823001DD021210B2810D02B
:1056F0000E2813D082F8B11282F8AC4219E082F879
:105700003B33C2F82C33E9E782F8F333C2F8E433D1
:10571000E4E782F8691382F864430FE082F8211409
:1057200082F81C440FE00B2806D00E2809D082F81E
:10573000B132C2F8A232F0BD82F86933C2F85A33EE
:10574000F0BD82F82134C2F81234F0BD1FB54FF419
:105750000040E3F7CCFB01214802E3F734FC0020D2
:105760008DF8040000908DF805004FF46021CDF80D
:105770000610CDF80A000520FF4C8DF80E00694692
:105780002046E2F7EBFE052301220B212046E2F73B
:1057900069FF052302220F212046E2F763FF05235C
:1057A000032208212046E2F75DFF05230422092198
:1057B0002046E2F757FF05231A460A212046E2F762
:1057C00051FF01212046E2F7F5FE2046E2F70FFFE8
:1057D0002046E2F711FF0028FAD12046E2F713FF36
:1057E0002046E2F715FF0028FAD101212046E2F712
:1057F00016FFFFF722FE1FBD2DE9F84301214FF4EC
:105800006770E3F7E0FB1C20ADF800001025DB4FCC
:105810008DF8035003244FF000088DF802406946CC
:105820003846E3F7CAF9D648D64E90F823100E2929
:1058300015D0C079042837D2E020ADF800008DF8EB
:105840000350D14D8DF8024069462846E3F7B5F97B
:10585000C0212846E3F71DFA2021284638E04EF201
:105860004000ADF800008DF803508DF80240694605
:105870003046E3F7A2F94CF240013046E3F709FA6B
:105880004FF400513046E3F704FAADF800508DF8BC
:1058900003508DF8024069463846E3F78EF910212F
:1058A0003846E3F7F6F915E04FF46040ADF8000034
:1058B0008DF803508DF8024069463046E3F77DF9D4
:1058C0004FF4C0413046E3F7E4F94FF4004130466D
:1058D000E3F7DDF9ADF800408DF803806946AB4889
:1058E000E3F76BF9BDE8F88370B50D46144606463C
:1058F0000221E2F792FF0523224629463046E2F7CD
:10590000B1FE01213046E2F78AFE02213046E2F77D
:105910007DFF0028F9D03046BDE87040E2F7E6BED2
:105920009B4B10B55988814201D9322010BDD98CCA
:10593000814201D25A2010BD002103EB810254881C
:10594000844212D8D48884420FD903EB810433F8FF
:105950002110A4885388641AC01A4443D088C01AFE
:1059600094FBF0F00844C0B210BD491CC9B209292B
:10597000E3D3002010BD00B50320FFF729FD002868
:1059800016D07F48824B002290F823008149323B99
:105990000B280ED091F82002012809D1588A00283E
:1059A00006D0401E0004000C588201D181F820224C
:1059B00000BD91F8D8020128FAD1588A0028F7D002
:1059C000401E0004000C5882F2D181F8D82200BD9C
:1059D0002DE9F05F4FF0000BDFF89CA1D9465F4640
:1059E0005C465D465E46D84601220B215046FFF7D5
:1059F0007BFF814401220F215046FFF775FF0744CA
:105A0000012208215046FFF76FFF044401220921BB
:105A10005046FFF769FF054401220A215046FFF76F
:105A200063FF40F24241884204D9761CF6B2A0F2EC
:105A3000424008E0B0F54D7F04D2761CF6B2C0F5C6
:105A40004D7000E0002083440120E7F7F6FF08F1E5
:105A5000010000F0FF08B8F1640FC5D34FF4C87817
:105A6000B9FBF8F14A4832384078FFF7EDFA814641
:105A700043484FF0640A90F823000B2820D0B7FB6E
:105A8000F8F10E282DD00820FFF7DEFAD046B4FB3F
:105A9000F8F107460D20FFF7D7FAB5FBF8F182467B
:105AA0000B20FFF7D1FA80460820FFF791FCDFF8C2
:105AB000E8C0384D0024A8B316B3BBFBF6F020E0D5
:105AC000B7FBF8F10C20FFF7BFFAD046B4FBF8F1B2
:105AD00007461120FFF7B8FAB5FBF8F182460F2010
:105AE000DFE71020FFF7B0FAD046B4FBF8F1074625
:105AF0001520FFF7A9FAB5FBF8F182461320D0E78D
:105B0000002080B2FFF70CFF1D4991F823100B29EC
:105B100009D00E294FF47A7100FB01F009D0C5F8C5
:105B2000A20215E008E04FF47A714843C5F85A0321
:105B30000EE0C5F8120488E0114890F823000B2805
:105B400004D00E287FD0C5F8A24201E0C5F85A4320
:105B50000F490B48323949782CF8119090F82300FE
:105B60000B286ED00E286DD0ACF81070084F323F65
:105B70007878401CC0B211E00024014000100140C0
:105B80009C3A00200020014000080140000C014028
:105B9000D2010060365300207A050260FE4E787014
:105BA00096F823100E297CD000F0070078700720AB
:105BB000FFF70EFC00B396F823000A233F22DFF81C
:105BC000DC9340F6FF710B2872D00E286FD040F6A0
:105BD000B8320AFB02F0B0FBF1F013F0E5FBF0493C
:105BE00013F0D5F9494613F0D2F9EE4913F001FA52
:105BF00013F0FDFBC5F874020320FFF7E9FBEA4A46
:105C0000EA4B012100287DD040F6B83C08FB0CF09F
:105C100049F6D87CB0FBFCF8A7F8148096F82380EE
:105C2000B8F10B0F72D0B8F10E0F6DD0B0FBFCF0D5
:105C300095F82282B8F1000F67D0C5F81802A9E0E4
:105C400001E02BE025E0C5F81244D948D849407856
:105C50002C31012806D002280CD0072812D02CF8AD
:105C6000109016E00888C9EB8922B2FBF0F0ACF87E
:105C700002000EE04988C9EB8920B0FBF1F0ACF8D6
:105C8000040006E08988C9EB8920B0FBF1F0ACF88C
:105C90000E00ACF8207069E703E009E0ACF818707A
:105CA00064E70C21B0FBF1F201FB12007EE714E087
:105CB000BAFBF3F040F6B8335843B0FBF1F064217F
:105CC0004843B0FBF2F013F06FFB494613F05FF965
:105CD00013F08DFBC5F82C038EE7BAFBF3F040F60A
:105CE000B8335843B0FBF1F064214843B0FBF2F005
:105CF00013F05AFB494613F04AF913F078FBC5F844
:105D0000E40379E742E001E017E02DE0B0FBFCF0AE
:105D100095F8DA82B8F1000F02D0C5F8D00239E068
:105D200097F804C0B0EB0C0000D5404297F805C0CE
:105D300060452FDD85F8D81222E0B0FBFCF095F825
:105D4000926316B1C5F888032EE03E79801B00D51A
:105D500040427E79B04227DD85F89013B879C0EBD8
:105D60000010800078821FE097F804C0B0EB0C00B0
:105D700000D5404297F805C060450BDD85F820123C
:105D8000B879C0EB00108000788203E096F8230019
:105D90000E2809D07D788748082D61D2DFE805F00C
:105DA000494C555867727D8878780C2858D2DFE8BE
:105DB00000F006091013181B20232C2F3437C2F8CB
:105DC000B84101E0C2F8B811C2F8BC41C3F8904133
:105DD00018E0C2F8B84101E0C2F8B811C2F8BC112D
:105DE000F4E7C2F8B84101E0C2F8B811C2F8BC410A
:105DF00006E0C2F8B84101E0C2F8B811C2F8BC111F
:105E0000C3F89011C2F898412AE0C2F8B84101E005
:105E1000C2F8B811C2F8BC4106E0C2F8B84101E0CE
:105E2000C2F8B811C2F8BC11C3F89041C2F8981179
:105E300016E0C3F890411CE0C3F8904124E0C0F89C
:105E40009C410DE0C2F8BC410AE0C3F8904126E055
:105E5000C3F890412EE0C0F89C1101E0C2F8BC11DB
:105E600055487978405CBDE8F05FFFF761BAC3F848
:105E70009011F179042902D2C0F89841DFE7C2F805
:105E8000B841DFE7C3F89011F379042B02D2C0F8D0
:105E90009811D4E7C2F8B811D4E7C3F89011F37998
:105EA000042B02D2C0F89841D5E7C2F8B841D5E733
:105EB000C3F89011F379042B02D2C0F89811CAE705
:105EC000C2F8B811CAE72DE9F04F89B001214C2082
:105ED000E3F779F84320ADF800001026374D8DF830
:105EE000036003248DF8024069462846E2F765FE08
:105EF00043212846E2F7CDFE3020ADF80000304FB8
:105F00008DF803608DF8024069463846E2F755FE89
:105F100030213846E2F7BDFE1F480025DFF8A49087
:105F200090F823004FF0180B4FF080480E287BD0DC
:105F300001210520E3F750F801210920E3F743F898
:105F400001212148E2F7C4FE4FF47060ADF8000073
:105F50008DF803B08DF8024069463846E2F72DFE11
:105F60004FF47A70ADF81800ADF81450ADF81A502F
:105F7000ADF8165005A944464046E3F7CDFA05A909
:105F80004D464846E3F7C8FA7021ADF804100121E8
:105F9000ADF80610022019E09C3A002000007A4477
:105FA0000000C84200007C4200002442000022425F
:105FB000A001006000002142B65E002000180140F0
:105FC000000C01400008004000031800ADF80C0070
:105FD00001A92046E3F74AFB01A92046E3F780FB2D
:105FE00001A92846E3F742FB01A92846E3F778FB1D
:105FF00008212046E3F730FE08212046E3F732FE71
:1060000008212846E3F728FE08212846E3F72AFE60
:1060100001212046E3F728FD01212846E3F724FD6E
:1060200009B0BDE8F08FFFE74FF4007AADF800A0AB
:106030008DF803608DF8024069463846E2F7BDFDF1
:1060400051463846E2F725FE8020ADF800008DF875
:1060500003608DF802406946FE4E3046E2F7ADFD22
:1060600080213046E2F715FE01210520E2F7B4FF5A
:1060700001210920E2F7A7FF0121F748E2F728FEF6
:106080004FF45060ADF800008DF803B08DF8024079
:1060900069463846E2F791FD4FF47A70ADF8180082
:1060A000ADF81450ADF81A50ADF8165005A9444695
:1060B0004046E3F731FA05A94D464846E3F72CFA86
:1060C0007021ADF8041001210220ADF80610ADF8E2
:1060D0000C0001A92046E3F7C9FA01A92046E3F71D
:1060E000FFFA01A92846E3F7C1FA08212046E3F7A1
:1060F000B3FD08212046E3F7B5FD08212846E3F764
:10610000ABFD85E710B5012807D002280AD0084664
:10611000FFF7D1F80446204610BD0A46CF4901F1E9
:10612000280004E00A46CD49143101F12A00FFF7A6
:10613000E1F8F0E72DE9F041C94D0446C94E287851
:10614000CA4F2044C0EB001101EB4101314491F8EA
:106150002320C54931F810006AB197F823100E29A1
:1061600011D0FFF7A8F897F82330C149C14A0E2B88
:106170000ED0ACB119E0B0F5007F02D3B7F83F0004
:10618000F1E70020EFE701462046FFF7BBFFEAE713
:106190000988CB0709D0090A8C4206D1108804E08F
:1061A0000988012900D11088108029782144C1EB89
:1061B000011101EB4101314491F8281001B900208F
:1061C0004FF0804264B1012C04D0AB4A022C07D0BE
:1061D000032C0BD1BDE8F04101461046E3F74BBE5E
:1061E000BDE8F04101461046E3F743BEBDE8F0814B
:1061F0000EB59B4BA34900201A780978E8469F4DBD
:106200009F4E01240A4409E0C0EB001101EB410C50
:106210009449401C6144C0B281F824408242F3D8C2
:106220003220E6F72CF98E4B00221146104693F8E7
:1062300000E03BE0C0EB001303EB430C894B6344ED
:1062400093F823C0BCF1000F0DD093F82CB038F8B0
:1062500010C00BEB8B03BCEB830F0BD20CF1010CCA
:1062600028F810C008E0804B33F81030B3F5007FF9
:1062700013D216E028F81020DFF8ECC13CF810C06B
:106280000BFB0CF303EB83039B0040F2FF3CB3FBDF
:10629000FCF338F810C0634503D904FA00F319433E
:1062A00002E004FA00F39943401CC0B27045C1D328
:1062B000754B186881423CD01960187800274FF060
:1062C000010AC10702D0C5F8804101E0C5F880216C
:1062D000810702D5C5F8844101E0C5F88421410752
:1062E00002D5C6F8904101E0C6F89021010702D519
:1062F000C6F8944101E0C6F89421C10602D5C5F85C
:10630000984101E0C5F89821584991F823100E29C9
:1063100012D1810602D5C6F8A44101E0C6F8A42135
:1063200040065A4802D5C0F89C4105E0C0F89C21BF
:1063300002E0BAF1000F3ED07F1CFFB2C82F3AD95D
:1063400018784FF0000A5746C10702D0C5F88041BF
:1063500001E0C5F88021810702D5C5F8844101E03C
:10636000C5F88421410702D5C6F8904101E0C6F87E
:106370009021010702D5C6F8944101E0C6F89421A6
:10638000C10602D5C5F8984101E0C5F89821374902
:1063900091F823100E290ED1810602D5C6F8A4412A
:1063A00001E0C6F8A4214006384802D5C0F89C4157
:1063B00001E0C0F89C210521B9FBF1F201FB12912B
:1063C00009F1010000F0FF0900297FF429AF002046
:1063D000FFF7B0FE0120FFF7ADFE0220FFF7AAFE97
:1063E0000320FFF7A7FE1BE72DE9FF5F9A469146C2
:1063F0000846DDF838B012F0CEFF254912F0F9FD5D
:1064000013F05AF815F078F813F069F8054600987B
:1064100012F0CFFFDFF87C800E4604460022434690
:1064200012F0D8FE13F05BF80746204631461A4AB0
:106430001A4B12F028FE04460E46384613F03CF87C
:106440002246334612F038FF13F049F80146284639
:1064500026E0000000200140000318006E430020E9
:10646000B900006034C304607A0602609C3A0020E0
:106470004421002020210020000800400000234289
:1064800000802142C6200020C0010060000024429C
:1064900000007A4400A03140CDCCCCCCCCFCA24052
:1064A00012F01DFD13F008F80E4604460022434684
:1064B00012F08DFE05460F4620463146FD4AFE4B42
:1064C00012F088FE2A463B4612F0F6FE13F007F85B
:1064D000FA4D0446294612F05AFD12F088FFA9F839
:1064E0000000204612F0E8FF0E460446F44AF54B41
:1064F00012F070FE12F0F3FF074620463146F24AD2
:10650000F24B12F0C0FD12F0EAFF0146384612F0DD
:1065100070FD12F0D1FF02460B460020EC4915F049
:10652000CFF912F0DCFF12F0C7FFEA4AEA4B12F093
:1065300051FE12F0D4FF0446294612F028FD12F055
:106540006FFFAAF80000204612F0B6FFE34AE44BC2
:1065500012F040FE12F0C3FF06462146E14812F059
:1065600010FD0146304612F044FD0646294612F061
:106570000EFD12F055FFABF80000304612F09CFF04
:10658000D94ADA4B12F026FED94ADA4B12F07BFDDB
:1065900012F0A5FF0446D849304612F0F8FC054633
:1065A000009812F0F8FE214612F0F1FC294612F094
:1065B00096FC12F035FF0F990880BDE8FF9FF8B5F3
:1065C000CE4CE078012848D0E5F754FDC0B2002851
:1065D0007DD1CB48CC4FCD4D90F82310C9484FF416
:1065E0007A720B2943D0008A90421BD995F8990101
:1065F00095F89B11002895F89C0100EB01204FF0C5
:10660000640100FB01F07DD012F0CEFE0646394653
:10661000A06912F0BCFC314612F0B3FC12F0E7FEA8
:10662000C5F88E0195F8F50195F8F711002895F851
:10663000F80105F5F57500EB01204FF0640100FB52
:1066400001F043D012F0B0FE06463946E06912F080
:106650009EFC314612F095FC44E0A84932201C31E2
:10666000009001230022081FE5F760FBAFE7008BD5
:1066700090421BD995F8510295F85312002895F8CD
:10668000540200EB01204FF0640100FB01F02ED01A
:1066900012F08AFE06463946A06912F078FC3146AF
:1066A00012F06FFC12F0A3FEC5F8460295F8AD0299
:1066B00095F8AF12002895F8B00205F2A22500EB7C
:1066C00001204FF0640100FB01F0BBD100E00CE0C1
:1066D00012F06AFE06463946E06912F058FC31466F
:1066E00012F0FDFB12F083FE2860F8BD0AE012F004
:1066F0005BFE06463946A06912F049FC314612F0AD
:10670000EEFBCFE712F050FE06463946A06912F0C4
:106710003EFC314612F0E3FB80E7F8B54520E5F793
:1067200090F900243226754D0127744901231C314C
:106730000022081F0096E5F7F9FA00B9EF70641C13
:10674000E4B20A2CF1D3E878012804D00020E870E4
:10675000E5F778FCE8706E49C0B20A308885C4E776
:106760001CB5FFF749F8FEF7F1FFFFF7D6FF07F07A
:1067700020FC634890F823000B2801D00E2801D19B
:10678000FEF792FC0420FEF723FE08B107F014FF89
:106790005A4D00205E4E28816881A881E8812882B8
:1067A000B08A401CB0820220FEF712FE10B1308B7E
:1067B000401C3083FFF703FF0620FEF709FE08B1F7
:1067C00007F01EFC0420FEF703FE50B1A878142148
:1067D000B0FBF1F201FB1201401CA87009B907F0EF
:1067E00001FFFFF7F5F8052C02D2641CE4B201E0CA
:1067F00001202870E86910F0FF4FD1D012F0F7FDAA
:1068000007B2A86912F0F3FD3C4A00B21032911EA3
:10681000CDE900128B1E8A1F3946FFF7E5FDB5F959
:10682000080012F0C6FD00223A4B12F0D3FC002201
:10683000394B12F041FD0022384B12F024FC12F0CB
:1068400003FE6881ACE71CB50446FFF73CFB2B4810
:106850004FF4FA722430CDE90040002330A1AFF2AA
:10686000FF00E5F796FC254800232830CDE90040DD
:10687000C8222EA1AFF28760E5F78BFC1F490020EC
:10688000203108601CBD10B51C4986B02A4CC9795E
:10689000002001EB41016A4603AB04EBC1010C5C33
:1068A00014540C18A47A1C54401CC0B20A28F6D305
:1068B000194643E0E17A14AE47616E400000204182
:1068C000C03FA54A945D1E40B7627FD93D176E4018
:1068D0000000244076A73B4F3C7718402D211FF441
:1068E000EC6F834000407D44F3C81F0C3CF75E3FD3
:1068F000295C8FC2F528F03F0000C841A00100606C
:106900009C3A00207A0502600000C84236530020FD
:10691000B4020260000022400000144000007440F5
:10692000496E7075745461736B3100004F757470EB
:1069300075745461736B31006E3F05081046F3F7B0
:10694000F1FC06B010BD2DE9F0418046642791FBB3
:10695000F7F014460D4612F01EFD4D4EB06194FB4B
:10696000F7F012F018FDF0614A484B4A4B4F90F88F
:10697000236092F8541292F8530292F9513201EBCB
:106980000020414608EB41084FF47A7CC8EBC11166
:106990000B2E30D03E8A664512D9164692F899C120
:1069A00096F89C7196F89B61BCF1000F07EB0626E8
:1069B0005FD06FF018077E4305EB8605C2F88E5155
:1069C000354D92F8F57195F8F86195F8F75106EBA9
:1069D0000525E7B36FF01806754304EB8504C2F88C
:1069E000EA41ABB36FF06303584300EBC100C2F858
:1069F0004602BDE8F0813E8B664507D94BB36FF088
:106A00001803584305EB8000C2F84602224892F86A
:106A1000AD5290F8B03290F8AF0203EB00200DB306
:106A20006FF01803584304EB8000C2F8A2021A4822
:106A300092F8094390F80C3390F80B0303EB002015
:106A4000ACB16FF06303584300EBC10002E015E006
:106A500019E002E0C2F8FE02CBE700EBC00303EB53
:106A60000010CFE700EBC00303EB0010DBE764236B
:106A7000E9E706EBC60707EB06169DE705EBC5063B
:106A800006EB0515A9E76423AEE7704770470000E1
:106A9000A00100609C3A0020365300207A05026075
:106AA000E4490120087070472DE9F0470C46486022
:106AB000E14998461646B1F90030642293FBF2F1A1
:106AC00093FBF2F702FB1732002549B252B20029BC
:106AD0000CDA4942CBB25142C9B24FF4616253431E
:106AE000C1EB011103EB8101401A09E0CBB2D1B235
:106AF0004FF461625343C1EB011103EB8101084480
:106B0000DFF838A360609AF8000070B1CC48CD4936
:106B1000B0F807000988884207D3CB490988884222
:106B200003D8606800F5616060606068C74AB0FBC8
:106B3000F2F1B0FBF2F702FB11014FF46162B1FB1D
:106B4000F2F0A160E760E075B1FBF2F002FB10111A
:106B50003C20B1FBF0F2A4F819102276B1FBF0F260
:106B600000FB1211E1768946384612F033FCB84A30
:106B7000B84B12F0A1FB12F086FC80B22082B8F173
:106B8000000F28D000F2B27140F2B552B7FBF2F21A
:106B900089B28A0722D06FF4B67202FB0072A2EBB0
:106BA000900212B28907A4F81520B1F1804F02D0EB
:106BB000521CA4F81520A84AB4F9151000292EDD9E
:106BC000B4F81530A4F81330535DC91A6D1CA4F83D
:106BD0001510EDB2F0E700F26C71D5E76FF4B67105
:106BE00001FB0071A1EB9001491C09B2A4F815103A
:106BF000B8F1000F02D1491CA4F81510964A0C32C6
:106C0000B4F9151000290ADDB4F81530A4F81330D2
:106C1000535DC91A6D1CA4F81510EDB2F0E7A57408
:106C2000B8F1000F15D000F2B270208286F8009003
:106C3000207E7070E07DB070E07CF070A07C7071A0
:106C4000207CA0F5FA60B0719AF800007072BDE87F
:106C5000F08700F26C70E8E72DE9F041794D7A4C4D
:106C600000207F4A2880208092F863307B495B1E99
:106C700005E00E5C2F88401C3E442E80C0B283424B
:106C8000F7DC92F8653000205B1E05E00E5C27887B
:106C9000401C3E442680C0B28342F7DC12F8640FE9
:106CA00029880844288090782188084420806448F6
:106CB000807900F5FA60E4F76FF9002805D028889C
:106CC000401C28802088401C2080BDE8F081FEB553
:106CD0001D4616460C460746F1F752FA0146381B88
:106CE000574C584A00EBC00001EB8000B4F8071085
:106CF000128891420AD3544A1288914206D8711BD5
:106D0000C1EB4112C2EB012100EB011001234C4AFF
:106D10005449FFF7C9FE6078002221788DE807000A
:106D2000A378E2786179A079E4F7D4F9FEBD4D4902
:106D300010B508603F49091F002A08600DD1006A9C
:106D4000F4F75CFF00233E4A4649FFF7ADFE464993
:106D50000120087037490420087010BD8CB0DB207A
:106D600000218DF800008DF8011004208DF802003C
:106D7000FA208DF8030001208DF804108DF805002D
:106D80008DF8081030228DF806108DF809008DF866
:106D900007100A206B461954401CC0B29042FAD327
:106DA0000CB070477047704770472DE9F0472C488A
:106DB0002E4990F84800022803D291F8F0000128EB
:106DC00010D12B4D2B4EDFF8B0A02868401C286056
:106DD000327800273AB12949884203D937708AF8B6
:106DE00000702F6033E74FF00109884681F8F19079
:106DF000F1F7C6F9224C010E2060AE2000F053F8E6
:106E00002068C0F30741AD2000F04DF82088C0F3A2
:106E10000721AC2000F047F82178AB2000F043F8C0
:106E200020680EF02BFBC8F8CA008AF8007086F8BC
:106E30000090D6E7000200603E2100200D210020D6
:106E4000382300209E200020A02000208051010037
:106E50007B14AE47E1D37640563F0508ACC3030828
:106E60009C3A00206C9A0360922100207A0D026007
:106E7000B421002097210020982100200046050021
:106E8000B4200020E3F7E8BB10B50C46E3F7E6FBBF
:106E90002070012010BD10B50C460221E3F733FC31
:106EA0002080012010BD10B5C9B2E3F7F8FB012026
:106EB00010BDE6F7A3BD80B2E6F7BFBDE3F778BC2F
:106EC00030B585483221854A01703021417093796F
:106ED0000A21B3FBF1F430348470B3FBF1F401FB0D
:106EE00014333033C3702D2505715379B3FBF1F49E
:106EF00030344471B3FBF1F401FB1433303383714C
:106F0000C571D3783A25B3FBF1F430340472B3FB86
:106F1000F1F401FB143330334372202383729378EE
:106F2000B3FBF1F43034C472B3FBF1F401FB14335E
:106F30003033037345735378B3FBF1F43034847307
:106F4000B3FBF1F401FB14333033C37305741278CF
:106F5000B2FBF1F330334374B2FBF1F301FB1321C5
:106F60003031817430BD2DE9F05F4FF496614FF4FC
:106F70006163DFF86C814A008C005D00CE000F0178
:106F8000DFF860C14FF416494FF4614A4FF4963B65
:106F90004FF4E13E022819D078B301286FD152484E
:106FA00090F8230004286AD0072868D00C2866D0FF
:106FB000082864D04D4800780C2860D2DFE800F043
:106FC0006E70727476787A7C8082847E9CF802007F
:106FD00001280BD0464800780C287BD2DFE800F06F
:106FE0000E10121416181A1C2022241E98F80200E3
:106FF0004FF000088CF80280EEE71BE0084615E031
:10700000104613E0184611E020460FE028460DE038
:1070100030460BE0384609E0484607E0504605E0B8
:10702000584603E0704601E04FF46120BDE8F05F90
:10703000E6F7DCBB9CF8000001280BD02D48007857
:107040000C2847D2DFE800F00D0F11131517191C9B
:107050002022241E98F800004FF000088CF80080D1
:10706000EEE7084616E0104614E0184612E0204607
:1070700010E028460EE030460CE038460AE029E0F1
:10708000484607E0504605E0584603E0704601E0F8
:107090004FF46120BDE8F05FE6F722BB084615E03B
:1070A000104613E0184611E020460FE028460DE098
:1070B00030460BE0384609E0484607E0504605E018
:1070C000584603E0704601E04FF46120BDE8F05FF0
:1070D000E6F70CBCBDE8F09F889A036038230020D7
:1070E00081210020900100609C3A002010210020A6
:1070F000112100200F21002010B50024642300225C
:10710000FDA1FEA001F0ADF808B1022010BDE1F72D
:1071100038FE641CE4B20A2CF0D301D0012010BD6B
:10712000002010BD10B5F64C04212046E1F7B1FD5A
:107130004FF4FA60E6F781FC2046BDE810400421D8
:10714000E1F7A5BD70B5EF4D40F225512846E3F7B4
:1071500027F8ED4CC0B12846E2F7BBFFC2B2B4F845
:10716000000440F2FF31C0F30E0088420CD2B4F8A4
:107170000004C0F30E01B4F800046318491C61F365
:107180000E00A4F800041A7040F224412846E3F7E8
:1071900007F801280AD194F8010440F0800084F82F
:1071A00001042846BDE87040E2F793BF70BDF0B51A
:1071B0008279002306252C2A03D0427C2C2A00D178
:1071C0000B239A1D845C2C2C61D11418A2783A2AC6
:1071D00011D16678303E092E0DD8B4B200222B446E
:1071E00006E09D180544521CED7801F8015B92B24F
:1071F000A242F6D349E0E6783A2E03D027793A2F17
:107200001DD044E06478303C092C40D8302A3ED36D
:10721000392A3CD804EB84046FF02F0606EB4404B3
:10722000224494B200222B4406E09D180544521CCF
:107230002D7901F8015B92B2A242F6D325E0647881
:10724000303C092C23D8302A21D3392A1FD8302E9C
:107250001DD3392E1BD804EBC40707EB041406EB2F
:10726000840402EB82024FF6F05606EB42022244FF
:1072700094B200222B4406E09D180544521C6D79FF
:1072800001F8015B92B2A242F6D32046F0BD002085
:10729000F0BD70B5054640219C4811F0A8FC9B4C00
:1072A00015B1012D02D003E0652000E067202080A9
:1072B000974E1D2060803078A0807078E080B07894
:1072C0002081F07860810A20A081924D3079E081A0
:1072D00015F86A0F208268786082A878A082E87822
:1072E000E08235F8670C20834FF42C700EF0C7F85D
:1072F0006083F0790EF0C3F8A08387480068C0F37C
:10730000072141EA002161848449097884F8241026
:10731000010C090241EA1060A4F83900002084F849
:107320003B0035F8651CA1877D49097884F83E103B
:107330007C4984F83F000120887170BD70B500243D
:10734000744D4FF47A7601F0F5F8A870401E0328CA
:1073500008D33046E6F771FBE1F713FD641CE4B295
:107360000A2CF0D3A878032808D1BDE870404FF468
:10737000FA73002260A16CA000F073BF70BD4FF4DF
:10738000FA7300225CA16CA000F06BBF2DE9F047FE
:10739000644E604F0025F571B878012863D03878C5
:1073A000022860D050B135724FF4FA73002252A116
:1073B00064A000F056FFC820E6F73FFB78784FF452
:1073C00080694FF47A78012822D1002400F0C5FFAB
:1073D0000CE0002001F019FE01464A465D4811F01C
:1073E000EDFB45A1484811F00DFC38B94046E6F7E1
:1073F00024FB2046641CE4B20528EAD3434656A287
:107400003DA157A000F02DFFC820E6F716FBF5714F
:107410003878012824D1002000F069FFC820E6F761
:107420000CFB3C4900244A31A1F1400000F074FFFC
:107430004D4646460FE0002001F0E7FD01462A4692
:10744000444811F0BBFB2CA12F4811F0DBFB38B9ED
:107450003046E6F7F2FA2046641CE4B20528EAD387
:10746000BDE8F0476AE7BDE8F08710B52D4C607ABB
:10747000012805D1FFF78AFFF7F7DAF900206072DB
:1074800010BD0B0A0370417000218170C170110A98
:107490000171427170478EB01420DFF878908DF83A
:1074A0003000DFF880A04FF0000B89F802B08AF8B6
:1074B00008B08AF809B0042389F807308AF803B0C5
:1074C000134AAAF80AB04FF4FB70A9F80300B2F807
:1074D0004920A9F805200A220AA900F0C9FD00F0F8
:1074E000A3FE4FF4FA642046E6F7A7FAFFF71AFE68
:1074F0002046E6F7A2FA37E04F4B00004154000067
:1075000000140140004C0040E0430020302C046097
:107510009C3A00209C9E0360B02000209320002015
:107520008F0100600802006041542B434950434CD6
:107530004F53453D3500000041542B524553544FA5
:107540005245000041542B435753544F50534D4123
:10755000525400009C9A03607265616479000000D7
:1075600041542B5253540000FFF7C6FD09F1760138
:10757000CDE908100126022802D089F802604CE00B
:107580006946DF20FFF780FC9DF80000442839D0D1
:1075900018208DF80100F94AFE208DF802001078BD
:1075A00010B1FF2807D00FE0517869B9917859B927
:1075B000D17831B308E05178FF2905D19178FF29BE
:1075C00002D1D178FF2920D0D178102900D21031F2
:1075D0008DF803109178102900D210318DF8041025
:1075E0005178102900D210318DF80510102800D2E2
:1075F00010308DF806000DF1010001F009F98AF84C
:10760000036002E0089801F0BAF8052189F8021039
:10761000002000F06CFEFFF7B9FED948019005206C
:10762000E6F70BFA099802280DD19AF803005446A0
:10763000012808D1089801F0A2F884F803B0442189
:10764000DF20FFF730FCE1F79CFB09980228E6D128
:107650009AF800005446142803D984F800B0FFF7C4
:1076600061FD6089411C6181B0F57A7F03D9A4F87E
:107670000AB0FFF757FD99F8020002285CD049468E
:10768000012859D099F801004D4638B901F86ABF70
:1076900081F801B081F802B085F86DB0207AA0467B
:1076A00070B94FF47A730022AFF2B411B5A000F0B4
:1076B000D8FD10B188F8086002E098F80800B8B367
:1076C000002400F037FFA8706420E6F7B6F9E1F770
:1076D00058FBA878032804D92046641CA4B2C82803
:1076E000EFD3C82C07D3FFF751FE98F80010491CC0
:1076F00088F8001093E785F800B04021A54811F004
:1077000076FAA4482021403011F071FAA24806769A
:10771000F1F70BFF4FF4FA730022AFF22421AFF21E
:10772000DC1000F09EFD6420E6F787F9FFF72EFEDF
:10773000C820E6F782F972E784F800B0E079A24643
:10774000D8B14FF480642146944811F050FA214694
:10775000934811F04CFA002001F057FC01462246F4
:107760008F4811F02BFA8D498D48FFF720FD054613
:107770008B4881792C296FD072E0864928226031AC
:10778000089801F0D0F870B199F86A10484641B9EC
:1077900090F86B1029B990F86C1011B990F86D1031
:1077A000E9B18AF80760002001F078F94FF4FA7423
:1077B00023460022AFF2C0217AA000F052FD012042
:1077C00000F035FEE1F7DDFA23460022AFF2D821C2
:1077D000AFF2AC2000F045FD00244D4606E08AF8EB
:1077E00007B089F80260DEE7E1F7CBFACDF800B028
:1077F000B5F8051002230A466EA000F05BFE20B922
:107800002046641CA4B20528EED3002440F2D245E1
:1078100001E0E1F7B6FA022329462A4665A0009660
:1078200000F048FE20B92046641CA4B20528F0D31D
:10783000002401E0E1F7A5FA0CAA0AA9012000F052
:1078400064FE00287FF456AF2046641CA4B20528CD
:10785000BFF450AFEEE7FFE740793038C0B2029096
:10786000002D19D0DAF814105C462944CAF8141017
:10787000AAF80AB00298801E022876D847490878EC
:107880001C2802D0EE2808D016E0302D14D100229A
:1078900029464248FFF74BFAD8E2487810280BD126
:1078A000887848B9C87838B9087928B9487918B9B2
:1078B000887908B9C87948B1DFF8C0C08A799CF8DE
:1078C0000400824208D0FF2A03D016E0F6F7A3FF97
:1078D000BCE2C879192810D030490520F7F715FF08
:1078E000BAF80E2055462AB136490020029B01F015
:1078F00045FBEC81FFF7B9FDA8E212F0FF0F3FF462
:10790000F9AEC8790B46032816D0062814D01028E3
:107910000ED0192810D001280ED002280CD004282F
:107920000AD0052808D00F2806D018288AD103E0ED
:10793000197B691A0D2985D19CF82A10072915D0C1
:10794000022913D09CF82810072913D0022911D03E
:107950009CF829100729E9D18CF824601A4B0021E2
:107960004FF0020893F800E046E077E002218CF83F
:107970002410F3E78CF82440F0E700009C3A002044
:10798000552C046041542B43575354415254534D8A
:1079900041525400A69E03606A190360BC30046023
:1079A0009C9A036041542B4349504D4F44453D3010
:1079B000000000003235352E3235352E3235352E69
:1079C00032353500C82E0460F8200020FE4B5B5C89
:1079D0009A4202D18CF824800CE0FC4B5B5C9A420A
:1079E00002D18CF8244005E0F94B5B5C9A4201D14E
:1079F0008CF82460491CC9B27145E7D3F5490228C7
:107A000021D001281FD0032823D0042821D006220A
:107A10000888884641BA03A8FFF733FDAD1F9CF8DC
:107A20002420A9B203AB08F10600F6F767FBBAF809
:107A30000E205546002A05D0E7490020029B01F0A0
:107A40009DFAEC8102E2C87A0322C01D02EBD0024B
:107A5000DEE7CA7A032000EB4202D9E7029810B1B0
:107A6000012877D0F2E19AF80200E8BB8AF80260B8
:107A7000D04600232A46D74903A800960AF054FCB2
:107A80000246401EB0F5FF7F60D80123D14903A80C
:107A90000BF082FFD148007838B3002502E0322095
:107AA000E5F7CBFF98F8051019B1CC4900250C700B
:107AB00017E028466D1CEDB20A28F0D31AE040F218
:107AC0002D1005FB00F1C648029B00EB4101002090
:107AD000B1F8582201F052FA0120E5F7AEFF6D1C13
:107AE000EDB298F8050001E030E003E08542E6D30E
:107AF00088F80540B8F80C2032B1BA490020029B42
:107B000001F03CFAA8F80C4098F80400F0B1002508
:107B1000C24615E040F22D1005FB00F1B24800EB23
:107B20004108B8F8580248B10120E5F786FFB8F8D7
:107B3000582241460020029B01F020FA6D1CEDB254
:107B40009AF804008542E5D38AF804408AF8024096
:107B50007CE1FFE79F49087864287DD18AF80660B8
:107B6000002099F86AC099F86B3099F86C2099F860
:107B70006DE0C5F3850516E0964901EB800191F8AB
:107B80000180E0450DD191F80280984509D191F826
:107B90000380904505D191F80480F04501D18AF821
:107BA0000640401CC0B2A842E6D39AF8060000285E
:107BB00052D00020FFF76DFBDFF828822046A8F1A5
:107BC0004008A34688F81E0088F81F0088F82000A7
:107BD00088F821004846444610F86A1F24F8101F10
:107BE000417861808178A180C078E08014227F494B
:107BF000019810F0E3FF7E4840224146007840F0B3
:107C0000020084F82E000020029B01F0B7F9002545
:107C100049E0784BC5EBC501CC18A079DC280DD222
:107C20005A5CDFF8D4C10CEBD20C02F007029CF8CE
:107C300000C006FA02F21CEA020F32D0232830D02C
:107C4000D4F8012044469C4624F8042FC2F30723AD
:107C50006380C2F3074300E0F8E0A380120EE280E5
:107C600020811CF801006081644814220178A1760B
:107C70004178E17681782177C0786077604800EBC1
:107C80000511019810F09AFF594856494022007892
:107C9000403940F0020084F83A000020029B01F0D5
:107CA0006DF96D1CEDB2574800788542B1D30024C0
:107CB000554D33E004EB8400544B00EBC4014FF00E
:107CC000080CCA18A8F80CC0595CA8F80E104B494B
:107CD00040460B7888F81E304B7888F81F308B7838
:107CE00088F82030C97888F82110D2F8051020F8DB
:107CF000041F0A0A42800A0C8280090EC1803C4996
:107D00004022097841F0020180F83A1035490020FC
:107D10004039029B01F032F9641CE4B228788442B5
:107D2000C8D300258DE02B2005FB00F13848014425
:107D3000887CE8BB0868A8F80400020AA8F80620B6
:107D4000020CA8F80820030EA8F80A308B7AA8F8CD
:107D50000C304B7AA8F80E30284B444693F800C0FC
:107D600088F81EC093F801C088F81FC093F802C0BD
:107D700084F820C0DB7884F82130C0F3072343EA7D
:107D800000236384097984F82410110241EA106009
:107D9000A4F83900142103A810F029FF4D208DF814
:107DA0000C0053208DF80D0054208DF80E0000E0DB
:107DB00045E050208DF80F003A208DF810008DF826
:107DC0001FB0142203A925E02F310020CB30002062
:107DD00004780360BC300460C82E0460A500006015
:107DE000AC140460702C0460189F036024E70260E8
:107DF0008F01006000900360C49303609C3A0020F0
:107E000094870360F82000205601006048940360C6
:107E100048040360019810F0D1FE0C2084F83F0064
:107E20008248007840F0020084F83E000120E5F727
:107E300004FE40227E490020029B01F09FF86D1C49
:107E4000EDB27C4800788542FFF46DAF6420B7FB4B
:107E5000F0F100FB117050BBE0F793FF4FF47A7024
:107E6000E5F7EBFD744CA08A401CA08200F0E8FC12
:107E700040B1208B401C2083022189F802108AF82F
:107E800001B014E0E08A5146401CE0829AF80100FB
:107E9000401CC0B28AF80100032808D3608B401C44
:107EA000608389F8026081F807B08AF801B038462B
:107EB0007F1CBFB2B0F5967F7FF61CAC5E4C0027EE
:107EC000A08B401CA083E0F75CFF012000F0E6FDE2
:107ED000022803D0208C401C20840BE4E08B401C43
:107EE000E0838AF807B005E41CB50446FCF793FE6E
:107EF00052490023CDE900414FF4006250A1AFF692
:107F00006920E4F746F91CBD10B58CB001210220B0
:107F1000E1F750F84D4C2046E0F7A0FC4FF4167006
:107F20000390102002904A48002101900A9180207D
:107F300005902020CDE90710464804910090801458
:107F40000691099069462046E0F7F5FC0CB010BD9B
:107F500070B5404D04462D1F012280212846E2F7CE
:107F600080F82146394C2046E0F722FD01212046C9
:107F7000E0F70BFD384E3046E0F71FFD0028FAD041
:107F80003046E0F728FD00212046E0F7FEFC2846B9
:107F9000BDE8704000228021E2F763B810B50C46BE
:107FA0000A4601462A4810F009FE2046FFF7D0FF96
:107FB00010BD70B5002529488CB02C4605700226EE
:107FC00001E0E0F7DEFE7B220223114624A00096AA
:107FD00000F070FA20B92046641CE4B20528F0D302
:107FE000DB208DF800008DF8015004208DF8020090
:107FF000FA208DF8030001208DF804508DF805005B
:108000008DF8085030228DF806508DF809008DF853
:1080100007500A2069460D54401CC0B29042FAD362
:108020000223002000F0AAFF0CB070BD8F01006099
:10803000302C04609A200020B40202601802006014
:10804000574946495F7461736B0000005804024051
:10805000BC340460044C00400000021006020060C2
:108060003137362E3232312E34322E313235000055
:10807000F0B5002504460B462E460A2A02D00E70A3
:108080001846F0BD002C1ED006DA4FF02D001870F7
:1080900001F10103C4F1000442F210704FF00A072D
:1080A00094FBF0F252EA050C06D002F1300503F819
:1080B000015B02FB1044012590FBF7F00028EFDC88
:1080C0001E700846F0BD302018704B1CF8E70FB446
:1080D0007FB506460AAC0FE05C2914D000F1010020
:1080E000252909901DD03046E1F7EFFF8021304669
:1080F000E2F74CF80028F9D0099801780029EBD173
:108100007FBC5DF814FB401C099001786E2903D0F8
:1081100072291BD10D2100E00A213046E1F7D5FF7D
:1081200013E00178642914D073290FD120CC09E021
:108130003046E1F7CAFF80213046E2F727F80028F1
:10814000F9D06D1C29780029F2D10998401C0990BA
:10815000CCE701CC0A226946FFF78AFF6D4609E0A9
:108160003046E1F7B2FF80213046E2F70FF80028F1
:10817000F9D06D1C29780029F2D1E6E730B501214C
:1081800087B0C804E0F728FF01211020E0F71BFFAB
:108190004FF48060ADF8100018208DF81300032014
:1081A000F74C8DF8120004A92046E0F706FDE11413
:1081B000ADF8101004218DF8131004A92046E0F743
:1081C000FCFC00244FF4E1300090ADF808400C2096
:1081D000EC4DADF80440ADF80A00ADF80640ADF83E
:1081E0000C4069462846E1F7A7FE012240F22551DE
:1081F0002846E1F71EFF012240F224412846E1F71C
:1082000018FF34208DF814008DF815408DF81640B5
:1082100001208DF8170005A8E0F731F90121284663
:10822000E1F7FDFE07B030BD38B510208DF8030032
:1082300003208DF8020001212020E0F7C4FE042075
:10824000D14CADF8000069462046E0F7B6FCFFF7D8
:1082500095FFFFF759FE2046BDE838400421E0F7BE
:1082600016BD2DE9F0411746884602461D46C7A1B6
:10827000C448FFF72CFF58EA070035D0C54EB6F8C2
:1082800000046FF30E00A6F8000496F8010420F035
:10829000800086F8010400243220B5FBF0F085B29E
:1082A00004E03220E5F7C9FBE0F76BFD96F8010426
:1082B000000604D42046641CA4B2A842F1D3B6F848
:1082C00000140020C1F30E017054B8F1000005D075
:1082D000014627B1AF4810F095FC28B93946AD48A2
:1082E00010F090FC002800D00120BDE8F08140F69D
:1082F000C41328B1012807D0022809D000207047F4
:10830000A5A2A8A1A8A006E0A3A2A6A1A9A002E0F8
:10831000A1A2A4A1AAA0A4E700B59FB00B46024663
:10832000AAA1684611F06EFF41F2883300229DA198
:108330006846FFF796FF1FB000BD00B59FB00B4623
:108340000246A7A1684611F05DFF41F28833002282
:1083500094A16846FFF785FFEDE72DE9F041CEB027
:1083600064210AA810F043FCA34D002441AE281953
:1083700006EB840190F86A000A22FFF779FE641C7C
:10838000E4B2042CF3D3002445AF281907EB840191
:1083900090F86E000A22FFF76BFE641CE4B2042C16
:1083A000F3D300240DF59278281908EB840190F896
:1083B00072000A22FFF75CFE641CE4B2042CF3D3C3
:1083C00048A847A9CDE9081046AACDE906724CA8ED
:1083D0004BA9CDE9041044A843A94AAACDE900104D
:1083E000CDE90282331D41AA84A10AA811F00AFF37
:1083F0000AAA8DA123A811F005FF4FF47A63002289
:1084000068A123A8FFF72DFF4EB06EE700B59FB01F
:108410000B460092024689A101A811F0F3FE4FF429
:108420007A7300225FA101A8FFF71BFF83E700B565
:1084300085B008B1012200E0002286A1684611F053
:10844000E1FE4FF4FA73002256A16846FFF709FFD8
:1084500005B000BDF0B5B9B00F4604461E4615463E
:10846000642101A810F0C3FB14B1012C0BD103E06F
:108470003B467CA2009502E03B467BA200957BA197
:1084800001A811F0BFFE052E06D201AB32467BA13A
:108490001AA811F0B7FE04E001AA7DA11AA811F0F4
:1084A000B1FE4FF47A637EA23EA11AA8FFF7D9FE6F
:1084B00039B0F0BD2DE9F041BAB00C4680461E46F9
:1084C0001546642103A8409F10F091FB8DE87000D1
:1084D000434665A276A103A811F094FE052F06D2AB
:1084E00003AB3A4665A11CA811F08CFE04E003AA78
:1084F00067A11CA811F086FE4FF47A6368A229A137
:108500001CA8FFF7AEFE3AB0EFE610B59EB04FF4F0
:10851000FA740B4608B1012200E0002269A1684606
:1085200011F070FE234600221EA16846FFF799FE57
:108530001EB010BD10B54FF4FA73002219A166A049
:10854000FFF78FFED8B168A1124810F05BFB08B1AD
:10855000022010BD67A10F4810F054FB08B10320A2
:1085600010BD67A10B4810F04DFB08B1042010BDF1
:1085700066A1084810F046FB08B1052010BDCBE00D
:1085800000100140004C00400014014025730D0A0A
:1085900000000000E04300206E6F206368616E679A
:1085A000650000004F4B000041542B43574D4F4492
:1085B000453D310041542B43574D4F44453D32001A
:1085C00041542B43574D4F44453D330041542B43B9
:1085D000574A41503D222573222C22257322000048
:1085E00041542B43574A41505F4445463D22257331
:1085F000222C2225732200009C9E03602225732ECC
:1086000025732E25732E2573222C2225732E257378
:108610002E25732E2573222C2225732E25732E25AD
:10862000732E25732200000041542B4349505354AC
:10863000415F4445463D25730000000041542B43F3
:10864000575341503D222573222C222573222C3171
:108650002C25640041542B4349504D55583D256409
:10866000000000005443500055445000222573225E
:108670002C222573222C25730000000041542B432B
:10868000495053544152543D25642C257300000039
:1086900041542B43495053544152543D25730000DB
:1086A000414C5245415920434F4E4E4543540000E2
:1086B000222573222C222573222C25642C25642C40
:1086C0002564000041542B434950534552564552AE
:1086D0003D25642C2573000041542B4349505354CD
:1086E00041545553000000005354415455533A32FD
:1086F0000D0A00005354415455533A330D0A0000FB
:108700005354415455533A340D0A000053544154C4
:1087100055533A350D0A0000062010BD10B500244F
:108720004FF4FA732246AFF28411AFF25400FFF710
:1087300098FD002821D0FAA1FD4810F063FA00B19D
:108740000124FCA1FA4810F05DFA08B144F00204DB
:10875000FCA1F74810F056FA08B144F00404FDA15A
:10876000F34810F04FFA08B144F00804FDA1F048B6
:1087700010F048FA08B144F01004204610BD2DE96D
:10878000FC41C82306460022AFF2E811F9A0FFF72A
:1087900068FD00252C46FBA1E54810F033FA0028BF
:1087A00034D000F10B0300206F46195C3A2902D047
:1087B000052D0DD00EE0022C06D19DF801109DF87C
:1087C000002001EB021171556D1CEDB200240FE089
:1087D000222911D0A1F13002092A01D83A5505E029
:1087E000A1F16102052A03D857393955641CE4B256
:1087F000401CC0B22828D8D3022C06D19DF8010015
:108800009DF8001000EB011070550120BDE8FC81BF
:1088100010B592B0817844790379C2788DE81E0052
:1088200043780278DBA104A811F0ECFC4FF47A73D2
:108830000022AFF2902104A8FFF713FD12B010BD83
:1088400038B54FF4FA730022AFF2A821DBA0FFF78E
:1088500008FD0024DDA1B64810F0D4F918B10021BC
:10886000DD4D0C3007E0DDA1B14810F0CBF9002858
:1088700000D0022038BD425C222A2ED02B19641C65
:10888000491CC9B29A72E4B23C29F4D33C292AD0DB
:108890000028EFD000211530425C2C2A20D0491C42
:1088A000C9B20529F8D305291DD000210A466C4616
:1088B000835C5BB12D2B18D0303B092B02D863545D
:1088C000491CC9B2521CD2B2052AF1D301290ED0DB
:1088D00002290FD0032916D023E00844401CD5E715
:1088E0000844401CDFE7002038BD0021EAE79DF87E
:1088F000000015E09DF800009DF8011000EB8000DD
:1089000001EB40000CE09DF80010642041439DF80D
:10891000010000EB800001EB40009DF802100844CC
:108920002872012038BD2DE9FE4316464FF4FA792E
:108930000F4680464B460022AFF29831A9A0FFF7C0
:1089400090FC00252C46AAA1794810F05BF900287C
:1089500072D00021C01D33E0425C2E2A02D0032DCC
:1089600025D026E0012C04D0022C05D0032C0CD0FD
:1089700019E09DF8002015E09DF800209DF80130D9
:1089800002EB820203EB42020CE09DF8003064220D
:1089900053439DF8012002EB820203EB42029DF853
:1089A00002301A447A556D1CEDB2002406E0222AEA
:1089B00008D0303A0DF80420641CE4B2491CC9B256
:1089C000B142C9D3012C04D0022C05D0032C0CD009
:1089D00019E09DF8000015E09DF800009DF80110D9
:1089E00000EB800001EB40000CE09DF800106420DB
:1089F00041439DF8010000EB800001EB40009DF831
:108A00000210084478554B460022AFF2684159A045
:108A1000FFF727FC00252C465AA1454810F0F2F834
:108A2000002839D0002201AF0B3026E0815C3A29C2
:108A300003D0052D0FD010E02EE0022C07D19DF8B9
:108A400005109DF8043001EB031108F805106D1CAA
:108A5000EDB200240FE0222911D0A1F13003092B3F
:108A600001D83B5505E0A1F16103052B03D8573927
:108A70003955641CE4B2521CD2B2B242D6D3022C95
:108A800007D19DF805009DF8041000EB011008F8CF
:108A90000500FFF7D5FE0120BDE8FE832DE9FF4765
:108AA00080464FF47A730022AFF2085152A0FFF7CC
:108AB000D8FB00268DF802608DF801603446B1467F
:108AC0008DF8006050A11A4810F09CF800281FD0C3
:108AD000002101AB6D46401D425C2E2A19D0032EA9
:108AE00001D3222A09D0022C14D8303A2A55641C0A
:108AF000E4B2491CC9B22829EED3DFF814A1282911
:108B000009D0012C08D0022C07D0032C06D0C6E0D7
:108B100074E17FE03BE1A2E0A7E0A9E0B1E0000062
:108B20002B4349505354415455533A302C000000C4
:108B3000E04300202B4349505354415455533A319C
:108B40002C0000002B4349505354415455533A32A2
:108B50002C0000002B4349505354415455533A3391
:108B60002C0000002B4349505354415455533A3480
:108B70002C00000041542B4349505354414D414374
:108B80003F0000002B4349505354414D41433A228A
:108B90000000000041542B4349505354414D414380
:108BA0005F4445463D2225783A25783A25783A258E
:108BB000783A25783A2578220000000041542B436A
:108BC000574A41505F4355523F0000002B43574ADC
:108BD00041505F4355523A009C9E03606275737921
:108BE0000000000041542B4349465352000000004E
:108BF00053544149502C220041542B434950535463
:108C0000415F4355523F00003A69703A220000002C
:108C1000B4020260012C04D0022C05D0032C0CD02D
:108C200019E09DF8002015E09DF800209DF8014016
:108C300002EB820204EB42020CE09DF80040642249
:108C400054439DF8012002EB820204EB42029DF89E
:108C5000024022449A55761CF6B2002449E7BAF83D
:108C60003010491CAAF8301020E19DF8000015E0F2
:108C70009DF800009DF8011000EB800001EB400022
:108C80000CE09DF80010642041439DF8010000EBCA
:108C9000800001EB40009DF8021008449855F94E01
:108CA000B8F1000F1BD09DF8041096F86A008142BD
:108CB00011D19DF8050096F86B1088420BD19DF8F4
:108CC000060096F86C10884205D19DF8070096F8CA
:108CD0006D10884206D00198C6F86A0022E101981A
:108CE000C6F86A008DF8029000278DF801903C4686
:108CF0008DF80090E4A1E7480FF084FF00287DD0B4
:108D0000002102AB0A30425C2E2A16D0032F01D379
:108D1000222A09D0022C3AD8303A2A55641CE4B2EF
:108D2000491CC9B22829EED328292BD0012C2FD0D9
:108D3000022C30D0032C37D044E0012C04D0022C7C
:108D400005D0032C0CD019E09DF8002015E09DF80B
:108D500000209DF8014002EB820204EB42020CE08D
:108D60009DF80040642254439DF8012002EB8202EA
:108D700004EB42029DF802402244DA557F1CFFB208
:108D80000024CDE7BAF83210491CAAF832108DE061
:108D90009DF8000015E09DF800009DF8011000EB23
:108DA000800001EB40000CE09DF80010642041437E
:108DB0009DF8010000EB800001EB40009DF80210DF
:108DC0000844D855B8F1000F1DD09DF8080096F85A
:108DD0007210884211D19DF8090096F873108842EC
:108DE0000BD19DF80A0096F87410884205D19DF8C1
:108DF0000B0096F87510884208D000E057E0029802
:108E0000C6F872008EE00298C6F872008DF80290E3
:108E100000278DF801903C468DF800909EA19D485A
:108E20000FF0F0FE002842D0002103AB0A30425C74
:108E30002E2A16D0032F01D3222A09D0022C35D88E
:108E4000303A2A55641CE4B2491CC9B22829EED331
:108E500028292BD0012C2DD0022C2ED0032C35D03C
:108E600042E0012C04D0022C05D0032C0CD019E0D8
:108E70009DF8002015E09DF800209DF8014002EBD0
:108E8000820204EB42020CE09DF80040642254434D
:108E90009DF8012002EB820204EB42029DF80240A1
:108EA0002244DA557F1CFFB20024CDE7002004B035
:108EB000BDE8F0879DF8000015E09DF800009DF8E2
:108EC000011000EB800001EB40000CE09DF8001069
:108ED000642041439DF8010000EB800001EB40015C
:108EE0009DF802000844D855B8F1000F1CD09DF839
:108EF0000C0096F86E10884211D19DF80D0096F87E
:108F00006F1088420BD19DF80E0096F870108842C1
:108F100005D19DF80F0096F87110884207D003988C
:108F2000C6F86E000220C2E70398C6F86E00012062
:108F3000BDE710B54FF4FA7423460022AFF69C113A
:108F400058A0FFF78EF9002808D0234659A2AFF6A3
:108F5000AC11BDE8104058A0FFF783B910BD10B5A3
:108F60004FF47A70E4F769FD56A15748FFF7AFF860
:108F7000BDE810404FF4FA70E4F75FBDF0B50E465F
:108F8000002440F22621ADF5177D1F4615468A4282
:108F900021D850B13246AFF6FC014B48FFF797F8A5
:108FA0000220E4F74AFD01242DE0052F06D21346E6
:108FB0003A4646A1684611F025F903E048A1684603
:108FC00011F020F968460FF02FFE0104090C02D0C1
:108FD000B1F5077F03D900200DF5177DF0BD684678
:108FE000FEF7DCFF0220E4F728FD29463046FEF7B5
:108FF000D5FF0120E4F721FD2648B0F800146FF3F7
:109000000E01A0F800142046E6E72DE9F041214DBD
:1090100007460026B5F800046FF30E00A5F800041B
:1090200095F8010420F0800085F8010440F2024127
:1090300028460FF0DCFD002404E00A20E4F7FDFCE4
:10904000DFF79FFE95F80104000604D42046641C57
:10905000A4B26428F1D3B5F800140020C1F30E01C6
:1090600068540FB10B4E09E021A10A480FF0CAFD68
:1090700020B11FA107480FF0C5FD06463046BDE8E8
:10908000F08100009C9E03603A67617465776179A6
:109090003A220000E04300203A6E65746D61736B04
:1090A0003A22000041542B4349504D4F44453D3135
:1090B000000000003E00000041542B43495053453E
:1090C0004E4400002B2B2B00004C004041542B43FE
:1090D000495053454E443D25642C25640D0A00003B
:1090E00041542B43495053454E443D25640D0A00DD
:1090F0002B495044000000004D49C0EBC00010B5A2
:1091000001EB40010E224B480FF058FD4948D0F8C2
:109110000500BDE810400047704710B50020E4F797
:1091200032F843491839486101200870BDE8104001
:109130000020E1E7704708B53226FFF7EEFF642014
:10914000E4F77BFC3A4C3B4D4FF0FF37183C394677
:109150006069E4F7DFF8012838D13748002314228A
:1091600069460068E4F749F801280CD1D5F80110E8
:10917000BDF800008847687B10B1E3F727FBE0608B
:10918000D5F809008047207801281CD1A078401C20
:10919000C0B2A0700A2804D3D5F809008047002087
:1091A000A070687B78B1E3F711FB2061E168411A98
:1091B000687B00EB4002C2EBC010B1EBC00F02D3E2
:1091C0000020FFF799FF6069E3F7EFFF3046E3F710
:1091D00056F9BCE716490020183948707047144901
:1091E00010B51839C87801280FD10879134A10F042
:1091F000010F00F10100C0B208714FF0000405D06A
:10920000C2F88041322800D9CC7010BD0123C2F8C9
:109210008031F7E71CB506494FF4C0721039CDE92B
:109220000001002306A1AFF2F100E2F7B2FF1CBD7E
:10923000F4210020E2470020F42000200000214219
:109240004D656E755461736B0000000030B5C1EB65
:10925000C10404EB41110023FD4C1A460D19A91855
:10926000497DA1F120045F2C01D3012300E003B16B
:1092700020218154521CD2B2082AF0D3002101725D
:1092800030BDF44A10B592F8FF3092F8FE20521E1D
:10929000D2B2012B03D013B1022B03D006E0402A37
:1092A00002D303E0802A01D2012400E00024002C34
:1092B00001D14FF0FF03037001D14FF000020A709B
:1092C00010BD70B50120E24D0346002103EB4304BD
:1092D0006218D2B2C2EBC20606EB42122A44527D99
:1092E00032B1202A04D0FF2A02D0581CC0B203E0B9
:1092F000491CC9B20329EBD35B1CDBB2082BE4D3B6
:1093000070BD2DE9FC41FFF7DCFFD34E0446F07938
:10931000A04201D30020F07101F0A5F941F2061737
:109320004FF6FF75CDE900578046CCA36E228A2107
:109330000120F0F7C6FFCDE90057C8A399228A2182
:109340000120F0F7BEFFCDE90057C4A3C4228A2153
:109350000120F0F7B6FF4146C248FFF777FF08F15A
:109360000100C1B2BF480930FFF770FF08F10200E9
:10937000C1B2BC481230FFF769FF83272B46B94AB8
:10938000722102200097F1F7BBF8B64A2B4609324A
:109390009D2102200097F1F7B3F8B24A2B46123212
:1093A000C82102200097F1F7ABF82146F079F1F7D8
:1093B0008DFCF079BDE8FC41F1F7BABCFEB5832025
:1093C000F0F7AEFDA44C0027611DE77127726772AC
:1093D000E77027716771A771481EFFF752FFA14818
:1093E00083264FF6FF7540F81B7F9FA347600781D8
:1093F000A771CDE9005600220A210120F0F761FF94
:10940000CDE900569CA332220A210120F0F759FF32
:10941000CDE9005694A324220A210120F0F751FF40
:10942000CDE9005690A341220A210120F0F749FF1F
:109430002079012803D058B1022810D019E06079B2
:10944000C0EBC00101EB00108F4901EB40000DE0C3
:1094500060798E49C0EB001000EB400005E06079B8
:10946000C0EBC00101EB401079490844153001F010
:1094700000F9ED21CDE9001541F20610002302901C
:109480001A462421F020F1F79AF882498048642294
:10949000086069218620F1F7BAFE642294218620B3
:1094A000F1F7B5FE6422BF218620F1F7B0FEFFF789
:1094B00028FF794C0021C1EBC10202EB0112002010
:1094C00004EBC203C0EBC00202EB00129D5CFF2D57
:1094D00000D19F54401CC0B20828F3D3491CC9B224
:1094E0000429E8D3FEBD70B50546144608460FF0C2
:1094F000E3FFB5B1012D18D0022D1AD0032D1CD0D9
:10950000042D1ED0052D20D0062D02460B4620D05E
:1095100062A1204610F076FE0020215C20291ED199
:1095200019E00B4602465EA1F3E70B4602465EA138
:10953000EFE70B4602465EA1EBE70B4602465EA153
:10954000E7E70B4602465EA1E3E70B4602465EA153
:10955000DFE75FA1DDE7401CC0B20928DDD3C0F121
:109560000901CAB2A0EB5001CBB2002105E04518B9
:109570005E18655D491CA555C9B29142F7D398188C
:10958000C0B2202102E02154401CC0B20928FAD305
:1095900070BD2DE9F04F87B001F065F80746014630
:1095A00003A8FFF753FE082203A92E480FF04DFB36
:1095B0002C4E83244FF6FF7568B1039830600498F1
:1095C00070609DF8140030722B46324672210220E2
:1095D0000094F0F795FF07F1010909F0FF0103A8D6
:1095E000FFF734FE1F48082203A909300FF02DFBB6
:1095F00080B10398C6F809000498C6F80D009DF8DC
:1096000014007074174A2B4609329D2102200094E1
:10961000F0F776FF07F1020808F0FF0103A8FFF753
:1096200015FE1048082203A912300FF00EFB70B18E
:10963000039846F8120F049870609DF81400094AC8
:1096400030721232C8212B460220009444E045E0DB
:10965000BE1D02607A0D02602002006020202020E2
:1096600000000000F04700202020202020202020A3
:10967000202020202020000020202020202020202A
:1096800020202020000000003653002034C3046056
:10969000DC000060D8000060183D02602566000014
:1096A00025392E306600000025392E316600000075
:1096B00025392E326600000025392E336600000061
:1096C00025392E346600000025392E35660000004D
:1096D00025392E3666000000F0F712FF39460120CA
:1096E000F1F705F809F0FF010220F1F700F808F0A2
:1096F000FF010320F0F7FBFFDFF858B49BF85B0095
:1097000030B14FF48976012807D0022811D02DE01E
:10971000F1F75EFBF1F7A2FA28E041F20610AFF292
:10972000A803CDE90050ED2200210120F0F7C9FD8A
:1097300001E0F1F74DFBCDE90064062300222D2165
:1097400048200294F0F73BFFCDE900645423002247
:109750002D2148200294F0F732FFCDE90064A223C6
:1097600000222D2148200294F0F729FF694601A824
:10977000FFF787FDF8499DF804004FF0010A0A79C8
:10978000824204D14A799DF800309A4205D008718E
:109790009DF80000487181F806A091F804904E7978
:1097A00088798846002728B388F80670AFF24813F6
:1097B000CDE9005400220A210120F0F782FDAFF22A
:1097C0004813CDE9005432220A210120F0F779FD37
:1097D000AFF26C13CDE9005424220A210120F0F7E6
:1097E00070FDAFF27C13CDE9005441220A21012023
:1097F000F0F767FD64224FF47A71B9F1010F06D0DA
:10980000B9F1000F70D0B9F1020F6ED076E0C6EB5F
:10981000C600D24B00EB061003EB400696F828007A
:10982000012821D088F803A098F80500C0EBC001FA
:1098300001EB001003EB4000153000F01AFFCDE9FA
:109840000054C74B00221E210120F0F7E9FD96F8D5
:109850002600002896F82D007ED0012833D002285B
:109860007BD0032825D026E088F8037096F82D00D9
:10987000042804D0032809D01B280ED012E0D6F803
:109880001E0090FBF2F001B20122BDE0D6F81E00EE
:1098900090FBF2F001B20022B6E0D6F81E0090FB79
:1098A000F2F0C7E0D6F81E00642290FBF1F001B29E
:1098B000AAE0ACA308E004287ED005287DD00A28C1
:1098C0007CD00B287BD0BAE0322211E0022877D07E
:1098D000032876D0042875D0052874D00A2873D0C0
:1098E0000B2803D0A1A3EFE70FE043E0A0A30022E1
:1098F000CDE900540A210120F0F7E3FC98F80800B4
:10990000464600287ED01421B0E0C6EB06109949E7
:1099100000EB4000461896F82300012824D088F870
:1099200003A098F80500C0EB001000EB40000844CD
:10993000153000F09EFECDE90054894B00221E2117
:109940000120F0F76DFD96F82500002896F9280013
:109950000DD0012873D001E009E06FE0022870D03B
:109960000328A8D184A3AFE788F80370C6E70128CD
:10997000B8D0ABE7C6EBC600814B00EB4610C6186B
:1099800096F82300012824D088F803A098F8050051
:10999000C0EBC00101EB40101844153000F069FE27
:1099A000CDE900546E4B00221E210120F0F738FD56
:1099B00096F82400002808E045E046E047E048E04B
:1099C00049E04AE04BE04CE04DE096F82600C0D17B
:1099D000CDE788F8037096F8260002283FF44FAFD1
:1099E00001283FF453AF052812D0042817D01728B8
:1099F0001CD018287FF442AFD6F81E0090FBF1F07F
:109A000001B200E031E002220020F1F77AFE75E7B2
:109A1000D6F81E00052290FBF1F001B2F4E7D6F86B
:109A20001E00042290FBF1F001B2EDE7D6F81E0013
:109A300090FBF1F001B20622E6E700E001E051A35D
:109A400042E751A340E752A33EE753A33CE754A3A8
:109A50003AE754A338E755A336E756A334E757A3AC
:109A600032E759A330E75AA32EE70521B0788142A7
:109A700002D2377037720CE0401CB070307842F27E
:109A80000B28012809D0022814D003282FD004283D
:109A900055D0F07801285BD09EE0F078012806D1FF
:109AA000CDE900542E4B00221E21F0F7B9FCCDF871
:109AB000008092E0F078012806D1CDE90054284BCF
:109AC00000221E21F0F7ACFC254A2B461B3A7221DE
:109AD00002200094F0F714FDCDF80080204A2B46B8
:109AE000123A9D210220F0F70BFD00941BE0F07864
:109AF000012806D1CDE90054194B00221E21F0F7B0
:109B00008FFC174A2B461B3A722102200094F0F773
:109B1000F7FC134A2B46123A9D2102200094F0F7DD
:109B2000EFFCCDF800800E4A2B46093AC8210220EE
:109B3000F0F7E6FC9BF823000B2860D061E0F0789A
:109B4000012849D1CDE900580022054B1E2153E0E0
:109B50004BE000009C3A00202002006036530020B9
:109B60000B48002053545241540000004F46460019
:109B70004C4F570034C3046053544152540000000A
:109B8000BE1D02604F4E00004F50454E00000000C9
:109B9000454E41424C454400414C41524D0000006D
:109BA0004F4343004849474800000000434C4F538F
:109BB0004544000053544F500000000044495341B5
:109BC000424C4544000000004E4F524D414C0000B5
:109BD000554E4F434300000000942B46FB4A722130
:109BE0000220F0F78DFC009478E7F84BCDE90054A3
:109BF0001B3300221E210120F0F712FCECE700F0DD
:109C000045FDF349887802281BD005282FD0062867
:109C10002DD0F04A00230097CDE901541A210846BF
:109C2000F0F783FCDFF8B0934FF01C0899F80000C0
:109C3000F0B3B07A10F0010F00F10100B0721AD049
:109C400024E0087A462803D20023E44A0097E3E799
:109C5000502803D20023E24A0097DDE75A284FF04C
:109C60000003009701D2DF4AD6E7DF4AD4E700239A
:109C7000DE4A0097D0E7CDF80080CDE901540023FB
:109C8000DB4A1A210D20F0F750FC09E0CDF80080E6
:109C9000CDE9015400231A461A210D20F0F78FFC5C
:109CA000DFF850A39AF8000088B3B07AC00700E04C
:109CB00013E000D0F772F07A10F0010F00F101000C
:109CC000F0720CD0CDF80080CDE901540D23CA4AC2
:109CD0001A211846F0F729FC0BE0B772D6E7CDF849
:109CE0000080CDE901540D2300221A211846F0F717
:109CF00066FC99F8001009B189F800709AF8001014
:109D0000002901D08AF8007007B0BDE8F08FFFE7A6
:109D1000F772E4E70246C2EBC20303EB0212B74B51
:109D20000020014603EBC202C1EBC10303EB0113A8
:109D3000D35C002B05D0401C491CC9B2C0B2082915
:109D4000F2D370472DE9F05F0F46AD4981460026FA
:109D50000878AC4C15464FF0010B4FF47A7A042882
:109D600022D0401E8846022878D800F07CFC98F863
:109D700000100844C0EBC00101EB4010044414F88B
:109D8000010C273C6538022869D8C1B288460846CC
:109D9000FFF7C0FF994BC8EBC80707EB0811002578
:109DA000524603EBC10751E0002A57D1C878012879
:109DB00054D1934881F806B009794079012903D03C
:109DC000022911D0F1B192E0C0EBC00101EB00110A
:109DD0008D4800EB410090F8261019B1002180F861
:109DE000261084E00121FAE7C0EBC00101EB40102E
:109DF000204490F8241019B1002180F8241076E056
:109E00000121FAE7C0EB001101EB41027F490A444E
:109E100092F8251039B1002182F8251001B1514680
:109E2000EEF763FD63E00121F6E7D4F81E10C5EB01
:109E3000C50391FBF2F103EB05133B44B3F8153076
:109E4000994201D12E4603E06D1CEDB28542ECD360
:109E5000B9F1000F28D0761CF5B210E04DE026E0F5
:109E60002946404600F035FC38B1C5EBC50000EB93
:109E700005103844B0F8150011E06D1CEDB2082D46
:109E8000EED334E0751EE9B2404600F022FC50B13A
:109E9000C6EBC60000EB0610384430F8020C4FF455
:109EA0007A7148431CE0EEB2002EEBD11FE094F82B
:109EB000230048B1B9F1000F15D0D4F81E00544961
:109EC00088420CDA38440BE0002D16D194F82400B7
:109ED00018B1002084F8240009E00120FAE70020EE
:109EE000C4F81E0003E054F81E0FC01B206049494F
:109EF00081F802B0484981F800B0BDE8F09F70B524
:109F0000C0F30121C0F3802201290AD04FF47A71F5
:109F10003B4C00252346A5702678DB78042E03D021
:109F200006E042F21071F3E7012B01D02570257293
:109F3000C0B20A2815D2DFE800F014290514151460
:109F40001414377A207A08B101200EE0207830B15D
:109F5000042804D0012801D0401E10E093B903204A
:109F6000207070BD207A18B10020BDE87040E9E68D
:109F7000207830B1032804D0042805D0401CC0B29A
:109F8000EEE70BB10420EBE70120E9E7207830B1E0
:109F9000002AE6D1207A28B10020207270BDE07935
:109FA000401C3DE00120F8E7207828B1002AF5D1D7
:109FB000207A50B1257270BDFFF783F9E17909B1BC
:109FC00081422BD3401EC0B22AE02EE0F047002091
:109FD0009C9E0360E4370508052100207C1D0508D0
:109FE000C42205080C280508542D05089C320508D4
:109FF0003418050804210020D81A0508183D02600D
:10A0000020020060BE1D02603653002034C304608D
:10A01000583E0F006A1903608A210020491EC8B209
:10A02000E071BDE87040FFF76CB9257070BD257216
:10A03000BDE870400120FFF75FB82DE9F05F804672
:10A04000002500F010FB0446FA4890F823000B2886
:10A0500027D0DFF8E4E3DFF8E4B30023DFF8E0C360
:10A06000F84AF948DFF8E493F94901264FF47A7782
:10A07000B8F1080F77D018DCB8F1000F74D0B8F140
:10A08000010F72D0B8F1020F21D0B8F1040F6BD1DB
:10A090009A468B700B78A3F10108B8F1020F7CD9B6
:10A0A000D3E04046BDE8F05F29E7B8F1090F75D06D
:10A0B000B8F5817F73D0B8F5827F55D19A468B7001
:10A0C0000B78A3F10108B8F1020F69D9BDE08B70DC
:10A0D00091F80080C246A8F10108B8F1020F7DD8BE
:10A0E00004EB0A02C2EBC20808EB4212024412F867
:10A0F000018CA8F16508B8F1020F70D808F0FF00D4
:10A10000FFF708FEDFF848E3804600209EF80010C5
:10A11000E1462144C1EBC10202EB4112CA4911449C
:10A120001AE011F8013C51F8092CC3EBC30C0CEBFD
:10A13000031C09EBCC03C0EBC00C92FBF7F20CEB59
:10A14000001C6344A3F5A043B3F87D379A4201D1C4
:10A15000054603E0401CC0B24045E2D3CA46DFF8E2
:10A16000E892F0465AE063E255E270E298F80000A7
:10A170002044C0EBC00101EB401101EB090010F8D5
:10A18000010CC0EBC00101EB00110AEBC100C5EBF3
:10A19000C50101EB0517384403E02CE15EE28BE0DA
:10A1A000B2E1A0F591400EF03FFDA0B398F8000099
:10A1B0002044C0EBC00101EB401101EB090010F895
:10A1C000010CC0EBC00101EB00110AEBC1003844E7
:10A1D000A0F5A04090F88007FF2801E035E020E0DE
:10A1E0001AD098F800002044C0EBC00101EB4011E8
:10A1F000494411F8010CC0EBC00202EB00120AEB5B
:10A20000C200C5EBC50202EB05121044A0F5A04048
:10A21000B0F8940761E1FFE76D1CEDB2072DA5D3FF
:10A22000F5E112F8040C002870D052F8090C7045C2
:10A2300008DA00F57A70D5E002F8036CE7E102F87D
:10A24000033CE4E142F8093CE1E18E710B79012B1A
:10A2500003D0022B10D0EBB1D9E14879C0EBC0019B
:10A2600001EB001002EB400090F82610002970D09E
:10A27000002180F82610CAE14979C1EBC10202EB46
:10A280004111084490F8241000297CD0002180F866
:10A290002410BCE14879C0EB001101EB41024A44B3
:10A2A00092F8251000296FD0002182F8251001B105
:10A2B0003946EEF71AFBAAE18B7091F80080C2468E
:10A2C000A8F10108B8F1020FBFD804EB0A02C2EBF3
:10A2D000C20808EB4212024412F8018CA8F165088A
:10A2E000B8F1020F73D808F0FF00FFF713FDDFF895
:10A2F00060E1804600209EF80010E1462144C1EB59
:10A30000C10202EB4112504911441BE06DE011F80B
:10A31000013C51F8092CC3EBC30C0CEB031C09EBFB
:10A32000CC03C0EBC00C92FBF7F20CEB001C6344B7
:10A33000A3F5A043B3F87D379A4201D1054603E067
:10A34000401CC0B24045E2D3CA46DFF8FC90F0465C
:10A3500039E067E198F800002044C0EBC00101EB50
:10A36000401101EB090010F8010CC0EBC00101EB3A
:10A3700000110AEBC100C5EBC50101EB051738441C
:10A38000A0F5914001E04FE150E10EF04DFCC0B16D
:10A3900098F800002044C0EBC00101EB401101EB34
:10A3A000090010F8010CC0EBC00101EB00110AEB31
:10A3B000C1003844A0F5A04090F88007FF287FF442
:10A3C00010AF6D1CEDB2072DC4D320E1FFE712F8EA
:10A3D000040C50B152F8090C7045BFF633AF42F28D
:10A3E0001071084442F8090C11E112F8030C00281E
:10A3F0007FF425AF20E7E218C2EBC20303EB421261
:10A40000024412F8013C653B022B72D88246D8B256
:10A41000FFF780FCDFF838E0804600209EF800104F
:10A42000E1462144C1EBC10202EB411202EB0A01F9
:10A430002BE000009C3A0020583E0F006A19036090
:10A44000183D026036530020BE1D026034C3046014
:10A450002002006011F8013C51F8092CC3EBC30C39
:10A460000CEB031C09EBCC03C0EBC00C92FBF7F226
:10A470000CEB001C6344A3F5A043B3F87D379A426C
:10A4800001D1054603E0401CC0B24045E2D3D046AE
:10A4900077462AE038782044C0EBC00101EB401138
:10A4A00001EB080010F8010CC0EBC00101EB00113A
:10A4B00009EBC100C5EBC50101EB05110844A0F58E
:10A4C0009040AE380EF0B0FB68B138782044C0EB55
:10A4D000C00101EB4011414479E04FF47A725043DE
:10A4E00041F8090C93E06D1EEDB2002DD2D18EE043
:10A4F000FFE712F8040CE8B352F8090DA0F57A70E2
:10A5000084E002F803AC82E0E218C2EBC20303EB82
:10A510004212024412F8013C653B022B6ED882467F
:10A52000D8B2FFF7F7FBDFF8E8E1804600209EF89D
:10A530000010E1462144C1EBC10202EB411202EBE3
:10A540000A011CE011F8013C51F8092CC3EBC30CC3
:10A550000CEB031C09EBCC03C0EBC00C92FBF7F235
:10A560000CEB001C6344A3F5A043B3F87D379A427B
:10A5700003D100E050E0054603E0401CC0B2404576
:10A58000E0D35746F04636E098F800002044C0EB90
:10A59000C00101EB4010384410F8010CC0EBC001C1
:10A5A00001EB001109EBC100C5EBC50101EB051181
:10A5B0000844A0F59040AE380EF036FBC8B198F8CC
:10A5C00000002044C0EBC00101EB4010C11911F89C
:10A5D000010CC0EBC00202EB001209EBC200C5EB9C
:10A5E000C50202EB05121044A0F5A040B0F86607C2
:10A5F00073E76D1EEDB2002DC6D108E012F8040C11
:10A6000050B152F8090DA0F51C50103810604148A7
:10A610008BF80260067070E412F8030C00287FF4D7
:10A6200070AF09E6012124E6012130E601213CE674
:10A63000C8780128087804D0032804D2401C087088
:10A6400002E00428FAD30E704E708B7055E4C8797E
:10A65000401CC871BDE8F05FFEF753BEBDE8F05F77
:10A660000120FEF749BD2A48C07900EB4000C0B286
:10A6700070472949026841F81B2F42684A60007AF6
:10A680000872254900201B314872704770B5204D73
:10A69000287A18B12C780CB1032C00D90024687AE0
:10A6A000844215D040B100F028F801464BF69C6377
:10A6B00064228620F0F772FD4CB1204600F01DF8B0
:10A6C00001464FF2245364228620F0F767FD6C7236
:10A6D00070BDC0EBC00202EB0010104A02EBC000DC
:10A6E000C1EBC10202EB01110844407818B1FF2808
:10A6F00001D00120704700207047012803D00228B4
:10A7000003D0BF2070476920704794207047000035
:10A71000200200608A210020F0470020183D0260DE
:10A7200070B585488549864C0078012538B10128E7
:10A7300008D00022022809D003280FD00FE091F89A
:10A74000C50001E091F82C00A08008E091F82600F7
:10A75000092803D0012801D0A58000E0A280F0F7ED
:10A76000AAFBFCF790F8A57070BD10B5744C86B0CC
:10A770006078401C00F001006070C00704D0002029
:10A78000EFF7B9FD06B010BD6B4801786C488088C2
:10A79000E9B183224FF6FF7301291ED0022929D087
:10A7A0000329EFD1072801D90720A080A088654997
:10A7B000C0EBC0000844016802918188ADF80C101C
:10A7C0008079CDE900328DF80E0002AB18E001B2BD
:10A7D00020220020F0F78FFBD4E7052801D20520C6
:10A7E00002E0092801D90920A080A0885649C0EBC1
:10A7F000C000DFE7CDE9003208B154A300E055A363
:10A80000C22200210120EFF75CFDBBE72DE9F041FA
:10A810004B4B4A4D514C9A88D1B248B10126012880
:10A8200018D002282ED0032800D11970BDE8F0817D
:10A8300021710620FCF737FB49492079087085F81B
:10A84000F20085F8C50060790028EFD1BDE8F0413D
:10A8500008F034BA434F0920397085F82C10FCF702
:10A8600022FB3978ED20FCF71EFB3F48067094F878
:10A870002800022801D00028D8D1BDE8F0410020EE
:10A88000F3F773BF7AB10220988084F8280085F826
:10A8900026000020F3F769FF94F82800012807D06C
:10A8A000092805D007E09E8084F8286085F8266096
:10A8B000002009F03DFBF1F76AFF94F828101D20F5
:10A8C000FCF7F1FA0021E920FCF7EDFA2749002016
:10A8D000087027490880A9E770B5C4B21648254A10
:10A8E000174B0078092C00EB400102EBC10299885C
:10A8F00012D2DFE804F0111405110B11111112002E
:10A90000B2F91400884207DD491C04E0B2F91600D0
:10A91000884201DA491E998070BD012007E00228B3
:10A9200003D8FFF773FF002001E019700320BDE892
:10A930007040FEF7E1BB0000A70100607A0D0260E5
:10A940004822002022400508CE3F05084D4F4442D2
:10A95000555300004241434E455400009C3A0020AC
:10A96000BB0000600F210020032100209321002064
:10A97000940100606E3F050810B54849002008703A
:10A98000F0F799FABDE81040FBF77DBF444928B1C4
:10A99000012805D0022807D00020704708797047A9
:10A9A000404890F82C0070474879704730B53B48D4
:10A9B00085B0007878B183243A494FF6FF750128B5
:10A9C00012D002282FD003280CD1374837490078FD
:10A9D000C0EBC00017E0FFF7D9FF01B22022002032
:10A9E000F0F789FA05B030BD91F82C20501F0728E8
:10A9F00013D2DFE800F004040404041204002B491D
:10AA0000C2EBC20054390844016802918188ADF854
:10AA10000C1080798DF80E0003E025A102A80FF03C
:10AA2000F1FB02AB06E091F8260001280AD00928C4
:10AA300008D021A3CDE90054C22200210120EFF764
:10AA400040FCCFE71EA3F5E7B0E71549C0B291F887
:10AA500023100B2907D1022802D0042802D002E0DB
:10AA6000042000E002200D4A0928117814D2DFE802
:10AA700000F013100513091313130E00032904D259
:10AA8000491C01E009B1491E1170FBF7FCBE002012
:10AA900000E00220FEF730BB70470000A701006015
:10AAA0009C3A00207A0D02604822002022400508CE
:10AAB00076616C20256400004D4F444255530000E0
:10AAC0004241434E455400007FB58320EFF728FAFA
:10AAD000F74E83244FF6FF75F078307000207070C9
:10AAE00053208DF8080043208DF8090048208DF888
:10AAF0000A00F04802AB00220078CDE90054313062
:10AB00008DF80B0020208DF80C0050210120EFF76C
:10AB100087FC307880B1012810D0022810D003289B
:10AB200010D0042810D0052810D0062810D00728EF
:10AB300010D0082810D017E0DFA30EE0DFA30CE050
:10AB4000DFA30AE0DFA308E0DFA306E0DFA304E061
:10AB5000DFA302E0DFA300E0DFA3CDE90054182269
:10AB600050210120EFF75CFCCDE90054DBA330223B
:10AB700000210120EFF754FC42F20B26CDE90056EC
:10AB8000D7A3482200210120EFF74AFCCDE9005469
:10AB9000D2A3602200210120EFF742FCCDE900564C
:10ABA000CFA3782200210120EFF73AFCCDE9005431
:10ABB000CAA3902200210120EFF732FCCDE9005614
:10ABC000C7A3A82200210120EFF72AFCCDE90054F9
:10ABD000C2A3C02200210120EFF722FCCDE90056DC
:10ABE000BFA3D82200210120EFF71AFC7FBD2DE979
:10ABF000FF5FBC49AE4D4FF0830608784FF6FF77F4
:10AC000000F00100401C0870C00701D0B6A323E08B
:10AC1000287880B1012810D0022810D0032810D045
:10AC2000042810D0052810D0062810D0072810D0EE
:10AC3000082810D017E0A0A30EE0A0A30CE0A0A36A
:10AC40000AE0A0A308E0A0A306E0A0A304E0A0A35C
:10AC500002E0A0A300E0A0A3CDE9007618225021D5
:10AC60000120EFF7DDFBDFF848A20024A9460AF136
:10AC7000040A4FF00A0830250AF1200B8D480078AD
:10AC800000EBC0019C4800EB011199F8000001EBBA
:10AC9000001111F8140001EB440149780A2902D28D
:10ACA0008DF808500BE00C290DD84246B1FBF2F3A9
:10ACB00030338DF80830B1FBF8F308FB1311303155
:10ACC0008DF8091003E08DF808508DF809503A21ED
:10ACD0008DF80A100A2802D28DF80B500BE03B28A1
:10ACE0000DD84146B0FBF1F230328DF80B20B0FBAD
:10ACF000F8F208FB120030308DF80C0003E08DF8FC
:10AD00000B508DF80C5000208DF80D00CDE9007629
:10AD10000AEB840002AB42880BEB8400018801201F
:10AD2000EFF77EFB641CE4B2082CA7D3BDE8FF9FBD
:10AD300070B55F4CC1B20025207809290BD2DFE83D
:10AD400001F00A17050A0B0A0A0A1100082801D2A5
:10AD5000401C05E0257070BD08B1401E00E00820D1
:10AD6000207070BD8320EFF7DBF8E570022002E071
:10AD7000E07065700420BDE87040FEF7BDB91CB5F9
:10AD80004B4883214FF6FF72007888B1012811D01B
:10AD9000022818D0032818D0042818D0052818D065
:10ADA000062818D0072818D008280BD14AA302E09B
:10ADB00041A300E041A3CDE9002118225021012048
:10ADC000EFF72EFB1CBD3EA3F5E73EA3F3E73EA342
:10ADD000F1E73EA3EFE73EA3EDE73EA3EBE72DE966
:10ADE000FF5F4049DFF8C8E0DFF8C4A008784FF003
:10ADF0003A0700F00100401C0870C2072D483E4988
:10AE00004FF0000C4FF083084FF6FF790EF1040E5F
:10AE10004FF00A064FF0300514D000789AF8012060
:10AE200000EBC00001EB00109AF8001000EB0113DA
:10AE300022F00100195C184440780A287ED28DF86F
:10AE400008508FE01A4F0024C346F04624371948B3
:10AE5000007800EBC001284800EB01109AF80010C0
:10AE600000EB011111F8140001EB440149780A29A3
:10AE700002D28DF808500AE017290CD8B1FBF6F27F
:10AE800030328DF80820B1FBF6F206FB121130319A
:10AE90008DF8091003E08DF808508DF809503A211B
:10AEA0008DF80A100A2829D28DF80B5031E00000E5
:10AEB0004E220020482200204D6F6E005475730012
:10AEC00057656400547572004672690053617400DE
:10AED00053756E0045783100457832004F4E0000C2
:10AEE0004F464600492200202020202020202020FC
:10AEF0002020202020000000C88502603B280CD8BC
:10AF0000B0FBF6F130318DF80B10B0FBF6F106FB1B
:10AF1000110030308DF80C0003E08DF80B508DF8E7
:10AF20000C5000208DF80D00CDE9009B08EB84004B
:10AF300002AB428807EB8400018800E007E00120B3
:10AF4000EFF76EFA641CE4B2082C80D3EEE6172803
:10AF50000CD8B0FBF6F330338DF80830B0FBF6F3C5
:10AF600006FB130030308DF8090003E08DF808501F
:10AF70008DF809508DF80A700A2905D230318DF804
:10AF80000B508DF80C1012E03B290CD8B1FBF6F0F9
:10AF900030308DF80B00B1FBF6F006FB10103030AE
:10AFA0008DF80C0003E08DF80B508DF80C508DF8E7
:10AFB0000DC0D1074FF0200012D08DF80B008DF896
:10AFC0000C005008CDE900980EEB800102AB4A88D6
:10AFD000BB4901EB800001880120EFF721FAA5E6CB
:10AFE0008DF808008DF80900EBE7C0B209280BD2F4
:10AFF000DFE800F00A07070A070A0A0A050003202B
:10B0000000E00520FEF778B87047AE4810B5AC4AAE
:10B010000078AD4B243A00EBC00003EB0013104660
:10B0200051780078CC0703EB001021F0010102D029
:10B03000405C907010BD08444078FAE72DE9FF5F4E
:10B04000A249DFF87C92DFF878E20878A9F12009BC
:10B0500000F00100401C0870C2079A489A494FF05E
:10B060003A074FF0000C4FF083084FF6FF7B4FF08C
:10B070000A064FF03005A9F1040A14D000789AF8B6
:10B08000012000EBC00001EB00109AF8001000EB6B
:10B09000011322F00100195C184440780A286DD28F
:10B0A0008DF8085075E00024774686489AF801200C
:10B0B0000078D30700EBC001834800EB01109AF839
:10B0C000001000EB011010F8141000EB4400407861
:10B0D00009D0B4EB520F01D19AF802100A2808D215
:10B0E0008DF8085010E0B4EB520FF7D19AF8020037
:10B0F000F4E717280CD8B0FBF6F230328DF80820B0
:10B10000B0FBF6F206FB120030308DF8090003E0C8
:10B110008DF808508DF809503A208DF80A000A2958
:10B1200005D230318DF80B508DF80C1012E03B2910
:10B130000CD8B1FBF6F030308DF80B00B1FBF6F017
:10B1400006FB101030308DF80C0003E08DF80B502A
:10B150008DF80C5000208DF80D00CDE900B809EBFA
:10B16000840002AB428807EB840001880120EFF7DE
:10B1700057F9641CE4B2082C97D3D7E517280CD8EC
:10B18000B0FBF6F330338DF80830B0FBF6F306FB76
:10B19000130030308DF8090003E08DF808508DF869
:10B1A00009508DF80A700A2905D230318DF80B50FC
:10B1B0008DF80C1012E03B290CD8B1FBF6F03030C2
:10B1C0008DF80B00B1FBF6F006FB101030308DF857
:10B1D0000C0003E08DF80B508DF80C508DF80DC06D
:10B1E000D1074FF0200011D08DF80B008DF80C0026
:10B1F0005008CDE900B809EB80010EEB80004A88C9
:10B20000018802AB0120EFF70BF98FE58DF80800FC
:10B210008DF80900ECE72A4A30B4C0B20023243A82
:10B22000092812D2DFE800F01125051113111111C0
:10B2300021005078C007907802D03B2804D201E06A
:10B24000172801D2401C0CE0937030BC7047507836
:10B25000C007907802D030B1401E02E00028FBD138
:10B2600017209070F1E73B20FBE730BC0420FDF78E
:10B2700043BF1449144C50780978C50701EBC1014C
:10B2800004EB01140E4920F00105A1F12401097815
:10B2900004EB0111947805D04C550F2805D2401CC1
:10B2A000507003E029444C70F7E7537008490120BF
:10B2B0000870084908740848006830BCE1F7E6B92E
:10B2C0007222002048220020C88502604922002006
:10B2D0008A2100206A190360E421002010B5FF4C88
:10B2E00001202070E0F76CF908B12A2812D1FC483F
:10B2F000007808B102202070FA49002001F0FAF825
:10B3000020710020A070FF21F74A61702178A2F817
:10B310005210E07010BDF54890F8230001280FD0BE
:10B3200005280DD002280BD0062809D0042807D004
:10B33000072805D00C2803D0032801D0082804D101
:10B34000E6480078012800D1C8E770472DE9F04FA2
:10B3500085B00C460546302903D3012005B0BDE871
:10B36000F08F0A2601274FF030084FF031094FF0D7
:10B37000410A4FF0440B182C4FF01402DCA1684630
:10B380003DD20DF01BFC07EB54000A280AD3B0FB9A
:10B39000F6F130318DF80710B0FBF6F106FB110025
:10B3A000303003E08DF8078009EB54008DF8080079
:10B3B000E00721D08DF809B04FF47A70B5FBF0F1B9
:10B3C00030318DF80310B5FBF0F100FB1151642012
:10B3D000B1FBF0F130318DF80410B5FBF0F100FB5A
:10B3E0001150B0FBF6F030308DF80500B5FBF6F0EB
:10B3F00006FB105030302BE08DF809A0DCE70DF093
:10B40000DDFBA4F1180000EBD07107EB61000A2806
:10B410000ADB90FBF6F130318DF8071090FBF6F166
:10B4200006FB1100303003E08DF8078009EB610066
:10B430008DF80800E0071ED08DF809B054208DF873
:10B44000030049208DF804004D208DF805005F2091
:10B450008DF8060004EBC400A94900EBC41001EB11
:10B4600080001322694601F053F800287FF476AF7C
:10B470009A494C7072E78DF809A0DFE72DE9F04793
:10B48000964E82469946307815460C46022802D0E0
:10B490000120BDE8F087307908B10020F9E7DFF836
:10B4A0006482C821D8F80000E1F734FF0028F0D00A
:10B4B000012D12D0012000EB4400C5B27078A842E3
:10B4C0000DD029465046FFF741FF40B10024D8F87F
:10B4D0000000E1F76AFE2046DBE76000EDE705EBE0
:10B4E000C50000EBC511864800EB810449462046A3
:10B4F00001F083FA0027B0B129465046FFF726FF36
:10B500002046494601F079FA0500B07800F10100C3
:10B51000B07000D1B770B078052803D9B770052096
:10B52000E4F7CAFFA5B96D4B4FF4C875B770204654
:10B530000C332A46744901F08DF82A467249734843
:10B540000DF03CFB7249894502D1204601F04CFACE
:10B550000124BCE72DE9FF4F8246604883B00026F6
:10B560000178DDF840801F463546B146022905D0F6
:10B570000120C3F80090C8F8000009E0BAF1180FE4
:10B5800006D2DDE90412914202D88346007910B157
:10B59000002007B0E3E65B48C8210068E1F7BAFE87
:10B5A0000028F6D00AF11800C1B20020FFF7CEFE45
:10B5B0000446C7F800904FF400715348C8F8009053
:10B5C0000DF015FB3CB1002000904E480068E1F7FB
:10B5D000ECFD0098DDE71198C409B4F5005F04DBC9
:10B5E00048480068E1F7E1FDD2E70AEBCA0101EB48
:10B5F000CA10434901EB800043F2603108440190D6
:10B600006102019801F0F9F940B9344B4FF400722E
:10B610000C333D49019801F01DF810B10020009055
:10B6200058E011997F20A1F1010E00EBC412724580
:10B630004ED2D2B1344901EB80010968B9B3354B20
:10B64000DFF8D4C00B44634522D300EBC410401E86
:10B65000002801DD921E3A600120841E0646054640
:10B66000C8F80000CBF8089034E056EA050002D094
:10B67000012D04D009E04846C7F8009003E00AF124
:10B680000100C7F80090C8F800004FF0FF34E9E768
:10B69000059B994205D225B902F1010A0125CBF893
:10B6A0000890049B994200D216B1012E0AD00FE0F7
:10B6B00001263A60012D03D1AAEB0202C8F800204E
:10B6C000CBF80890012D03D1A81E0446CBF80890B2
:10B6D000401EAAD5641E93D520E0000094220020CD
:10B6E0001620002014370460B40202609C3A002047
:10B6F000303A2F202020202020202E62696E00006A
:10B70000423904609800006002A00460D80501601E
:10B71000708E010080F6B6A5815E9216DBF80800F7
:10B7200000287FF452AF01200090019801F05CF9ED
:10B730004BE72DE9FF5F634F934688463878022830
:10B7400003D0012004B0BDE8F09FBBF1010F0ED083
:10B75000012101EB4800C4B204F118000026C1B277
:10B760003046FFF7F3FD28B10D284ED0A5E04FEA93
:10B770004800F0E7ECF704FD5349054608445349F7
:10B780004FF0000988422CD2514850F82400810023
:10B7900004EBC40000EBC4124E4800EB820243F2FB
:10B7A00060301044824601F028F9D0B94A48454B30
:10B7B0004949C0F86E505046103304226E3100F0F3
:10B7C000E9FF58B1B878401CC0B2B870052808D954
:10B7D00087F802900520E4F76FFE02E087F80290F8
:10B7E000012604EBC40000EBC4113A4800EB8105CC
:10B7F00043F26030284401F0F7F87EB3002621467A
:10B800000098FFF7A3FD30B157E0344903203870AA
:10B8100081F8C20051E0DFF8C8A02846BAF8141039
:10B82000491CAAF81410039901F0E7F8B8B1BAF866
:10B8300016005546401CAAF8160021460098FFF74E
:10B8400085FDB8780421401CC0B2B8706985052810
:10B8500033D987F802900520E4F72EFE2DE0BAF8E0
:10B86000180008EBC801401CAAF8180001EB0810EA
:10B870001C494FF4C87401EB4011174887F8029037
:10B88000BBF1010F224600F16E0001D001F5C87135
:10B890000DF094F90B4B10492846103322466E31B7
:10B8A00000F078FF104903988842284602D101F041
:10B8B0009BF801E001F04CF80126304642E70120F8
:10B8C00070470000942200207FF6B6A57F5E921696
:10B8D0007805016042390460949F04607A0D02602B
:10B8E000B402026068070160708E010010B518B9DB
:10B8F000DFF766FE002800D0012010BD0020704751
:10B9000070B514460D460BB148B901E0042070BD76
:10B910001A4621462846DFF722FF0028F7D00120EB
:10B9200070BD2DE9F0411D0016460F464FF01F0473
:10B9300001D070B902E00420BDE8F0812A4631460A
:10B940003846DFF740FF30B1641E14F0FF04F5D134
:10B9500008B10120F0E70020EEE708B101207047B0
:10B9600039B1012905D0022905D0032906D00420C8
:10B970007047002070474FF4007000E008201080EE
:10B98000F7E7002070470FF065BF0FF08DBD000096
:10B990002DE9F041D0F82A500F460446BD422FD081
:10B9A000217904F12E08F1B1607801232A4641463D
:10B9B000FFF7B7FFF8B900202071D4F81E00D4F8C3
:10B9C0001A100844A8420ED9E6780AE0D4F81A0002
:10B9D0000123054460782A464146FFF7A2FF761E00
:10B9E000F6B2012EF2D85FB1607801233A464146A3
:10B9F000FFF786FF10B10120BDE8F081C4F82A707E
:10BA00000020F9E72DE9F04104460021FFF7C0FFCF
:10BA1000050057D1207803284DD16079E8B300267E
:10BA200004F12E00C4F82A604FF400723146074634
:10BA300001F007FE552084F82C02AA2084F82D027C
:10BA4000522084F82E0084F82F00612284F83020E0
:10BA5000412084F83100722184F8121284F8131204
:10BA600084F8140284F81522D4F80E0084F8160223
:10BA7000010A84F81712010C84F81812000E84F8D9
:10BA80001902D4F80A0084F81A02010A84F81B1279
:10BA9000010C84F81C12000E00E00CE084F81D027A
:10BAA00054F8122F012314F8110C3946FFF739FF0F
:10BAB00004F80D6C123C002260781146FFF74DFF30
:10BAC00000B10125284697E7D0F81620891E921E5E
:10BAD0008A4201D800207047D0F82620807801FBE8
:10BAE000002070472DE9F0410D460446022903D39A
:10BAF000D4F81600A84201D801207DE7207801285B
:10BB000004D0022828D003283BD132E0D4F81E000C
:10BB100005EB550600EB56212046FFF739FF80BBA9
:10BB2000C6F308002044761C90F82E70D4F81E004E
:10BB300000EB56212046FFF72BFF10BBC6F3080091
:10BB40002044E90790F82E0047EA002001D00009C0
:10BB500052E7C0F30B004FE7D4F81E0000EB1521AD
:10BB60002046FFF715FF60B9E8B204EB4000C08D36
:10BB700042E7D4F81E0000EBD5112046FFF708FF7E
:10BB800010B14FF0FF3037E740F2FF1000EA8500B8
:10BB9000204410F82E1FC27841EA02618278407872
:10BBA000120442EA0020014321F0704024E72DE90D
:10BBB000F04716460D460446022903D3D4F8160072
:10BBC000A84202D80220BDE8F087207806F0FF08DE
:10BBD0004FF00109012807D0022839D0032849D0A5
:10BBE000022084F80490EEE7D4F81E0005EB550718
:10BBF00000EB57212046FFF7CBFE0028F1D1C7F319
:10BC0000080020442E30E90703D0017868F31F11A3
:10BC100000E03146017084F80490D4F81E007F1CC7
:10BC200000EB57212046FFF7B3FE0028D9D1C7F318
:10BC3000080121442E31EA0702D0C6F3071205E0BD
:10BC40000A78C6F3032302F0F0021A430A70C8E729
:10BC5000D4F81E0000EB15212046FFF799FE0028BE
:10BC6000BFD1E9B204EB4101320A81F82E8081F89C
:10BC70002F20B6E7D4F81E0000EBD5112046FFF7C1
:10BC800087FE0028ADD140F2FF1101EA8501214471
:10BC90004FF0704391F8312003EA0262324301F819
:10BCA0002E2F130A4B70130C8B70120ECA7098E76C
:10BCB0002DE9F0410F460546022919D3D5F81600A3
:10BCC000B84215D900264FF001081FE03946284632
:10BCD000FFF708FF04001DD0012C09D0601C09D01B
:10BCE000002239462846FFF762FF060012D103E022
:10BCF00002260FE001260DE0D5F80E00411C04D00D
:10BD0000401CC5F80E0085F805802746D5F81600BA
:10BD1000B842DBD830466FE62DE9F0410F00064609
:10BD200005D0FFF7DFFE02280AD2012064E6D6F82C
:10BD30000A501DB1D6F81600A84206D8012504E025
:10BD4000D6F816108142F1D83D462C46D6F816009A
:10BD5000641CA04202D80224022D0AD32146304698
:10BD6000FFF7C0FE38B1411CE0D00128DED0AC4264
:10BD7000ECD1002040E66FF0704221463046FFF7DC
:10BD800016FF30B957B1224639463046FFF70FFF4C
:10BD900020B101280ED0012420462DE6C6F80A4025
:10BDA000D6F80E00411CF7D0401EC6F80E00012048
:10BDB0007071F1E74FF0FF34EEE770B50D46C180CA
:10BDC00081680446012922D02068D0F816208A42D2
:10BDD0001DD929B90278032A05D1D0F8221011B152
:10BDE0008078060119E0E1600189A9420FD9D0F8F5
:10BDF000220018E02068FFF775FE0146401C08D0BD
:10BE0000022904D32068D0F81600884203D8022003
:10BE100070BD012070BDA81B85B2B542EAD2E160B9
:10BE20002068FFF751FE00EB15102061206805F037
:10BE30000F012E2202EB411108446061002070BD09
:10BE40002DE9F0410446C0880E46401C07043F0C13
:10BE50002ED0206960B3390762D1401C2061E168AF
:10BE6000206829B18278521E12EA171F04D057E0C9
:10BE70000089B8421CD953E0FFF734FE054601287B
:10BE80001AD9681C33D02068D0F81610A94241D8BE
:10BE900076B1E168FFF740FF05000BD0012D0BD014
:10BEA000681C24D020680021FFF772FDF8B905E076
:10BEB0000420A1E507209FE502209DE520684FF4BE
:10BEC000007200212E3001F0BCFB20682946FFF7EC
:10BED000FBFD216800264FF00108C1F82A000FE0A1
:10BEE00080F8048020680021FFF752FD08B101208E
:10BEF00082E5206850F82A1F491C761C0160F6B2C2
:10BF000020688178B142EBD82168D1F82A10891BCA
:10BF1000C0F82A10E56020682946FFF7D5FD2061AA
:10BF2000E780206807F00F012E2202EB4111084440
:10BF30006061002060E510B50446042015E020682B
:10BF4000FFF726FDB0B96269117861B1E52904D027
:10BF50002E2902D0D17A09070ED500212046FFF7FD
:10BF60006FFF10B106E0042004E021690029E6D14A
:10BF7000002801D00021216110BD70B505460021C7
:10BF8000FFF71BFF0EE029692868FFF701FD040099
:10BF90001FD168690078E52807D030B10121284613
:10BFA000FFF74EFF0400EED013E029692868FFF781
:10BFB000EFFC04000DD16E6920220021304601F013
:10BFC00040FBA9690B22304601F033FB29680120B0
:10BFD0000871204670BD10B50446C188FFF7EDFE1C
:10BFE00000280BD121692068FFF7D2FC002805D179
:10BFF0006269E521117022680121117110BD2DE9DE
:10C00000F04789460C6800E0641C21782F29FBD09A
:10C010005C29F9D085690B222021284601F011FB0B
:10C020000020024617464FF0080CE15D7F1C2029D6
:10C030002ED92F292CD05C292AD02E2901D0604559
:10C040000AD3BCF1080F30D12E292ED10820910639
:10C050004FF00B0C0A0EE8E7802926D2FEA300E081
:10C060005B1C1E7816B18E42FAD11EE0A1F141038D
:10C07000192B02D842F0020207E0A1F16103192B4B
:10C0800003D8203942F00102C9B22954401CCCE740
:10C090003C44C9F80040202901D8042100E00021D7
:10C0A00018B12878E52802D003E006208BE50520AA
:10C0B0002870BCF1080F01D19006020E02F00300B7
:10C0C000012801D141F01001C2F38100012801D102
:10C0D00041F00801E972002075E530B5036901F10E
:10C0E000090263B340690024035D202B07D0052BB0
:10C0F00000D1E523641C02F8013B082CF4D3037A39
:10C10000202B0BD02E2302F8013B0823C45C202CEB
:10C1100004D05B1C02F8014B0B2BF7D3C37A0B72D4
:10C12000037FC47F457F43EA0463847F240444EA99
:10C13000052423430B60038B8B80C08AC8800020BA
:10C14000107030BD73B50446019908782F2801D0CE
:10C150005C2801D1491C01910025A5600198007857
:10C16000202805D200212046FFF727FE65617CBD0F
:10C1700001A92046FFF743FF0028F8D1204601F02F
:10C1800078FAA169C97A28B10428F0D14907EED418
:10C1900005207CBD4907FCD46169C87AC006F7D583
:10C1A000206801F055FAA060E2E710B504460A469F
:10C1B0004078012304F12E01FFF7A2FB08B1032010
:10C1C00010BDB4F82C02A0F52A41553901D0022047
:10C1D00010BD94F8640094F8671094F8652040EA64
:10C1E000016194F86600000440EA022001439E4881
:10C1F000B0EB012F0DD014F8801FE278637841EA8C
:10C200000261A278120442EA03221143B0EB012F2B
:10C2100001D1002010BD012010BD2DE9F0471546C9
:10C220000A4601680B78303B092B02D84C783A2C2F
:10C2300005D000230026166023B10B20C3E4891C1F
:10C240000160F7E7894804688CB11460207820B158
:10C250006078FFF753FBC1070BD02670B14630461C
:10C260006670FFF743FBC10708D00320ABE40C2046
:10C27000A9E40DB1400704D40020A4E41DB1400797
:10C2800001D50A209FE4002631462046FFF78DFFA6
:10C29000012812D104F5F670017900294ED0017AF7
:10C2A000C27A41EA0266817A407A090441EA0020B2
:10C2B000064331462046FFF778FF032801D0E8BB4C
:10C2C00001E001207FE4B4F83900B0F5007F6DD1C2
:10C2D000B4F8440068B994F8520094F8551094F8F2
:10C2E000532040EA016094F85410090441EA022105
:10C2F0000843C4F81A0094F83E108446E1700129FE
:10C3000001D0022952D194F83B500CFB01F0A570EA
:10C31000A5B16A1E154249D1B4F83F202281110708
:10C3200044D1B4F8411079B994F84E1094F85130D2
:10C3300041EA036194F850301B0400E036E094F8C1
:10C340004F7043EA07231943A38F7BB31F1807EBF2
:10C350001217B9422AD3C91BB1FBF5F131B301253C
:10C3600040F6F678414500D302254FF6F678414570
:10C3700000D30325891CC4F816103744C4F826706E
:10C380003344C4F81E30032D12D07AB11844C4F8D7
:10C390002200022D20D001F0010001EB410100EB51
:10C3A000510000F2FF10BCEB502F17D20D200AE411
:10C3B000002AFBD194F85A0094F85D2094F85B3081
:10C3C00040EA026094F85C20120442EA032210431F
:10C3D000C4F822008800E4E74800E2E74FF0FF30AD
:10C3E000C4F80E004F46C4F80A90032D66D1677159
:10C3F000B4F85E0001238219C4F81220607804F1B9
:10C400002E01FFF77DFAB8BBB4F82C02A0F52A4143
:10C41000553953D194F82E0094F8311094F82F2008
:10C4200040EA016094F83010090441EA022108430F
:10C430000F49884242D194F8120294F8151294F8E8
:10C44000132240EA016094F81412090441EA02211F
:10C4500008430849884210E0222A2B2C3A3B3C3DF5
:10C460003E3F5B5D7C7F000000464154AC220020D3
:10C47000525261417272416120E01FD194F81A0258
:10C4800094F81D1294F81B2240EA016094F81C12E3
:10C49000090441EA02210843C4F80A0094F816028C
:10C4A00094F8191294F8172240EA016094F81812CF
:10C4B000090441EA02210843C4F80E00FE49257030
:10C4C0000888401C0880E080C4F82A702771D3E6F1
:10C4D00010B5016829B10A781AB1CA8880888242E9
:10C4E00001D0092010BD4878FFF708FAC007F9D03D
:10C4F000032010BD08B10B207047EF4B1B1D00221D
:10C50000186800B1027001B10A700020196070470C
:10C510002DE9F7478BB007000ED04FF0000802F06E
:10C520001F06C7F8008026F0010269460CA8FFF735
:10C5300074FE050003D08BE009200EB0B6E507A815
:10C54000069068460C99FFF7FDFD059C050001D19A
:10C5500004B9062516F01C0F4BD055B1042D03D19C
:10C560006846FFF70AFD0546059C46F0080645B1FA
:10C570006EE0E07A10F0110F45D1700701D5082563
:10C5800066E0300745D5FFF7FCF9A073010AE173B7
:10C59000010C2174000E607484F80B8084F81C80F8
:10C5A00084F81D8084F81E8084F81F80214600983E
:10C5B00001F04EF881460021204601F052F8009922
:10C5C0000120B9F1000F087121D000984946D0F838
:10C5D0002AA0FFF76DFB05003AD10099A9F10100EF
:10C5E000C1F80A0051460098FFF7D2F9051E0CD099
:10C5F0002EE06DBBE07AC10601D5042528E0B10725
:10C6000003D5C00701D0072522E0300701D546F049
:10C61000200600982146D0F82A00F8613C62BE71DD
:10C62000009801F015F83861207FE17F627F40EAD1
:10C630000160A17F090441EA02210843F860C7F8BC
:10C640000880C7F81880009838600098C088B880C3
:10C65000284672E72DE9F05F894600219A46164682
:10C6600004461960FFF734FF002803D1A0790106C2
:10C6700002D50220BDE8F09FC00708D0E068A1689D
:10C6800004F1240B401A864200D906467EE00720BA
:10C69000F0E7A068C10561D122689178491E01EADE
:10C6A000502111F0FF0709D1F8B161691046FFF779
:10C6B00019FA02281BD3411C48D0606161692068C7
:10C6C000FFF702FA98B100EB0708750A25D0206839
:10C6D0007A1981788A4200D9CD1BEBB24078424664
:10C6E0004946FFF70DF988BB06E02069E1E7A0792C
:10C6F00040F08000A071BCE7A07940060BD5A1698D
:10C70000A1EB0800A84206D209EB40204FF40072CA
:10C71000594600F08EFF6D022EE0A26942451BD003
:10C72000A07940060AD52068012359464078FFF7D2
:10C73000F8F858B9A07920F04000A07120680123D2
:10C74000424640785946FFF7DBF828B1A07940F01F
:10C750008000A07101208DE7C4F818802089C0F303
:10C760000800C0F50075B54200D9354601192A46C2
:10C770004846243100F05DFFA068A9442844A06029
:10C78000DAF800004119761BCAF80010002E80D19B
:10C7900000206FE72DE9F84F894600219B46164699
:10C7A00004461960FFF794FEDFF810A120B10122C2
:10C7B000AAF82C20BDE8F88FA079010603D5022144
:10C7C000AAF82C1063E0800704D40321AAF82C10E7
:10C7D0000720EFE7E06804F124018219009182420A
:10C7E00069D3A4E0A068C1056AD122689178491E86
:10C7F00001EA502111F0FF050BD1C8B16169104663
:10C80000FFF78AFA002856D001281AD0411C1AD006
:10C810006061A07940061CD52068A2690123407898
:10C820000099FFF77EF880B10621AAF82C105AE093
:10C8300020690028E8D100211046FFF76DFA206139
:10C84000E0E704211DE00521EFE7A07920F040009A
:10C85000A07161692068FFF737F988B100EB05081E
:10C86000770A2ED02068EA1981788A4200D94F1BB6
:10C87000FBB2407842464946FFF753F880BB08E0D8
:10C880000721AAF82C10A07940F08000A0710220A6
:10C8900090E7A169A1EB0800B8420AD209EB402158
:10C8A0004FF40072009800F0C4FEA07920F0400020
:10C8B000A0717D0231E03DE0A8220020B4020260B8
:10C8C00019E0A169414514D0A068E168884210D2FE
:10C8D00020680123424640780099FFF711F840B1E3
:10C8E0000820AAF82C00A07940F08000A071012057
:10C8F00060E7C4F818802089C0F30800C0F500750F
:10C90000B54200D9354620442A464946243000F035
:10C9100090FEA07940F04000A071A068A94428448E
:10C92000A060DBF800004119761BCBF80010002E48
:10C930007FF458AFA068E168884200D9E060A07930
:10C94000092140F02000A071AAF82C10002031E746
:10C9500070B50446FFF7BCFD00280ED1A1798A0608
:10C960000BD548060ED52068A2690123407804F152
:10C970002401FEF7D6FF08B1012070BDA07920F098
:10C980004000A071E1692068FFF702F80028F4D1A7
:10C99000256AE87A40F02000E872207B2877A08999
:10C9A000000A6877E068000CA877E068000EE87776
:10C9B0002169284600F055FEFEF7E3FFA875010A3D
:10C9C000E975010C2976000E68760020A874E874D9
:10C9D000A07920F02000A071216801200871206852
:10C9E000BDE87040FFF70EB810B50446FFF7B0FF82
:10C9F000002801D10021216010BD2DE9F0410D4634
:10CA00000446FFF765FD5FEA000803D1A07901063F
:10CA100002D50220BDE8F081E168A94202D2800778
:10CA200000D40D46A0680027A760FDB12268917868
:10CA30004E0268B1691E401EB1FBF6F1B0FBF6F381
:10CA4000994205D3711E8843A0602D1A61690CE0DC
:10CA5000216949B900211046FFF75EF90146012816
:10CA600040D0481C4FD021616161D9B927E0A0793D
:10CA70008007206805D5FFF74FF9010004D135463E
:10CA800012E0FFF72FF80146481C3CD0012929D9B4
:10CA90002068D0F81600884224D96161A068AD1BD7
:10CAA0003044A060B542E2D8A0682844A060E80500
:10CAB00005D02068FFF708F8A0B100EB55272089C2
:10CAC000C00527D0A269BA4224D0A07904F1240578
:10CAD000400610D52068012329464078FEF721FF43
:10CAE00088B904E0A07940F08000A07191E7A079B6
:10CAF00020F04000A071206801233A464078294682
:10CB0000FEF7FEFE28B1A07940F08000A071012060
:10CB100080E7A761A068E168884204D9E060A07955
:10CB200040F02000A071404674E773B584B0040063
:10CB300008D00146002205A8FFF76FFB25680026F4
:10CB400018B11CE0092006B070BDC4F818D020460A
:10CB50000599FFF7F7FA70B9616931B1C87AC00673
:10CB60000FD5284600F074FDA060E888A080002161
:10CB70002046FFF722F9042803D00028E3D02660DE
:10CB8000E1E70520FBE7FEB50E460446FFF7A0FCF3
:10CB9000002816D1B6B1C4F818D02046FFF7CBF95B
:10CBA0000025042813D000280BD131462046FFF77A
:10CBB00094FA00212046FFF743F9042801D12561AA
:10CBC0000020FEBD00212046FFF7F7F8FEBD2561DD
:10CBD000EBE733B58BB00D46002269460BA8FFF793
:10CBE0001CFB04000FD107A8069068460B99FFF7BD
:10CBF000A9FA040007D1059820B129466846FFF735
:10CC00006CFA00E0062420460DB030BD2DE9F74F48
:10CC100014468A46002221466846FFF7FEFA256838
:10CC20005FEA00085BD1D5F81670D5F80E00B91E82
:10CC3000884202D8CAF8000051E095F8009000241C
:10CC4000B9F1010F02D0D5F81E6017E00226314677
:10CC50002846FEF747FF411C03D0012803D028B126
:10CC600005E0012000E0022080462FE0641CD5F89A
:10CC70001600761C8642EAD328E059B93146761C64
:10CC80002846FEF785FE5FEA00081FD105F12E0059
:10CC90004FF40071B9F1020F0DD00278C37890F80B
:10CCA00001C042EA036283781B0443EA0C231A435F
:10CCB000120106D006E0028802B9641C801C891E9D
:10CCC00002E0641C001D091F7F1ED6D1C5F80E406E
:10CCD000B9F1030F01D101206871CAF80040404644
:10CCE000BDE8FE8F70B5040004D0FFF7F1FB05002E
:10CCF00002D040E0092070BDA179080601D50225C7
:10CD000039E0880701D4072535E0E268A06882424F
:10CD100031D9E06041F02001A17150B16169206812
:10CD2000FEF7E0FE0646401C0BD0012E0BD065B18D
:10CD30001DE021692068FEF7BBFF05460020206149
:10CD400014E0012513E0022511E02068D0F8161048
:10CD5000B14210D961696FF07042FEF728FF0500FB
:10CD600005D120683146FEF7A3FF05461DB1A07925
:10CD700040F08000A071284670BD71B591B00122CD
:10CD8000694611A8FFF749FA040044D10EA806909D
:10CD900068461199FFF7D6F904003CD1059E56B1BB
:10CDA000F07AC00700D007243146009800F050FC0C
:10CDB000054614B12FE00624F6E7F07AC0061AD52E
:10CDC000022D01D2022426E01C22694607A800F0A9
:10CDD00030FC022107A80995FEF7EFFF04001AD1E5
:10CDE00007A8FFF7A8F8040003D0042C03D014B15F
:10CDF00011E007240FE06846FFF7EDF804000AD1C0
:10CE00002DB129460098FEF753FF040003D1009886
:10CE1000FEF7F8FD044612B0204670BD2DE9F14F33
:10CE20008CB0FEF7AEFD0646012269460CA8FFF75E
:10CE3000F4F9040009D109A8069068460C99FFF797
:10CE400081F9040002D0042C02D097E0082495E078
:10CE500000210098FEF760FF5FEA00084FF0000431
:10CE600003D0B8F1010F02D002E0072400E0022451
:10CE7000B8F1FF3F01D014B166E0012464E0002165
:10CE80000098FEF785FD04005ED141460098FEF74C
:10CE90001BFE009D07462E354FF4007200212846E8
:10CEA00000F0CFFB0B222021284600F0CAFB2E24E5
:10CEB0002C701020E872F0B20890A875C6F3072015
:10CEC0000790E875C6F3074B85F818B04FEA166A65
:10CED00085F819A04146284600F0C3FB05F1200063
:10CEE00020222946064600F0A4FB85F82140009840
:10CEF00002990278032A04D1D0F82200884200D196
:10CF00000021304600F0ADFB00984FF00109867813
:10CF100013E000980021C0F82A7080F804907F1C6C
:10CF20000098FEF735FD04000ED14FF40072002189
:10CF3000284600F086FB761EF6B2002EE9D1684640
:10CF4000FFF71BF8040004D041460098FEF7B0FE3E
:10CF500014E005981021C172089981750799C1756F
:10CF600080F818B080F819A0414600F07AFB0099CB
:10CF700081F804900098FEF745FD04460DB0204668
:10CF8000BDE8F08F37B58AB015460C4601226946D8
:10CF90000AA8FFF742F9002816D107A806906846AC
:10CFA0000A99FFF7CFF800280ED1059868B105F06F
:10CFB0002702C17A144091430C43C47200990120A6
:10CFC00008710098FEF71EFD1EE606201CE613B54C
:10CFD0008AB00C46012269460AA8FFF71EF900280C
:10CFE00019D107A8069068460A99FFF7ABF8002800
:10CFF00011D1059888B1A1798175E188090AC175B7
:10D0000021790176A188090A4176009901200871E9
:10D010000098FEF7F7FC0CB010BD0620FBE733B517
:10D0200099B00C46012202A919A8FFF7F6F80028CA
:10D0300053D10298099016A8089002A81999FFF7F1
:10D0400081F8002849D10798F0B300F10B011522AF
:10D0500010A800F0EEFA1C2202A909A800F0E9FAD3
:10D06000214609A8FFF76EF878B3042835D109A83E
:10D07000FEF783FF002830D10E9C13220DF14201F0
:10D0800004F10D0000F0D5FA9DF84000012540F0B4
:10D090002000E072029805710B990498884232D002
:10D0A000E07AC0062FD52146029800F0D1FA014659
:10D0B0000298FEF709FD010013D00298FEF768FC04
:10D0C000029901F14E0201E006E008E0002804D1D7
:10D0D00050782E2807D016E004201BB030BD082061
:10D0E000FBE70220F9E70878032806D10B98D1F86E
:10D0F0002210884201D1002100E00B99104600F077
:10D10000B0FA0298057102A8FEF765FF0028E4D185
:10D110000298FEF777FCE0E72DE9F74F86B0154659
:10D1200010B10B2009B02BE70798012802D8681E20
:10D13000054201D01320F5E7F848046844B1002007
:10D1400020700390FEF7D2FBC10703D00320E9E76C
:10D150000C20E7E7400701D50A20E3E704AA0121F4
:10D160000398FEF7FAFB00287ED1049980297BD32F
:10D17000079808B1002000E03F208046A1EB08019D
:10D1800004917DB94FF4FA60B1FBF0F20020E44B5A
:10D1900000E0401C33F810509542FAD8E04A1632AD
:10D1A00032F81050680A5FEA000912D0B9F1800F16
:10D1B00001D980208146B1FBF9F0012640F6F672D4
:10D1C000904200D302264FF6F672904203D3032614
:10D1D00020E00120EEE7032E1CD0012E22D04000DB
:10D1E000001D00F2FF10470A01252020834608EBAE
:10D1F000050A0AEB0700584400EB09020090A2EB75
:10D20000080088423FD801AA03210398FEF7A5FB36
:10D2100098B90DE040F2072202EB8000470A202572
:10D220000020E3E700EB4000401C4008C01CD8E7AA
:10D23000019810B1B0F5004F01D90120019000997B
:10D240000144401E491E81430098081A0190032E94
:10D250000FD007440498411BCA1BA2EB0B02B2FB80
:10D26000F9F10091022E00E0D3E005D0032E06D0A4
:10D270000BE005448244EDE740F6F67201E04FF61C
:10D28000F672914201D20E204CE7012E03D0022EFD
:10D2900003D00C2007E0012005E0B0F5803F01D26B
:10D2A000042000E006200590079808B1F0203BE03C
:10D2B00004F12E004FF400720021029000F0C1F939
:10D2C00004F5F6700121417081700022C270059949
:10D2D0000171FE214171049B08EB030143F6C16318
:10D2E000B1FBF3F13F2343EA910C019180F806C0B2
:10D2F000C171037242728272C272049901730A0A86
:10D3000042730A0C8273090EC173552084F82C02F3
:10D31000AA2084F82D02DDE9021001230022FEF785
:10D3200000FB002875D1F8202E3402904FF40072D3
:10D330000021204600F085F90B227AA1204600F05A
:10D3400078F90021E1720220207384F80D90A57312
:10D35000280AE07301202074032E0BD04002607471
:10D36000000AA0740498B0F5803F05D2E074000A6A
:10D3700020750CE00020F2E784F82000020A84F80F
:10D380002120020C84F82220000E84F82300029849
:10D3900060753F20207600206076FF21A176E07640
:10D3A00084F81C804FEA182060774FEA1840A07775
:10D3B0004FEA1860E077FEF7E4FA80212922019015
:10D3C000032E27D084F82700030A84F82830030CA2
:10D3D00084F82930000E84F82A00A775380AE07511
:10D3E00084F8241084F82620132251A104F12B0084
:10D3F00000F01FF9552084F8FE01AA2084F8FF01EF
:10D400000123424621460398FEF78BFA002889D172
:10D4100033E082E084F84300030A84F84430030CCC
:10D4200084F84530000E84F8460084F82470380AE9
:10D4300084F82500380C84F82600380E84F827007C
:10D44000022084F82C00002084F82D0084F82E009F
:10D4500084F82F00012384F8303084F8310006234B
:10D4600084F8323084F8330084F8401084F8422085
:10D47000132234A104F14700BAE7032E06D1012399
:10D4800008F1060221460398FEF74BFA55464FF085
:10D49000000A4FF400720021204600F0D2F80298F2
:10D4A0000190032E12D0012E0ED06FF0FF01014328
:10D4B000019121700198000A60700198000CA07021
:10D4C0000198000EE07018E02349F0E760F0FF00DB
:10D4D000019020700198000A60700198000CA07003
:10D4E0000198000EE070FF2020716071A071E07162
:10D4F00020726072A0720F20E0722A466D1C012318
:10D5000021460398FEF70DFA38B94FF40072002156
:10D51000204600F096F801202AE065E0AC220020C9
:10D520005A400508EBFE904D53444F53352E3000C2
:10D530004E4F204E414D4520202020464154202072
:10D54000202020004E4F204E414D452020202046D7
:10D55000415433322020200000FFFF002A466D1C7A
:10D56000012321460398FEF7DCF9E8BB0198401C33
:10D570000190B842F2D30AF101005FEA000A88D0B4
:10D58000032E09D05F462A466D1C012321460398CD
:10D59000FEF7C7F940BB01E04F46F4E77F1EF2D12A
:10D5A000032E3CD15220207060706122A270412174
:10D5B000E170722084F8E40184F8E50184F8E61152
:10D5C00084F8E7210098401E84F8E801010A84F8F5
:10D5D000E911010C84F8EA11000E84F8EB01022035
:10D5E00084F8EC01002000E021E084F8ED0184F8EB
:10D5F000EE0184F8EF01552084F8FE01AA2084F89A
:10D60000FF01012308F1010221460398FEF789F981
:10D61000012308F1070221460398FEF782F9002250
:10D6200011460398FEF799F900283FF484AD0120D4
:10D6300078E503E011F8013B00F8013B521EF9D2F6
:10D640007047C9B201E000F8011B521EFBD27047BF
:10D650000246488B1278032A02D1898A40EA0140A7
:10D66000704781760A0AC2760A0C0275090E417566
:10D6700070472DE9F04104460021FEF79EFB00288B
:10D6800020D100254FF4FA766D1CADB2B54219D801
:10D6900021692068FEF77CF9002813D161690A78B6
:10D6A0007AB1CA7A120711D4A2690B2300275B1E34
:10D6B0000AD311F8017B12F801CBB7EB0C07F6D0B7
:10D6C00004E00420BDE8F081002FFBD000212046BB
:10D6D000FEF7B6FB0028D7D0F4E7008840BA7047C1
:10D6E0000188827849BA0904C07841EA02210843D6
:10D6F0007047F5E770B50546FF20002331240FE0A1
:10D70000EA5C50400822060602D584EA400000E0A8
:10D710004000521EC0B212F0FF02F4D15B1C9BB25B
:10D720008B42EDD370BD10B51446FFF7E3FFA04266
:10D7300002D04FF0FF3010BD002010BDF0B50546FF
:10D74000080A287002201F4616466970002419E056
:10D7500036F81410090A2954401C80B216F8141027
:10D760002954401C1FFA80FC05EB0C000221801E8E
:10D77000FFF7C0FF05F80C000CF1010C641C1FFA48
:10D780008CF0E4B2BC42E3D3F0BD2DE9F0410E468B
:10D7900002EB420189B290B088466D460A4629469E
:10D7A00000F0C7F8002818D10024274612E02819F5
:10D7B000844682780221FFF7B6FF00280DD1285D4C
:10D7C000F0557F1CB8B29CF801103154401CE41C89
:10D7D00087B2A4B24445EAD3002010B0BDE8F0817E
:10D7E00070B515460C46FFF7D0FF00280CD108E0B5
:10D7F00034F81030190241EA132124F81010401CAB
:10D80000C0B2A842F4D3002070BD38B5044600234E
:10D810001A466846FFF792FF02226946204600F04A
:10D8200068F838BD10B588B00446DBB26846FFF72B
:10D8300085FF02466946204600F05BF808B010BD3F
:10D84000F8B51D461446074600231A466846069E4C
:10D85000FFF774FF02226946384600F04AF80028B4
:10D8600008D114B1204600F026F932462946384640
:10D87000FFF7B6FFF8BD08B5009313460022FFF787
:10D88000DFFF08BD70B5054607244FF0FF3600F0F6
:10D89000FAF825FA04F0C00702D000F0CBF801E056
:10D8A00000F0D9F8052000F006F900F0B7F80520DF
:10D8B00000F001F900F06AF878B9641E64B2002C37
:10D8C000E5DA00F0E0F800F0B5F8052000F0F3F834
:10D8D00000F0A4F800F05AF808B1304670BD00F02E
:10D8E000CEF808B1012400E0002400F0CCF8204676
:10D8F00070BD2DE9F04116460F460446DCF7B8FD31
:10D900006006000EFFF7BEFF05000DD1002409E000
:10D91000385DFFF7B7FF050002D0DCF7C6FD03E076
:10D92000641CA4B2B442F3D3DCF7BFFD2846BDE8C3
:10D93000F0812DE9F04115460F460446DCF798FDCD
:10D94000012000EB4400C0B2FFF79CFF040003D0AD
:10D95000DCF7ABFD2046EAE700246E1E09E0B44286
:10D9600001DA012000E0002000F021F83855641CA5
:10D97000A4B2AC42F3D3DCF798FD0020D7E710B592
:10D9800000F04CF8BDE8104000F054B810B5642425
:10D9900007E000F08CF808B1002010BD052000F071
:10D9A0008AF8641E14F0FF04F3D1FF2010BD70B597
:10D9B0000646002500F03EF80724052000F07BF81D
:10D9C00000F02CF8FFF7E2FFF8B900F058F808B1C2
:10D9D000012100E00021A1402943CDB200F053F81D
:10D9E000641E64B2002CE8DA16B100F034F801E0ED
:10D9F00000F020F8052000F05EF800F00FF8052098
:10DA000000F059F8FFF7C2FF08B1FF2070BD00F029
:10DA10003AF800F00FF8284670BD000008B508205D
:10DA2000ADF8000004208DF8030069462348DBF7B9
:10DA3000C4F808BD08B50420ADF800008DF8030057
:10DA400069461E48DBF7B9F808BD10B5FFF7F2FFCD
:10DA5000BDE81040E2E738B50420ADF80000102022
:10DA60008DF803000320154C8DF80200694620460E
:10DA7000DBF7A3F804212046DBF70BF938BD0421BE
:10DA80000E48DBF7F0B838B50820ADF800001020DC
:10DA90008DF803000320094C8DF8020069462046EA
:10DAA000DBF78BF808212046DBF7F3F838BD0821B7
:10DAB0000248DBF7D8B8DFF7A1BF0000000801403B
:10DAC00070B5FE4C05464FF0FF362078012806D190
:10DAD0002A8904F120015820FFF782FE08B1304660
:10DAE00070BD284600F0B0F90020207070BD30B540
:10DAF000F24A04460020936901469A8807E01868B4
:10DB000050F82100057BA54203D0491CC9B28A42C6
:10DB1000F5D88A4200D1002030BD70B5FFF7E7FF8D
:10DB2000A8B105680446418958206D1DFFF76DFEB8
:10DB300000280ED12846FFF7BEFF2089002808D014
:10DB4000DE49012008702046BDE87040B8E74FF07C
:10DB5000FF3070BD1CB504460020208001200090DD
:10DB600001ABD74A42F232015820FFF769FE002884
:10DB700007D1BDF804002080B0F5544F02D04FF01B
:10DB8000FF301CBD00201CBD10B50120FFF7AFFF0A
:10DB900050B141895820FFF738FE002803D1C7490A
:10DBA00001200870002010BD4FF0FF3010BD70B58F
:10DBB00005460C460120FFF79AFF50B1FFF780FFA2
:10DBC000002805D1BD48018C2980408C2080002090
:10DBD00070BD4FF0FF3070BD70B505460C4601209A
:10DBE000FFF79BFF002805D1B448018C2980408CA9
:10DBF0002080002070BDC7E708B56946FFF7D7FF52
:10DC000008BD08B56946FFF7E7FF08BDBCE708B5E2
:10DC100001466846FFF7CBFF08BD08B501466846D8
:10DC2000FFF7DAFF08BD70B50546A6480C46007838
:10DC3000FFF773FF002805D1A048018C2980408C94
:10DC40002080002070BD9F4810B50078FFF74FFF7F
:10DC500050B141895820FFF7D8FD002803D19749DA
:10DC600001200870002010BD4FF0FF3010BD70B5CE
:10DC7000054694480C460078FFF739FF50B1FFF78E
:10DC80001FFF002805D18D48018C2980408C208001
:10DC9000002070BD4FF0FF3070BD10B5044602206B
:10DCA000FFF73BFF002806D18448006A5FEA304056
:10DCB000206001D0002010BD4FF0FF3010BD38B5FE
:10DCC000010CADF80010ADF802004FF0FF3450B178
:10DCD0000320FFF70CFF30B1418902236A46582028
:10DCE000FFF7A0FD38BD204638BD10B5044616200C
:10DCF000FFF713FF002803D17048008C208000201C
:10DD000010BD31B54FF0FF34BDF8000058B16E487A
:10DD10000078FFF7ECFE30B1418901236A465820B4
:10DD2000FFF780FD38BD204638BDF8B5044663488E
:10DD300000256E1E007CC0F34210012807D1634805
:10DD40000078FFF7D4FE10B1B4F57A3F01D9304620
:10DD5000F8BD5F490022A4FB013605FB016104FB0D
:10DD600002110A0242EA1361ADF800104189012351
:10DD70006A465820FFF756FDF8BD564800687047C0
:10DD8000582070474D4A137C0380108A000B08709E
:10DD9000002070474949D1E90221C0E90021002053
:10DDA00070470020B9E6F8B5444C0020434EE4E942
:10DDB00008003070FFF7E3FD0320009023464FF486
:10DDC000FA7243F282615820FFF73AFD00283AD1F7
:10DDD00003202546002135F81120130243EA1222C0
:10DDE00025F81120491C89B28142F4D32088226889
:10DDF000C0F3072141EA00212079030443EA1240DD
:10DE0000C0F3072280B242EA002061F31F4061683C
:10DE1000234609BA090C41EA0041000CC6E9021088
:10DE2000012000904FF47A7242F22F015820FFF740
:10DE300007FD002807D1204600F04EF8002802D147
:10DE4000BDE8F840ADE7F8BD2DE9F0470489054687
:10DE500060000DF0FFFC06460021184806E000EBCC
:10DE60004102128C26F81120491C09B2A142F6DBAE
:10DE700029896FF00309491E0CB20027804616E07D
:10DE800028896968021B09EB8200095836F81400DA
:10DE9000096829B18847014608EB4700018402E080
:10DEA00008EB47010884641E7F1C24B23FB2002C9B
:10DEB000E6DA3046BDE8F0470DF0F6BA08A2046095
:10DEC000605B030099400508984005089A400508E2
:10DED00000894100B02200202DE9F0470388DFF8D7
:10DEE00078901E49DFF878A0A9F81030C9F818100A
:10DEF000002103F4704C03F0E00703F01F0623E059
:10DF0000DAF8000050F821400020A58918E0A26846
:10DF100032F8102002F47048E0450FD15FEAC35890
:10DF20000CD402F0E008B84508D102F01F02B2425A
:10DF300004D80020C9F81840BDE8F087401C00B2A2
:10DF40008542E4DC491C09B2BAF804208A42D7DCD5
:10DF50004FF0FF30F0E7000008A204608840050899
:10DF60002C430508F8B501210420DBF72CF8082024
:10DF7000ADF8000010244C4E8DF8034003258DF8B9
:10DF8000025069463046DAF718FE08213046DAF7C3
:10DF90007EFE0420ADF800008DF803408DF802509D
:10DFA00069463046DAF709FE04213046DAF76FFE9B
:10DFB000F8BD30B53D4D012087B0A87068700024D1
:10DFC00008E0641C142C02D90020687006E064206C
:10DFD000DFF733FDFFF7E7FE0028F2D1687800286D
:10DFE0000CD005A904A8FFF7CDFE6846FFF7D2FEC6
:10DFF00003A902A8FFF717FEFFF7D3FE07B030BD55
:10E0000038B52A4C607800284AD0FFF7F4FD002587
:10E0100060BB6420DFF711FD6846FFF7EDFD28BB0C
:10E02000234A2078BDF80010042822F8101002D2EC
:10E03000401C20701AE00021084632F81030401CC5
:10E04000C0B219440528F8D30520B1FBF0F01949F6
:10E0500080B2A08091F8232017490B2A4FF47A72DE
:10E0600000FB02F01DD0C1F8BC012570E0884FF420
:10E070006161401C80B2B0FBF1F2E08001FB120054
:10E08000A0F560610F3903D108480830FFF705FE9D
:10E09000A078012804D1FFF784FE002800D1A570E4
:10E0A00038BDC1F87402E0E7000801407402006066
:10E0B000164800209C3A00203653002008B5002165
:10E0C00042F2B112684600F029FB0246694662201E
:10E0D000FFF70FFC002804D14FF47A70FFF7EBFC38
:10E0E000002008BDFEB514460D46064600214EF63A
:10E0F0000542684600F012FB024669466220FFF7BF
:10E10000F8FB002815D106226946622000F08AFB40
:10E1100000B200280DD16846FFF7DFFA30806E4666
:10E12000B01CFFF7DAFA2880301DFFF7D6FA2080FE
:10E130000020FEBD7CB514460D4601AA6946FFF7D6
:10E14000D1FF002810D1BDF8000045F273514843BB
:10E15000FE4901EB50302860BDF8040043F2D401C1
:10E160004843400B206000207CBD08B5002143F6E9
:10E170008672684600F0D2FA024669466220FFF7CE
:10E18000B8FB002803D1F248FFF795FC002008BD3A
:10E1900038B50446002142F21832684600F0BEFA53
:10E1A000024669466220FFF7A4FB002810D14FF415
:10E1B0007A70FFF780FC02226946622000F032FB91
:10E1C00000B2002804D16846FFF787FA20800020BB
:10E1D00038BD38B504466846FFF7DAFF002807D196
:10E1E000BDF8000045F273514843400B2060002009
:10E1F00038BD1CB50446002142F21D42684600F0BD
:10E200008DFA01462246684600F0B4FA82B26946A9
:10E210006220FFF76EFB002804D14FF47A70FFF7FD
:10E220004AFC00201CBD45F6DE714843000CE0E7C7
:10E2300038B50446002142F22232684600F06EFAF8
:10E24000024669466220FFF754FB002810D14FF4C4
:10E250007A70FFF730FC02226946622000F0E2FA91
:10E2600000B2002804D16846FFF737FA208000206A
:10E2700038BD1CB50446002142F22742684600F032
:10E280004DFA01462246684600F074FA82B26946A9
:10E290006220FFF72EFB002804D14FF47A70FFF7BD
:10E2A0000AFC00201CBD1CB5044600214FF460424E
:10E2B000684600F033FA01462246684600F05AFAF2
:10E2C00082B269466220FFF714FB002804D14FF4A4
:10E2D0007A70FFF7F0FB00201CBD7CB50C460546AC
:10E2E000002143F22F62684600F018FA01462A46E0
:10E2F000684600F03FFA82B269466220FFF7F9FAF9
:10E3000000280FD19348FFF7D6FB0222694662200E
:10E3100000F088FA00B2002804D16846FFF7DDF962
:10E32000208000207CBD38B50446002142F2133223
:10E33000684600F0F3F9024669466220FFF7D9FA11
:10E34000002810D14FF47A70FFF7B5FB022269461E
:10E35000622000F067FA00B2002804D16846FFF797
:10E36000BCF92080002038BD1CB50446002142F2D3
:10E370001642684600F0D2F901462246684600F08F
:10E38000F9F982B269466220FFF7B3FA002804D196
:10E390004FF47A70FFF78FFB00201CBD08B50021F9
:10E3A00042F2AC12684600F0B9F9024669466220B2
:10E3B000FFF79FFA08BD38B5044600214EF2B84277
:10E3C000684600F0ABF9024669466220FFF791FA11
:10E3D000002810D14FF47A70FFF76DFB02226946D6
:10E3E000622000F01FFA00B2002804D16846FFF74F
:10E3F00074F92080002038BD08B5002143F2156271
:10E40000684600F08BF9024669466220FFF771FA10
:10E41000002803D15048FFF74EFB002008BDFEB591
:10E4200014460D460646002143F28262684600F01B
:10E4300075F9024669466220FFF75BFA002819D198
:10E440004FF47A70FFF737FB06226946622000F02E
:10E45000E9F900B200280DD16846FFF73EF9308097
:10E460006E46B01CFFF739F92880301DFFF735F9EB
:10E4700020800020FEBD38B50446002143F23962F9
:10E48000684600F04BF9024669466220FFF731FA10
:10E4900000280FD13148FFF70EFB022269466220A7
:10E4A00000F0C0F900B2002804D16846FFF715F962
:10E4B0002080002038BD08B5002143F23262684652
:10E4C00000F02CF9024669466220FFF712FA002894
:10E4D00003D12148FFF7EFFA002008BD08B500215D
:10E4E00043F24662684600F019F902466946622026
:10E4F000FFF7FFF9002804D144F62060FFF7DBFAAC
:10E50000002008BD08B5002142F29D12684600F0C7
:10E5100005F9024669466220FFF7EBF9002803D1AE
:10E520000F48FFF7C8FA002008BD08B5002142F2E5
:10E530009612684600F0F2F8024669466220FFF73C
:10E54000D8F9002811D14CF250300BE03850FFFFC1
:10E5500020A10700801A060000350C008096980064
:10E56000404B4C00FFF7A7FA002008BD08B500217A
:10E5700043F2E062684600F0D1F802466946622044
:10E58000FFF7B7F9002804D14FF47A70FFF793FA38
:10E59000002008BD08B5002143F2F662684600F08D
:10E5A000BDF8024669466220FFF7A3F944F62060F1
:10E5B000FFF781FA002008BD10B5FFF7E0F9F8F782
:10E5C00065FAF8F762FAFFF7DAF9FFF7E3FFFFF70A
:10E5D000CCFDFFF783FF284900204870BDE81040BC
:10E5E000FFF76CBDFEB5244C00256078012809D0EA
:10E5F0006A4601A902A8FFF79DFDC8B12078401C1A
:10E6000020701DE0FFF7B1FD4FF47A763046DFF75A
:10E6100014FA1B4A19491088FFF75FFE3046DFF7EE
:10E620000CFAFFF74BFD3046DFF707FA6570FEBDC9
:10E63000BDF8080020B12570DDE90021F8F783F965
:10E640002078104E05280AD9B08F0022401CB087D0
:10E6500011461046F8F777F92570FFF7ADFF2078DF
:10E66000F0876420DFF7E9F9FEBD034A012151700C
:10E670000349088070470000E0220020D8210020D4
:10E68000FA010060B402026070B50546FF20002365
:10E6900031240FE0EA5C50400822060602D584EAE5
:10E6A000400000E04000521EC0B212F0FF02F4D160
:10E6B0005B1C9BB28B42EDD370BD10B51446FFF7C7
:10E6C000E3FFA04201D0012010BD002010BDF0B535
:10E6D0000546080A287002201F4616466970002465
:10E6E00019E036F81410090A2954401C80B216F8B3
:10E6F00014102954401C1FFA80FC05EB0C00022169
:10E70000801EFFF7C1FF05F80C000CF1010C641C22
:10E710001FFA8CF0E4B2BC42E3D3F0BD130A4354B9
:10E72000491C89B24254491C88B2704770B50446EE
:10E73000100E6054491C88B2110C2154401C86B242
:10E74000A01915460221801EFFF79EFFA055761CDA
:10E75000B0B2290A2154401C80B202212554401C29
:10E7600085B26019801EFFF78FFF60556D1CA8B23F
:10E7700070BDDBE730B50446100A6054491C88B20E
:10E7800002212254401C85B26019801EFFF77CFFD5
:10E7900060556D1CA8B230BD92B2EBE770B504466F
:10E7A000100E6054491C88B2110C2154401C85B2D3
:10E7B000601916460221801EFFF766FF60556D1C2A
:10E7C000A8B2310A2154401C80B202212654401CB8
:10E7D00085B26019801EFFF757FF60556D1CA8B207
:10E7E00070BDF0B505469C461746D80701D00420F9
:10E7F000F0BD002412E0385D6854491C88B2391914
:10E8000049782954401C86B2A8190221801EFFF7BE
:10E810003BFFA855761CA41CB1B2A4B26445EAD350
:10E820000846F0BD2DE9F0410D46510801EB4101CC
:10E830008EB2D10702D00420BDE8F08132462946CD
:10E84000FFF777F80028F7D10024274612E02819AF
:10E85000844682780221FFF730FF0028ECD1285D42
:10E86000E8557F1CB8B29CF801102954401CE41CE8
:10E8700087B2A4B2B442EAD30020DDE708B1BC4BB2
:10E88000036011B1BA4808380860002A02D0B848BD
:10E89000001F10607047412801D2012070470020FE
:10E8A0007047B44800787047B349085C401C704713
:10E8B000B249084410F8010C70472DE9F0410C46AC
:10E8C0000746FFF7F5FF94B3552121804FF0FF363F
:10E8D000C4F802600025A57104212172C2B2294644
:10E8E0000120DFF7D9FBC4F8090084F86452D4F89A
:10E8F0006542E4B16F202080C4F80260A571082051
:10E90000207204F10900064607F01EFB00221146A2
:10E91000304607F022FB00220121304607F01DFBA4
:10E9200000220221304607F018FB84F86452384672
:10E93000BDE8F041E1F704B810B50C4603460022EB
:10E94000FFF7B6FF402B08D2C1B20120DFF73AF93A
:10E950000146204607F0B6FB0246104610BD2DE9E1
:10E96000F043ADF51B7D8146DDE9A254984608468B
:10E97000FFF79EFF0227FE1E4F2A2CD008DC1C2A20
:10E980001CD0242A27D04B2A0DD04D2A08D110E0C4
:10E99000512A48D0552A20D06F2A28D0752A4ED027
:10E9A0002F7020205AE002460021484602F0B5FFB1
:10E9B0004DE0C1B20120DFF705F903E0C1B201204B
:10E9C000DFF75AF80146684607F07CFB694648467F
:10E9D00003F060F83BE0002136E0C2B200210120E4
:10E9E000DFF75AFB0146484603F005FA2FE096A8E8
:10E9F00007F0AAFA0022114696A807F0AEFA002204
:10EA0000012196A807F0A9FA0022022196A807F092
:10EA1000A4FA0022032196A807F09FFA96A9484677
:10EA200002F00AFF13E0C1B20120DFF7C3FA08B118
:10EA3000012100E00021484602F035FE07E0C1B2A6
:10EA40000120DFF761F90146484603F027F9002865
:10EA500006DBB8F1FF3F03D02F7032202070304624
:10EA60000DF51B7DBDE8F08370B5ADF5187D04464E
:10EA7000D0F8641200256A460C3002F0F9F8022240
:10EA8000002803DA84F86922252008E0E08882283B
:10EA90000BD0A068401C08D084F86922322084F88A
:10EAA0006A0200200DF5187D70BDD4F80200FFF752
:10EAB000FFFE0146E0880926512847D007DC02AB5B
:10EAC0001C2838D024280AD04D2808D128E0552801
:10EAD0000CD0672803D06F2801D0752813D084F894
:10EAE0006922202084F86A022846DBE79DF80200AC
:10EAF00004282FD1CAB2DDF8033094F8681201203F
:10EB0000DFF715FF31E09DF80200092822D1CAB2D3
:10EB10009DF8033094F868120120DFF7EEFD24E041
:10EB20009DF80200072815D1CAB294F86812012096
:10EB3000E0F7FFF919E09DF8020007280AD1CAB2F0
:10EB400094F868120120DFF783FE0EE09DF80200C2
:10EB5000012804D084F8692284F86A62C4E79DF829
:10EB60000320C9B20120E0F7A8F90125BCE70000A5
:10EB70003C430508800200604C2500204C27002003
:10EB800008B1FA4B036011B1F84808380860002A50
:10EB900002D0F648001F10607047412801D20120C2
:10EBA000704700207047F24800787047F149085CD0
:10EBB000401C7047F049084410F8010C7047F8B544
:10EBC00000218DF800100C46C0B26946ECF7A6FF94
:10EBD0009DF800100220E0F7DAFB06469DF80000E1
:10EBE000402813D2E54DE1B29DF800200220DFF766
:10EBF00053FAA84207D0E1B29DF800200220DFF7C7
:10EC00004BFA064602E0641C102CECD33046F8BDEB
:10EC10002DE9F0410546C1B200240220E0F7B7FB20
:10EC20000746402D11D2D54EEAB2E1B20220DFF7FD
:10EC300033FAB04206D0EAB2E1B20220DFF72CFA92
:10EC4000074602E0641C102CEED33846BDE8F08184
:10EC50002DE9F04100240546264640280DD2C74F35
:10EC6000EAB2E1B20220DFF717FAB84204F1010478
:10EC700001D0264601E0102CF2D33046E6E70B46E1
:10EC800010B5002140280CD25AB1102A09D8062A02
:10EC900007D0521EC0B2D1B202460220DFF747FEB3
:10ECA0000121084610BD10B5002240280CD259B1F0
:10ECB000102909D8062907D0C2B2491EC9B2AF4BE4
:10ECC0000220DFF734FE0122104610BD10B50C46BD
:10ECD00003460022FFF76EFF402B08D2C1B202208C
:10ECE000DEF770FF0146204607F0ECF902461046B9
:10ECF00010BD2DE9FF4FADF51B7D8246DDE9A898DB
:10ED000000241F4626460846FFF754FF05469D98F7
:10ED10004FF0FF3B51285AD00CDC4B281BD004DCB1
:10ED20001C2823D0242811D14FE04D2819D04F287A
:10ED30000CD128E0682870D004DC552825D057284D
:10ED400004D159E06F2824D075284CD0022089F8CE
:10ED500000002021A2E02A460121504602F0DDFDFC
:10ED60008BE0E9B20220DEF72DFF03E0E9B20220DA
:10ED7000DEF782FE0146684607F0A4F96946504670
:10ED800002F088FE79E0012132E02846FFF740FFDB
:10ED900090E096A807F0D8F80022114696A807F050
:10EDA000DCF80022012196A807F0D7F80022022102
:10EDB00096A807F0D2F80022032196A807F0CDF814
:10EDC00096A9504602F038FD57E0002110E0E9B264
:10EDD0000220DFF7EFF808B1012100E000215046E2
:10EDE00002F061FC49E0E9B20220DEF78DFF014646
:10EDF000504602F053FF40E087B1781C13D0102F2B
:10EE000048D8EAB200210220DFF746F95B49884280
:10EE10002DD1504602F07BFC2FE047E010215046F8
:10EE200002F00BFF29E0EAB2F1B20220DFF734F979
:10EE30005249884204D10AEB040002F068FC09E060
:10EE4000EAB2F1B20220DFF727F901460AEB04002B
:10EE500002F0D1FF0444B4F5167F03DA761C102EBD
:10EE6000E1D30BE0052189F80010122116E0EAB287
:10EE700000210220DFF710F91CE00446002C10DB13
:10EE80009D9857280DD07F1C0BD0022089F80000D8
:10EE9000322103E0022089F800002A2188F80010BE
:10EEA0005C460DF51F7D2046BDE8F08FE9B20220DB
:10EEB000E0F76DFA0146504602F09DFFDDE72DE9CF
:10EEC000F043ADF5197D0446D0F8641200256A467A
:10EED0000C3001F0CDFE02274FF02508002804DA9F
:10EEE00084F8697284F86A820AE0E08857280CD0B6
:10EEF000A068401C09D084F86972322084F86A0244
:10EF000000200DF5197DBDE8F083D4F80200FFF76D
:10EF100051FE0646E08804F26A235A1E09214FF08A
:10EF20002809512855D00DDC02AB4B284CD004DC0D
:10EF30001C2875D0242811D146E04D2856D04F28E2
:10EF40000CD141E0682876D004DC552818D0572829
:10EF500004D139E06F2837D0752852D084F869720F
:10EF6000202084F86A022846CBE7000068430508A1
:10EF7000E2220020CC250020CC27002000007F4387
:10EF80009DF8020004280CD00021684604F096FF8A
:10EF90000500E8D094F868123046FFF784FE054675
:10EFA0000BE094F86822DDF803103046FFF767FEA7
:10EFB000054694F86802062806D0002DD3D184F8BF
:10EFC000697284F86A82CEE784F8697284F86A927A
:10EFD000C9E70121684604F071FF0500C3D09DF820
:10EFE0000320F1B20220DFF768FFBCE79DF80200C2
:10EFF000072824D1F2B294F868120220DFF799FFB3
:10F0000028E09DF80200092819D19DF80330F2B2DA
:10F0100094F868120220DFF770FB1BE000E00AE0C2
:10F020009DF8020007280AD1F2B294F86812022073
:10F03000DFF70EFC0EE09DF80200042804D084F8EF
:10F04000697284F86A128EE7DDF80320F1B20220BB
:10F05000E0F72EF9012586E708B1F84B036011B1FE
:10F06000F64808380860002A02D0F448001F1060F3
:10F070007047F349084410F8010C704710B50C466E
:10F0800003460022FFF7F5FF802B08D2C1B2002013
:10F09000DEF798FD0146204607F014F802461046B8
:10F0A00010BD812801D20120704700207047E5483B
:10F0B00000787047E449085C401C70472DE9F04136
:10F0C000002705463C46802811D2E04EEAB2E1B264
:10F0D0000020DEF7E1FFB04206D0EAB2E1B2002044
:10F0E000DEF7DAFF074602E0641C102CEED3384648
:10F0F000BDE8F0812DE9F041002405462646802830
:10F100000DD2D24FEAB2E1B20020DEF7C5FFB8421D
:10F1100004F1010401D0264601E0102CF2D3304660
:10F12000E6E710B50B460021144680280AD24CB100
:10F13000102C07D8062C05D0C2B221460020DFF7DC
:10F14000F6FB0121084610BD10B5002280280BD225
:10F1500051B1102908D8062906D0C2B2C9B2BB4B9A
:10F160000020DFF7E4FB0122104610BD2DE9F04F2F
:10F17000ADF51B7D8246DDE9A49800241F46264696
:10F180000846FFF776FF05464FF0FF3B512A59D05E
:10F190000CDC4B2A1BD004DC1C2A23D0242A11D1DE
:10F1A0004EE04D2A19D04F2A0CD128E0682A6FD0A2
:10F1B00004DC552A25D0572A04D158E06F2A23D0E1
:10F1C000752A4BD0022089F8000020219FE00246DA
:10F1D0000221504602F0A1FB8BE0C1B20020DEF715
:10F1E000F1FC03E0C1B20020DEF746FC01466846B0
:10F1F00006F068FF6946504602F04CFC79E00221B7
:10F2000031E0FFF75BFF72E096A806F09DFE00225A
:10F21000114696A806F0A1FE0022012196A806F04C
:10F220009CFE0022022196A806F097FE00220321F0
:10F2300096A806F092FE96A9504602F0FDFA58E014
:10F24000002110E0C1B20020DEF7B4FE08B10121B8
:10F2500000E00021504602F026FA4AE0C1B2002048
:10F26000DEF752FD0146504602F018FD41E087B13D
:10F27000781C13D0102F46D80021EAB20846DEF7DA
:10F280000BFF724988422DD1504602F040FA30E01F
:10F2900045E01021504602F0D0FC2AE0EAB2F1B27B
:10F2A0000020DEF7F9FE6949884204D10AEB040028
:10F2B00002F02DFA09E0EAB2F1B20020DEF7ECFE2E
:10F2C00001460AEB040002F096FD0444B4F5167FF3
:10F2D00003DA761C102EE1D30CE0052189F800102A
:10F2E000122114E00021EAB20846DEF7D5FE0146FD
:10F2F00016E00446002C0DDB7F1C0BD0022189F8A0
:10F300000010322103E0022089F800002A2188F849
:10F3100000105C460DF51B7D2046BDE8F08F0021F6
:10F32000504602F068FDE4E72DE9F0410446ADF5F2
:10F33000187D16460F460025D0F80200FFF799FE0B
:10F340008046FFF7AEFE60B1D4F864126A4604F15D
:10F350000C0001F08DFC0221002806DA397025200E
:10F360000BE0012038701F2007E0E088572809D003
:10F37000A268521C06D039703220307000200DF582
:10F38000187DB5E6092251284ED00DDC02AB4B2882
:10F3900067D004DC1C282DD024280DD161E04D2835
:10F3A0001CD04F2808D15CE0552808D0572858D0E9
:10F3B0006F2856D0752829D03970202053E09DF849
:10F3C0000200042802D0397032704DE094F86822AF
:10F3D000DDF803104046FFF7A4FE40E09DF8020070
:10F3E000072825D108F0FF0294F868120020DFF703
:10F3F000A0FD34E09DF80200072819D108F0FF02B3
:10F4000094F868120020DFF723FA28E09DF8020044
:10F4100009280DD19DF8033008F0FF0294F8681216
:10F420000020DFF76AF91AE09DF8020009280FD0E2
:10F4300084F8691284F86A2216E000009C430508EB
:10F440004C280020810200604C26002000007F43F1
:10F450009DF8032008F0FF010020DFF72EFD0125B5
:10F4600002E0397028203070284688E72DE9F04105
:10F470000C460746FFF7FDFD94B3552121804FF060
:10F48000FF360025C4F80260A57104212172C2B2C2
:10F4900029462846DEF700FEC4F8090084F86452C5
:10F4A000D4F86542E4B16F202080C4F80260A571F1
:10F4B0000820207204F10900064606F045FD0022EE
:10F4C0001146304606F049FD00220121304606F083
:10F4D00044FD00220221304606F03FFD84F86452CC
:10F4E0003846BDE8F041E0F759BA000030B503787E
:10F4F0000C780022A34221D1072B09D9072307E06A
:10F5000084188D1864786D78AC4217D1521CD2B231
:10F510009A42F5D302890B899A420FD1A2B1837A1C
:10F520008A7A93420AD1072B00D90723002209E0E7
:10F5300084188D18E47AED7AAC4201D0002030BDF9
:10F54000521CD2B29A42F3D3012030BDFD49FE4A8B
:10F550000AE00B78DB0706D0D1F80130834202D1F4
:10F560000020087070471F319142F2D9704770B582
:10F570000020821EF349F44C0BE00B7803F00703E4
:10F58000012B05D1D1F81B30934201D81A46084609
:10F590001F31A142F1D980254FF4616688B9E9494C
:10F5A0000BE00B7803F00703032B05D1D1F81B30D8
:10F5B000934201D81A4608461F31A142F1D90028CA
:10F5C00002D00570C0F81B6070BD41F6E161DD48F6
:10F5D00009F00DBB10B5DB480022DB4B0DE00178D4
:10F5E000CC0705D0890702D4D0F81B1001B90270EE
:10F5F0000178090600D502701F309842EFD910BD7E
:10F6000030B5D04BD04C19E01D78ED0715D0D3F8AC
:10F610000150854211D1187884070BD43AB140F0DB
:10F62000040018704FF0FF30C3F81B0030BD20F00D
:10F6300004001870C3F81B1030BD1F33A342E3D978
:10F6400030BD70B513460D460022BE4CBE4915E0D4
:10F650002678F60711D0D4F8016086420DD12078C3
:10F6600080070DD4122204F10901184609F0A6FA08
:10F67000D4F805000122286002E01F348C42E7D94B
:10F68000104670BD2DE9F0410F4680460026AD4C76
:10F69000AD4D11E0207800F0030001280BD1414668
:10F6A00004F1090006F0BEFB28B117B1D4F801003F
:10F6B0003860012602E01F34AC42EBD93046BDE889
:10F6C000F0812DE9F0470E460546914600219D4CFC
:10F6D0004FF461679C4824E02278D20720D0D4F808
:10F6E0000120AA421CD11222494604F1090009F066
:10F6F00065FAC4F8056020789449820709D4420766
:10F7000002D54FF0FF3104E0020702D5C4F81B70A8
:10F7100001E0C4F81B1020F002002070BDE8F08763
:10F720001F348442D8D90029F8D1864C4FF0010803
:10F7300003E02278D20708D01F348442F9D9002987
:10F74000ECD1FFF714FF0400E8D084F80080C4F87F
:10F750000150C4F805601222494604F1090009F07D
:10F760002DFAC4F81B70D9E72DE9F0410F46134676
:10F7700005460026734C74491FE02078C0071BD053
:10F78000D4F80100A84217D12078800712D40126AE
:10F79000122204F10901184609F010FAD4F8050004
:10F7A00038602078010705D520F0080020706748F0
:10F7B000C4F81B00304682E71F348C42DDD9614813
:10F7C00003244FF4616604E0027812F0810F05D043
:10F7D0001F308842F8D9FFF7CAFE20B10470C0F884
:10F7E0000150C0F81B60002069E770B50D46134654
:10F7F000544C554919E02278D20715D0D4F801208D
:10F80000824211D11222194604F1090009F0D6F9F9
:10F81000C4F80550207820F002002070400702D480
:10F820004A48C4F81B0070BD1F348C42E3D970BD38
:10F8300070B50E46014600201546FF2914D2414AF4
:10F84000C1EB41118C18217801F0030101290BD182
:10F85000122204F10901184609F0B0F954F8010F19
:10F86000306060682860012070BD00203549364A4C
:10F8700006E00B7803F00303012B00D1401C1F317D
:10F880009142F6D97047F0B5ADF5177D06460025D3
:10F890002C4C2D4F22E0207800F0030001281CD1D1
:10F8A000D4F801207019082102F037F80544B4F8A3
:10F8B0001110701902F0C1F9E27C054412B104F193
:10F8C000140102E0627A04F10A01684606F03AFD8A
:10F8D0007019694602F046F805441F34BC42DAD973
:10F8E0000DF5177D2846F0BD2DE9F04FADF5197DDA
:10F8F0008146002701F114000D46B846969006F0A7
:10F9000023FB00221146969806F027FB00220121D6
:10F91000969806F022FB00220221969806F01DFB25
:10F92000A86AC0F5167B0020E862FFF79EFF5FEA39
:10F93000000A21D0686A0123082802D1C5F83DA039
:10F940006B6305E040A2046002C1046080510100C5
:10F95000D5F83D0000280CDA6A6B511C01440129DE
:10F9600003DAC5F83D206B6303E069634042C5F8E4
:10F970003D00686B504504D900200DF5197DBDE8A8
:10F98000F08FD5F83D100144491E9791514501D99A
:10F99000CDF85CA23D4C012600E01F34217801F037
:10F9A00003010129F9D106E014F81F1B01F003013E
:10F9B000012900D1761CB042F6D198963AE0BBF10D
:10F9C000110F05D201220221969806F0C6FA34E002
:10F9D000D4F8012009EB0700082101F09EFF8046C2
:10F9E00007EB0802B4F8111002EB090002F025F948
:10F9F000E27C804412B104F1140102E0627A04F165
:10FA00000A01684606F09EFC07EB080101EB0900BD
:10FA1000694601F0A7FF4044ABEB000B0744B0463A
:10FA2000E86A761C401CE86214F81F0F00F003001F
:10FA30000128F9D197988642C1D99898012804D114
:10FA400001220021969806F088FAD04504D10122BF
:10FA50001146969806F081FA38468EE730B50B4984
:10FA600000240B4B0FE00A7812F0810F0AD05207E6
:10FA700008D4D1F81B20824203D3121AC1F81B20EC
:10FA800000E00C701F319942EDD930BD40A20460F6
:10FA900002C104601E2802D2FE4A42F820107047BC
:10FAA000FD49486070470B2803D2FA4A783242F881
:10FAB0002010704730B500210A460C4628281CD279
:10FAC000F54B10335D5C854203D1F2480DE0012215
:10FAD00013E0491C1E29F5DB7CB9EF4B00212E33C6
:10FAE0005C5C844206D1EB48783050F82100002855
:10FAF000EDD102E0491C0B29F2DB104630BD70B598
:10FB00000023044618461370282C07D2E24D103506
:10FB1000EE5CA64203D101200B60107070BD5B1C2F
:10FB20001E2BF5DB0028F9D1DB4B00222E339D5C28
:10FB3000A54202D101200A6070BD521C0B2AF6DBDF
:10FB400070BD1D2814D2DFE800F00F0F0F13130F44
:10FB500013130F0F130F1313130F0F0F130F0F1395
:10FB60000F13130F130F0F00CA4AA43242F82010CC
:10FB70007047C21E1B2A13D2DFE802F00E0E120ECF
:10FB80000E12120E120E0E0E1212120E12120E1271
:10FB90000E0E120E12120E00BE4AA43242F82010AF
:10FBA00070471E2802D2BD4A42F820107047BA4959
:10FBB00088607047B849C86070472DE9F04704462F
:10FBC000DDE9088900781E46C0F3C0001070207877
:10FBD0001546C0F38000507020780F46C0F34000F7
:10FBE0009070607801F0C0FBC5F80300607801F008
:10FBF000D6FBC5F80700A078E8722978032021B168
:10FC0000E0782873207968730520215C401C3170EE
:10FC10002218391AC8F80020A9F80010BDE8F087AA
:10FC20009D48408870479C49488070479A480078B2
:10FC300070479949087070472DE9F0418EB08046B1
:10FC40004FF000000790089009900A90ADF8180056
:10FC500002901D4616460C008DF8100005908DF898
:10FC60000C000B900C9073D0217801F0F00212116F
:10FC7000062A22D2DFE802F0034CD2D621FC06A9E4
:10FC800005A8CDE9000104AB07AA31462046FFF7DD
:10FC900094FF9DF810000C2810D00E2817D00F28C4
:10FCA0001ED0102825D012282CD0009507AB424634
:10FCB000BDF81810059804F011F914E1009507AB90
:10FCC0004246BDF81810059803F0ACFF0BE1009513
:10FCD00007AB4246BDF81810059804F044FF02E156
:10FCE000009507AB4246BDF81810059804F032F8AD
:10FCF000F9E0009507AB4246BDF81810059805F0ED
:10FD00009FF8F0E0002D6CD165490A20087068E08A
:10FD100061788DF81010B11EA31C9DF8102089B2D7
:10FD20000593ADF81810082A45D125B1012D1FD033
:10FD3000022D1DD0D7E0052E05D11878DF2802D17D
:10FD40005878FD2805D04246184603F0DFFF32E020
:10FD5000D3E0DFF7A9FE5349012008700598524906
:10FD60008078C0EB001080000880DFF7BAFE22E048
:10FD70000090019001AB6A4689B2059807F010FD2A
:10FD800010F0FF0709D002F0F9FA009988421ED35B
:10FD900002F0F4FA0199884219D82946434807F03D
:10FDA00057FA4FF0FF3000900198401C00D017B96F
:10FDB0000020E8F789FA9DF81000072809D00428E8
:10FDC0000FD0092814D0062819D0F8B18BE000987C
:10FDD000EFE72B464246BDF81810059808F030FBB7
:10FDE00081E02B46424631462046E6F75FFB7AE04B
:10FDF0004246BDF81810059808F0F9FA73E042463B
:10FE0000BDF81810059808F0CBFA6CE02B46424676
:10FE1000BDF81810059803F056FD64E0A0788DF841
:10FE2000100060E0C1F3C001022001B10420215C98
:10FE3000401C27188DF81010301A81B29DF8100060
:10FE40000597ADF818100C2804D0122809D01A28EC
:10FE500049D106E02A4631462046E5F7A4FE42E0B5
:10FE600006E03346224638460095E6F715F93AE0B3
:10FE7000A07803268DF81000122805D1E01C00217F
:10FE800001F0E6FB00B10426A01902AA03A901F0C3
:10FE900035FB0DE020480020E42200203C490020F2
:10FEA000A50000609321002094010060686100209B
:10FEB0000644A0190CAA029901F0CDFE0644A0192F
:10FEC00002AA03A901F01AFB0644A0190BAA029981
:10FED00001F0C1FE9DF810103044122903D12044D6
:10FEE000002101F0CBFB40F239104543044840F2B9
:10FEF000722100EB450008F07AFE0EB0BDE8F081FB
:10FF0000F65E002008B1B64B036011B1B448083862
:10FF10000860002A02D0B2480C38106070474128AF
:10FF200001D20120704700207047AE48007870472A
:10FF3000AD49085C401C70477047AC49084410F854
:10FF4000010C7047002070470020704700B5FFF794
:10FF5000F4FF402802D2A64A0021115400BD2DE929
:10FF6000F0410C460746FFF7E8FFCCB3552121804E
:10FF70004FF0FF36C4F802600025A57109212172F7
:10FF8000C2B229460320DEF787F809F049FAC4F81F
:10FF9000090084F86452D4F865420CB36F202080C5
:10FFA000C4F80260A5710820207204F10900064619
:10FFB00005F0CAFF00221146304605F0CEFF0022B0
:10FFC0000121304605F0C9FF00220221304605F02C
:10FFD000C4FF00220321304605F0BFFF84F86452BD
:10FFE0003846BDE8F041DFF7C2BC0020704710B5CD
:10FFF0000C4603460022FFF7A0FF402B08D2C1B2F7
:020000040803EF
:100000000320DDF7DFFD0146204606F05BF80246DF
:10001000104610BD2DE9F043ADF51B7D8146DDE9AD
:10002000A25498460846FFF788FF0227FE1E4F2A73
:100030002AD008DC1C2A1AD0242A5BD04B2A0BD0E9
:100040004D2A06D10EE0542A56D0552A1ED06F2ACA
:1000500028D02F70202047E002460321484601F0B7
:100060005CFC3AE0C1B20320DDF7ACFD03E0C1B2B5
:100070000320DDF701FD0146684606F023F86946D6
:10008000484601F007FD28E0032107E0C2B2002145
:100090000320DEF701F809F0C3F92FE0484601F02C
:1000A000FDFD1AE096A805F04FFF0022114696A824
:1000B00005F053FF0022012196A805F04EFF002213
:1000C000022196A805F049FF0022032196A805F019
:1000D00044FF96A9484601F0AFFB002806DBB8F1C3
:1000E000FF3F03D02F703220207030460DF51B7D6E
:1000F000BDE8F0830021D1E7DFF73BFB0146CDE708
:10010000F0B5ADF5197D0446D0F8641200256A46B5
:100110000C3000F0ADFD02262527002804DA84F813
:10012000696284F86A7207E0A068401C08D084F80D
:100130006962322084F86A0200200DF5197DF0BD55
:10014000E0884F2845D008DC1C2842D0242840D025
:100150004B283ED04D280BD13BE004F26A235A1EB7
:10016000512814D054281DD0552805D06F2830D0E0
:1001700084F8696220202FE00921684603F09EFE82
:1001800005002BD0DDF80300012827D91BE0012151
:10019000684603F093FE050020D0D4F80200FFF774
:1001A000CCFE1BE00921684603F088FE050015D04F
:1001B000DDF80300022806D29DF80310D4F80200EF
:1001C000DFF7EBFA0AE084F86962002584F86A72C6
:1001D00004E084F86962282084F86A022846ACE7C3
:1001E000C04305081D2300208C2500208C270020FB
:1001F000B449002008B1F34B036011B1F14808384D
:100200000860002A02D0EF480C381060704781283F
:1002100001D20120704700207047EB4800787047FA
:10022000EA49085C401C7047E949084410F8010C91
:10023000704710B50C4603460022FFF7F5FF802BF0
:1002400008D2C1B20920DDF7BDFC0146204605F009
:1002500039FF0246104610BD2DE9F0410026054643
:100260003446802813D2DB4FEAB2E1B20920DDF731
:1002700013FFB84208D0EAB2E1B20920DDF70CFF63
:1002800009F0CEF8C6B202E0641C102CECD3304664
:10029000BDE8F0812DE9F04FADF51B7D9846DDE915
:1002A000A4A906460B4600240846FFF7BDFF0546F5
:1002B0004FF0FF3B512A5AD00CDC4B2A17D004DCFC
:1002C0001C2A1FD0242A0DD14FE04D2A15D04F2AC9
:1002D00008D124E0542A4FD0552A22D0572A52D090
:1002E0006F2A26D002208AF800002021A4E01A46B6
:1002F0000521304601F011FB5CE0C1B20920DDF7B9
:1003000061FC03E0C1B20920DDF7B6FB0146684697
:1003100005F0D8FE6946304601F0BCFB4AE00521F5
:100320002DE0C2B200210920DDF7B6FE09F078F811
:1003300024E096A805F008FE0022114696A805F0D4
:100340000CFE0022012196A805F007FE00220221E2
:1003500096A805F002FE0022032196A805F0FDFDF7
:1003600096A9304601F068FA24E0002107E0002158
:10037000304601F098F91DE0DFF75FFA014630469C
:1003800001F08CFC16E00027B8F1000F14D0B8F192
:10039000FF3F16D0B8F1100F4AD8A8F10104EAB215
:1003A000E1B20920DDF778FE8A49884237D130462C
:1003B00001F0ADF9044623E01021304601F03DFC88
:1003C000F8E7EAB239460920DDF766FE814988423E
:1003D00003D1301901F09BF90AE0EAB2394609204D
:1003E000DDF75AFE09F01CF8C1B2301901F056FCD5
:1003F0000444B4F5167F0DDA7F1CFFB2102FE0D352
:10040000002C1CDBB8F1FF3F19D002208AF8000055
:10041000322111E005218AF8001012210CE0EAB225
:10042000E1B20920DDF738FE08F0FAFFC1B2A6E715
:1004300002208AF800002A2189F800105C460DF598
:100440001B7D2046BDE8F08F2DE9F0470446ADF551
:10045000187D15460E460027D0F80200FFF7D7FE9C
:1004600088B1D4F864126A4604F10C0000F000FC74
:100470004FF002084FF0250A002808DA86F80080BD
:1004800085F800A00DE0012030701F2008E0E08812
:1004900057280BD0A068401C08D086F80080322076
:1004A000287000200DF5187DBDE8F087D4F8020013
:1004B000FFF7BAFE8146E08809214F287CD009DC8D
:1004C00002AB1C284BD0242876D04B2874D04D2862
:1004D00008D138E0512826D0542852D0552805D0CC
:1004E0006F2869D086F80080202068E09DF802001F
:1004F00009281CD1DDF80300012807D0DDF803002E
:1005000020B186F8008085F800A059E09DF803002E
:1005100008F04AFF034609F0FF0294F86812092028
:10052000DEF705FA2BE09DF80200012803D086F8DB
:100530000080297044E09DF8032009F0FF010920A4
:10054000DEF7BBFC1BE09DF8020007280BD109F089
:10055000FF0294F868120920DEF7EBFC0FE09DF82B
:100560000200072804D084F8698284F86A1227E020
:1005700009F0FF0294F868120920DEF769F90127F3
:100580001EE004F26A235A1E0921684603F096FC15
:10059000070015D0DDF80300022807D29DF80310EC
:1005A000D4F80200DFF75CF90AE005E084F869821C
:1005B000002784F86AA203E086F8008028202870CB
:1005C00038466FE7EC43050882020060CC26002025
:1005D000CC28002000007F4308B1F94B036011B123
:1005E000F7482C300860002A02D0F548001F106040
:1005F0007047412801D20120704700207047F14820
:1006000000787047F049085C401C7047EF49084487
:1006100010F8010C7047F8B500218DF800100C4659
:10062000C0B26946EBF788FA9DF800100420DEF7A7
:10063000AEFE08F0F5FEC5B29DF80000402815D2C8
:10064000E34EE1B29DF800200420DDF725FDB04225
:1006500009D0E1B29DF800200420DDF71DFD08F06F
:10066000DFFEC5B202E0641C102CEAD32846F8BDB8
:100670002DE9F041C5B2002429460420DEF787FEAB
:1006800008F0CEFEC6B2402D13D2D14FE1B22A46B9
:100690000420DDF701FDB84208D0E1B22A4604206B
:1006A000DDF7FAFC08F0BCFEC6B202E0641C102CB8
:1006B000ECD33046BDE8F08110B50C46034600226D
:1006C000FFF7A4FF402B08D2C1B20420DDF77AFA6D
:1006D0000146204605F0F6FC0246104610BD2DE905
:1006E000FF4FADF51B7D0746DDE9A8A9002498461C
:1006F00026460846FFF78AFF05469D984FF0FF3BC8
:10070000512859D010DC2E287ED006DC04287CD05D
:100710001C2827D0242815D14CE04B2817D04D2871
:100720001BD04F280ED123E068286FD006DC542858
:100730004ED055281ED0572804D14EE06F281DD02A
:10074000752875D002208AF800002021A6E02A46EC
:100750000421384601F0E1F88EE0E9B20420DDF72B
:1007600031FA03E0E9B20420DDF786F90146A5E09D
:1007700004217EE02846FFF77BFF2CE096A805F0D9
:10078000E3FB0022114696A805F0E7FB00220121B9
:1007900096A805F0E2FB0122022196A805F0DDFBF8
:1007A0000122032196A805F0D8FB96A9384601F04E
:1007B00043F861E000215CE0E9B20420DDF7FAFBD8
:1007C00008B1012100E00021384600F06CFF53E041
:1007D0002846DFF701F801464BE0B8F1000F16D0CC
:1007E000B8F1FF3F18D0B8F1100F53D8A8F10104A9
:1007F000EAB2E1B20420DDF74FFC7549884230D1FE
:10080000384600F084FF37E057E054E04EE0102116
:10081000384601F012FA2FE0EAB2F1B20420DDF717
:100820003BFC6B49884204D1381900F070FF0BE0A3
:100830004CE0EAB2F1B20420DDF72EFC08F0F0FD46
:10084000C1B2381901F02AFA0444B4F5167F03DA6C
:10085000761C102EE0D310E005218AF8001012213A
:100860001CE0EAB2E1B20420DDF716FC08F0D8FD86
:10087000C1B2384601F012FA0446002C11DB9D98F3
:1008800057280ED0B8F1FF3F0BD002208AF80000A5
:10089000322103E002208AF800002A2189F80010A2
:1008A0005C460DF51F7D2046BDE8F08FE9B20420BF
:1008B000DEF76DFDDAE747A100E047A1684605F0E5
:1008C00001FC6946384601F0E5F8D5E7E9B20420B5
:1008D000DDF71AFA7FE72DE9F043ADF5197D0446FF
:1008E000D0F8641200256A460C3000F0C1F90227E6
:1008F0004FF02509002804DA84F8697284F86A92B6
:100900000AE0E08857280CD0A068401C09D084F881
:100910006972322084F86A0200200DF5197DBDE865
:10092000F083D4F80200FFF771FE0646E08804F277
:100930006A2328215A1E4FF0090C512879D011DC66
:1009400002AB2E2869D006DC042866D01C286ED0A5
:10095000242817D161E04B285FD04D2876D04F284E
:1009600010D15AE0672858D006DC542879D0552891
:100970000FD0572806D150E0682873D06F284CD08C
:1009800075287CD084F86972202084F86A02284691
:10099000C3E79DF80200092820D00021684603F033
:1009A0008DFA0500F3D094F86802A0B3102832D86D
:1009B000401EC1B2064BF2B20420DDF7B8FFE6E7F5
:1009C000144405081E2300200C2600200C280020BB
:1009D00000007F436F6E00006F66660094F86882C7
:1009E000B8F1000F1ED0B8F1100F1BD8B8F1060FE8
:1009F00013D0DDF80300012814D89DF80300A8F1F6
:100A0000010808F0D1FC0346F2B208F0FF0104200F
:100A1000DDF78DFF52E064E00BE084F8697284F842
:100A20006A12B4E784F8697284F86A92AFE71BE04F
:100A30000CE00121684603F041FA0500A7D09DF8BB
:100A40000320F1B20420DEF738FAA0E79DF8020097
:100A5000072825D1F2B294F868120420DEF769FA6B
:100A60002CE02DE018E00AE09DF80200072817D1DD
:100A7000F2B294F868120420DDF7EAFE1EE09DF859
:100A8000020009280CD19DF80330F2B294F86812E4
:100A90000420DDF732FE11E09DF80200092804D0A1
:100AA00084F8697284F86AC271E7DDF8030008F01F
:100AB0007BFC0246F1B20420DEF7FAFB012566E773
:100AC0000921684603F0FAF90500AAD0DDF8030011
:100AD000022806D29DF80310D4F80200DEF790FE3B
:100AE00055E700259EE7000030B4044600200029A9
:100AF0000FD0002C0DD08A780D2A0AD2DFE802F040
:100B0000070B10161C22292E33383E434800227052
:100B1000012030BC7047C978204630BC00F0C3BD0E
:100B2000D1F80310204630BC01F087B8D1F803108B
:100B3000204630BC01F02DB9D1F80310204630BC5E
:100B400001F059B951F8032F20464B6830BC01F031
:100B500070B9204630BCC91C00F004BF204630BC30
:100B6000C91C00F097BF204630BCC91C00F064BE11
:100B7000D1F80310204630BC01F090B8204630BCBC
:100B8000C91C01F0F3B9204630BCC91C01F07DB985
:100B9000D1F80520B1F80310204630BC00F0BDBEEE
:100BA0002DE9FC411C4617460D46002698B394B328
:100BB0000D2D52D2DFE805F051070C11161B202530
:100BC0002A30353A4000104600F09BFDE0704CE0C2
:100BD000E21C394600F0C5FF2CE0E21C394601F06A
:100BE00087F827E0E21C394601F0D1FA22E0E21C46
:100BF000394601F013FB1DE0E21C394600F0F3FE1C
:100C000018E0E21C394600F07CFF13E0E21C394694
:100C100000F0A6FD0EE021E0E21C394601F01BF8D1
:100C200008E0E21C394601F0C9F903E0E21C39464C
:100C300001F051F9064610E00021ADF800100191D5
:100C400001AB6A46394600F02EFE0646BDF80000AC
:100C5000A4F803000198C4F8050036B92DB1012DA0
:100C600003D0062D01D01020A0703046BDE8FC81D5
:100C70002DE9FC414FF000061446050037468DF87B
:100C8000006001961CD0DCB12878000718D42770CA
:100C900001AA6946284600F031FC78B19DF80010A1
:100CA0000646A170A8192346019AFFF779FFA1789B
:100CB000102901D0064401E04FF0FF36C4F85A7203
:100CC0003046D3E72DE9FC410027FA4D14468DF854
:100CD00000703E46019708B185E8830054B3696807
:100CE00041B32A68A868135C1B0723D410442770FB
:100CF00001AB6A4600F03BFCD0B1A9680A18AA60B3
:100D00006968081A68609DF80010012902D0019BEB
:100D100083420DD8A170286823461044019AFFF73A
:100D20003FFFA9680144A9606968081A0126686044
:100D3000C4F85A72304699E703004FF000000BD018
:100D40000D2909D2DFE801F00808070707070707A0
:100D5000070707070700104670477CB54FF00004EF
:100D600005008DF80440009410D0287800070DD4B9
:100D70006A4601A9284600F0C1FB38B1044628198B
:100D80009DF80410009AFFF7D7FF044420467CBD6D
:100D900030B404460020002A57D0002C55D0937858
:100DA0000D2B52D2DFE803F0070B10161C222A2F5E
:100DB00034393F444900204630BC00F0ACBCD27806
:100DC000204630BC00F075BCD2F80320204630BC71
:100DD00000F017BFD2F80320204630BC00F0E7BF78
:100DE000D2F80320204630BC01F015B852F8030FAA
:100DF00053680246204630BC01F02CB8204630BC77
:100E0000D21C00F0CEBD204630BCD21C00F05DBE2E
:100E1000204630BCD21C00F022BDD2F80320204670
:100E200030BC00F049BF204630BCD21C01F0ACB849
:100E3000204630BCD21C01F036B8D2F80530B2F8EA
:100E40000320204630BC00F057BD62E60246102069
:100E5000982A45D019DC352A3AD00ADC022A26D055
:100E6000262A21D101292DD002291DD003291BD1E9
:100E700019E0662A2CD0842A16D119B3012923D06F
:100E8000022910D003290FD11CE0D32A23D0D42A61
:100E900003D0D62A01D0DA2A06D121B1012902D005
:100EA000022901D101E0022070470420704709297E
:100EB000FCD2DFE801F0070709060506060B0B0068
:100EC000F4E7F0E70C2070470920704701207047D5
:100ED0000029FCD1F6E70029F4D00129F7D1F1E788
:100EE0000529F4D2DFE801F0060605040300DCE77B
:100EF000D9E7EBE7EBE770B50C0003464FF00005D0
:100F00000FD073B161781046FFF7A0FF102805D20B
:100F1000617822461846FFF73BFF05460020C4F8DB
:100F20005A02284670BD2DE9FC414FF0000406002E
:100F3000984615460F4620468DF80040019432D061
:100F400065B3317809072ED501212970C5F85A02F9
:100F500001AA6946304600F0D1FA040023D0BC4211
:100F600005D89DF80010304600F088FB10B1012C28
:100F700018D018E09DF8001069704046FFF766FF32
:100F8000A870102807D2264401462B463046019A05
:100F9000FFF706FE01E0019808B1044403E04FF0BA
:100FA000FF3400E00024204660E67CB54FF00004EA
:100FB000164605008DF80040019418D028780007E7
:100FC00015D501AA6946284600F098FA78B104467A
:100FD0009DF800103046FFF739FF0146102804D273
:100FE0002819019AFFF7A8FE00E001980444204662
:100FF0007CBD0346002000290AD0002B08D00878C9
:1010000020B148780A4601461846C1E618466BE505
:10101000704770B50C4605004FF0010647D094B3F9
:10102000A078A870A0780D283CD2DFE800F03C073B
:101030000A0A0A0F181D220A272D3200E078E870EC
:1010400031E0D4F80300C5F803002CE0D4F8030025
:10105000D4F80710C5F80300C5F8071023E0E11C19
:10106000E81C05F0BCF91EE0E11CE81C05F04CF89A
:1010700019E0E11CE81C04F0C6FF14E0E11CE81CC8
:1010800005F0B5FB0FE012E0E11CE81C05F0BCFB2D
:1010900009E0B4F80300A5F80300D4F80500C5F88A
:1010A000050000E00026D4F85A02C5F85A0230467E
:1010B00070BD0000202300202DE9FC5F00270646BC
:1010C0008DF8007001970078934600F0070088467D
:1010D000062840D1304601AA694600F00FFA9DF873
:1010E0000090044601254FF0FF3A305D00F0070103
:1010F00006290CD0C143490714D00007A8EB04010E
:1011000006EB04001AD55A46FFF74FFF18E03019D6
:1011100001AA694600F0F2F99DF800204A450FD176
:101120006D1C09E0301901AA694600F0E7F99DF845
:1011300000204A4504D16D1EEDB201E0FFF70DFE1F
:10114000044415B1002802DD0744444501D957463F
:1011500001E0002DC9D13846BDE8FC9FF0B58DB047
:101160004FF0000614000F460296354603967BD0DA
:10117000102879D20125A0700D2810D2DFE800F0E8
:1011800095073A121A212A2F353A40638C00002223
:101190001146384607F032FE10B10120E07084E0BD
:1011A000E67082E000221146384607F027FEC4F8B8
:1011B00003007AE0002138460BF0E4F808F08FF9DC
:1011C000F5E7002138460BF0DDF8C4F80300C4F859
:1011D00007106AE03946E01C05F0D9F803E039460B
:1011E000E01C04F06FFF05465FE00025E01C04F002
:1011F000ABFE5AE000221146384607F037FED6E72C
:101200000BA909A8CDE9000108AB07AA2DA1384612
:1012100007F032FD032802D004280AD044E00998E0
:10122000C3B20898C2B2079881B2E01C05F0CDF9AC
:101230003BE00798A4F80300089860710998A07132
:101240000B98E07131E00AA906A8CDE9000105ABD1
:1012500004AA20A1384607F00FFD042805D0032872
:101260000CD0022811D01FE021E00498E07005980E
:101270002071069860710A98A07116E00498E070D9
:10128000059820710698607104E00498E070059854
:1012900020716671A67108E003AB02AA11A138465D
:1012A00007F0EAFC022805D00025C4F85A620DB008
:1012B0002846F0BD0298A4F803000398C4F805007E
:1012C000F3E700002534642F2533642F2533643A77
:1012D000253364002533643A2533643A2533642E7C
:1012E000253364002534643A253764000246002023
:1012F000022A1ADB042A01DA102016E0082A01DA91
:10130000202012E0102A01DA30200EE0202A01DA33
:1013100040200AE0402A02DA4FF0500005E002D1F6
:101320004FF0600001E04FF07000322903DD8029AA
:1013300002DC40F001007047CE2902DC40F00200E0
:101340007047B1F5F07F02DC40F003007047B1F563
:10135000806F02DC40F00400704740F2C4529142BA
:10136000FADC40F005007047014601F0F001002072
:101370000911082906D2DFE801F0050406080A0C65
:101380000E1002207047042070470820704710207C
:101390007047202070474020704741207047014629
:1013A000002001F00F01062905D2DFE801F0030556
:1013B00007090C0F3220704780207047CE207047FD
:1013C0004FF4F07070474FF48060704740F2C450A3
:1013D000704770B50124002505700AB1082202701B
:1013E00002780E2903D842EA0111017004E042F0AC
:1013F000F0020270417002240178042B02D81943D4
:1014000001701AE041F005010170FD2B02D803556F
:10141000641C12E0B3F5803F07D2FE210155641C25
:1014200099B2204400F008FE06E0FF210155641C3B
:101430002044194600F022FE0444204670BD0823D3
:10144000012203700E2903D843EA0111017003E061
:10145000F822027041700222017841F00601017009
:10146000104670470823012203700E2903D843EA6F
:101470000111017003E0F82202704170022201782C
:1014800041F0070101701046704710B50346012076
:101490001A780F24B4EB121F04D109B158780870E0
:1014A000022010BD0029FCD012090A7010BD0346AD
:1014B00010B5002000290AD018780F24B4EB101FB3
:1014C00006D1022904D30AB158781070022010BD49
:1014D0000AB100091070012010BD007800F007006B
:1014E000062801D000207047012070470078C043D3
:1014F000400701D000207047012070477CB514469A
:101500000546FFF7C2FF2A7802F00701052903D03C
:10151000002306291FD021E0295CFF2905D0FE29E0
:101520000DD004B12160401C7CBD461CA81901A946
:1015300000F0ADFD3044002CF6D0019909E0461CC6
:10154000A819694600F07DFD3044002CECD0BDF8B0
:10155000001021607CBD0CB123607CBDD2435207DA
:1015600002D0002CF5D17CBD002CF5D17CBDF8B5A6
:101570001C460E460546FFF79AFF002814DD2B781F
:10158000311A03F00702052A03D00021062A27D0CA
:1015900029E02A5CFF2A08D0FE2A12D01ED2E9B127
:1015A00004B1226000F10100F8BD052916D3461CE4
:1015B000A819694600F06BFD3044002CF4D0009966
:1015C0000FE003290AD3461CA819694600F039FD2B
:1015D0003044002CE8D0BDF8001002E00020F8BD37
:1015E0000CB12160F8BDDB435B0703D0002CF9D0C0
:1015F0002260F8BD002CF4D1F8BD38B50D460022AC
:1016000004468DF800206946FFF73FFF2078000769
:1016100005D59DF80000A84201D1012038BD002069
:1016200038BD78B5054600200E468DF800001446FA
:1016300069462846FFF729FF20602878000705D56E
:101640009DF80000B04201D1012078BD002078BD96
:1016500038B50D46002204468DF800206946FFF794
:1016600014FF207800F00700062805D19DF800003F
:10167000A84201D1012038BD002038BD38B50D4643
:10168000002204468DF800206946FFF7FEFE207810
:10169000C043400705D19DF80000A84201D10120B8
:1016A00038BD002038BD002301B1012300220121F3
:1016B0008FE670B51446012305461A46FFF789FEEA
:1016C0002C54401C70BD014600200978002900D030
:1016D0000120704778B51546002604466A460096F4
:1016E000FFF79FFF50B10098205C10B101202870D7
:1016F00000E02E700098401C009078BD4FF0FF3045
:10170000FAE701004FF0000000D0012070470023ED
:101710001A4619465DE6002301225AE601460020DA
:10172000CA0700D080208A0701D540F040004A0750
:1017300001D540F020000A0701D540F01000CA068C
:1017400001D540F008008A0601D540F004004A06A1
:1017500001D540F00200090601D540F001007047B4
:101760002DE9F041074600250E4690462C461046CE
:1017700004F0EAFBBEB1761E0F2E14D8012509E055
:10178000785D6D1CFFF7CAFF0246E1B2404604F0E7
:1017900023FC641CB442F3D33878F1B200F00702A2
:1017A000404604F023FC2846BDE8F08177B581B0BF
:1017B000164604469DF80810FFF71FFF68B1204643
:1017C0006A4602A9FFF79AFE05466019324600995B
:1017D000FFF7C6FF284404B070BD4FF0FF30FAE7B2
:1017E0002DE9F041064688460025084604F0DFFB57
:1017F00080B1404604F0DDFB0746404604F0D7FBCD
:10180000C7F1010100EBC100C0B2C0F108003070A7
:1018100001240DE00020307001240BE029464046F1
:1018200004F0D1FBFFF77AFF6D1C3055EDB2641C5C
:10183000BD42F3D32046B7E770B506460D460846CD
:1018400004F0B7FB431C002208213046FFF7C1FD1E
:10185000044630192946FFF7C3FF204470BD70B518
:1018600006460C461546104604F0A3FB431C012215
:1018700021463046FFF7ADFD044630192946FFF7F3
:10188000AFFF204470BD38B50C46002100911546CD
:10189000694600F0FCFB0099890D21800099C1F395
:1018A0001501296038BD30B41446042902D030BC7B
:1018B00000207047214630BC1A46E4E7F8B50446DC
:1018C0000020164600901D4620466A46FFF7A9FEF6
:1018D00040B100982A4620443146FFF7D4FF0099D2
:1018E000084401E04FF0FF300090F8BD0B46114670
:1018F00063F39F5100F0C2BB2DE9F0411D4616462F
:10190000074604230122FFF764FD044638192A46DE
:101910003146FFF7EBFF204446E770B50446401C14
:10192000FFF7E4FF0546034600220C212046FFF79F
:1019300050FD284470BD2DE9F0414FF000050646EA
:101940000F002C460CD0084604F03DFD05463846F5
:1019500004F03FFD02E0015D3155641CAC42FADB4E
:10196000284621E770B506460D004FF0000015D05F
:10197000084604F028FD0346002206213046FFF702
:1019800028FD0446284604F01EFD2044B0F5167FCD
:1019900005D230192946FFF7CEFF204470BD002044
:1019A00070BD70B505000C4616464FF0000017D00C
:1019B000002E15D0104604F006FD034601222146F4
:1019C0002846FFF706FD0446304604F0FCFC2044A0
:1019D000B0F5167F05D228193146FFF7ACFF204439
:1019E00070BD002070BD70B513460D460A46014615
:1019F0000024184604F0A6FC00B12C46204670BD19
:101A000077B581B0054600200090164628469DF81F
:101A10000810FFF7F2FD70B128466A4602A9FFF7E9
:101A20006DFD044629193046009A04F08BFC20B164
:101A30000098044401E04FF0FF342046CBE670B537
:101A40000400049D05F101000BD0884209D82270E2
:101A5000002103E05A5C6618491C7270A942F9D350
:101A600070BD002070BDF8B506460F46084604F06C
:101A700039FB0546384604F03BFB0446384604F083
:101A80003DFB024623464FF4167130460095FFF7A2
:101A9000D6FFF8BD2DE9F04107460E46084604F092
:101AA00021FB451C2B46002207213846FFF791FCFD
:101AB00004462844B0F5167F05DA38193146FFF799
:101AC000D2FF204470E600206EE62DE9F041074683
:101AD0000C461646104604F005FB451C2B46012219
:101AE00021463846FFF775FC04462844B0F5167FBA
:101AF00005DA38193146FFF7B6FF204454E60020D6
:101B000052E670B50C4616460178421C0025631E4D
:101B1000304604F0AFFA00B12546284670BD77B5CF
:101B200081B0054600200090164628469DF8081012
:101B3000FFF763FD88B128466A4602A9FFF7DEFC7D
:101B40000446009B2A19295D3046521C5B1E04F096
:101B500091FA20B10098044401E04FF0FF34204690
:101B600039E638B50C464FF000011500ADF800100D
:101B700008D0012C08D0022C09D0032C0ED0042C44
:101B800010D01160204638BD00781060FAE7694631
:101B900000F057FABDF800002860F3E7114600F0A6
:101BA00060FAEFE7114600F072FAEBE777B581B023
:101BB000164604469DF80810FFF71FFD60B1204649
:101BC0006A4602A9FFF79AFC054660193246009959
:101BD000FFF7C7FF2844FEE54FF0FF30FBE5FF2984
:101BE00002D8017001207047B1F5803F02D289B25E
:101BF00000F022BAB1F1807F01D200F02BBA00F0E0
:101C00003DBA70B514460646FF2A01D801230AE002
:101C1000B4F5803F01D2022305E0B4F1807F01D208
:101C2000032300E004230122FFF7D3FB05467019CC
:101C30002146FFF7D4FF284470BD70B50446401C10
:101C4000FFF7CDFF05460346002202212046FFF79D
:101C5000C0FB284470BD38B51446002200926A4685
:101C6000FFF77FFF002C01D00099216038BD7CB5C3
:101C700016460446FFF7C1FC60B120466A4601A93A
:101C8000FFF73CFC0546601932460099FFF7E3FF79
:101C900028447CBD4FF0FF307CBDA0E770B5044602
:101CA000401CFFF7FAFF05460346002209212046A3
:101CB000FFF78FFB284470BD70B514460646FF2A17
:101CC00001D801230AE0B4F5803F01D2022305E0E8
:101CD000B4F1807F01D2032300E004230122FFF747
:101CE00078FB054670192146FFF7D7FF284470BDE1
:101CF00010B50C464AB1012C09D0022C0BD0032C94
:101D00000DD0042C0FD000201060204610BD1146CD
:101D100000F0D1F9F9E7114600F0E0F9F5E71146D6
:101D200000F0F4F9F1E7114600F00FFAEDE777B5AE
:101D300081B0164604469DF80810FFF75EFC60B1BE
:101D400020466A4602A9FFF7D9FB054660193246CC
:101D50000099FFF7CDFF28443DE54FF0FF303AE50D
:101D600001F18002FF2A02D849B200F0A1B901F5C1
:101D70000042B2F5803F02D209B200F0AAB9AD4AE2
:101D80006FF07F430A449A4201D200F0B8B900F0E4
:101D9000D3B970B50446401CFFF7E2FF0546034681
:101DA000002203212046FFF714FB284470BD70B5C4
:101DB000064602F180001446FF2801D801230FE0F7
:101DC00004F50040B0F5803F01D2022308E09948B5
:101DD0006FF07F422044904201D2032300E00423AD
:101DE00001223046FFF7F5FA054670192146FFF744
:101DF000B7FF284470BD70B50A460446411C104622
:101E000000F0E6F905460346002204212046FFF7CC
:101E1000E0FA284470BD70B5154606460423012239
:101E2000FFF7D7FA04463119284600F0D1F92044CB
:101E300070BD70B515460446821C1946284600F050
:101E4000FAF905460346002205212046FFF7C1FAAC
:101E5000284470BD2DE9F04115461E46074608236B
:101E60000122FFF7B6FA04463A192846314600F037
:101E7000E2F9204498E40A7802704A7842708A783D
:101E80008270C978C1700420704770B50446401C48
:101E9000FFF7F1FF0546034600220B212046FFF71E
:101EA00098FA284470BD70B51446054604230122F3
:101EB000FFF78FFA0346E8182146FFF7DCFF1844C6
:101EC00070BD02780A7042784A7082788A70C07851
:101ED000C870042070470B46042906D000211170F9
:101EE000D17051709170184670471146E9E738B5C6
:101EF0000D4604466946FFF7C8FA9DF800000B2816
:101F000002D04FF0FF3038BD601C2946FFF7D9FFE3
:101F1000401C38BD38B504460020154600902046C8
:101F20006A46FFF77EFB38B1009829462044FFF748
:101F3000C8FF0099084401E04FF0FF30009038BD21
:101F40000A8840F26C739A4202D3A2F26C7201E0EA
:101F5000FF2A08D802708A784270CA78827009799C
:101F6000C170042070474FF0FF30704770B50446D1
:101F7000401CFFF7E5FF0546034600220A212046E4
:101F8000FFF727FA284470BD70B5154606460423AE
:101F90000122FFF71EFA044630192946FFF7D0FF49
:101FA000204470BD027802F26C720A8042788A7016
:101FB0008278CA70C0780871042070470B460429E3
:101FC00006D00021D17091701171118018467047B0
:101FD0001146E7E738B50D4604466946FFF755FA5E
:101FE0009DF800000A2802D04FF0FF3038BD601C79
:101FF0002946FFF7D7FF401C38BD38B504460020FE
:102000001546009020466A46FFF70BFB38B1009852
:1020100029462044FFF7C6FF0099084401E04FF02D
:10202000FF30009038BD2023037041708270032080
:1020300070470000FFFF7F000A0A02704170022013
:10204000704729B1027812020A80407802430A8060
:10205000022070470A0C02700A0A42708170032045
:10206000704749B1027812040A60437842EA0322B9
:102070000A60807802430A60032070470A0E0270EB
:102080000A0C42700A0A8270C1700420704769B15C
:10209000027812060A60437842EA03420A608378B3
:1020A00042EA03220A60C07802430A6004207047B3
:1020B00001700120704751B10278120602D56FF00D
:1020C000FF0200E000220A60007802430A6001205B
:1020D00070470A0A027041700220704769B10278A5
:1020E000120601D5214A00E000220A60037842EA84
:1020F00003220A60407802430A60022070470A0CFB
:1021000002700A0A427081700320704791B1027810
:10211000120602D54FF07F4200E000220A600378E9
:1021200042EA03420A60437842EA03220A60807866
:1021300002430A60032070470A0E02700A0C4270C4
:102140000A0A8270C1700420704769B102781206D1
:102150000A60437842EA03420A60837842EA032233
:102160000A60C07802430A60042070470000FFFF45
:10217000C37863F30702837863F30F224378007810
:1021800063F3174260F31F6204200A60704704295A
:1021900003D000230846136070471146E8E777B57F
:1021A00081B0164604469DF80810FFF726FA60B184
:1021B00020466A4602A9FFF7A1F905466019314693
:1021C000FFF7D6FF284404B070BD4FF0FF30FAE7A8
:1021D000020E0A70020C4A70020A8A70C87004204B
:1021E000704710B5047864F30702447864F30F2253
:1021F000847864F31742C47864F31F62047964F34B
:102200000703447964F30F238479C07964F3174397
:1022100060F31F63C1E90023082010BD10B40C4611
:10222000082905D00021C2E90011204610BC7047E2
:1022300010BC1146D5E71070030A5370030C93705D
:10224000000ED0701171080A5071080C9071080EC0
:10225000D0710820704777B581B0164604469DF8C6
:102260000810FFF7CAF958B120466A4602A9FFF7DD
:1022700045F9054660193146FFF7B3FF2844A2E748
:102280004FF0FF309FE700280CD000290AD04A68A1
:10229000C0F801204988A0F805100621017000212E
:1022A000018181727047414081EA410080EA8100EA
:1022B00080EAC10080EA011080EA411080EA8110C2
:1022C00080EAC11101F0FE00C1F3002148407047CF
:1022D000CAB24240080A80EA022080EAC20080EACC
:1022E000023080EA121102F00F00414081EAC01072
:1022F00080B2704738B50546049C002044B1012CDB
:102300000CD0022C0FD128460094DDF736FD09E0F1
:1023100000200090284601F07EF903E02846009452
:10232000DDF754FD80B238BD30B40446029B002076
:102330002BB1012B08D1204630BCDDF7B6BD2046BD
:1023400030BC002301F083B930BC704729B10129AA
:1023500001D0022903D1DDF73BBE01F0DEB97047A1
:1023600029B1012901D0022903D1DDF70ABE01F00C
:10237000C4B97047F849002008707047F6484068B3
:10238000704701460120B1F5800F04D2F24A516036
:10239000F24A1160704700207047EF494968814256
:1023A00001D10120704700207047DCF7C9BE10B58D
:1023B000FCF77DFE441CFDF730FF0444FCF771FA86
:1023C0000444FCF7F0FB0444FEF719F90444FDF75C
:1023D000ACFD044401F0C7FF044401F07DFE044459
:1023E00002F0D3FD044402F0BCFE204410BD2DE9F0
:1023F000F041002415460E460746012805D1082065
:102400003060D5480124406828607F1E002C6FD1C1
:102410007F1EFCF74CFE874205D202203060384612
:10242000FCF748FE4BE03F1AFDF7F7FE874205D266
:10243000052030603846FDF7F3FE40E03F1AFCF718
:1024400030FA874205D2002030603846FCF72CFA7B
:1024500035E03F1AFCF7A7FB874205D20120306028
:102460003846FCF7A3FB2AE03F1AFEF7C8F887427C
:1024700005D2042030603846FEF7C4F81FE03F1A4A
:10248000FDF753FD874205D2032030603846FDF743
:102490004FFD14E03F1A01F066FF874205D211207C
:1024A0003060384601F062FF09E03F1A01F014FE87
:1024B000874207D206203060384601F010FE012422
:1024C000286015E03F1A02F060FD874205D28020A7
:1024D0003060384602F05CFDF1E73F1A02F055FD2E
:1024E000874205D213203060384602F038FEE6E716
:1024F0002046BDE8F08138B5994C6079A179401C3F
:10250000C2B2E378974801F26C7104F05EF80020E3
:10251000009023786278A178934804F08EF9607A6D
:1025200000B10120DCF790FEBDE83840DCF7BEBE0C
:1025300010B50446FFF7DFFF8A4908682060087974
:10254000207189480068C4F8050010BD10B5FFF778
:10255000D2FFBDE81040DCF7A5BEDCF778BE2DE960
:10256000FF4FADF51D7D00240646DDE9AAA79A942C
:102570009F987949994625469B944FF0FF3B4D28FB
:1025800052D022DC3E2877D010DC1E2875D006DC25
:102590000B2873D00C285AD01C283CD1F9E02C28E9
:1025A00053D038286BD0392835D100E1492867D07D
:1025B00006DC3F2875D0402874D046282BD141E056
:1025C0004B282DD04C2826D182E0792833D010DC3E
:1025D00062283ED006DC4F2829D0602851D06128DF
:1025E00019D13AE06B2871D0702822D0782812D106
:1025F00025E05E49B0F57A7F69D006DC8B282AD0C9
:102600009B283DD0D12806D162E0A0F54070E93882
:1026100074D0012873D002208AF8000020208FE0B7
:102620004A680821304665E0DBF7F1FE05E0082145
:102630008DE009788BE0DCF7DCFD0146AAE0DCF7F1
:102640007FFDBBE0DCF7D8FDF7E749A1A2E04AA196
:10265000A0E00121D6E00C21D4E096A803F074FCA0
:10266000E8B2FDF727FA0246E9B296A803F075FC36
:102670006D1C282DF4D324E065E084E07EE091E039
:102680007FE096A803F060FCE9B2002296A803F070
:1026900064FC6D1C332DF7D32F4C4FF48065083448
:1026A0000CE089E08CE0D4F8060030B1804720B11E
:1026B0002178012296A803F050FC36342088A842E5
:1026C000F1D396A93046FFF7B7F815E03EE07AE07F
:1026D000FFF76DFE8046B9F1000F11D0B9F1FF3F51
:1026E00010D09BAA9AA94846FFF781FE20B3DDE9E6
:1026F0009A123046FFF711F9044673E07FE080E05C
:1027000041467FE0012514E09BAA9AA92846FFF7DD
:102710006EFEDDE99A123019FFF7FFF804442044F9
:10272000B0F5167F04DB362038706FF001046DE0E1
:102730006D1C4545E8D955E002208AF800002A20A2
:1027400038705C4662E04FF416715BE0032130465E
:10275000FFF7A4FAD0E7000084020060B020002058
:1027600038230020B4000060C2200020B4020260C0
:10277000302E382E30000000312E30004EF6602111
:1027800040E000213EE04FF416713046FDF77BF843
:10279000B2E7FEA1684603F095FC69463046FFF7B4
:1027A00079F9A9E7FD493046FFF7E0FBA4E7FC49CA
:1027B0003046FFF76AFB9FE700F097FF014621E0F4
:1027C00000F097FFFAE788463019B8F8001069431F
:1027D000FFF733FA04442044B0F5167FA3DA6D1CEA
:1027E000052DF1D9002C11DB9F984C280ED0B9F1A2
:1027F000FF3F0BD002208AF800003220A0E7498872
:1028000000E0C98C3046FFF718FA75E70DF5217D19
:102810002046BDE8F08F70B5ADF5187D0446D0F8C0
:10282000641200256A460C30FEF722FA02232526A0
:10283000002804DA84F8693284F86A620AE0E088E1
:102840004C280BD0A168491C08D084F8693232208A
:1028500084F86A0200200DF5187D70BD092202A9D6
:102860004D2865D00DDC402831D005DC694638287C
:1028700066D0392814D16BE0462851D04B280FD1AF
:1028800015E0B0F57A7F10D004DC78283ED07928A6
:1028900006D133E0A0F54070E93867D0012865D053
:1028A00084F86932202084F86A022846D3E79DF82C
:1028B00002000C2850D1BDF80300082819D1DDF81A
:1028C0000500FFF75EFDA0B19DF805000EE09DF844
:1028D0000200022840D1DDF80300401EFD2808D880
:1028E0009DF80340204600F0E6FE2046DDF72FF974
:1028F00040E084F8693284F86A62D6E79DF8020005
:102900000728D2D10846DCF77AFC33E09DF80200B4
:102910000228CAD1BDF8030080B2DCF786FC29E0AA
:102920009DF802000728C0D10846DCF773FC21E0BF
:102930009DF8020007280FD10846DCF768FB19E074
:102940009DF802000A2807D1C81CDCF786FC0BE0C2
:102950009DF802000B2804D084F8693284F86A22BA
:10296000A3E7C81CDCF790FC05469EE79DF8020033
:1029700002289AD1012598E72DE9F04704460088FE
:102980000027022528269046894612285DD2DFE8D6
:1029900000F009370E242E194A5C535C5C5C5C5CC9
:1029A0005C5C5C40D4F80200FBF775FF19E0D4F8DA
:1029B0000200FCF776FBA8B3424649462046FCF7E6
:1029C000B3FC41E0D4F80200FDF721FC50B34246CD
:1029D00049462046FDF738FD36E0D4F80200FDF701
:1029E0009EFAF8B184F8695284F86A622DE0D4F84E
:1029F0000200FDF7FEFDA8B12046FDF76CFF23E0C5
:102A0000D4F80200FCF7C9F860B12046FCF757FA89
:102A10001AE0D4F8020001F0A0FC18B1204601F041
:102A2000F8FD11E011E0D4F8020001F04FFB60B1B5
:102A3000204601F0DBFB07E0D4F80200FFF7ADFC15
:102A400018B12046FFF7E7FE07463846BDE8F08795
:102A50000120704753484068704710B5514A0C46F2
:102A6000014652680020914207D1DBF7D0FC0146B5
:102A70002046BDE8104003F025BB10BD08B14A4B0D
:102A8000036011B148485C300860002A02D0464813
:102A90007030106070472DE9F04104464FF0FF3868
:102AA000008800F0B5F805004FF001064FF01F0751
:102AB0000CD0D5F80E1049B1D4F80200884728B1DF
:102AC0002146284600F0B1F8804601E0267567757A
:102AD00040460EE510B50C46014600202060A0607F
:102AE0002061084600F094F840B1D0F81E302BB1B8
:102AF00004F1100204F1080120469847206808B14B
:102B000000F07CF86060A06808B100F077F8E06041
:102B1000206908B100F072F8606110BD10B500F0D6
:102B200077F8002801D0D0F8220010BD70B5154606
:102B30000E46002400F06CF830B1D0F812201AB123
:102B40002946304690470446204670BD2DE9F043A3
:102B5000ADF5197D002690460F4681469696FFF703
:102B600026FC0546012433E097AA96A92046FFF7E4
:102B70003EFC60B3969880B200F04AF838B3D0F8C3
:102B8000122022B36946979890470FE04261636E26
:102B900065742050726F647563740000B400006047
:102BA000C2200020840200605044050878B16946C4
:102BB000484603F0D6FA50B101260FB19698386016
:102BC000B8F1000F06D09799C8F8001002E0641C15
:102BD000AC42C9D90DF5197D3046BDE8F08370B51A
:102BE0000D46002480B200F013F828B1D0F80E2072
:102BF0002846904700B10124204670BD002110B93D
:102C000004E0001D491C0268521CFAD108467047B6
:102C1000024629484FF4806302E0914204D03630E6
:102C200001889942F9D3002070472DE9FC410546FF
:102C3000CC684FF0FF30E4B10A69D2B1CA880223F0
:102C400032264B2A17D04F2A2DD0D5F81670002FD8
:102C50000DD00B7501F115034E75581ECDE900031B
:102C60008B68D5F81650D1F802102046A847BDE869
:102C7000FC810020FBE78A68521C02D00B754E7560
:102C8000F5E70888082802D0D1F8022004E00A4AB3
:102C9000083A5268C1F80220014602B02046BDE859
:102CA000F041FEF73ABE8A68521CE7D109882046F7
:102CB000BDE8FC41FEF7F2BF8C020060F74810B59A
:102CC000002101714171C17141728172831D4162A4
:102CD0001A7822F02B021A70F14A1278C272F14A65
:102CE00012784273012202738182017201F043F96A
:102CF000012010BD70470022FF2911D0012303706D
:102D0000417001214318491C5A700729FADB0281DE
:102D1000827200214318491CDA720729FADB7047D6
:102D200002704270EDE7F0B5DF4D044600212878CF
:102D300089B0022815D0012813D0032811D0042807
:102D40000FD0DA480025012602788AB105700023E9
:102D500005AA6946D64804F051FA80B2267009B037
:102D6000F0BDF1F7D8FB21462878E2F717FEF6E729
:102D7000D04F387850B1F1F7CEFB0022501E3D7095
:102D8000014604F02EFB082002210AE0CA4802781E
:102D90004AB10570C9480021007804F0F3FC0B200B
:102DA00007212170DBE7C64F387850B1F1F7B3FB4C
:102DB0003D700022C349C44805F076FA26701420FD
:102DC000CDE70846CBE72DE9F043ADF5197D884600
:102DD0005521A09D8DF85812FF218DF859121F46DC
:102DE00091464FF6FF7600248DF85A02FFF75BFA02
:102DF000014640468DF85B82FFF755FA014648468A
:102E00008DF85C92FFF74FFA0146280A8DF85D02B3
:102E1000FFF749FA0146E8B28DF85E02FFF743FA80
:102E2000C0438DF85F023DB90EE0385D3146FFF7D3
:102E30004FFA641C0646A4B2AC42F6D3F0438DF8B8
:102E40006002000A8DF8610201F080F8012001F0B3
:102E500076F8B5B1DDE99601CDE900012A4639469B
:102E600002A805F0ABFE0DEB0500BDF86012018174
:102E70000A35A9B2684601F082F80DF5197DBDE862
:102E8000F083082196A8F6E72DE9F843834D002446
:102E90008DF8004028794FF0010805F1280748B166
:102EA0004FF00209012828D0AE1D022860D0032867
:102EB00029D139E101F075F840B101F05CF8287AC8
:102EC000FF2801D2401C2872BDE8F88351466846AD
:102ED00001F069F80028F7D001F04DF8287AFF28B2
:102EE00001D2401C28729DF80000552801D185F8B8
:102EF000048085F804803870E6E701F024F85A2849
:102F000002D9E5F76CFC64E101F04BF838B101F04F
:102F100032F8287AFF28F6D2401C287259E151462F
:102F2000684601F040F80028CED001F024F8287A55
:102F3000FF2801D2401C28729DF80000FF21FF28C5
:102F400006D0552808D0032809D0192807D00CE04E
:102F50006C822970797005E085F80480B4E76C8292
:102F60002970787085F80490AEE7E5F722FC30E12F
:102F700000F0E9FF5A2872D801F013F800286FD149
:102F800003E0307840F00100CCE05146684601F0A3
:102F90000AF8002898D000F0EEFF287AFF2801D226
:102FA000401C2872688A60B101282FD04FF00308B6
:102FB000022838D0032854D004285FD005286CD0CC
:102FC000FCE029789DF80000FFF76DF928709DF866
:102FD00000006872397855290CD17978FF2909D118
:102FE000072807D900F0C7FF287AFF2801D2401C24
:102FF00028722C719DF80000B8703878FF2802D133
:10300000787819286FD0A5F812805DE729789DF8A7
:103010000000FFF748F928709DF80000E871F8708B
:10302000A5F8129050E729789DF80000FFF73BF9CA
:1030300028701B4C9DF80000A8722178884201D2AC
:10304000F1F76DFAA87A2178884202D1E5F79BFB67
:1030500001E0E5F730FA9DF800003871D3E767E04A
:103060006EE029789DF80000FFF71DF928709DF8A3
:1030700000000102A982787104200CE029789DF8F3
:103080000000FFF710F92870A98A9DF8000001449C
:10309000A982B8710520688216E717E01405006060
:1030A000BB000060922000204505006044050060E0
:1030B000F44900202C230020D0210020960100603C
:1030C0002D230020C2200020B40000609DF80000E5
:1030D000F8710621F848EBF760FBF979BA7901EB52
:1030E0000221814202D1F0F761F9EDE629789DF8DD
:1030F0000000FFF7D8F82870552806D0E5F759FBEF
:10310000307840F00100307001E7A88AF0B3E98A16
:10311000884253D86C824FF6FF7028821CE73078C3
:1031200040F00200307054E000F00DFF5A2804D93E
:10313000307840F001003070E3E600F032FF40B13B
:1031400000F019FF287AFF28BFF41BAF401C28723B
:1031500017E75146684600F026FF00289CD000F093
:103160000AFF287AFF2801D2401C2872698AA88A9F
:1031700081420CD2298A9DF80000FFF7A9F8288225
:10318000688A6A6A9DF80010115408E01BE008D1B3
:10319000298A9DF80000FFF79BF82882688A401C66
:1031A00079E7401C8142A0D1298A9DF80000FFF7F1
:1031B0008FF8A0F570412882B83904D0307840F0FB
:1031C00001003070D1E6E879E97A8842A7D0FF287B
:1031D000A5D02C7178E62DE9FC5FB74E0024283E7F
:1031E00006F1060BF178707B491C401CB1FBF0F234
:1031F00000FB1211F27A01F0FF09511CB1FBF0F350
:1032000000FB1311C9B20091B178B0464B1CB3FB5F
:10321000F0F500FB1530C0B2019096F805C09BF8A0
:1032200000000025012798F80AE020F004034FF081
:10323000040ABCF1090F7DD2DFE80CF0051260AD85
:10324000DEEFEEEDEC00B270F2703220306277719A
:1032500023F0030001248BF8000000F08CFED7E17E
:1032600000F071FEB0F5FA7F09D3E5F7B8FA3572D0
:10327000062070719BF8000020F00300B2E09BF87C
:1032800000005F46C10702D0E5F793FA9EE181078F
:10329000E5D5717A07292AD2DFE801F0040F292148
:1032A00029191500F179FF2921D0757020F0060049
:1032B00038700220707101241CE000950023F27A1E
:1032C000B17A022011E040F0200038700FE040F0A9
:1032D00020003870F079FF2809D00820DDE0B08A9E
:1032E0000090F27AB17A0420736AFFF76CFD70796E
:1032F0000828B4D0387820F002006AE18DF8045034
:1033000001A8FFF710FD30839DF8041079B302295E
:1033100008D10090694BF27AFF210620FFF753FD98
:1033200086F805A09DF8040007280DD001280BD0D1
:10333000032500E06BE1032811D0042818D00528EC
:1033400016D0062814D01CE0308B00905B4BF27A2C
:10335000FF210620FFF737FD86F805A011E0E2F710
:1033600020FD0146308B0090554BF27A05E00CE0D1
:10337000308B0090514BF27AF17B0520FFF723FD53
:1033800075717078401C707042E1307B7070012460
:1033900086F805A03CE100F0D6FDB0F5937F04D996
:1033A000E5F71DFA307B707008E09BF800005A4684
:1033B000C10706D020F001008BF8000086F805A0B8
:1033C0009BE08107E0D5F179F37A994206D1717AD1
:1033D00004290AD006290BD0072906D07771107866
:1033E00020F002008BF8000087E086F805A0F6E7E1
:1033F00040F020001070F8E7737896F80CC0634531
:1034000002D20220707178E0430707D4914205D1BF
:1034100000993AE0E3E08CE05EE040E0336A312B73
:1034200015D243072448A0F12800006A00F10100EA
:1034300005D5009B994202D075703062E1E7306299
:10344000002318460095FFF7BEFCF56119E04B46D6
:10345000894519D140070CD50199F170002301204D
:103460000095FFF7B0FCF07AB070C6E90757072067
:1034700013E0F270002318460095FFF7A4FCC6E99C
:1034800007573572052008E01946F1700023012026
:103490000095FFF798FCF56107207071B8E000F027
:1034A00052FD5F2804D8307A042814D9777124E0BB
:1034B000F06938B1019930E03C050060F449002022
:1034C000F65E0020F76100950023F27AB178184685
:1034D000FFF779FC35729BE0B04602EB82014FF4B6
:1034E000FA7000EB410600F02EFDB04207D298F8CA
:1034F0000810042902D988F80570012488E098F89A
:103500000B004FF4FF7100EB8000464601EB4007D3
:1035100000F019FDB8427BD20099F17000950023AC
:10352000F27A0120FFF74FFCF07AB070F561356256
:10353000B2E7800720D5F079904202D1707A022854
:1035400008D0777101249BF8001021F002018BF85C
:1035500000105DE08BF8003086F802E03572002341
:10356000714618460095FFF72EFCF07AF070356230
:103570000520F5617071E6E700F0E5FC5F2803D8EF
:103580009BF80000C00743D09BF800005F4641074E
:1035900004D5022075707071012417E0B178F27AB9
:1035A000914209D03572002318460095FFF70BFCB5
:1035B0000520F561707109E0494691450BD0F17025
:1035C000002301200095FFF7FEFBF561387820F01D
:1035D000010038701CE040F004003870D9E70007A3
:1035E0000DD5308B0090564BB17B0620FFF7EBFBDF
:1035F0009BF8001021F008018BF8001005E0002373
:10360000714607200095FFF7DEFB77719BE7777126
:103610002046BDE8FC9F70B51C4613460646494D42
:10362000049A002072B949782878224661F3041080
:1036300028701946424805F0C1FAA81F0483717822
:1036400081732046297841F00801297070BD2DE969
:10365000F0413C4C0026A41F0746606A08B961622D
:10366000E282384D2878810708D4C00706D1FFF7D9
:103670000BFC2878810701D4C00702D0207918B14B
:103680000BE020790028F2D12F48E17A00788142BE
:1036900003D8FFF7A0FD0028FBD12878810607D5C5
:1036A00020F020002870A68A01203870A07A787057
:1036B0003046BDE8F0812349891F4873704722498D
:1036C0000978884206D81F49891FC8724A7B9042F0
:1036D00000D9487370471B48801FC07A7047002884
:1036E00002D01849891F087370471648801F007B55
:1036F00070471448801F407B704701220270114AB6
:103700000021921FD27A427001810A4681724318C9
:10371000491CDA720729FADB7047002100280DD016
:1037200001220270FF2242704FF6FF7202810022D6
:1037300082724318491CDA720729FADB70470000CD
:10374000F44900201A05006092200020002803D0D0
:1037500001684068081A70470020704700B50246AB
:10376000002A05D01046FFF7F1FFD168884201D149
:10377000012000BD002000BD00B502460B46002A16
:1037800008D01046FFF7E2FFD268101A984201D322
:10379000012000BD002000BD00B5002804D0FFF7C7
:1037A000D5FF08B1002000BD012000BD002808D0D1
:1037B0004168C268B1FBF2F302FB13118068405C00
:1037C00070470020704700B5024600231046FFF7FF
:1037D000E3FF50B95068D168B0FBF1F301FB13006F
:1037E00091680B5C5068401C5060184600BD70B575
:1037F00003460C461846FFF7A9FF904200D9104631
:10380000824210D902460EE05968DD68B1FBF5F638
:1038100005FB16119D68695C5D686D1C5D600CB1EF
:1038200004F8011B401E0028EED1104670BD70B593
:1038300003460D460024002B06D01846FFF78EFFE6
:1038400020B1002000F074FB204670BD1868DA68D3
:10385000B0FBF2F102FB110099680D541868401C8E
:1038600018600124F0E7F0B504460D46164600271F
:1038700031462046FFF780FF90B175B910E020680F
:10388000E168B0FBF1F201FB1200A26815F8011B20
:1038900011542068401C2060761E002EEFD10127B5
:1038A0003846F0BD002801D001684160704700280B
:1038B00008D0002906D0002A04D00023036043600A
:1038C0008160C26070472DE9F04188B000268046D3
:1038D000059606A814460F46009003960496ADF888
:1038E000186005AB04AA03A9404603F063F9BDF8CC
:1038F0001810942917D00025401C28D0DDE90301B9
:103900002246FBF7DEFE21780122F8B2012911D010
:1039100006291CD1BDF8181094291FD08DE8450048
:1039200043462A460FE00D2F01D0FF25E4E798F823
:103930000C50E1E7BDF8181094290BD0CDE9000632
:1039400002966278434621460398E4F7FAFC08B0F1
:10395000BDE8F0810090CDE90162F2E7CDE9000217
:1039600043460292DDE710B586B000210191029135
:103970000391ADF8101004A91446009103AB02AAFC
:1039800001A903F017F9002804DDDDE90101224651
:10399000FBF72BFF06B010BD2DE9F04188B00E46B5
:1039A0000746984615461421684605F020F9002080
:1039B0000590069007903078012827D105AB3A464C
:1039C0006946304603F00FFA04469DF816004FF69C
:1039D000FF7100281AD1002C18DDAC4216DCBDF8AE
:1039E0000800B0B1884214D0DCF7C7FABDF808105F
:1039F000884203D19DF80A0006280AD0B8F1010FC9
:103A00000FD078782A463146E2F741F808B0BDE891
:103A1000F081281B82B2311943463846FCF70CF975
:103A2000F4E729463046E1F7F2FFEFE72DE9FF41E1
:103A3000804608880C461E4617464FF0FF3505287D
:103A40005BD006DC052810D2DFE800F0677B479BDF
:103A50008B00112871D004DC06286FD0082804D10F
:103A60000BE013286BD080286AD0012010701F2033
:103A7000187004B02846BDE8F081D4F80200A149CE
:103A8000884202D0D4F8020003E0FEF777FCC4F8C5
:103A90000200FEF782FC0028EBD0E288A2F58070DD
:103AA000733808D0CDE90076A368D4F802104046F8
:103AB000FEF755FDB4E0002001900290039003AAA8
:103AC00002A901A8FEF7DAFF03980090DDE90123BF
:103AD0002146404604F00FFDA2E0D4F80200FBF7B7
:103AE000E0FA0028C5D0CDE90076A368E288D4F8D2
:103AF00002104046FBF73AFB92E0D4F80200FCF7D4
:103B000086FB0028B5D0CDE90076A368E288D4F81A
:103B100002104046FCF7BEFB82E0D4F80200FAF740
:103B2000BAFE0028A5D0CDE90076A368E288D4F8D3
:103B300002104046FAF713FF72E032E041E060E025
:103B40004FE0D4F80200FBF728F8002891D0CDE927
:103B50000076A368E288D4F802104046FBF7C9F863
:103B60005EE0D4F80200FCF744FD002881D0CDE9E6
:103B70000076A368E288D4F802104046FCF7AFFD57
:103B80004EE0D4F80200FCF7CAF9002884D0CDE951
:103B90000076A368E288D4F802104046FCF73AFAAF
:103BA0003EE0D4F8020000F0D8FB00289AD0CDE91E
:103BB0000076A368E288D4F80210404600F0ECFBDF
:103BC0002EE0D4F8020000F081FA00288AD0CDE976
:103BD0000076A368E288D4F80210404600F095FA17
:103BE0001EE0D4F8020001F0CAF900288AD0CDE91D
:103BF0000076A368E288D4F80210404601F0E4F9A8
:103C00000EE0D4F8020001F0AFFA00288AD0CDE926
:103C10000076A368E288D4F80210404601F011FB58
:103C2000054626E72DE9F04F91B080460120DDF8EA
:103C300068A08DF83C001F200F468DF840001E46FE
:103C4000934651460AA8FEF78BFB0022114607A8AF
:103C500003F0BAF840F239110AFB01F02A4907AB28
:103C600001EB40040AAA5946204603F02AF805460B
:103C7000307810B1F17A60193FE001AA3946404628
:103C800003F0BBF90028F17A04EB050002DA012306
:103C9000002234E0804601AA03F00EFA814605EBCB
:103CA0000900204410AB0FAA01A9FFF7BFFE0700CF
:103CB00009D4E91901EB0900204403F024FA09EBC7
:103CC000070108440CE010F1020F14D09DF84000E9
:103CD0000090F17A40469DF83C300C2202F0D4F876
:103CE0002B18224607A95846CDF800A0FEF702FB84
:103CF00011B0BDE8F08FF17A40460123042202F0B2
:103D00005DF8EDE7FFFF3F00F65E00207CB5002286
:103D10000092019201AB6A4603F042FD0B4D012473
:103D200048B1401C08D0FEF729FB0099884204DB0B
:103D3000019A904201DC2C707CBDB1F5800FFBD262
:103D4000034901988842F6D27CBD0000440500601A
:103D5000FFFF3F002DE9F0438BB01E460B460121CB
:103D60008DF804101F2191468DF80810129F594AB2
:103D7000194603F0A4FD8046394606A8FEF7F0FA7E
:103D80000022114603A803F01FF840F239105249EF
:103D9000784301EB400403AB06AA4946204602F0F3
:103DA00090FF0546B8F1000F04DC60190123F17A99
:103DB000002205E0307830B1F17A60190123042245
:103DC00001F0FCFF70E04348008805283AD006DC8B
:103DD00005285FD2DFE800F0222A1C322E001128CD
:103DE00020D004DC062833D0082853D104E013285F
:103DF0003AD080284ED12FE002AA01A93548FEF71B
:103E0000BBFD2EE0F17A60190F22FEF70CF94BE0B2
:103E100002AA01A92F48FBF787FA22E02D48FAF7FA
:103E200023FE1EE02B4800F0F4FB1AE02948FBF7C4
:103E300046F816E02748FCF74EFD12E02548FCF74F
:103E40005FF90EE002AA01A92248FCF7FDFA08E09A
:103E5000204800F0CBF904E002AA01A91D4801F0B6
:103E6000FBF80028CED115E002AA01A9194801F0FB
:103E7000A4FA28B1F17A60190F22FEF7D4F809E00C
:103E80009DF808000090F17A60199DF804300F2227
:103E900001F0FAFF9DF808000090F17A60199DF892
:103EA00004300F2201F0F0FF2B18224603A94846E8
:103EB0000097FEF71FFA0BB0BDE8F08310B504467B
:103EC0000120A4788C4204D0022100201170092125
:103ED000197010BD664C0020F65E0020F0B589B068
:103EE0001F460E9E1546314604A8FEF739FA0022F9
:103EF000114601A802F068FF01AB04AA29460B484D
:103F000002F0DFFE044640F23910084A604302EB3B
:103F10004000F97A092203F039F82318034A01A96D
:103F200028460096FEF7E6F909B0F0BDF65E0020DF
:103F300025494FF4007201F50070FFF7B8BC00B1DD
:103F40000120D9F795BD21480088704710B5EFF7DB
:103F50002AFA052809D0062809D0072809D0022006
:103F60001A490A888242FCD310BD0620F8E70420D3
:103F7000F6E70320F4E7154900200880704770B584
:103F80000C460546EEF7F2FC401C06D0EEF7EEFCC0
:103F9000024621462846EAF717FC0C490020088013
:103FA00070BD0020704770B5054600240848FFF733
:103FB000F3FB28B91DB10648FFF705FC2870012462
:103FC000204670BD7047000024C1046046050060B3
:103FD00024C304602DE9F0418AB00F46804615469F
:103FE000114604A8FEF7BCF90022114601A802F010
:103FF000EBFE40F239103049684301EB400401AB5D
:1040000004AA4146204602F05CFE2C490646A0194F
:104010003A460978E3F7D1FA3318224601A9404617
:104020000095FEF767F90AB0BDE8F0812DE9F04789
:104030008AB0894682461646114604A8FEF790F9D2
:104040000022012101A802F0BFFE40F23910DFF882
:104050006880704308EB400401AB04AA5146204637
:1040600002F02FFE074603F03CFA050001D103F0F1
:10407000BFF92946E0194A46E3F799F907445EB9C2
:104080000F483A46017821F00801017041460D4879
:1040900004F094FD0C48077022463B4601A95046A7
:1040A0000096FEF727F9002803DD28460AB0BDE890
:1040B000F0876FF00100F9E7F65E00209F000060D6
:1040C0001A050060F4490020AA000060052801D20A
:1040D0000120704700207047974800787047401CC7
:1040E0007047401E704710B50C46014600204A1E1E
:1040F000042909D2D1B20620D9F764FD0146204631
:10410000BDE8104001F0DEBF10BD2DE9FF4FADF559
:104110001B7D491EDDE9A898002407460D464FF097
:10412000020A4FF0FF3B4D2A14D006DC172A35D087
:104130001C2A16D04B2A04D107E04F2A1ED0552A3C
:1041400020D089F800A0202148E00A460621FDF78A
:10415000E4FB04E0C9B20620D9F734FD05E00446CB
:1041600034E0C9B20620D9F787FC0146684601F061
:10417000A9FF69463846FDF78DFCF0E70621FDF7FB
:104180008DFDECE7CAB200210620D9F785FF05F0C6
:1041900047F901463846FDF750FDE0E7002610E0FC
:1041A000E9B2324698A8DAF777FADDE99801CDE965
:1041B0009601381996AA0021FDF7E6FE761C044404
:1041C000F6B2E8B2DAF705FAB042E9D8002C08DB1B
:1041D0009E98401C05D089F800A0322188F8001074
:1041E0005C460DF51F7D2046BDE8F08F2DE9F041BE
:1041F0000446007B0026ADF51A7D00074FF002074C
:104200001CD4D4F864126A4604F10C00FCF730FDAB
:10421000002803DA84F86972252008E0E088822803
:104220000CD0A068401C09D084F86972322084F850
:104230006A0200200DF51A7DBDE8F081D4F8025025
:10424000E08809216D1E4F280ED009DC172822D0E6
:1042500002AB1C2847D0242806D04D2804D137E0D3
:1042600051284BD0552806D084F86972202084F854
:104270006A023046DEE79DF80200042842D19DF82C
:10428000030005F091F80346EAB294F8681206209C
:10429000DAF74DFB41E0D4F86402052190FBF1F020
:1042A00000F0FF080027E8B2DAF7B0F900260CE0CA
:1042B000E01998A90D30FDF775FEDDE99812E8B216
:1042C000DAF7E5FE761CF6B27F1D4645F0D324E012
:1042D0009DF80200072815D1EAB294F8681206206A
:1042E000DAF727FE19E09DF8020007280AD1EAB2A2
:1042F00094F868120620DAF7ABFA0EE09DF8020097
:10430000012804D084F8697284F86A12B1E79DF834
:104310000320E9B20620DAF7D0FD0126A9E708B1AB
:10432000064B036011B1054808380860002A02D026
:104330000248001F1060704748050060D844050817
:1043400008B1FC4B036011B1FA4808380860002A34
:1043500002D0F8480C3810607047092801D20120BB
:10436000704700207047F44800787047401C704741
:10437000401E704710B50C46014600204A1E082911
:1043800009D2D1B20520D9F71DFC01462046BDE86F
:10439000104001F097BE10BD2DE9FF4FADF2347D06
:1043A0000446491EDDF83C070026DDF86CB7994647
:1043B0000D464F2841D010DC262873D006DC1C287F
:1043C0002ED020286FD0242817D118E13628F4D019
:1043D0004B2818D04D2810D11BE06728F5D006DCFB
:1043E00051283BD055282AD0582806D10CE16F28F7
:1043F0007ED07B2839D0AE28E7D0DDF868170220C0
:1044000008702021C2E00A4611212046FDF785FAF6
:1044100004E0C9B20520D9F7D5FB05E006469FE0C8
:10442000C9B20520D9F728FB014699A801F04AFE38
:1044300099A92046FDF72EFBF0E71121E0E0CAB272
:1044400000210520D9F728FE00F0FF400AE00121F5
:1044500000E000212046FDF726F9DFE7C9B205207C
:10446000D9F7A8FD0028F4D0F1E7B9F1000F79D011
:10447000B9F1FF3F4FF0090A0BD0B9F1070F7DD812
:10448000A9F1010820460021FCF7D9FF07460026C4
:104490005AE00027A0190021FCF7D1FF00EB060825
:1044A00000261FE05EE07AE0F3B2FAB2E9B20DF264
:1044B000BC40D9F7B7FF4FF419720DF2BC41684602
:1044C00004F07CFB8DF806A0F2B2F9B2E8B2D9F79D
:1044D000A0FFCDF8070004EB0800694603F086FA58
:1044E0008044761CF9B2E8B2D9F7C7FFB04200E0C9
:1044F00063E0D9DC04EB08000021FCF7B3FF7F1C6C
:1045000000EB0806072FC5DB2AE0F3B208F0FF0234
:10451000E9B20DF2BC40D9F785FF4FF419720DF2E4
:10452000BC41684604F04AFB8DF806A0F2B208F0E0
:10453000FF01E8B2D9F76DFFCDF80700E019694631
:1045400003F054FA0744761C08F0FF01E8B2D9F7EB
:1045500094FFB042D9DCE0190021FCF783FFC619B3
:10456000002E17DBB9F1FF3F14D0DDF83C077B28A4
:1045700010D0DDF868170220087000E001E0322159
:1045800004E0DDF86817022008702A218BF800107B
:104590004FF0FF360DF2447D3046BDE8F08FA42188
:1045A000FF2021706070A070E07020716171A071B7
:1045B000E071207260720A26D4E70DF5E46001F024
:1045C000C3FC002211460DF5E46001F0C6FC002298
:1045D00001210DF5E46001F0C0FC002202210DF57F
:1045E000E46001F0BAFC002203210DF5E46001F063
:1045F000B4FC0DF5E4612046FDF71EF90EE700213D
:104600002046FDF74BFB09E70A212046FDF715FB85
:1046100004E72DE9F0470446007B0025010704F17B
:104620000C00ADF59A6D4FF0020680461AD4D4F80E
:10463000641202AAFCF71CFB002803DA84F8696202
:10464000252008E0E08882280CD0A068401C09D012
:1046500084F86962322084F86A0200200DF59A6DB0
:10466000BDE8F087D4F80270E08809217F1E4F284A
:1046700025D011DC04AB262821D006DC1C287CD0F8
:1046800020287BD0242815D119E0362828D04B28A3
:1046900015D04D280ED184E0672810D006DC5128B3
:1046A0006DD055280DD0582804D108E06F2806D0C9
:1046B0007B2816D084F86962202084F86A02284694
:1046C000CCE79DF80A00012876D19DF80B0004F094
:1046D0006BFE0346FAB294F868120520DAF727F960
:1046E00092E04FF000094D464FF0070A40E004EB1E
:1046F000050898F80C000E2807D00F280DD0B6FB3F
:10470000FAF10AFB116098BB18E00026F8B249469E
:10471000DAF787FC6D1CADB22AE0B6FBFAF16D1C2E
:104720000AFB1160ADB218BB09F1010000F0FF09EE
:1047300000261DE0FC4405084905006008F10C0056
:104740009AA903F073F998F81100912818D0B6FBD4
:10475000FAF2FF219DF86902CDE90001AD1DADB26D
:104760009DF86832F8B24946DAF776FCF61DF6B2E3
:10477000D4F86402A842BADC46E01EE038E027E044
:10478000B6FBFAF298F812109DF86902CDE9000123
:104790009DF86832F8B24946DAF75EFCED1DADB21D
:1047A000E4E79DF80A00072816D1FAB294F86812D7
:1047B0000520DAF7BEFB27E00EE09DF80A00072887
:1047C0000AD1FAB294F868120520DAF741F81BE032
:1047D0009DF80A00012804D084F8696284F86A12FE
:1047E0006DE79DF80B20F9B20520DAF766FB0BE0C8
:1047F00006494046FDF7EEFB04492044491D0C30B4
:10480000FDF7E8FB0028EBDD012558E74A050060CD
:104810002DE9FF4F8FB09A461E9F93465FEA00092D
:1048200037D002F05EFE060037D039460AA8FDF701
:1048300097FD0022012107A802F0C6FA40F23910C4
:10484000DFF8D08007FB00F108EB410407AB0AAAB0
:104850004946204602F035FAADF804B00546CDF8D9
:1048600006A01C98ADF80A001D980390601901AAD3
:10487000314602F09FFB05441099A8B288421ED22F
:104880000090234607AA4946304602F068FE3FB131
:104890000DE0002013B0BDE8F08F02F0A9FD12E09A
:1048A00041462A461C4804F089F91C4805702246F6
:1048B0002B4607A948460097FDF71CFD03E030464C
:1048C00002F0A4FD00263046E4E72DE9F0478AB067
:1048D0008A46DDE9127680461D469146142103A8DA
:1048E00004F085F900200446089003AA08A9404670
:1048F000FAF7A7FE50B10898CDE9005781B20296A9
:104900004B46524603A8FFF783FF04460AB02046F1
:10491000BDE8F087F65E0020F4490020AA000060A0
:104920002DE9FF4FADF52B7D9B46034600208946C0
:104930000646A990DDF8E4A2BC9F9CAAA9A9184646
:10494000FAF77FFEF0B302F0CCFD06003FD0394607
:10495000A4A8FDF705FD00220121A1A802F034FA68
:1049600040F23910DFF8288107FB00F108EB410421
:10497000A1ABA4AA9CA9204602F0A3F90546ADF874
:104980000490AD98CDF80600ADF80AB0BB98CDF80C
:1049900068A20390524604A8B89904F00FF9BA9897
:1049A0008DF86C02601901AA314602F03DFF054402
:1049B000A99885421DD2A8B200902346A1AA9CA91D
:1049C000304600E003E002F0CAFD1FB109E002F04A
:1049D0000FFD12E041462A462E4804F0EFF82E481B
:1049E000057022462B46A1A99CA80097FDF782FCE2
:1049F00003E0304602F00AFD00260DF52F7D30461B
:104A0000BDE8F08F2DE9FF4FADF51B7D0E46DDE9CA
:104A1000A84BDDE9AA7A4FF41678414605A8DDF8DF
:104A2000B09204F0E4F8002504212A46042E09D0AF
:104A3000052E07D0032E05D0A17022706170C4F836
:104A4000037009E00920A07017F0FF4000D001209A
:104A5000C4F803002270617005AF3CB1781921469B
:104A6000FCF7C7FA411941450FDA0544CDE9007555
:104A7000CDF808B0CDE903A9DDE99D2331469B9827
:104A8000FFF74EFF0DF51F7DBAE70020FAE70000A3
:104A9000F65E0020F4490020AA0000602DE9F04FE6
:104AA00016468846834687B01C469A68D988E148EE
:104AB00003F04CF9054603464246DE495846009647
:104AC00003F0ADFB36276FF0010988B301208DF8A4
:104AD00018001F208DF819002088ADF80400D4F8C4
:104AE0000200CDF80600E088ADF80A00A068039047
:104AF000D04804904FF41670059001A8FDF7CBFF45
:104B000000281CDA811C14D0C11C12D09DF8192079
:104B10009DF81810C74803F04DF9824608EB0502CE
:104B20005346C4495846009603F079FB00B114E09F
:104B300016E09DF81910617307B0BDE8F08F08EB1F
:104B400005010A18921CB2420ADA01EB0B03024675
:104B5000B849184603F00FF9824605EB0A00EBE767
:104B600067734846E8E72DE9FF4F95B00025834677
:104B70002C46A84610A82299FDF7F2FB0022114608
:104B80000DA802F021F9229840F239114843AA49B0
:104B90000DAB01EB400010AA0B90179902F091F8B1
:104BA0000C901898007828B136208DF811006FF01D
:104BB0000108F5E01898C17ADDE90B028618304645
:104BC00003F0A7F80446169801AA411B0BEB050059
:104BD00003F010F8002871DB284487B2BDF8040008
:104BE000082808D1DDF806009449884203D1FDF772
:104BF000C5FBCDF8060001A98E4803F094F80346E2
:104C00004FF416700090304622468A4903F007FBA5
:104C10000004000CC8D00444169801AAC11B0BEB79
:104C2000070003F020F8002848DBBDF80A103844DC
:104C300087B2082907D0692905D0502903D0A1F5EA
:104C40008070733870D103980025401C25D07948B6
:104C5000039A03F07BF805464FF4167930462B464D
:104C600022467449CDF8009003F0D9FA0004000CF4
:104C70009AD02C44322202216E4803F09BF805465C
:104C800030462B4622466B49CDF8009003F0C7FA18
:104C90000004000C88D02C445BE08946BDF8040079
:104CA00005A9FDF717FF00204946B9F1080F06D006
:104CB00069290AD0B9F1500F09D009E083E00899B9
:104CC000069808440A99084402E0069800E008980B
:104CD0005FEA000A6ED03AE004443AE0DDF828C00A
:104CE000089B06994A464FF0FF30B9F1080F05D0EE
:104CF000692A16D0B9F1500F17D01BE08D4201D2AE
:104D0000059915E0CA18AA4202D9681A079905E060
:104D100002EB0C03AB420DD90999A81A51F82000F7
:104D200008E08D42ECD305E044E09D4202D20799B1
:104D300051F82500ADF80A00A1B2304601AB4FF49E
:104D40001672FFF7ABFE00283DDD04446D1C55458F
:104D5000C4D30BEB07000121FCF790FC00283FF4C3
:104D60005BAF7F1CBDB2334803F041F803464FF4FC
:104D700016700090304622462E4903F050FA000487
:104D8000000C87D0044416988542FFF41CAF189895
:104D9000D0F80700A042FFF607AFB8F1000F3DD0F2
:104DA00018F1020F11D0B8F1FF3F1CD018F1030F1A
:104DB00027D033E0A1B2304601AB4FF41672FFF7B3
:104DC0006DFE002888DC8046E7E79DF8110000F0C2
:104DD000E1FF02461898C17ADDE90B03184401236C
:104DE00000F0ECFF19E09DF81100009018989DF874
:104DF0001030C17ADDE90B0210440E2201F044F8B4
:104E00000BE09DF8110002F0A1F802461898C17A53
:104E1000DDE90B03184402F0B9F804460C980DA91B
:104E20002318229800900B9A1798FDF763FA19B08F
:104E300083E60000D14E0020F65E0020FFFF3F0019
:104E40002DE9F04FADF5277D0646012000248DF8B1
:104E500090021F208DF89402DDF8C0A218789946C0
:104E600093468846274620B136208DF86E02A51E4F
:104E70002FE0A8EB040081B2301901AA03F040F83A
:104E8000051E25DD2C4430190121641CFCF7E0FBD4
:104E9000D8B1A8EB040081B2301901AA03F07BF865
:104EA000051E15DD2C44A5AAA4A901A8FDF764FDE3
:104EB00040B130190121FCF7E1FB0028E9D0641C66
:104EC0003FB902E00127BD1E03E04445D1DB00E00D
:104ED000012751469FA8FDF743FA002211469CA8DE
:104EE00001F072FF40F239110AFB01F020499CAB3E
:104EF00001EB40049FAA5946204601F0E2FE064617
:104F0000002027B3A91C04D0691C0ED0ED1C13D0BF
:104F100022E09DF86E0200F03DFF024699F80B106A
:104F2000A019012300F04AFF16E099F80B10A01910
:104F300001AA03F032F90FE09DF86E0202F006F8C4
:104F4000024699F80B10A01902F020F804E099F835
:104F50000B10A01903F017F9331822469CA95846E4
:104F6000CDF800A0FDF7C6F90DF5277DBDE8F08F5F
:104F7000F65E0020002801D06C49016070470B28C4
:104F800001D20120704700207047694800787047BF
:104F9000401C7047401E704710B500210A2804D2FB
:104FA000C2B20A20D9F778F80146084610BD10B5FC
:104FB0000A2807D2C2B20B4600210A20D9F7B7FC53
:104FC000012010BD002010BD2DE9F043ADF5177D87
:104FD0000746DDE99E54481E022699464FF0FF38E9
:104FE0004B2A08D04D2A0CD04F2A0FD0552A12D068
:104FF0002E7020202AE0024680213846FCF78DFCE6
:105000001DE0C1B20A20D8F7DDFD10E0802138464E
:10501000FCF744FE13E0042806D0FFF7BDFF01466D
:105020003846FCF7E8FE0AE00420DAF794FD014672
:10503000684601F047F869463846FCF72BFD002822
:1050400006DBB9F1FF3F03D02E70322020704046BE
:105050000DF5177DBDE8F0832DE9F0410446D0F849
:105060000200ADF5187D401E15460E46002780460D
:10507000FFF785FF68B1D4F864126A4604F10C00AA
:10508000FBF7F6FD01004FF0020006D53070252039
:105090000BE0012030701F2007E0E288572A0AD079
:1050A000A168491C07D030703220287000200DF50F
:1050B000187DBDE8F081092302A94D2A21D0552A87
:1050C00004D03070202028703846F0E7B8F1040F83
:1050D00004D09DF8021004290BD003E09DF80220B3
:1050E000072A02D030702B70EEE70420DAF759FD62
:1050F00019E094F86822DDF803104046FFF757FFE7
:1051000011E09DF80220072A04D084F8690284F88F
:105110006A32D9E794F868020B46014608F0FF02AC
:105120000020D9F706FF0127CEE70000304505082B
:105130002E23002008B1CF4B036011B1CD4824309D
:105140000860002A02D0CB48001F1060704701465B
:10515000C9480078421C914200D208467047401C62
:105160007047C5480078704700B5FFF7F0FFC249A7
:105170000978491C884201D2012000BD002000BDF1
:1051800010B50123FFF7E3FFBB490978884207D236
:10519000C2B200210B20D8F77FFF04F041F903468B
:1051A000184610BD70B50D460026FFF7D0FFB24976
:1051B0000446097888420FD275B1E0B2DAF76EFB87
:1051C000A84209D3284604F0EFF80346E2B20021D2
:1051D0000B20D9F7ACFB0126304670BD70B50D46EB
:1051E0000026FFF7B4FFA4490446097888420BD291
:1051F00055B1E0B2DAF752FBA84205D36D1EE9B211
:10520000E0B2DAF772FB0646304670BD2DE9F04198
:1052100016460C4607460025FFF799FF9649097880
:1052200088420BD254B1C0B2DAF738FBA04205D3A2
:10523000611E012532463846DAF775FB2846BDE87F
:10524000F0812DE9F04FADF51B7D8146DDE9A486A7
:105250001D46924600240846FFF779FF0246504655
:10526000BAF14D0F1DD009DC1C281FD0242847D0CF
:105270004A2861D0BAF14B0F09D10DE04F2822D056
:10528000552822D06E2846D0BAF16F0F21D00220C7
:1052900088F80000202088E013214846FCF73DFBF9
:1052A00037E0D1B20B20D8F78DFC03E0D1B20B2050
:1052B000D8F7E2FB0146684600F004FF694648461D
:1052C000FCF7E8FB25E013211BE01046FFF758FF31
:1052D0001BE096A800F038FE0022114696A800F0C8
:1052E0003CFE0022012196A800F037FE0022022198
:1052F00096A800F032FE96A94846FCF79DFA08E011
:1053000000214846FCF7CAFC03E001464846FCF78A
:1053100094FC044631E07DB1681C104610D0FFF7C4
:1053200016FF0446C0B2DAF7B9FAA84239D32946C3
:105330002046FFF753FFBDE7D0B2DAF7AFFAE4E754
:10534000FFF705FF8346012711E039465846FFF76E
:1053500045FF0146684600F0B5FE09EB04006946CA
:10536000FCF798FB0444B4F5167F15DA7F1C0BF0AC
:10537000FF00DAF793FAB842E7D2002C18DBBAF153
:105380006E0F15D0BAF1570F12D06D1C10D002203D
:1053900088F80000322008E0052188F8001012206B
:1053A00003E0022088F800002A2030704FF0FF341C
:1053B0000DF51B7D2046BDE8F08F2DE9F043044636
:1053C000ADF5197D15460E464FF00008D0F80200E5
:1053D000FFF7BDFED4F864126A4604F10C00FBF737
:1053E00047FC02274FF02509002803DA377085F8BB
:1053F00000900AE0E0886E280CD057280AD0A168F7
:10540000491C07D037703220287000200DF5197D17
:10541000BDE8F0834F2827D006DC1C2824D02428A0
:1054200022D04A2806D11FE0552806D06E281BD06E
:105430006F2819D03770202018E004F26A235A1E12
:1054400002216846FEF73AFD5FEA00080FD0DDF85A
:105450000310D4F80200FFF7A5FE5FEA000806D1AA
:10546000377085F8009002E0377028202870404699
:10547000CCE70000484505085405006070477047B8
:105480002DE9F04708220025431EDCB26308FE4EDA
:10549000FE4F7688A7F1280C2A2E7DD3032B52D8F5
:1054A0004FF0640903EB031307F5B07606EB4306F0
:1054B000338C8B4204D307EBC4004068BDE8F0870F
:1054C00033888B4202D857F83400F7E7082337E0D7
:1054D00036F8138088451ED8A3F1010A36F81AA0C1
:1054E0008A4518D35B1E5A1C36F8135036F8122022
:1054F000AA1A002AE2D0681A00FB09F090FBF2F029
:1055000003FB09015CF82400484390FBF9F057F8CD
:1055100034100844D2E702B9012502EBD2725210CE
:10552000884501D9134400E09B1A002B02DC57F890
:105530003400C3E7102B03DB07EBC4004068BDE772
:10554000002DC5D0B8E06426D04AFA3213888B42C9
:1055500002D357F83400B1E7B2F864308B4257D821
:1055600007EBC4004068A9E7538E8B4229D2192368
:1055700032F8138088451FD803F1010832F81880EB
:10558000884519D35D1C32F8158032F81350A8EB0A
:105590000502002A92D000E03DE0481B704390FBDA
:1055A000F2F003FB06015CF82400484390FBF6F0A0
:1055B00057F83410084481E75B1CDBB2322BD7D399
:1055C00026E0002332F8138088451DD803F1010836
:1055D00032F81880884517D35D1C32F8158032F8F0
:1055E0001350A8EB0502002A94D0481B704390FB8F
:1055F000F2F003FB06015CF82400484390FBF6F050
:1056000057F83410084459E75B1CDBB2192BD9D387
:10561000002DA9D050E04FF064099C4E03EB03131A
:10562000503606EB4306338C8B4203D307EBC400A2
:10563000406843E733888B4202D857F834003DE78F
:10564000082337E036F8138088451ED8A3F1010AF5
:1056500036F81AA08A4518D35B1E5A1C36F8135028
:1056600036F81220AA1A002AA5D0681A00FB09F001
:1056700090FBF2F003FB09015CF82400484390FB27
:10568000F9F057F83410084418E702B9012502EB85
:10569000D2725210884501D9134400E09B1A002BA6
:1056A00002DC57F8340009E7102B03DB07EBC400DA
:1056B000406803E7002DC5D00020FFE62DE9F0414A
:1056C0000C4601210022143800B2C0EB0010704BD0
:1056D000C0EBC000C51801EB410005EB40030933E6
:1056E000B3F90000FFF7CBFEA04207D1D3F80200C8
:1056F000FFF7C4FEBDE8F04103F04DBE33F9060CE0
:10570000FFF7BDFEA04207D153F8040CFFF7B6FE29
:10571000BDE8F04103F03FBEB3F90000FFF7AFFE74
:10572000A04208DD33F9060CFFF7A9FEA04202DA19
:10573000491E09B203E0491C09B20E29CBDD0F292D
:105740002FDB002000EB400305EB430309331F88E8
:1057500017B9D3F8023013B1521CD2B205E008B920
:10576000521CD2B2012800D10022401CC0B2102825
:10577000E8D3B2B1093502EB420005EB4000B5F9C0
:10578000001030F9062C914205DDD5F80200BDE885
:10579000F04103F000BE50F8040CBDE8F04103F006
:1057A000FABD01EB410005EB40050935B5F90600EE
:1057B000FFF765FE0146B5F90000FFF760FE081A25
:1057C00007B2DFF8D08097B1B5F90000FFF757FEB8
:1057D000201A03F0E0FD414603F0D9FB04463846A9
:1057E00003F0D9FD0146204603F003FC0646A868F5
:1057F000FFF744FE0146D5F80200FFF73FFE081A06
:1058000003F0C9FD014611F0FF4F10D0304603F000
:10581000BEFB414603F0EDFB0446D5F80200FFF75E
:105820002DFE03F0B8FD214603F059FB0646304635
:10583000BDE8F0812DE9F05F00260127164C1248E3
:1058400040882A2800D304274FF0040BDFF84C804F
:10585000DFF83C904FF0000A59E23046E3F755F983
:10586000002859D0E3F7EFF8B0426ED994F82D0034
:10587000A0F11401042916D894F9230001110FD0C6
:10588000000908F8060023E07A070260A045050831
:105890002951002000007A4436530020B65E0020D3
:1058A00008F806B014E094F82810B1B30B2840D0E3
:1058B00011283ED0132840D010283ED00D2840D0CB
:1058C00012283ED0092841D00A283FD008F806B057
:1058D00094F8230000F00F0018F8061040EA0110B9
:1058E00084F82300E3F7B5F8B0426ED984F824A019
:1058F00084F825A084F82AA04EB1FA4918F80600C9
:105900008A5D904203D088553046E2F7E9FF94F96A
:105910002700F8B1012870D0F6E1FFE794F92300E1
:10592000011103D0000908F80600D1E708F806B015
:10593000CEE7022008F80600CAE7032008F80600B0
:10594000C6E7012008F80600C2E7D1E1052008F803
:105950000600BDE794F82D0000284FD03046E2F74E
:10596000C0FF054694F9280010B101283BD06BE137
:1059700014F8230F00F0F0002070A07A233CA0F16F
:105980000C010A2908D8B5EB472F01D9012100E005
:10599000002184F8261007E0B5EB472F01D3012141
:1059A00000E0002184F826101738072807D8B5EB47
:1059B000472F01D3012000E0002084F8260094F84E
:1059C000260018B14FF47A7001E07AE10020FFF769
:1059D00055FDC4F81E0094F8260010B14FF47A75F6
:1059E00032E1002530E114F8230F00F0F0002070C0
:1059F000A07A233C1E2839D201E05BE137E1DFE8E1
:105A000000F0350F0F0F0F0F0F0F0F36365E6A7055
:105A100077F47E7E84649494949494F4353535F3CD
:105A20003046E2F75EFF07EB4701C1EBC711B0EB71
:105A3000C10F08D994F8230000F0F00040F00100F5
:105A400084F823000CE03046E2F74BFF142807D21D
:105A500094F8230000F0F00040F0020084F82300E6
:105A6000A9B294F82D00FFF70BFD0546DEE03046A5
:105A7000E2F737FFB0F57A6F08D994F8230000F009
:105A8000F00040F0010084F8230011E03046E2F716
:105A900028FF07EBC70101EB0711B0EB410F07D25D
:105AA00094F8230000F0F00040F0020084F8230096
:105AB000A9B294F82D00FFF7E3FC0546B6E0B5FB6C
:105AC000F7F0E2F71AFF0546B0E0B5FBF7F0E2F7B2
:105AD0003DFF0546AAE084484543B5FBF7F0850A3B
:105AE000A4E044F620604543B5FBF7F0850A9DE04D
:105AF00044F620604543B5FBF7F0850A96E07A4806
:105B00004543B5FBF7F0850A90E0B5FBF7F0CC28EC
:105B100001D200258AE0B5FBF7F07349CC38484341
:105B20004FF44C71B0FBF1F580E0284603F03CFCEB
:105B3000054618F80600052820D13046E2F7D1FEC8
:105B4000B0F57A6F08D994F8230000F0F00040F027
:105B5000010084F8230011E03046E2F7C2FE07EBB3
:105B6000C70101EB0711B0EB410F07D294F82300F6
:105B700000F0F00040F0020084F8230094F82D00BB
:105B80001438C0EB0010C0EBC0004844007AEF2886
:105B90002CD0384603F008FC0146284603F029FAC9
:105BA00003F03EFC01463046E2F7F3FE6421B0FB11
:105BB000F1F003F0F9FB03F01AFC01B294F82D00A8
:105BC000FFF77CFD494903F0E2F903F029FC0546A3
:105BD00094F82D001438C0EB0010C0EBC00048440E
:105BE000007AEF2815D021E01CE016E0384603F0DB
:105BF000DBFB0146284603F0FCF903F011FC0146EB
:105C00003046E2F7C6FE0A21B0FBF1F003F0CCFB10
:105C1000D1E76420B5FBF0F508E03046E2F7A0FFDD
:105C2000054603E03046E3F76DF8054694F8290091
:105C300080B194F82C0094F82B1000EB01206FF049
:105C40001801484305EB80052846FFF717FCC4F808
:105C50001E0059E094F82C0094F82B1000EB012062
:105C600000EBC00101EB001005EB8005ECE794F8B8
:105C7000230000F0F00084F82300E2F7EAFEB042CF
:105C800010D93046E2F72DFEB0FBF7F040F6B83100
:105C9000484340F2FF31B0FBF1F0FFF7EFFBC4F8EF
:105CA0001E0031E03046E2F71CFEFFF7E7FBC4F8C8
:105CB0001E0029E094F8230000F0F00084F823008F
:105CC00022E03046E3F757F8F0B984F824A084F8CE
:105CD00025A084F82AA094F8230000F0F00084F8AE
:105CE000230011E0D65E0020A086010000007A4467
:105CF00084F824A084F825A084F82AA094F823002E
:105D000000F0F00084F82300761CF6B22E34402E0A
:105D1000FFF4A3ADBDE8F09F2DE9F04100251C4C38
:105D20000026012730E0E2F791FEA84223D9E2F7EE
:105D3000C0FEA84205D92734A670E670267104F883
:105D4000276994F8280008B9C4F81E602846E3F7CC
:105D50003EF801280BD004F8296F6670A670293C24
:105D6000E2F7A7FEA8420CD884F8277009E028467D
:105D7000E3F700F805E02734A670E670267104F812
:105D800027796D1CEDB22D34402DCCD3BDE8F081C8
:105D900034C30460014600203339052905D2DFE809
:105DA00001F0030507090B0001207047022070472E
:105DB00003207047042070474020704710B500242E
:105DC00038B10BB1712300E0702303704170827011
:105DD0000324204610BD10B5002429B10AB1017872
:105DE00011700BB140781870204610BD10B500221C
:105DF000002816D0002914D00B7803708B18841853
:105E00005B78521C6370072AF8DB0A8902818A7A60
:105E1000827200228B188418DB7A521CE372072AE4
:105E2000F8DB10BD70B5002288422BD004890B89A5
:105E30009C4221D1837A8D7AAB421DD1072B09D99F
:105E4000072307E085188E18ED7AF67AB54213D14C
:105E5000521CD2B29A42F5D3A4B903780A7893427D
:105E60000AD1072B00D90723002209E084188D18D6
:105E700064786D78AC4201D0002070BD521CD2B263
:105E80009A42F3D3012070BD70B50400049E4FF018
:105E900000000DD0502020706170A270E01C1946E7
:105EA000FBF7FCFEC51C60193146FBF7F7FE2844E2
:105EB00070BDFEB5044600201E4617468DF8000052
:105EC0000190029000291DD0204601AA6946FBF7E7
:105ED00015FB05469DF80000092812D1601902AA99
:105EE0000199FBF7B8FE05440FB1029838706019AC
:105EF00001AA6946FBF702FB05449DF8000009284A
:105F000001D00020FEBD601902AA0199FBF7A3FE93
:105F10002844002EF6D002993170FEBD70B50024E1
:105F2000DDE9045602290CD90AB1047814700BB1CA
:105F300042781A7033462A46801C891EFFF7B9FF43
:105F40000446204670BD000000220270114643182E
:105F5000491C5A700F29FADB704770B5CB08012530
:105F60000F2B11D206784C1CA64200D204705B4263
:105F700001EBC30300EBD1009D404178EBB20AB1C5
:105F8000194300E09943417070BD30B504460020CC
:105F9000CA080123782909D25542224401EBC501E0
:105FA0008B405278D9B20A4200D0012030BD00782F
:105FB0007047014600200978002903D0491EC1F32B
:105FC000C400401C704702004FF0000003D00F29AE
:105FD00001D250184078704703004FF0000004D001
:105FE0000F2902D2581842700120704703004FF069
:105FF000000003D0C2EBC1001870012070470028D8
:1060000000D07820704710B5002258B151B10A78FD
:10601000027000228B1884185B78521C63700F2A60
:10602000F8D30122104610BD70B5002200B30478E9
:106030000B789C421CD17F2C1AD8E30804F007048B
:10604000C4F10805FF24EC4006E085188E186D7831
:106050007678B5420CD1521C9A42F6DB18441944AA
:106060004078497820402140884201D1012070BD0C
:10607000002070BDF0B5002510B30024046001714C
:1060800040F251218B421BD84D1C4FF000018AB1C8
:10609000461D994208D2D0F800C0575C0CF8067033
:1060A00007687F1C076001E047187C71491CA94202
:1060B000EFD304E04218491C5471A942FAD30125D8
:1060C0002846F0BD70B505460C0003D0084602F026
:1060D000ABFD00E00020034622462846BDE87040A4
:1060E0000021C7E701004FF0000000D008687047AA
:1060F00001004FF0000000D0481D704701004FF034
:10610000000000D00879704730B504460D460846B7
:10611000FFF7E8FF03462846FFF7EAFF0246284656
:10612000FFF7ECFF01462046BDE83040A2E730B55E
:10613000A8B1A2B1137993B913688B420FD200238F
:106140001C4608E015689D4203D9D5186D79C554E1
:1061500000E0C4545B1C8B42F4D3012030BD00200E
:1061600030BD70B503460020E1B1BBB10C681A68C0
:10617000944212D10A791D79AA420ED1012000223F
:1061800007E08D189E186D797679B54200D0002011
:10619000521C944201D90028F3D170BD096804E073
:1061A000012070BD002BFCD019680029F8D070BD0B
:1061B00070B50E0005464FF000041AD00846ADB188
:1061C00002F032FD2968884217D12879A8B9012444
:1061D000002006E02B18325C5B799A4200D0002444
:1061E000401C814209D9002CF4D106E002F01CFDCC
:1061F00001E015B1006800B90124204670BD70B5FA
:10620000002388B1046840F251251444AC420BD8F5
:10621000451D06E00668CC5C74550468641C046087
:106220005B1C9342F6D30123184670BD02004FF069
:10623000000005D040F25123994201D8116001209D
:10624000704701004FF0000001D040F2512070472C
:1062500002004FF0000001D011710120704730B5ED
:1062600002004FF0000013D0107900284FF0010019
:106270000ED11368002140F252248B4208D95518E0
:106280006D79203D5F2D00D30020491CA142F4D33D
:1062900030BDF0B5461871B3022541E002785AB31B
:1062A000802A3CD30323B3EB921F34D17E4B9B5CFB
:1062B000994230D310F8014FC91AB5EB941F2AD177
:1062C000062B2AD2DFE803F02903070C111912F07C
:1062D0003E0F20D023E0E02A1FD1A2061BD51CE0F0
:1062E000F02A1AD104F0300203E0F82A15D104F0A4
:1062F00038020AB111E015E00DE0FE2A0BD0FF2AAA
:1063000009D0FC2A09D104F03C02F2E710F8012F71
:10631000B5EB921F01D00020F0BD5B1EF6D1401CF2
:10632000B042BBD30120F0BD10B50179002406298D
:1063300006D221B950F8051BFFF7ABFF00B10124CD
:10634000204610BDF0B50025F8B1002440F25223DC
:1063500004609A4219D881B10023051D0AE006D2D3
:106360000768CE5C7E550668761C066001E0C6189C
:1063700034715B1C9342F2D306E000EB010201F1A1
:10638000010114719942F8D301252846F0BD30B5BA
:10639000464B00221C88464B1B781C4440F252237B
:1063A0009C4202D20123046009E0002101600846FA
:1063B00030BD8C5C8518521C2C71046892B29442DA
:1063C000F7D8184630BD01004FF0000000D0086833
:1063D000704701004FF0000000D0081D704710B555
:1063E00003460C460846FFF7EEFF02462046FFF73D
:1063F000F0FF0146BDE810401846A3E710B50023A2
:106400006AB160B114688C4209D3002103E05318CB
:106410001B794354491C13688B42F8D813681846FB
:1064200010BD70B5002388B1046840F252251444B1
:10643000AC420BD8051D06E00668CC5C74550468B8
:10644000641C04605B1C9342F6D30123184670BDA4
:1064500002004FF0000005D040F25223994201D8CB
:1064600011600120704701004FF0000001D040F2A0
:106470005220704730B50022A0B199B103680C6872
:10648000A3420FD140F25224A34207D90AE0841854
:106490008D1824792D79AC4204D1521C9342F6D840
:1064A000012030BD002030BDAA470508A6000060CD
:1064B000A000006081070CD16421B0FBF1F201FB68
:1064C000120141B94FF4C871B0FBF1F201FB1200A7
:1064D00008B1002070470120704730B58DB00C46E0
:1064E00005463422F949684602F068FB0023022C75
:1064F00005D12846FFF7DEFF08B11D2304E0601E2A
:106500000B2801D81DF824300DB0184630BD70B5E9
:10651000154606460024FFF7E0FF40F26C718E42FC
:1065200004D318B115B1854200D80124204670BDAE
:1065300010B5002128B1C27881780088FFF7E7FF05
:106540000146084610BD2DE9F04117460E4680462B
:106550000025FFF7DCFF58B1012406E02146404644
:10656000FFF7BBFF641C0544E4B2B442F6D33D44DC
:106570002846BDE8F0812DE9F04116460F46054654
:106580000024FFF7C4FFA0B140F26C7308E0184686
:1065900004F26D14FFF78EFF00B1641C5B1C9BB20C
:1065A000AB42F4D3324639462846FFF7CCFF0444C9
:1065B000641E2046DDE710B5FFF7DDFF0721B0FBC5
:1065C000F1F201FB1200401C10BD70B516460D46DD
:1065D000040008D02580A670E3701A46314628468C
:1065E000FFF7E9FF207170BD2DE9FC4789460021C6
:1065F000924604468DF804108DF8001001AF6E46E7
:106600000125884606E029464846FFF766FF241A1A
:106610006D1CEDB229464846FFF75FFFA042F2D35A
:1066200008EB0400C0B207B13D7006B130709DF8B0
:1066300000309DF8042049465046FFF7C6FFBDE8EC
:10664000FC8710B5002128B1C27881780088FFF757
:106650007AFF0146084610BD10B5002128B1C27866
:1066600081780088FFF787FF0146084610BD3EB5D8
:1066700000220C46ADF808208DF804208DF800208B
:106680006B4601AA02A900F029FA9DF800309DF896
:106690000420BDF808102046FFF797FF3EBD0021FB
:1066A00060B10278182A09D242783C2A06D2827850
:1066B0003C2A03D2C078642800D2012108467047E2
:1066C00010B50C46FFF734FF28B12046FFF7E7FF6F
:1066D00008B1012010BD002010BD02004FF00000E5
:1066E0000CD000290AD010880B88C01A06D19078E7
:1066F0008B78C01A02D1D078C978401A704702004E
:106700004FF0000010D000290ED010780B78C01A7E
:106710000AD150784B78C01A06D190788B78C01A7D
:1067200002D1D078C978401A704730B50D4604467A
:10673000FFF7D3FF002804D1A91DA01DBDE83040FC
:10674000DDE730BD30B502004FF000001AD000295F
:1067500018D0148840F66B05AC4204D00B88AB42CD
:1067600001D0E01A0ED19378FF2B04D08C78FF2C47
:1067700001D0181B06D1D278FF2A03D0C978FF298F
:1067800000D0501A30BD10B502004FF0000020D0EC
:1067900000291ED01378FF2B04D00C78FF2C01D0D9
:1067A000181B16D15478FF2C04D04B78FF2B01D046
:1067B000E01A0ED19478FF2C04D08B78FF2B01D0F7
:1067C000E01A06D1D278FF2A03D0C978FF2900D079
:1067D000501A10BD30B50D460446FFF7B3FF002830
:1067E00004D1A91DA01DBDE83040CCE730BD002874
:1067F00009D0002907D00A8802808A788270CA7876
:10680000C270097901717047002809D0002907D0AA
:106810000A7802704A7842708A788270C978C170AA
:10682000704710B50B460446891D801DFFF7ECFF2D
:106830002046BDE810401946D9E710B50028029C53
:1068400003D0017042708370C47010BD002913D052
:10685000002A11D000280FD0137883715378C371A8
:1068600093780372D27842720A8802808A788270A2
:10687000CA78C2700979017170472DE9F0479046D6
:10688000DDE90965DDF82C90089F8C4604000FD0E7
:10689000A4F800C084F80280E3701A4641466046BE
:1068A000FFF789FE2071A771E671257284F80990BF
:1068B000BDE8F08710B5002128B1827841780078D2
:1068C00000F04BF90146084610BD0000AC48050831
:1068D000002128B101784078C1EB011100EB810162
:1068E00088B270472DE9F0410E460446027AC1791C
:1068F000807900F032F93C27B0FBF7F52046FFF72E
:10690000ABFE4FF4B46296FBF2F10844A1EB011127
:1069100001EB410116EB41112DD54942A94204D9A1
:10692000C1F5B4612944401E09E0691AB1FBF2F2D5
:106930001044A2EB021202EB420201EB4211C1EB46
:1069400001118D004FF46163B5FBF3F3DBB26FF01F
:10695000E00603FB06F605EB0615B5FBF7F5A21DF1
:1069600004F10701EDB200D0137001B10D702146A2
:10697000BDE8F0417BE62944D8E70021D0B1028888
:10698000A2F500636B3B15D18278FF2A12D1C27841
:10699000FF2A0FD10279FF2A0CD18279FF2A09D16F
:1069A000C279FF2A06D1027AFF2A03D1407AFF2852
:1069B00000D10121084670470021B8B10288A2F534
:1069C00000636B3B11D082780C2A0ED8C2781F2A44
:1069D0000BD88279FF2A08D0C279FF2A05D0027A23
:1069E000FF2A02D0407AFF2800D1012108467047D3
:1069F000002806D040F66B010180FF218170C17034
:106A000001717047002804D0FF210170417081702E
:106A1000C170704700B5020005D0FFF7E9FF901D77
:106A20005DF804EBEEE700BD70B506000D464FF0D3
:106A300000000AD0002D08D03046FBF797FA044634
:106A40003019A91DFBF721FA204470BD2DE9F04152
:106A5000040017460E464FF000000FD0002F0DD057
:106A60002046FAF7ECFC054660193946FFF7DCFFD3
:106A7000054460193146FAF7F5FC284479E52DE91B
:106A8000F0410F460546FBF7A5FA411C4FF0FF36D3
:106A900008D004462819B91DFBF729FA411C01D07A
:106AA000204466E5304664E52DE9F04114460F4682
:106AB0000546FAF7CDFD4FF0FF3668B1681C214658
:106AC000FFF7DDFF411C07D00C4628193946FAF7BD
:106AD000D5FD08B1601C4CE530464AE52DE9F0478C
:106AE0001F46012590468946044640F26C76AA4628
:106AF00040F26D134FF4B67C0EE03046FFF7DAFC3F
:106B000008B19C4212D03046A4F26D14FFF7D2FCBB
:106B100000B1641E761CB6B26445EED806E0294684
:106B20003046FFF7DAFC241A6D1CEDB229463046D8
:106B3000FFF7D3FCA042F2D90AEB0400C0B2B9F1CE
:106B4000000F01D0A9F80060B8F1000F01D088F85B
:106B50000050002F00D03870AAE6C0EB001001EB07
:106B60008000C0EB001002EB800070472DE9F0417F
:106B70000400069E984617464FF0000018D01020DB
:106B80002070002060700A46A01C0821FAF7C5FE9C
:106B9000851C60193946FBF750F8054460194146D9
:106BA000FBF77CF8054460193146FBF746F82844AA
:106BB000BDE8F0812DE9F04786B004460020DDF8FD
:106BC000389090460E46ADF8000001908DF8080010
:106BD000039004901D46204603AA02A9FAF78EFCF2
:106BE00007469DF808004FF0FF3A0C284BD1E019FA
:106BF00001AA6946FAF747FE0744BDF800000828D5
:106C000041D10EB101983060E01903AA02A9FAF748
:106C100075FC3E189DF80800022834D1A01904AA7A
:106C20000399FAF79EFF0644B8F1000F02D00499C9
:106C3000C8F80010A01903AA02A9FAF75FFC0644DD
:106C40009DF8080009281ED1A01904AA0399FBF792
:106C500002F806440498042815D205B12860A0194A
:106C600003AA02A9FAF74AFC35189DF80800022881
:106C700009D1601904AA0399FAF773FF049928440B
:106C8000B1F5803F03D3504606B0BDE8F087B9F1B7
:106C9000000FF9D0A9F80010F6E7000000280FD087
:106CA00000290DD00A7802704A7842708A78827082
:106CB000CA78C2708A888280CA88C280097A0172C2
:106CC00070472DE9F0474FF00004984616460F46EE
:106CD0000500A14675D0B8F1000F72D098F80000F9
:106CE00028700020687098F8020008B18020687051
:106CF0002FB1388918B1687840F0200068703EB133
:106D0000308928B1B07A18B1687840F0080068700E
:106D100098F8010018B1687840F00400687098F89D
:106D20000310687801F00301084368700224BFB1C2
:106D30003989A9B1A81CFBF77FF9801CB97A2954BD
:106D4000441CB87A48B90BE007EB0900C07A285513
:106D500009F1010000F0FF09641CB97A4945F3D834
:106D6000BEB13189A9B1B07A98B12819FBF764F99D
:106D70000444B07A2855B07A641C50B1002005E074
:106D80003118401CC97A2955C0B2641CB17A8142BD
:106D9000F6D82FB1388918B198F808002855641C26
:106DA00098F8020068B198F804002855B8F8040073
:106DB000641C802805D3B8F806102819FBF73CF9A5
:106DC00004442046BDE8F08700280BD04170012123
:106DD0000170002181704FF480738380C180C27084
:106DE000FF21017270472DE9FC5F4FF000049946C6
:106DF0001746884605002646A246ADF80040ADF885
:106E000004407DD0B9F1000F7AD0297889F80010BC
:106E100068780224C10989F8021068784FF0FF3BB6
:106E2000C0F3800189F80110687800F0030189F847
:106E300003106878800620D5A81C01A9FBF701F98A
:106E4000841C285D641CB8F1000F05D0BDF8042037
:106E5000A8F8082088F80A00F0B1072831D809E01E
:106E6000295D641CB8F1000F02D008EB0602D17254
:106E7000761CF6B28642F3D30EE0B8F1000F0BD0C9
:106E8000A8F808A0504688F80AA008EB0601761C6E
:106E9000F6B2C872072EF8D3687801072A481FD5C2
:106EA0000121017028196946FBF7CBF80444295DDC
:106EB000641C1FB1BDF800003881B97221B30729E5
:106EC00002D95846BDE8FC9F002006E02A5D641CFC
:106ED0000FB13B18DA72401CC0B28842F6D313E0FF
:106EE00097B180F800A038895146A0F57F42FF3A5B
:106EF00000D03981B97200203A18401CD17200E0EC
:106F00001BE0C0B20728F7D3BDF8040020B1295D0B
:106F100089F80810641C01E089F808A099F80200BB
:106F200060B1285D641CA9F8040080280AD32819E0
:106F300009F10601FBF785F8044403E04FF4807182
:106F4000A9F804102046BDE74C200020014600208F
:106F50003B390A2907D2DFE801F00507090B0D0FBD
:106F60001113151701207047022070470320704746
:106F7000042070470520704706207047072070479F
:106F8000082070470920704740207047002320B137
:106F9000602303704170827003231846704710B558
:106FA000002429B10AB1017811700BB14078187032
:106FB000204610BD70B5040016460D464FF0000087
:106FC0001AD0207040F2C451FAF790F96070A570A1
:106FD0000C20E07032880425B2F5806F06D2D6F816
:106FE0000230201D0021FAF787FC051DF288601988
:106FF0000121FAF761FE284470BD2DE9F04385B008
:107000004FF000050F46064614008DF8005001951C
:10701000ADF8085003956FF0020904953FD0072F93
:1070200002D23F2050753EE030460021FAF7E5FAE3
:107030004FF03E0890B1701CA21C02A9FAF723FC85
:10704000451CBDF808002080701901AA6946FAF7AE
:1070500055FA05449DF80000012802D084F81580F7
:1070600021E0701903AA0199FAF7F5FD0544039888
:10707000E080BD421BD2701901AA6946FAF73EFAB8
:1070800005449DF800000228E8D1BD42E6D27019FF
:1070900004AA0199FAF765FD05440498A060BD4271
:1070A00008D241206075484605B0BDE8F0834FF036
:1070B000FF30F3E72846F7E770B5040016464FF0B7
:1070C00000001FD03020207061700C20A070D6F816
:1070D00002303288E01C0021FAF70EFCC51CF28851
:1070E00060190121FAF7E8FDB2680544501C04D08C
:1070F00060190221FAF785FD054460190321FAF7AA
:107100009EF9284470BD02004FF0000003D0032117
:107110001046FAF7A7B970472DE9F04106004FF085
:1071200000051746284611D03046FFF7C5FF044634
:1071300004E0F868405D3055641C6D1C3869A84255
:10714000F7DC30190321FAF78DF92044BDE8F0810E
:107150002DE9F041044686B000200F468DF800006E
:107160000190ADF8080003900146049015462046B2
:10717000FAF743FA4FF0FF3898B3601CAA1C02A933
:10718000FAF781FB461CBDF808002880A01901AA67
:107190006946FAF7B3F906449DF8000001282BD19F
:1071A000A01903AA0199FAF756FD06440398E8804E
:1071B000A01901AA6946FAF7A1F99DF80010022961
:1071C00010D0C5F80880A0190321FAF741FA40B1A0
:1071D000761CA019E860B81B401E2861384606B02E
:1071E000B4E709E00644A01904AA0199FAF7B9FC2A
:1071F00006440498A860E6E74046F0E7F0B587B09B
:107200000E46054614461F46194601A8FBF7A8F886
:1072100039463046FBF79AF8002211462046FFF720
:10722000D3FD234601AA31462846FFF74AFD04460E
:10723000FBF7BBF80646FBF7A1F801462819032324
:107240004FF416720096FFF791FC204407B0F0BD92
:1072500030B589B00C460B46054606AA01A9FFF7D2
:10726000CDFF03462A4606A901A80094FBF742F881
:1072700009B030BDF0B587B005461C46174610462C
:107280000C9EFEF7B3FD314601A8FBF769F800221A
:1072900011462046FFF798FD234601AA39462846A5
:1072A000FFF70FFD0446FBF780F80646FBF766F88C
:1072B0000146281903234FF416720096FFF756FC77
:1072C0002044C3E730B589B014460092054606ABAA
:1072D00001AAFFF7CFFF03462A4606A901A800949A
:1072E000FBF708F8C4E700002DE9F0478AB08946AB
:1072F000824690461D46194604A8FBF731F8002245
:10730000114601A8FFF760FD40F2391105FB01F0BD
:10731000344F01AB07EB400404AA51462046FFF767
:10732000D0FC0646A0194246494600F0A9F9064499
:1073300035B9394632462C4801F040FC2B480670DE
:107340002246334601A950460095FAF7D3FF0AB00A
:10735000BDE8F08770B586B00D4606461446114666
:107360006846FAF7F3FF23462A4631466846FFF798
:10737000BBFF06B070BDF0B587B00D46064614469B
:1073800011466846FAF7E2FF0020ADF808009DF8C4
:1073900004008DF814009DF803008DF815009DF889
:1073A00002008DF816009DF801008DF817009DF879
:1073B00006008DF818009DF805008DF819000021D1
:1073C0006A4605A85718435C491C7B700629F9DBFF
:1073D00023462A4631466846FFF786FF07B0F0BDD0
:1073E00082E7B7E7F65E0020F4490020AA000060BB
:1073F0000020A14B024640F24B11414303EB4101F7
:10740000401C0A71CA70FF28F5DB704710B500F008
:107410001FF9FF2808D2002140F24B125043964A30
:1074200002EB40000171C17010BD2DE9F04700254D
:10743000DFF844820746A94640F24B1005FB00F6F0
:1074400008EB4604217901291ED1B4F80100B842A5
:1074500006D9C01B0004000CA4F8010002D013E000
:10746000A4F80190F8F7E2FB18F81610884209D941
:10747000F8F7D6FBA4F8010018F81600401C08F82D
:10748000160001E084F804906D1CFF2DD4D3BDE8F4
:10749000F0870020784A014640F24B134B4302EB41
:1074A0004303DB781BB1491CFF29F5D3704701204A
:1074B000704710B50020704B014640F24B124A4312
:1074C00003EB4202D4781CB912790AB9401CC0B24D
:1074D000491CFF29F1D310BD00B90120674908708C
:1074E00070472DE9F04700273D46FFF7D2FF78B3FC
:1074F000DFF88491614E4FF00108307800F0A8F871
:10750000FF281CD101250020FF214A4640F24B13E1
:10751000434302EB4303DB78C3B1401CFF28F5D3A0
:10752000FF2918D040F24B10414309EB4104377852
:10753000E77000202071F8F773FBA4F801003078A1
:10754000401C10F0FF00307003D004E0C1B2E7E748
:1075500003E086F80080002DCFD0384697E72DE96C
:10756000F0470024089E1F469046894600288ED08A
:1075700000F06EF8FF288AD240F24B1250433E4A88
:10758000012102EB40052971002102F81010F8F7E3
:1075900047FBA5F8010005E0385D2919641C81F856
:1075A0002000A4B2B442F7D3C5F8926205F11700E7
:1075B0004146FFF773FB681D4946BDE8F047FEF7FB
:1075C00015BC64E72DE9F0470024089E1F4690464D
:1075D0008946254600B300F03BF8FF281CD240F254
:1075E0004B114843244901EB4005B5F89202308025
:1075F00005E0281990F820003855641CA4B23088A2
:10760000A042F6D805F117014046FFF747FB691D78
:107610004846FEF7EBFB0125284638E710B5012464
:1076200000F016F8FF2800D20024204610BD10B547
:10763000002400F00DF8FF2808D240F24B11484317
:107640000D4901EB4000007900B90124204610BD2E
:1076500010B50021084AFF2440F24B134B4302EBC4
:107660004303DB78834201D1CCB202E0491CFF29FD
:10767000F2D3204610BD000074CE04602F230020FA
:1076800070B5040016464FF0000017D0102020708F
:10769000082060700220420591420FD2002E0DDBBF
:1076A00096420BDA0A46A01C0021FAF7AAFA851CBA
:1076B000601932460121FAF7A4FA284470BD2DE979
:1076C000F04104001E4615464FF000001FD0102068
:1076D0002070082060700220420591420FD2002DD8
:1076E0000DDB95420BDA0A46A01C0021FAF789FA55
:1076F000871CE0192A460121FAF783FA3844DF2172
:107700002154401CFD212154401C2654401CBDE83E
:10771000F0812DE9F0478AB08946824615464FF040
:10772000FF36114604A8FAF71BFE0022114601A8F5
:10773000FFF74AFB40F23910DFF8E08005FB00F16B
:1077400008EB410401AB04AA51462046FFF7B9FA01
:1077500007463246E0194B461146FFF7B0FF3E1888
:1077600035B9414632462E4801F028FA2D480670B8
:107770002246334601A950460095FAF7BBFD0AB0F0
:10778000BDE8F08730B585B005460C466846FAF787
:10779000DDFD224629466846FFF7BBFF05B030BD38
:1077A0002DE9FE43044600201E4617468DF80000D2
:1077B00001900290002922D0204601AA6946F9F7DB
:1077C0009DFE05469DF800004FF0FF39B0B96019E5
:1077D00002AA0199FAF7C5F9054402984FF4800806
:1077E000404501D207B13860601901AA6946F9F72E
:1077F00085FE05449DF80000012802D04846BDE8FA
:10780000FE83601902AA0199FAF7ABF9029928449C
:107810004145F4D2002EF2D03160F0E7F65E002050
:10782000F4490020AA0000602DE9F04115460F46FA
:1078300004004FF000063FD0002020704FF4167176
:10784000F9F754FD6070A7700F20E070D5F8023092
:107850002A88201D0021FAF74FF8061DEA88A01992
:107860000121FAF729FAAA680644501C04D0A0198D
:107870000221FAF7C6F90644A0190321F9F7DFFD42
:107880003118002004E02A180B18127BE254401C27
:10789000D5F864228242F6DCD5F864024618A019B5
:1078A0000321F9F7DFFD95F86822064422B1A019FB
:1078B0000421FAF7A6F906443046BDE8F0812DE927
:1078C000F04786B04FF0000714465FEA010805460E
:1078D0008DF800700197ADF8087003973E46049745
:1078E0007FD0002C7DD028460021F9F786FE4FF08E
:1078F000FF3AB0B3681CA21C02A9F9F7C4FF471CE9
:10790000BDF808002080E81901AA6946F9F7F6FDDC
:1079100007449DF8000001282ED1E81903AA019917
:10792000FAF799F907440398E080E81901AA694633
:10793000F9F7E4FD9DF80010022913D0C4F808A05F
:10794000E81981460321F9F783FE50B10398A8EBAB
:10795000070182B24846F9F7AFFBC4F864027F1C06
:1079600013E009E00744E81904AA0199FAF7F9F8C5
:1079700007440498A060E3E7504606B0BDE8F087EE
:10798000B819A119285C0873761CD4F86402B042B7
:10799000F6DCD4F8640203210744E819F9F76EFE17
:1079A00078B110207F1C84F86802474519D2E81985
:1079B00001AA6946F9F7A2FD9DF80010042903D039
:1079C0000FE06FF00100D8E73844284404AA019979
:1079D000FAF7C7F807460498411E0F2903D884F820
:1079E00068023846C9E76FF00400C6E770B50E4676
:1079F0000546FAF74AFA04462819311DF9F774F8D2
:107A0000204470BD2DE9F04117460E460446F9F7B3
:107A100016FD054660193946FFF7E8FF0544601971
:107A20003146F9F71FFD2844BDE8F0812DE9F0410A
:107A30000E460446FAF75BFA4FF0FF35002808DDE2
:107A40000746E019321D4FF40061F9F711F90028DB
:107A500001DC2846E8E73844E6E72DE9F041144622
:107A60000F460546F9F7F4FD4FF0FF3668B1681C84
:107A70002146FFF7DBFF002807DD441C28193946A3
:107A8000F9F7FCFD08B1601CCEE73046CCE770B5D5
:107A900004000D464FF0000009D020704FF416711D
:107AA000F9F724FC6070A5700E20E070042070BD12
:107AB00070B505004FF000000BD013460A460021B8
:107AC0002846F9F719FF044628190121F9F7B7FCF0
:107AD000204470BD70B5164605004FF000040CD070
:107AE0000A460021FAF7E8F80446701C05D0281968
:107AF00032460121FAF785F80444204670BD0200A1
:107B00004FF0000003D001211046F9F7ABBC7047DD
:107B10002DE9F04186B00F4680461E4600241146EE
:107B200001A8FFF7B4FF0346224601A9404600978B
:107B300000F075FB00285AD0044655E0D6F8023014
:107B40003288002101A8F9F7D7FE0346224601A991
:107B50004046009700F063FB002848D00444012110
:107B600001A8F9F76CFC0346224601A9404600979C
:107B700000F055FB00283AD02518D6F8064021E041
:107B80002288002101A8FAF797F803462A4601A99E
:107B90004046009700F043FB002828D0D4F802208C
:107BA0000544501C0DD0012101A8FAF72AF803461C
:107BB0002A4601A94046009700F031FB002816D064
:107BC0000544E468002CDBD1012101A8F9F74AFC47
:107BD00003462A4601A94046009700F020FB0028F2
:107BE00005D0D6F80A602C18002EA7D1204606B082
:107BF000BDE8F0812DE9F84305004FF00000144680
:107C0000ADF800001FD000291DD0002C1BD06FF054
:107C10000208052902D23F20607317E028460021A0
:107C2000F9F7EBFC3E2780B1681CA21C6946F9F706
:107C30002AFE461CBDF800002080A8190121F9F792
:107C400007FD10B1701CBDE8F88367734046FAE782
:107C500010B5002428B121B10121F9F70FFD00B1C1
:107C60000124204610BD2DE9FF474FF000060F46C6
:107C7000050014468DF8006001960296039646D0E2
:107C8000EFB3E4B328784FF03E0800076FF0020925
:107C900002D482F80D802EE0284601AA6946F9F741
:107CA0002DFC06469DF8000018BB01994FF03F08D7
:107CB0007018B8421DD2A81902AAF9F7CCFF0644E1
:107CC0000298E0804FF0FF30A060A85D01071ED54C
:107CD000C04340071BD0A81901AA6946F9F70EFC5A
:107CE0009DF80010012912D1019906447018B8427C
:107CF00006D384F80D80484604B0BDE8F08706E05E
:107D0000A81903AAF9F72DFF06440398A06030468E
:107D1000F2E7002228B13022027041700E218170FA
:107D200003221046704770B505004FF000000CD0DC
:107D3000D1F802300A8800212846F9F7DDFD044613
:107D400028190121F9F77BFB204470BD70B5164658
:107D500005004FF000040CD00A460221F9F7ACFFF1
:107D60000446701C05D0281932460321F9F749FF53
:107D70000444204670BD2DE9F04106004FF000009C
:107D800090460F46054614D030460421F9F757FBBC
:107D900004463019B84205D1444405E0785D3055B9
:107DA000641C6D1C4545F9D330190421F9F75AFBC1
:107DB00020441DE72DE9F041040016460F464FF020
:107DC000000013D020460521F9F739FB054660195C
:107DD0003946F9F763FF054460193146F9F75EFF4C
:107DE000054460190521F9F73DFB284400E702002E
:107DF0004FF0000003D001211046F9F733BB704764
:107E0000F8B504004FF000001D461646ADF800001E
:107E10001BD0002919D0002E17D0002D15D02046D8
:107E20000021F9F7EAFB4FF0FF3778B1601C2A46D2
:107E30006946F9F728FD451CBDF80000308060193F
:107E40000121F9F705FC08B1681CF8BD3846F8BDFA
:107E500010B5002428B121B10121F9F70FFC00B1C0
:107E60000124204610BD2DE9FF474FF000051E46B6
:107E70009046894604008DF80050019502950395BF
:107E800032D0B9F1000F2FD0B8F1000F2CD05EB373
:107E900020784FF0FF37000709D5204601AA694630
:107EA000F9F72CFB05469DF80000022801D0384662
:107EB00022E7601902AA0199F9F7CDFE054402985C
:107EC000A8F800004D450ED2605D01070BD5C043F8
:107ED000400708D0601901AA6946F9F70FFB9DF821
:107EE0000010032902D03760284605E705446019D1
:107EF00003AA0199F9F735FE054403983060F3E7CA
:107F00002DE9FF4706004FF000000F4614468DF89C
:107F1000000001900290ADF80C004FF03F086FF0A8
:107F2000020A35D0052F33D98CB3304601AA6946F1
:107F3000F9F7E4FA85B29DF800004FF03E0910BB56
:107F4000AF4220D9781B87B2042F19D3701902AA27
:107F500003A9F9F798FC284485B2BDF80C002080ED
:107F60000298C4F80200781B10EA1A4004D0701975
:107F70000121F9F76DFB30B1284604B0BDE8F08768
:107F800084F86A8201E084F86A925046F5E7FFE7D8
:107F900082F86A82F9E72DE9FE4F05004FF00000F4
:107FA000894614468DF80000019006466FF0020ADB
:107FB000029078D0B9F1000F75D0002C73D0411E1B
:107FC000A160102184F86812C4F86402284601AA4E
:107FD0006946F9F793FA07469DF800004FF03E080E
:107FE00090B9E81902AA0199F9F735FE07440298F9
:107FF000E080E81901AA6946F9F780FA07449DF87C
:108000000000012803D010E084F86A824CE0E819EF
:1080100002AA0199F9F7A5FD07440298A060E819A2
:1080200001AA6946F9F76AFA07449DF80000022898
:10803000EAD1E819401EF9F750FA0028E4D07F1E73
:10804000E288A9EB0701E819F9F736F8C4F86402E9
:108050007F1C04E0B819A119285C0873761CD4F8B9
:108060006402B042F6DCD4F8640201AAC619A81969
:108070006946F9F743FA06449DF80000022805D046
:10808000A819401EF9F732FA0028BDD1A81901AA93
:108090006946F9F733FA06449DF80000032805D035
:1080A000701EBDE8FE8F0BE05046FAE7A81902AA41
:1080B0000199F9F756FD0299304484F86812F0E707
:1080C0003F2082F86A02EFE770B504000D464FF0DA
:1080D000000009D020704FF41671F9F707F96070AD
:1080E000A5701020E070042070BD70B505004FF041
:1080F00000000BD013460A4600212846F9F7FCFB86
:10810000044628190121F9F79AF9204470BD0200AC
:108110004FF0000003D001211046F9F7A3B97047D2
:108120002DE9F0414FF000040F460600254627D008
:10813000FA880021F9F7C0FDBA680446501C04D043
:1081400030190121F9F75DFD044430190221F9F7D6
:1081500076F9044404E07819007B3055641C6D1CEA
:10816000D7F86402A842F6DC30190221F9F77AF94F
:1081700097F8682204441AB130190321F9F741FD38
:108180002046BDE8F081002228B120220270417013
:108190001021817003221046704770B50400154607
:1081A0004FF000003AD05020207061701020A07075
:1081B000E01C0021F9F743F9C61C95F86912A019D3
:1081C000F9F76CFD064495F86A12A019F9F766FDF7
:1081D0000644A0190021F9F745F90644A019012128
:1081E000F9F72DF90644D5F802302A88A0190021A4
:1081F000F9F782FB0644EA88A0190121F9F75CFD32
:10820000AA680644501C04D0A0190221F9F7F9FC11
:108210000644A0190121F9F725F9304470BD10B5C5
:108220001C46029B9B1AA34205D31044224600F031
:10823000C5FC204610BD002010BD00002DE9F04710
:108240008AB08946824690461D46194604A8FAF728
:1082500087F80022114601A8FEF7B6FD40F2391159
:1082600005FB01F04B4F01AB07EB400404AA51465C
:108270002046FEF726FD0646A0194246494600F074
:108280002DFA064435B939463246434800F096FC8B
:10829000424806702246334601A950460095FAF737
:1082A00029F80AB0BDE8F08770B586B00D460646DD
:1082B000144611466846FAF749F823462A463146DD
:1082C0006846FFF7BBFF06B070BD2DE9F0418EB0E8
:1082D0000F4680461546114601A8FAF737F8294699
:1082E00009A8FAF73DF80022114606A8FEF76CFD32
:1082F00040F23910274E684306EB400406AB09AA4A
:1083000001A92046FEF7DDFC20443A46414600F034
:10831000E1F9074635B9024631461F4800F04EFCE8
:108320001E48077022463B4606A901A80095F9F7AA
:10833000E1FF0EB0BDE8F08170B586B0054603A838
:10834000FAF7F6F8FAF709F908B1012400E0002479
:10835000FAF7FCF8064603A96846FEF762FA3146CA
:108360006846FEF7BFFA24B16FF03B016846FEF79E
:10837000B9FA68462A46411DFFF7A7FFA3E73EB5B5
:1083800004466846FAF7D4F868462246411DFFF7CE
:108390008BFF3EBDF65E0020F4490020AA0000607D
:1083A00070B586B0044605AB03AA00F09BF900281F
:1083B0001BDD2078A42818D16079B42815D1607805
:1083C0006438C6B21D488671A1784171E278C270E6
:1083D000A3798370E5794570247A047000200095B4
:1083E000CDE901403046D2F775FE06B070BD70B5DC
:1083F00086B0044605AB03AA00F074F90028F4DD4A
:108400002078A428F1D16079B428EED1607864385E
:10841000C6B20A488671A1784171E278C270A37928
:108420008370E5794570247A047000200095CDE9C9
:1084300001403046D2F74EFED7E700003823002037
:1084400010B5ADF5187D1C466A4600F0B3FA002859
:1084500013DD0098401C0CD00198401C09D0F9F79E
:108460008DFF0099884208D3F9F788FF0199884267
:1084700003D82146684600F003F80DF5187D10BDBD
:1084800030B5ADF5197D0446002097909890207A7C
:108490000D4680B104F1090098AA97A90446FAF79D
:1084A00055FB00281AD0F9F769FF9799009589B212
:1084B0002346989A10E0D4F80B10B4F8090001AAEA
:1084C000FAF734FB002809D0F9F758FF0095D4F8E3
:1084D0000B20B4F8091001AB00F0F6F90DF5197D89
:1084E00030BD002110B904E0001D491C0268521C77
:1084F000FAD1084670472DE9FF4F81B0804600242D
:108500000D4627460398FFF7ECFF81460498FFF7D6
:10851000E8FF83460E98FFF7E4FF824609EB0B0164
:108520005144B9F1030F00D3C91E6DB1E86858B1C9
:10853000286948B10090E8880223A0F5807073385C
:1085400006D02B752020A8E0002005B0BDE8F08FF4
:10855000A86840B1421C0AD0884274D80026B9F1FC
:10856000030F68D86AE04046F9F767FB8DE0B9F180
:10857000030F19D81AE0039850F827104F2912D08A
:108580004B2910D04D290ED008EB0400F9F786FBDB
:1085900004440098844206DB052028751220687583
:1085A0004FF0FF3402E07F1C4F45E4D3BBF1000FD6
:1085B0000FD000260BE0049850F8261008EB0400BA
:1085C000F9F76CFB04440098844207DA761C5E4598
:1085D000F1D3BAF1000F63D0002612E00520287510
:1085E000122068754FF0FF34F3E70E9850F826100C
:1085F00008EB0400F9F752FB04440098844203DAC4
:10860000761C5645F1D34BE005202875122044E036
:10861000039951F827104F290CD04B290AD04D2926
:1086200008D0761CB04205D108EB0400F9F736FB00
:10863000044602E07F1C4F45EAD33CBBBBF1000F70
:1086400013D000200EE026E0A968761CB14208D1C4
:10865000049951F8201008EB0400F9F71FFB0446B9
:1086600002E0401C5845EFD384B9BAF1000F17D08F
:1086700000200DE0A968761CB14208D10E9951F88E
:10868000201008EB0400F9F709FB044608E0401C41
:108690005045EFD304E02B752A2068754FF0FF3466
:1086A000204652E770B504001E464FF0000010D07F
:1086B000002A0ED0002E0CD0102020706170A01C5B
:1086C0001146F9F753FC851C60193146F9F7DDFBBB
:1086D000284470BD13460A460921E3E713460A46BB
:1086E0000621DFE72DE9FC41044600201E4617461F
:1086F0008DF80000019000291FD0002F1DD0002E02
:108700001BD0204601AA6946F8F7F8FE05469DF8F9
:1087100000004FF0FF380A280ED160193946F9F7EA
:1087200041FC0544601901AA6946F8F7E7FE0544D3
:108730009DF800000B2802D04046BDE8FC8160197E
:108740003146F9F7BEFB2844F7E7F0B5ADF5177DE4
:1087500014460F460646002547E0207810B1012850
:1087600010D040E0052F08D3D4F80330B4F801202E
:1087700070190021F9F7C0F834E06FF001000DF531
:10878000177DF0BDB4F8090008B1E07A00E0607828
:10879000C01D874227D370190121F8F750FE054408
:1087A000B4F809107019F9F748FA0544B4F809004B
:1087B000A0F57F41FF3904D030B1E27A04F10C0119
:1087C00004E00022114601E06278A11C6846FDF732
:1087D000B9FD70196946F9F7C5F80544701901210A
:1087E000F8F740FE0544D4F81340002CB5D12846D4
:1087F000C5E72DE9F043ADF5197D00251446064681
:10880000A8468DF8585297956FF00109989557E052
:10881000771900213846F8F7F0FE58B184F8008047
:108820003846E31C621C0021F9F748F8002826DBD3
:10883000054443E038460121F8F7DFFEF8B1012096
:1088400020706D1C701997AA96A9F8F757FE054479
:108850009DF85802022812D1701998AA9799F9F731
:1088600080F99899A4F809100544701997AA96A957
:10887000F8F744FE05449DF85802062804D04846FF
:108880000DF5197DBDE8F0836A4630469799F9F7F2
:10889000AAF805446846FDF796FD78B1B4F80900DA
:1088A0006A464FF0070128B104F10C00FDF7A6FD60
:1088B000E07203E0A01CFDF7A1FD6070D4F8134046
:1088C000002CA5D12846DBE72DE9F047ADF5287D42
:1088D0000F46B09D81469A4690462946A2A8F9F7D0
:1088E0003FFD29469AA8F9F731FD002211469FA8BD
:1088F000FEF76AFA40F239101349684301EB40046D
:108900009FABA2AA9AA92046FEF7DBF906460820EB
:10891000ADF80400CDF80690ADF80A70514604A8F1
:10892000CDF80C80FDF7F0FBA01901A900F0BCF810
:10893000331822469FA99AA80095F9F7DBFC0DF59C
:10894000287DBDE8F0870000F65E002070B50500C8
:108950000C464FF000002CD0002C2AD0102028709C
:10896000072068700226226871058A420FD260686B
:1089700000280CDB88420ADAA81C0021F9F741F92B
:10898000861C6268A8190121F9F73BF90644207A90
:1089900030B1A81904F109020321F9F796F807E0AC
:1089A000D4F80B30B4F80920A8190221F8F7A4FF75
:1089B000304470BD2DE9FF47002614460546B046F9
:1089C0008DF8006001960296ADF80C60002965D024
:1089D000002C63D028460021F8F70FFE4FF0FF3A35
:1089E000E8B3284601AA6946F8F788FD0646A819A3
:1089F00002AA0199F9F7B5F8064402984FF48009E4
:108A0000484500D22060A81907460121F8F7F5FD76
:108A100030B3384601AA6946F8F770FD0644A81934
:108A200002AA0199F9F79DF806440298484500D238
:108A30006060AF1902213846F8F7DFFDD0B184F845
:108A40000880384601AA6946F8F758FD0644A81977
:108A500004F10B0203A9F8F716FF064401E005E054
:108A600020E0BDF80C00A4F8090017E05046C4F857
:108A700000A0DDE738460321F8F7BFFD90B10120E3
:108A80002072384601AA6946F8F738FD0644A8194D
:108A900004F109020199F9F734F80644304604B0AC
:108AA000BDE8F0875046FAE770B504000D464FF078
:108AB000000018D0002D16D010202070012060700A
:108AC000D5F802202988A01CF8F727FF861CAA6881
:108AD000E988A019F8F721FF0644A01905F10C0157
:108AE000F8F7D8FF304470BDFEB5044600201546A7
:108AF0008DF800000190ADF80800471E89B385B3DA
:108B0000204601AA6946F8F7F9FC06469DF80000E0
:108B10000C2826D1A019AA1C02A9F8F7B4FE064415
:108B2000BDF808002880A01901AA6946F8F7E6FCFC
:108B300006449DF800000C2813D1A01905F1080285
:108B400002A9F8F7A0FE0644BDF80800E880A019C5
:108B500001AA6946F8F7D2FC06449DF800000728F0
:108B600001D03846FEBDA01905F10C020199F8F7B5
:108B7000C8FF3044FEBD30B44FF0FF3328B1047855
:108B8000102C02D14478012C02D030BC184670471A
:108B9000801C30BC891EA7E70649074A0868504375
:108BA00043F23902104408604008704701490860E8
:108BB00070470000302300206D4EC64140EA01039B
:108BC0009B0703D009E008C9121F08C0042AFAD283
:108BD00003E011F8013B00F8013B521EF9D2704747
:108BE000D2B201E000F8012B491EFBD270470022EF
:108BF000F6E710B513460A4604461946FFF7F0FF9C
:108C0000204610BD30B505462A460B4612F8010B2A
:108C100013F8014B08B1A042F8D01CB1002802D0D3
:108C20006D1CF1E7284630BD421C10F8011B0029DD
:108C3000FBD1801A7047CBB203E00178994203D090
:108C4000401C521EF9D20020704730B50446002067
:108C5000034600E05B1C934203D2E05CCD5C401B0A
:108C6000F8D030BD034611F8012B00F8012B002A83
:108C7000F9D11846704700000FB400B58DB010A9A7
:108C800009900B9000914FF0FF300A9000200C905B
:108C900005480690054807906A4609A80F9900F014
:108CA000FFFC0DB05DF814FBBD960308DB960308CE
:108CB0002DE9FF5F1D464FF0FF3BD5E90146914688
:108CC0005F464FF00008A9697F1C01988847296A10
:108CD000824688470028F6D1BAF1FF3F0CD024F431
:108CE000C064002E19DD600614D5BAF12B0F09D02F
:108CF000BAF12D0F0ED103E0584604B0BDE8F09F45
:108D000044F48064A9697F1C01988847761E8246D6
:108D1000002E02DDBAF1300F03D0B9F1000F26D0DA
:108D200032E0A969761E44F400747F1C01988847DC
:108D30008246002E05DDBAF1780F06D0BAF1580F41
:108D400003D0B9F1000F10D01EE0B9F1000F02D02E
:108D5000B9F1100F18D1A969761E24F400747F1C94
:108D6000019888478246102002E0082000E00A208F
:108D7000814609E008FB0908A969761E44F40074DD
:108D80007F1C019888478246002E05DD49465046E3
:108D900000F071FC0028EDDAE96901988847A00528
:108DA00002D46FF00100A8E7E00725D1600613D5D3
:108DB000600502D5C8F1000000E0404629680A1DA0
:108DC0002A600968220501D5087015E0220701D53F
:108DD000088011E008600FE02868011D2960006824
:108DE000210502D580F8008006E0210702D5A0F811
:108DF000008001E0C0F8008038467EE72DE9F047AA
:108E000091460F4680460446002614F8015B2DB1BA
:108E100000F024FC0068405DC007F6D12B2D02D085
:108E20002D2D18D0641E4A463946204600F066FCB7
:108E300027B13968A14201D1C7F8008071054FF010
:108E400002040BD54042002803DD01F003FA046060
:108E5000A007BDE8F08746F48066E4E70028F8DA6A
:108E600001F0F8F904606FF00040F2E72DE9F05FDF
:108E700093460F4680460446002601F0EBF9D0F8F1
:108E80000090824614F8015B2DB100F0E7FB00680A
:108E9000405DC007F6D12B2D02D02D2D1AD0641EB7
:108EA0000021CAF800105A463946204600F026FC38
:108EB000014627B13868A04201D1C7F80080DAF82E
:108EC0000000022809D0CAF80090700505D5484274
:108ED000BDE8F09F46F48066E2E70846F8E7F0B4A4
:108EE00080EA0102D40F4200B2EB410F02D20246E7
:108EF000084611464A0042D0C30DDDB2C1F3C75245
:108F0000AD1A202D35DAC1F3160141F4000204B187
:108F10005242C5F1200602FA06F12A411044B3EB91
:108F2000D05F23D0C4B1012DA0EBC35009DCF0BC4D
:108F30004FF0004202EAC352DBB200F5000000F03D
:108F400084BC400000F1807000EBC350A0F1807041
:108F500040EAD170490009E0490841EAC071A0EB3C
:108F6000C35000F50000400800EBC350F0BC00F017
:108F700063BC6142012202EB4101001BF6E7F0BC39
:108F8000704781F00041AAE780F00040A7E780EA3F
:108F9000010210B502F00043400022D04A001FD069
:108FA000010E01EB1261C0F35600C2F3560240F409
:108FB000000042F40002A0FB022000047F391404E8
:108FC00000D0401C50EA124001D44000491EC2B2F9
:108FD0000C0604EBD010401C4008802A02D003E0AD
:108FE000002010BD20F00100002900DA0020184305
:108FF00010BD30B480EA010202F0004530F00042BA
:1090000021F0004013D090B1C30DD40DC2F316016E
:10901000C0F31600E41A41F4000140F400027D346C
:10902000914201D3641C00E04900002C02DA30BCFC
:10903000002070474FF400000023914201D3891AA9
:10904000034340084FEA4101F7D151B1914202D1A7
:109050004FF0004105E002D24FF0010101E06FF056
:10906000010103EBC450284430BC00F0E5BB4200D2
:1090700005D0C0F3C7525242914201DC0020704734
:1090800000EBC15070472DE9FE4F804681EA030096
:10909000C00F0C46009021F0004123F00045B8EBD2
:1090A0000200A94105D24046214690461C460B4687
:1090B000024623F00040104347D0270DC7F30A00B3
:1090C000C3F30A510290401A019040286BDAC3F3AF
:1090D000130040F4801B0098924620B10023D2EB8D
:1090E000030A63EB0B0B01985946C0F1400250464E
:1090F00000F082FA06460D4650465946019A00F0A5
:109100009AFA10EB08006141002487EA115284EAC0
:10911000E7731A4340D0009A62B3019A012A4FEADA
:10912000075215DC001B61EB02014FF0004202EA1E
:109130000752CDE90042001C41F5801132462B4612
:1091400000F0C0FB03B0BDE8F08F40462146F9E7D0
:10915000001B61EB0201001C41F5801300185B410C
:109160002018A2F5001747EB030140EAD570B619A5
:109170006D4111E06D084FEA360645EAC0754FEAC9
:109180000752001B61EB0201001C41F580114908E8
:109190004FEA30000019514132462B4603B0BDE87A
:1091A000F04F00F080BB0098012240000023D0EB7C
:1091B000020263EBE073009821464FEAE074B8EBDB
:1091C000000061EB0401E9E783F000435BE781F015
:1091D000004158E72DE9FE4F81EA030404F0004402
:1091E00021F0004100944FF0000B23F0004350EABF
:1091F00001045ED052EA03045BD0C3F30A54C1F306
:109200000A552C44A4F2F3340194A0FB0254C1F398
:10921000130141F48011C3F3130343F4801301FBE2
:10922000024400FB034E840A970A44EA815447EA49
:109230008357A4FB076802958D0A05FB07854FEA53
:10924000932C04FB0C542705029D4FEA065847EA6D
:109250001637B5EB08056EEB070C870E920E47EA42
:10926000811742EA8312A7FB0201B6EB0B0164EB04
:1092700000042B0D43EA0C335E1844EB1C50DA4615
:109280005146E7FB0201C5F313044FEA0B3343EAEF
:1092900014534FEA0432019C43EA0603A4F10C0480
:1092A0000294009CCDE900B400F00CFB03B0BDE8D3
:1092B000F08F00200146F9E72DE9F04D81EA030423
:1092C00004F0004B21F0004514464FF0000A23F053
:1092D000004150EA050220D054EA01021DD0C5F336
:1092E0000A570246C5F31303C1F31300C1F30A562C
:1092F00040F4801543F48013A7EB0608101BD646F4
:1093000008F2FD3873EB050002D308F1010801E013
:1093100092185B41B8F1000F03DA00200146BDE866
:10932000F08D00204FF48011064684460EE0171B96
:1093300073EB050705D3121B63EB050306434CEAE9
:10934000010C49084FEA300092185B4150EA0107CE
:10935000EDD152EA030012D082EA040083EA05014B
:10936000084305D0101BAB4106D20122002306E0C2
:1093700000224FF0004302E06FF0010253101AEB9D
:1093800006004CEB085110EB0A0041EB0B01BDE865
:10939000F04D00F088BAC10F80EAE0700844CA07B7
:1093A0009623002100F051BA96230022114600F0C6
:1093B0004CBA0EB5C10F80EAE0700844CA0700211C
:1093C00040F233438DE80E000A460B4600F07AFA6D
:1093D00003B000BD0EB540F2334102910021CDE94A
:1093E00000110A460B4600F06DFA03B000BD00F014
:1093F000004220F00040C10DC0F3160040F4000010
:109400007F2901DA00207047962903DCC1F196011B
:10941000C84001E096398840002AF4D040427047A5
:1094200020F00040C10DC0F3160040F400007F2979
:1094300001DA00207047962903DCC1F19601C8408B
:10944000704796398840704770B5C1F30A5201F0F1
:1094500000450024C1F3130140F2FF3341F48011B1
:109460009A4201DA002070BD40F233439A42A2F2E0
:10947000334203DC524200F0CEF800E090402C432F
:10948000F1D0404270BDC1F30A5210B5C1F31301CF
:1094900040F2FF3341F480119A4201DA002010BDFE
:1094A00040F233439A42A2F2334203DC524200F0CC
:1094B000B2F810BD904010BD00F0004230F0004006
:1094C0000AD0C10D01F56071C0F3160042EA0151E6
:1094D000C20840071143704700200146704701F061
:1094E000004330B421F0004150EA010206D00A0DD9
:1094F000A2F56072C1F31301002A02DC30BC002027
:109500007047440F44EAC104C100E01830BC00EBCE
:10951000C25000F091B90000002801DBC0F100400A
:10952000002901DBC1F1004181427047A0E8004FF2
:10953000F0C040F804DB01B5AFF30080BDE80240A5
:1095400001C10020704700F12C080C4658F8040DAA
:10955000AFF3008058F8040D8546200008BF0120B5
:1095600038E9F00018E9004F704730B50B46014666
:1095700000202022012409E021FA02F59D4205D3B2
:1095800003FA02F5491B04FA02F52844151EA2F15C
:109590000102F1DC30BD2DE9F05F05460020924666
:1095A0009B4688460646814640241BE028464146A5
:1095B0004746224600F02FF853465A46C01A9141BA
:1095C00010D311461846224600F016F82D1A67EB04
:1095D00001084F4622460120002100F00DF817EB4C
:1095E00000094E41201EA4F10104DFDC484631464B
:1095F0002A464346BDE8F09F202A04DB203A00FAC1
:1096000002F1002070479140C2F1200320FA03F3D9
:10961000194390407047202A04DB203A21FA02F0D7
:109620000021704721FA02F3D040C2F1200291409C
:10963000084319467047202A06DBCB17203A41FA27
:1096400002F043EAE07306E041FA02F3D040C2F1CF
:1096500020029140084319467047000000487047B7
:10966000A44B050810B50446FFF7F8FF0068005D3D
:1096700000F0010010BD3A2800D2303820F020025E
:10968000412A01D3A2F13700884201D34FF0FF30C5
:109690007047000002681144137801601846704753
:1096A000D1600449516104491162002111611146E0
:1096B00000F018BA9596030865960308426842B10F
:1096C000016811F8013B23B1521EC0E9001218468F
:1096D00070470121C160881E704742685AB1C36853
:1096E000016843B983688B4205D0491E521CC0E90A
:1096F0000012002070474FF0FF3070472DE9F05FF7
:1097000082460078002715468B460AF10104B946C7
:10971000302801D09DB113E014F8010B01277828FF
:1097200003D0582801D045B10AE00DB1102D07D162
:109730000027102514F8010B02E0082500E00A2597
:109740000026B0460EE005FB080005FB06F10127E8
:1097500001EB10461FFA80F8B6F5803F00D3B946FA
:1097600014F8010B2946FFF786FF0028EBDABBF15E
:10977000000F05D00FB1641E00E05446CBF8004046
:10978000B9F1000F06D000F065FD02210160C81E8E
:10979000BDE8F09F48EA0640FAE700000FB4002356
:1097A00000B589B00CA900910B996FF00042CB6015
:1097B0001E4B06931E4B07930423CDE901321D4A2D
:1097C000089202466B46002000F0B8FB09B05DF835
:1097D00014FB70B586B006464FF0FF300091CDE91E
:1097E0000101002015460C4604903246694604A843
:1097F000FFF7D4FF02460498211825B108B10846A6
:1098000000E020462860049800280DD0002A02DDE0
:109810000098884208D0081B0094CDE90104324624
:10982000694604A8FFF7BAFF06B070BDBD960308ED
:10983000DB960308659603080029A8BF7047401C03
:10984000490008BF20F00100704710B4B0FA80FC56
:1098500000FA0CF050EA010404BF10BC704749B193
:10986000CCF1200421FA04F411FA0CF118BF012103
:1098700021430843A3EB0C01CB1D4FEA00614FEAE3
:10988000102042BF002010BC704700EBC3501044B2
:109890000029A4BF10BC7047401C490008BF20F03D
:1098A000010010BC704710B5141E73F1000408DAF3
:1098B000401C41F1000192185B411A4301D120F094
:1098C000010010BD2DE9F04D92469B4611B1B1FA51
:1098D00081F202E0B0FA80F220329046FFF78CFE6F
:1098E00004460F4640EA0A0041EA0B0153465A4635
:1098F000084313D0114653EA010019D0C8F14002C1
:109900005046FFF788FE05460E46504659464246E9
:10991000FFF772FE084305D0012004E020463946D7
:10992000BDE8F08D0020054346EAE0762C4337433E
:109930000A986305E40AA0EB08000022FD0A44EA45
:1099400047540A3002D500200146E9E70105101905
:109950006941DDE9084500196941BDE8F04DA2E71C
:1099600070B521F0004303430CD0C1F30A55002425
:10997000D5EB040564EB0403D617AD1AB34102DB43
:109980000020014670BD201841EB025170BD2DE949
:10999000F04D00231A461B1A8A4103DB00200146C2
:1099A000BDE8F08DC1F30A52C1F3130141F48015F3
:1099B0004FF0000BD10702D100186D41521E002755
:1099C000044640F2FF11384601EB620A3E468046EB
:1099D000024600204FF48011FFF71DFEC2197141AD
:1099E000BB1846EB0100B4EB030C75EB000C04D381
:1099F000E41A65EB000517460E46241908F101002C
:109A00006D4180463428E3DDF91946EB0600091B59
:109A1000A84103D24FF0FF32134601E00022134663
:109A20001BEB070046EB0A51BDE8F04DFFF73BBFCB
:109A3000C1F30A52C1F3130140F2FF3341F4801124
:109A40009A4202DA00200146704740F233439A42BC
:109A5000A2F2334202DC5242FFF7DDBDFFF7CCBD7C
:109A600030B5041E71F1000404DB4FF000444042A5
:109A700064EB0101141E73F1000405DB1C464FF07A
:109A80000043524263EB04038B4208BF824230BD65
:109A900030B5041E71F1000404DB4FF00044404275
:109AA00064EB0101141E73F1000405DB1C464FF04A
:109AB0000043524263EB0403994208BF904230BD19
:109AC000064C074D06E0E06840F0010394E807000B
:109AD00098471034AC42F6D3CEF72EFBB04B0508B6
:109AE000F04B05082DE9F34F8BB04FF0000801F162
:109AF0000C000C464FF0010B46460DF1080A019090
:109B00006269012101989047051E2DD0252D2CD08A
:109B1000216A8847C0B16269012101989047216A92
:109B200088470028F7D1411E62690198904700E0FC
:109B3000761CA1690B988847216A88470028F7D1CD
:109B4000E1690B988847DBE7A1690B9888470746CE
:109B5000A84201D1761CD3E7E1690B9888477F1CA6
:109B600002D1B8F1000F6FD047E1002762693D468E
:109B70003946019890472A2804D162690121019849
:109B800090470125DFF8889262690121019890478A
:109B9000A0F130010A290AD24F45E5DC07EB870125
:109BA00000EB4107303FDFD445F01005ECE7E90654
:109BB00001D46FF000476C280AD04C2814D06828D4
:109BC00015D06A280DD074281CD07A281AD01DE030
:109BD00062690121019890476C2802D045F0040584
:109BE00014E045F002050DE045F020050AE0626949
:109BF000012101989047682802D045F0080505E04A
:109C000045F400656269012101989047C4E9015754
:109C100065283DD019DC58287AD00CDC452837D08F
:109C200004DC252826D0412831D131E046282FD028
:109C300047282CD12CE05B2877D0612828D06328D6
:109C40007CD0642823D15AE0D1E06F2848D008DCCA
:109C500066281DD067281BD0692821D06E2816D110
:109C600027E0702845D0732868D0752847D0782819
:109C70000DD14DE0A1690B988847054625283FF492
:109C800069AFE1690B9888476D1C3FF46AAFB4E097
:109C900023466A466FF001000B9900F04FF99FE0F0
:109CA00045F040006060A80723464FF0000236D41C
:109CB0003EE0E8077FF447AF2068011D216000689F
:109CC000290501D506701BE7290701D5068017E78E
:109CD000A90703D5F117C0E9006111E706600FE796
:109CE00045F040006060A80723464FF0080216D4F4
:109CF0001EE040F60E0125EA0100606016E045F026
:109D000040006060A80723464FF00A0207D40FE026
:109D100045F040006060A80708D5234610226FF088
:109D200001000B99AFF300805AE007E023461022B0
:109D30006FF001000B99FEF7BBFF51E04FF00009F7
:109D40004F464B46632802D05B2807D041E020797C
:109D5000C00601D40120A06001273AE06269012118
:109D6000019890475E2805D14FF001096269494684
:109D700001989047216939B900210A46534643F8B2
:109D80002120491C0829FADBB0B3216969B9C11740
:109D900000EBD16253110AEB830122F01F02821AF9
:109DA00001200B68904003430B6062690121019818
:109DB00090475D28E8D1B9F1000F09D00020514645
:109DC00051F82020D24341F82020401C0828F7DB1E
:109DD00002AB224600976FF001000B99AFF30080B1
:109DE00000280CDA401C08D1BBF1000F05D04FF061
:109DF000FF300DB0BDE8F08FFFE74046F9E7E90717
:109E000001D108F1010806444FF0000B78E600008C
:109E1000CCCCCC0C2DE9FF4F087883B09946FF28B5
:109E200005D0491C2D2804D00024002008E0002083
:109E30000BE00124F9E700EB800003EB4000491C34
:109E40000B78FF2BF7D104B1404200230293147822
:109E500019461D462D2C01D02B2C04D1521C2D2C23
:109E600013D000240294AA461478FF2C0FD00A25A0
:109E7000A3FB057801FB05814FF0000C03FB0C11DF
:109E8000521CE3194AEB0101EEE70124EAE78144A1
:109E900053EA010002D019F5C87F06DA03980021C1
:109EA000C0E9001107B0BDE8F08F0025AE4E2F4687
:109EB000DFF8B882184600F05DF9CDE90001B9F18C
:109EC000000002DAC9F1000400E004460023A74ABA
:109ED0001AEB030B42EB045A12E0E00707D02A46C4
:109EE000334638464146FFF775F9074688462A4605
:109EF000334610461946FFF76DF905460E466410C5
:109F0000002CEAD1DDE90001B9F1000F5A465346B1
:109F100006DAFFF7D1F93A464346FFF7CDF905E0F7
:109F2000FFF758F93A464346FFF754F9029A0AB147
:109F300081F00041039AC2E90001B3E72DE9FF4F28
:109F40001F468DB0D7E901464FF0FF382E20454619
:109F50004FF000090B90B9696D1C0E988847396A5B
:109F6000824688470028F6D1BAF1FF3F0AD024F490
:109F7000D064002E11DDBAF12B0F08D0BAF12D0FED
:109F80000BD102E0404611B08DE744F48064B9691A
:109F90006D1C0E9888478246761E6946600501D57D
:109FA0002D2000E02B208DF8000001F1010B0DF1B8
:109FB000200809E0B9696D1C0E98884782460F9801
:109FC00044F40074761E0560002E02DDBAF1300FF5
:109FD000F0D00B998A453ED144F0800406E00F99F9
:109FE000681CA9F1010944F400740860B9696D1C8A
:109FF000761E0E98884782463028F0D02BE00B99C9
:10A000008A4505D1200603D444F08004761E18E06A
:10A01000504600F029FD08B30DF11301761E44F4FB
:10A0200000748B4508D2AAF130000BF8010B200612
:10A0300007D5A9F1010003E0200602D409F10100CF
:10A040008146A00502D50F99681C0860B9696D1C8E
:10A050000E9888478246002ED1DC53E0002E51DD59
:10A06000BAF1650F02D0BAF1450F4BD1A00549D521
:10A07000B9696D1C24F44074761E0E988847824698
:10A08000002E0CDD2B2804D0BAF12D0F07D144F49B
:10A090008074B9696D1C0E9888478246761EE0056B
:10A0A00001D52D2100E02B2108F8011BCDF82C80D3
:10A0B00021E00DF12901761E44F4007488450CD28C
:10A0C000AAF1300010F0FF0088F8000002D10B99CF
:10A0D000884509D908F1010806E0E00501D52448C2
:10A0E00001E042F20F708146B9696D1C0E988847F5
:10A0F00082460F980560002E04DD504600F0B4FC47
:10A100000028D6D1F9690E988847FF208BF8000007
:10A1100088F800000020069007904B466A4608A980
:10A1200006A8FFF777FEA00502D46FF001002AE72A
:10A1300014F0240F0AD0E00714D1DDE906123868C4
:10A14000031D3B600068C0E900120BE0DDE9060179
:10A15000FFF7C5F90146E00704D13868021D3A60EF
:10A160000068016028460EE7000014400000F03F40
:10A17000F1D8FFFF0EB540F2334202920022CDE942
:10A1800000221346FFF79EFB03B000BD70B58C188C
:10A1900010F8015B15F0070301D110F8013B2A11FB
:10A1A00006D110F8012B03E010F8016B01F8016BE8
:10A1B0005B1EF9D12B0705D40023521E0DD401F8E4
:10A1C000013BFAE710F8013BCB1A921C03E013F8AD
:10A1D000015B01F8015B521EF9D5A142D8D30020E2
:10A1E00070BD00000FB4054B10B503A9044A0298D6
:10A1F00000F042FC10BC5DF814FB0000C3D6000860
:10A200001E2000200FB4084B10B504A902AA039821
:10A2100000F032FC044602A9002000F0B0FF204606
:10A2200010BC5DF814FB00007FB10308490050EA40
:10A23000C12018BF04204A0D18BF40F0010040F2B1
:10A24000FF72B2EB515F08BF40F00200012808BF67
:10A2500005207047004870475C0500602DE9F74F06
:10A26000144694B00021C4E902111599079121F018
:10A270000045C9498D4206DC1599C4E9000117B0B3
:10A280000020BDE8F08FC549DFF814A3A9423CDDEA
:10A290000799C44E0029C44FC44A1599534619DD85
:10A2A000FEF792FF554506D0C14AC24BFEF78CFF20
:10A2B000C4E900010AE04FF0D352BE4BFEF784FF21
:10A2C00032463B46FEF780FFC4E9000117B001208B
:10A2D000BDE8F08FFEF7D7FE554506D0B44AB54B22
:10A2E000FEF7D1FEC4E900010AE04FF0D352B14BB2
:10A2F000FEF7C9FE32463B46FEF7C5FEC4E9000143
:10A3000017B04FF0FF30BDE8F08FAB49A942159967
:10A3100078DB21F0004183468846A84AA84BFEF727
:10A3200059FF0022A74BFEF7AEFEFFF78DF809900C
:10A33000FFF73FF806460F469C4A5346FEF74AFF92
:10A3400043465A46FEF743FF80468A46984A994B51
:10A3500030463946FEF73EFF2A0D01250B92424654
:10A360005346FEF734FF032DC4E9000139D00B98A2
:10A37000C1F30A51401A05EB45111139814230DA17
:10A380009148C346784400EB0510CDF80CA00C9022
:10A39000D0E9002330463946FEF71CFF02460B4643
:10A3A0000491069058460399FEF70EFF80468A46B0
:10A3B00002460B4658460399FEF706FF049B069A91
:10A3C000FEF702FF83460C9803913946D0E9022339
:10A3D0003046FEF7FFFE5A46039BFEF7F5FE6D1C66
:10A3E000BDE707980028A2BF099817B0BDE8F08F15
:10A3F000616881F000416160099817B04042BDE892
:10A40000F08FFFE784461598C1F31301C0F30A509B
:10A41000A0F2F5304FEA601800F01F06C6F12000E8
:10A42000139000200690079041F4801E05206D4691
:10A4300076B1664A08EB00017A4452F8213002EB0B
:10A440008101B3404A68139922FA01F1194305E0EA
:10A450005F4908EB0002794451F82210A1FB0E2756
:10A46000A1FB0C131A449A4234BF0123002303EBCF
:10A47000070A05EB8003D3E901B70F448F4234BFCD
:10A480000121002193448B4411B1934502D903E08B
:10A49000934501D2012100E00021C3E901B75144F5
:10A4A00045F82010011EA0F10100C1DC0298059FB3
:10A4B00000F10050800F12900298DDE903568000F1
:10A4C000FEF777FF834628460D91FEF783FF6FF076
:10A4D0001D02FFF745FACDE90E013046FEF77AFF7F
:10A4E0006FF03D02FFF73CFA80468A463846FEF799
:10A4F00071FF6FF05D02FFF733FA0746424653469D
:10A500001191FEF7C0FDDDE90E23FEF7BCFD5A46B2
:10A510000D9BFEF7B8FD00250E465A4628460D9BBA
:10A52000FEF752FEDDE90E23FEF74EFE424653468D
:10A53000FEF74AFE3A46119BFEF749FEDFF898A067
:10A54000244A5346FEF746FE07468846234A244BD4
:10A5500031462846FEF73EFE3A464346FEF793FD57
:10A56000074688464FF0A842534631462846FEF734
:10A5700031FE3A464346FEF786FD159A12F0004F2B
:10A5800004D0129A81F0004152421292C4E90001B3
:10A59000129817B0BDE8F08FFB21E93F7CD902404B
:10A5A000FB21F93F7370032E8A19A33B000040542E
:10A5B0003163621A61B4D03DFB21394183C8C96D52
:10A5C000305FE43F0000E03FA8A6010024A60100A0
:10A5D00006A60100182D4454FB21F93D3326A6118F
:10A5E000460B113C2DE9FF4D21F0004807460C4673
:10A5F000B8F1795F08DAFEF727FF002801BF0020D5
:10A60000324904B0BDE8F08D3A462346104619465B
:10A61000FEF7E0FD054602462D480E460B46062194
:10A62000784400F05DF82A463346FEF7D3FDDDE9B5
:10A63000022382468B4638462146FEF7CBFD044670
:10A640000F4652465B4628463146FEF7C3FD22467A
:10A650003B46FEF7B9FD07468A464FF0FF322846D3
:10A660003146FFF77DF91B4A90450ADA3A465346D0
:10A67000FEF7AAFD04B00022BDE8F04D134BFEF733
:10A68000A6BD154A4245A8BFA8F500154FF0000425
:10A69000B8BF124D22462B46FEF796FD0646884669
:10A6A00022462B4600200949FEF78EFD04460D4642
:10A6B0003A46534630464146FEF786FD04B02246F0
:10A6C0002B46BDE8F04DFEF782BD00000000F03FD4
:10A6D000D4A301003333D33F0000E93F0000D23F51
:10A6E0002DE9F0414F1E00EBC7010446D1E90001FE
:10A6F00015461E4637F006020DD02A463346FEF7B1
:10A7000069FD7F1E04EBC703D3E90023FEF7BBFC02
:10A7100037F00602F1D1022F25D0042F13D0062FD7
:10A7200018BFBDE8F0812A463346FEF753FDD4E951
:10A730000A23FEF7A8FC2A463346FEF74BFDD4E970
:10A740000823FEF7A0FC2A463346FEF743FDD4E972
:10A750000623FEF798FC2A463346FEF73BFDD4E974
:10A760000423FEF790FC2A463346FEF733FDD4E976
:10A770000223FEF788FC2A463346FEF72BFDD4E978
:10A780000023BDE8F041FEF77EBC00002DE9FF4D3F
:10A79000054621F0004084B00C46B0F1795F0BDA39
:10A7A0002846FFF743FD042808BF00F07DF828463F
:10A7B00008B02146BDE8F08D2A460B461046FEF74C
:10A7C00009FD06460F462A462346FEF703FD80464E
:10A7D00026488A4632463B4605217844FFF780FFEB
:10A7E00083461098029160B3214A224B404651465D
:10A7F000FEF7F0FCCDE900015A4640465146029B67
:10A80000FEF7E8FC82468846DDE906014FF0FF329C
:10A81000FFF7A6F852464346FEF7D6FC32463B46C3
:10A82000FEF7D8FCDDE90623FEF7CEFCDDE90023C8
:10A83000FEF7CAFC08B02A462346BDE8F04DFEF7F5
:10A84000C6BC0B465A4630463946FEF7C3FC084A9A
:10A85000084BFEF718FC42465346FEF7BBFC08B017
:10A860002A462346BDE8F04DFEF70DBC1AA30100B1
:10A87000495555555555C5BF002213461046014947
:10A88000FEF71ABD0000F03FFEF7FDBB00221346A5
:10A8900010461146FEF710BD40F2013200204FF085
:10A8A000E041FFF75DB80000024A00201107FFF702
:10A8B00057B8000001FDFFFF02E008C8121F08C1E1
:10A8C000002AFAD170477047002001E001C1121F31
:10A8D000002AFBD170470000014908607047000062
:10A8E0005C0500602DE9FF5F82B00021DDE90430E6
:10A8F000020DDDF840B0034318D044F61050A2F228
:10A90000FF3242431514119801281FD0A5EB0B000C
:10A91000401C5FEA000A4FF000064E4FDFF8389106
:10A92000B046504615D5CAF1000413E01198012431
:10A930004AA3012801D16FEA0B010298119AC0E9DC
:10A940000031C0E9024206B0BDE8F09FCBF1000043
:10A95000DFE704460021404A491842EB0450CDE9A4
:10A96000001012E0E00707D032463B464046494619
:10A97000FEF730FC8046894632463B461046194673
:10A98000FEF728FC06460F466410002CEAD1DDE9EC
:10A990000401DDE90023BAF1000F06DAFEF71AFC24
:10A9A00042464B46FEF716FC05E0FEF785FC4246A4
:10A9B0004B46FEF781FC04460E460022284BFFF76B
:10A9C00067F803D84FF0FF30014607E00022254B1F
:10A9D00020463146FEF757FBFFF72AF8102409E01E
:10A9E000002C0ADB0A220023FEF7D5FD039B303240
:10A9F0001A55641E50EA0102F2D1641C039AC4F194
:10AA000011031444119A012A03D0012208430DD1E5
:10AA10000AE0084304D000204FF0110B119072E7B8
:10AA2000A3EB0B056D1E0DE05B4504DD4FF000024E
:10AA300005F1010504E003DA4FF00002A5F101057C
:10AA4000002AECD002981199C0E90231C0E9004512
:10AA500079E70000000014400000F03F30000000E3
:10AA60000000F0430000E03F30380A2801D2012006
:10AA700070470020704700002DE9FF4F95B09A46BF
:10AA8000884606460025EEE1252877D10024274692
:10AA9000F94A0121039400E0044316F8013F203BEA
:10AAA00001FA03F01042F7D130782A2811D06FF064
:10AAB0002F033078A0F13002092A16D8039A44F007
:10AAC000020402EB820203EB42021044761C039064
:10AAD000EFE758F8042B0392002A03DA504244F4BB
:10AAE0000054039044F00204761C30782E2816D1CE
:10AAF00016F8010F44F004042A280DD06FF02F023D
:10AB00003078A0F13003092B09D807EB870302EB5B
:10AB10004303C718761CF3E758F8047B761C30789B
:10AB20006C280FD006DC4C2817D068280DD06A2876
:10AB300014D104E0742810D07A280FD10DE044F429
:10AB400000140AE044F4801401E044F440147278E4
:10AB5000824202D104F58014761C761C3078662877
:10AB60000BD013DC582877D009DC002875D0452895
:10AB7000F6D04628F4D047281AD193E118E063288C
:10AB800035D0642879D0652812D18BE1702873D034
:10AB900008DC6728F1D069286FD06E280DD06F28A7
:10ABA00006D1ACE073282CD0752874D0782853D007
:10ABB0005246179990476D1C54E1C4F30250022885
:10ABC00009D003280DD0D8F8001004280DD00D604E
:10ABD00008F1040846E1D8F80010EA17C1E900526C
:10ABE000F6E7D8F800100D80F2E70D70F0E718F8DE
:10ABF000041B8DF8001000208DF80100EB460120A9
:10AC000003E058F804BB4FF0FF3061074FF000013C
:10AC100002D40DE009F101018946B9420FDA8145FC
:10AC2000F8DB1BF809100029F4D108E009F1010153
:10AC300089468142FADB1BF809100029F6D10398F6
:10AC40005346A0EB090721463846179A00F080FAD0
:10AC5000284400EB090507E044E008E10DE01BF89B
:10AC6000010B524617999047B9F10109F7D25346A3
:10AC700021463846179AF2E039E00A21C4F302521D
:10AC80004FF0000B0091022A06D058F8040BC117B0
:10AC9000032A09D00AE023E008F1070020F00702A8
:10ACA000F2E80201904605E000B2C117042A01D182
:10ACB00040B2C117002906DA0A460021404261EB82
:10ACC00002012D2202E0220504D52B228DF804205A
:10ACD000012203E0E20701D02022F7E7914657E086
:10ACE0000A2100E010214FF0000B00910BE0102131
:10ACF0004FF0000B44F004040827009103E0082003
:10AD00004FF0000B0090C4F30252022A05D058F80D
:10AD1000040B0021032A08D008E008F1070020F006
:10AD20000702F2E80201904603E080B2042A00D153
:10AD3000C0B24FF0000922072AD53278702A07D016
:10AD4000DDF800C08CF0100C5CEA0B0C05D00EE0B6
:10AD500040228DF80420012208E050EA010306D0C9
:10AD600030238DF804308DF8052002229146009B97
:10AD700083F0080353EA0B030AD150EA010201D120
:10AD8000620705D530228DF804204FF001097F1E9F
:10AD90003278582A04D039A20C920CAA02920BE005
:10ADA0003BA2F9E75B46009AFEF7F5FB0C9B9B5C28
:10ADB000029A521E0292137050EA0102F2D10298D6
:10ADC00004A9081A00F1200B600702D524F480348E
:10ADD00000E001275F4502DDA7EB0B0000E000204B
:10ADE00000EB0B01009003984944401A0390E003E4
:10ADF00006D453462146179A039800F0A9F9054452
:10AE0000002706E001A85246C05D179990476D1CC7
:10AE10007F1C4F45F6DBE0030CD553462146179ABD
:10AE2000039800F095F9054404E030205246179944
:10AE300090476D1C0099481E00900029F5DC08E041
:10AE40000298029952460078491C0291179990473E
:10AE50006D1CBBF10001ABF1010BF1DC5BE100F01B
:10AE600065F90544761C307800287FF40DAE19B0E2
:10AE70002846BDE8F08F0000092801003031323348
:10AE80003435363738396162636465660000000026
:10AE90003031323334353637383941424344454610
:10AEA00000000000600700D4062708F1070020F02A
:10AEB0000700F0E80223804603F0004C5FEA0C0034
:10AEC00001D097A009E0200501D596A005E0E00794
:10AED00001D095A001E0AFF24C001390307823F040
:10AEE000004365280CD006DC452809D046281DD033
:10AEF00047287FD13BE0662818D067287AD136E012
:10AF00000021112F01DB112000E0781CCDE90001A8
:10AF100004A90CA8FFF7E6FCDDE90D010C9A4FF03F
:10AF2000000B07F10109109200914EE04FF0004034
:10AF30000097CDE9011004A90CA8FFF7D3FCDDE9C7
:10AF40000D020C9B0F994FF0000B9146109300924D
:10AF500011B9791C00EB0109B7EB090003D4C0F16A
:10AF6000FF3B07F10109A9EB0700019042E0012F27
:10AF700000DA01270021112F01DD112000E0384601
:10AF8000CDE9000104A90CA8FFF7ACFCDDE90D0137
:10AF90000C9A00914FF0000BB946109221070FD484
:10AFA000009A4A4503DA914601E0A9F10109B9F195
:10AFB000010F05DD109AA9F10101515C3029F4D08F
:10AFC000B84202DA10F1040F03DA0121CDE90110D1
:10AFD00010E0002803DC8344A9EB000102E0411CDF
:10AFE000494500DD8946A0EB0B00401C01904FF065
:10AFF00000400290200705D40198484502DB4FF03D
:10B00000FF30019000208DF84B0002980DF14B07A6
:10B01000B0F1004F25D002200C902B200D9002980B
:10B0200000280CDA404202902D200D9007E00A2102
:10B030000298FEF79AFA3031029007F8011D0C9938
:10B04000481E0C900029F2DC02980028EFD1791EEE
:10B050000D980870307800F0200040F0450007F8A7
:10B06000020D11A8C01BC01D02901398007800B1FA
:10B07000012000EB0901019801EBE0710298014405
:10B080000398401A401E0390E00306D4534621461D
:10B09000179A039800F05CF805441398007818B1EB
:10B0A0005246179990476D1CE00323D5534621461D
:10B0B000179A039800F04CF805441BE0BBF1000F11
:10B0C00007DB0098584504DD1098179910F80B001D
:10B0D00001E0179930205246904701980BF1010B7F
:10B0E000401E05F10105019004D12E20524617990A
:10B0F00090476D1CB9F10001A9F10109DEDC05E002
:10B1000017F8010B5246179990476D1C0299481E7B
:10B1100002900029F4DC53462146179A03989EE6D4
:10B120002D0000002B000000200000002DE9F04160
:10B13000044600251E461746880404D405E0394617
:10B140002020B0476D1C641EF9D52846BDE8F0816B
:10B150002DE9F041044600251E469046C80301D55E
:10B16000302700E02027880404D505E04146384612
:10B17000B0476D1C641EF9D52846BDE8F0810A6809
:10B18000531C0B601070704700B5244B21F0004237
:10B1900087B09A42DCBF0022134629DD204B9A4239
:10B1A00008D140B94FF00100FFF796FBFFF76EFBA7
:10B1B00007B000BD03DBCDF720F807B000BD02AA41
:10B1C000FFF74CF810F0030104BF0DF1080C9CE8E8
:10B1D0000F000DD0012001290ED0022914D00DF14D
:10B1E000080C00909CE80F00FFF7D0FA07B000BDF4
:10B1F000FFF7F8F907B000BD0DF1080C00909CE8CE
:10B200000F00FFF7C3FA05E00DF1080C9CE80F00F2
:10B21000FFF7E8F907B081F0004100BDFB21E93FED
:10B220000000F07F2DE9F04D894BCE0F21F0004753
:10B2300084B005460C469F4230D38648874211D3DE
:10B24000C7F31300284305D004B02846BDE8F04DED
:10B25000CCF7D3BF002E1ABF00200146284604B009
:10B26000BDE8F08D7C4A2846FEF712FC07D202208A
:10B27000FFF732FB04B0BDE8F04DFFF70DBB774A96
:10B28000774B28462146FEF7EBFB07D20220FFF75B
:10B2900023FB04B0BDE8F04DFFF706BB7148B84290
:10B2A00048D27148874215D27048784400EBC600F6
:10B2B0002146D0E900232846FDF786FFCDE90001AD
:10B2C0006B48784400EBC600D0E900ABC6F1010042
:10B2D000861B26E0674A684B28462146FDF77AFF21
:10B2E000664A7A4402EBC603D3E90023FDF7CBFE9E
:10B2F000FEF7AAF80646FEF75CF807468846604A5D
:10B30000604BFDF767FF2A462346FDF760FFCDE956
:10B3100000015D4A5D4B38464146FDF75BFF8246C2
:10B320008B46DDE9000152465B46FDF74DFF0546C1
:10B330000C4618E05648874214D2564A564B2846C7
:10B340002146FDF7A0FE554E00223346FEF7A0FB36
:10B3500008D204B0334628462146BDE8F04D00220D
:10B36000FDF791BE00262A46234610461946FDF7F2
:10B3700031FF804602464A480F460B460521784475
:10B38000FFF7AEF942463B46FDF724FF2A46234627
:10B39000FDF71DFF07468846E6B302460B46002030
:10B3A0004FF08041FDF710FFCDE902013A464346D8
:10B3B00028462146FDF70EFFDDE90223FDF77CFF5D
:10B3C00052465B46FDF703FFDDE90023FDF7FCFE77
:10B3D0000022324BFDF7FBFE6FF47F729642A2BF54
:10B3E00001EB065104B0BDE8F08D4FF07A5202EB4C
:10B3F000065211442B4AFEF7B3FA04460D46FEF7F7
:10B4000015FF042808BFFFF74FFA204604B029466D
:10B41000BDE8F08DFFE700224FF08043FDF7D4FE3A
:10B4200082460E463A46434628462146FDF7D2FE5E
:10B4300052463346FDF740FF2A462346FDF7C4FE39
:10B4400004B00022BDE8F04D144BFDF7C0BE000073
:10B45000422E86400000F07FEF39FAFE51302DD5A4
:10B46000104987C0422ED63FB2A2F03F429601005B
:10B470003A960100FE822B654715F73FFA950100C9
:10B480000000E0FE422EE63F763C7935EF39EA3D9A
:10B490000000303E9C7500883CE4377E0000F03FA1
:10B4A0008E95010018FCFFFF10B5002821D0114B2C
:10B4B0000022001F196803E0814203D80A46496848
:10B4C0000029F9D152B11368841A9C4204D1006852
:10B4D00018441060104602E0506000E0186039B176
:10B4E00002680B1A934203D10B681A440260496840
:10B4F000416010BD580500602DE9F04DC84A002498
:10B5000090B0914205DA21F00043934201D805D171
:10B5100020B110B0BDE8F04DCCF76FBEB1F5801F83
:10B520001BDA53EA000209D0002911DA0120FFF7E3
:10B53000D3F910B0BDE8F04DFFF7A8B90220FFF72E
:10B54000CBF9FFF799F910B081F00041BDE8F08D1B
:10B550006FF035043622FEF703FA04EB2152C1F3F3
:10B560001308B049A2F2FF33414401F4801282F083
:10B570007F6103EB225281F04051009241EA0801C1
:10B580000022A94BFDF720FE044608F10200A74E59
:10B59000C0F313000D467E44032867D2D6E900238A
:10B5A0002046FEF75DFA1ED10098002802BFD6E9BA
:10B5B000000110B0BDE8F08DFDF7FBFE07460C461C
:10B5C0009B4A9C4BFDF706FE06460D469A4A9B4B4E
:10B5D00038462146FDF7FEFD10B032462B46BDE849
:10B5E000F04DFDF750BD4FF05532954B20462946A2
:10B5F000FDF7F0FD0022934BFDF7E9FD06460F46EF
:10B6000022462B4610461946FDF7E4FD32463B46DE
:10B61000FDF7E0FD064600980F46F0B1FDF7C9FEC4
:10B6200080468A46824A834BFDF7D4FD32463B462C
:10B63000FDF7CDFD22462B46FDF7C6FD05460C461F
:10B640007D4A7E4B40465146FDF7C4FD10B02A4668
:10B650002346BDE8F04DFDF7B7BD0B4610B03246AE
:10B6600020462946BDE8F04DFDF7AEBD00224FF063
:10B6700080432046FDF707FD02460B46204629463B
:10B68000FDF71AFE06460F460098FDF792FECDE93B
:10B69000040132463B4610463946FDF79BFD0C90AF
:10B6A00069480C9A4044019009910B461046FDF7F9
:10B6B00091FD8246024665488B46C8F151080B460B
:10B6C00008F5D72803217844FFF70AF852465B466D
:10B6D000FDF780FD0A905E480D9152465B460421BD
:10B6E0007844FEF7FDFF099B0C9AFDF773FD844635
:10B6F00001980D9B40EA080860460A9AFDF7C3FCD2
:10B7000083460891B8F1000F4EDD4FF0FF3220461E
:10B710002946FEF725F922462B46FDF75BFD8046BC
:10B7200000988A4660B3DDE90401414A414BFDF7C8
:10B7300051FD099100905A4640465146089BFDF73D
:10B74000A2FC32463B46FDF745FD099B009AFDF7FA
:10B750009AFC42465346FDF73AFD22462B46FDF73A
:10B7600033FD04460D46DDE90401334A334BFDF752
:10B7700031FD10B022462B46BDE8F04DFDF724BD4B
:10B780005A464046089BFDF77EFC32463B46FDF795
:10B7900021FD42465346FDF71AFD10B022462B46C6
:10B7A000BDE8F04DFDF713BD009840B3DDE904019D
:10B7B0001F4A204BFDF70EFD80468A465A4620461A
:10B7C0002946089BFDF700FD32463B46FDF702FD8A
:10B7D00042465346FDF7F8FC22462B46FDF7F4FCA3
:10B7E00004460D46DDE90401134A144BFDF7F2FC53
:10B7F00010B022462B46BDE8F04DFDF7E5BC0B46E8
:10B800005A4620462946FDF7DFFC32463B46FDF707
:10B81000E1FC10B022462B46BDE8F04DFDF7D7BC49
:10B820000000F07F645F09000000F03F8E9401008B
:10B83000763C7935EF39EA3D0000E0FE422EE63FE6
:10B840005555D53F0000E03F86EBF9FF6E920100B1
:10B850006C920100F0B50B30154D20F0070100246B
:10B86000144A0FE003688B420BD38B4205D95E1A52
:10B8700043184768C3E9006700E04368136002C0EB
:10B8800004E0021D10680028ECD12046002802D1F7
:10B89000286808B10020F0BD064A07481060074A32
:10B8A000121A22F00702C0E9002401202860D7E71D
:10B8B0003423002058050060E4610760E0630760FE
:10B8C0002DE9F04D1D460C4698B0174621F0004179
:10B8D00023F00043002814BF4FF0010C4FF0000C80
:10B8E0000CEB440CFE4A0CEB02064FEA620C664578
:10B8F0002BD33E0018BF012606EB45061644F94A35
:10B90000964222D3F84A53EA070C02D0944205D15A
:10B9100048B918B000201146BDE8F08D002808BFD6
:10B920004FF0000C01D04FF0010C0CEB440212F56B
:10B93000001F0AD8002F14BF4FF0010C4FF0000C6D
:10B940000CEB450212F5001F07D918B03A462B46FA
:10B950002146BDE8F04DFEF797BF0022DFF88CA32B
:10B96000002CB8BF534526DADFF884C36345A8BF6F
:10B97000022220DADFF870C39C451CDCDFF874C3B8
:10B980000CEB235CBCF1140F08DDCCF1340627FA74
:10B9900006FC0CFA06F6BE420DD108E05FB9CCF108
:10B9A000140623FA06FC0CFA06F69E4203D10CF0AC
:10B9B0000102C2F1020251EA000C19D1002D17DA7E
:10B9C000002C18BF022A01D0012A07D00220FEF75E
:10B9D00083FF18B0BDE8F04DFEF74EBF0220FEF722
:10B9E0007BFFFEF749FF18B081F00041BDE8F08D04
:10B9F000B7F1000C6CD1534525D104F1804212F50A
:10BA0000801201BF00280020B74918B008BFBDE868
:10BA1000F08DB548884207DC002DA1BF604629465D
:10BA200018B0BDE8F08D07E0281E05DA80F000416F
:10BA300018B06046BDE8F08DAF497944D1E9000106
:10BA400018B0BDE8F08DDFF8A0C2634525D1002D08
:10BA50001FDA19B1514512D1D8B909E0002840F0D8
:10BA6000EC82A24A214618B062F31E01BDE8F08DB7
:10BA70000020214618B060F31E01BDE8F08D08DA01
:10BA800018B02346BDE8F04D024600206146FDF7A0
:10BA900013BC18B02146BDE8F08D514518DAB5F158
:10BAA000804F0DD0A5F1005CBCF1FF5C10D1B4F16A
:10BAB000000C0DDB18B06146BDE8F04D00F03CBC59
:10BAC000234618B00246BDE8F04D1946FDF782BB8B
:10BAD000060024F0004C3BD1D9B1514533D1002CA4
:10BAE00006DD002DA1BF0020514618B0BDE8F08D45
:10BAF000002C01DD002D1BDB002C13DA002D11DBE7
:10BB0000012A4FF0000014BF78497C4918B0BDE805
:10BB1000F08D022A18BF002C0AD0012A08D1002C6F
:10BB200006DA0AE0002CB8BF002D11DA012A04D091
:10BB3000002018B00146BDE8F08D18B000204FF08D
:10BB40000041BDE8F08DA1F14050B0F17F601AD006
:10BB5000012000EBE47050EA020421D0624C521E36
:10BB60004FF0000B104304BF4FF0000B644C6548CE
:10BB700083427CDD644A654893421FDD884217DBBF
:10BB8000002D25DB37E0002C00DA4AB1022A0CBF79
:10BB900001204FF0FF3018B0BDE8F04DFDF709BCB3
:10BBA0000120FEF799FE18B0BDE8F04DFEF76EBE1D
:10BBB0004D4A8A4202DC002D0ADC1CE0814202DA96
:10BBC000002D18DA04E0484B994220DD002D12DDEB
:10BBD0000220FEF781FEFEF75FFE05460E460022BC
:10BBE000534658462146FDF7F5FA18B066F31E0194
:10BBF0002846BDE8F08D0220FEF76EFEFEF754FEEB
:10BC00000A46214618B062F31E01BDE8F08D0022FD
:10BC100030466146FDF7D8FA80460E466FF00102C5
:10BC2000FDF79EFE4FF05532394BFDF7D0FA4246F4
:10BC30003346FDF7CFFA0022364BFDF7C8FA8246AD
:10BC400042463346049110461946FDF7C3FA524660
:10BC5000049BFDF7BFFA8A4600904FF0C0422E4B7E
:10BC600040463146FDF7B6FA2C4A2B4B00E027E060
:10BC7000CDE9060151460098FDF7ACFA82460191E4
:10BC8000274A284B40463146FDF7A4FA5246019B0D
:10BC9000FDF79AFA82460B4602460591DDE9060158
:10BCA000FDF7F1F9DDE90623002688463046FDF769
:10BCB0008BFA5246059BFDF78AFA024600F07EB9E0
:10BCC0000020B1F5801F07DA352230466146FDF7C6
:10BCD00047FE06466FF0340000EB215024E00000E0
:10BCE000FFFF1F00FFFF0F000000F03F0000F07F8C
:10BCF0000000404301FCFFFFEA8F01000000F0FF5D
:10BD00000000F0BF0000E0410000F043FFFFEF3F04
:10BD10005555D53F0000E03F4715F73FFE822B65A4
:10BD200044DF5DF80BAE543EA0F2FF300190C1F34A
:10BD3000130040F07F6141F040510291FE4988427A
:10BD4000D8BF002004DDFD498142C8BF012001DDCC
:10BD50000D9008E000200D900198401C0190029881
:10BD6000A0F5801002900299F54878440B910D9946
:10BD700000EBC100D0E900230F9330460A920B99E3
:10BD8000FDF722FACDE90601DDE90A2130460F9BD5
:10BD9000FDF779F902460B460020EA49FDF78CFAD7
:10BDA000059102460B460090DDE90601FDF712FA07
:10BDB0001490E5488A464FF00008784402990068DC
:10BDC00012904FF0005040EA61010D980F9B01EB7B
:10BDD000804000F5002109910A9A1298FDF7F4F9C4
:10BDE00032460B9BFDF7F3F942465346FDF7F2F955
:10BDF0000646029140465146099B129AFDF7EAF920
:10BE0000DDE90623FDF7E3F93246029BFDF7DCF995
:10BE1000059B009AFDF7DEF90091149A04905346B1
:10BE200010461946FDF7D6F906460246C7480B46A6
:10BE3000029106217844FEF753FCCDE90510029BE0
:10BE4000324610461946FDF7C5F9DDE90532FDF722
:10BE5000C1F905910646534640461946149AFDF726
:10BE600012F9009B049AFDF7B5F93246059BFDF7E0
:10BE70000AF9CDE905104246534610461946FDF72A
:10BE8000A9F90022B24B02910A90FDF7FCF8DDE916
:10BE90000532FDF7F8F80E464246AD4B4046FDF739
:10BEA00093F9029B0A9AFDF78FF9DDE90532FDF758
:10BEB0008EF9424602910A90334610465146FDF7EC
:10BEC00089F9CDE906015346149A02990A98FDF7BB
:10BED00081F98A4602903346424600990498FDF75C
:10BEE00079F95346029AFDF7CEF882460B46024690
:10BEF0000591DDE90601FDF7C6F8DDE9062300201E
:10BF000088460646FDF760F95246059BFDF75FF946
:10BF1000824609914FF060428E4B30464146FDF714
:10BF200059F9049006918C4A8A4B50460999FDF7BD
:10BF300051F982460291894A894B30464146FDF7C4
:10BF400049F95246029BFDF79EF8864B7B440D9AB9
:10BF500003EBC203D3E90023FDF795F80E90079198
:10BF60000198FDF726FA0591DDE9061382460E9A3F
:10BF70000498FDF788F87C4A7A440D9B02EBC303D2
:10BF8000D3E9002300930292FDF77DF85246059B0A
:10BF9000FDF779F80026884652463046059BFDF7A6
:10BFA00013F9009B029AFDF70FF9069B049AFDF71F
:10BFB0000BF9079B0E9AFDF70AF9024600200B4683
:10BFC000029038462946FDF705F9824601912B4635
:10BFD00038461946029AFDF7F7F832464346FDF710
:10BFE000F9F85246019BFDF74EF807468A4632465D
:10BFF000434629460298FDF7EDF805460E463A46B7
:10C000005346FDF740F8594A8846914221DBA8EB98
:10C01000020353EA000210D12A463346FDF7D4F852
:10C02000CDE90401524A534B38465146FDF72BF8EF
:10C03000DDE90423FDF72CFD21D20220FEF74CFCA4
:10C04000FEF72AFC0A46214618B062F31E01BDE83D
:10C05000F08D494B28F000429A4210D3474A08EB32
:10C06000020353EA00027FF4C6AD2A463346FDF7C9
:10C07000ABF83A465346FDF70BFD7FF6BCAD002208
:10C08000019228F000403E493E4A01EB2051824295
:10C0900023DA481C4FF4801121FA00F040443A4A58
:10C0A000C0F30A517A44394BA1F2FF31CB4020EA68
:10C0B0000303C0F3130040F48010C1F11401C84021
:10C0C00012680190B8F1000FBCBF404201902846B1
:10C0D0003146FDF779F805460E462A46334638467E
:10C0E0005146FCF7D0FF4FF000084246284B40462F
:10C0F0000591FDF76FF8CDE90601264A264B40462B
:10C100000599FDF767F8009102902A4633464046AC
:10C110000599FDF759F83A465346FDF758F81F4A76
:10C120001F4BFDF757F8009B029AFCF7ACFF074640
:10C13000884602460B4635E08E9803007AB60B001F
:10C14000028C01000000F03F6A8C0100688B010046
:10C150000000084009C7EE3FFD033ADCF5015B141F
:10C16000E02F3EBE408A0100048A0100000090409A
:10C17000FE822B654715973C00CC904000346F3F02
:10C1800001FCFFFF0000E03F80890100FFFF0F007E
:10C19000432EE63F396CA80C615C20BEEF39FAFEF5
:10C1A000422EE63FDDE90601FCF76DFFDDE90623DF
:10C1B00005460E46FDF708F83A464346FDF707F8F0
:10C1C0000F462A463346009010461946FDF702F8FE
:10C1D000824602462E4888460B4605217844FEF7E3
:10C1E0007FFA52464346FCF7F5FF2A463346FCF7F2
:10C1F000EEFF80468A463B4628463146009AFCF7C9
:10C20000E9FF3B46009AFCF73EFF069100900022B2
:10C210004FF0804340465146FCF7D6FF0F460C9046
:10C220004246534628463146FCF7D4FF3B460C9A1B
:10C23000FDF742F8069B009AFCF7C6FF2A463346F4
:10C24000FCF7C2FF0022134BFCF7C1FF0546019823
:10C250000E4601EB00510815002810DC2846314637
:10C26000019AFDF77DFBFDF7E1FF042808BFFEF70B
:10C270001BFB28463146019AFDF772FB05460B462B
:10C2800018B02A4658462146BDE8F04DFCF7A2BF3B
:10C29000F08701000000F03F00B5254B21F000427F
:10C2A00087B09A4203DC0022134600922BE0214B18
:10C2B0009A4208D140B94FF00100FEF70DFBFEF79E
:10C2C000E5FA07B000BD03DBCBF797FF07B000BD71
:10C2D00002AAFDF7C3FF10F003014FF001000DD0DB
:10C2E000012914D002291AD00DF1080C9CE80F0086
:10C2F000FEF778F907B081F0004100BD0DF1080CA0
:10C3000000909CE80F00FEF741FA07B000BD0DF168
:10C31000080C9CE80F00FEF765F907B000BD0DF1B1
:10C32000080C00909CE80F00FEF730FAE2E70000EE
:10C33000FB21E93F0000F07F2DE9F04106460F4662
:10C34000FDF725FB041E0D4618BF0120284320F0F1
:10C350000040C0F17F6000F1E040C00F0ED0301C03
:10C3600018BF0120384320F00040C0F17F6000F189
:10C37000E040C00F04BF0120FEF7AEFA2046294678
:10C38000BDE8F08100B583B00A460021CDE9001177
:10C3900001466846FDF71DFADDE9000103B000BD66
:10C3A0000003030601040602050003051F1C1F1EEF
:10C3B0001F1E1F1F1E1F1E1F53455420504F494E46
:10C3C0005400000000000000000000000046414E44
:10C3D00020535045454400000000000000000000CC
:10C3E000000053595354454D204D4F444500000023
:10C3F0000000000000000053455400000000000051
:10C4000046414E0000000000005359530000000058
:10C4100000004040801008041005020C10101008A5
:10C42000080000004C0B0508C0110508A011050804
:10C4300014180508526576657273652041432073B0
:10C440007570706C792069732064657465637465B8
:10C4500064204241434E4554204D5354502069734B
:10C46000206465746563746564200000000000004A
:10C4700000000000000000000000000000000000BC
:10C4800000000000000000000000000000000000AC
:10C49000000000000000000000000000000000009C
:10C4A000000000000000000000000000000000008C
:10C4B000000000000000000000000000000000007C
:10C4C000000000000000000000000000000000006C
:10C4D000000000000000000000000000000000005C
:10C4E000000000000000000000000000000000004C
:10C4F000000000000000000000000000000000003C
:10C50000000000000000000000000000000000002B
:10C51000000000000000000000000000000000001B
:10C52000000000000000000000000000000000000B
:10C5300000000000000000000000001011000000DA
:10C5400000000000000000000000000000000000EB
:10C550000062C9EDDEAC3700000000000000000002
:10C560000000000000000000A4FEFFFFFFFFFF5BD3
:10C57000000000000000000000000000000000A219
:10C58000FFFFFFFFFFFFFFFF3C0000000000000077
:10C5900000000000000040FDFFFFFFFFFFFFFFFF66
:10C5A000FF06000000000000000000000000F6FF91
:10C5B000FFFFFFFFFFFFFFFFFF7F00000000000005
:10C5C000000000000050FFFFFFFFFFFFFFFFFFFF25
:10C5D000FFFF0700000000000000000000F4FFFF64
:10C5E000FFFFFFFFFFFFFFFFFFFF4F000000000006
:10C5F0000000000010FEFFFFFFFFFFFFFFFFFFFF37
:10C60000FFFFDF010000000000000000A0FFFFFFAF
:10C61000FFFFFFFFFFFFFFFFFFFFFF09000000001C
:10C6200000000000F5FFFFFFFFFFFFFFFFFFFFFF20
:10C63000FFFFFF3F0000000000000000FCFFFFFFC5
:10C64000FFFFFFEFFEFFFFFFFFFFFFBF0000000047
:10C6500000000060FFFFFFFFFFFF6C1242F9FFFFC9
:10C66000FFFFFFFF03000000000000C0FFFFFFFF0F
:10C67000FF7F00000030FDFFFFFFFFFF090000000B
:10C68000000000F4FFFFFFFFFF0600000000D2FFE4
:10C69000FFFFFFFF1E000000000000FAFFFFFFFF8A
:10C6A0009F000000000030FEFFFFFFFF5F00000062
:10C6B000000010FEFFFFFFFF1D000000000000F75C
:10C6C000FFFFFFFFAF000000000050FFFFFFFFFF74
:10C6D00006000000000000D1FFFFFFFFEF01000097
:10C6E0000000A0FFFFFFFFDF01000000000000705E
:10C6F000FFFFFFFFFF0400000000D1FFFFFFFF8FDF
:10C700000000000000000020FEFFFFFFFF07000008
:10C710000000F3FFFFFFFF3F0000000000000000EB
:10C72000FBFFFFFFFF0B00000000F6FFFFFFFF0C09
:10C730000000000000000000F6FFFFFFFF1D0000EA
:10C740000000FAFFFFFFFF080000000000000000EB
:10C75000F4FFFFFFFF3F00000000FCFFFFFFFF05AD
:10C760000000000000000030FEFFFFFFFF5F000040
:10C770000010FEFFFFFFFF0200000000000000E3CA
:10C78000FFFFFFFFFF7F00000030FFFFFFFFDF0024
:10C7900000000000000040FEFFFFFFFFFF9F0000C1
:10C7A0000050FFFFFFFFBF00000000000000E4FF9B
:10C7B000FFFFFFFFFFBF00000070FFFFFFFF8F00C4
:10C7C000000000000040FEFFFFFFFFFFFFCF000062
:10C7D0000090FFFFFFFF6F000000000000F4FFFF6C
:10C7E000FFFFFFFFFFDF010000A0FFFFFFFF5F0073
:10C7F0000000000050FFFFFFFFFFFFFFFFEF010001
:10C8000000C0FFFFFFFF3F0000000000F5FFFFFF3B
:10C81000FFFFFFFFFFFF020000C0FFFFFFFF2F0031
:10C8200000000050FFFFFFFFFFFFFFFFFFFF0300BF
:10C8300000D0FFFFFFFF2E00000000F5FFFFFFFF0D
:10C84000FFFFFFFFFFFF040000E1FFFFFFFF1E00EF
:10C85000000060FFFFFFFFFFFFFFFFFFFFFF04007F
:10C8600000E1FFFFFFFF1E000000F6FFFFFFFFFFDC
:10C87000DFFCFFFFFFFF050000E2FFFFFFFF1D00E1
:10C880000060FFFFFFFFFFFF2DFAFFFFFFFF050026
:10C8900000F2FFFFFFFF0D0000F6FFFFFFFFFFDFCD
:10C8A00002FAFFFFFFFF050000F2FFFFFFFF0D0090
:10C8B00070FFFFFFFFFFFF2D00FAFFFFFFFF0500E6
:10C8C00000F2FFFFFFFF0D00F7FFFFFFFFFFDF029A
:10C8D00000FAFFFFFFFF050000F2FFFFFFFF0D70F2
:10C8E000FFFFFFFFFFFF2C0000FAFFFFFFFF050027
:10C8F00000F2FFFFFFFF0DF7FFFFFFFFFFCF01007B
:10C9000000FAFFFFFFFF050000E2FFFFFFFF8DFFC2
:10C91000FFFFFFFFFF1C000000FBFFFFFFFF040005
:10C9200000E1FFFFFFFFFFFFFFFFFFFFCF01000060
:10C9300000FBFFFFFFFF040000E1FFFFFFFFFFFF21
:10C94000FFFFFFFF1C00000000FCFFFFFFFF0300D4
:10C9500000D0FFFFFFFFFFFFFFFFFFCF0100000040
:10C9600000FCFFFFFFFF020000C0FFFFFFFFFFFF13
:10C97000FFFFFF1C0000000010FDFFFFFFEF0100A4
:10C9800000C0FFFFFFFFFFFFFFFFBF01000000002F
:10C9900020FEFFFFFFDF010000A0FFFFFFFFFFFF02
:10C9A000FFFF1B000000000030FFFFFFFFCF000073
:10C9B0000090FFFFFFFFFFFFFFBF0100000000002E
:10C9C00050FFFFFFFFBF00000070FFFFFFFFFFFFF2
:10C9D000FF1B00000000000070FFFFFFFF9F000032
:10C9E0000060FFFFFFFFFFFFBF010000000000002D
:10C9F00090FFFFFFFF7F00000040FFFFFFFFFFFFF2
:10CA00000B00000000000000C0FFFFFFFF4F000010
:10CA10000020FEFFFFFFFFAF00000000000000004D
:10CA2000E1FFFFFFFF2F00000000FDFFFFFFFF0BF6
:10CA30000000000000000000F4FFFFFFFF0D0000F9
:10CA40000000FAFFFFFFFF0A0000000000000000E6
:10CA5000F8FFFFFFFF0A00000000F7FFFFFFFF1EC7
:10CA60000000000000000000FDFFFFFFFF070000C6
:10CA70000000F4FFFFFFFF5F000000000000004027
:10CA8000FFFFFFFFFF0300000000E1FFFFFFFFAF1C
:10CA900000000000000000A0FFFFFFFFDF0100001A
:10CAA0000000A0FFFFFFFFFF03000000000000F2F6
:10CAB000FFFFFFFF9F000000000060FFFFFFFFFF80
:10CAC0000A000000000000FAFFFFFFFF4F00000017
:10CAD000000020FEFFFFFFFF5F000000000050FF8E
:10CAE000FFFFFFFF1D000000000000FBFFFFFFFF36
:10CAF000EF0400000000E3FFFFFFFFFF080000005D
:10CB0000000000F5FFFFFFFFFF5E00000050FEFF8A
:10CB1000FFFFFFFF02000000000000D1FFFFFFFF4A
:10CB2000FFFF5B1252FAFFFFFFFFFFAF00000000A4
:10CB300000000060FFFFFFFFFFFFFFEFFEFFFFFFB2
:10CB4000FFFFFF2F0000000000000010FDFFFFFFAF
:10CB5000FFFFFFFFFFFFFFFFFFFFFF0800000000D8
:10CB600000000000F5FFFFFFFFFFFFFFFFFFFFFFDB
:10CB7000FFFFDF010000000000000000A0FFFFFF3A
:10CB8000FFFFFFFFFFFFFFFFFFFF4F000000000060
:10CB90000000000010FDFFFFFFFFFFFFFFFFFFFF92
:10CBA000FFFF0700000000000000000000E3FFFF9F
:10CBB000FFFFFFFFFFFFFFFFFF9F000000000000DF
:10CBC000000000000040FEFFFFFFFFFFFFFFFFFF30
:10CBD000FF09000000000000000000000000D3FF7B
:10CBE000FFFFFFFFFFFFFFFF7F00000000000000CE
:10CBF00000000000000010F9FFFFFFFFFFFFFFCF64
:10CC000003000000000000000000000000000030F1
:10CC1000EAFFFFFFFFFFCF0500000000000000005B
:10CC200000000000000000002096DCEECD7A03003A
:10CC300000000000000000000000000000000000F4
:10CC400000001011010000000000000000000000C2
:10CC500000000000000000000000000000000000D4
:10CC600000000000000000000000000000000000C4
:10CC700000000000000000000000000000000000B4
:10CC800000000000000000000000000000000000A4
:10CC90000000000000000000000000000000000094
:10CCA0000000000000000000000000000000000084
:10CCB0000000000000000000000000000000000074
:10CCC0000000000000000000000000000000000064
:10CCD0000000000000000000000000000000000054
:10CCE0000000000000000000000000000000000044
:10CCF0000000000000000000000000000000000034
:10CD00000000000000000000000000000000000023
:10CD10000000000000000000000000000000000013
:10CD20000000000000000000000000000000000003
:10CD300000000000000000000000000000000000F3
:10CD400000000000000000000000000000000000E3
:10CD500000000000000000000000000000000000D3
:10CD600000000000000000000000000000000000C3
:10CD700000000000000000000000000000000000B3
:10CD800000000000000000000000000000000000A3
:10CD90000000000000000000000000000000000093
:10CDA0000000000000000000000000000000000083
:10CDB0000000000000000000000000000000000073
:10CDC0000000000000000000000000000000000063
:10CDD0000000000000000000000000000000000053
:10CDE0000000000000000000000000000000000043
:10CDF0000000000000000000000000000000000033
:10CE00000000000000000000000000000000000022
:10CE10000000000000000000000000000000000012
:10CE20000000000000000000000000000000000002
:10CE300000000000000000000000000000000000F2
:10CE400000000000000000000000000000000000E2
:10CE500000000043444444020000000000000000C1
:10CE600000000000000000000000A1FFFFFFFF0A1B
:10CE700000000000000000000000000000000000B2
:10CE80000050FDFFFFFFFF09000000000000000050
:10CE9000000000000000000000F8FFFFFFFFFF0996
:10CEA0000000000000000000000000000000000082
:10CEB000C3FFFFFFFFFFFF090000000000000000AC
:10CEC0000000000000000060FEFFFFFFFFFFFF0901
:10CED000000000000000000000000000000020FA38
:10CEE000FFFFFFFFFFFFFF09000000000000000040
:10CEF000000000000000D5FFFFFFFFFFFFFFFF095C
:10CF00000000000000000000000000000091FFFF92
:10CF1000FFFFFFFFFFFFFF0900000000000000000F
:10CF20000000000030FCFFFFFFFFFFFFFFFFFF09D5
:10CF3000000000000000000000000000F7FFFFFFFD
:10CF4000FFFFFFFFFFFFFF090000000000000000DF
:10CF5000000000B2FFFFFFFFFFFFFFFFFFFFFF0921
:10CF60000000000000000000000040FEFFFFFFFF87
:10CF7000FFFFFFFFFFFFFF090000000000000000AF
:10CF8000000060FFFFFFFFFFFFFFFFFFFFFFFF0944
:10CF90000000000000000000000020FEFFFFFFFF77
:10CFA000FFFFFFFFFFFFFF0900000000000000007F
:10CFB000000000FBFFFFFFFFFF9FF9FFFFFFFF09DE
:10CFC0000000000000000000000000F7FFFFFFFF6E
:10CFD000FF06F8FFFFFFFF0900000000000000004F
:10CFE000000000F3FFFFFFFF3C00F8FFFFFFFF0919
:10CFF0000000000000000000000000D0FFFFFF9FC5
:10D000000100F8FFFFFFFF09000000000000000022
:10D0100000000090FFFFEF060000F8FFFFFFFF0990
:10D02000000000000000000000000050FFFF3C0076
:10D030000000F8FFFFFFFF090000000000000000F3
:10D0400000000010FE9F01000000F8FFFFFFFF0935
:10D05000000000000000000000000000FB060000CF
:10D060000000F8FFFFFFFF090000000000000000C3
:10D0700000000000450000000000F8FFFFFFFF096E
:10D0800000000000000000000000000000000000A0
:10D090000000F8FFFFFFFF09000000000000000093
:10D0A00000000000000000000000F8FFFFFFFF0983
:10D0B0000000000000000000000000000000000070
:10D0C0000000F8FFFFFFFF09000000000000000063
:10D0D00000000000000000000000F8FFFFFFFF0953
:10D0E0000000000000000000000000000000000040
:10D0F0000000F8FFFFFFFF09000000000000000033
:10D1000000000000000000000000F8FFFFFFFF0922
:10D11000000000000000000000000000000000000F
:10D120000000F8FFFFFFFF09000000000000000002
:10D1300000000000000000000000F8FFFFFFFF09F2
:10D1400000000000000000000000000000000000DF
:10D150000000F8FFFFFFFF090000000000000000D2
:10D1600000000000000000000000F8FFFFFFFF09C2
:10D1700000000000000000000000000000000000AF
:10D180000000F8FFFFFFFF090000000000000000A2
:10D1900000000000000000000000F8FFFFFFFF0992
:10D1A000000000000000000000000000000000007F
:10D1B0000000F8FFFFFFFF09000000000000000072
:10D1C00000000000000000000000F8FFFFFFFF0962
:10D1D000000000000000000000000000000000004F
:10D1E0000000F8FFFFFFFF09000000000000000042
:10D1F00000000000000000000000F8FFFFFFFF0932
:10D20000000000000000000000000000000000001E
:10D210000000F8FFFFFFFF09000000000000000011
:10D2200000000000000000000000F8FFFFFFFF0901
:10D2300000000000000000000000000000000000EE
:10D240000000F8FFFFFFFF090000000000000000E1
:10D2500000000000000000000000F8FFFFFFFF09D1
:10D2600000000000000000000000000000000000BE
:10D270000000F8FFFFFFFF090000000000000000B1
:10D2800000000000000000000000F8FFFFFFFF09A1
:10D29000000000000000000000000000000000008E
:10D2A0000000F8FFFFFFFF09000000000000000081
:10D2B00000000000000000000000F8FFFFFFFF0971
:10D2C000000000000000000000000000000000005E
:10D2D0000000F8FFFFFFFF09000000000000000051
:10D2E00000000000000000000000F8FFFFFFFF0941
:10D2F000000000000000000000000000000000002E
:10D300000000F8FFFFFFFF09000000000000000020
:10D3100000000000000000000000F8FFFFFFFF0910
:10D3200000000000000000000000000000000000FD
:10D330000000F8FFFFFFFF090000000000000000F0
:10D3400000000000000000000000F8FFFFFFFF09E0
:10D3500000000000000000000000000000000000CD
:10D360000000F8FFFFFFFF090000000000000000C0
:10D3700000000000000000000000F8FFFFFFFF09B0
:10D38000000000000000000000000000000000009D
:10D390000000F8FFFFFFFF09000000000000000090
:10D3A00000000000000000000000F8FFFFFFFF0980
:10D3B000000000000000000000000000000000006D
:10D3C0000000F8FFFFFFFF09000000000000000060
:10D3D00000000000000000000000F8FFFFFFFF0950
:10D3E00000000000000000000000001011111111E9
:10D3F0001111F9FFFFFFFF1A1111111111000000A7
:10D40000000000E2EEEEEEEEEEEEFFFFFFFFFFEFBC
:10D41000EEEEEEEEEE040000000000F2FFFFFFFF74
:10D42000FFFFFFFFFFFFFFFFFFFFFFFFFF04000005
:10D43000000000F2FFFFFFFFFFFFFFFFFFFFFFFF06
:10D44000FFFFFFFFFF040000000000F2FFFFFFFFEF
:10D45000FFFFFFFFFFFFFFFFFFFFFFFFFF040000D5
:10D46000000000F2FFFFFFFFFFFFFFFFFFFFFFFFD6
:10D47000FFFFFFFFFF040000000000F2FFFFFFFFBF
:10D48000FFFFFFFFFFFFFFFFFFFFFFFFFF040000A5
:10D49000000000F2FFFFFFFFFFFFFFFFFFFFFFFFA6
:10D4A000FFFFFFFFFF040000000000F2FFFFFFFF8F
:10D4B000FFFFFFFFFFFFFFFFFFFFFFFFFF04000075
:10D4C000000000F2FFFFFFFFFFFFFFFFFFFFFFFF76
:10D4D000FFFFFFFFFF040000000000E2FFFFFFFF6F
:10D4E000FFFFFFFFFFFFFFFFFFFFFFFFFF04000045
:10D4F000000000F2FFFFFFFFFFFFFFFFFFFFFFFF46
:10D50000FFFFFFFFFF040000000000B2BBBBBBBB7E
:10D51000BBBBBBBBBBBBBBBBBBBBBBBBBB03000089
:10D5200000000000000000000000000000000000FB
:10D5300000000000000000000000000000000000EB
:10D5400000000000000000000000000000000000DB
:10D5500000000000000000000000000000000000CB
:10D5600000000000000000000000000000000000BB
:10D5700000000000000000000000000000000000AB
:10D58000000000000000000000000000000000009B
:10D59000000000000000000000000000000000008B
:10D5A000000000000000000000000000000000007B
:10D5B000000000000000000000000000000000006B
:10D5C000000000000000000000000000000000005B
:10D5D000000000000000000000000000000000004B
:10D5E000000000000000000000000000000000003B
:10D5F000000000000000000000000000000000002B
:10D60000000000000000000000000000000000001A
:10D61000000000000000000000000000000000000A
:10D6200000000000000000000000000000000000FA
:10D6300000000000000000000000000000000000EA
:10D6400000000000000000000000000000000000DA
:10D6500000000000000000000000000000000000CA
:10D6600000000000000000000000000000000000BA
:10D6700000000000000000000000000000000000AA
:10D68000000000000000000000000000000000009A
:10D69000000000000000000000000000000000008A
:10D6A000000000000000000000000000000000007A
:10D6B000000000000000000000000000000000006A
:10D6C000000000000000000000000000000000005A
:10D6D000000000000000000000000000000000004A
:10D6E000000000000000000000000000000000003A
:10D6F000000000000000000000000000000000002A
:10D700000000000000000000000000000000000019
:10D710000000000000000000000000000000000009
:10D7200000000000000000000000000000000000F9
:10D7300000000000000000000000101101000000C7
:10D7400000000000000000000000000000000000D9
:10D7500030A7DCEECD7A03000000000000000000DE
:10D760000000000000000071FCFFFFFFFFFFCF166C
:10D77000000000000000000000000000000060FD4C
:10D78000FFFFFFFFFFFFFFCF0400000000000000CD
:10D79000000000000020FBFFFFFFFFFFFFFFFFFF77
:10D7A0008F000000000000000000000000E5FFFF07
:10D7B000FFFFFFFFFFFFFFFFFF0900000000000069
:10D7C0000000000070FFFFFFFFFFFFFFFFFFFFFFF4
:10D7D000FF8F00000000000000000000F8FFFFFFC6
:10D7E000FFFFFFFFFFFFFFFFFFFF0500000000003E
:10D7F00000000080FFFFFFFFFFFFFFFFFFFFFFFFB5
:10D80000FFFF1D0000000000000000F7FFFFFFFF0A
:10D81000FFFFFFFFFFFFFFFFFFFF7F000000000093
:10D82000000020FFFFFFFFFFFFFFFFFFFFFFFFFFE5
:10D83000FFFFEF0100000000000000FAFFFFFFFF04
:10D84000FFFFFFFFFFFFFFFFFFFFFF0600000000DD
:10D85000000000E2FFFFFFFFFFEFBCDCFFFFFFFF68
:10D86000FFFFFF0B0000000000000080FFFFFFFF34
:10D87000BF250010B4FFFFFFFFFFFF2E00000000D8
:10D8800000000010FDFFFFDF0500000000F9FFFFB2
:10D89000FFFFFF5F0000000000000000F5FFFF2B0E
:10D8A0000000000000A0FFFFFFFFFF8F000000004E
:10D8B00000000000B0FFAF00000000000020FEFFED
:10D8C000FFFFFFBF000000000000000030FF0A0063
:10D8D000000000000000F9FFFFFFFFCF0000000084
:10D8E0000000000000CA0000000000000000F4FF7B
:10D8F000FFFFFFDF0100000000000000002100002A
:10D90000000000000000E1FFFFFFFFEF0200000049
:10D910000000000000000000000000000000C0FF48
:10D92000FFFFFFFF020000000000000000000000F9
:10D93000000000000000A0FFFFFFFFFF020000004A
:10D94000000000000000000000000000000090FF48
:10D95000FFFFFFFF020000000000000000000000C9
:10D9600000000000000090FFFFFFFFFF020000002A
:10D970000000000000000000000000000000A0FF08
:10D98000FFFFFFEF010000000000000000000000AA
:10D99000000000000000B0FFFFFFFFDF01000000FB
:10D9A0000000000000000000000000000000C0FFB8
:10D9B000FFFFFFCF0000000000000000000000009B
:10D9C000000000000000E1FFFFFFFFBF00000000BB
:10D9D0000000000000000000000000000000F3FF55
:10D9E000FFFFFF8F000000000000000000000000AB
:10D9F000000000000000F6FFFFFFFF5F00000000D6
:10DA00000000000000000000000000000000FAFF1D
:10DA1000FFFFFF2F000000000000000000000000DA
:10DA2000000000000020FEFFFFFFFF0C00000000D0
:10DA30000000000000000000000000000070FFFF78
:10DA4000FFFFFF09000000000000000000000000D0
:10DA50000000000000D0FFFFFFFFFF0400000000F7
:10DA600000000000000000000000000000F6FFFFC2
:10DA7000FFFFDF00000000000000000000000000C9
:10DA80000000000010FDFFFFFFFF7F00000000000E
:10DA900000000000000000000000000070FFFFFF19
:10DAA000FFFF2E000000000000000000000000004A
:10DAB00000000000E1FFFFFFFFFF09000000000081
:10DAC000000000000000000000000000F9FFFFFF60
:10DAD000FFFF020000000000000000000000000046
:10DAE00000000040FFFFFFFFFF9F0000000000005C
:10DAF0000000000000000000000000D1FFFFFFFF59
:10DB0000FF2E0000000000000000000000000000E8
:10DB1000000000F8FFFFFFFFFF070000000000000B
:10DB20000000000000000000000040FFFFFFFFFFBA
:10DB3000CF00000000000000000000000000000016
:10DB40000000D1FFFFFFFFFF3F00000000000000CA
:10DB500000000000000000000000FAFFFFFFFFFFD0
:10DB600008000000000000000000000000000000AD
:10DB70000060FFFFFFFFFFCF00000000000000007B
:10DB8000000000000000000000E2FFFFFFFFFF3E7A
:10DB90000000000000000000000000000000000085
:10DBA00000FCFFFFFFFFFF06000000000000000078
:10DBB000000000000000000090FFFFFFFFFFAF002B
:10DBC0000000000000000000000000000000000055
:10DBD000F5FFFFFFFFFF1D00000000000000000038
:10DBE0000000000000000020FEFFFFFFFFFF030019
:10DBF000000000000000000000000000000000C065
:10DC0000FFFFFFFFFF6F00000000000000000000AA
:10DC100000000000000000F8FFFFFFFFFF09000008
:10DC2000000000000000000000000000000040FFB5
:10DC3000FFFFFFFFCF000000000000000000000019
:10DC4000000000000000E2FFFFFFFFFF2E000000C9
:10DC50000000000000000000000000000000FBFFCA
:10DC6000FFFFFFFF050000000000000000000000B3
:10DC7000000000000070FFFFFFFFFF8F00000000AA
:10DC800000000000000000000000000000F4FFFFA2
:10DC9000FFFFFF0B0000000000000000000000007C
:10DCA0000000000010FDFFFFFFFFDF01000000008B
:10DCB000000000000000000000000000B0FFFFFFB7
:10DCC000FFFF4F0000000000000000000000000007
:10DCD00000000000F7FFFFFFFFFF0500000000004D
:10DCE000000000000000000000000030FFFFFFFF08
:10DCF000FFEF87888888888888888878780100007E
:10DD0000000000D1FFFFFFFFFFFFFFFFFFFFFFFF4E
:10DD1000FFFFFFFFFF010000000000FAFFFFFFFF11
:10DD2000FFFFFFFFFFFFFFFFFFFFFFFFEF0100000F
:10DD3000000010FEFFFFFFFFFFFFFFFFFFFFFFFFE1
:10DD4000FFFFFFFFEF010000000010FEFFFFFFFFDD
:10DD5000FFFFFFFFFFFFFFFFFFFFFFFFEF010000DF
:10DD6000000010FEFFFFFFFFFFFFFFFFFFFFFFFFB1
:10DD7000FFFFFFFFEF010000000010FEFFFFFFFFAD
:10DD8000FFFFFFFFFFFFFFFFFFFFFFFFEF010000AF
:10DD9000000010FEFFFFFFFFFFFFFFFFFFFFFFFF81
:10DDA000FFFFFFFFEF010000000010FEFFFFFFFF7D
:10DDB000FFFFFFFFFFFFFFFFFFFFFFFFEF0100007F
:10DDC000000010FEFFFFFFFFFFFFFFFFFFFFFFFF51
:10DDD000FFFFFFFFEF010000000010FEFFFFFFFF4D
:10DDE000FFFFFFFFFFFFFFFFFFFFFFFFEF0100004F
:10DDF000000010FFFFFFFFFFFFFFFFFFFFFFFFFF20
:10DE0000FFFFFFFFFF010000000010BABBBBBBBB60
:10DE1000BBBBBBBBBBBBBBBBBBBBBBBBAB01000092
:10DE200000000000000000000000000000000000F2
:10DE300000000000000000000000000000000000E2
:10DE400000000000000000000000000000000000D2
:10DE500000000000000000000000000000000000C2
:10DE600000000000000000000000000000000000B2
:10DE700000000000000000000000000000000000A2
:10DE80000000000000000000000000000000000092
:10DE90000000000000000000000000000000000082
:10DEA0000000000000000000000000000000000072
:10DEB0000000000000000000000000000000000062
:10DEC0000000000000000000000000000000000052
:10DED0000000000000000000000000000000000042
:10DEE0000000000000000000000000000000000032
:10DEF0000000000000000000000000000000000022
:10DF00000000000000000000000000000000000011
:10DF10000000000000000000000000000000000001
:10DF200000000000000000000000000000000000F1
:10DF300000000000000000000000000000000000E1
:10DF400000000000000000000000000000000000D1
:10DF500000000000000000000000000000000000C1
:10DF600000000000000000000000000000000000B1
:10DF700000000000000000000000000000000000A1
:10DF80000000000000000000000000000000000091
:10DF90000000000000000000000000000000000081
:10DFA0000000000000000000000000000000000071
:10DFB0000000000000000000000000000000000061
:10DFC0000000000000000000000000000000000051
:10DFD0000000000000000000000000000000000041
:10DFE0000000000000000000000000000000000031
:10DFF0000000000000000000000000000000000021
:10E000000000000000000000000000000000000010
:10E010000000000000000000000000000000000000
:10E0200000000000000000000000000000000000F0
:10E0300000000000000000000010111100000000AE
:10E04000000000000000000000000000000010744C
:10E05000B9DDEEDEBC580100000000000000000049
:10E06000000000000062EBFFFFFFFFFFFFFFAE04B8
:10E07000000000000000000000000000A5FEFFFFFF
:10E08000FFFFFFFFFFFFFFAF0200000000000000E6
:10E0900000000030FFFFFFFFFFFFFFFFFFFFFFFF5C
:10E0A0006E0000000000000000000030FFFFFFFFD6
:10E0B000FFFFFFFFFFFFFFFFFF0700000000000062
:10E0C00000000030FFFFFFFFFFFFFFFFFFFFFFFF2C
:10E0D000FF6F00000000000000000030FFFFFFFFA6
:10E0E000FFFFFFFFFFFFFFFFFFFF03000000000037
:10E0F00000000030FFFFFFFFFFFFFFFFFFFFFFFFFC
:10E10000FFFF0C000000000000000030FFFFFFFFD9
:10E11000FFFFFFFFFFFFFFFFFFFF6F00000000009A
:10E1200000000030FFFFFFFFFFFFFFFFFFFFFFFFCB
:10E13000FFFFCF000000000000000030FFFFFFFFE6
:10E14000FFFFFFFFFFFFFFFFFFFFFF0400000000D6
:10E1500000000030FFFFFFBE79454496FDFFFFFF42
:10E16000FFFFFF080000000000000030FFDF480153
:10E170000000000060FEFFFFFFFFFF0B000000003B
:10E18000000000309E0400000000000000D2FFFFED
:10E19000FFFFFF1E00000000000000100100000053
:10E1A000000000000040FFFFFFFFFF3F00000000F5
:10E1B0000000000000000000000000000000FBFF65
:10E1C000FFFFFF4F00000000000000000000000003
:10E1D000000000000000F5FFFFFFFF5F00000000EF
:10E1E0000000000000000000000000000000F2FF3E
:10E1F000FFFFFF5F000000000000000000000000C3
:10E20000000000000000E1FFFFFFFF5F00000000D2
:10E210000000000000000000000000000000D0FF2F
:10E22000FFFFFF5F00000000000000000000000092
:10E23000000000000000D0FFFFFFFF4F00000000C3
:10E240000000000000000000000000000000E1FFEE
:10E25000FFFFFF3F00000000000000000000000082
:10E26000000000000000F2FFFFFFFF1E00000000A2
:10E270000000000000000000000000000000F4FFAB
:10E28000FFFFFF0C00000000000000000000000085
:10E29000000000000000F8FFFFFFFF090000000081
:10E2A0000000000000000000000000000010FDFF62
:10E2B000FFFFFF050000000000000000000000005C
:10E2C000000000000080FFFFFFFFEF0100000000E2
:10E2D00000000000000000000000000000F5FFFF4B
:10E2E000FFFF8F00000000000000000000000000A1
:10E2F0000000000070FFFFFFFFFF2E000000000085
:10E30000000000000000000000000051FCFFFFFFC3
:10E31000FFFF0600000000000000000000008288EF
:10E320008888C9FEFFFFFFFFFFAF0000000000006C
:10E33000000000000000F3FFFFFFFFFFFFFFFFFFF3
:10E34000FF1B000000000000000000000000F3FFC1
:10E35000FFFFFFFFFFFFFFFFBF0100000000000005
:10E36000000000000000F3FFFFFFFFFFFFFFFFEFD3
:10E370000700000000000000000000000000F3FFA4
:10E38000FFFFFFFFFFFFFF9F0100000000000000F4
:10E39000000000000000F3FFFFFFFFFFFFFFFFFF93
:10E3A000BF04000000000000000000000000F3FFB8
:10E3B000FFFFFFFFFFFFFFFFFFAF010000000000B6
:10E3C000000000000000F3FFFFFFFFFFFFFFFFFF63
:10E3D000FFFF3D0000000000000000000000F3FF10
:10E3E000FFFFFFFFFFFFFFFFFFFFEF020000000046
:10E3F000000000000000F3FFFFFFFFFFFFFFFFFF33
:10E40000FFFFFF1C00000000000000000000B2BB86
:10E41000BBBBDCFEFFFFFFFFFFFFFF8F0000000024
:10E42000000000000000000000000041C7FFFFFFE7
:10E43000FFFFFFFF020000000000000000000000DE
:10E440000000000000C4FFFFFFFFFFFF0900000005
:10E450000000000000000000000000000000F8FFC5
:10E46000FFFFFFFF1E000000000000000000000092
:10E4700000000000000080FFFFFFFFFF5F000000C2
:10E48000000000000000000000000000000000FB91
:10E49000FFFFFFFF9F0000000000000000000000E1
:10E4A00000000000000000F3FFFFFFFFCF000000AE
:10E4B000000000000000000000000000000000C09C
:10E4C000FFFFFFFFEF010000000000000000000060
:10E4D0000000000000000080FFFFFFFFFF020000BF
:10E4E00000000000000000000000000000000060CC
:10E4F000FFFFFFFFFF03000000000000000000001E
:10E500000000000000000050FFFFFFFFFF030000BD
:10E5100000000000000000000000000000000050AB
:10E52000FFFFFFFFFF0300000000000000000000ED
:10E530000000000000000050FFFFFFFFFF0300008D
:10E54000000000000000000000000000000000705B
:10E55000FFFFFFFFFF0200000000000000000000BE
:10E5600000000000000000A0FFFFFFFFEF0100001F
:10E57000000000000000000000000000000000D0CB
:10E58000FFFFFFFFDF0000000000000000000000B0
:10E5900000000000000000F4FFFFFFFFAF000000DC
:10E5A000000000000000000000000000000000FB70
:10E5B000FFFFFFFF8F0000000000000000000000D0
:10E5C00000000000000070FFFFFFFFFF4F00000091
:10E5D0000000000000000000000000000000F6FF46
:10E5E000FFFFFFFF1E000000000000000000000011
:10E5F000000000000092FFFFFFFFFFFF0A00000085
:10E60000000000B8581300000000001094FEFFFF47
:10E61000FFFFFFFF04000000000000F9FFEFBD9ABC
:10E620008888A8EBFFFFFFFFFFFFFFCF000000007F
:10E63000000000F9FFFFFFFFFFFFFFFFFFFFFFFFED
:10E64000FFFFFF5F00000000000000F9FFFFFFFF79
:10E65000FFFFFFFFFFFFFFFFFFFFFF0B00000000BA
:10E66000000000F9FFFFFFFFFFFFFFFFFFFFFFFFBD
:10E67000FFFFEF0200000000000000F9FFFFFFFFB6
:10E68000FFFFFFFFFFFFFFFFFFFF4F000000000045
:10E69000000000F9FFFFFFFFFFFFFFFFFFFFFFFF8D
:10E6A000FFFF050000000000000000F9FFFFFFFF72
:10E6B000FFFFFFFFFFFFFFFFFF4E00000000000015
:10E6C000000000F9FFFFFFFFFFFFFFFFFFFFFFFF5D
:10E6D000BF02000000000000000000F9FFFFFFFF84
:10E6E000FFFFFFFFFFFFFFDF06000000000000004C
:10E6F000000000FAFFFFFFFFFFFFFFFFFFFFCF1645
:10E700000000000000000000000000B5FDFFFFFF5A
:10E71000FFFFFFFFEF8B0300000000000000000080
:10E7200000000000215487A9BBBB9A5713000000CA
:10E7300000000000000000000000000000000000D9
:10E7400000000000000000000000000000000000C9
:10E7500000000000000000000000000000000000B9
:10E7600000000000000000000000000000000000A9
:10E770000000000000000000000000000000000099
:10E780000000000000000000000000000000000089
:10E790000000000000000000000000000000000079
:10E7A0000000000000000000000000000000000069
:10E7B0000000000000000000000000000000000059
:10E7C0000000000000000000000000000000000049
:10E7D0000000000000000000000000000000000039
:10E7E0000000000000000000000000000000000029
:10E7F0000000000000000000000000000000000019
:10E800000000000000000000000000000000000008
:10E8100000000000000000000000000000000000F8
:10E8200000000000000000000000000000000000E8
:10E8300000000000000000000000000000000000D8
:10E8400000000000000000000000000000000000C8
:10E8500000000000000000000000000000000000B8
:10E8600000000000000000000000000000000000A8
:10E870000000000000000000000000000000000098
:10E880000000000000000000000000000000000088
:10E890000000000000000000000000000000000078
:10E8A0000000000000000000000000000000000068
:10E8B0000000000000000000000000000000000058
:10E8C0000000000000000000000000000000000048
:10E8D0000000000000000000000000000000000038
:10E8E0000000000000000000000000000000000028
:10E8F0000000000000000000000000000000000018
:10E900000000000000000000000000000000000007
:10E9100000000000000000000000000000000000F7
:10E9200000000000000000000000000000000000E7
:10E9300000000000000000000000000000000000D7
:10E9400000000000000000000000000000000000C7
:10E9500000000000000000000000000000000000B7
:10E960000000000000000000000000B2BBBBBBBB09
:10E97000BBBB080000000000000000000000000019
:10E98000000000F8FFFFFFFFFFFF0B00000000008A
:10E990000000000000000000000010FEFFFFFFFF6D
:10E9A000FFFF0A000000000000000000000000005F
:10E9B000000060FFFFFFFFFFFFFF0B0000000000F3
:10E9C00000000000000000000000D0FFFFFFFFFF7C
:10E9D000FFFF0B000000000000000000000000002E
:10E9E0000000F5FFFFFFFFFFFFFF0B00000000002E
:10E9F00000000000000000000000FCFFFFFFFFFF20
:10EA0000FFFF0B00000000000000000000000000FD
:10EA10000040FFFFFFFFFFFFFFFF0B0000000000B3
:10EA2000000000000000000000A0FFFFFFFFFFFF4C
:10EA3000FFFF0B00000000000000000000000000CD
:10EA400000F3FFFFFFFFFFFFFFFF0B0000000000D0
:10EA5000000000000000000000F9FFFFFFFFFFFFC3
:10EA6000FFFF0B000000000000000000000000009D
:10EA700020FEFFFFFFFFFFFFFFFF0B000000000075
:10EA8000000000000000000080FFFFFFFFFFFFFF0D
:10EA9000FFFF0B000000000000000000000000006D
:10EAA000E1FFFFFFFFDEFFFFFFFF0B0000000000A4
:10EAB0000000000000000000F6FFFFFFFFB8FFFFAE
:10EAC000FFFF0B000000000000000000000000003D
:10EAD000FDFFFFFFEFC2FFFFFFFF0B000000000084
:10EAE0000000000000000050FFFFFFFF9FC0FFFF7D
:10EAF000FFFF0B000000000000000000000000C04D
:10EB0000FFFFFFFF2FC0FFFFFFFF0B000000000013
:10EB100000000000000000F4FFFFFFFF0AC0FFFF3D
:10EB2000FFFF0B000000000000000000000000FAE2
:10EB3000FFFFFFFF03C0FFFFFFFF0B00000000000F
:10EB400000000000000030FFFFFFFFBF00C0FFFF1C
:10EB5000FFFF0B000000000000000000000090FF1D
:10EB6000FFFFFF4F00C0FFFFFFFF0B000000000092
:10EB7000000000000000E2FFFFFFFF0C00C0FFFFED
:10EB8000FFFF0B0000000000000000000000F8FF85
:10EB9000FFFFFF0500C0FFFFFFFF0B0000000000AC
:10EBA000000000000010FEFFFFFFDF0000C0FFFFBD
:10EBB000FFFF0B0000000000000000000060FFFFEE
:10EBC000FFFF6F0000C0FFFFFFFF0B000000000011
:10EBD0000000000000D0FFFFFFFF1D0000C0FFFF8E
:10EBE000FFFF0B00000000000000000000F5FFFF29
:10EBF000FFFF070000C0FFFFFFFF0B000000000049
:10EC00000000000000FCFFFFFFEF010000C0FFFF5D
:10EC1000FFFF0B00000000000000000040FFFFFFAE
:10EC2000FF8F000000C0FFFFFFFF0B00000000008F
:10EC300000000000B0FFFFFFFF2E000000C0FFFF3C
:10EC4000FFFF0B000000000000000000F3FFFFFFCB
:10EC5000FF09000000C0FFFFFFFF0B0000000000E5
:10EC600000000000F9FFFFFFFF02000000C0FFFFEF
:10EC7000FFFF0B000000000000000020FEFFFFFF70
:10EC8000AF00000000C0FFFFFFFF0B00000000000E
:10EC900000000080FFFFFFFF3F00000000C0FFFFFB
:10ECA000FFFF0B0000000000000000E1FFFFFFFF7E
:10ECB0000B00000000C0FFFFFFFF0B000000000082
:10ECC000000000F6FFFFFFFF0400000000C0FFFF90
:10ECD000FFFF0B0000000000000000FDFFFFFFCF62
:10ECE0000000000000C0FFFFFFFF0B00000000005D
:10ECF000000050FFFFFFFF5F0000000000C0FFFFAB
:10ED0000FFFF0B00000000000000C0FFFFFFFF0C32
:10ED10000000000000C0FFFFFFFF0B00000000002C
:10ED20000000F4FFFFFFFF060000000000C0FFFF2F
:10ED3000FFFF0B00000000000000FBFFFFFFDF01F2
:10ED40000000000000C0FFFFFFFF0B0000000000FC
:10ED50000030FFFFFFFF7F000000000000C0FFFF4A
:10ED6000FFFF0B00000000000090FFFFFFFF1E00F0
:10ED70000000000000C0FFFFFFFF0B0000000000CC
:10ED800000E2FFFFFFFF07000000000000C0FFFFE0
:10ED9000FFFF0A000000000000F8FFFFFFFF898866
:10EDA0008888888888E8FFFFFFFF8D8888870600AD
:10EDB00000FAFFFFFFFFFFFFFFFFFFFFFFFFFFFF67
:10EDC000FFFFFFFFFFFF0C0000FAFFFFFFFFFFFF49
:10EDD000FFFFFFFFFFFFFFFFFFFFFFFFFFFF0B0036
:10EDE00000FAFFFFFFFFFFFFFFFFFFFFFFFFFFFF37
:10EDF000FFFFFFFFFFFF0B0000FAFFFFFFFFFFFF1A
:10EE0000FFFFFFFFFFFFFFFFFFFFFFFFFFFF0B0005
:10EE100000FAFFFFFFFFFFFFFFFFFFFFFFFFFFFF06
:10EE2000FFFFFFFFFFFF0B0000FAFFFFFFFFFFFFE9
:10EE3000FFFFFFFFFFFFFFFFFFFFFFFFFFFF0B00D5
:10EE400000FAFFFFFFFFFFFFFFFFFFFFFFFFFFFFD6
:10EE5000FFFFFFFFFFFF0B0000FAFFFFFFFFFFFFB9
:10EE6000FFFFFFFFFFFFFFFFFFFFFFFFFFFF0B00A5
:10EE700000FAFFFFFFFFFFFFFFFFFFFFFFFFFFFFA6
:10EE8000FFFFFFFFFFFF0B0000FAFFFFFFFFFFFF89
:10EE9000FFFFFFFFFFFFFFFFFFFFFFFFFFFF0B0075
:10EEA00000FAFFFFFFFFFFFFFFFFFFFFFFFFFFFF76
:10EEB000FFFFFFFFFFFF0C00004344444444444471
:10EEC0004444444444E5FFFFFFFF4C4444440300F2
:10EED00000000000000000000000000000E0FFFF54
:10EEE000FFFF0A000000000000000000000000001A
:10EEF0000000000000E1FFFFFFFF0B00000000002A
:10EF000000000000000000000000000000E1FFFF22
:10EF1000FFFF0B00000000000000000000000000E8
:10EF20000000000000E1FFFFFFFF0B0000000000F9
:10EF300000000000000000000000000000E1FFFFF2
:10EF4000FFFF0B00000000000000000000000000B8
:10EF50000000000000E1FFFFFFFF0B0000000000C9
:10EF600000000000000000000000000000E1FFFFC2
:10EF7000FFFF0B0000000000000000000000000088
:10EF80000000000000E1FFFFFFFF0B000000000099
:10EF900000000000000000000000000000E1FFFF92
:10EFA000FFFF0B0000000000000000000000000058
:10EFB0000000000000E1FFFFFFFF0B000000000069
:10EFC00000000000000000000000000000E1FFFF62
:10EFD000FFFF0B0000000000000000000000000028
:10EFE0000000000000D1FFFFFFFF0A00000000004A
:10EFF00000000000000000000000000000E1FFFF32
:10F00000FFFF0B00000000000000000000000000F7
:10F010000000000000A1BBBBBBBB0800000000005B
:10F0200000000000000000000000000000000000E0
:10F0300000000000000000000000000000000000D0
:10F0400000000000000000000000000000000000C0
:10F0500000000000000000000000000000000000B0
:10F0600000000000000000000000000000000000A0
:10F070000000000000000000000000000000000090
:10F080000000000000000000000000000000000080
:10F090000000000000000000000000000000000070
:10F0A0000000000000000000000000000000000060
:10F0B0000000000000000000000000000000000050
:10F0C0000000000000000000000000000000000040
:10F0D0000000000000000000000000000000000030
:10F0E0000000000000000000000000000000000020
:10F0F0000000000000000000000000000000000010
:10F1000000000000000000000000000000000000FF
:10F1100000000000000000000000000000000000EF
:10F1200000000000000000000000000000000000DF
:10F1300000000000000000000000000000000000CF
:10F1400000000000000000000000000000000000BF
:10F1500000000000000000000000000000000000AF
:10F16000000000000000000000000000000000009F
:10F17000000000000000000000000000000000008F
:10F18000000000000000000000000000000000007F
:10F19000000000000000000000000000000000006F
:10F1A000000000000000000000000000000000005F
:10F1B000000000000000000000000000000000004F
:10F1C000000000000000000000000000000000003F
:10F1D000000000000000000000000000000000002F
:10F1E000000000000000000000000000000000001F
:10F1F000000000000000000000000000000000000F
:10F2000000000000000000000000000000000000FE
:10F2100000000000000000000000000000000000EE
:10F2200000000000000000000000000000000000DE
:10F2300000000000000000000000000000000000CE
:10F2400000000000000000000000000000000000BE
:10F2500000000000000000000000000000000000AE
:10F2600000000000BABBBBBBBBBBBBBBBBBBBBBBDB
:10F27000BBBBBB080000000000000010FEFFFFFF4A
:10F28000FFFFFFFFFFFFFFFFFFFFFF0B000000007E
:10F2900000000010FDFFFFFFFFFFFFFFFFFFFFFF6C
:10F2A000FFFFFF0A0000000000000010FDFFFFFF4D
:10F2B000FFFFFFFFFFFFFFFFFFFFFF0A000000004F
:10F2C00000000010FDFFFFFFFFFFFFFFFFFFFFFF3C
:10F2D000FFFFFF0A0000000000000010FDFFFFFF1D
:10F2E000FFFFFFFFFFFFFFFFFFFFFF0A000000001F
:10F2F00000000010FDFFFFFFFFFFFFFFFFFFFFFF0C
:10F30000FFFFFF0A0000000000000010FDFFFFFFEC
:10F31000FFFFFFFFFFFFFFFFFFFFFF0A00000000EE
:10F3200000000010FDFFFFFFFFFFFFFFFFFFFFFFDB
:10F33000FFFFFF0A0000000000000010FDFFFFFFBC
:10F34000FFFFFFFFFFFFFFFFFFFFFF0A00000000BE
:10F3500000000010FDFFFFFFFFFFFFFFFFFFFFFFAB
:10F36000FFFFFF0A0000000000000010FDFFFFFF8C
:10F37000FFFFFFFFFFFFFFFFFFFFFF0B000000008D
:10F3800000000010FDFFFFFFCFBBBBBBBBBBBBBB87
:10F39000BBBBBB080000000000000010FDFFFFFF2A
:10F3A0004F0000000000000000000000000000000E
:10F3B00000000010FDFFFFFF5F00000000000000E4
:10F3C000000000000000000000000010FDFFFFFF33
:10F3D0005F000000000000000000000000000000CE
:10F3E00000000010FDFFFFFF5F00000000000000B4
:10F3F000000000000000000000000010FDFFFFFF03
:10F400005F0000000000000000000000000000009D
:10F4100000000010FDFFFFFF5F0000000000000083
:10F42000000000000000000000000010FDFFFFFFD2
:10F430005F0000000000000000000000000000006D
:10F4400000000010FDFFFFFF5F0000000000000053
:10F45000000000000000000000000010FDFFFFFFA2
:10F460005F0000000000000000000000000000003D
:10F4700000000010FDFFFFFF5F0000000000000023
:10F48000000000000000000000000010FDFFFFFF72
:10F490005F0000000000000000000000000000000D
:10F4A00000000010FDFFFFFF5F00000000000000F3
:10F4B000000000000000000000000010FDFFFFFF42
:10F4C0005F000000000000000000000000000000DD
:10F4D00000000010FDFFFFFF4F00000000000000D3
:10F4E000000000000000000000000010FDFFFFFF12
:10F4F000CFBBBBAB78240000000000000000000080
:10F5000000000010FDFFFFFFFFFFFFFFFFFF9C0457
:10F51000000000000000000000000010FDFFFFFFE1
:10F52000FFFFFFFFFFFFFFCF05000000000000000E
:10F5300000000010FDFFFFFFFFFFFFFFFFFFFFFFC9
:10F54000BF0200000000000000000010FDFFFFFFF0
:10F55000FFFFFFFFFFFFFFFFFF5E00000000000056
:10F5600000000010FDFFFFFFFFFFFFFFFFFFFFFF99
:10F57000FFFF05000000000000000010FDFFFFFF7E
:10F58000FFFFFFFFFFFFFFFFFFFF3F000000000046
:10F5900000000010FDFFFFFFFFFFFFFFFFFFFFFF69
:10F5A000FFFFDF010000000000000010FDFFFFFF73
:10F5B000FFFFFFFFFFFFFFFFFFFFFF09000000004D
:10F5C00000000010FDFFFFFFFFFFFFFFFFFFFFFF39
:10F5D000FFFFFF2F0000000000000010FEFFFFFFF4
:10F5E000FFFFFFFFFFFFFFFFFFFFFF9F0000000087
:10F5F0000000000043444444444465C9FEFFFFFF4B
:10F60000FFFFFFEF0100000000000000000000000D
:10F610000000000072FDFFFFFFFFFFFF060000007B
:10F620000000000000000000000000000091FFFF4B
:10F63000FFFFFFFF0A0000000000000000000000C4
:10F64000000000000000F8FFFFFFFFFF0D000000BA
:10F650000000000000000000000000000000B0FFFB
:10F66000FFFFFFFF2F00000000000000000000006F
:10F6700000000000000030FFFFFFFFFF4F00000010
:10F68000000000000000000000000000000000FB7F
:10F69000FFFFFFFF6F0000000000000000000000FF
:10F6A00000000000000000F7FFFFFFFF7F000000E8
:10F6B000000000000000000000000000000000F456
:10F6C000FFFFFFFF8F0000000000000000000000AF
:10F6D00000000000000000F2FFFFFFFF9F0000009D
:10F6E000000000000000000000000000000000E139
:10F6F000FFFFFFFF9F00000000000000000000006F
:10F7000000000000000000E1FFFFFFFF9F0000007D
:10F71000000000000000000000000000000000E108
:10F72000FFFFFFFF9F00000000000000000000003E
:10F7300000000000000000F2FFFFFFFF8F0000004C
:10F74000000000000000000000000000000000F4C5
:10F75000FFFFFFFF6F00000000000000000000003E
:10F7600000000000000000F7FFFFFFFF4F00000057
:10F77000000000000000000000000000000000FB8E
:10F78000FFFFFFFF2F00000000000000000000004E
:10F7900000000000000030FFFFFFFFFF0D00000031
:10F7A0000000000000000000000000000000A0FFBA
:10F7B000FFFFFFFF0A000000000000000000000043
:10F7C000000000000000F6FFFFFFFFFF0500000043
:10F7D0000000000000000000000000000060FFFFCB
:10F7E000FFFFFFEF0100000000000020000000000C
:10F7F0000000000010F9FFFFFFFFFF9F0000000066
:10F80000000000D18C35010000000030D8FFFFFF60
:10F81000FFFFFF3F00000000000000D1FFFFCE9B74
:10F820008888B9FDFFFFFFFFFFFFFF0A000000000F
:10F83000000000D1FFFFFFFFFFFFFFFFFFFFFFFF03
:10F84000FFFFEF0200000000000000D1FFFFFFFFFC
:10F85000FFFFFFFFFFFFFFFFFFFF6F000000000043
:10F86000000000D1FFFFFFFFFFFFFFFFFFFFFFFFD3
:10F87000FFFF0A0000000000000000D1FFFFFFFFB3
:10F88000FFFFFFFFFFFFFFFFFFCF010000000000B1
:10F89000000000D1FFFFFFFFFFFFFFFFFFFFFFFFA3
:10F8A000FF1C000000000000000000D1FFFFFFFF70
:10F8B000FFFFFFFFFFFFFFFFAF01000000000000A0
:10F8C000000000D1FFFFFFFFFFFFFFFFFFFFFFFF73
:10F8D0000700000000000000000000D1FFFFFFFF54
:10F8E000FFFFFFFFFFFFFF3B0000000000000000E4
:10F8F000000000E1FFFFFFFFFFFFFFFFFFFF4B00E6
:10F90000000000000000000000000080ECFFFFFF8E
:10F91000FFFFFFFFBE270000000000000000000006
:10F9200000000000104276A8BBBB8A460100000020
:10F9300000000000000000000000000000000000C7
:10F9400000000000000000000000000000000000B7
:10F9500000000000000000000000000000000000A7
:10F960000000000000000000000000000000000097
:10F970000000000000000000000000000000000087
:10F980000000000000000000000000000000000077
:10F990000000000000000000000000000000000067
:10F9A0000000000000000000000000000000000057
:10F9B0000000000000000000000000000000000047
:10F9C0000000000000000000000000000000000037
:10F9D0000000000000000000000000000000000027
:10F9E0000000000000000000000000000000000017
:10F9F0000000000000000000000000000000000007
:10FA000000000000000000000000000000000000F6
:10FA100000000000000000000000000000000000E6
:10FA200000000000000000000000000000000000D6
:10FA300000000000000000000000000000000000C6
:10FA400000000000000000000000000000000000B6
:10FA500000000000000000000000000000000000A6
:10FA60000000000000000000000000000000000096
:10FA70000000000000000000000000000000000086
:10FA80000000000000000000000000000000000076
:10FA90000000000000000000000000000000000066
:10FAA0000000000000000000000000000000000056
:10FAB0000000000000000000000000000000000046
:10FAC0000000000000000000000000000000000036
:10FAD0000000000000000000000000000000000026
:10FAE0000000000000000000000000000000000016
:10FAF0000000000000000000000000000000000006
:10FB000000000000000000000000000000000000F5
:10FB100000000000000000000000000000000000E5
:10FB200000000000000000000000000000000000D5
:10FB300000000000000000000000000000000000C5
:10FB400000000000000000000000000000000000B5
:10FB500000000000000000000000000000000000A5
:10FB6000000000000000000000000000106498BACF
:10FB7000BBBBBB1A0000000000000000000000003A
:10FB800000000083ECFFFFFFFFFFFF1E00000000EE
:10FB900000000000000000000010C6FFFFFFFFFF94
:10FBA000FFFFFF1D0000000000000000000000003B
:10FBB00000D6FFFFFFFFFFFFFFFFFF1D000000005B
:10FBC0000000000000000000B3FFFFFFFFFFFFFF89
:10FBD000FFFFFF1D000000000000000000000050BB
:10FBE000FEFFFFFFFFFFFFFFFFFFFF1D0000000004
:10FBF00000000000000000F7FFFFFFFFFFFFFFFF16
:10FC0000FFFFFF1D0000000000000000000070FF6B
:10FC1000FFFFFFFFFFFFFFFFFFFFFF1D00000000D2
:10FC2000000000000000F6FFFFFFFFFFFFFFFFFFE7
:10FC3000FFFFFF1D00000000000000000030FFFF7C
:10FC4000FFFFFFFFFFFFFFFFFFFFFF1D00000000A2
:10FC50000000000000C0FFFFFFFFFFFFFFFFFFFFEE
:10FC6000FFFFFF1E000000000000000000F7FFFF84
:10FC7000FFFFFFFFFFDF9B888888870700000000E9
:10FC80000000000020FEFFFFFFFFFFFF6B020000EF
:10FC900000000000000000000000000080FFFFFFE7
:10FCA000FFFFFF3B0000000000000000000000001C
:10FCB00000000000E1FFFFFFFFFF7F0000000000E9
:10FCC000000000000000000000000000F7FFFFFF40
:10FCD000FFFF050000000000000000000000000021
:10FCE00000000000FCFFFFFFFF7F0000000000009D
:10FCF000000000000000000000000030FFFFFFFFD8
:10FD0000FF0B0000000000000000000000000000E9
:10FD100000000080FFFFFFFFFF0300000000000065
:10FD20000000000000000000000000C0FFFFFFFF17
:10FD3000AF00000000000000000000000000000014
:10FD4000000000F2FFFFFFFF4F0000000000000076
:10FD50000000000000000000000000F5FFFFFFFFB2
:10FD60001D00000000000000000000000000000076
:10FD7000000000F9FFFFFFFF0A0000000000000084
:10FD80000000000000000000000000FCFFFFFFFF7B
:10FD9000070000000000000000000000000000005C
:10FDA000000010FEFFFFFFFF040000000000000045
:10FDB0000000000000000000000030FFFFFFFFEF28
:10FDC0000200000000000000000000000000000031
:10FDD000000050FFFFFFFFDF0000000000000000F8
:10FDE0000000000000000000000070FFFFFFFFCFD8
:10FDF00000003096BAAB791400000000000000004B
:10FE0000000090FFFFFFFFAF0094FDFFFFFFFFEF3B
:10FE10005A000000000000000000A0FFFFFFFF9F4D
:10FE2000B4FFFFFFFFFFFFFFFF3B000000000000EB
:10FE30000000C0FFFFFFFFEFFFFFFFFFFFFFFFFF1F
:10FE4000FFFF0700000000000000D0FFFFFFFFFFE2
:10FE5000FFFFFFFFFFFFFFFFFFFF9F00000000000D
:10FE60000000E1FFFFFFFFFFFFFFFFFFFFFFFFFFBE
:10FE7000FFFFFF08000000000000E1FFFFFFFFFFA1
:10FE8000FFFFFFFFFFFFFFFFFFFFFF5F000000001E
:10FE90000000F2FFFFFFFFFFFFFFFFFFFFFFFFFF7D
:10FEA000FFFFFFEF010000000000F3FFFFFFFFFF77
:10FEB000FFFFFFFFFFFFFFFFFFFFFFFF0800000046
:10FEC0000000F3FFFFFFFFFFFFFFFFFFFFFFFFFF4C
:10FED000FFFFFFFF2E0000000000F3FFFFFFFFFF0A
:10FEE000FFFFFFFFFFFFFFFFFFFFFFFF7F0000009F
:10FEF0000000F4FFFFFFFFFFFFFFAE5754B7FFFF07
:10FF0000FFFFFFFFCF0000000000F4FFFFFFFFFF37
:10FF1000FF6C01000000C3FFFFFFFFFFFF030000B5
:10FF20000000F4FFFFFFFFFF5D000000000000FB8A
:10FF3000FFFFFFFFFF0600000000F4FFFFFFFFAF21
:10FF400001000000000000D1FFFFFFFFFF0A0000DA
:10FF50000000F4FFFFFFFF4F000000000000005012
:10FF6000FFFFFFFFFF0C00000000F4FFFFFFFF5F3B
:10FF70000000000000000000FDFFFFFFFF1E00006A
:10FF80000000F3FFFFFFFF5F000000000000000023
:10FF9000F9FFFFFFFF2F00000000F3FFFFFFFF5FEF
:10FFA0000000000000000000F5FFFFFFFF4F000011
:10FFB0000000F3FFFFFFFF6F0000000000000000E3
:10FFC000F3FFFFFFFF4F00000000E2FFFFFFFF7F96
:10FFD0000000000000000000E2FFFFFFFF5F0000E4
:10FFE0000000E1FFFFFFFF8F0000000000000000A5
:10FFF000E1FFFFFFFF6F00000000D0FFFFFFFFAF3A
:020000040804EE
:100000000000000000000000E1FFFFFFFF6F0000A4
:100010000000B0FFFFFFFFBF000000000000000075
:10002000E1FFFFFFFF5F00000000A0FFFFFFFFDF19
:100030000100000000000000E1FFFFFFFF4F000093
:10004000000080FFFFFFFFFF020000000000000033
:10005000F3FFFFFFFF3F0000000050FFFFFFFFFF27
:100060000500000000000000F5FFFFFFFF2F00006B
:10007000000030FFFFFFFFFF09000000000000004C
:10008000F8FFFFFFFF1E0000000010FEFFFFFFFF54
:100090000D00000000000000FCFFFFFFFF0C00004F
:1000A000000000FBFFFFFFFF4F00000000000040CA
:1000B000FFFFFFFFFF090000000000F8FFFFFFFF48
:1000C000BF000000000000B0FFFFFFFFFF050000C1
:1000D000000000F4FFFFFFFFFF050000000000F636
:1000E000FFFFFFFFEF020000000000D1FFFFFFFF56
:1000F000FF3E0000000040FFFFFFFFFFBF000000C9
:1001000000000080FFFFFFFFFFEF05000000F7FF8A
:10011000FFFFFFFF5F00000000000030FFFFFFFF58
:10012000FFFFCF5754D8FFFFFFFFFFFF1D00000068
:1001300000000000FBFFFFFFFFFFFFFFFFFFFFFFCF
:10014000FFFFFFFF0600000000000000F4FFFFFFBC
:10015000FFFFFFFFFFFFFFFFFFFFFFDF01000000CA
:1001600000000000B0FFFFFFFFFFFFFFFFFFFFFFEA
:10017000FFFFFF4F000000000000000020FEFFFF17
:10018000FFFFFFFFFFFFFFFFFFFFFF090000000071
:100190000000000000F6FFFFFFFFFFFFFFFFFFFF73
:1001A000FFFFCF0100000000000000000090FFFFF3
:1001B000FFFFFFFFFFFFFFFFFFFF1D00000000002C
:1001C000000000000000FAFFFFFFFFFFFFFFFFFF3E
:1001D000FFCF02000000000000000000000080FFD0
:1001E000FFFFFFFFFFFFFFFFFF19000000000000FF
:1001F00000000000000000D5FFFFFFFFFFFFFFFF32
:100200005D00000000000000000000000000001081
:10021000D7FFFFFFFFFFFF6C0100000000000000A0
:1002200000000000000000000084CBEDDEAC3700D1
:1002300000000000000000000000000000000000BE
:10024000000000111100000000000000000000008C
:10025000000000000000000000000000000000009E
:10026000000000000000000000000000000000008E
:10027000000000000000000000000000000000007E
:10028000000000000000000000000000000000006E
:10029000000000000000000000000000000000005E
:1002A000000000000000000000000000000000004E
:1002B000000000000000000000000000000000003E
:1002C000000000000000000000000000000000002E
:1002D000000000000000000000000000000000001E
:1002E000000000000000000000000000000000000E
:1002F00000000000000000000000000000000000FE
:1003000000000000000000000000000000000000ED
:1003100000000000000000000000000000000000DD
:1003200000000000000000000000000000000000CD
:1003300000000000000000000000000000000000BD
:1003400000000000000000000000000000000000AD
:10035000000000000000000000000000000000009D
:10036000000000000000000000000000000000008D
:10037000000000000000000000000000000000007D
:10038000000000000000000000000000000000006D
:10039000000000000000000000000000000000005D
:1003A000000000000000000000000000000000004D
:1003B000000000000000000000000000000000003D
:1003C000000000000000000000000000000000002D
:1003D000000000000000000000000000000000001D
:1003E000000000000000000000000000000000000D
:1003F00000000000000000000000000000000000FD
:1004000000000000000000000000000000000000EC
:1004100000000000000000000000000000000000DC
:1004200000000000000000000000000000000000CC
:1004300000000000000000000000000000000000BC
:1004400000000000000000000000000000000000AC
:10045000000000000000000000000000000000009C
:100460000000A1BBBBBBBBBBBBBBBBBBBBBBBBBB6C
:10047000BBBBBBBBAB0100000000E1FFFFFFFFFF08
:10048000FFFFFFFFFFFFFFFFFFFFFFFFEF01000088
:100490000000D1FFFFFFFFFFFFFFFFFFFFFFFFFF98
:1004A000FFFFFFFFDF0100000000D1FFFFFFFFFFA4
:1004B000FFFFFFFFFFFFFFFFFFFFFFFFDF01000068
:1004C0000000D1FFFFFFFFFFFFFFFFFFFFFFFFFF68
:1004D000FFFFFFFFDF0100000000D1FFFFFFFFFF74
:1004E000FFFFFFFFFFFFFFFFFFFFFFFFDF01000038
:1004F0000000D1FFFFFFFFFFFFFFFFFFFFFFFFFF38
:10050000FFFFFFFFDF0100000000D1FFFFFFFFFF43
:10051000FFFFFFFFFFFFFFFFFFFFFFFFDF01000007
:100520000000D1FFFFFFFFFFFFFFFFFFFFFFFFFF07
:10053000FFFFFFFFDF0100000000D1FFFFFFFFFF13
:10054000FFFFFFFFFFFFFFFFFFFFFFFFDF010000D7
:100550000000D1FFFFFFFFFFFFFFFFFFFFFFFFFFD7
:10056000FFFFFFFFDF0100000000D1FFFFFFFFFFE3
:10057000FFFFFFFFFFFFFFFFFFFFFFFFEF01000097
:100580000000E1FFFFFFFFFFFFFFFFFFFFFFFFFF97
:10059000FFFFFFFFBF00000000003044444444441C
:1005A00044444444444444FAFFFFFFFF6F0000000A
:1005B000000000000000000000000000000000FD3E
:1005C000FFFFFFFF2E000000000000000000000001
:1005D00000000000000050FFFFFFFFFF0A000000C6
:1005E0000000000000000000000000000000A0FF6C
:1005F000FFFFFFFF050000000000000000000000FA
:10060000000000000000E1FFFFFFFFEF010000001D
:100610000000000000000000000000000000F6FFE5
:10062000FFFFFF9F0000000000000000000000002E
:10063000000000000000FBFFFFFFFF4F0000000074
:100640000000000000000000000000000020FEFF8D
:10065000FFFFFF1D00000000000000000000000080
:10066000000000000070FFFFFFFFFF080000000017
:1006700000000000000000000000000000C0FFFFBC
:10068000FFFFFF030000000000000000000000006A
:100690000000000000F3FFFFFFFFCF00000000009C
:1006A00000000000000000000000000000F8FFFF54
:1006B000FFFF7F00000000000000000000000000BD
:1006C0000000000000FDFFFFFFFF2F000000000002
:1006D00000000000000000000000000040FFFFFFDD
:1006E000FFFF0B0000000000000000000000000001
:1006F0000000000090FFFFFFFFFF06000000000069
:10070000000000000000000000000000E1FFFFFF0B
:10071000FFEF0200000000000000000000000000E9
:1007200000000000F5FFFFFFFFAF00000000000029
:10073000000000000000000000000000FAFFFFFFC2
:10074000FF5F00000000000000000000000000004B
:1007500000000020FEFFFFFFFF1E00000000000061
:10076000000000000000000000000060FFFFFFFF2D
:10077000FF09000000000000000000000000000071
:10078000000000C0FFFFFFFFFF04000000000000AA
:100790000000000000000000000000F3FFFFFFFF6A
:1007A000DF01000000000000000000000000000069
:1007B000000000F8FFFFFFFF8F00000000000000B6
:1007C0000000000000000000000000FDFFFFFFFF30
:1007D0003F000000000000000000000000000000DA
:1007E000000040FFFFFFFFFF0C00000000000000C2
:1007F0000000000000000000000090FFFFFFFFFF6E
:1008000007000000000000000000000000000000E1
:100810000000D1FFFFFFFFFF02000000000000000A
:1008200000000000000000000000F5FFFFFFFFBF18
:1008300000000000000000000000000000000000B8
:100840000000FAFFFFFFFF6F000000000000000043
:1008500000000000000000000010FEFFFFFFFF2E60
:100860000000000000000000000000000000000088
:100870000060FFFFFFFFFF0A000000000000000013
:10088000000000000000000000B0FFFFFFFFFF05B8
:100890000000000000000000000000000000000058
:1008A00000F2FFFFFFFFEF0100000000000000006A
:1008B000000000000000000000F7FFFFFFFF9F00A6
:1008C0000000000000000000000000000000000028
:1008D00000FCFFFFFFFF4F000000000000000000D1
:1008E000000000000000000030FFFFFFFFFF1D00C0
:1008F00000000000000000000000000000000000F8
:1009000080FFFFFFFFFF0800000000000000000064
:100910000000000000000000D1FFFFFFFFFF030008
:1009200000000000000000000000000000000000C7
:10093000F4FFFFFFFFCF00000000000000000000F8
:100940000000000000000000FAFFFFFFFF7F000032
:100950000000000000000000000000000000001087
:10096000FEFFFFFFFF2F000000000000000000005E
:100970000000000000000060FFFFFFFFFF0B000011
:10098000000000000000000000000000000000B0B7
:10099000FFFFFFFFFF060000000000000000000056
:1009A00000000000000000F2FFFFFFFFEF02000068
:1009B000000000000000000000000000000000F740
:1009C000FFFFFFFFAF00000000000000000000007C
:1009D00000000000000000FCFFFFFFFF5F000000C0
:1009E000000000000000000000000000000030FFD8
:1009F000FFFFFFFF1E0000000000000000000000DD
:100A000000000000000080FFFFFFFFFF0900000062
:100A10000000000000000000000000000000D0FF07
:100A2000FFFFFFFF040000000000000000000000C6
:100A3000000000000000F4FFFFFFFFDF01000000E6
:100A40000000000000000000000000000000F9FFAE
:100A5000FFFFFF8F0000000000000000000000000A
:100A6000000000000010FEFFFFFFFF3F000000003D
:100A70000000000000000000000000000050FFFF28
:100A8000FFFFFF0C0000000000000000000000005D
:100A90000000000000A0FFFFFFFFFF0700000000B4
:100AA00000000000000000000000000000E2FFFF66
:100AB000FFFFFF0200000000000000000000000037
:100AC0000000000000F6FFFFFFFFBF000000000075
:100AD00000000000000000000000000000FBFFFF1D
:100AE000FFFF6F0000000000000000000000000099
:100AF0000000000030FFFFFFFFFF2F00000000009C
:100B000000000000000000000000000050BBBBBB64
:100B1000BBBB080000000000000000000000000057
:100B200000000000000000000000000000000000C5
:100B300000000000000000000000000000000000B5
:100B400000000000000000000000000000000000A5
:100B50000000000000000000000000000000000095
:100B60000000000000000000000000000000000085
:100B70000000000000000000000000000000000075
:100B80000000000000000000000000000000000065
:100B90000000000000000000000000000000000055
:100BA0000000000000000000000000000000000045
:100BB0000000000000000000000000000000000035
:100BC0000000000000000000000000000000000025
:100BD0000000000000000000000000000000000015
:100BE0000000000000000000000000000000000005
:100BF00000000000000000000000000000000000F5
:100C000000000000000000000000000000000000E4
:100C100000000000000000000000000000000000D4
:100C200000000000000000000000000000000000C4
:100C300000000000000000000000000000000000B4
:100C400000000000000000000000000000000000A4
:100C50000000000000000000000000000000000094
:100C60000000000000000000000000000000000084
:100C70000000000000000000000000000000000074
:100C80000000000000000000000000000000000064
:100C90000000000000000000000000000000000054
:100CA0000000000000000000000000000000000044
:100CB0000000000000000000000000000000000034
:100CC0000000000000000000000000000000000024
:100CD0000000000000000000000000000000000014
:100CE0000000000000000000000000000000000004
:100CF00000000000000000000000000000000000F4
:100D000000000000000000000000000000000000E3
:100D100000000000000000000000000000000000D3
:100D200000000000000000000000000000000000C3
:100D30000000000000000000000000111100000091
:100D400000000000000000000000000000000000A3
:100D50002096DBEEDEBC590200000000000000001F
:100D60000000000000000040EBFFFFFFFFFFFFBEA0
:100D7000050000000000000000000000000030FB43
:100D8000FFFFFFFFFFFFFFFFCF0400000000000098
:100D9000000000000000F7FFFFFFFFFFFFFFFFFF65
:100DA000FF8F000000000000000000000080FFFF37
:100DB000FFFFFFFFFFFFFFFFFFFF09000000000034
:100DC0000000000000F8FFFFFFFFFFFFFFFFFFFF35
:100DD000FFFF9F00000000000000000050FFFFFF29
:100DE000FFFFFFFFFFFFFFFFFFFFFF060000000008
:100DF00000000000E1FFFFFFFFFFFFFFFFFFFFFF1D
:100E0000FFFFFF1E0000000000000000F9FFFFFFD1
:100E1000FFFFFFFFFFFFFFFFFFFFFF8F000000004E
:100E200000000020FFFFFFFFFFFFFFFFFFFFFFFFAE
:100E3000FFFFFFEF0100000000000080FFFFFFFF49
:100E4000FFEF7A4564D9FFFFFFFFFFFF05000000B9
:100E5000000000D0FFFFFFFFFF2900000000E5FFBA
:100E6000FFFFFFFF0A000000000000F3FFFFFFFF8D
:100E70007F000000000020FEFFFFFFFF0D000000CC
:100E8000000000F7FFFFFFFF0A000000000000F570
:100E9000FFFFFFFF2E000000000000FAFFFFFFFF32
:100EA00003000000000000C0FFFFFFFF3F00000044
:100EB000000000FCFFFFFFDF0000000000000080DA
:100EC000FFFFFFFF4F000000000000FDFFFFFFBF1E
:100ED0000000000000000060FFFFFFFF4F00000067
:100EE000000010FEFFFFFFAF0000000000000050F8
:100EF000FFFFFFFF4F000000000010FEFFFFFFAFED
:100F00000000000000000060FFFFFFFF3F00000046
:100F1000000010FEFFFFFFBF000000000000007097
:100F2000FFFFFFFF2F000000000010FDFFFFFFEF9D
:100F300001000000000000A0FFFFFFFF1E000000F6
:100F4000000000FDFFFFFFFF04000000000000D1D3
:100F5000FFFFFFFF0C000000000000FBFFFFFFFF92
:100F60000B000000000000F4FFFFFFFF090000007D
:100F7000000000F9FFFFFFFF5F000000000000FB22
:100F8000FFFFFFFF05000000000000F6FFFFFFFF6E
:100F9000EF030000000050FFFFFFFFEF0100000023
:100FA000000000F2FFFFFFFFFF2D00000000D1FF57
:100FB000FFFFFF9F00000000000000B0FFFFFFFFE9
:100FC000FFDF04000000FBFFFFFFFF3F0000000009
:100FD00000000060FFFFFFFFFFFF6F0000A0FFFFAA
:100FE000FFFFFF0B0000000000000010FDFFFFFFEF
:100FF000FFFFFF2A10FBFFFFFFFFFF0300000000C1
:1010000000000000F6FFFFFFFFFFFFEFD7FFFFFF2D
:10101000FFFF8F000000000000000000C0FFFFFF86
:10102000FFFFFFFFFFFFFFFFFFFF0B0000000000BF
:101030000000000020FEFFFFFFFFFFFFFFFFFFFF9C
:10104000FFDF0100000000000000000000F5FFFFCE
:10105000FFFFFFFFFFFFFFFFFF2D0000000000006C
:10106000000000000070FFFFFFFFFFFFFFFFFFFF1A
:10107000DF02000000000000000000000000F7FF99
:10108000FFFFFFFFFFFFFFFF1C000000000000004C
:1010900000000000000060FEFFFFFFFFFFFFFFFFFA
:1010A0005D0000000000000000000000000000F7EC
:1010B000FFFFFFFFFFFFFFFFFF0700000000000032
:1010C00000000000000060FEFFFFFFFFFFFFFFFFCA
:1010D000FF8F000000000000000000000000F7FF8C
:1010E000FFFFFFFFFFFFFFFFFFFF09000000000001
:1010F000000000000080FFFFFFFFFFFFFFFFFFFF7A
:10110000FFFF7F00000000000000000000F7FFFF6D
:10111000FFFFFFFFFFFFFFFFFFFFFF0400000000D6
:101120000000000050FFFFFFFFFFFFFEFFFFFFFF7B
:10113000FFFFFF1D0000000000000000E2FFFFFFB6
:10114000FFFF9F71FFFFFFFFFFFFFF8F0000000009
:1011500000000000FBFFFFFFFFFF0700C3FFFFFFD2
:10116000FFFFFFEF0200000000000050FFFFFFFF45
:10117000FF6F000010F9FFFFFFFFFFFF08000000F6
:10118000000000C0FFFFFFFFFF0600000070FFFF30
:10119000FFFFFFFF1D000000000000F5FFFFFFFF45
:1011A0009F0000000000F6FFFFFFFFFF4F00000060
:1011B000000000FAFFFFFFFF1D000000000070FFAD
:1011C000FFFFFFFF8F000000000010FEFFFFFFFF8A
:1011D00006000000000000FAFFFFFFFFCF00000044
:1011E000000050FFFFFFFFDF01000000000000E2F1
:1011F000FFFFFFFFEF010000000090FFFFFFFF8FE8
:101200000000000000000080FFFFFFFFFF03000060
:101210000000B0FFFFFFFF4F0000000000000030A3
:10122000FFFFFFFFFF0400000000D0FFFFFFFF2EC5
:101230000000000000000000FDFFFFFFFF050000B0
:101240000000E1FFFFFFFF1D0000000000000000A4
:10125000FBFFFFFFFF0500000000F2FFFFFFFF0D97
:101260000000000000000000FAFFFFFFFF05000083
:101270000000F2FFFFFFFF0D000000000000000073
:10128000FAFFFFFFFF0500000000F2FFFFFFFF1E57
:101290000000000000000000FBFFFFFFFF04000053
:1012A0000000E2FFFFFFFF3F000000000000001011
:1012B000FDFFFFFFFF0300000000E1FFFFFFFF7FD6
:1012C0000000000000000040FFFFFFFFEF010000F2
:1012D0000000C0FFFFFFFFDF00000000000000A0D3
:1012E000FFFFFFFFCF0000000000A0FFFFFFFFFF98
:1012F00009000000000000F5FFFFFFFF9F00000055
:10130000000070FFFFFFFFFF8F000000000050FF94
:10131000FFFFFFFF5F000000000030FFFFFFFFFF47
:10132000FF4C01000030FAFFFFFFFFFF1E0000002E
:10133000000000FDFFFFFFFFFFFFAD88A8FCFFFFDF
:10134000FFFFFFFF08000000000000F7FFFFFFFFA6
:10135000FFFFFFFFFFFFFFFFFFFFFFEF02000000A7
:10136000000000E1FFFFFFFFFFFFFFFFFFFFFFFFA8
:10137000FFFFFF8F0000000000000060FFFFFFFF85
:10138000FFFFFFFFFFFFFFFFFFFFFF1D000000004B
:1013900000000000FBFFFFFFFFFFFFFFFFFFFFFF5D
:1013A000FFFFFF030000000000000000C1FFFFFF7F
:1013B000FFFFFFFFFFFFFFFFFFFF5F0000000000D8
:1013C0000000000020FCFFFFFFFFFFFFFFFFFFFF0B
:1013D000FFEF0500000000000000000000A1FFFF7B
:1013E000FFFFFFFFFFFFFFFFFF3C000000000000CA
:1013F000000000000000C5FFFFFFFFFFFFFFFFFF31
:101400007E0100000000000000000000000000B5A8
:10141000FFFFFFFFFFFFFF7C010000000000000056
:10142000000000000000000052B9DCEEDE9C360037
:1014300000000000000000000000000000000000AC
:10144000000010110100000000000000000000007A
:10145000000000000000000000000000000000008C
:10146000000000000000000000000000000000007C
:10147000000000000000000000000000000000006C
:10148000000000000000000000000000000000005C
:10149000000000000000000000000000000000004C
:1014A000000000000000000000000000000000003C
:1014B000000000000000000000000000000000002C
:1014C000000000000000000000000000000000001C
:1014D000000000000000000000000000000000000C
:1014E00000000000000000000000000000000000FC
:1014F00000000000000000000000000000000000EC
:1015000000000000000000000000000000000000DB
:1015100000000000000000000000000000000000CB
:1015200000000000000000000000000000000000BB
:1015300000000000000000000000000000000000AB
:10154000000000000000000000000000000000009B
:10155000000000000000000000000000000000008B
:10156000000000000000000000000000000000007B
:10157000000000000000000000000000000000006B
:10158000000000000000000000000000000000005B
:10159000000000000000000000000000000000004B
:1015A000000000000000000000000000000000003B
:1015B000000000000000000000000000000000002B
:1015C000000000000000000000000000000000001B
:1015D000000000000000000000000000000000000B
:1015E00000000000000000000000000000000000FB
:1015F00000000000000000000000000000000000EB
:1016000000000000000000000000000000000000DA
:1016100000000000000000000000000000000000CA
:1016200000000000000000000000000000000000BA
:101630000000000000000000000010110100000088
:10164000000000000000000000000000000000009A
:1016500030A7DCEECD7A040000000000000000009E
:101660000000000000000060FCFFFFFFFFFFDF172D
:10167000000000000000000000000000000050FC1E
:10168000FFFFFFFFFFFFFFEF06000000000000006C
:10169000000000000000F9FFFFFFFFFFFFFFFFFF5A
:1016A000AF000000000000000000000000B1FFFFDC
:1016B000FFFFFFFFFFFFFFFFFF0B00000000000028
:1016C0000000000010FCFFFFFFFFFFFFFFFFFFFF18
:1016D000FFAF00000000000000000000B0FFFFFFAF
:1016E000FFFFFFFFFFFFFFFFFFFF070000000000FD
:1016F00000000000F9FFFFFFFFFFFFFFFFFFFFFFFC
:10170000FFFF3F000000000000000040FFFFFFFF60
:10171000FFFFFFFFFFFFFFFFFFFFBF000000000014
:10172000000000D1FFFFFFFFFFFFFFFFFFFFFFFFF4
:10173000FFFFFF0400000000000000F6FFFFFFFFB6
:10174000FFFFFFFFFFFFFFFFFFFFFF0B0000000099
:10175000000000FDFFFFFFFFFFDF5854C7FFFFFF42
:10176000FFFFFF2F00000000000050FFFFFFFFFF02
:10177000FF17000000E5FFFFFFFFFF8F00000000E4
:101780000000A0FFFFFFFFFF5F0000000030FEFF32
:10179000FFFFFFCF000000000000E1FFFFFFFFFFA1
:1017A000060000000000F5FFFFFFFFFF0300000040
:1017B0000000F5FFFFFFFFBF000000000000B0FFCA
:1017C000FFFFFFFF070000000000F8FFFFFFFF4FD3
:1017D00000000000000040FFFFFFFFFF0A000000C4
:1017E0000000FBFFFFFFFF0D00000000000000FDF8
:1017F000FFFFFFFF0D0000000010FDFFFFFFFF09CE
:1018000000000000000000F9FFFFFFFF2F000000B4
:101810000020FEFFFFFFFF0500000000000000F5B4
:10182000FFFFFFFF5F0000000030FFFFFFFFFF032F
:1018300000000000000000F2FFFFFFFF7F0000003B
:101840000040FFFFFFFFFF0200000000000000D18A
:10185000FFFFFFFF9F0000000050FFFFFFFFEF01B1
:1018600000000000000000C0FFFFFFFFBF000000FD
:101870000050FFFFFFFFEF0100000000000000A08C
:10188000FFFFFFFFCF0000000050FFFFFFFFEF0151
:101890000000000000000090FFFFFFFFDF010000DC
:1018A0000050FFFFFFFFFF0200000000000000707B
:1018B000FFFFFFFFEF0100000040FFFFFFFFFF03FE
:1018C0000000000000000060FFFFFFFFFF020000BB
:1018D0000030FFFFFFFFFF06000000000000006077
:1018E000FFFFFFFFFF0300000020FFFFFFFFFF09D6
:1018F0000000000000000050FFFFFFFFFF0300009A
:101900000010FEFFFFFFFF0D000000000000005070
:10191000FFFFFFFFFF0300000000FCFFFFFFFF5F72
:101920000000000000000040FFFFFFFFFF04000078
:101930000000FAFFFFFFFFDF010000000000009140
:10194000FFFFFFFFFF0400000000F7FFFFFFFFFFA6
:101950001B000000000050FCFFFFFFFFFF04000021
:101960000000F3FFFFFFFFFFCF0400000051FBFF6B
:10197000FFFFFFFFFF0400000000D0FFFFFFFFFF9D
:10198000FFBF5754A7FEFFFFFFFFFFFFFF0400004C
:10199000000080FFFFFFFFFFFFFFFFFFFFFFFFFFD4
:1019A000FFFFFFFFFF040000000020FFFFFFFFFF1D
:1019B000FFFFFFFFFFFFFFFFFFFFFFFFFF03000031
:1019C000000000FAFFFFFFFFFFFFFFFFFFFFFFFF29
:1019D000FFFFFFFFFF030000000000F2FFFFFFFF1B
:1019E000FFFFFFFFFFFFFFFFFFFFFFFFFF03000001
:1019F00000000070FFFFFFFFFFFFFFFFFFFFFFFF83
:101A0000FFFFFFFFFF02000000000000FAFFFFFFE2
:101A1000FFFFFFFFFFFFFFFFFFFFFFFFEF010000E2
:101A200000000000B0FFFFFFFFFFFFFFFFFFFFFF11
:101A3000FFFFFFFFDF0100000000000000F9FFFFD3
:101A4000FFFFFFFFFFFFFFEFFFFFFFFFCF000000E3
:101A5000000000000050FDFFFFFFFFFFFFFFBF94ED
:101A6000FFFFFFFFBF00000000000000000051EB7F
:101A7000FFFFFFFFFF9D04A0FFFFFFFF9F0000008F
:101A8000000000000000002075A9BB8A360000B0ED
:101A9000FFFFFFFF8F0000000000000000000000BB
:101AA00000000000000000D0FFFFFFFF6F000000FB
:101AB000000000000000000000000000000000E145
:101AC000FFFFFFFF3F0000000000000000000000DB
:101AD00000000000000000F3FFFFFFFF1E000000F9
:101AE000000000000000000000000000000000F600
:101AF000FFFFFFFF0C0000000000000000000000DE
:101B000000000000000000FAFFFFFFFF09000000D6
:101B1000000000000000000000000000000000FDC8
:101B2000FFFFFFFF060000000000000000000000B3
:101B300000000000000040FFFFFFFFFF0200000068
:101B40000000000000000000000000000000A0FFF6
:101B5000FFFFFFCF000000000000000000000000B9
:101B6000000000000000F3FFFFFFFF8F00000000F7
:101B70000000000000000000000000000000FBFF6B
:101B8000FFFFFF4F00000000000000000000000009
:101B9000000000000080FFFFFFFFFF0D00000000BD
:101BA00000000000000000000000000000F7FFFF40
:101BB000FFFFFF0700000000000000000000000021
:101BC00000000000A2FFFFFFFFFFEF020000000087
:101BD000000000000000000000000072FEFFFFFF98
:101BE000FFFF9F0000000000000000000000000058
:101BF0000031A6FEFFFFFFFFFFFF2E0000000000E8
:101C0000000000B2BBBBBBBBDCFEFFFFFFFFFFFF62
:101C1000FFFF080000000000000000F3FFFFFFFFCF
:101C2000FFFFFFFFFFFFFFFFFFDF010000000000DD
:101C3000000000F3FFFFFFFFFFFFFFFFFFFFFFFFBD
:101C4000FF3F000000000000000000F3FFFFFFFF67
:101C5000FFFFFFFFFFFFFFFFFF0600000000000087
:101C6000000000F3FFFFFFFFFFFFFFFFFFFFFFFF8D
:101C70008F00000000000000000000F3FFFFFFFFE6
:101C8000FFFFFFFFFFFFFFFF080000000000000054
:101C9000000000F3FFFFFFFFFFFFFFFFFFFFFF6FED
:101CA0000000000000000000000000F3FFFFFFFF45
:101CB000FFFFFFFFFFFFCF03000000000000000058
:101CC000000000F3FFFFFFFFFFFFFFFFFFEF070034
:101CD0000000000000000000000000F3FFFFFFFF15
:101CE000FFFFFFFFCF170000000000000000000012
:101CF000000000F3FFFFFFFFFFFFEF8B030000007A
:101D00000000000000000000000000B2BBBBBBAB45
:101D100089571300000000000000000000000000D0
:101D200000000000000000000000000000000000B3
:101D300000000000000000000000000000000000A3
:101D40000000000000000000000000000000000093
:101D50000000000000000000000000000000000083
:101D60000000000000000000000000000000000073
:101D70000000000000000000000000000000000063
:101D80000000000000000000000000000000000053
:101D90000000000000000000000000000000000043
:101DA0000000000000000000000000000000000033
:101DB0000000000000000000000000000000000023
:101DC0000000000000000000000000000000000013
:101DD0000000000000000000000000000000000003
:101DE00000000000000000000000000000000000F3
:101DF00000000000000000000000000000000000E3
:101E000000000000000000000000000000000000D2
:101E100000000000000000000000000000000000C2
:101E200000000000000000000000000000000000B2
:101E300000000000000000000000000000000000A2
:101E40000000000000000000000000000000000092
:101E50000000000000000000000000000000000082
:101E60000000000000000000000000000000000072
:101E70000000000000000000000000000000000062
:101E80000000000000000000000000000000000052
:101E90000000000000000000000000000000000042
:101EA0000000000000000000000000000000000032
:101EB0000000000000000000000000000000000022
:101EC0000000000000000000000000000000000012
:101ED0000000000000000000000000000000000002
:101EE00000000000000000000000000000000000F2
:101EF00000000000000000000000000000000000E2
:101F000000000000000000000000000000000000D1
:101F100000000000000000000000000000000000C1
:101F200000000000000000000000000000000000B1
:101F300000000000000000000000000000000000A1
:101F40000000000000000000000000000000000091
:101F50000000000000000000000000000000000081
:101F60000000000000000000000000000000000071
:101F70000000000000000000000000000000000061
:101F80000000000000000000000000000000000051
:101F90000000000000000000000000000000000041
:101FA0000000000000000000000000000000000031
:101FB0000000000000000000000000000000000021
:101FC0000000000000000000000000000000000011
:101FD0000000000000000000000000000000000001
:101FE00000000000000000000000000000000000F1
:101FF00000000000000000000000000000000000E1
:1020000000000000000000000000000000000000D0
:1020100000000000000000000000000000000000C0
:1020200000000000000000000000000000000000B0
:1020300000000000000000000000000000000000A0
:102040000000000000000000000000000000000090
:102050000000000000000000000000000000000080
:102060000000000000000000000000000000000070
:102070000000000000000000000000000000000060
:102080000000000000000000000000000000000050
:102090000000000000000000000000000000000040
:1020A0000000000000000000000000000000000030
:1020B0000000000000000000000000000000000020
:1020C0000000000000000000000000000000000010
:1020D0000000000000000000000000000000000000
:1020E00000000000000000000000000000000000F0
:1020F00000000000000000000000000000000000E0
:1021000000000000000000000000000000000000CF
:1021100000000000000000000000000000000000BF
:1021200000000000000000000000000000000000AF
:10213000000000000000000000000000000000009F
:10214000000000000000000000000000000000008F
:10215000000000000000000000000000000000007F
:10216000000000000000000000000000000000006F
:10217000000000000000000000000000000000005F
:10218000000000000000000000000000000000004F
:10219000000000000000000000000000000000003F
:1021A000000000000000000000000000000000002F
:1021B000000000000000000000000000000000001F
:1021C000000000000000000000000000000000000F
:1021D00000000000000000000000000000000000FF
:1021E00000000000000000000000000000000000EF
:1021F00000000000000000000000000000000000DF
:1022000000000000000000000000000000000000CE
:1022100000000000000000000000000000000000BE
:1022200000000000000000000000000000000000AE
:10223000000000000000000000000000000000009E
:10224000000000000000000000000000000000008E
:10225000000000000000000000000000000000007E
:10226000000000000000000000000000000000006E
:10227000000000000000000000000000000000005E
:10228000000000000000000000000000000000004E
:10229000000000000000000000000000000000003E
:1022A000000000000000000000000000000000002E
:1022B000000000000000000000000000000000001E
:1022C0000000000000A1BBBBBBBBBBBBBBBBBBBB1F
:1022D000BBBB0300000000000000000000F1FFFF96
:1022E000FFFFFFFFFFFFFFFFFFFF040000000000F4
:1022F0000000000000E1FFFFFFFFFFFFFFFFFFFF07
:10230000FFFF0400000000000000000000E1FFFFEC
:10231000FFFFFFFFFFFFFFFFFFFF040000000000C3
:102320000000000000E1FFFFFFFFFFFFFFFFFFFFD6
:10233000FFFF0400000000000000000000E1FFFFBC
:10234000FFFFFFFFFFFFFFFFFFFF04000000000093
:102350000000000000E1FFFFFFFFFFFFFFFFFFFFA6
:10236000FFFF0400000000000000000000E1FFFF8C
:10237000FFFFFFFFFFFFFFFFFFFF04000000000063
:102380000000000000E1FFFFFFFFFFFFFFFFFFFF76
:10239000FFFF0400000000000000000000E1FFFF5C
:1023A000FFFFFFFFFFFFFFFFFFFF04000000000033
:1023B0000000000000E1FFFFFFFFFFFFFFFFFFFF46
:1023C000FFFF0400000000000000000000D1EEEE5E
:1023D000EEEEEEEEEEEEEEEEEEEE040000000000AD
:1023E0000000000000101111111111111111111133
:1023F00011110000000000000000000000000000BB
:1024000000000000000000000000000000000000CC
:1024100000000000000000000000000000000000BC
:1024200000000000000000000000000000000000AC
:10243000000000000000000000000000000000009C
:10244000000000000000000000000000000000008C
:10245000000000000000000000000000000000007C
:10246000000000000000000000000000000000006C
:10247000000000000000000000000000000000005C
:10248000000000000000000000000000000000004C
:10249000000000000000000000000000000000003C
:1024A000000000000000000000000000000000002C
:1024B000000000000000000000000000000000001C
:1024C000000000000000000000000000000000000C
:1024D00000000000000000000000000000000000FC
:1024E00000000000000000000000000000000000EC
:1024F00000000000000000000000000000000000DC
:1025000000000000000000000000000000000000CB
:1025100000000000000000000000000000000000BB
:1025200000000000000000000000000000000000AB
:10253000000000000000000000000000000000009B
:10254000000000000000000000000000000000008B
:10255000000000000000000000000000000000007B
:10256000000000000000000000000000000000006B
:10257000000000000000000000000000000000005B
:10258000000000000000000000000000000000004B
:10259000000000000000000000000000000000003B
:1025A000000000000000000000000000000000002B
:1025B000000000000000000000000000000000001B
:1025C000000000000000000000000000000000000B
:1025D00000000000000000000000000000000000FB
:1025E00000000000000000000000000000000000EB
:1025F00000000000000000000000000000000000DB
:1026000000000000000000000000000000000000CA
:1026100000000000000000000000000000000000BA
:1026200000000000000000000000000000000000AA
:10263000000000000000000000000000000000009A
:10264000000000000000000000000000000000008A
:10265000000000000000000000000000000000007A
:10266000000000000000000000000000000000006A
:10267000000000000000000000000000000000005A
:10268000000000000000000000000000000000004A
:10269000000000000000000000000000000000003A
:1026A000000000000000000000000000000000002A
:1026B000000000000000000000000000000000001A
:1026C000000000000000000000000000000000000A
:1026D00000000000000000000000000000000000FA
:1026E00000000000000000000000000000000000EA
:1026F00000000000000000000000000000000000DA
:1027000000000000000000000000000000000000C9
:1027100000000000000000000000000000000000B9
:1027200000000000000000000000000000000000A9
:102730000000000000000000000000000000000099
:102740000000000000000000000000000000000089
:102750000000000000000000000000000000000079
:102760000000000000000000000000000000000069
:102770000000000000000000000000000000000059
:102780000000000000000000000000000000000049
:102790000000000000000000000000000000000039
:1027A0000000000000000000000000000000000029
:1027B0000000000000000000000000000000000019
:1027C0000000000000000000000000000000000009
:1027D00000000000000000000000000000000000F9
:1027E00000000000000000000000000000000000E9
:1027F00000000000000000000000000000000000D9
:1028000000000000000000000000000000000000C8
:1028100000000000000000000000000000000000B8
:1028200000000000000000000000000000000000A8
:102830000000000000000000000000000000000098
:102840000000000000000000000000000000000088
:102850000000000000000000000000000000000078
:102860000000000000000000000000000000000068
:102870000000000000000000000000000000000058
:102880000000000000000000000000000000000048
:102890000000000000000000000000000000000038
:1028A0000000000000000000000000000000000028
:1028B0000000000000000000000000000000000018
:1028C0000000000000000000000000000000000008
:1028D00000000000000000000000000000000000F8
:1028E00000000000000000000000000000000000E8
:1028F00000000000000000000000000000000000D8
:1029000000000000000000000000000000000000C7
:1029100000000000000000000000000000000000B7
:1029200000000000000000000000000000000000A7
:102930000000000000000000000000000000000097
:102940000000000000000000000000000000000087
:102950000000000000000000000000000000000077
:102960000000000000000000000000000000000067
:102970000000000000000000000000000000000057
:102980000000000000000000000000000000000047
:102990000000000000000000000000000000000037
:1029A0000000000000000000000000000000000027
:1029B0000000000000000000000000000000000017
:1029C0000000000000000000000000000000000007
:1029D00000000000000000000000000000000000F7
:1029E00000000000000000000000000000000000E7
:1029F00000000000000000000000000000000000D7
:102A000000000000000000000000000000000000C6
:102A100000000000000000000000000000000000B6
:102A200000000000000000000000000000000000A6
:102A30000000000000000000000000000000000096
:102A40000000000000000000000000000000000086
:102A50000000000000000000000000000000000076
:102A60000000000000000000000000000000000066
:102A70000000000000000000000000000000000056
:102A80000000000000000000000000000000000046
:102A90000000000000000000000000000000000036
:102AA0000000000000000000000000000000000026
:102AB0000000000000000000000000000000000016
:102AC0000000000000000000000000000000000006
:102AD00000000000000000000000000000000000F6
:102AE00000000000000000000000000000000000E6
:102AF00000000000000000000000000000000000D6
:102B000000000000000000000000000000000000C5
:102B100000000000000000000000000000000000B5
:102B200000000000000000000000000000000000A5
:102B30000000000000000000000000000000000095
:102B40000000000000000000000000000000000085
:102B50000000000000000000000000000000000075
:102B60000000000000000000000000000000000065
:102B70000000000000000000000000000000000055
:102B80000000000000000000000000000000000045
:102B90000000000000000000000000000000000035
:102BA0000000000000000000000000000000000025
:102BB0000000000000000000000000000000000015
:102BC0000000000000000000000000000000000005
:102BD00000000000000000000000000000000000F5
:102BE00000000000000000000000000000000000E5
:102BF00000000000000000000000000000000000D5
:102C000000000000000000000000000000000000C4
:102C100000000000000000000000000000000000B4
:102C200000000000000000000000000000000000A4
:102C30000000000000000000000000000000000094
:102C40000000000000000000000000000000000084
:102C50000000000000000000000000000000000074
:102C60000000000000000000000000000000000064
:102C70000000000000000000000000000000000054
:102C80000000000000000000000000000000000044
:102C90000000000000000000000000000000000034
:102CA0000000000000000000000000000000000024
:102CB0000000000000000000000000000000000014
:102CC0000000000000000000000000000000000004
:102CD00000000000000000000000000000000000F4
:102CE00000000000000000000000000000000000E4
:102CF00000000000000000000000000000000000D4
:102D000000000000000000000000000000000000C3
:102D100000000000000000000000000000000000B3
:102D200000000000000000000000000000000000A3
:102D30000000000000000000000000000000000093
:102D40000000000000000000000000000000000083
:102D50000000000000000000000000000000000073
:102D60000000000000000000000000000000000063
:102D70000000000000000000000000000000000053
:102D80000000000000000000000000000000000043
:102D90000000000000000000000000000000000033
:102DA0000000000000000000000000000000000023
:102DB0000000000000000000000000000000000013
:102DC0000000000000000000000000000000000003
:102DD00000000000000000000000000000000000F3
:102DE00000000000000000000000000000000000E3
:102DF00000000000000000000000000000000000D3
:102E000000000000000000000000000000000000C2
:102E100000000000000000000000000000000000B2
:102E200000000000000000000000000000000000A2
:102E30000000000000000000000000000000000092
:102E40000000000000000000000000000000000082
:102E50000000000000000000000000000000000072
:102E60000000000000000000000000000000000062
:102E70000000000000000000000000000000000052
:102E80000000000000000000000000000000000042
:102E90000000000000000000000000000000000032
:102EA0000000000000000000000000000000000022
:102EB0000000000000000000000000000000000012
:102EC0000000000000000000000000000000000002
:102ED00000000000000000000000000000000000F2
:102EE00000000000000000000000000000000000E2
:102EF00000000000000000000000000000000000D2
:102F000000000000000000000000000000000000C1
:102F100000000000000000000000000000000000B1
:102F200000000000000000000000000000000000A1
:102F30000000000000000000000000000000000091
:102F40000000000000000000000000000000000081
:102F50000000000000000000000000000000000071
:102F60000000000000000000000000000000000061
:102F70000000000000000000000000000000000051
:102F80000000000000000000000000000000000041
:102F90000000000000000000000000000000000031
:102FA0000000000000000000000000000000000021
:102FB0000000000000000000000000000000000011
:102FC0000000000000000000000000000000000001
:102FD00000000000000000000000000000000000F1
:102FE00000000000000000000000000000000000E1
:102FF00000000000000000000000000000000000D1
:1030000000000000000000000000000000000000C0
:1030100000000000000000000000000000000000B0
:1030200000000000000000000000000000000000A0
:103030000000000000000000000000000000000090
:103040000000000000000000000000000000000080
:103050000000000000000000000000000000000070
:103060000000000000000000000000000000000060
:103070008300830083008300830083008300830038
:103080008300830083008300830083008300830028
:103090008300830083008300830083008300830018
:1030A0008300830083008300830083008300830008
:1030B00083008300830083008300830083008300F8
:1030C0008300830083008300830083008300EC522D
:1030D00055A555A5EC52830083008300830083002F
:1030E000830083008300830096B5FFFFFFFFFFFF8F
:1030F000FFFF96B583008300830083008300830075
:1031000083000C5BFFFF9AD6A731E8319AD6FFFF08
:10311000EC5283008300830083008300830055A565
:10312000FFFF862183008300A731FFFF55A58300A1
:103130008300830083008300830055A5FFFF862161
:1031400083008300A731FFFF55A583008300830020
:103150008300830083000C5BFFFF9AD68621A73192
:103160009AD6FFFF0C5B83008300830083008300FB
:103170008300830096B5FFFFFFFFFFFFFFFF96B5BB
:103180008300830083008300830083008300830027
:103190008300EC5255A555A5EC52830083008300B3
:1031A0008300830083008300830083008300830007
:1031B00083008300830083008300830083008300F7
:1031C00083008300830083008300830083008300E7
:1031D00083008300830083008300830083008300D7
:1031E00083008300830083008300830083008300C7
:1031F00083008300830083000000000000000000C3
:1032000000000000000000000000000000000000BE
:1032100000000000000000000000000000000000AE
:10322000000000000000000000000000000000009E
:10323000000000000000000000000000000000008E
:10324000000000000000000000000000000000007E
:10325000000000000000000000000000000000006E
:10326000000000000000000000000000000000005E
:10327000000000000000000000000000000000004E
:10328000000000000000000000000000000000003E
:10329000000000000000000000000000000000002E
:1032A000000000000000000000000000000000001E
:1032B000000000000000000000000000000000000E
:1032C00000000000000000000000000000000000FE
:1032D0000000000000000000000000000000540595
:1032E00000000000F80F00000000F80F00000000D0
:1032F000F80F00000000F80F00000000F80F0000B9
:103300000000F80F00000000F80F00000000F80BAC
:1033100000000000F80B00000000F40B00000000AB
:10332000F40B00000000F40B00000000F40B0000A0
:103330000000F40B00000000F40B00000000F40B90
:1033400000000000F40B00000000A00600000000D8
:10335000000000000000900100000000F40B0000DD
:103360000000FC1F00000000FC1F00000000F80F20
:1033700000000000E0060000000000000000000067
:10338000000000000000000000000000000000003D
:10339000000000000000000000000000000000002D
:1033A000000000000000000000000000000000001D
:1033B0000000000000500554010000F41FFC0B0049
:1033C00000F41FFC070000F01FFC070000F00FF8DE
:1033D000070000F00FF8070000F00FF8070000E00A
:1033E0000FF8030000E00FF80300009006A40100AE
:1033F00000000000000000000000000000000000CD
:1034000000000000000000000000000000000000BC
:1034100000000000000000000000000000000000AC
:10342000000000000000000000000000000000009C
:10343000000000000000000000000000000000008C
:10344000000000000000000000000000000000007C
:10345000000000000000000000000000000000006C
:10346000000000000000000000000000000000005C
:10347000000000000000000000000000000000004C
:10348000000000000000000000000000000000003C
:10349000000000000000000000401A80090000C089
:1034A0002FD01F0000C01FD00F0000C01FE00F0072
:1034B00000C01FE00B0000D01FE00B0080FFFFFFEB
:1034C000FF0280FFFFFFFF0280FFFFFFFF0200E51A
:1034D0005FF5570100E00BF4070000E00BF4030078
:1034E00000F00BF4030000F007F8030090FAABFEC5
:1034F000AB00E0FFFFFFFF00E0FFFFFFFF0090F9E0
:103500009BFE660000F403FC010000F802FD0100D0
:1035100000F802FD010000F802FD000000FC02FDC1
:10352000000000A40159000000000000000000009D
:10353000000000000000000000000000000000008B
:10354000000000000000000000000000000000007B
:10355000000000000000000000000000000000006B
:10356000003F00000000403F00000000402F00002E
:103570000000946F01000090FFFF1F0000F8FFFFA4
:103580001F0000FDFFFF1F0000FFD75F090040FF85
:10359000D10B000080FFD00B000080FFE10B00008A
:1035A00040FFE707000000FFFF07000000FDFF6F7E
:1035B000000000F4FFFF02000080FFFF1F0000007A
:1035C000F8FF3F000000F8FABF000000F8D1BF008C
:1035D0000000FC81FF000000FC80BF004001FCD027
:1035E000BF00806FFEF97F0080FFFFFF1F0080FF9C
:1035F000FFFF070040FEFFBF01000050BF050000B5
:1036000000003F00000000403F00000000402F008D
:10361000000000402F00000000000000000000003B
:10362000000000000000000000000000000000009A
:103630000000000000000000000000000054010035
:10364000500100FE1F00F40380FF7F00FC01D05FEB
:10365000BF00BE00E00BBD403F00E007FDC01F0003
:10366000E007FDE00B00E00BBDF40300D0AF7FFCF2
:10367000010080FF2FBE000000FE4B3F0000005005
:10368000C01F00000000E00B00000000F407000075
:103690000000FC0100000000BE901A0000407FFC0A
:1036A000BF0000C02FFEFF0100E04F7FF80200F4D2
:1036B000872FF40300FC822FF40300FE802FF40315
:1036C000407F403FF802C02F00FFFE01E00F00FDE9
:1036D000BF00600600E41B000000000000000000C6
:1036E00000000000000000000000000000000000DA
:1036F00000000000000000000000000000000000CA
:1037000000000000000000000000000000000000B9
:10371000000000000000540000000080FF1B0000BB
:1037200000F4FFBF000000FCFFFF010000FD47FEAA
:10373000020000FE01FD030000FF00FC030000FF8B
:1037400000FC030000FE01FE020000FD83FF0100FB
:1037500000FCFB7F000000F4FF1F000000E0FF0200
:10376000000000F8FF01690000FEFF03FF0080FF7A
:10377000FD0BFF00D07FF42FBF00D02FE0BFBF00B4
:10378000E02F80FF7F00E02F00FF3F00E02F00FCD4
:103790002F00D0BF00F82F00C0FFAAFFBF0040FFDE
:1037A000FFFFFF0100FDFF6FFE070090BF065406FC
:1037B0000000000000000000000000000000000009
:1037C00000000000000000000000000000000000F9
:1037D00000000000000000000000000000000000E9
:1037E0000000000000000000000000000000540580
:1037F00000000000F80F00000000F80F00000000BB
:10380000F80F00000000F80B00000000F40B0000AF
:103810000000F40B00000000F40B00000000F40BAB
:103820000000000060060000000000000000000032
:103830000000000000000000000000000000000088
:103840000000000000000000000000000000000078
:103850000000000000000000000000000000000068
:103860000000000000000000000000000000000058
:103870000000000000000000000000000000000048
:103880000000000000000000000000000000000038
:103890000000000000000000000000000000000028
:1038A0000000000000000000000000000000000018
:1038B0000000000000000000000000000000000008
:1038C00000500000000000F40100000000FD0700AF
:1038D000000040FF02000000C0BF00000000E03F09
:1038E00000000000F41F00000000FC0B00000000BE
:1038F000FD0300000000FF0100000040FF00000089
:103900000080BF00000000C07F00000000C03F003A
:10391000000000D03F00000000D02F00000000D0C9
:103920002F00000000D02F00000000D02F0000006A
:1039300000D03F00000000D03F00000000C07F002A
:1039400000000080BF0000000040FF0000000000F9
:10395000FF0100000000FE0300000000FD07000062
:103960000000F81F00000000F02F00000000D0BF92
:103970000000000040FF0200000000FE0700000001
:1039800000F80200000000A000000000000000009D
:1039900000000000000000000100000000800B009B
:1039A000000000F02F00000000E0BF0000000080D9
:1039B000FF0100000000FE0700000000FC0B0000FB
:1039C0000000F41F00000000E03F00000000C07F86
:1039D0000000000080BF0000000040FF0000000069
:1039E00000FF0100000000FE0200000000FE0200D7
:1039F000000000FD0200000000FD0200000000FDCC
:103A00000200000000FD0200000000FD02000000B6
:103A100000FE0200000000FE0100000000FF0000A8
:103A2000000040BF00000000C07F00000000D03F49
:103A300000000000F01F00000000F80F0000000070
:103A4000FD0700000040FF02000000D0BF000000A2
:103A500000F02F00000000D00B000000004002002A
:103A60000000000000000000000000000000000056
:103A7000000000000000500100000000F0070000FE
:103A80000000F00700000024F007090000BCE183FB
:103A90001F0000FEE7E73F0000F9FFFF1B0000905A
:103AA000FFBF01000000FE2F000000D0FFFF02005A
:103AB00000FDFFFF2F0000FDE6E32F0000B8F047F8
:103AC0000F000014F00705000000F00700000000E0
:103AD000F0070000000000000000000000000000EF
:103AE00000000000000000000000000000000000D6
:103AF00000000000000000000000000000000000C6
:103B000000000000000000000000000000000000B5
:103B100000000000000000000000000000000000A5
:103B20000000000000000000000000000000000095
:103B30000000000000000000000000000000000085
:103B40000000000000000000000000000000000075
:103B50000000000000000000000000000000000065
:103B60000000000000000000000000000000000055
:103B70000000000000000000600600000000F40BE0
:103B800000000000F40B00000000F40B0000000037
:103B9000F40B00000000F40B00000000F40B000028
:103BA00080AAFAAFAA00C0FFFFFFFF01C0FFFFFF1E
:103BB000FF0180AAFAAFAA000000F40B0000000089
:103BC000F40B00000000F40B00000000F40B0000F8
:103BD0000000F40B00000000F40B00000000600681
:103BE00000000000000000000000000000000000D5
:103BF00000000000000000000000000000000000C5
:103C000000000000000000000000000000000000B4
:103C100000000000000000000000000000000000A4
:103C20000000000000000000000000000000000094
:103C30000000000000000000000000000000000084
:103C40000000000000000000000000000000000074
:103C50000000000000000000000000000000000064
:103C60000000000000000000000000000000000054
:103C70000000000000000000000000000000000044
:103C80000000000000000000000000000000000034
:103C90000000000000000000E40600000000FD0F2E
:103CA00000000000FE2F00000000FD3F00000000AB
:103CB000FC3F00000000F43F00000000E02F000087
:103CC0000000E02F00000000F00F00000040FD07A2
:103CD000000000F4FF02000000F86F00000000A4E4
:103CE00005000000000000000000000000000000CF
:103CF00000000000000000000000000000000000C4
:103D000000000000000000000000000000000000B3
:103D100000000000000000000000000000000000A3
:103D20000000000000000000000000000000000093
:103D30000000000000000000000000000000000083
:103D40000000000000000000000000000000000073
:103D500000E0FFFF030000E0FFFF030000F0FFFFB3
:103D6000030000A0AAAA020000000000000000005A
:103D70000000000000000000000000000000000043
:103D80000000000000000000000000000000000033
:103D90000000000000000000000000000000000023
:103DA0000000000000000000000000000000000013
:103DB0000000000000000000000000000000000003
:103DC00000000000000000000000000000000000F3
:103DD00000000000000000000000000000000000E3
:103DE00000000000000000000000000000000000D3
:103DF00000000000000000000000000000000000C3
:103E000000000000000000000000000000000000B2
:103E100000000000000000000000000000000000A2
:103E20000000000000000000000000000000000092
:103E30000000000000000000000000000000000082
:103E40000000000000000000E40600000000FD1F6C
:103E500000000000FE3F00000000FE3F00000000E8
:103E6000FE3F00000000FD1F00000000E40600000F
:103E70000000000000000000000000000000000042
:103E80000000000000000000000000000000000032
:103E90000000000000000000000000000000000022
:103EA00000000000000000000000000000000040D2
:103EB0001500000000C07F00000000D02F000000AF
:103EC00000F01F00000000F40B00000000F80700E5
:103ED000000000FD0300000000FE0200000000FFE3
:103EE0000000000040BF00000000C07F0000000094
:103EF000D02F00000000E01F00000000F40F0000C1
:103F00000000F80B00000000FC0300000000FD02B0
:103F100000000000FF0100000040BF000000008022
:103F20007F00000000D03F00000000E02F000000F4
:103F300000F00F00000000F80B00000000FC07007C
:103F4000000000FD0200000000FE0100000040FF34
:103F50000000000080BF00000000401500000000CD
:103F60000000000000000000000000000000000051
:103F70000000000000000000000000000000000041
:103F80000000000000000000000000000000000031
:103F90000000F96B000000D0FFFF020000F4FFFFFB
:103FA0000B0000FCAFFE2F0000FE07E07F0040FF8B
:103FB00001C0BF0080FF0080FF0080BF0090FF01B4
:103FC000C07F00F4FF01D07F00FEFF02D03FD0FF92
:103FD000FF02D03FF87FFE02D07FFE0BFE02D0FF33
:103FE000FF01FE02D0FF7F00FE01C0FF0B00FF01BA
:103FF000C0FF0140FF0080FF0080BF0040FF01C004
:104000007F0000FF07E03F0000FDAFFE1F0000F84B
:10401000FFFF0B0000D0FFFF01000040FA1B000073
:104020000000000000000000000000000000000090
:104030000000000000000000000000000000000080
:104040000000000000000000000000000000000070
:104050000000000000000000000000000000000060
:1040600000000000000000000000501900000000E7
:10407000F92F00000090FF2F000000F9FF2F000033
:1040800000FFFF2F000000FEE72F0000007DE02F63
:1040900000000004E02F00000000E02F00000000FE
:1040A000E02F00000000E02F00000000E02F0000E3
:1040B0000000E02F00000000E02F00000000E02FD3
:1040C00000000000E02F00000000E02F00000000D2
:1040D000E02F00000000E02F00000054E56F5500C5
:1040E00000FEFFFFBF0000FEFFFFBF0000FEFFFF5E
:1040F000BF000099AAAA66000000000000000000AE
:1041000000000000000000000000000000000000AF
:10411000000000000000000000000000000000009F
:10412000000000000000000000000000000000008F
:10413000000000000000000000000000000000007F
:104140000040FA2B000000E4FFFF010000FDFFFF2C
:10415000070000FEAFFF0F0000FC01FD1F00002460
:1041600000F42F00000000F02F00000000F02F00EE
:10417000000000F02F00000000F41F00000000F815
:104180000F00000000FE0700000040FF02000000DA
:10419000D0FF00000000F47F00000000FD1F0000C1
:1041A0000040FF07000000D0FF01000000F42F00D6
:1041B000000000FD6FA6660000FFFFFFBF0000FFCC
:1041C000FFFFBF0000FFFFFFBF000099AAAA660023
:1041D00000000000000000000000000000000000DF
:1041E00000000000000000000000000000000000CF
:1041F00000000000000000000000000000000000BF
:1042000000000000000000000000000000000000AE
:1042100000000000000000000094FE1B000000FDF4
:10422000FFFF010000FDFFFF070000BDAAFF0F0018
:10423000000400F81F00000000F01F00000000F064
:104240001F00000000F01F00000000F80F00000039
:1042500040FE070000C0FFBF010000C0FFBF01001B
:1042600000C0FFFF0B00004055FE2F00000000E0E3
:104270007F00000000C0BF0000000080BF00000001
:1042800000C0BF00000000D07F00000000F43F002D
:1042900000AAAAFF2F0000FEFFFF0B0000FEFFFF99
:1042A000010000FEFF1A00000000000000000000F6
:1042B00000000000000000000000000000000000FE
:1042C00000000000000000000000000000000000EE
:1042D00000000000000000000000000000000000DE
:1042E00000000000000000000000000000000000CE
:1042F0000000406602000000D0FF07000000E0FF61
:1043000007000000F4FF07000000FCFF07000000AA
:10431000FEFA07000040FFF8070000C07FF8070022
:1043200000E02FF8070000F00FF8070000F807F88A
:10433000070000FD02F8070000FF01F8070080BF3A
:1043400000F80700D03F00F80700E0FFFFFFFF0282
:10435000E0FFFFFFFF02E0FFFFFFFF0290AAAAFEBF
:10436000AB02000000F80700000000FC070000009E
:1043700000F80700000000FC0700000000640200D5
:10438000000000000000000000000000000000002D
:10439000000000000000000000000000000000001D
:1043A000000000000000000000000000000000000D
:1043B00000000000000000000000000000000000FD
:1043C00000000000000000000064AAAA0A0000FC2F
:1043D000FFFF1F0000FCFFFF1F0000FCFFFF1F008E
:1043E00000FCABAA0A0000FC0300000000FC030074
:1043F000000000FC0300000000FC0300000000FCC3
:10440000AB1A000000FCFFFF010000FCFFFF0B00E7
:1044100000A8EAFF1F00000000F93F00000000E0D4
:104420007F00000000D07F00000000D07F0000006F
:1044300000D07F00000000E03F00000000F82F00E7
:1044400000A9AAFF0F0000FEFFFF070000FEFFBF4C
:10445000000000F9BF06000000000000000000009E
:10446000000000000000000000000000000000004C
:10447000000000000000000000000000000000003C
:10448000000000000000000000000000000000002C
:10449000000000000000000000000000000000001C
:1044A0000000005509000000E4FF1F000040FFFF6E
:1044B0001F0000D0FFFF1F0000F4BF56050000FCE6
:1044C0001F00000000FD0700000000FE02000000C9
:1044D00000FF0100000040FFA56A000040FFFFFF51
:1044E000070040FFFFFF2F0040FFBFFE7F0080FF5F
:1044F00006E0BF0080FF0080FF0040FF0040FF019A
:1045000040FF0140FF0140FF0140FF0000FF02802B
:10451000FF0000FE07D0BF0000FCAFFA3F0000F430
:10452000FFFF1F0000D0FFFF06000000F96B000036
:10453000000000000000000000000000000000007B
:10454000000000000000000000000000000000006B
:10455000000000000000000000000000000000005B
:10456000000000000000000000000000000000004B
:10457000000000000000000040A6AAAA660040FF5C
:10458000FFFFBF0040FFFFFFBF0040FFFFFFBF0076
:1045900040AAAAFA7F00000000E03F00000000F4FB
:1045A0002F00000000F80F00000000FD0B000000CD
:1045B00000FE0300000040FF0200000080FF00003A
:1045C0000000C0BF00000000E07F00000000F02FEE
:1045D00000000000F81F00000000FC0B00000000BD
:1045E000FE0700000000FF0200000080FF01000045
:1045F00000C0BF00000000E07F00000000F02F00BE
:104600000000006415000000000000000000000031
:10461000000000000000000000000000000000009A
:10462000000000000000000000000000000000008A
:10463000000000000000000000000000000000007A
:10464000000000000000000000000000000000006A
:104650000040FA6F000000E0FFFF070000F8FFFFD6
:104660001F0000FD5BF93F0000FE02D07F0000FF4D
:1046700001C07F0000FF01C07F0000FE02D03F00AC
:1046800000FD1BF41F0000F8BFFE0B0000F0FFFF51
:1046900002000080FFBF00000090FFFF070000F451
:1046A000BFFF1F0000FD0BF93F0000FF02E07F008D
:1046B00040FF00C0BF0040FF0080BF0040FF0080FF
:1046C000BF0040FF02D07F0000FFAFFA3F0000FDB7
:1046D000FFFF1F0000F4FFFF07000040FA6B00001F
:1046E00000000000000000000000000000000000CA
:1046F00000000000000000000000000000000000BA
:1047000000000000000000000000000000000000A9
:104710000000000000000000000000000000000099
:1047200000000000000000000040FA6B000000E004
:10473000FFFF020000FCFFFF0B0000FEAFFE1F00AA
:1047400040FF02F42F0080FF00E03F00C0BF00D018
:104750007F00C07F00C0BF00C0BF00C0BF0080FF9F
:104760000080BF0080FF02E4BF0040FFAFFFBF003A
:1047700000FDFFFFBF0000F4FFFFBF000040AAC61E
:104780007F00000000D07F00000000E03F0000003C
:1047900000F02F00000000FD0F000054A5FF0700EF
:1047A00000FEFFFF020000FEFF7F000000FEFF0B87
:1047B000000000591500000000000000000000008B
:1047C00000000000000000000000000000000000E9
:1047D00000000000000000000000000000000000D9
:1047E00000000000000000000000000000000000C9
:1047F00000000000000000000000000000000000B9
:1048000000000000000000000000000000000000A8
:104810000000000000000000000000000000000098
:10482000400000000000F40B00000000FD1F00002D
:104830000000FD2F00000000FD2F00000000FC1F05
:1048400000000000E406000000000000000000007E
:104850000000000000000000000000000000000058
:104860000000000000000000400000000000F40B09
:1048700000000000FD1F00000000FD2F00000000F0
:10488000FD2F00000000FC1F00000000E4060000F7
:104890000000000000000000000000000000000018
:1048A0000000000000000000000000000000000008
:1048B00000000000000000000000000000000000F8
:1048C00000000000000000000000000000000000E8
:1048D00000000000000000000000000000000000D8
:1048E00000000000000000000000000000000000C8
:1048F0000000000000000000400000000000F40B79
:1049000000000000FD1F00000000FD2F000000005F
:10491000FD2F00000000FC1F00000000E406000066
:104920000000000000000000000000000000000087
:104930000000000000000000000000000000000077
:10494000E40600000000FC1F00000000FD2F000036
:104950000000FD3F00000000F87F00000000F07F35
:1049600000000000D03F00000000D02F0000000039
:10497000E01F00000000F90B000000F4FF0200003F
:1049800000F46F00000000A405000000000000001B
:104990000000000000000000000000000000000017
:1049A0000000000000000000000000000000000007
:1049B00000000000000000000000000000000000F7
:1049C0000000000000000000000000900000000057
:1049D00000F40200000000FE0B00000080FF070052
:1049E0000000E0FF01000000FD2F00000040FF0B71
:1049F000000000E0FF01000000F87F00000000FE62
:104A00000B00000000FE1F00000000F87F00000007
:104A100000D0FF0100000040FF0B00000000FD2F50
:104A200000000000E0FF0100000080FF0700000020
:104A300000FE0B00000000F40200000000900000E7
:104A40000000000000000000000000000000000066
:104A50000000000000000000000000000000000056
:104A60000000000000000000000000000000000046
:104A70000000000000000000000000000000000036
:104A80000000000000000000000000000000000026
:104A90000000000000000000000000000000000016
:104AA0000000000000000000000000000000000006
:104AB000000000000000000000555555150000FFE3
:104AC000FFFF7F0000FFFFFF7F0000FFFFFF7F0071
:104AD00000555555150000000000000000000000C2
:104AE000000000555555150000FFFFFF7F0000FF37
:104AF000FFFF7F0000FFFFFF7F00005555551500A9
:104B000000000000000000000000000000000000A5
:104B10000000000000000000000000000000000095
:104B20000000000000000000000000000000000085
:104B30000000000000000000000000000000000075
:104B40000000000000000000000000000000000065
:104B50000000000000000000000000000000000055
:104B60000000000000000000000000000000000045
:104B7000000000000000000000800200000000E0D3
:104B80000B00000000F42F00000000E4FF01000013
:104B90000080FF0700000000FE1F00000000F4BFBF
:104BA00000000000D0FF0200000000FE0B0000002B
:104BB00000F87F00000000F87F00000000FE0B00FE
:104BC0000000D0FF02000000F4BF00000000FE1F44
:104BD00000000080FF07000000E4FF01000000F477
:104BE0002F00000000E00B00000000800200000029
:104BF00000000000000000000000000000000000B5
:104C000000000000000000000000000000000000A4
:104C10000000000000000000000000000000000094
:104C2000000000000000000000000000004005003F
:104C3000000000D0FF06000000D0FF6F000000D091
:104C4000FFFF01000090FEFF0700000040FF0F0083
:104C5000000000F81F00000000F42F00000000F02A
:104C60002F00000000F02F00000000F81F000000DF
:104C700055FE0F000000FEFF07000000FEFF0100D0
:104C80000000FE1B00000000FE0100000000FE010D
:104C900000000000FE0100000000540000000000C1
:104CA000000000000000680000000000FF0200009B
:104CB0000040FF0700000040FF0700000040FF0227
:104CC00000000000B900000000000000000000002B
:104CD00000000000000000000000000000000000D4
:104CE00000000000000000000000000000000000C4
:104CF00000000000000000000000000000000000B4
:104D0000000000000000405500000000F8FF060011
:104D10000040FFFF1F0000D0BFEA3F0000F01F402F
:104D2000BF0000F80700FE0100FD0200FC0200FECB
:104D30000000F802407F0000F403803FE4ABF60778
:104D4000802FFDFFF207C01FFFFFF207D04FBFFD0E
:104D5000F107E08F3FFCF107E0CB2FFDF107F0CB2F
:104D60002FFDF107F0C71FFDF007F0D71FFEF40776
:104D7000F0D71FFEF403F0D71FFEF802F0D71FBFD5
:104D8000F802F0C7AFFFFE01F08BFFFFBF00E04B62
:104D9000FFF62F00E00F69900600D00F0000000022
:104DA000D02F00000000C03F0000000040BF000006
:104DB000010000FF06E4030000FDFFFF030000F414
:104DC000FFFF02000040FE6B00000000000000003A
:104DD00000000000000000000000000000000000D3
:104DE0000000000000000000000095150000000019
:104DF000FE3F00000000FF7F00000040FFBF0000FA
:104E00000080FFBF00000080BFFF010000D03FFF17
:104E1000010000D02FFE020000E01FFD030000F0A3
:104E20000FFD070000F40BFC0B0000F80BF80F005F
:104E300000FC07F41F0000FD03F02F0000FE02E05D
:104E40002F0000FE6AEA3F0000FFFFFF7F0040FFE7
:104E5000FFFFBF0080FFFFFFFF00C07F0040FF019A
:104E6000D03F0040FF02E02F0000FF03F01F0000D2
:104E7000FE07900900005906000000000000000035
:104E80000000000000000000000000000000000022
:104E90000000000000000000000000000000000012
:104EA0000000000000000000000000000000000002
:104EB00000000000000000000000000000000000F2
:104EC00000996A15000000FFFFFF020000FFFFFFCE
:104ED0000F0000FFFFFF2F0000FF01F93F0000FF60
:104EE00001E07F0000FF01D07F0000FF01D03F0004
:104EF00000FF01E02F0000FF01F91F0000FFFFFF8E
:104F0000060000FFFFFF060000FFFFFF2F0000FF6D
:104F100055F97F0000FF01D0FF0000FF0180FF0076
:104F200000FF0140FF0100FF0180FF0000FF01D0F2
:104F3000FF0000FF01F4BF0000FFFFFF3F0000FF84
:104F4000FFFF1F0000FFFFFF020000996A1500002D
:104F50000000000000000000000000000000000051
:104F60000000000000000000000000000000000041
:104F70000000000000000000000000000000000031
:104F80000000000000000000000000000000000021
:104F900000000000000000000000A4FF1A00000054
:104FA000FEFF7F0000D0FFFF7F0000F4FFAB7F001B
:104FB00000F86F00640000FD0B00000000FE03001D
:104FC000000040FF0200000040FF0100000080FFE1
:104FD0000000000080FF0000000080FF00000000D3
:104FE00080FF0000000080FF0000000080FF010043
:104FF000000080FF0100000040FF0200000000FFF1
:105000000700000000FE0F00000000FD7F41790056
:1050100000F8FFFF7F0000E0FFFF7F000040FFFF80
:105020007F000000A4BF0600000000000000000098
:105030000000000000000000000000000000000070
:105040000000000000000000000000000000000060
:105050000000000000000000000000000000000050
:105060000000000000000000000000000000000040
:1050700040A65A05000080FFFFBF000080FFFFFF31
:10508000070080FFFFFF1F0080BF40FD3F0080BF83
:1050900000E07F0080BF00C0FF0080BF0080FF01F4
:1050A00080BF0040FF0180BF0040FF0180BF0000C3
:1050B000FF0280BF0000FF0280BF0000FF0280BF30
:1050C0000000FF0280BF0040FF0180BF0040FF01E1
:1050D00080BF0080FF0080BF00D0BF0080BF00F411
:1050E0007F0080BF40FE2F0080FFFFFF0B0080FF8E
:1050F000FFFF010080FFFF2F000040A656010000C7
:10510000000000000000000000000000000000009F
:10511000000000000000000000000000000000008F
:10512000000000000000000000000000000000007F
:10513000000000000000000000000000000000006F
:1051400000000000000000000064AAAA190000FC92
:10515000FFFF3F0000FCFFFF2F0000FCFFFF2F00C0
:1051600000FC5B55150000FC0700000000FC070078
:10517000000000FC0700000000FC0700000000FC2D
:105180000700000000FCFFFF1F0000FCFFFF1F00E6
:1051900000FCFFFF1F0000FCABAA190000FC070089
:1051A000000000FC0700000000FC0700000000FCFD
:1051B0000700000000FC0700000000FC5B55150024
:1051C00000FCFFFF2F0000FCFFFF2F0000FCFFFF93
:1051D0003F000064AAAA19000000000000000000BF
:1051E00000000000000000000000000000000000BF
:1051F00000000000000000000000000000000000AF
:10520000000000000000000000000000000000009E
:10521000000000000000000000000000000000008E
:105220000064AAAA190000FCFFFF2F0000FCFFFF8A
:105230002F0000FCFFFF2F0000FC5B55050000FC69
:105240000700000000FC0700000000FC0700000051
:1052500000FC0700000000FC0700000000FCAB6A37
:10526000060000FCFFFF0F0000FCFFFF0F0000FC2A
:10527000FFFF0F0000FC0700000000FC070000001B
:1052800000FC0700000000FC0700000000FC070015
:10529000000000FC0700000000FC0700000000FC0C
:1052A0000700000000FC070000000064060000008A
:1052B00000000000000000000000000000000000EE
:1052C00000000000000000000000000000000000DE
:1052D00000000000000000000000000000000000CE
:1052E00000000000000000000000000000000000BE
:1052F00000000000000000000000A4FF1A000040B1
:10530000FFFFBF0000E0FFFFBF0000F8FFEBBF00A2
:1053100000FD2F00A40000FF0700000040FF020076
:10532000000080FF00000000C0BF00000000D07F30
:1053300000000000D07F40AAAA00D07F40FFFF00FD
:10534000D07F40FFFF00D07F40AAFF00D07F004009
:10535000FF00D0BF0040FF00C0BF0040FF0080FF43
:105360000140FF0040FF0340FF0000FE1F40FF0020
:1053700000FCFFEAFF0000F4FFFFFF000080FFFFDA
:10538000BF000000E9BF06000000000000000000B0
:10539000000000000000000000000000000000000D
:1053A00000000000000000000000000000000000FD
:1053B00000000000000000000000000000000000ED
:1053C00000000000000000000000000000000000DD
:1053D00040660040660080BF0040FF0080BF004084
:1053E000BF0080BF0040FF0080BF0040FF0080BFC3
:1053F0000040FF0080BF0040FF0080BF0040FF0072
:1054000080BF0040FF0080BF5595FF0080FFFFFF79
:10541000FF0080FFFFFFFF0080FFFFFFFF0080FF16
:10542000AAAAFF0080BF0040FF0080BF0040FF002D
:1054300080BF0040FF0080BF0040FF0080BF0040F1
:10544000FF0080BF0040FF0080BF0040FF0080BF22
:105450000040BF0080BF0040FF0040660040660083
:10546000000000000000000000000000000000003C
:10547000000000000000000000000000000000002C
:10548000000000000000000000000000000000001C
:10549000000000000000000000000000000000000C
:1054A00000000000000000000099AAAA190000FEF8
:1054B000FFFF3F0000FEFFFF3F0000FEFFFF2F0049
:1054C0000000F80B00000000F80B00000000F80BD3
:1054D00000000000F80B00000000F80B00000000C6
:1054E000F80B00000000F80B00000000F80B0000B3
:1054F0000000F80B00000000F80B00000000F80BA3
:1055000000000000F80B00000000F80B0000000095
:10551000F80B00000000F80B00000000F80B000082
:1055200000FEFFFF2F0000FEFFFF3F0000FEFFFF19
:105530003F000099AAAA1900000000000000000026
:10554000000000000000000000000000000000005B
:10555000000000000000000000000000000000004B
:10556000000000000000000000000000000000003B
:10557000000000000000000000000000000000002B
:105580000064AA6A060000FCFFFF0B0000FCFFFF9E
:105590000B0000FCFFFF0B00000000F80B000000F8
:1055A00000F80B00000000F80B00000000F80B00F2
:1055B000000000F80B00000000F80B00000000F8ED
:1055C0000B00000000F80B00000000F80B000000CA
:1055D00000F80B00000000F80B00000000F80B00C2
:1055E000000000F80B00000000F80B00000000FDB8
:1055F0000700001900FE070000FDEAFF020000FDA1
:10560000FFFF000000FDFF6F000000A4FF06000088
:10561000000000000000000000000000000000008A
:10562000000000000000000000000000000000007A
:10563000000000000000000000000000000000006A
:10564000000000000000000000000000000000005A
:10565000000000000000000000990140960000FFDB
:1056600001D0FF0000FF01F03F0000FF01F81F0024
:1056700000FF01FD0B0000FF01FF030000FF81FFA1
:10568000010000FFD1BF000000FFF12F000000FF6C
:10569000F51F000000FFFE07000000FFFF030000F1
:1056A00000FFFF07000000FFF90F000000FFF52FCB
:1056B000000000FFE17F000000FFC1FF000000FFCD
:1056C00041FF020000FF01FE070000FF01FD1F0077
:1056D00000FF01F82F0000FF01F0BF0000FF01D024
:1056E000FF01009901409601000000000000000049
:1056F00000000000000000000000000000000000AA
:105700000000000000000000000000000000000099
:105710000000000000000000000000000000000089
:105720000000000000000000000000000000000079
:1057300000640600000000F80B00000000F80B00F9
:10574000000000F80B00000000F80B00000000F85B
:105750000B00000000F80B00000000F80B00000038
:1057600000F80B00000000F80B00000000F80B0030
:10577000000000F80B00000000F80B00000000F82B
:105780000B00000000F80B00000000F80B00000008
:1057900000F80B00000000F80B00000000F80B0000
:1057A000000000F85B55150000F8FFFF7F0000F8CF
:1057B000FFFF7F0000F8FFFF7F000064AAAA260019
:1057C00000000000000000000000000000000000D9
:1057D00000000000000000000000000000000000C9
:1057E00000000000000000000000000000000000B9
:1057F00000000000000000000000000000000000A9
:10580000000000000000000040560150650040FF0D
:1058100003E0BF0040FF07F0BF0040FF07F4BF00F8
:1058200080FF0BF8BF0080FF0FFCBF0080EF1FFD63
:10583000FE0080AF2FBEFE00806F3F7EFD00802FF8
:105840007F3FFD00802FBE2FFD00C02FFE1FFD01FA
:10585000C02FFD0FFD01C02FFC0BFD01C01FF8077D
:10586000FD01C01FF403FD01C01FA002FD01D01FF8
:105870000000FD01D01F0000FD02D01F0000FD024E
:10588000D01F0000FD02D01F0000FC02D01F00004E
:10589000FC029009000094010000000000000000DC
:1058A00000000000000000000000000000000000F8
:1058B00000000000000000000000000000000000E8
:1058C00000000000000000000000000000000000D8
:1058D00000000000000000000000000000000000C8
:1058E00040960100690080FF0700FF0080FF0B0069
:1058F000FF0080FF0F00FF0080FF2F00FF0080FFF0
:105900003F00FF0080FF7F00FF0080BFFF00FF001F
:10591000807FFE01FF00807FFD02FF00807FFC078B
:10592000FF00807FF80BFF00807FF41FFF00807F67
:10593000E02FFF00807FD03FFF00807F807FFE0050
:10594000807F40FFFF00807F00FFFF00807F00FD21
:10595000FF00807F00FCFF00807F00F8FF00807F59
:1059600000F0FF00807F00E0FF004066005065000F
:105970000000000000000000000000000000000027
:105980000000000000000000000000000000000017
:105990000000000000000000000000000000000007
:1059A00000000000000000000000000000000000F7
:1059B00000000000000000000000F96B000000D0B3
:1059C000FFFF060000F4FFFF1F0000FDFFFF3F0088
:1059D00000FF1BF47F0040FF01D0FF0080BF00806C
:1059E000FF01C07F0040FF01D07F0000FF02D03FD9
:1059F0000000FE02E03F0000FE02E03F0000FE0368
:105A0000E03F0000FE03E03F0000FE02D03F000048
:105A1000FE02D07F0000FF02D07F0040FF01C0BF28
:105A20000080FF0080FF01D0BF0040FF1BF47F001B
:105A300000FEFFFF2F0000F8FFFF0B0000E0FFFF5C
:105A400002000040FA6B00000000000000000000AF
:105A50000000000000000000000000000000000046
:105A60000000000000000000000000000000000036
:105A70000000000000000000000000000000000026
:105A80000000000000000000000000000000000016
:105A900000996A05000000FFFFBF010000FEFFFF44
:105AA0000B0000FFFFFF2F0000FF02F97F0000FF47
:105AB00001D0BF0000FF0180FF0000FF0140FF0098
:105AC00000FF0140FF0000FF0180FF0000FF01C058
:105AD000BF0000FF01E47F0000FFAAFE2F0000FFCF
:105AE000FFFF0B0000FFFFFF020000FFFF1B000095
:105AF00000FF0200000000FF0100000000FF0100A5
:105B0000000000FF0100000000FF0100000000FE97
:105B10000100000000FF02000000009901000000E9
:105B20000000000000000000000000000000000075
:105B30000000000000000000000000000000000065
:105B40000000000000000000000000000000000055
:105B50000000000000000000000000000000000045
:105B600000000000000000000000F96B000000D001
:105B7000FFFF060000F4FFFF1F0000FDFFFF3F00D6
:105B800000FF1BF4BF0040FF01C0FF0080FF00804A
:105B9000FF01C07F0040FF02D07F0000FF02D03F26
:105BA0000000FE02E03F0000FE02E03F0000FE03B6
:105BB000E03F0000FE03E03F0000FE02D03F000097
:105BC000FE02D07F0000FF02D0BF0040FF01C0FFF7
:105BD0000080FF0080FF02D0BF0000FF5BF93F00A4
:105BE00000FDFFFF1F0000F8FFFF070000D0FFBF10
:105BF00001000000F91B00000000F40B0000000091
:105C0000F41F40000000F0BFFA010000D0FFFF07C2
:105C1000000080FFFF07000000F9BF010000004006
:105C2000050000000000000000000000000000006F
:105C30000000000000000000000000000000000064
:105C400000996A05000000FFFFBF010000FFFFFF91
:105C5000070000FFFFFF1F0000FF01F92F0000FFFA
:105C600001F03F0000FF01E03F0000FF01D03F00D6
:105C700000FF01E03F0000FF01F82F0000FFAAFF36
:105C80000B0000FFFFFF020000FFFF2F000000FFDE
:105C9000FF7F000000FF91FF010000FF01FF0200F5
:105CA00000FF01FD070000FF01FC0B0000FF01F8F1
:105CB0001F0000FF01F42F0000FF01E07F0000FF44
:105CC00001D0BF0000FF01C0FF0100990140550154
:105CD00000000000000000000000000000000000C4
:105CE00000000000000000000000000000000000B4
:105CF00000000000000000000000000000000000A4
:105D00000000000000000000000000000000000093
:105D100000000000000000000000F9AF060000E0F5
:105D2000FFFF0F0000F8FFFF0F0000FDBFFA0F009C
:105D300000FF0700090040FF0200000040FF0100D3
:105D4000000040FF0200000000FF1B00000000FEFA
:105D5000FF02000000FCFF6F000000F4FFFF0200E4
:105D60000040FFFF0F000000E4FF2F00000000FED6
:105D70007F00000000E0BF00000000D0BF00000076
:105D800000C0BF00000000D07F00401600F47F007C
:105D900080FFABFF2F0080FFFFFF0B0080FFFFFFA6
:105DA000020000E9FF1A00000000000000000000EF
:105DB00000000000000000000000000000000000E3
:105DC00000000000000000000000000000000000D3
:105DD00000000000000000000000000000000000C3
:105DE00000000000000000000000000000000000B3
:105DF00040A6AAAAAA00C0FFFFFFFF0180FFFFFF85
:105E0000FF0180FFFFFFFF010000F80F000000000E
:105E1000F80B00000000F80B00000000F80B000079
:105E20000000F80B00000000F80B00000000F80B69
:105E300000000000F80B00000000F80B000000005C
:105E4000F80B00000000F80B00000000F80B000049
:105E50000000F80B00000000F80B00000000F80B39
:105E600000000000F80B00000000F80B000000002C
:105E7000F80B00000000F80F0000000064060000AE
:105E80000000000000000000000000000000000012
:105E90000000000000000000000000000000000002
:105EA00000000000000000000000000000000000F2
:105EB00000000000000000000000000000000000E2
:105EC000000000000000000040660000660080BF87
:105ED0000040FF0080BF0040FF0080BF0040FF0087
:105EE00080BF0040FF0080BF0040FF0080BF004037
:105EF000FF0080BF0040FF0080BF0040FF0080BF68
:105F00000040FF0080BF0040FF0080BF0040FF0056
:105F100080BF0040FF0080BF0040FF0080BF004006
:105F2000FF0080BF0040FF0080BF0040FF0080BF37
:105F30000040BF0040FF0080BF0040FF02D07F0054
:105F400000FEAFFA2F0000FDFFFF0F0000E4FFFF8F
:105F500002000040FA6B000000000000000000009A
:105F60000000000000000000000000000000000031
:105F70000000000000000000000000000000000021
:105F80000000000000000000000000000000000011
:105F90000000000000000000000000000000000001
:105FA000601500006405F03F0000FD07E07F000081
:105FB000FE03D07F0000FF02C0BF0040FF0180FF52
:105FC0000040FF0040FF0180BF0000FF02C07F00D3
:105FD00000FE03D03F0000FE07E02F0000FD07F0A9
:105FE0001F0000FC0BF41F0000F80FF40F0000F47A
:105FF0001FF80B0000F02FFC070000E03FFD03003E
:1060000000D03FFE020000C07FFE01000080BFFF05
:1060100000000040FFBF00000040FF7F00000000C4
:10602000FE3F00000000FE2F000000009815000059
:106030000000000000000000000000000000000060
:106040000000000000000000000000000000000050
:106050000000000000000000000000000000000040
:106060000000000000000000000000000000000030
:10607000000000000000000090090000A401E01FE3
:106080000000F803E01F0000F802E01F0000F80223
:10609000D01F0000F802D01F0000FC02D01F00003B
:1060A000FC02D01F5001FC02D01FF007FC02D01FE1
:1060B000F40BFC01C02FF80FFC01C02FF81FFD01ED
:1060C000C02FFD2FFD01C02FFD3FFD01C02F7E7FA2
:1060D000FD01802F3F7EFD00806F2FBEFD0080AF51
:1060E0001FFDFD0080EF0FFCFE0080FF0BF8FF009E
:1060F00080FF07F4BF0040FF03F0BF0040FF02E055
:10610000BF00405601506500000000000000000084
:10611000000000000000000000000000000000007F
:10612000000000000000000000000000000000006F
:10613000000000000000000000000000000000005F
:10614000000000000000000000000000000000004F
:10615000906500409601D0FF00C0FF0140FF01D0D4
:106160007F0000FF03F03F0000FD0BF41F0000F86C
:106170000FFC0B0000F02FFE070000E07FFF020085
:1061800000C0FFFF00000040FF7F00000000FE2F66
:1061900000000000FD1F00000000FE2F0000004076
:1061A000FF7F00000080FFFF000000D0BFFF020063
:1061B00000F02FFE070000F81FFD0B0000FC0BF89D
:1061C0001F0000FE07F43F0040FF02E0BF00C0FFD9
:1061D00001D0FF01E0BF0080FF0350150000550211
:1061E00000000000000000000000000000000000AF
:1061F000000000000000000000000000000000009F
:10620000000000000000000000000000000000008E
:10621000000000000000000000000000000000007E
:106220000000000000000000501900005502E07F4F
:106230000000FE03C0BF0040FF0180FF0180BF00DF
:1062400000FF02D07F0000FE03E02F0000FC0BF4F3
:106250001F0000F80FF80B0000F02FFD070000E012
:106260003FFE020000C0BFFF01000080FFBF000032
:106270000000FF7F00000000FE2F00000000FC1F58
:1062800000000000F80B00000000F80B0000000008
:10629000F80B00000000F80B00000000F80B0000F5
:1062A0000000F80B00000000F80B00000000F80FE1
:1062B0000000000064060000000000000000000074
:1062C00000000000000000000000000000000000CE
:1062D00000000000000000000000000000000000BE
:1062E00000000000000000000000000000000000AE
:1062F000000000000000000000000000000000009E
:106300000099AAAA660000FFFFFFBF0000FFFFFF81
:10631000BF0000FFFFFFBF000099AAFA7F00000046
:1063200000F82F00000000FD0B00000000FF070038
:10633000000080FF01000000D0BF00000000F03F1F
:1063400000000000F81F00000000FD0B000000002E
:10635000FF0300000080FF01000000D0BF0000002C
:1063600000F03F00000000F81F00000000FD0B00DF
:10637000000000FFABA9660040FFFFFFBF0040FF29
:10638000FFFFBF0040FFFFFFBF0040A6AAAA6600B4
:1063900000000000000000000000000000000000FD
:1063A00000000000000000000000000000000000ED
:1063B00000000000000000000000000000000000DD
:1063C00000000000000000405555000000C0FFFF25
:1063D000010000C0FFFF010000C0FFFF010000C07E
:1063E0007F00000000C03F00000000C03F00000030
:1063F00000C03F00000000C03F00000000C03F00A0
:10640000000000C03F00000000C03F00000000C0CE
:106410003F00000000C03F00000000C03F0000003F
:1064200000C03F00000000C03F00000000C03F006F
:10643000000000C03F00000000C03F00000000C09E
:106440003F00000000C03F00000000C03F0000000F
:1064500000C03F00000000C03F00000000C03F003F
:10646000000000C03F00000000C03F00000000C06E
:106470003F00000000C03F00000000C0BFAA0100B4
:106480000080FFFF010000C0FFFF010000405555E4
:1064900001000000000000000000000000000000FB
:1064A0000000000000550000000000FF0100000097
:1064B00000FD0200000000FC0700000000F80B00D7
:1064C000000000F00F00000000E01F00000000D0FE
:1064D0003F00000000807F0000000040BF0000007F
:1064E0000000FF0100000000FE0200000000FC03AD
:1064F00000000000F80B00000000F40F0000000096
:10650000E01F00000000D02F00000000C07F00004E
:10651000000080BF0000000000FF0000000000FE3F
:106520000200000000FD0300000000F8070000006A
:1065300000F40B00000000F01F00000000E02F003E
:10654000000000C03F0000000080BF0000000040CD
:10655000FF000000000055000000000000000000E7
:10656000000000000000000000000000000000002B
:1065700000000000000000405515000000E0FFBFD3
:10658000000000E0FFBF000000E0FFBF00000000CF
:1065900040BF0000000040BF0000000040BF0000FE
:1065A000000040BF0000000040BF0000000040BFEE
:1065B0000000000040BF0000000040BF00000000DD
:1065C00040BF0000000040BF0000000040BF0000CE
:1065D000000040BF0000000040BF0000000040BFBE
:1065E0000000000040BF0000000040BF00000000AD
:1065F00040BF0000000040BF0000000040BF00009E
:10660000000040BF0000000040BF0000000040BF8D
:106610000000000040BF0000000040BF000000007C
:1066200040BF0000000040BF00000090EABF000033
:1066300000E0FFBF000000E0FFBF00000050555524
:10664000000000000000000000000000000000004A
:10665000000000000000000000000000000000003A
:106660000000500100000000F80B00000000FD1FBA
:1066700000000000FF3F000000407FBF000000C09E
:106680001FFD010000E00BFC020000F407F407000E
:1066900000F802E00F0000FD01D02F0000BF0080D5
:1066A0007F00402A0000AA00000000000000000057
:1066B00000000000000000000000000000000000DA
:1066C00000000000000000000000000000000000CA
:1066D00000000000000000000000000000000000BA
:1066E00000000000000000000000000000000000AA
:1066F000000000000000000000000000000000009A
:106700000000000000000000000000000000000089
:106710000000000000000000000000000000000079
:106720000000000000000000000000000000000069
:106730000000000000000000000000000000000059
:106740000000000000000000000000000000000049
:106750000000000000000000000000000000000039
:106760000000000000000000000000000000000029
:106770000000000000000000000000000000000019
:106780000000000000000000000000000000000009
:1067900000000000000000000000000000000000F9
:1067A00000000000000000000000000000000000E9
:1067B00000000000000000000000000000000000D9
:1067C00000000000000000000000000000000000C9
:1067D00000000000000000000000A4AAAAAAAA0667
:1067E000F4FFFFFFFF0BF4FFFFFFFF0BA4AAAAAA11
:1067F000AA060000000000000000000000000000E9
:106800000000000000550100000000FE0B00000029
:1068100000F43F0000000080FF0000000000FE07C1
:10682000000000005405000000000000000000000F
:106830000000000000000000000000000000000058
:106840000000000000000000000000000000000048
:106850000000000000000000000000000000000038
:106860000000000000000000000000000000000028
:106870000000000000000000000000000000000018
:106880000000000000000000000000000000000008
:1068900000000000000000000000000000000000F8
:1068A00000000000000000000000000000000000E8
:1068B00000000000000000000000000000000000D8
:1068C00000000000000000000000000000000000C8
:1068D00000000000000000000000000000000000B8
:1068E00000000000000000000000000000000000A8
:1068F0000000000000000000000000000000000098
:106900000000000000000050AA5A000000F8FFFF3D
:10691000020000FCFFFF0F0000FCAAFE2F00001881
:1069200000E03F00000000D03F00000000D03F002A
:10693000000054EA3F000090FFFF3F0000F8FFFF17
:106940003F0000FDAFEA3F0000FF02D03F0040FFE4
:1069500001D03F0040FF01E03F0040FF02F83F0050
:1069600000FFABFF3F0000FEFFAF3F0000F8FF8BD2
:106970003F000090BF411500000000000000000033
:106980000000000000000000000000000000000007
:1069900000000000000000000000000000000000F7
:1069A00000000000000000000000000000000000E7
:1069B0000000000000550000000000FE0200000082
:1069C00000FE0100000000FE0100000000FE0100CA
:1069D000000000FE0100000000FE0100000000FEBB
:1069E000416A000000FEF5FF070000FEFEFF1F00E9
:1069F00000FEFFFF3F0000FE7FE47F0000FE0FC0AF
:106A0000BF0000FE0380FF0000FE0240FF0100FE09
:106A10000140FF0100FE0140FF0100FE0140FF01B7
:106A200000FE0140FF0000FE0180FF0000FE01D0DB
:106A3000BF0000FE01F47F0000FEABFE2F0000FE51
:106A4000FFFF0B0000FEFFFF020000A4FE1B000082
:106A50000000000000000000000000000000000036
:106A60000000000000000000000000000000000026
:106A70000000000000000000000000000000000016
:106A80000000000000000000000000000000000006
:106A900000000000000000000000000000000000F6
:106AA00000000000000000000000000000000000E6
:106AB000000000000000000090AA06000000FEFF99
:106AC0002F000080FFFF2F0000E0FFFF2F0000F8E5
:106AD0007F41290000FC1F00000000FD07000000AE
:106AE00000FE0300000000FE0200000000FF0200A4
:106AF000000000FF0200000000FE0300000000FE96
:106B00000700000000FD0F00000000FC6F001400F3
:106B100000F4FFEB2F0000E0FFFF2F000040FFFF1D
:106B20002F000000E4BF060000000000000000008D
:106B30000000000000000000000000000000000055
:106B40000000000000000000000000000000000045
:106B50000000000000000000000000000000000035
:106B600000000000000000401500000000D07F0081
:106B7000000000D07F00000000D07F00000000D0A7
:106B80007F00000000D07F00000000C07F000000F8
:106B9000A4EA7F000080FFFF7F0000F4FFFF7F007A
:106BA00000FCBFFE7F0000FE0BD07F0040FF02C054
:106BB0007F0040FF01D07F0080BF00D07F0080BFFA
:106BC00000D07F00C0BF00D07F00C0BF00D07F00DA
:106BD00080BF00C07F0080BF00E07F0080FF01F425
:106BE0007F0040FF02FD7F0000FEEFFF7F0000FD01
:106BF000FFAF3F0000F4FF8B7F000090BF41150006
:106C00000000000000000000000000000000000084
:106C10000000000000000000000000000000000074
:106C20000000000000000000000000000000000064
:106C30000000000000000000000000000000000054
:106C40000000000000000000000000000000000044
:106C50000000000000000000000000000000000034
:106C60000000000000000000A41A00000080FFFFE8
:106C7000020000E0FFFF0B0000F8AFFE1F0000FD68
:106C800007E03F0000FE02C07F0000FF0180BF0060
:106C900040FF5595BF0040FFFFFFBF0040FFFFFFD3
:106CA000BF0040FFAAAA6A0040FF0000000040FFAA
:106CB0000100000000FF0200000000FE0B000000C9
:106CC00000FCBFAA2E0000F4FFFF2F0000D0FFFF42
:106CD0002F000000E9BF1A000000000000000000C3
:106CE00000000000000000000000000000000000A4
:106CF0000000000000000000000000000000000094
:106D00000000000000000000000000000000000083
:106D100000000000000000545500000080FFFF014B
:106D20000000E0FFFF010000F8FFFF010000FC1F72
:106D300050000000FD0700000000FE0200000000FF
:106D4000FE0200000000FE0200000000FE02000043
:106D500040A6FEAA6600C0FFFFFFBF00C0FFFFFF06
:106D6000BF0080AAFFABAA000000FE0200000000E6
:106D7000FE0200000000FE0200000000FE02000013
:106D80000000FE0200000000FE0200000000FE0203
:106D900000000000FE0200000000FE0200000000F3
:106DA000FE0200000000FE02000000009901000049
:106DB00000000000000000000000000000000000D3
:106DC00000000000000000000000000000000000C3
:106DD00000000000000000000000000000000000B3
:106DE00000000000000000000000000000000000A3
:106DF0000000000000000000000000000000000093
:106E00000000000000000000000000000000000082
:106E10000000000000000000A956550000D0FFFF50
:106E2000FF0100F4FFFFFF0100FC5BFDFF0100FD1F
:106E300002F00F0000FE01E01F0000FE01E01F0055
:106E400000FE01E01F0000FD02F41F0000FCAFFE89
:106E50000B0000F4FFFF020000FDFFBF000000FE7A
:106E60005405000000BF0000000000FF010000000A
:106E700000FFFFAA010000FDFFFF2F0000F8FFFF49
:106E8000BF0000FE56E9FF0040FF0040FF0180BF49
:106E90000000FF01C0BF0080FF0080FF06E4BF00CC
:106EA00040FFFFFF2F0000FDFFFF0B000090FE6B77
:106EB00000000000000000000000000000000000D2
:106EC0000000000000550000000000FE020000006D
:106ED00000FE0100000000FE0100000000FE0100B5
:106EE000000000FE0100000000FE0100000000FEA6
:106EF000416A000000FEF5FF070000FEFEFF1F00D4
:106F000000FEFFFF2F0000FE7FF43F0000FE0FD0C9
:106F10003F0000FE03D07F0000FE02D07F0000FE95
:106F200001D07F0000FE01D07F0000FE01D07F0075
:106F300000FE01D07F0000FE01D07F0000FE01D0E6
:106F40007F0000FE01D07F0000FE01D07F0000FE28
:106F500001D03F0000FF02D07F00009901801A009D
:106F60000000000000000000000000000000000021
:106F70000000000000000000000000000000000011
:106F80000000000000000000000000000000000001
:106F9000000000000000000000000000000090065B
:106FA00000000000F41F00000000F82F00000000A7
:106FB000FC2F00000000F41F0000000090060000FD
:106FC00000000000000000545505000000FCFF1FF9
:106FD000000000FCFF1F000000FCFF1F000000007D
:106FE000F01F00000000F01F00000000F01F000074
:106FF0000000F01F00000000F01F00000000F01F64
:1070000000000000F01F00000000F01F0000000062
:10701000F01F00000000F01F00000000F01F000043
:1070200000AAFABF6A0000FEFFFFBF0000FEFFFFDC
:10703000BF000099AAAA660000000000000000003E
:107040000000000000000000000000000000000040
:107050000000000000000000000000000000000030
:107060000000000000000000000000000000000020
:1070700000000000000000A40100000000FD070067
:10708000000000FF0B00000000FF0B00000000FEEE
:107090000700000000A401000000000000000054F0
:1070A0005555010000FEFFFF070000FEFFFF07002F
:1070B00000FEFFFF0700000000FD0700000000FCCD
:1070C0000700000000FC0700000000FC07000000B3
:1070D00000FC0700000000FC0700000000FC0700A7
:1070E000000000FC0700000000FC0700000000FC9E
:1070F0000700000000FC0700000000FC0700000083
:1071000000FC0700000000FC0700000000FC070076
:10711000000000FD0700000000FE0300400640FFE5
:10712000020040BFEAFF010040FFFFBF000040FF38
:10713000FF1F000000E9BF01000000000000000088
:1071400000000000000000000000000000540100EA
:10715000000000FE0200000000FE0200000000FE31
:107160000200000000FE0200000000FE020000001D
:1071700000FE0200000000FE0240550000FE02E09A
:10718000BF0000FE02F82F0000FE02FD0B0000FE13
:1071900042FF020000FEC2FF000000FEF27F00007E
:1071A00000FEFA1F000000FEFF07000000FEFF0BBC
:1071B000000000FEFA1F000000FEF27F000000FE4B
:1071C000D2FF000000FE42FF020000FE02FE0B00A4
:1071D00000FE02FC1F0000FE02F47F0000FE02D051
:1071E000FF0100990140950100000000000000002F
:1071F000000000000000000000000000000000008F
:10720000000000000000000000000000000000007E
:10721000000000000000000000000000000000006E
:107220000000000000545505000000FCFF1F000096
:1072300000FCFF1F000000FCFF1F00000000F01F0B
:1072400000000000F01F00000000F01F0000000020
:10725000F01F00000000F01F00000000F01F000001
:107260000000F01F00000000F01F00000000F01FF1
:1072700000000000F01F00000000F01F00000000F0
:10728000F01F00000000F01F00000000F01F0000D1
:107290000000F01F00000000F01F00000000F01FC1
:1072A00000000000F01F000000AAFABF6A0000FE04
:1072B000FFFFBF0000FEFFFFBF000099AAAA660003
:1072C00000000000000000000000000000000000BE
:1072D00000000000000000000000000000000000AE
:1072E000000000000000000000000000000000009E
:1072F000000000000000000000000000000000008E
:10730000000000000000000000000000000000007D
:10731000000000000000000000000000000000006D
:1073200000000000000040056A801A00D08FFFF1C5
:107330007F00D0EFFFFAFF00D0FFFEBFFF01D0BFFC
:10734000F42FFD01D07FF40FFD02D02FF40BFD02CE
:10735000D01FF407FD02D02FF407FD02D01FF40761
:10736000FD02D01FF407FD02D01FF407FD02D01F5D
:10737000F407FD02D01FF407FD02D01FF407FD0241
:10738000D01FF407FD02D01FF407FD01D02FF40B2E
:10739000FD02801960069801000000000000000056
:1073A00000000000000000000000000000000000DD
:1073B00000000000000000000000000000000000CD
:1073C00000000000000000000000000000000000BD
:1073D00000000000000000000000000000000000AD
:1073E000000000000000000000000000000000009D
:1073F0000000000000000000000000000000005538
:10740000406A000000FEF4FF070000FEFDFF1F00C1
:1074100000FEFFFF2F0000FE7FF43F0000FE0FD0B4
:107420003F0000FE03D07F0000FE02D07F0000FE80
:1074300001D07F0000FE01D07F0000FE01D07F0060
:1074400000FE01D07F0000FE01D07F0000FE01D0D1
:107450007F0000FE01D07F0000FE01D07F0000FE13
:1074600001D03F0000FF02D07F00009901801A0088
:10747000000000000000000000000000000000000C
:1074800000000000000000000000000000000000FC
:1074900000000000000000000000000000000000EC
:1074A00000000000000000000000000000000000DC
:1074B00000000000000000000000000000000000CC
:1074C00000000000000000000000000000000000BC
:1074D0000000000000000000A51A00000090FFFF5F
:1074E000020000F4FFFF0B0000FDFFFF2F0000FE75
:1074F0001BF47F0040FF02D0BF0080FF0080FF0030
:1075000080BF0040FF01C0BF0040FF01C07F0040BE
:10751000FF01C0BF0040FF01C0BF0040FF0080FF6F
:107520000080FF0040FF01C0BF0000FF07F47F00A4
:1075300000FEBFFE2F0000F8FFFF0B0000E0FFFF82
:1075400002000040FA6B0000000000000000000094
:10755000000000000000000000000000000000002B
:10756000000000000000000000000000000000001B
:10757000000000000000000000000000000000000B
:1075800000000000000000000000000000000000FB
:1075900000000000000000000000000000000000EB
:1075A0000000000000000000000000000000005586
:1075B000406A000000FEF4FF070000FEFDFF1F0010
:1075C00000FEFFFF3F0000FE7FE47F0000FE0FC0D3
:1075D000BF0000FE0380FF0000FE0240FF0100FE2E
:1075E0000140FF0100FE0140FF0100FE0140FF01DC
:1075F00000FE0140FF0000FE0180FF0000FE01D000
:10760000BF0000FE01F47F0000FEABFE2F0000FE75
:10761000FFFF0B0000FEFFFF020000FEFB1B00004F
:1076200000FE0100000000FE0100000000FE01005D
:10763000000000FE0100000000FE0100000000FF4D
:1076400002000000005501000000000000000000E2
:10765000000000000000000000000000000000002A
:10766000000000000000000000000000000000001A
:10767000000000000000000000000000000000000A
:107680000000000000000000A46A25000080FFFF49
:107690007F0000F4FFFF7F0000FCBFFE7F0000FEC4
:1076A0000BD07F0040FF02C07F0040FF01D07F0071
:1076B00080BF00D07F0080BF00D07F00C0BF00D05F
:1076C0007F00C0BF00D07F0080BF00C07F0080BFB0
:1076D00000E07F0080FF01F47F0040FF02FD7F009B
:1076E00000FEEFFF7F0000FDFFEF7F0000F4FFCB07
:1076F0007F000090BFC17F00000000D07F0000002D
:1077000000D07F00000000D07F00000000D07F008C
:10771000000000D03F00000000D07F0000000040CB
:107720001500000000000000000000000000000044
:107730000000000000000000000000000000000049
:107740000000000000000000000000000000000039
:1077500000000000000000000000000000000054D5
:1077600001A9010000FCD3FF0F0000FCF6FF3F0061
:1077700000FCFFFB7F0000FCBFC0BF0000FC2F80AF
:10778000FF0000FC0B40FF0000FC0740AA0000FCCB
:107790000700000000FC0700000000FC07000000DC
:1077A00000FC0700000000FC0700000000FC0700D0
:1077B000000000FC0700000000FC0700000000FCC7
:1077C0000700000000FC0700000000640200000049
:1077D00000000000000000000000000000000000A9
:1077E0000000000000000000000000000000000099
:1077F0000000000000000000000000000000000089
:107800000000000000000000000000000000000078
:107810000000000000000000000000000000000068
:107820000000000000000000000000000000000058
:107830000000000000000000A56A01000090FFFFAA
:107840000B0000F4FFFF0B0000FCAFEA0B0000FD93
:107850000700050000FE0300000000FD0B00000013
:1078600000FDBF01000000F8FF6F000000E0FFFF17
:1078700006000040FEFF1F00000090FF2F000000E8
:1078800000F43F00000000E03F00000500F02F0082
:1078900000AE55FD1F0000FDFFFF0B0000FEFFFFC7
:1078A000020000A4FF6B00000000000000000000C8
:1078B00000000000000000000000000000000000C8
:1078C00000000000000000000000000000000000B8
:1078D00000000000000000000000000000000000A8
:1078E0000000000000000000000000000000000098
:1078F0000000A40000000040FF0000000040FF0066
:1079000000000040FF0000000040FF000000409524
:10791000FF551500D0FFFFFF3F00D0FFFFFF3F00E6
:10792000D0FFFFFF2F000040FF0000000040FF00DD
:1079300000000040FF0000000040FF000000004089
:10794000FF0000000040FF0000000040FF000000BA
:107950000040FF0000000040FF0000000040FF006A
:1079600000000040FF0200000000FFAB2A00000002
:10797000FEFF3F000000F8FF3F00000090FE2A00DD
:1079800000000000000000000000000000000000F7
:1079900000000000000000000000000000000000E7
:1079A00000000000000000000000000000000000D7
:1079B00000000000000000000000000000000000C7
:1079C00000000000000000000000000000000000B7
:1079D00000000000000000000000000000000000A7
:1079E00000000000000000550040150000FF01D01D
:1079F0003F0000FE01D03F0000FE01D03F0000FE2E
:107A000001D03F0000FE01D03F0000FE01D03F004A
:107A100000FE01D03F0000FE01D03F0000FE01D07B
:107A20003F0000FE01D03F0000FE01D03F0000FEFD
:107A300001E03F0000FE02F43F0000FE03FD3F00B6
:107A400000FDEFFF3F0000FCFFAF3F0000F4FF8BA5
:107A50003F000090BF411500000000000000000042
:107A60000000000000000000000000000000000016
:107A70000000000000000000000000000000000006
:107A800000000000000000000000000000000000F6
:107A900000000000000000000000000000000000E6
:107AA00000000000000000000000000000000000D6
:107AB0000000000000000000000000000000501561
:107AC00000005401E07F0000FE03C0BF0000FF0182
:107AD00080FF0040FF0040FF0180BF0000FF02C0A8
:107AE0007F0000FE03D03F0000FD07E02F0000F8FC
:107AF0000BF40F0000F40FF80B0000F01FFC070060
:107B000000E02FFD030000D03FFE02000080BFFF19
:107B100001000040FFBF00000000FF7F00000000E8
:107B2000FE3F00000000FD2F000000006405000083
:107B30000000000000000000000000000000000045
:107B40000000000000000000000000000000000035
:107B50000000000000000000000000000000000025
:107B60000000000000000000000000000000000015
:107B70000000000000000000000000000000000005
:107B800000000000000000000000000000000000F5
:107B9000000000000000500500005001F00F000040
:107BA000F807E01F0000F803E01F0000F803E01FE3
:107BB0000000FC02D02F5001FC02D02FF40BFC027D
:107BC000D02FF80FFD01C03FF81FFD01803FFC2FB3
:107BD000FD00803FFD3FFE00807FBE7FBE0040BFB6
:107BE0003FBEBE0040FF2FFEBF0040FF2FFD7F00C5
:107BF00000FF1FFC7F0000FE0BF87F0000FE0BF46F
:107C00003F00005902901500000000000000000035
:107C10000000000000000000000000000000000064
:107C20000000000000000000000000000000000054
:107C30000000000000000000000000000000000044
:107C40000000000000000000000000000000000034
:107C50000000000000000000000000000000000024
:107C6000000000000000000000000000000040557F
:107C70000000550080FF0180FF0100FF03D07F005E
:107C800000FD0BF02F0000F81FF80F0000F03FFD83
:107C9000070000D0BFFF02000040FFFF000000000F
:107CA000FE7F00000000FC2F00000000FE7F0000AF
:107CB0000040FFFF000000D0BFFF020000F03FFEC9
:107CC000070000F81FFC1F0000FD0BF42F0040FF11
:107CD00002E0BF00C0FF01C0FF01906500405601F7
:107CE0000000000000000000000000000000000094
:107CF0000000000000000000000000000000000084
:107D00000000000000000000000000000000000073
:107D10000000000000000000000000000000000063
:107D20000000000000000000000000000000000053
:107D30000000000000000000000000000000000043
:107D4000000000000000501500005401E07F00001A
:107D5000FE03C0BF0000FF0180FF0040FF0040FFA6
:107D60000180BF0000FF02D07F0000FE03E03F0063
:107D700000FD07F02F0000F80BF40F0000F40FF8DF
:107D80000B0000F01FFC070000E03FFD030000D0E7
:107D90003FFE02000080BFFF00000040FFBF000068
:107DA0000000FF7F00000000FE3F00000000FD1FFC
:107DB00000000000FC0F00000000FD0B00000000B0
:107DC000FE0300000080FF01000090F9BF000000EA
:107DD000D0FF2F000000D0FF0B000000D0AF01004B
:107DE0000000000000000000000000000000000093
:107DF0000000000000000000000000000000000083
:107E00000000000000000000000000000000000072
:107E1000000000000000000000000000000000540E
:107E20005555150000FDFFFF2F0000FDFFFF2F003F
:107E300000FDFFFF2F000099A6FE1F00000000FEBE
:107E40000700000040FF02000000D0BF000000005B
:107E5000F03F00000000F81F00000000FE0B0000D3
:107E60000040FF02000000D0FF00000000F07F0093
:107E7000000000F86F55150000FDFFFF3F0000FEF9
:107E8000FFFF3F0000FEFFFF3F000099AAAA190074
:107E900000000000000000000000000000000000E2
:107EA00000000000000000000000000000000000D2
:107EB00000000000000000000000000000000000C2
:107EC000000000000000000000400500000000FE6F
:107ED0000B000000D0FF0B000000F0FF0B000000C3
:107EE000F41F00000000F80700000000FC03000081
:107EF0000000FC0300000000FC0300000000FC0385
:107F000000000000FC0300000000FC030000000073
:107F1000FC0200000000FD0200000094FF010000D0
:107F200000FE7F00000000FE1F00000000FEBF00FA
:107F300000000040FF0100000000FD020000000002
:107F4000FC0200000000FC0300000000FC03000035
:107F50000000FC0300000000FC0300000000FC0324
:107F600000000000FC0300000000FC030000000013
:107F7000F80700000000F81F00000000F0BF0A0032
:107F80000000D0FF0B00000040FE0B00000000547A
:107F900005000000000000000000F40B00000000DD
:107FA000F40B00000000F40B00000000F40B0000D4
:107FB0000000F40B00000000F40B00000000F40BC4
:107FC00000000000F40B00000000F40B00000000B3
:107FD000F40B00000000F40B00000000F40B0000A4
:107FE0000000F40B00000000F40B00000000F40B94
:107FF00000000000F40B00000000F40B0000000083
:10800000F40B00000000F40B00000000F40B000073
:108010000000F40B00000000F40B00000000F40B63
:1080200000000000F40B00000000F40B0000000052
:10803000F40B00000000F40B00000000F40B000043
:108040000000F40B00000000F40B00000000F40B33
:1080500000000000F40B00000000F40B0000000022
:10806000F40B00000000A406000000000000000067
:1080700000000000000000500100000000F46F004C
:10808000000000F4FF01000000F4FF070000000002
:10809000FD0B00000000F40F00000000E01F0000D6
:1080A0000000E01F00000000E01F00000000E01FD3
:1080B00000000000E01F00000000E01F00000000C2
:1080C000E01F00000000D02F00000000C0BF15001E
:1080D000000040FE3F00000000F93F00000040FFAC
:1080E0002F000000C0BF00000000D02F00000000E3
:1080F000E01F00000000E01F00000000E01F000083
:108100000000E01F00000000E01F00000000E01F72
:1081100000000000E01F00000000E01F0000000061
:10812000F00F00000000F80B000000A4FF070000A3
:1081300000F4FF02000000F47F000000005405007E
:10814000000000000000000000000000000000002F
:10815000000000000000000000000000000000001F
:10816000000000000000000000000000000000000F
:1081700000000000000000000000000000000000FF
:1081800000000000000000000000000000000000EF
:1081900000000000000000400100000000F82F0077
:1081A000000000FFBF00F80280FFFF07FC02C0BF15
:1081B000FE1FFE01D01FF4FFFF01D01FD0FFBF0044
:1081C000500540FE2F00000000A406000000000043
:1081D000000000000000000000000000000000009F
:1081E000000000000000000000000000000000008F
:1081F000000000000000000000000000000000007F
:10820000000000000000000000000000000000006E
:10821000000000000000000000000000000000005E
:10822000000000000000000000000000000000004E
:10823000000000000000000000000000000000003E
:10824000000000000000000000000000000000002E
:10825000000000000000000000000000000000001E
:10826000000000000000000000000000000000000E
:1082700000000000000000000000000000000000FE
:1082800000000000000000000000000000F00700F7
:1082900000F0070000F0070000F0030000F003000A
:1082A00000F0030000F0030000E0030000E0030022
:1082B00000E0030000E0020000E0030000500100C5
:1082C0000000000000E0020000F4070000F40700D6
:1082D00000E00200000000000000000000000000BC
:1082E000000000000000000000000000402F7E00A1
:1082F000402F7D00402F7D00402F7D00001F7D001E
:10830000001F7D00000514000000000000000000B8
:10831000000000000000000000000000000000005D
:10832000000000000000000000000000000000004D
:10833000000000000000000000000000000000003D
:10834000000000000000000000000000000000002D
:108350000029A400002DF400002EB800002EB80063
:10836000A0BFFE0AF0FFFF0B906FBE05001F7C0050
:10837000401F7C00400F3D00A4AFBE02F8FFFF038A
:10838000945F7E01800B2E00800B2E00800B2E0050
:1083900080061A000000000000000000000000003D
:1083A000000000000000050000400F0000400B002E
:1083B00000E46B0040FFFF00D0FFFB00E0CB430078
:1083C000F0C30300F0D70200E0FF0200C0FF1B0073
:1083D00000FEBF0000F4FF0100F0FD0300F0F00319
:1083E00000B4F003A0B5F902F0FFFF01F0FF7F0039
:1083F00050BE060000780000003C0000003D000078
:10840000000000000000000000010000D02F400B21
:10841000F47EC007B8B8E00278B4F400B8B47C00C9
:10842000F47E2D00E02F1F0040850B0000D00300DC
:1084300000F0010000B8A801007DFE07005E9F0B60
:10844000408F4B0BC0874B0BE0428B0BF400FF07B8
:108450006800B901000000000000000000000000FA
:1084600000000000000000000000000000F906000D
:1084700040FF1F00D05F3F00D0077E00E0077E0076
:10848000D0073F00C0DF1F0040FF070040FF000093
:10849000D0FFD107F0F7D307F4E1EB03F881FF0237
:1084A000F801FF01F802FD01F4ABFF02E0FFFF0B52
:1084B00040FE861A000000000000000000000000DE
:1084C00000000000000000000000000000F00700B5
:1084D00000F0030000F0030000E0030000E00300F0
:1084E00000E0030000400100000000000000000068
:1084F000000000000000000000000000000000007C
:10850000000000000000000000000000000000006B
:10851000000000000000000000000000000000005B
:1085200000000000000000000000180000007E00B5
:1085300000402F0000D00F0000E0070000F4020010
:1085400000F8000000BD0000007D0000007E00007B
:10855000003E0000003E0000003E0000003E000023
:10856000007E0000007D000000BD000000F801005A
:1085700000F4020000E0070000D00F0000802F0090
:10858000000000000000000000090000002F0000B3
:1085900000BE000000F8010000F0030000D00B0056
:1085A00000C00F0000801F0000402F0000002F00BF
:1085B00000003E0000003E0000003E0000003E00C3
:1085C00000002F0000402F0000801F0000C00F009F
:1085D00000D00B0000F0030000F8010000BE000016
:1085E00000000000000000000000000000E00200A9
:1085F00040E0420080D3E200D0EFFE0140FE6F0079
:1086000000F80B0040FFBF00D0EBFA0180D2A200BF
:1086100000E00200009002000000000000000000E6
:10862000000000000000000000000000000000004A
:10863000000000000000000000000000000000003A
:10864000000000000000000000000000000000002A
:10865000000000000000000000000000000000001A
:1086600000E0020000E0030000E0030000E003007F
:1086700050E55701F4FFFF07F4FFFF0750E55701EE
:1086800000E0030000E0030000E0030000E003005E
:108690000050010000000000000000000000000089
:1086A00000000000000000000000000000000000CA
:1086B00000000000000000000000000000000000BA
:1086C00000000000000000000000000000000000AA
:1086D000000000000000000000000000000000009A
:1086E00000A0010000F4070000F80B0000F40B00EC
:1086F00000D00B0000D00B0000E0030040FE0100A2
:108700000000000000000000000000000000000069
:108710000000000000000000000000000000000059
:108720000000000000000000000000000000000049
:108730000055150000FF7F0000FF7F000055150069
:108740000000000000000000000000000000000029
:108750000000000000000000000000000000000019
:108760000000000000000000000000000000000009
:1087700000000000000000000000000000000000F9
:1087800000000000000000000000000000000000E9
:1087900000000000000000000000000000000000D9
:1087A00000E0020000F80B0000F80B0000F80B00DE
:1087B00000E00200000000000000000000000000D7
:1087C0000000000000000000000000000000F402B3
:1087D0000000F8010000BC0000007D0000003E0029
:1087E00000402F0000801F0000C00B0000D00700D9
:1087F00000E0030000F4020000F8010000BC0000EB
:10880000007D0000003E0000402F0000801F00009F
:10881000C00B0000D0070000F0030000A001000022
:108820000000000000000000000000000000000048
:1088300000E81B0040FFBF00C0AFFE01E00BF802E4
:10884000F003F003F402F407F402FE07F4D1FF0B87
:10885000F4F5DB0BF4FFD10BF42FD007F40BE0079A
:10886000F003F003E00BF802D0AFFE0040FF7F0002
:1088700000F91B00000000000000000000000000E4
:1088800000000000000000000000000000000000E8
:108890000090060000F90B0090FF0B00E0EF0B00CA
:1088A000D0D60B0040D00B0000D00B0000D00B0046
:1088B00000D00B0000D00B0000D00B0000D00B004C
:1088C00000D00B0000D00B00D0FFFF03D0FFFF0350
:1088D00090AAAA02000000000000000000000000B2
:1088E0000000000000000000000000000000000088
:1088F00000F91B0080FF7F00D0AFFF008006FD0164
:108900000000F8010000F8010000FC010000BD00BB
:1089100000407F0000C02F0000E00B0000F80200C4
:1089200000BE0000803F0000D0FFFF02E0FFFF0319
:1089300090AAAA0200000000000000000000000051
:108940000000000000000000000000000000000027
:1089500040FE0A00C0FF7F00C0AABF000000FD006B
:108960000000F8010000FC000000BE0000E92F003C
:1089700000FE6F000095FF010000F8020000F00308
:108980000000F4030000F80290AAFF01D0FF7F006E
:10899000D0FF060000000000000000000000000002
:1089A00000000000000000000000000000000000C7
:1089B00000806A0000D07F0000E07F0000F47F00AC
:1089C00000BC7D00007E7D00402F7D00801F7D006B
:1089D000D00B7D00E0037D00F456BE05F8FFFF0BD1
:1089E000F8FFFF0B6465BE0500007D0000007D0000
:1089F000000069000000000000000000000000000E
:108A00000000000000000000000000000000000066
:108A100080AAAA00C0FFFF00C0FFFF00C05B550096
:108A2000C00B0000C00B0000C05F0500C0FF2F009E
:108A3000C0FFFF000000FD010000F8020000F4028A
:108A40000000F4020000FC0190AABF00D0FF2F003C
:108A500090BF0600000000000000000000000000C1
:108A60000000000000000000000000000000000006
:108A70000050AA0000F8FF0000FEAA00806F00006E
:108A8000C00F0000D00B0000E0570500E0FFBF0062
:108A9000F0FFFF02F01BF803F003F007E007E00728
:108AA000E007E007D00BF403C0AFFE0140FFBF00BA
:108AB00000F81B00000000000000000000000000A3
:108AC00000000000000000000000000000000000A6
:108AD000A0AAAA02F0FFFF03E0FFFF035055F9022E
:108AE0000000FC010000BD0000007F0000402F00DE
:108AF00000801F0000D00F0000E00B0000F4030016
:108B000000F8020000FC010000BE0000007F000031
:108B1000402A0000000000000000000000000000EB
:108B20000000000000000000000000000000000045
:108B300000F91B0040FFBF00D05FF901D007F4022D
:108B4000E007F002D00BF801C07FBE0040FF2F000D
:108B500000FD2F0040BFFF00D01FFD02E007F4031F
:108B6000E003F003E007F403E06FFE0280FFBF00C4
:108B700000F91B00000000000000000000000000E1
:108B800000000000000000000000000000000000E5
:108B900000F91B0080FF7F00D0AFFE00F007F80156
:108BA000F003F402F402F402F403F003F00BF9030F
:108BB000D0FFFF0380FFFF030054F5020000F40222
:108BC0000000FC010050BF00D0FF3F00D0FF0B00B1
:108BD000906A01000000000000000000000000009A
:108BE0000000000000000000000000000000000085
:108BF0000000000000000000000000000000000075
:108C000000E0020000F40B0000F80B0000F4070085
:108C10000050010000000000000000000000000003
:108C20000050010000F4070000F80B0000F40B00F6
:108C300000E0020000000000000000000000000052
:108C40000000000000000000000000000000000024
:108C50000000000000000000000000000000000014
:108C600000E0020000F40B0000F80B0000F4070025
:108C700000500100000000000000000000000000A3
:108C80000090010000F4070000F40B0000F00F005A
:108C900000D00F0000C00B0000E0070040FE010004
:108CA00000000000000000000000000000000000C4
:108CB000000000000000000000000000000028008C
:108CC0000000BE0000C07F0000F40B0000FD0200A9
:108CD00040BF0000D01F0000D02F000040BF0000A8
:108CE00000F8070000E01F0000807F000000BE00C9
:108CF000000028000000000000000000000000004C
:108D00000000000000000000000000000000000063
:108D10000000000000000000000000000000000053
:108D2000000000000000000090AAAA01E0FFFF027E
:108D300090AAAA01000000000000000090AAAA0169
:108D4000E0FFFF0290AAAA0100000000000000005E
:108D50000000000000000000000000000000000013
:108D60000000000000000000000000000000000003
:108D7000000000000000000000000000000A0000E9
:108D8000403F000000FE010000F8070000E01F0067
:108D900000807F000000FD020000FE0100807F00D7
:108DA00000E01F0000FD020040BF0000402F000057
:108DB00000090000000000000000000000000000AA
:108DC00000000000000000000000000000BE0100E4
:108DD00000FE1F0000FA7F000040FF000000FD01C0
:108DE0000000FC010000FC010000FE0000F87F0014
:108DF00000F81B0000F8010000F8000000A40000CB
:108E00000000000000B4000000FD020000FD0200B0
:108E100000B400000000000000000000000000009E
:108E200000000000000000000000050000E46F00EA
:108E300000FDFF01006FE403800FD007D007800B17
:108E4000E002400BF0E16B0FF4F87F0FB4BC6E0F43
:108E5000B83D6E0F782E6E0F782E5E0F7C2E5F0B56
:108E60007C2E5F0B78AEAF0778FDFF03B8B8B90171
:108E7000B8000000F4010000F0021000D05B79009F
:108E800000000000000000000000000000000000E2
:108E900000A40A0000F80F0000FC1F0000BD2F0016
:108EA000007E2F00002F3F00402F7E00401FBD009E
:108EB000800FFD00C00BFC01D00BF801E0FFFF02AA
:108EC000E0FFFF03F067F907F401E00BF801D00FB2
:108ED000A800800A00000000000000000000000060
:108EE0000000000000000000000000000000000082
:108EF00090AA1A00E0FFBF00E0ABFF01E007F80214
:108F0000E007F402E007F402E007F801E0AB7F00BD
:108F1000E0FF7F00E09BFE02E007F403E007E007CC
:108F2000E007F007E007F803E0ABFF02E0FFBF0057
:108F300090AA1600000000000000000000000000E1
:108F40000000000000000000000000000000000021
:108F500000A4BF0100FDFF0240FFFA02C06F400104
:108F6000D00F0000E00B0000F0070000F007000049
:108F7000F0030000F0030000F0070000E00700002D
:108F8000E00F0000D02F400180FFFA0200FEFF0238
:108F900000E4AF010000000000000000000000003D
:108FA00000000000000000000000000000000000C1
:108FB000A0AA0600F0FF6F00F0ABFF00F002FD0278
:108FC000F002F403F002E007F002E007F002E00B29
:108FD000F002E00BF002E00BF002E007F002F00715
:108FE000F002F403F002FD01F0EBBF00F0FF2F00F0
:108FF000A0AA010000000000000000000000000026
:109000000000000000000000000000000000000060
:1090100080AAAA01C0FFFF01C0AFAA01C00F0000D3
:10902000C00F0000C00F0000C01F0000C0FFFF0005
:10903000C0FFFF00C06F5500C00F0000C00F000050
:10904000C00F0000C00F0000C0AFAA01C0FFFF01A9
:1090500080AAAA010000000000000000000000003B
:109060000000000000000000000000000000000000
:1090700080AAAA00C0FFFF01C0AFAA00C00F000075
:10908000C00F0000C00F0000C00F0000C06F5500EF
:10909000C0FFFF00C0FFBF00C01F0000C00F0000E6
:1090A000C00F0000C00F0000C00F0000C00F000084
:1090B000800A000000000000000000000000000026
:1090C00000000000000000000000000000000000A0
:1090D00000A4AF0100FEFF0380FFFA03D02F400180
:1090E000E00B0000F0030000F4020000F442AA02CA
:1090F000F442FF03F442FA03F402E003F403E00352
:10910000F007E003E01FE003C0FFFA0340FFFF03A6
:1091100000E4AF01000000000000000000000000BB
:10912000000000000000000000000000000000003F
:10913000A002A002F003E003F003E003F003E00369
:10914000F003E003F003E003F057E503F0FFFF0353
:10915000F0FFFF03F09BF603F003E003F003E003EE
:10916000F003E003F003E003F003E003F003E003A7
:10917000A002A002000000000000000000000000AB
:1091800000000000000000000000000000000000DF
:1091900090AAAA01D0FFFF0190FAAB0100F00300F2
:1091A00000F0030000F0030000F0030000F00300F3
:1091B00000F0030000F0030000F0030000F00300E3
:1091C00000F0030000F0030090FAAB01D0FFFF01B4
:1091D00090AAAA01000000000000000000000000AA
:1091E000000000000000000000000000000000007F
:1091F00080AA6A00C0FFBF0080AABE000000BD00B8
:109200000000BD000000BD000000BD000000BD006A
:109210000000BD000000BD000000BD000000BD005A
:109220000000BD0040007F00C0AB3F00C0FF1F003A
:1092300040FE0600000000000000000000000000EA
:10924000000000000000000000000000000000001E
:109250009006A006E007F802E007FD00E0077F00A7
:10926000E0872F00E0C70F00E0E70700E0FB020007
:10927000E0FF0100E0FB0700E0E70B00E0C71F0094
:10928000E0473F00E007BE00E007FD01E007F8030C
:109290009006A00600000000000000000000000092
:1092A00000000000000000000000000000000000BE
:1092B000801A0000801F0000801F0000801F000037
:1092C000801F0000801F0000801F0000801F000022
:1092D000801F0000801F0000801F0000801F000012
:1092E000801F0000801F000080FFFF0280FFFF0240
:1092F00080AAAA0200000000000000000000000098
:10930000000000000000000000000000000000005D
:10931000A006A402F00FF803F01FFC03F01FFD03EA
:10932000F02EEE03F03DDF07F07DDB07F0F8CB0712
:10933000F4F4C707F4F0C307F4F0C207F490C107D0
:10934000F400C007F400C00BF400C00BF400C00B25
:10935000A4008006000000000000000000000000E3
:1093600000000000000000000000000000000000FD
:10937000A00A9002F01FD007F02FD007F03FD007CF
:10938000F07FD007F0BED007F0FAD107F0F6D20791
:10939000F0E2D307F0D2D707F0C2DB07F082EF0785
:1093A000F002FF07F002FE07F002FD07F002FC07E3
:1093B000A002A40200000000000000000000000065
:1093C000000000000000000000000000000000009D
:1093D00000E81B0040FFBF00C0BFFF01E00BF80327
:1093E000F003F007F402E00BF402D00BF801D00B0D
:1093F000F801D00BF801D00BF802D00BF402E00713
:10940000F403F007E00BF802D0BFFF0180FF7F00FC
:1094100000F91B0000000000000000000000000038
:10942000000000000000000000000000000000003C
:1094300090AA0600D0FF7F00D0AFFF01D007F8034D
:10944000D007F003D007E007D007F007D007F403F8
:10945000D007FD02D0FFBF00D0FF2F00D05B01007E
:10946000D0070000D0070000D0070000D0070000A0
:109470009006000000000000000000000000000056
:1094800000000000000000000000000000000000DC
:1094900000E81B0040FFBF00C0BFFF01E00BF80366
:1094A000F003F007F402E00BF402D00BF801D00B4C
:1094B000F801D00BF801D00BF802D00BF402E00752
:1094C000F407F007E01FF902D0FFFF0140FF7F0023
:1094D00000F90B0000E0030000E00B0500D0FF0BDB
:1094E000000000000000000000000000000000007C
:1094F00090AA0600E0FF7F00E0ABFF00E007FD015F
:10950000E007F802E007F802E007FC01E09BBF007B
:10951000E0FF1F00E0FF0F00E0872F00E0077F0063
:10952000E007BE00E007FC01E007F802E007F403F3
:109530009006A006000000000000000000000000EF
:10954000000000000000000000000000000000001B
:1095500000E96B0040FFBF00D0BFBA00E00B400045
:10956000E0070000E00B0000D0BF010080FF1B00FF
:1095700000FE7F0000E4FF010000FD020000F40394
:109580000000F4036000F802F0ABFF01F0FF7F0081
:1095900090FE1A0000000000000000000000000023
:1095A00000000000000000000000000000000000BB
:1095B000A0AAAA06F4FFFF07A0FAAB0600F003007A
:1095C00000F0030000F0030000F0030000F00300CF
:1095D00000F0030000F0030000F0030000F00300BF
:1095E00000F0030000F0030000F0030000F00300AF
:1095F00000A00200000000000000000000000000C9
:10960000000000000000000000000000000000005A
:10961000A002A002F003E007F002E007F003E00779
:10962000F003E007F003E007F003E007F003E007D2
:10963000F003E007F003E007F003E007F003E007C2
:10964000F003F003E007F402D06FFE0180FFBF00DB
:1096500000F91B00000000000000000000000000F6
:1096600000000000000000000000000000000000FA
:10967000A801800AF802D00FF402D00BF003E00733
:10968000E007F003E00BF402D00BF801C01FF80074
:10969000801FBC00402FBD00403F7E00007E3E008A
:1096A00000BE2F0000FD1F0000FC1F0000F80F008F
:1096B00000A4060000000000000000000000000000
:1096C000000000000000000000000000000000009A
:1096D000A400400AF800800BF800800BF400800B17
:1096E000F400800BF490810BF4E08307F4F0C707DB
:1096F000F4F0C707F4F4CB07F079DF07F03DDF079C
:10970000F02EEE07F01FFD03F00FFC03F00BF80343
:10971000A006A402000000000000000000000000FD
:109720000000000000000000000000000000000039
:10973000A402A006F007F403D00FFC01C01FBD0077
:10974000403F7F0000FE2F0000FD1F0000F80B00CF
:1097500000F4070000FC0F0000FD2F00007F3F0019
:10976000802FBE00D00FFD01E00BF802F403F407D8
:10977000A802A00A00000000000000000000000095
:1097800000000000000000000000000000000000D9
:10979000A801800AF402E00BF007F003D00BF802F6
:1097A000C01FFC00402FBD00003F3E0000BE2F0048
:1097B00000FC1F0000F80B0000F0070000F00300A1
:1097C00000F0030000F0030000F0030000F00300CD
:1097D00000A00200000000000000000000000000E7
:1097E0000000000000000000000000000000000079
:1097F00090AAAA02E0FFFF03E0FFFF020000FD01C4
:109800000000BE0000403F0000C01F0000E00B0051
:1098100000F0070000F8020000FD0000007F0000DB
:10982000802F0000D01F0000E0FFFF03F0FFFF03C8
:10983000A0AAAA0200000000000000000000000032
:1098400000000000000000000059150000FE2F007D
:1098500000FD2F00007D0000007D0000007D000065
:10986000007D0000007D0000007D0000007D000004
:10987000007D0000007D0000007D0000007D0000F4
:10988000007D0000007D0000007D0000007D0000E4
:10989000007D0000007D0000007D000000BD2A006A
:1098A000000000000000000000000000D0070000E1
:1098B000C00B0000801F0000402F0000003E000091
:1098C000007D000000BC000000F8010000F4020070
:1098D00000E0030000D0070000C00B0000801F0064
:1098E00000402F0000003E0000007D000000BC0092
:1098F0000000F8010000F4020000E0030000900204
:10990000000000000000000000550A0000FF1F00DA
:1099100000FE1F0000401F0000401F0000401F000D
:1099200000401F0000401F0000401F0000401F00BB
:1099300000401F0000401F0000401F0000401F00AB
:1099400000401F0000401F0000401F0000401F009B
:1099500000401F0000401F0000401F0000EA1F00E1
:1099600000000000000000000000000000000000F7
:1099700000A0020000F4070000B80F00002D1F0037
:10998000001F3D00800BBC00C007F401E002E002B4
:109990005000400100000000000000000000000036
:1099A00000000000000000000000000000000000B7
:1099B00000000000000000000000000000000000A7
:1099C0000000000000000000000000000000000097
:1099D0000000000000000000000000000000000087
:1099E0000000000000000000000000000000000077
:1099F0000000000000000000000000000000000067
:109A00000000000000000000000000000000000056
:109A1000000000000000000000000000A8AAAA1A30
:109A2000000000000000000000000000D01F000047
:109A3000407F000000F8010000500100000000001D
:109A40000000000000000000000000000000000016
:109A50000000000000000000000000000000000006
:109A600000000000000000000000000000000000F6
:109A700000000000000000000000000000000000E6
:109A800000000000000000000000000000000000D6
:109A90000000000000000000000000000050010075
:109AA00080FF2F00C0FFFF008005FD010000F402D1
:109AB0000050F50200FEFF0280FFFF02D01FF402FB
:109AC000E007F402E007FD02E0AFFF02C0FFFB0287
:109AD00040BEA101000000000000000000000000E6
:109AE000000000000000000000000000D00700009F
:109AF000D0070000D0070000D0070000D007050005
:109B0000D0D77F00D0FBFF01D0BFFE02D01FF403EF
:109B1000D00BE007D007E007D007E007D007E00749
:109B2000D007F003D007F802D0AFFE01D0FF7F00CE
:109B300080FE1A000000000000000000000000008D
:109B40000000000000000000000000000000000015
:109B500000000000000000000000000000001500F0
:109B600000E4FF0000FEFF0140BFEA01C02F00003B
:109B7000D00F0000D00B0000D00B0000D00B000075
:109B8000D00F0000C02F400040FFFA0100FEFF018F
:109B900000E4AF0000000000000000000000000032
:109BA0000000000000000000000000000000F402BF
:109BB0000000F4020000F4020000F4020040F5028C
:109BC00000F9FF0240FFFF02D06FF902E00BF40240
:109BD000F003F402F003F402F402F402F003F402DE
:109BE000F003F802E00BFE02D0AFFF0280FFFB02A1
:109BF00000BEA10100000000000000000000000005
:109C00000000000000000000000000000000000054
:109C10000000000000000000000000000040010003
:109C200000F92F0040FFBF00C01FF901D007F40268
:109C3000E007F003E0FFFF03F0FFFF03E0575501EB
:109C4000E0070000D00B0000C0BFA90140FFFF01EA
:109C500000E8AF010000000000000000000000006C
:109C60000000000000000000000054000080FF071A
:109C700000E0FF0700F45B0600F8020000F80100B6
:109C800000F8010050F95501F0FFFF03F0FFFF035A
:109C900050F9550100F8010000F8010000F801003A
:109CA00000F8010000F8010000F8010000F80100D0
:109CB00000A40100000000000000000000000000FF
:109CC0000000000000000000000000000000000094
:109CD0000000000000000000000000000050010033
:109CE00000FDFF0780FFFF07C01FBD01D007F80080
:109CF000D007F801D00BF800806FBE0080FF2F0066
:109D0000D0570500E0030000E0AF1A0080FFFF011C
:109D1000D0AFFE03F003E007F402E007F05BF903C5
:109D2000000000000000000000000000D00700005C
:109D3000D0070000D0070000D0070000D0070500C2
:109D4000D0D77F00D0FBFF00D0BFFE01D01FF402B0
:109D5000D00BF402D007F402D007F402D007F402CB
:109D6000D007F402D007F402D007F402D007F402BF
:109D70009006A401000000000000000000000000A8
:109D800000000000000000000040010000E00700AB
:109D900000F00B0000E007000040010000000000A0
:109DA00080FF0700C0FF070040E6070000E0070053
:109DB00000E0070000E0070000E0070000E0070007
:109DC00000E0070000E0070090FAAB02D0FFFF03BD
:109DD00090AAAA020000000000000000000000009D
:109DE00000000000000000000000140000007F00E0
:109DF0000040BF0000007F000000140000000000D1
:109E0000D0FF7F00D0FF7F0040657E0000007E0015
:109E100000007E0000007E0000007E0000007E004A
:109E200000007E0000007E0000007E0000007E003A
:109E300000007E0000007E0010403F00E0E62F00A2
:109E4000000000000000000000000000D00B000037
:109E5000D00B0000D00B0000D00B0000D00B000096
:109E6000D00BF802D00BFD01D04B7F00D0CB1F00F0
:109E7000D0EB0B00D0FF0200D0FF0300D0EB0B00B3
:109E8000D0CB2F00D04B7F00D00BFE00D00BFC02BC
:109E90009006A40600000000000000000000000082
:109EA00000000000000000000000000080FF07002C
:109EB000C0FF070040E6070000E0070000E00700E1
:109EC00000E0070000E0070000E0070000E00700F6
:109ED00000E0070000E0070000E0070000E00700E6
:109EE00000E0070000E0070090FAAB02D0FFFF039C
:109EF00090AAAA020000000000000000000000007C
:109F00000000000000000000000000000000000051
:109F100000000000000000000000000000105000E1
:109F2000B4BDF802F4FFFE07F4E7DB07F4E2C70B69
:109F3000F4E1C20BF4E0C20BF4E1C20BF4E0C20B9B
:109F4000F4E0C20BF4E0C20BF4E0C20BF4E1C20B8C
:109F5000A490820600000000000000000000000045
:109F600000000000000000000000000000000000F1
:109F700000000000000000000000000000000500DC
:109F8000D0D37F00D0FBFF00D0BFFE01D01FF40272
:109F9000D00BF402D007F402D007F402D007F40289
:109FA000D007F402D007F402D007F402D007F4027D
:109FB0009006A40100000000000000000000000066
:109FC0000000000000000000000000000000000091
:109FD0000000000000000000000000000050010030
:109FE00000F92F0080FFBF00D0AFFE02E00BF403AA
:109FF000F003E007F402E007F402E007F403E007EF
:10A00000F003F003E00BF802D0BFFF0180FF7F00F8
:10A0100000F91B000000000000000000000000002C
:10A020000000000000000000000000000000000030
:10A03000000000000000000000000000000005001B
:10A04000D0D37F00D0FBFF01D0BFFE02D01FF403AE
:10A05000D00BE007D007E007D007E007D007E00704
:10A06000D007F003D007F802D0AFFE01D0FF7F0089
:10A07000D0FF1A00D0070000D0070000D007000072
:10A0800000000000000000000000000000000000D0
:10A09000000000000000000000000000004001007F
:10A0A00000F9FF0240FFFF02D06FF902E00BF4025B
:10A0B000F003F402F003F402F402F402F003F402F9
:10A0C000F003F802E00BFE02D0AFFF0280FFFB02BC
:10A0D00000BEF5020000F4020000F4020000F402E9
:10A0E0000000000000000000000000000000000070
:10A0F000000000000000000000000000000004005C
:10A10000808BBF00C0EBFF02C0BFF903C02FE0038C
:10A11000C01FE007C00F0000C00F0000C00F00000C
:10A12000C00F0000C00F0000C00F0000C00F0000F3
:10A13000800A000000000000000000000000000095
:10A14000000000000000000000000000000000000F
:10A1500000000000000000000000000000400500BA
:10A1600000F97F0080FFBF00C01F5400D00F000027
:10A17000C06F000080FF1B0000FE7F000090FF0109
:10A180000000FD010000F801D056FE01D0FF7F0065
:10A1900080FE1A0000000000000000000000000027
:10A1A00000000000000000000000000000000000AF
:10A1B00000A4000000BD000000BC000000BD0000C5
:10A1C000F4FFFF01F4FFFF0154FE550100BC000045
:10A1D00000BD000000BD000000BD000000BD00008B
:10A1E00000BD000000FC000000FCAA0100F4FF011B
:10A1F0000090BF010000000000000000000000000F
:10A20000000000000000000000000000000000004E
:10A21000000000000000000000000000000000003E
:10A22000D007F402D007F402D007F402D007F402FA
:10A23000D007F402D007F402D007F402D007F402EA
:10A24000D007F802D00BFE02D0AFFF0280FFFB0266
:10A2500000BEA1010000000000000000000000009E
:10A2600000000000000000000000000000000000EE
:10A2700000000000000000000000000000000000DE
:10A28000F802D00BF403E007E007F003D00BF40270
:10A29000C00FF801801FFC00402FBD00003F7E0072
:10A2A000007E2F0000BD1F0000FC0F0000F80B0017
:10A2B00000A00600000000000000000000000000F8
:10A2C000000000000000000000000000000000008E
:10A2D000000000000000000000000000000000007E
:10A2E000B800800FF800800FF800800BF451810B4C
:10A2F000F4E1C307F4F1C707F0F5CB07F0BADF03C9
:10A30000E07EEF03E03FFE02E02FFD02D01FFD02E2
:10A31000900AA801000000000000000000000000FA
:10A32000000000000000000000000000000000002D
:10A33000000000000000000000000000000000001D
:10A34000F007E007D00FF802802FFD00007F7E00AD
:10A3500000FD2F0000F80F0000F40B0000FC1F00B0
:10A3600000BE3F00402FBE00C01FFC01E00BF40305
:10A37000A402A00600000000000000000000000091
:10A3800000000000000000000000000000000000CD
:10A3900000000000000000000000000000000000BD
:10A3A000F802D00BF403E007E007F003D00BF4024F
:10A3B000C00FF801801FFC00402FBD00003F7E0051
:10A3C000007E2F0000FD1F0000FC0F0000F80B00B6
:10A3D00000F4070000F4020000FC0100A4BF00002C
:10A3E000000000000000000000000000000000006D
:10A3F000000000000000000000000000000000005D
:10A40000D0FFFF01D0FFFF0180AAFF0000007F0006
:10A4100000802F0000D00F0000F4070000FC0100B6
:10A4200000BE0000403F0000D0FFFF01D0FFFF0151
:10A4300090AAAA0100000000000000000000000037
:10A44000000000000000000000000000000000000C
:10A4500000000000000000000000000000000000FC
:10A4600000000000000000000000000000000000EC
:10A4700000000000000000000000000000000000DC
:10A4800000000000B400400F00B400000B00B0005A
:10A49000000B00B000000B00B000000B00B000008B
:10A4A0000B005000000000A000400F00F400000A64
:10A4B000000000000000000000000000000000009C
:10A4C0005E07E074004E07E074004E07D07400048D
:10A4D000010000000000000000000000000000007B
:10A4E000000000000000000000000000000000006C
:10A4F000000000000000000000000000000080A13B
:10A50000001C0BD0B1001D07E4FA82FF3FE4BA0142
:10A510004D07E074004E03F8BEC1FF1FF479018BB4
:10A5200003B03800CB0360280000000000000000EA
:10A530000000004000001C00C000406E00FE0BF454
:10A54000BF80D700380A80A700F80B00FF01D07F3A
:10A5500000F40F00FB01341E40E381751FF8BF803B
:10A56000FF07E01B002800C002001C0000000000E4
:10A57000001000401F38FCC2C2350D4CA3C0750747
:10A58000EC3A80DF02500D00A000400700380AC0FE
:10A59000FA01DD29A08D03D734389DC2C21F18B43B
:10A5A00000000000000000000000000000000000AB
:10A5B000B800E02F40DB037478408707743C00EB61
:10A5C00002E00F003E00F4C781BB1D3CEFC1D21F6B
:10A5D0002CFCC0430BB8FE41FF2FD08B02000000C3
:10A5E000000000000000000000000000B400000BAC
:10A5F00000B000000B00B000000B00500000000095
:10A60000000000000000000000000000000000004A
:10A61000000000000000000000000000000000003A
:10A6200000000000000020008007003D00E0010065
:10A630000F00B4008007003C00C002002D00D001D4
:10A64000001D00D001002D00D002002C00C003002E
:10A650007800400B00F000001E00D0030000000056
:10A66000008000001D00D003007800400B00E001D6
:10A67000001D00D002002C00C00300380080030041
:10A6800038008003003C00C002002D00D001000E05
:10A6900000B4008007003D00000000000000000042
:10A6A000B000000B006709F4FB00FD06801F00FEF0
:10A6B00007B4FA006209000B00600000000000000F
:10A6C000000000000000000000000000000000008A
:10A6D000000000000000000000000000000000007A
:10A6E0000000000000000000000B00B000000B00A4
:10A6F000B000545B80FF2FF8FF42B505000B00B09F
:10A7000000000B00B0000005000000000000000089
:10A710000000000000000000000000000000000039
:10A720000000000000000000000000000000000029
:10A730000000000000000000000600F400801F0080
:10A74000F401001E00E000400B007E00000000004D
:10A7500000000000000000000000000000000000F9
:10A7600000000000000000000000501500FE07E09F
:10A770007F00540100000000000000000000000005
:10A7800000000000000000000000000000000000C9
:10A7900000000000000000000000000000000000B9
:10A7A00000000000000000000000000000000000A9
:10A7B000000B00F801801F00F801000B00000000F2
:10A7C000000000000000000000000000000E00F08B
:10A7D00000400B0074008003002C00D002001E001B
:10A7E000E000000B0074008007003800C002001D6C
:10A7F00000E001000F00B0004007007800400200B8
:10A8000000000000000000000000801F00FE07F0B4
:10A81000FA400B1F78E081032E3CF8C2E32F6CDF77
:10A82000C27F2CFCD1820B1D78E0410B0FF4BA00E3
:10A83000FE07801B00000000000000000000000078
:10A84000000000000000000A00F801E01F40FF01C6
:10A85000741E00E001001E00E001001E00E0010087
:10A860001E00E001000E00E001F4FF41FF1FA4AA5A
:10A8700001000000000000000000000000000000D7
:10A880000000801F00FF07F4BE00460B00F0000030
:10A890000F00B400400B007C00D002001F00B80085
:10A8A000D003001E00F4FF41FF1FA4AA0100000016
:10A8B0000000000000000000000000000000A01BDD
:10A8C00000FF07B0BE00400B00B000400B00780056
:10A8D000E802D02F00E40B00F001001E00E00100B0
:10A8E0000F64BE40FF07F41B0000000000000000E2
:10A8F00000000000000000000000006900E0070008
:10A900007F00F407807B006D07E075004F07B47887
:10A910008043077C79C1FF2FFCFF42991B00740024
:10A92000800700640000000000000000000000003C
:10A93000000000000000A06A00FF0BF0BF005B01F8
:10A94000B000000B00F00500FF03F0BF00800F0017
:10A95000F001001E00F000400FA4BE40FF03E40B16
:10A9600000000000000000000000000000000000E7
:10A97000000000A900F80BD0AB001F00B400400B92
:10A9800000741980FF07F8FF804B1F78D081072DD6
:10A9900074D0410B1EF0FA00FE07801F000000007B
:10A9A0000000000000000000000000000000A4AA59
:10A9B00081FF1FF8FF01550F00B400800B007800E5
:10A9C000C003002D00E001000F00B40080070078F4
:10A9D00000C003002D00A0010000000000000000E6
:10A9E00000000000000000000000802F00FE0BF4BB
:10A9F000F540070E74E0400B0FF0BA00FD02C02FC7
:10AA000000EE0BB4F440071E78E081071EF4FA0054
:10AA1000FF0B902F0000000000000000000000006D
:10AA2000000000000000801F00FE07F4BA80070F3E
:10AA300038E080031E78E0814B1FF4FF01FE1F40C9
:10AA4000E501000F00B400D00BF43F40FF01A40665
:10AA500000000000000000000000000000000000F6
:10AA6000000000000000000000000000000B00F4E7
:10AA700000801F00F400000500000000000000003E
:10AA8000000500F400801F00F400000B000000002F
:10AA900000000000000000000000000000000000B6
:10AAA0000000000000000000000B00F400801F0008
:10AAB000F40000050000000000000000000600F4A3
:10AAC00000401F00F401001E00E001000F007E00A6
:10AAD0000000000000000000000000000000000076
:10AAE00000000002007800E007401F00BC00E00208
:10AAF000400F00F401003D00800B00F002007D00DB
:10AB0000800700200000000000000000000000009E
:10AB10000000000000000000000000000000000035
:10AB20000000000000A4AA40FF0FA4AA000000003B
:10AB30000040AA0AF4FF40AA0A000000000000003A
:10AB40000000000000000000000000000000000005
:10AB5000000000000000000000000900E001007D8E
:10AB600000800F00F002007D00400F00B800D00709
:10AB7000001F00B800E003001E008000000000007D
:10AB80000000000000000000000000006D00D02F59
:10AB900000F90700BC00400B00F400400B00B800B7
:10ABA000F807801F007800800300240000000034B4
:10ABB00000C007007C00400300000000000000000F
:10ABC0000000000000000400F407C0FF002D1EB0CC
:10ABD000C0420728388083E33AACBFC3A937DC7989
:10ABE000C39D36DC69C39D3ADCADC2ED2EDCFFC1EE
:10ABF000790B1C00C002003800405B070000000019
:10AC0000000000000000401A00F801802F00FC0244
:10AC1000D03E009D03E078004E07F0B4004B0BB42B
:10AC2000F040FF1FF8FF815B1E3CD0C2023D188040
:10AC30000200000000000000000000000000000012
:10AC40000000A41A40FF07B4FE40470F74E040071D
:10AC50000F74B440EB07F47F409B0F74E041071D75
:10AC600074E041071FB4FE40FF07A41A0000000073
:10AC7000000000000000000000000000000040BED6
:10AC800000FC1FE0EB011F04B400800B0078008083
:10AC9000070078008007007800800700B400401F9C
:10ACA00004E0EB01FD1F40BE0000000000000000BA
:10ACB00000000000000000000000A80A80FF03B8A8
:10ACC000BE80430F38E081032D38D082032D38D069
:10ACD00082032D38D082031E38E081430FB87E8076
:10ACE000FF02A806000000000000000000000000B5
:10ACF000000000000000A0AA00FF0FF0AA000F0053
:10AD0000F000000F00F00000FF0BF0BF005F05F047
:10AD100000000F00F000000F00F0AA00FF0FA0AA33
:10AD20000000000000000000000000000000000023
:10AD30000000A0AA00FF0FF0AA000F00F000000F13
:10AD400000F000005F05F0BF00FF0BF000000F00F7
:10AD5000F000000F00F000000F00A0000000000055
:10AD6000000000000000000000000000000040BEE5
:10AD700000FD1FF0EB411F14B8008007003C00C02D
:10AD8000831A3CFCC1831E3CD081071D78D0411F33
:10AD90001DF0FB01FD1F40AF00000000000000009F
:10ADA00000000000000000000000249081071D78D2
:10ADB000D081071D78D081031D78E581FF1FF8FF42
:10ADC000815B1E38D081071D78D081071D78D08126
:10ADD000071D24900100000000000000000000009A
:10ADE000000000000000A4AA40FF0FA4AF00B000C4
:10ADF000000B00B000000B00B000000B00B0000022
:10AE00000B00B000000B00B000A4AF40FF0FA4AADD
:10AE10000000000000000000000000000000000032
:10AE20000000A06A00FF07A07A00400700740040FD
:10AE300007007400400700740040070074004007DA
:10AE40000078008107B03E00FF02E00B0000000028
:10AE5000000000000000000000000000000064A0EE
:10AE600041071F74B4408707742C40E701740F40FA
:10AE7000BB00F40740BB00741E40D702743C4087FF
:10AE80000774F440071F64A00100000000000000E8
:10AE900000000000000000000000A000000F00F013
:10AEA00000000F00F000000F00F000000F00F000A5
:10AEB000000F00F000000F00F000000F00F0FF0096
:10AEC000FF1FA0AA0000000000000000000000001A
:10AED00000000000000064A0810B1FF8F4814F1FE8
:10AEE000F8F9819E1EA8DEC1FA2D6CCFC2B62C2CBB
:10AEF000CBC2622C2CC0C2022C2CC0C2022C1880E7
:10AF0000020000000000000000000000000000003F
:10AF100000006490810F1DF8D1811F1DF8D2813F80
:10AF20001DB8D781771D38DB81E31D38ED81D31F34
:10AF300038FC81831F38F481431F28A001000000E2
:10AF40000000000000000000000000000000801F62
:10AF500000FE07F4FE400B1F78E0C2032D3CD0C278
:10AF6000032D2CD0C2032D3CD0C2032D78E0810BE1
:10AF70001FF4BE00FE07801F00000000000000005C
:10AF800000000000000000000000A41A40FF07F4C9
:10AF9000FE40471F74E041071D74E041071EB4F4F2
:10AFA00040FF0BF42F405B0074004007007400402A
:10AFB0000700640000000000000000000000000026
:10AFC000000000000000802F00FE07F0FE400B1F75
:10AFD00078D0C2032D3CD0C2022D2CD0C2032D3C10
:10AFE000D0C2032D78E0814B1FF4BF00FE07801F05
:10AFF00000B000005F01E02F000000000000000032
:10B000000000A41A40FF07B4BE40470F74F0400789
:10B010000F74B440EB07F42F40FF01743D40C707A5
:10B02000747840470B74F040071E649001000000E4
:10B030000000000000000000000000000000806F21
:10B0400000FE0BF4BB400B047800800B00F4020000
:10B05000FF01D07F00E40F00F801001E00E0414135
:10B060000FB8BE80FF07E41B0000000000000000D6
:10B0700000000000000000000000A8AAC1FF2FA8E7
:10B08000AF01B000000B00B000000B00B000000BDF
:10B0900000B000000B00B000000B00B000000B007F
:10B0A000F000000A000000000000000000000000A6
:10B0B000000000000000289081031D38D081031D8E
:10B0C00038D081031D38D081031D38D081031D384D
:10B0D000D081031D78D081071EF4FA00FF07801F7E
:10B0E0000000000000000000000000000000000060
:10B0F00000002880C2033C3CD082071D78E0410B51
:10B100000EB4F0000F0BF0B4005E07E07900AD0361
:10B11000D03E00FC02801F00F801400A0000000041
:10B120000000000000000000000000000000188087
:10B13000C202382C80C2022C2CC0C2622C2CCBC282
:10B14000F22C6CCFC2F62DACDE829A2EF8F9814F2C
:10B150001FF8F4810B1F64A0010000000000000034
:10B1600000000000000000000000289081071FB4CC
:10B17000F4004F0BE07900FD03C02F00F801400FF1
:10B1800000F801C02F00ED03E078404F0BB8F0C18C
:10B19000072E2890020000000000000000000000C0
:10B1A0000000000000002880C2032D78E0410B0F52
:10B1B000F0B4004E07D03900FD02801F00F80140B6
:10B1C0000F00B000000B00B000000B00B000000A40
:10B1D000000000000000000000000000000000006F
:10B1E0000000A4AA41FF1FF4FF01400F007800C037
:10B1F00003002D00E001400F007800C003002D0087
:10B20000E001400F00F8FF81FF1FA4AA0100000029
:10B21000000000000000000000401600FC03C02FEA
:10B22000002C00C002002C00C002002C00C0020054
:10B230002C00C002002C00C002002C00C002002C18
:10B2400000C002002C00C002002C00C00200BC02A2
:10B2500000000000000000400700B000000F00E008
:10B2600001001D00C002003C008007007400000BBC
:10B2700000E000001E00D001002C008003007800D8
:10B28000400B00B000000E00D001001800000000CC
:10B2900000501900FD02D02F00D002002C00C00287
:10B2A000002C00C002002C00C002002C00C00200D4
:10B2B0002C00C002002C00C002002C00C002002C98
:10B2C00000C002002C00E9020000000000000000A5
:10B2D0000000000600F400801F009C02D038004AE5
:10B2E0000770B080031E1440000000000000000042
:10B2F000000000000000000000000000000000004E
:10B30000000000000000000000000000000000003D
:10B31000000000000000000000000000000000002D
:10B32000000000000000000000000000000000001D
:10B330000000000000000000000000000080AA2AB9
:10B3400000000000000000400F00E0020078000054
:10B3500005000000000000000000000000000000E8
:10B3600000000000000000000000000000000000DD
:10B3700000000000000000000000000000000000CD
:10B38000000000000000000000000000000050006D
:10B39000E02F00FF0B60F400000E00F500FD0FF041
:10B3A000FF400B0E78E080470FF4FE00FF0ED096B2
:10B3B000000000000000000000000000000000404D
:10B3C000070074004007007400404700747E40FF8F
:10B3D0000BF4FB411F1EB4D041072D74D042071D52
:10B3E00074E041071FB4BA40FF07E01B00000000F3
:10B3F000000000000000000000000000000000004D
:10B40000000000000000400140BF00FD0BE0AB0069
:10B410001F00B400400B00B400400B00F400001FFC
:10B4200004E0BB00FD0F406E0000000000000000C3
:10B430000000000000000000000E00E000000E0010
:10B44000E000500E80FF00FE0FF4F5400B0E78E098
:10B4500080070E38E080030E78F0808B0FF4FE003A
:10B46000FF0ED09700000000000000000000000068
:10B47000000000000000000000000000000050007C
:10B48000802F00FE0BF0F540071E74E081FF1FF8CF
:10B49000FF8157057400400B00F0A600FE0F80AF3F
:10B4A000000000000000000000000000000050004C
:10B4B000D01F00FF02F41540070078008007407994
:10B4C00005F8FF81FF1F945700780080070078007F
:10B4D0008007007800800700780040060000000028
:10B4E000000000000000000000000000000000005C
:10B4F0000000000000005000D0FF02FE2FB0B4405A
:10B50000070B74B0400B0BF07A00FF027405400784
:10B5100000F41A00FF0BF4FA81072D38D0815B1F6D
:10B5200000000000000000400700740040070074A5
:10B5300000404700747E40FF0BF4FB401F0FB4E057
:10B5400040070E74E040070E74E040070E74E040C0
:10B550000B0E64A0000000000000000000000000CE
:10B5600000000500F000401F00F000000500000092
:10B57000F00F00FF00500F00F000000F00F000007F
:10B580000F00F000000F00F000A4AF41FF1FA4AABD
:10B590000100000000000000000000000000140096
:10B5A0008007007C0080070014000000F47F40FF4B
:10B5B0000750790080070078008007007800800736
:10B5C000007800800700780080070078008007007E
:10B5D0003C80E70200000000000000400B00B400C7
:10B5E000400B00B400400B00B4F0418B0BB47C4026
:10B5F000D702B40F40BF00F40B40EB01742D40CBD9
:10B6000007B4B8404B1F64A0010000000000000018
:10B610000000000000000000FF00F00F00F5000037
:10B620000F00F000000F00F000000F00F000000F0E
:10B6300000F000000F00F000000F00F000A4AF4188
:10B64000FF1FA4AA0100000000000000000000008D
:10B6500000000000000000000000000000000000EA
:10B66000ECF7C0FF1FBCEFC2F32C2CCBC2B22C2CCA
:10B67000CBC2B22C2CCBC2B22C2CCBC2B22C188693
:10B6800002000000000000000000000000000000B8
:10B69000000000000000000000004000747E40FB3D
:10B6A0000BF4FB401F0FB4E040070E74E040070EA0
:10B6B00074E040070E74E0400B0E64A00000000030
:10B6C000000000000000000000000000000000007A
:10B6D0000000000000005000802F00FE0BF4FA80F4
:10B6E0000B1E78D081032D38D082031D78E0810BAA
:10B6F0001FF4BE00FE07801F0000000000000000D5
:10B700000000000000000000000000000000000039
:10B7100000004000747E40FB0BF4FB411F1EB4D0C0
:10B7200041072D74D042071D74E041071FB4BA4091
:10B73000FF07F41B400700740040070000000000F2
:10B7400000000000000000000000000000005000A9
:10B7500080FF00FE0FF4F5400B0E78E080070E38F6
:10B76000E080030E78F0808B0FF4FE00FF0ED0E730
:10B7700000000E00E000000E0000000000000000CD
:10B78000000000000000000000004001B07D00FB50
:10B790000FF0E7011F1DF0D0010B00B000000B00FF
:10B7A000B000000B00B000000F00A000000000007F
:10B7B0000000000000000000000000000000000089
:10B7C0000000000000005000807F00FE07F05140A4
:10B7D0000B00F40100BF01D07F00E00B00F400007B
:10B7E0000F64B940FF07E01B0000000000000000EC
:10B7F000000000000000000000004002003C00C00B
:10B8000003003C00F8FFC0FF0FE45B003C00C003F6
:10B81000003C00C003003C00C00300380080AB00C7
:10B82000F40F00BE00000000000000000000000057
:10B830000000000000000000000000000000000008
:10B8400074E040070E74E040070E74E040070E7489
:10B85000E040070E74F0408B0FF4FE00FF0ED0970F
:10B8600000000000000000000000000000000000D8
:10B870000000000000000000000000003CC0C20703
:10B880002D78E0410B0EB4F0004F0BE074009D07E3
:10B89000D03A00FC02801F00F401400A00000000C2
:10B8A0000000000000000000000000000000000098
:10B8B00000000000000000001C80C302382C80C281
:10B8C000522C2CCBC2F62C68DF81FB1EF8EA819F3C
:10B8D0001FF4F5404F0FA4A000000000000000007E
:10B8E0000000000000000000000000000000000058
:10B8F0000000000078D0410B0FF0B500AD07C02F5D
:10B9000000F801401F00F802D03F009E07F0F480CD
:10B910000B1F689002000000000000000000000003
:10B920000000000000000000000000000000000017
:10B930003CC0C2072D78E0410B0EB4F0004F0BE085
:10B9400074009D07D03A00FC02801F00F401400FF4
:10B9500000B4008007403E0000000000000000002E
:10B96000000000000000000000000000F4BF40FFE5
:10B970000FA0BE008007002D00E001400F007800FE
:10B98000D003002E00F4FF40FF0FA4AA0000000027
:10B99000000000000000000000005400D00B006F09
:10B9A00000B000400700740040070074004007002A
:10B9B0007800E403401F00E40300780040070074AF
:10B9C0000040070074004007007400000B00F00600
:10B9D000000A00B000000B00B000000B00B0000037
:10B9E0000B00B000000B00B000000B00B000000B1B
:10B9F00000B000000B00B000000B00B000000B0016
:10BA0000B000000B00B000000B00B0000000000010
:10BA1000005000003F00E00B00B000000E00E0000E
:10BA2000000E00E000000E00E00100BD00800F00ED
:10BA3000BD00E001000E00E000000E00E000000E7E
:10BA400000E000000F00B90000000000000000004E
:10BA500000000000000000000000000000000000E6
:10BA6000000000001E00F88782BF2D2CFF81D11F2F
:10BA70000064000000000000000000000000000062
:10BA800000000000000000000000000000000000B6
:10BA900000000000000000000000000000000000A6
:10BAA0000000000000000000000000000000000096
:10BAB0000000000000000000000000000000000086
:10BAC0000000000000000000000000000000000076
:10BAD0000000000000002E00002E00001E00001ECE
:10BAE00000001E00001E00001E00001E00001E00C0
:10BAF000001E00001E00001E0000050000000000E7
:10BB00001D00002F00002F00001D0000000000009D
:10BB100000000000000000000000000000D0F20162
:10BB2000D0F200D0F200D0F200D0E200D0E200402B
:10BB300050000000000000000000000000000000B5
:10BB400000000000000000000000000000000000F5
:10BB500000000000000000000000000000000000E5
:10BB60000000000000000000808201C0D301C0D2AC
:10BB700001C0D201E4FB0AF8FF0BE4E606C0E100D5
:10BB8000D0E100D0E100E8FA06FCFF07E4F601E0AE
:10BB9000B000E0B000E0B400A060000000000000D1
:10BBA0000000000000000000100000380000380015
:10BBB00040BE01D0FF02F0FF02B41C00B81C00B868
:10BBC0001D00F41F00F06F00D0FF0100FE0300EE27
:10BBD0000700CB0700CB0764DB03F8FF02F8FF0088
:10BBE000901B0040030040030080030000000000A1
:10BBF0000000400000F4020AF847072C87031CC726
:10BC0000021CD700BCB700F47600503800001D00BD
:10BC1000000E0000970180F707C07A0BD0380EB0F5
:10BC2000280E74380B3CF40718E0020000000000F6
:10BC300000000000000000000000000000801F0065
:10BC4000E07F00F0B900B4F000B4F000F4B400F00C
:10BC50007E00D02F00D00B00F04F07B85E073CBD30
:10BC6000073CFC033CF4027CF002F8FA03F4FF0BFF
:10BC7000905B0A00000000000000000000000000CF
:10BC80000000000000001E00001E00001E00001E3C
:10BC900000001E00001E0000040000000000000064
:10BCA0000000000000000000000000000000000094
:10BCB0000000000000000000000000000000000084
:10BCC0000000000000000000000000500000F00034
:10BCD00000B800003D00002E00000F00400B008067
:10BCE0000700800700C00300C00300C00300C003BA
:10BCF00000C00300C00700800700800B00400B005D
:10BD0000001F00002E00007D0000B80000000000B1
:10BD10000000800100D00300C00700400F00001E9B
:10BD200000002D00007C0000780000B40000B4008A
:10BD300000B40000B40000B40000B40000B400007F
:10BD4000B400007800003C00002D00001E00400FF1
:10BD500000800700000000000000000000001D003F
:10BD6000000D00A08D02F0EE0290BF01403F00D018
:10BD7000FF01F0EE02608D01001D000019000000BF
:10BD800000000000000000000000000000000000B3
:10BD900000000000000000000000000000000000A3
:10BDA0000000000000000000000000000000000093
:10BDB00000000000001E00001E00001E00001E000B
:10BDC000546E01F8FF07F8FF07546E01001E0000D3
:10BDD0001E00001E00001E00000400000000000005
:10BDE0000000000000000000000000000000000053
:10BDF0000000000000000000000000000000000043
:10BE00000000000000000000000000000000000032
:10BE100000000000000900002F00403F00003E002D
:10BE2000003D00002C00001E00D00F0000000000AC
:10BE30000000000000000000000000000000000002
:10BE400000000000000000000000000000000000F2
:10BE5000405500D0FF00D0FF00405500000000001A
:10BE600000000000000000000000000000000000D2
:10BE700000000000000000000000000000000000C2
:10BE800000000000000000000000000000000000B2
:10BE900000000000000000000000000000000000A2
:10BEA00000000000001E00002F00403F00002F0097
:10BEB000001E000000000000000000000000000064
:10BEC000000000000000C00300D00200E00100F00C
:10BED0000000B40000B400007800003C00002D0019
:10BEE000001E00000F00400B00400B00800700C048
:10BEF0000300D00200E00100F00000B00000B40038
:10BF0000002400000000000000000000000000000D
:10BF1000406E00D0FF01E0FA02F4D003B48007784D
:10BF2000D00778F40B38FC0B786F0BF84B0BF8420A
:10BF30000BB88007B88007F4D003F0FA02D0FF00F6
:10BF4000406F000000000000000000000000000042
:10BF50000000000000000000002900403F00E02F2A
:10BF600000F42E00702D00102D00002D00002D007B
:10BF7000002D00002D00002D00002D00002D0000E0
:10BF80002D00F0FF07F0FF07A0AA06000000000048
:10BF900000000000000000000000000000000000A1
:10BFA000806F00E0FF00F0FE01A0E00200D0020080
:10BFB000D00200E00200F00100F40000BC00003EEE
:10BFC00000401F00C00B00E00300F4FF07F4FF0770
:10BFD000A4AA020000000000000000000000000011
:10BFE0000000000000000000902F00F0FF00A0F90A
:10BFF0000100E00200D00200E00200F00180BE007B
:10C00000C0BF0040F90200D00300C00700C0070015
:10C01000D003A0F902F4FF00F42B000000000000A0
:10C020000000000000000000000000000000000010
:10C0300000A80000FD0000FE0000FF0040EB0080B3
:10C04000E700D0F200E0F100F0F00074F00078F5C5
:10C0500005FCFF0BFCFF0B54F90600F00000F0009C
:10C0600000A0000000000000000000000000000030
:10C070000000000000000000A0AA01F0FF02E0FFA5
:10C0800002E05500E00000E00000E01600E0BF0024
:10C09000E0FF0200E40300D00300C00300D003006F
:10C0A000E002A0F901F0BF00E01B0000000000006A
:10C0B0000000000000000000000000000000000080
:10C0C00000A40140FF02C0AF01E00600F00100F44F
:10C0D0000000B41500F4FF01F4FF03F4D107B480AD
:10C0E00007B48007B48007F0C107E0EB03D0FF017D
:10C0F000406E000000000000000000000000000092
:10C100000000000000000000A4AA02F4FF07F4FFF2
:10C110000750D50300E00200F00100F40000B80071
:10C12000007C00003D00002E00001E00400F00407B
:10C130000B00800700D00700900200000000000004
:10C1400000000000000000000000000000000000EF
:10C15000406E00D0FF01F0E602B4C003B4C003F0AB
:10C16000D102E0F701D0BF0080BF00D0FB02F0E1B8
:10C1700003B4C007B48007B4C007F4EA03E0FF01CA
:10C18000806F0000000000000000000000000000C0
:10C190000000000000000000406F00E0FF00F4FA23
:10C1A00002B4D00278C00378C007B8C007F8D1073E
:10C1B000F4FF07E0FF0740D50300D00300E00200D2
:10C1C000F801F0BF00F02F00A00600000000000002
:10C1D000000000000000000000000000000000005F
:10C1E000000000000000000000000000001D000032
:10C1F0002F00003F00002E0000040000000000009F
:10C2000000000000000400002E00003F00002F008E
:10C21000001D000000000000000000000000000001
:10C22000000000000000000000000000000000000E
:10C2300000000000001D00002F00003F00002E0045
:10C2400000040000000000000000000000090000E1
:10C250002F00003F00003E00003D00003C00002E8B
:10C2600000900F000000000000000000000000002F
:10C2700000000000000000000000900000F4010039
:10C28000BC00003E00801F00D00700F40200F00256
:10C2900000D00B00401F00007E0000F80100F001FC
:10C2A000005000000000000000000000000000003E
:10C2B000000000000000000000000000000000007E
:10C2C00000000000000000000000A0AA02F4FF032C
:10C2D000A0AA02000000000000A0AA02F4FF03A030
:10C2E000AA020000000000000000000000000000A2
:10C2F000000000000000000000000000000000003E
:10C30000000000000000000000800100D00300D009
:10C310000B00402F00007D0000F80100E00300F05A
:10C320000200F800007E00401F00D00B00D0020089
:10C33000800000000000000000000000000000007D
:10C340000000000000C01B00C07F0080FF0000F460
:10C350000100E00200D00200E00200F40140FF0012
:10C36000407F00400B00400B000006000000000072
:10C370000B00800F00800F00000B00000000000089
:10C380000000000000000000000000140000BE00DB
:10C3900080FF02D08707E04107B0000B74000E3821
:10C3A000AD0E78BF0E6CBB0EACB30EAC720EDC766D
:10C3B0000EDC760EDC760A9CBB0B9CFF076CD7016B
:10C3C0002C0000380000780000F4E50000000000B8
:10C3D0000000000000000000002A00403F00407FF5
:10C3E00000807F00C0BB00C0B600D0F200D0F101D9
:10C3F000E0E101F0E002F0D002F4FF03F4FF07B83F
:10C40000D90738800B3C400F28400A00000000008C
:10C41000000000000000000000000000000000001C
:10C42000A46A00F4FF01F4FA02B4D003B4C003B468
:10C43000D003B4E002F4FA00F4FF01F4F903B4C04D
:10C4400007B48007B48007B4D007F4FA03F4FF01FF
:10C45000A46A0000000000000000000000000000CE
:10C46000000000000000000000FE0280FF03D0EF8B
:10C4700003E00201F40100F40000B80000B800007D
:10C48000B80000B80000B80000F40000F40100F0AB
:10C490000201E0EF03C0FF0300BE02000000000045
:10C4A000000000000000000000000000000000008C
:10C4B000A41A00F8BF00F8FE0278E00378C00778FD
:10C4C000800778800B78800B78800B78800B7880E1
:10C4D0000B78800778D00778E002B8FE01F87F007B
:10C4E000A41A00000000000000000000000000008E
:10C4F0000000000000000000A0AA02E0FF03E0AA84
:10C5000002E00100E00100E00100E00100E0FF02C4
:10C51000E0FF02E05601E00100E00100E00100E080
:10C520000100E0AA02E0FF03A0AA02000000000050
:10C5300000000000000000000000000000000000FB
:10C54000A0AA01E0FF02E0AA01E00100E00100E092
:10C550000100E00100E05601E0FF01E0FF01E00121
:10C5600000E00100E00100E00100E00100E0010066
:10C57000A00100000000000000000000000000001A
:10C58000000000000000000000BE0280FF07E0EF96
:10C5900007F00205F40000B8000078000078A40657
:10C5A0007CF8077CE407788007B88007B88007F438
:10C5B0008107E0EB07D0FF0740BE0100000000004C
:10C5C000000000000000000000000000000000006B
:10C5D000648006B88007B88007B88007B8800778FD
:10C5E0008007B89507F8FF07F8FF07B8D9077880E4
:10C5F00007B88007B88007B88007B88007B88007F9
:10C600006480060000000000000000000000000040
:10C610000000000000000000A0AA02F0FF03A0BF7D
:10C6200002001E00001E00001E00001E00001E0072
:10C63000001E00001E00001E00001E00001E000064
:10C640001E00A0BF02F0FF03A0AA0200000000002D
:10C6500000000000000000000000000000000000DA
:10C66000A0AA01F0FF01A0FA0100E00100E0010032
:10C67000E00100E00100E00100E00100E00100E075
:10C680000100E00100F00110F400B0BE00F07F00F6
:10C69000901B0000000000000000000000000000EF
:10C6A0000000000000000000A48006F4D003B4E005
:10C6B00002B4F400B4B800B47C00B42E00F41F003F
:10C6C000F40F00B41E00B43D00B47C00B4B800B454
:10C6D000F401B4E002F4D007A480060000000000DA
:10C6E000000000000000000000000000000000004A
:10C6F000900100E00100E00100E00100E00100E045
:10C700000100E00100E00100E00100E00100E001C3
:10C7100000E00100E00100E00100E0FF03E0FF03B2
:10C72000A0AA0200000000000000000000000000BD
:10C730000000000000000000A49002F4D107F4E122
:10C7400007F8F207F8B207B8B707787B07786F07E2
:10C75000386F07385E07384E0B38490B38400B3CB2
:10C76000400B3C000B3C000B28000A0000000000BE
:10C7700000000000000000000000000000000000B9
:10C78000A44006F88107F84207F84307F84707B8BE
:10C790004B07B84F07784E07785E07786D0778BC6F
:10C7A0000778B80778F40778F00778E00778E007AB
:10C7B000649006000000000000000000000000007F
:10C7C0000000000000000000406E00D0FF01F0FB00
:10C7D00002F4D107B8800778800B7C400B7C400BBB
:10C7E0007C400B7C400B7C400B78800BB88007F4BE
:10C7F000D003F0FB02E0FF00406F000000000000EB
:10C800000000000000000000000000000000000028
:10C81000A02A00F4FF01F4FA02B4D007B4C007B4B0
:10C820008007B48007B4C007F4E003F4FF01F4BF4D
:10C8300000F41500B40000F40000B40000F400009F
:10C84000A000000000000000000000000000000048
:10C850000000000000000000406E00D0FF01F0FB6F
:10C8600003F4D107B8800778800B7C400B7C400B29
:10C870007C400B7C400B7C400B78800BB8C007F4ED
:10C88000E103F0FF02D0FF00402F00001E00002E49
:10C890000500FD0B0000000000000000000000008B
:10C8A000A42A00F4FF00F4FE02B4E002B4D003B402
:10C8B000D003B4E002F4F901F47F00F43F00B4B80F
:10C8C00000B4F400B4F001B4E002B4D003B4C00783
:10C8D000A48006000000000000000000000000002E
:10C8E000000000000000000040BE00D0FF01F0EB9F
:10C8F00001F44101B40000F40100F40700E06F000E
:10C9000080FF0100FE0200E40300D00700C007140E
:10C91000D003F8FA02F8FF01E46F00000000000005
:10C920000000000000000000000000000000000007
:10C93000A4AA06F8FF0BA4BF06001E00001E0000FC
:10C940001E00001E00001E00001E00001E00001E33
:10C9500000001E00001E00001E00001E00001E0041
:10C9600000190000000000000000000000000000AE
:10C970000000000000000000644006788007788016
:10C9800007788007788007788007788007788007A5
:10C99000788007788007788007788007B88007B4A8
:10C9A000C003F4EA02E0FF01806F00000000000015
:10C9B0000000000000000000000000000000000077
:10C9C00028000A7C400F78800BB88007B4C007F4B9
:10C9D000C003F0D102E0D102E0E201D0E201D0F3E5
:10C9E00000C0B70080BB00807F00407F00403F0058
:10C9F000002A00000000000000000000000000000D
:10CA0000000000000000000028000A3C000F2C007D
:10CA10000B3C000B3C000B3C090B381D0B381E0B6C
:10CA2000382E0B787F07787B07B8B707B8B207F8BE
:10CA3000F207F8E107F8D107A49006000000000013
:10CA400000000000000000000000000000000000E6
:10CA5000688006B8D007F4E102E0F201D0F600C029
:10CA6000BF00807F00402F00002F00403F0080BFAC
:10CA700000D0FB00E0F201F0E102F4D003B8C00BFB
:10CA800068800A00000000000000000000000000B4
:10CA9000000000000000000028400A7C800BB4C0A9
:10CAA00007F4D003E0E102D0F201D0F70080BB0030
:10CAB000407F00403F00002E00001E00001E0000CE
:10CAC0001E00001E00001E000019000000000000F3
:10CAD0000000000000000000000000000000000056
:10CAE000A4AA02F4FF07F4FF0300E00200F0010033
:10CAF000B800007C00003D00002E00400F00800BBD
:10CB000000C00700E00200F00100F4FF07F4FF0797
:10CB1000A4AA0600000000000000000000000000C1
:10CB2000000040560080BF0080BF008007008003E7
:10CB30000080030080030080030080030080030066
:10CB400080030080030080030080030080030080D6
:10CB50000300800300800300800300800300800343
:10CB600000806B00000000000000000000B4000026
:10CB7000F00000E00100D00200C003008007004088
:10CB80000700400B00000F00001E00002D00003CBD
:10CB90000000780000740000B40000F00000E00124
:10CBA00000D00200C0030080070040060000000023
:10CBB0000000402500D07F00C07F00007800007892
:10CBC000000078000078000078000078000078000D
:10CBD00000780000780000780000780000780000FD
:10CBE0007800007800007800007800007800007875
:10CBF00000807E0000000000000000000000000037
:10CC0000001900002F00403F00807700C0F200E0D4
:10CC1000E101B0D0027480031000010000000000A8
:10CC20000000000000000000000000000000000004
:10CC300000000000000000000000000000000000F4
:10CC400000000000000000000000000000000000E4
:10CC500000000000000000000000000000000000D4
:10CC600000000000000000000000000000000000C4
:10CC700000000000000000000000000000000000B4
:10CC800000A8AA0A000000000000000000F0020056
:10CC9000D00700400F000005000000000000000069
:10CCA0000000000000000000000000000000000084
:10CCB0000000000000000000000000000000000074
:10CCC0000000000000000000000000000000000064
:10CCD0000000000000000000000000000000000054
:10CCE00000000500D0BF00E0FF0160E00200C003CB
:10CCF00000D40380FF03E0FF03F4D103B4C003B406
:10CD0000E003F4FA03F0EF03908B02000000000050
:10CD100000000000000000000000000000B400005F
:10CD2000F40000B40000B40000B41000B4BD00F47E
:10CD3000FF02F4EB03F4C207F48007B48007F48029
:10CD400007B48007B4C007B4D003F4FA02F4FF00BC
:10CD5000A06F0000000000000000000000000000C4
:10CD600000000000000000000000000000000000C3
:10CD70000000140000FE02C0FF02D09B02E002008F
:10CD8000F00100F40000F40000F40000F00100F0F5
:10CD90000201E0EF02C0FF0200BE0100000000003F
:10CDA0000000000000000000000000000000C003C0
:10CDB00000C00300C00300C00300D40380FF03D001
:10CDC000FF03F0D603F4C003B8C00378C00378C0F3
:10CDD0000378C003B8D003F4F003F4FF03E0EF03DB
:10CDE000808B020000000000000000000000000036
:10CDF0000000000000000000000000000000000033
:10CE00000000040040BF00D0FF01E0E202F0C003D8
:10CE1000B48007F4FF07F4FF07B45501B40000F431
:10CE20000100E09B02D0FF0340BE010000000000B3
:10CE30000000000000000000000000400000F807B3
:10CE400000FE0B006F05000F00400F00000B0054A8
:10CE50005F01F8FF07F8FF07545F01000B00400B6C
:10CE600000400B00400B00400B00400B00400F0047
:10CE7000000A0000000000000000000000000000A8
:10CE800000000000000000000000000000000000A2
:10CE90000000050080FF0BE0FF0BF0E102B0D002C4
:10CEA000B4D002F0D002E0FA01E0BF00B01900B443
:10CEB0000000F46A00E0FF02F0EA07B4800778801F
:10CEC00007F8E507000000000000000000B40000C3
:10CED000F40000B40000B40000F41000B4BD00F48D
:10CEE000FF02F4EB02F4D203F4C003B4C003F4C0B5
:10CEF00003B4C003B4C003B4C003B4C003F4C0039C
:10CF0000A0800200000000000000000000000000FF
:10CF10000000000400002E00002E00002E0000047F
:10CF200000000000E02F00F02F00502E00002D0028
:10CF3000002D00002D00002D00002D00002D000010
:10CF40002D00A0BF02F4FF07A0AA0200000000000D
:10CF50000000000000000000000000500000F4008D
:10CF600000F40100F400005000000000F0FF00F0A9
:10CF7000FF0050F90000F00000F00000F00000F0A9
:10CF80000000F00000F00000F00000F00000F000F1
:10CF900000F00000F00000B400B4BE00000000008B
:10CFA0000000000000F00000F00000F00000F000C1
:10CFB00000F00000F0D007F0F002F0F400F07C0088
:10CFC000F02E00F01F00F01F00F03E00F07C00F09B
:10CFD000F400F0F002F0E007A0800600000000007E
:10CFE00000000000000000000000000000E02F0032
:10CFF000F02F00502E00002D00002D00002D00000D
:10D000002D00002D00002D00002D00002D00002D12
:10D0100000002D00002D00002D00A0BF02F4FF072E
:10D02000A0AA0200000000000000000000000000B4
:10D0300000000000000000000000000000000000F0
:10D0400000004100A8DB03F8FF07B8BE0B381D0B3A
:10D05000381D0B381D0B381D0B381D0B381D0B38B8
:10D060001D0B381D0B3C1D0B28190600000000008D
:10D0700000000000000000000000000000000000B0
:10D08000000000000000000000001000B4BD00B46B
:10D09000FF02F4EB02F4D203F4C003B4C003F4C003
:10D0A00003B4C003B4C003B4C003B4C003F4C003EA
:10D0B000A08002000000000000000000000000004E
:10D0C0000000000000000000000000000000000060
:10D0D0000000040080BF00E0FF01F0FA03F4D00775
:10D0E000B88007788007788007788007B8C007F491
:10D0F000D103F0FB02E0FF01406F000000000000E0
:10D10000000000000000000000000000000000001F
:10D11000000000000000000000001000B4BD00B4DA
:10D12000FF02F4EB03F4C207F48007B48007F48035
:10D1300007B48007B4C007B4D003F4FA02F4FF00C8
:10D14000F46F00B40000B40000B400000000000060
:10D1500000000000000000000000000000000000CF
:10D160000000140080FF03D0FF03F0D603F4C003D7
:10D17000B8C00378C00378C00378C003B8D003F404
:10D18000F003F4FF03E0EF0380CB0300C00300C013
:10D190000300C003000000000000000000000000C9
:10D1A000000000000000000000001000E0F901F0A5
:10D1B000FE03E0DB07E08307E08107E00100E00118
:10D1C00000E00100E00100E00100E00100F00100EA
:10D1D000A0010000000000000000000000000000AE
:10D1E000000000000000000000000000000000003F
:10D1F0000000140080FF01E0FF01F04201F0010097
:10D20000F00600E06F0080FF0100F90200E002007C
:10D21000D002A0E502F0FF01A06F000000000000B6
:10D2200000000000000000000000000000000000FE
:10D23000400600800B00800B00800B00F8FF02FC12
:10D24000FF03949B01400700800B00800B00800BC4
:10D2500000800B00800B00800B0040AF0200FF033A
:10D2600000F90200000000000000000000000000C3
:10D2700000000000000000000000000000000000AE
:10D2800000000000B4C003F4C003B4C003B4C00382
:10D29000B4C003B4C003B4C003B4C003B4D003F437
:10D2A000F003F0FF03E0EF03808B020000000000BA
:10D2B000000000000000000000000000000000006E
:10D2C0000000000000000000000000007C400B781F
:10D2D000800BB48007F4C003F0D102E0E101D0E29A
:10D2E00001D0F300C0B700807F00407F00003F0006
:10D2F000001A000000000000000000000000000014
:10D30000000000000000000000000000000000001D
:10D31000000000002C000E2C000F3C000B3C090B01
:10D32000381E0B382E0B786F07B87F07B4BB07F495
:10D33000F603F4F203F4E203A091020000000000FF
:10D3400000000000000000000000000000000000DD
:10D35000000000000000000000000000B88007F49A
:10D36000D103E0E202D0F70080BF00403F00003F61
:10D3700000407F00C0BB00D0F201F0E102F4D00712
:10D3800068800600000000000000000000000000AF
:10D39000000000000000000000000000000000008D
:10D3A000000000007C400B78800BB48007F4C003C1
:10D3B000F0D102E0E101D0E201D0F300C0BB008077
:10D3C0007F00407F00003F00002E00001F00400F44
:10D3D00000E4070000000000000000000000000062
:10D3E000000000000000000000000000F0FF02F05C
:10D3F000FF02A0FA0200F40000B800003D00002E79
:10D4000000400F00C00700D00300F0FF02F0FF0350
:10D41000A0AA0200000000000000000000000000C0
:10D42000000000500000F80100BD01001E00000EC9
:10D4300000000F00000F00000F00000F00400F0061
:10D44000E00700F00200E00700400B00000F0000C2
:10D450000F00000F00000F00000F00000E00001E64
:10D460000000BD00001900001E00001E00001E008C
:10D47000001E00001E00001E00001E00001E000016
:10D480001E00001E00001E00001E00001E00001EE8
:10D4900000001E00001E00001E00001E00001E00F6
:10D4A000001E00001E00001E00001E000000000004
:10D4B0000000500100E00B00901F00001E00002D36
:10D4C00000002D00002D00002D00002D00003C006C
:10D4D00000F80200F00300F802003C00002D0000FC
:10D4E0002D00002D00002D00002D00002D00001E3D
:10D4F00000901F000000000000000000000000007D
:10D50000000000000000000000000000000000001B
:10D510000000000000E00200F40B0BB85F0B3CFEC3
:10D520000728F80300A00100000000000000000030
:10D5300000000000000000000000000083008300E5
:10D5400083008B42F68CB8A58300830083008300A0
:10D55000F68C9CBE9CBE9CBE830083008300F68C30
:10D560009CBE9CBE94848B42830083008B429CBEF5
:10D570009CBE8B428300830083008300F68C9CBE9C
:10D58000948483008300830083008300B8A59CBE3D
:10D590008B42830083008300830083008300830029
:10D5A0008300830083008300830083008300830063
:10D5B0008300830083008300830083008300830053
:10D5C0008300830083008300830083008300830043
:10D5D000830083008300830083008300B8A59CBE82
:10D5E0008B4283008300830083008300F68C9CBE03
:10D5F0009484830083008300830083008B429CBE5D
:10D600009CBE8B4283008300830083008300F68CE2
:10D610009CBE9CBE94848B42830083008300830065
:10D62000F68C9CBE9CBE9CBE83008300830083005E
:10D6300083008B42F68CB8A58300830083008300AF
:10D6400083008300830083008300830083008300C2
:10D6500083008300830083008300830083008300B2
:10D660008300830083008B429CBEB8A583008300A7
:10D6700083008300830094849CBEF68C8300830027
:10D68000830083008B429CBE9CBE8B428300830040
:10D690008B4294849CBE9CBEF68C830083008300E6
:10D6A0009CBE9CBE9CBEF68C8300830083008300DE
:10D6B000B8A5F68C8B42830083008300830083002F
:10D6C000B8A5F68C8B42830083008300830083001F
:10D6D0009CBE9CBE9CBEF68C8300830083008300AE
:10D6E0008B4294849CBE9CBEF68C83008300830096
:10D6F000830083008B429CBE9CBE8B4283008300D0
:10D7000083008300830094849CBEF68C8300830096
:10D710008300830083008B429CBEB8A583008300F6
:10D7200083008300830083008300830083008300E1
:10D73000830083008300830083008300ACD7040848
:10D7400020DE040894E4040800DE040874E40408FD
:10D75000E8EA040808EB04087CF10408F0F7040880
:10D7600064FE0408D80405085CF10408D0F7040836
:10D7700044FE0408B80405082C0B05084A616E0035
:10D78000466562004D617200417072004D61790022
:10D790004A756E004A756C004175670053657000EC
:10D7A0004F6374004E6F7600446563000000000014
:10D7B0000000000000000000000000001111000047
:10D7C0000000000000000000000000000000000059
:10D7D000000000000000000000000000000073CA0C
:10D7E000DEEDAC4801000000000000000000000079
:10D7F0000000000000000000000000000000000029
:10D8000030D8FFFFFFFFFFFFAE0400000000000064
:10D810000000000000000000000000000000000008
:10D8200000000020F9FFEFBC7877CAFEFFBF0400BC
:10D8300000000000000000000000000000000000E8
:10D8400000000000000000F8FFAF260000000041CB
:10D85000E9FFAF0110000000000000000000000020
:10D8600000000000000000000000B1FF9F02000067
:10D870000000000010E8FF0CE603000000000000BC
:10D880000000000000000000000000000030FDCF9C
:10D8900003000000000000000010EA52FF1E00001C
:10D8A0000000000000000000000000000000000078
:10D8B00000E3FF090000000000000000000000F588
:10D8C000FF06000000000000000000000000000053
:10D8D0000000000010FD6F000000000000000000CC
:10D8E000000060FF5F00000000000000000000007A
:10D8F0000000000000000000B0FF06000000000073
:10D90000000000000000F6FF251D000000000000E0
:10D91000000000000000000000000000F89F000070
:10D9200000000000000000413460FF6FE0BF000015
:10D9300000000000000000000000000000000020C7
:10D94000FF0C8600000000000000C6FD2FF5FF065A
:10D9500090FF060000000000000000000000000032
:10D9600000000090FF03FB0A0000000000B1FFFF71
:10D9700051FF5F0000FD0D000000000000000000EE
:10D9800000000000000000F29F30FF9F0000000038
:10D9900010FCFF2FF5FF25AF01F66F00000000001F
:10D9A0000000000000000000000000F82F40FFFF12
:10D9B0000500000050EFFF52FF5FF2FF0AC0CF00EA
:10D9C000000000000000000000000000000000FD5A
:10D9D0000A40FFFF1E000000B0FF2FF5FF15FEFFFD
:10D9E000AF70FF0300000000000000000000000016
:10D9F000000030FF0640FFFF8F000000B0FF52FF25
:10DA00005FF3FFFF5C20FF07000000000000000044
:10DA100000000000000070EF0240FFFFDF01000087
:10DA2000C02FF5FF068777340000FC0B00000000D4
:10DA300000000000000000000000A0CF0030FFFF49
:10DA4000FF080050FE52FF6F000000000000F90DBB
:10DA50000000000000000000000000000000C0BF47
:10DA60000000FDFFFF2F00F52FF5FF06000000006E
:10DA70000000F72E00000000000000000000000081
:10DA80000000E18F0000F9FFFFBF00FF51FF5F00C2
:10DA9000000000000000F44F000000000000000043
:10DAA000000000000000E17F0000F3FFFFFF491FBE
:10DAB000F5FF2504000000000000F44F0000000006
:10DAC00000000000000000000000E17F0000B0FF47
:10DAD000FFFFDF52FF5FF204000000000000F44F80
:10DAE0000000000000000000000000000000E17FD6
:10DAF000000010FEFFFF2FF5FF15FF0400000000DF
:10DB00000000F44F000000000000000000000000D2
:10DB10000000C0AF000000D3FFFF52FF5FF1FFBF66
:10DB2000000000000000F62F0000000000000000D0
:10DB3000000000000000B0CF00000000D62EF5FF6E
:10DB400025EFFEFF090000000000F91D00000000A5
:10DB50000000000000000000000080EF0100000055
:10DB60000050FF6F3004FBFF5F0000000000FB0B64
:10DB7000000000000000000000000000000040FF66
:10DB80000400000000F6FF060010FEFFAF000000DA
:10DB90000010FE080000000000000000000000006F
:10DBA000000010FE0900000060FF6F000060FFFF32
:10DBB000BF0000000050FF04000000000000000053
:10DBC00000000000000000FA1E000000F6FF060042
:10DBD00000D0FFFFBF00000000B0DF000000000029
:10DBE0000000000000000000000000F47F00006062
:10DBF000FF6F000000F7FFFFBF00000000F47F0090
:10DC0000000000000000000000000000000000B064
:10DC1000EF0100F6FF06000020FFFFFF5F0000009D
:10DC200000FB1E00000000000000000000000000DB
:10DC300000000040FF0A60FF6F000000B0FFFFFF20
:10DC40000D00000060FF0800000000000000000060
:10DC50000000000000000000FA0EF6FF06000000C1
:10DC6000F5FFFFFF06000000F2DF010000000000EA
:10DC7000000000000000000000000000C152FF6F23
:10DC800000000000FCFFFF7F00000010FD3F0000CF
:10DC90000000000000000000000000000000000084
:10DCA00000F5FF0600000050FFFFFF09000000C163
:10DCB000FF0600000000000000000000000000005F
:10DCC0000000000060FF5F0000000080FFFF6D00AB
:10DCD000000030FD9F000000000000000000000078
:10DCE0000000000000000000F4FF259E000000D0AE
:10DCF000FF8D01000000F6FF090000000000000099
:10DD0000000000000000000000000000906FD0FF45
:10DD10006D0000B16C00000000B4FF6F0000000057
:10DD200000000000000000000000000000000000F3
:10DD3000000410FBFF7C020000000010B6FFDF03B0
:10DD400000000000000000000000000000000000D3
:10DD50000000000000000060FDFFCF79444496EB16
:10DD6000FFEF1800000000000000000000000000AD
:10DD700000000000000000000000000060FCFFFF49
:10DD8000FFFFFFFFDF1800000000000000000000A0
:10DD90000000000000000000000000000000000083
:10DDA0000030B7EDFFFFDF8B040000000000000033
:10DDB0000000000000000000000000000000000063
:10DDC0000000000000000020444412000000000099
:10DDD0000000000000000000000000000000000043
:10DDE0000000000000000000000000000000000033
:10DDF0000000000000000000000000000000000023
:10DE00008300A400E50825116619A721C829093255
:10DE10004A3A8B42AC42ED4A2E536F5BB063D16BF2
:10DE200000000000000000000000000000000000F2
:10DE300011110000000000000000000000000000C0
:10DE400000000000000000000000000000000000D2
:10DE5000000073CADEEDAC480100000000000000C5
:10DE600000000000000000000000000000000000B2
:10DE70000000000020D8FFFFFFFFFFFFAE040000FE
:10DE80000000000000000000000000000000000092
:10DE90000000000000000020F9FFEFBC7877CAFE08
:10DEA000FFBF0400000000000000000000000000B0
:10DEB0000000000000000000000000F7FFAF260097
:10DEC00000000041E9FFAF01000000000000000079
:10DED0000000000000000000000000000000B1FF92
:10DEE0009F0200000000000010E7FF3D000000005E
:10DEF0000000000000000000000000000000000022
:10DF00000030FDCF03000000000000000010FAFF09
:10DF100005000000000000000000000000000000FC
:10DF20000000000000E3FF08000000000000000007
:10DF3000000060FF6F000000000000000000000013
:10DF4000000000000000000010FD6F000000000055
:10DF500000000000000000E3FF03000000000000DC
:10DF6000000000000000000000000000B0FF0600FC
:10DF7000000000000000000000000030FE1E000055
:10DF80000000000000000000000000000000000091
:10DF9000F78F000000000000000000413400000185
:10DFA000F5BF0000000000000000000000000000BD
:10DFB00000000020FF0C8600000000000000C6FDED
:10DFC000FFAD051090FF06000000000000000000FB
:10DFD0000000000000000090FF03FB0A00000000AA
:10DFE00000B1FFFFFFFFBF0400FD0D0000000000B7
:10DFF0000000000000000000000000F29F30FF9FC2
:10E000000000000010FCFFFFFFFFFFAF01F66F00F4
:10E01000000000000000000000000000000000F808
:10E020002F40FFFF0500000050FFFFFFFFFFFFFF35
:10E030000AC0CF0000000000000000000000000047
:10E04000000000FD0A40FFFF1E000000B0FFFFFFC0
:10E05000FFFFFFFFAF70FF030000000000000000A3
:10E0600000000000000030FF0640FFFF8F000000AE
:10E07000B0FFFFFFFFFFFFFF5C20FF070000000075
:10E080000000000000000000000070EF0240FFFFF1
:10E09000DF010000C0FF9C47647878340000FC0B6F
:10E0A0000000000000000000000000000000A0CF01
:10E0B0000030FFFFFF080060FEFF060000000000C8
:10E0C0000000F90D0000000000000000000000004A
:10E0D0000000C0BF0000FDFFFF2F00F6FFFF6F0034
:10E0E000000000000000F72E00000000000000000B
:10E0F000000000000000E18F0000F9FFFFBF10FEEC
:10E10000FFFFEF01000000000000F44F00000000DE
:10E1100000000000000000000000E17F0000F3FFAD
:10E12000FFFF49FFFFFFFF04000000000000F44F65
:10E130000000000000000000000000000000E18F6F
:10E140000000B0FFFFFFDFFFFFFFFF030000000044
:10E150000000F44F0000000000000000000000007C
:10E160000000E17F000010FEFFFFFFFFFFFFFF0444
:10E17000000000000000F44F00000000000000005C
:10E18000000000000000C0AF000000D2FFFFFFFB56
:10E19000FFFFFFBF000000000000F62F000000009E
:10E1A00000000000000000000000B0CF00000000F0
:10E1B000C6FF6D60FEDFFEFF090000000000F91DD4
:10E1C000000000000000000000000000000080EFE0
:10E1D00001000000003300004104FBFF5F0000006D
:10E1E0000000FB0B00000000000000000000000029
:10E1F000000050FF04000000000000000010FEFFBF
:10E20000AF0000000010FE08000000000000000049
:10E2100000000000000010FE0900000000000000E7
:10E220000060FFFFBF0000000060FF04000000006E
:10E230000000000000000000000000FA1E000000C6
:10E240000000000000D0FFFFBF00000000B0DF00B2
:10E25000000000000000000000000000000000F4CA
:10E260007F0000000000000000F7FFFFBF0000007B
:10E2700000F47F000000000000000000000000002B
:10E28000000000B0EF0100000000000020FFFFFFD1
:10E290006F00000000FB1E000000000000000000F6
:10E2A0000000000000000040FF0A00000000000025
:10E2B000B0FFFFFF0D00000060FF0800000000003D
:10E2C000000000000000000000000000FA6F0000E5
:10E2D00000000000F5FFFFFF06000000F2DF010074
:10E2E000000000000000000000000000000000002E
:10E2F000D1FF030000000000FCFFFF7F00000000D2
:10E30000FD3F0000000000000000000000000000D1
:10E310000000000030FF3E0000000050FFFFFF093A
:10E32000000000C0FF060000000000000000000028
:10E33000000000000000000000F5EF050000008074
:10E34000FFFF6D00000020FD9F00000000000000A6
:10E350000000000000000000000000000060FF9FBF
:10E36000000000D0FF8D01000000F6FF0900000052
:10E37000000000000000000000000000000000009D
:10E380000000E3FF6D0000B16C00100000B4FF6FEF
:10E39000000000000000000000000000000000007D
:10E3A00000000000000010FBFF7C020000000010D5
:10E3B000B6FFDF03000000000000000000000000C6
:10E3C000000000000000000000000060FDFFCF79A9
:10E3D000444496EBFFEF080000000000000000003E
:10E3E000000000000000000000000000000000002D
:10E3F00060FCFFFFFFFFFFFFDF17000000000000D1
:10E40000000000000000000000000000000000000C
:10E41000000000000030B7EDFFFFDF8B04000000BC
:10E4200000000000000000000000000000000000EC
:10E430000000000000000000000000204444120022
:10E4400000000000000000000000000000000000CC
:10E4500000000000000000000000000000000000BC
:10E4600000000000000000000000000000000000AC
:10E47000000000008300E3004409C509261287124A
:10E48000071B681BC9234A24AB2C0C2D8C35ED359A
:10E490006E3ECF3E000000000000000000000000C3
:10E4A000000000001111000000000000000000004A
:10E4B000000000000000000000000000000000005C
:10E4C000000000000000426577776724000000002C
:10E4D000000000000000000000000000000000003C
:10E4E0000000000000000000107488888888888878
:10E4F00057020000000000000000000000000000C3
:10E5000000000000000000000000001085888867FF
:10E510004444658788680200000000000000000095
:10E520000000000000000000000000000000008467
:10E530008868130000000021758858000000000062
:10E5400000000000000000000000000000000000CB
:10E550000000608858010000000000001074882747
:10E5600000000000000000000000000000000000AB
:10E57000000000000010876802000000000000009A
:10E58000001085880300000000000000000000006B
:10E59000000000000000000000818805000000006D
:10E5A000000000000000308838000000000000007B
:10E5B000000000000000000000000000008738009C
:10E5C000000000000000000000000082880200003F
:10E5D000000000000000000000000000000000003B
:10E5E0006088030000000000000000000000002020
:10E5F000881700000000000000000000000000007C
:10E60000000000008458000000000000000000200E
:10E6100022000000836800000000000000000000ED
:10E620000000000000000010880743000000000008
:10E630000000638788570300508803000000000033
:10E640000000000000000000000000508802860565
:10E650000000000000608888888868020087070042
:10E660000000000000000000000000000000008129
:10E6700058108858000000000086888888888858CC
:10E6800000833800000000000000000000000000CF
:10E6900000000084182088880300000030888888E3
:10E6A000888888880570680000000000000000006D
:10E6B0000000000000000087062088881700000086
:10E6C0006088888888888888584088020000000010
:10E6D000000000000000000000002088032088885F
:10E6E00048000000608888888888888836108804F8
:10E6F0000000000000000000000000000000408852
:10E700000120888878000000608857243244341241
:10E71000000086060000000000000000000000006D
:10E720000000507800108888880400308788030033
:10E73000000000000000850700000000000000004D
:10E7400000000000000060680000878888180083CF
:10E7500088883800000000000000841800000000D5
:10E7600000000000000000000000714800008588E3
:10E7700088680088888878000000000000008228EF
:10E7800000000000000000000000000000007148D0
:10E790000000818888882588888888020000000019
:10E7A00000008228001001000000000000000000AE
:10E7B000000071480000608888887888888888020E
:10E7C0000000000000008238DBFEEFBD0900000001
:10E7D00000000000000071480000108888888888C8
:10E7E0008888880200000000000082FDFFFFFFFF14
:10E7F000CF00000000000000000070580000007111
:10E800008888888688888868000000000000E3FF08
:10E81000FFFFFFFFFF9E0000000000000000606897
:10E820000000000073883730877887880500000073
:10E830000000FEFFFFFFFFFFFFFF090000000000D8
:10E8400000004078010000000011000020028688CE
:10E850002800000000D0FFFFFFFFFFFFFFFF9E002A
:10E8600000000000000020880200000000000000FE
:10E87000000087886800000000FBFFFFFF0BA0FF7F
:10E88000FFFFDF000000000000000087050000001F
:10E8900000000000003088886800000090FFFFFF43
:10E8A000FF0900FEFFFFFF0A0000000000000085D6
:10E8B0001700000000000000007088886800000059
:10E8C000B0FFFFFFDF9009FCFFFFFF0C000000001E
:10E8D00000000082480000000000000000848888DA
:10E8E00068000000D0FFFFFFCFC00BFAFFFFFF0E54
:10E8F000000000000000006078010000000000003F
:10E900001088888838000000E0FFFFFFAFD00DF9C5
:10E91000FFFFFF9F000000000000002088050000AE
:10E92000000000006088888807000000F0FFFFFFFB
:10E930000EE00ED0FFFFFFAF00000000000000005F
:10E9400085380000000000008388888803000000EC
:10E95000F9FFFFFF0CFAAFB0FFFFFFAF00000000B0
:10E9600000000000708802000000000086888848CF
:10E9700000000000F7FFFFFF0ADBAD90FFFFFFAFD5
:10E980000000000000000000208828000000002097
:10E990008888880500000060E8FFFFFF0100000094
:10E9A000FEFFFF0E0000000000000000008388034F
:10E9B000000000408888370000001087D8FFFFDF84
:10E9C00090CCBC09FCFFFF0D00000000000000001F
:10E9D00000308858000000708847000000008388DD
:10E9E00095FFFFBFB0FFFF0AF9FFFF0A000000001C
:10E9F0000000000000007288370000603600000050
:10EA00000062883800FCFFBFDAFFFFADFAFFEF00BD
:10EA10000000000000000000000010868847010090
:10EA2000000000106388780200E0FFFFFFFFFFFF97
:10EA3000FFFFAF00000000000000000000000030F9
:10EA40008788684522225376887804000090FFFF6B
:10EA5000FFFFFFFFFFFF0B000000000000000000B1
:10EA60000000000030868888888888887814000034
:10EA70000000E9FFFFFFFFFFFFBF000000000000F4
:10EA800000000000000000000020648788887846AD
:10EA900002000000000090FDFFFFFFFFEF0A0000F2
:10EAA0000000000000000000000000000000001056
:10EAB0002222010000000000000000A0ECFFFFDEA9
:10EAC0000B0000000000000000000000000000003B
:10EAD0000000000000000000000000000000000036
:10EAE00000A9AA0000000000830044090612C71A0A
:10EAF000A9236A242C2D0D36CF3E2321E349A46A95
:10EB0000449305B4C5DC85FD000000000000000052
:10EB100000000000000000000000000000000000F5
:10EB200000000000000000000000000000000000E5
:10EB3000000000000000000000000000007358000A
:10EB400000000000000000000000000000000000C5
:10EB500000000000000000000000000000000000B5
:10EB600090FFFF1C000000000000000000000000FB
:10EB70000000000000000000000000000000000095
:10EB800000000000F9FFFECF0100000000000000BF
:10EB90000000000000000000000000000000000075
:10EBA0000000000000000030FF2B91FF0700000074
:10EBB0000000000000000000000000000000000055
:10EBC000000000000000000000000070FF0200FDD7
:10EBD0000B0000000000000000000000000000002A
:10EBE00000000000000000000000000000000070B5
:10EBF000EF0100FB0B00000000000000000000001F
:10EC00000000000000000000000000000000000004
:10EC100000000070EF0100FB0B000000000000008E
:10EC200000000000000000000000000000000000E4
:10EC30000000000000000070EF0100FB0B0000006E
:10EC400000000000000000000000000000000000C4
:10EC5000000000000000000000000070EF0100FB59
:10EC60000B00000000000000000000000000000099
:10EC70000000000000000000000000000000007024
:10EC8000EF0100FB0B00000000000000000000008E
:10EC90000000000000000000000000000000000074
:10ECA00000000070EF0100FB0B00000000000000FE
:10ECB0000000000000000000000000000000000054
:10ECC0000000000000000070EF0100FB0B000000DE
:10ECD0000000000000000000000000000000000034
:10ECE000000000000000000000000070EF0100FBC9
:10ECF0000B00000000000000000000000000000009
:10ED00000000000000000000000000000000007093
:10ED1000EF0100FB0B0000000000000000000000FD
:10ED200000000000000000000000000000000000E3
:10ED300000000070EF0100FB0B000000000000006D
:10ED400000000000000000000000000000000000C3
:10ED50000000000000000070EF0100FB0B0000004D
:10ED600000000000000000000000000000000000A3
:10ED7000000000000000000000000070EF0100FB38
:10ED80000B00000000000000000000000000000078
:10ED90000000000000000000000000000000007003
:10EDA000EF0100FB0B00000000000000000000006D
:10EDB0000000000000000000000000000000000053
:10EDC00000000070EF0100FB0B00000000000000DD
:10EDD0000000000000000000000000000000000033
:10EDE0000000000000000070EF0100FB0B000000BD
:10EDF0000000000000000000000000000000000013
:10EE0000000000000000000000000070EF0100FBA7
:10EE10000B000000000000000000000000000000E7
:10EE20000000000000000000000000000000007072
:10EE3000EF0100FB0B0000000000000000000000DC
:10EE400000000000000000000000000000000000C2
:10EE500000000070EF0100FB0B000000000000004C
:10EE600000000000000000000000000000000000A2
:10EE70000000000000000070EF5107FB0B000000D5
:10EE80000000000000000000000000000000000082
:10EE9000000000000000000000000080DFF8AFFA72
:10EEA0000B00000000000000000000000000000057
:10EEB00000000000000000000000000000000070E2
:10EEC000EFFFFFFE0B00000000000000000000004C
:10EED0000000000000000000000000000000000032
:10EEE000000000B0FFFFFFFF0C000000000000006A
:10EEF0000000000000000000000000000000000012
:10EF000000000000000010FCFFFFFFFFCF01000029
:10EF100000000000000000000000000000000000F1
:10EF200000000000000000000000A0FFFFFFFFFF46
:10EF3000FF0A0000000000000000000000000000C8
:10EF40000000000000000000000000000000F4FFCE
:10EF5000FFFFFFFFFF4F0000000000000000000067
:10EF600000000000000000000000000000000000A1
:10EF70000000FBFFFFFFFFFFFFBF000000000000DD
:10EF80000000000000000000000000000000000081
:10EF9000000000000010FEFFFFFFFFFFFFEF010079
:10EFA0000000000000000000000000000000000061
:10EFB00000000000000000000040FFFFFFFFFFFF17
:10EFC000FFFF04000000000000000000000000003F
:10EFD0000000000000000000000000000040FFFFF3
:10EFE000FFFFFFFFFFFF0400000000000000000023
:10EFF0000000000000000000000000000000000011
:10F000000030FFFFFFFFFFFFFFFF030000000000D5
:10F0100000000000000000000000000000000000F0
:10F02000000000000000FDFFFFFFFFFFFFDF00000A
:10F0300000000000000000000000000000000000D0
:10F0400000000000000000000000F9FFFFFFFFFFCC
:10F05000FF9F000000000000000000000000000012
:10F060000000000000000000000000000000F2FFAF
:10F07000FFFFFFFFFF2F0000000000000000000066
:10F080000000000000000000000000000000000080
:10F09000000070FFFFFFFFFFFF07000000000000FF
:10F0A0000000000000000000000000000000000060
:10F0B00000000000000000F9FFFFFFFF9F000000BC
:10F0C0000000000000000000000000000000000040
:10F0D000000000000000000000000050FEFFFFEFF5
:10F0E000050000000000000000000000000000001B
:10F0F0000000000000000000000000000000000010
:10F1000050BAAB0500000000000000000000000045
:10F1100000000000000000000000000000000000EF
:10F1200000000000000000000000000000000000DF
:10F1300000000000000000000000000000000000CF
:10F1400000000000000000000000000000000000BF
:10F150000000000000000000000000008300A40088
:10F16000E50825116619A721C82909324A3A8B42B8
:10F17000AC42ED4A2E536F5BB063D16B00000000D0
:10F18000000000000000000000000000000000007F
:10F19000000000000000000000000000000000006F
:10F1A000000000000000000000000000000000005F
:10F1B000000001000000000000000000000000004E
:10F1C000000000000000000000000000000000003F
:10F1D0000000000000100600000000000000000019
:10F1E000000000000000000000000000000000001F
:10F1F00000000000000000000020480000000000A7
:10F2000000000000000000000000000000000000FE
:10F21000000000000000000000000000002088093D
:10F2200000000000000000000000000000000000DE
:10F2300000000000000000000000000000000000CE
:10F2400000408807000000000000000000000000EF
:10F2500000000000000000000000000000000000AE
:10F26000000000000040885800000000000000007E
:10F27000000000000000000000000000000000008E
:10F28000000000000000000000408888020000002C
:10F29000000000000000000000000000000000006E
:10F2A00000000000000000000000000000608888EE
:10F2B0000700000000000000000000000000000047
:10F2C000000000000000000000000000000000003E
:10F2D0000060888848000000000000000000000076
:10F2E000000000000000000000000000000000001E
:10F2F0000000000000708888780000000000000016
:10F3000000000000000000000000000000000000FD
:10F3100000000000000000000081888888020000D2
:10F3200000000000000000000000000000000000DD
:10F330000000000000000000000000250084888814
:10F34000880600000000000000000000000000002F
:10F350000000000000000000000000000000204845
:10F360000086888888180000000000000000000067
:10F37000000000000000000000000000000000008D
:10F38000000070682088888888480000000000001D
:10F39000000000000000000000000000000000006D
:10F3A0000000000000008488508888888878000069
:10F3B000000000000000000000000000000000004D
:10F3C0000000000000000000001088887388888812
:10F3D000888802000000000000000000000000001B
:10F3E00000000000000000000000000000408888CD
:10F3F00087888888888805000000000000000000D9
:10F4000000000000000000000000000000000000FC
:10F410000060888888F88F888888060000000000CF
:10F4200000000000000000000000000000000000DC
:10F43000000000000081888888F8EF88888818001C
:10F4400000000000000000000000000000000000BC
:10F4500000000000000000000082888888FFFF880C
:10F460008888280000000000000000000000000064
:10F4700000000000000000000000000000848888F8
:10F48000E8FFFF8F888848000000000000000000AF
:10F49000000000000000000000000000000000006C
:10F4A00000868888F8FFFF8F8888680000000000C9
:10F4B000000000000000000000000000000000004C
:10F4C0000000000000878888FFFFFFFF8888780021
:10F4D000000000000000000000000000000000002C
:10F4E0000000000000000000208888E8FFFFFFFF08
:10F4F0008E8888020000000000000000000000006C
:10F50000000000000000000000000000208888F8D3
:10F51000FFFFFFFF8F88880200000000000000004E
:10F5200000000000000000000000000000000000DB
:10F53000008888F8FFFFFFFF8F8888000000000028
:10F5400000000000000000000000000000000000BB
:10F5500000000000008788F8FFFFFFFF8F88780019
:10F56000000000000000000000000000000000009B
:10F570000000000000000000008688F8FFFFFFFF89
:10F580008F886800000000000000000000000000FC
:10F59000000000000000000000000000008588F866
:10F5A000FFFFFFFF8F8858000000000000000000F0
:10F5B000000000000000000000000000000000004B
:10F5C000008488F8FFFFFFFF8F88480000000000DC
:10F5D000000000000000000000000000000000002B
:10F5E00000000000008488FEFFFFFFFFEF88480056
:10F5F000000000000000000000000000000000000B
:10F600000000000000000000008288F8FFFFFFFFFC
:10F610008F882800000000000000000000000000AB
:10F62000000000000000000000000000006088E80A
:10F63000FFFFFFFF8E8806000000000000000000B2
:10F6400000000000000000000000000000000000BA
:10F6500000208888FFFFFFFF88880200000000006C
:10F66000000000000000000000000000000000009A
:10F670000000000000008588FEFFFFEF88580000B2
:10F68000000000000000000000000000000000007A
:10F69000000000000000000000007188F8FFFF8FEC
:10F6A00088170000000000000000000000000000BB
:10F6B0000000000000000000000000000000308892
:10F6C000E8FFFF8E8803000000000000000000003B
:10F6D000000000000000000000000000000000002A
:10F6E0000000008788EEEE8878000000000000002F
:10F6F000000000000000000000000000000000000A
:10F700000000000000000051878888881500000074
:10F7100000000000000000000000000000000000E9
:10F720000000000000000000000000004187781485
:10F7300000000000000000000000000000000000C9
:10F7400000000000000000000000000000000000B9
:10F750000030140000000000000000000000000065
:10F760000000000000000000000000000000000099
:10F770000000000000000000000000000000000089
:10F780000000000000000000000000000000000079
:10F790000000000000000000000000000000000069
:10F7A0000000000000000000000000000000000059
:10F7B0000000000000000000000000000000000049
:10F7C0000000000000000000000000000000000039
:10F7D0008300C32023418361E481449AA4BAE5DA1B
:10F7E00045FB6321244A056BE593C6B4A7DD87FE7C
:10F7F0000000000000000000000000000000000009
:10F8000000000000000000000000000000000000F8
:10F8100000000000000000000000000000000000E8
:10F8200000000000000000000000000000000000D8
:10F8300000000000000000000000000000000000C8
:10F8400000000000000000000000000000000000B8
:10F8500000000000000000000000000000000000A8
:10F8600000000000000000000064450100000000EE
:10F8700020642500000000000000000000000000DF
:10F8800000000000000000000000000072888801F5
:10F890000000000030888805000000000000000023
:10F8A0000000000000000000000000000000004018
:10F8B0008888680000000000108888680200000046
:10F8C0000000000000000000000000000000000038
:10F8D0000000007088885821000000211487888863
:10F8E0000500000000000000000000000000000013
:10F8F00000000000000000818888288347000086FF
:10F900002884888807000000000000000000000034
:10F91000000000000000000000000010538758861F
:10F92000480000855885884602000000000000005D
:10F9300000000000000000000000000000000000C7
:10F940001171888818000082888816000000000065
:10F9500000000000000000000000000000000000A7
:10F960000000000084778888060000818888562877
:10F970000000000000000000000000000000000087
:10F9800000000000000000008688888804000060F5
:10F990008888884800000000000000000000000087
:10F9A000000000000000000000000000648888885B
:10F9B0000200003088888848000000000000000035
:10F9C0000000000000000000000000000000000037
:10F9D0000031758805000050887824000000000080
:10F9E0000000000000000000000000000000000017
:10F9F000000000000000108828000082780100004C
:10FA000000000000000000000000000000000000F6
:10FA10000000000000000000000000846800008674
:10FA2000480000000000000000000000000000008E
:10FA30000000000000000000000020010000007035
:10FA4000880330880700000010020000000000005A
:10FA5000000000000000000000000000100081070E
:10FA60000000003088077088030000007018000153
:10FA70000000000000000000000000000000000086
:10FA80007301886800000000864884680000000058
:10FA90008688103700000000000000000000000011
:10FAA00000000030881882880600000081FEEF18F0
:10FAB000000000608828818803000000000000002A
:10FAC00000000000000000408888738878444444A7
:10FAD000D4FFFF2E22222286882588880400000079
:10FAE00000000000000000000000004088888888B6
:10FAF00088888888F8FFFF8F888888888888888821
:10FB000006000000000000000000000000000040AF
:10FB10008888888888888888F8FFFF8F8888888800
:10FB200088888888060000000000000000000000AF
:10FB3000000000308888548878444444D4FFFF6F24
:10FB40006666668788588888060000000000000006
:10FB500000000000000000108728718828000000C5
:10FB600060FFFF28000000608838718803000000F3
:10FB70000000000000000000000000007302866822
:10FB80000100000083788578000000008588005718
:10FB90000000000000000000000000000000000065
:10FBA0001000810700000000873870880400000002
:10FBB00050280000000000000000000000000000CD
:10FBC000000000000000200100000040880630888E
:10FBD000170000000002000000000000000000000C
:10FBE0000000000000000000000000000000008194
:10FBF000880200865800000000000000000000009D
:10FC000000000000000000000000000000000000F4
:10FC100000001086580000828802000000000000EA
:10FC200000000000000000000000000000000000D4
:10FC30000000000000428788180000508858130018
:10FC400000000000000000000000000000000000B4
:10FC50000000000000000000848888880400002064
:10FC600088888846000000000000000000000000B6
:10FC70000000000000000000000000008488888868
:10FC8000050000408888886800000000000000002F
:10FC90000000000000000000000000000000000064
:10FCA0008245888818000060888877480000000036
:10FCB0000000000000000000000000000000000044
:10FCC00000000000105188882800008188881711E2
:10FCD0000000000000000000000000000000000024
:10FCE000000000000000002064888887580000841D
:10FCF0006885783501000000000000000000000069
:10FD00000000000000000000000000708888588299
:10FD10006800007438828888180000000000000025
:10FD20000000000000000000000000000000005083
:10FD3000888868411200000012858888070000004A
:10FD400000000000000000000000000000000000B3
:10FD50000000002085888801000000000086888857
:10FD6000040000000000000000000000000000008F
:10FD70000000000000000000508888030000000020
:10FD8000108888270000000000000000000000002C
:10FD900000000000000000000000000000624602B9
:10FDA00000000000105446000000000000000000A9
:10FDB0000000000000000000000000000000000043
:10FDC0000000000000000000000000000000000033
:10FDD0000000000000000000000000000000000023
:10FDE0000000000000000000000000000000000013
:10FDF0000000000000000000000000000000000003
:10FE000000000000000000000000000000000000F2
:10FE100000000000000000000000000000000000E2
:10FE200000000000000000000000000000000000D2
:10FE300000000000000000000000000000000000C2
:10FE40000000000083002609EA11AD1A7123352451
:10FE5000D82C9C355F3E87198B3A8F5B937C979D9E
:10FE60009BBE9FDF000000000000000000000000BB
:10FE70000000000000000000000000000000000082
:10FE800000000000000000000000107C777777770A
:10FE900077777777777777777777777777777777F2
:10FEA0007777777777777777C70B00000000FDFFCC
:10FEB000FFFFFFFFFFFFFFFFFFFFFFFFFFFFFFFF52
:10FEC000FFFFFFFFFFFFFFFFFFFFFFFFFFEF01004F
:10FED00000E0FFFFFFFFFFFFFFFFFFFFFFFFFFFF50
:10FEE000FFFFFFFFFFFFFFFFFFFFFFFFFFFFFFFF22
:10FEF000FFFFBF0000FD8F0B0000000000000000AE
:10FF00000000000000B0550B0000000000000000E1
:10FF10000000000010FDEF0010FF080000000000CE
:10FF20000000000000000000002055040000000058
:10FF3000000000000000000000C0FF0CC0FF0B002C
:10FF400000000000000000000000000000305535F7
:10FF50000000000000000000000000000000FE0D96
:10FF600070FF000000000000000000000000000022
:10FF700000305555010000000000000000000000A6
:10FF80000000FE0E70FF00000000000000000000F6
:10FF90000000000000405555040000000000000073
:10FFA000000000000000FE0E70FF000000000000D6
:10FFB0000000000000000000004055553500000022
:10FFC00000000000000000000000FE0E70FF0000B6
:10FFD0000000000000000000000000000040555537
:10FFE0005500000000000000000000000000FE0EB0
:10FFF00070FF000000000000000000000000000092
:020000040805ED
:1000000000515555550B0000000000000000000095
:100010000000FE0E70FF0000000000000000000065
:100020000000001300525555550400000000000068
:10003000000000000000FE0E70FF00000000000045
:100040000000000000001025005455555515000013
:1000500000000000000000000000FE0E70FF000025
:1000600000000000000000000000404510555555FC
:100070005535000000000000000000000000FE0EEA
:1000800070FF000000000000000000000000535559
:100090003055555555450000000000000000000097
:1000A0000000FE0E70FF00000000000000000000D5
:1000B000001055554255555555550100000000009A
:1000C000000000000000FE0E70FF000000000000B5
:1000D0000000000000305555545555555555030046
:1000E00000000000000000000000FE0E70FF000095
:1000F00000000000000000000040555555F55A551D
:100100005555040000000000000000000000FE0E35
:1001100070FF000000000000000000000050555576
:1001200055AFFA55555505000000000000000000CD
:100130000000FE0E70FF0000000000000000000044
:100140000051555555AAAA555555150000000000F7
:10015000000000000000FE0E70FF00000000000024
:100160000000000000535555F5AAAA5F555535000B
:1001700000000000000000000000FE0E70FF000004
:10018000000000000000000000545555A5AAAAFA7E
:100190005555450000000000000000000000FE0E64
:1001A00070FF0000000000000000000000545555E2
:1001B000AAAAAAAA555545000000000000000000A8
:1001C0000000FE0E70FF00000000000000000000B4
:1001D000105555F5AAAAAAAA5F55550100000000BE
:1001E000000000000000FE0E70FF00000000000094
:1001F00000000000105555F5AAAAAAAA5F5555019E
:1002000000000000000000000000FE0E70FF000073
:100210000000000000000000005555A5AAAAAAAAE7
:100220005A55550000000000000000000000FE0EBE
:1002300070FF00000000000000000000005455A501
:10024000AAAAAAAA5A554500000000000000000012
:100250000000FE0E70FF0000000000000000000023
:10026000005455A5AAAAAAAA5A55450000000000A4
:10027000000000000000FE0E70FF00000000000003
:1002800000000000005355A5AAAAAAAA5A55350095
:1002900000000000000000000000FE0E70FF0000E3
:1002A0000000000000000000005355A5AAAAAAAA59
:1002B0005A55350000000000000000000000FE0E4E
:1002C00070FF00000000000000000000005255AF69
:1002D000AAAAAAAAFA552500000000000000000002
:1002E0000000FE0E70FF0000000000000000000093
:1002F000005155A5AAAAAAAA5A5515000000000047
:10030000000000000000FE0E70FF00000000000072
:1003100000000000004055F5AAAAAAAA5F550400F3
:1003200000000000000000000000FE0E70FF000052
:10033000000000000000000000105555AAAAAAAA5B
:100340005555010000000000000000000000FE0EF6
:1003500070FF000000000000000000000000535586
:10036000AFAAAAFA55350000000000000000000006
:100370000000FE0E70FF0000000000000000000002
:1003800000005055A5AAAA5A55050000000000001B
:10039000000000000000FE0E70FF000000000000E2
:1003A0000000000000002055F5AAAA5F55020000D9
:1003B00000000000000000000000FE0EC0FF010071
:1003C00000000000000000000000005455FFFF5531
:1003D0004500000000000000000000000000FE0DCD
:1003E000B0FF0D0000000000000000000000003120
:1003F0005555555513000000000000000000000096
:100400000060FF0C00FECF000000000000000000B4
:100410000000000020544512000000000000000011
:100420000000000000F6FF0000F1FFEEEEEEEEEE41
:10043000EEEEEEEEEEEEEEEE8EFEEF88EEEEEEEE91
:10044000EEEEEEEEEEEEEEEEEEFFCF0000B0FEFFD3
:10045000FFFFFFFFFFFFFFFFFFFFFFFFAFFFFFFA01
:10046000FFFFFFFFFFFFFFFFFFFFFFFFFF9F0C00EE
:100470000000C0EDEEEEEEEEEEEEEEEEEEEEEEEEA7
:10048000EEEEEEEEEEEEEEEEEEEEEEEEEEEEEEEE8C
:10049000DE0C000000000000000000000000000072
:1004A000000000000000000000000000000000004C
:1004B000000000000000000083000331A361249AC3
:1004C000C4CA45FBA431E562259C46CD87FE833135
:1004D0008462849B85CC85FD000000000000000044
:1004E000000000000000000000000000000000000C
:1004F0000000000000000000000000000000B0CC80
:10050000CCCCCCCCCCCCCCCCCCCCCCCCCCCCCCCC2B
:10051000CCCCCCCCCCCCCCCCCCCCCCCCCC0B000074
:100520000000FDFFFFFFFFFFFFFFFFFFFFFFFFFFDB
:10053000FFFFFFFFFFFFFFFFFFFFFFFFFFFFFFFFCB
:10054000FFEF0B0000E0FFFFFFFFFFFFFFFFFFFFDC
:10055000FEFFFFFFFFFFFFFFFFFFFFFEFFFFFFFFAD
:10056000FFFFFFFFFFFFBF0000FDDF0B00000000EB
:1005700000000000465555010000000020555503BD
:100580000000000000000000B0FDEF00B0FF0D0013
:10059000000000000000002055554500000000004C
:1005A00000555545010000000000000000C0FF0C90
:1005B000C0FF0B0000000000000000405555351042
:1005C00000000020135455550300000000000000F7
:1005D0000000FE0DD0FF00000000000000000051F0
:1005E000555515522500005415535555040000006B
:1005F000000000000000FE0EC0FF00000000000030
:100600000000001032553554250000533553553441
:1006100001000000000000000000FE0EC0FF00000E
:100620000000000000000000104155551500005169
:100630005555140000000000000000000000FE0EF0
:10064000C0FF00000000000000000000535455559A
:100650000400005055553315000000000000000054
:100660000000FE0EC0FF00000000000000000000BF
:1006700054555555030000405555552500000000C0
:10068000000000000000FE0EC0FF0000000000009F
:1006900000000000435555550100002055555535C3
:1006A00000000000000000000000FE0EC0FF00007F
:1006B000000000000000000000215355030000303E
:1006C0005545130000000000000000000000FE0E71
:1006D000C0FF0000000000000000000000001055F6
:1006E000150000515501000000000000000000004E
:1006F0000000FE0EC0FF000000000000000000002F
:1007000000000053450000542500000000000000D8
:10071000000000000000FE0EC0FF0000000000000E
:100720000000100000000050550220550400000099
:1007300000010000000000000000FE0EC0FF0000ED
:100740000000000000005104000000205505405545
:100750000200000040150000000000000000FE0E36
:10076000C0FF0000000000005201554500000000DD
:10077000543552450000000054551025000000007B
:100780000000FE0EC0FF000000000020551551556E
:100790000400000051A99A1500000040552551554C
:1007A000020000000000FE0EC0FF0000000000304C
:1007B000555542554532333292AAAA191111115496
:1007C00055135555020000000000FE0EC0FF00004A
:1007D000000000205555555555555555A5AAAA5AFE
:1007E0005555555555555555040000000000FE0E51
:1007F000C0FF000000000030555555555555555562
:10080000A5AAAA5A555555555555555504000000E9
:100810000000FE0EC0FF00000000002055553255BC
:100820005532333282AAAA4A444444545535555568
:10083000040000000000FE0EC0FF000000000010D9
:10084000552541551500000040AAAA15000000409A
:1008500055254155020000000000FE0EC0FF0000BB
:10086000000000005201544501000000524553456C
:100870000000000053550034000000000000FE0E90
:10088000C0FF000000000000000050040000000055
:100890005525405502000000301500000000000002
:1008A0000000FE0EC0FF000000000000000010006D
:1008B0000000003055042055050000000001000034
:1008C000000000000000FE0EC0FF0000000000005D
:1008D00000000000000000515501005435000000E8
:1008E00000000000000000000000FE0EC0FF00003D
:1008F000000000000000000000001053350000510F
:100900005501000000000000000000000000FE0E85
:10091000C0FF00000000000000000000003154553E
:1009200015000030553512000000000000000000E6
:100930000000FE0EC0FF00000000000000000000EC
:10094000535555550300001055555534000000000F
:10095000000000000000FE0EC0FF000000000000CC
:1009600000000000525555550300003055555545BF
:1009700000000000000000000000FE0EC0FF0000AC
:1009800000000000000000005133555505000040F4
:100990005555453500000000000000000000FE0E27
:1009A000C0FF0000000000000000000000305555AE
:1009B0001500005155551501000000000000000011
:1009C0000000FE0EC0FF000000000000000000104C
:1009D000435555543500005245535523010000003E
:1009E000000000000000FE0EC0FF0000000000003C
:1009F00000000040555535514500005225515555D0
:100A000015000000000000000000FE0EC0FF000006
:100A10000000000000000030555545300200000085
:100A20000153555504000000000000000000FE0EB8
:100A3000C0FF0B00000000000000001053555500DF
:100A400000000000005455550300000000000000A5
:100A50000000FE0DB0FF0D000000000000000000CF
:100A600030555502000000001055551400000000DC
:100A70000000000000B0FF0C00FECF0000000000EE
:100A8000000000000041340100000000103223008B
:100A9000000000000000000000FBFF0000FBFFEE74
:100AA000EEEEEEEEEEEEEEEEEEEEDEEEEEEEEEEE76
:100AB000EEEDDEEEEEEEEEEEEEEEEEEEEEFFCF0063
:100AC00000B0FEFFFFFFFFFFFFFFFFFFFFFFFFFF85
:100AD000FFFFFFFFFFFFFFFFFFFFFFFFFFFFFFFF26
:100AE000FFFF0C000000C0EDEEEEEEEEEEEEEEEEDF
:100AF000EEEEEEEEEEEEEEEEEEEEEEEEEEEEEEEE16
:100B0000EEEEEEEEDE0C0000000000000000000043
:100B100000000000000000000000000000000000D5
:100B20000000000000000000000000008300A80991
:100B3000CE1AF4233A355F3EE8294E53D4843AAEB8
:100B40009FDF83318462849B85CC85FD000000009B
:100B50000000000000000000000000000000000095
:100B60000000000000000000000000000000000085
:100B70000000000000000000000000000000000075
:100B80000000000000000000000000000000000065
:100B90000000000000000000000000000000000055
:100BA0000000000000000000000000000000000045
:100BB0000000000000000000000000000000000035
:100BC0000000000000000000000000000000000025
:100BD0000000000000000000000000000000000015
:100BE0000000000000000000000000000000000005
:100BF00000000000000000000000000000000000F5
:100C000000000000000000000000000000000000E4
:100C100000000000000000000000000000000000D4
:100C200000000000000000000000000000000000C4
:100C30000000000010100101000000000000000092
:100C400000000000000000000000000000000000A4
:100C50000000000000204365767777786634120044
:100C60000000000000000000000000000000000084
:100C70000000000000000020648788888888888839
:100C80008888885602000000000000000000000074
:100C9000000000000000000000004287888888886B
:100CA000787777878888888878250000000000009A
:100CB00000000000000000000000000000638888C1
:100CC00088684523021111102254768888884701CC
:100CD0000000000000000000000000000000000014
:100CE0007288887835010000000000000000104282
:100CF0008688883800000000000000000000000026
:100D00000000005188884702000000000000000039
:100D10000000000010748888260000000000000019
:100D2000000000000000308788370100000000004C
:100D3000000000000000000000006288880400003D
:100D4000000000000000000000008488480000004F
:100D50000000000000000000000000000000007320
:100D60008858000000000000000000000050886863
:100D70000100000000000000000000000000000072
:100D8000000000008588070000000000000000004F
:100D90000084880400000000000000000000000043
:100DA0000000000000000000308868000000000023
:100DB0000000000030883800000000000000000043
:100DC0000000000000000000000000000082880415
:100DD0000000000000000000718805000000000015
:100DE0000000000000000000000000000000000003
:100DF0000030882800000000000000008568000026
:100E000000000000000000000000000000000000E2
:100E100000000000000085780000000000000010C5
:100E20008828000000000000000000000000000012
:100E300000000000000000000000708802000000B8
:100E400000000030880600000000000000000000E4
:100E500000000000000000000000000000004088CA
:100E600005000000000000508803000000000000A2
:100E70000000000000000000000000000000000072
:100E800000001088070000000000007088010000CA
:100E90000000000000000000000000000000000052
:100EA0000000000000000087280000000000008112
:100EB00078000000000000000000000000C9BC0035
:100EC0000000000000000000000000853800000065
:100ED0000010208816010000000000000000000043
:100EE00000FAEF00000000000000000000001031D8
:100EF0008806010000FBFEFFEFDF0000000000009D
:100F00000000000000FADF00000000000000000008
:100F10000000FBFEFFEFDF0000FCFFFFFFDF000033
:100F2000000000000000000000FADF0000000000E8
:100F3000000000000000FCFFFFFFDF0000FBFFFFE0
:100F4000FFDF0000000000000000000000FADF00EA
:100F500000000000000000000000FBFFFFFFDF00BA
:100F600000FCFFFFFFDF00000000000000000000A9
:100F700000FADF0000000000000000000000FCFF9D
:100F8000FFFFDF0000FCFFFFFFDF000000000000AC
:100F90000000000000FADF00000000000000000078
:100FA0000000FCFFFFFFDF0000FCFFFFFFDF000091
:100FB000000000000000000000FADF000000000058
:100FC000000000000000FCFFFFFFDF0000FCFFFF4F
:100FD000FFDF0000000000000000000000FADF005A
:100FE00000000000000000000000FCFFFFFFDF0029
:100FF00000FCFFFFFFDF0000000000000000000019
:1010000000FADF0000000000000000000000FCFF0C
:10101000FFFFDF0000FCFFFFFFDF0000000000001B
:10102000000000000BF9DFB00A0000000000000023
:101030000000FCFFFFFFDF0000FCFFFFFFDF000000
:1010400000000000000000B0DFFADFFA1E00000020
:10105000000000000000FCFFFFFFDF0000FCFFFFBE
:10106000FFDF000000000000000000F1FFFFFFFFB5
:10107000BF000000000000000000FCFFFFFFDF00D9
:1010800000FBFFFFFFDF00000000000000000090F9
:10109000FFFFFFFF0C000000000000000000FCFF4D
:1010A000FFFFDF0000FCFFFFFFDF0000000000008B
:1010B00000000000D9FFFFBF00000000000000009A
:1010C0000000FBFFFFFFEF0000DBFFFFFFEF22222E
:1010D000222222222222222222FEFF1C222222223D
:1010E000222222222222FCFFFFFFCE00000087885E
:1010F0008888888888888888888888888888888870
:10110000888888888888888888888888888802006D
:10111000001088888888888888888888888888884F
:10112000888888888888888888888888888888883F
:1011300088880200000066666666666666666666A1
:10114000666666666666666666666666666666663F
:101150006666666666660200000000000000000029
:10116000000000000000000000000000000000007F
:10117000000000000000000000000000000000006F
:10118000000000000000000000000000000000005F
:10119000000000000000000000000000000000004F
:1011A00083002511C8296B3A0E53B0635374168D12
:1011B000B89D0709AB112F22B32A5733DB437F4C6D
:1011C000000000000000000000000000000000001F
:1011D000000000000000000000000000000000000F
:1011E00000000000000000000000000000000000FF
:1011F00000000000000000000000000000000000EF
:1012000000000000000000000000000000000000DE
:1012100000000000000000000000000000000000CE
:1012200000000000000000000000000000000000BE
:1012300000000000000000000000000000000000AE
:10124000000000000000000000000000000000009E
:10125000000000000000000000000000000000008E
:10126000000000000000000000000000000000007E
:10127000000000000000000000000000000000006E
:10128000000000000000000000000000000000005E
:10129000000000000000000000000000000000004E
:1012A000000000000000000010100101000000001C
:1012B000000000000000000000000000000000002E
:1012C000000000000000000000204365767777787A
:1012D0006634120000000000000000000000000062
:1012E00000000000000000000000002064878888E3
:1012F00088888888888888560200000000000000DE
:101300000000000000000000000000000000428714
:101310008888888878777787888888887825000003
:1013200000000000000000000000000000000000BD
:10133000006388888868452302111110225476883A
:101340008888470100000000000000000000000045
:10135000000000007288887835010000000000005D
:10136000000010428688883800000000000000005D
:1013700000000000000000518888470200000000C3
:1013800000000000000000001074888826000000A3
:1013900000000000000000000000308788370100D6
:1013A0000000000000000000000000000000628853
:1013B0008804000000000000000000000000848895
:1013C00048000000000000000000000000000000D5
:1013D00000000073885800000000000000000000BA
:1013E00000508868010000000000000000000000BC
:1013F00000000000000000008588070000000000D9
:1014000000000000008488040000000000000000CC
:1014100000000000000000000000000030886800AC
:1014200000000000000000003088380000000000CC
:1014300000000000000000000000000000000000AC
:101440000082880400000000000000007188050090
:10145000000000000000000000000000000000008C
:10146000000000000030882800000000000000009C
:10147000856800000000000000000000000000007F
:10148000000000000000000000008578000000005F
:10149000000000108828000000000000000000008C
:1014A0000000000000000000000000000000708844
:1014B000020000000000003088060000000000006C
:1014C000000000000000000000000000000000001C
:1014D0000000408805000000000000508803000064
:1014E00000000000000000000000000000000000FC
:1014F00000000000000010880700000000000070DD
:101500008801000000000000000000000099990020
:10151000000000000000000000000087280000001C
:1015200000000081780000000000000000000000C2
:1015300090FEEF09000000000000000000000085A0
:101540003800000000002088960000000000000025
:1015500000000000F9FFFF9F0000000000000000F5
:10156000000000398806000000EAFFFFEFBE00001F
:1015700000000000000000A0FFFFFFFF0A000000C5
:10158000000000000000EAFEFFFFBE00A0FFFFFF1A
:10159000FFFF0B0000000000000000FAFFFFFFFF4C
:1015A000AF0000000000000000A0FFFFFFFFFF0BE6
:1015B000D0FFFFFFFFFF9F0000000000000000D0F1
:1015C000CFFCCFFC0D0000000000000000E0FFFF9A
:1015D000FFFFFF9FF9FFFFFFFFFFAF0000000000CC
:1015E000000000900CFBBFC00900000000000000DC
:1015F00000F9FFFFFFFFFFAFE0FFFFFFFFFF9F00CE
:10160000000000000000000000FCCF00000000000F
:101610000000000000E0FFFFFFFFFF9FB0FFFFFFA3
:10162000FFFF0D00000000000000000000FCCF00E4
:10163000000000000000000000B0FFFFFFFFFF0DF2
:1016400000FBFFFFFFDF00000000000000000000C3
:1016500000FCCF0000000000000000000000FBFFC5
:10166000FFFFDF000090BA88A6090000000000001C
:101670000000000000FCCF0000000000000000009F
:10168000000090BA88A6090000002088060000002B
:10169000000000000000000000FCCF00000000007F
:1016A00000000000000000208806000000002088E4
:1016B00006000000000000000000000000FCCF0059
:1016C000000000000000000000000020880600006C
:1016D000000020880600000000000000000000005C
:1016E00000FCCF000000000000000000000000200F
:1016F00088060000000020880600000000000000AE
:101700000000000000FCCF0000000000000000000E
:10171000000000208806000000002088060000006D
:10172000000000000000000000FBBF0000000000FF
:101730000000000000000020880600000000428831
:1017400026222222222222222222222222FDDF22DD
:101750002222222222222222222222428826010022
:1017600000108888888888888888888888888888F9
:1017700088888888888888888888888888888888E9
:1017800088880200001088888888888888888888E7
:1017900088888888888888888888888888888888C9
:1017A00088888888888802000000666666666666A3
:1017B00066666666666666666666666666666666C9
:1017C000666666666666666666660200000000001B
:1017D0000000000000000000000000000000000009
:1017E00000000000000000000000000000000000F9
:1017F00000000000000000000000000000000000E9
:1018000000000000000000000000000000000000D8
:101810000000000083002511C8296B3A0E53B06305
:101820005374168DB89D64094612281B0A240B2D8B
:10183000ED35CF3E83008300830083008300830067
:101840008300830083008300830083008300830080
:101850008300830083008300830083008300830070
:10186000D0528300830083008300830083008300C1
:1018700083008300830083009DFF8B7383008300BC
:101880008300830083008300830083008300830040
:101890009DFFFFFF8B738300830083008300830021
:1018A00083008300830083009DFFFFFFFFFF8B7396
:1018B0008300830083008300830083008300830010
:1018C0009DFFFFFFFFFFFFFF8B73830083008300FB
:1018D00083008300830083009DFFFFFFFFFFFFFF66
:1018E000FFFF8B73830083008300830083008300EA
:1018F0009DFFFFFFFFFFFFFFFFFFFFFF8B738300D5
:1019000083008300830083009DFFFFFFFFFFFFFF35
:10191000FFFFFFFFFFFF8B738300830083008300C3
:1019200083008300830083008300D052FFFFFFFF0A
:101930008B73830083008300830083008300830014
:1019400083008300D052FFFFFFFF8B73830083006F
:101950008300830083008300830083008300D052D0
:10196000FFFFFFFF8B7383008300830083008300EE
:101970008300830083008300D052FFFFFFFF8B733F
:10198000830083008300830083008300830083003F
:101990008300D052FFFFFFFF8B738300830083001F
:1019A000830083008300830083008300D052FFFF05
:1019B000FFFF8B7383008300830083008300830019
:1019C000830083008300D052FFFFFFFF8B738300EF
:1019D00083008300830083008300830083008300EF
:1019E000D052FFFFFFFF8B738300830083008300CF
:1019F00083008300830083008300D052FFFFFFFF3A
:101A00008B73830083008300830083008300830043
:101A100083008300D052FFFFFFFF8B73830083009E
:101A20008300830083008300830083008300D052FF
:101A3000FFFFFFFF8B73830083008300830083001D
:101A40008300830083008300D052FFFFFFFF8B736E
:101A5000830083008300830083008300830083006E
:101A60008300D052FFFFFFFF8B738300830083004E
:101A7000830083008300830083008300D052FFFF34
:101A8000FFFF8B7383008300830083008300830048
:101A9000830083008300D052FFFFFFFF8B7383001E
:101AA000830083008300830083008300830083001E
:101AB000D052FFFFFFFF8B738300830083008300FE
:101AC00083008300830083008300830083008300FE
:101AD00083008300830083008300830083008300EE
:101AE00083008300830083008300830083008300DE
:101AF0008300830083008300D052FFFFFFFFD0529A
:101B000083008300830083008300830083008300BD
:101B10008300D052FFFFFFFFD05283008300830079
:101B2000830083008300830083008300D052FFFF83
:101B3000FFFFD05283008300830083008300830073
:101B4000830083008300D052FFFFFFFFD052830049
:101B5000830083008300830083008300830083006D
:101B6000D052FFFFFFFFD052830083008300830029
:101B700083008300830083008300D052FFFFFFFFB8
:101B8000D05283008300830083008300830083009E
:101B900083008300D052FFFFFFFFD05283008300F9
:101BA0008300830083008300830083008300D0527E
:101BB000FFFFFFFFD0528300830083008300830078
:101BC0008300830083008300D052FFFFFFFFD052C9
:101BD00083008300830083008300830083008300ED
:101BE0008300D052FFFFFFFFD052830083008300A9
:101BF000830083008300830083008300D052FFFFB3
:101C0000FFFFD052830083008300830083008300A2
:101C1000830083008300D052FFFFFFFFD052830078
:101C2000830083008300830083008300830083009C
:101C3000D052FFFFFFFFD052830083008300830058
:101C400083008300830083008300D052FFFFFFFFE7
:101C5000D0528300830083008300830083008300CD
:101C600083008300D052FFFFFFFFD0528300830028
:101C70008300830083008300830083008300D052AD
:101C8000FFFFFFFFD05283008300830083008300A7
:101C90008300830083008300D052FFFFFFFFFFFF1C
:101CA000FFFFFFFFFFFFFFFF830083008300830030
:101CB0008300D052FFFFFFFFFFFFFFFFFFFFFFFF8B
:101CC000830083008300830083008300D052FFFFE2
:101CD000FFFFFFFFFFFFFFFF830083008300830000
:101CE000830083008300D052FFFFFFFFFFFFFFFF51
:101CF00083008300830083008300830083008300CC
:101D0000D052FFFFFFFFFFFF8300830083008300AB
:101D100083008300830083008300D052FFFFFFFF16
:101D2000830083008300830083008300830083009B
:101D300083008300D052FFFF830083008300830071
:101D40008300830083008300830083008300D052DC
:101D5000830083008300830083008300830083006B
:101D6000830083008300830083008300830083005B
:101D7000830083008300830083008300830083004B
:101D8000830083008300830083008300830083003B
:101D9000830083008300830083008300830083002B
:101DA000830083008300830083008300830083001B
:101DB000830083008300830083008300830083000B
:101DC00083008300830083008300830083008300FB
:101DD00083008300830083008300830083008300EB
:101DE00083008300830083008300830083008300DB
:101DF000830083008300830083008621E831494209
:101E0000E831E410830083008300830083008300B3
:101E100083008300830083008300830083008300AA
:101E2000830083008300EC5255A51DE7FFFFFFFFF1
:101E3000FFFFFFFFFFFFFFFFFFFF39C6CF73E41077
:101E4000830083008300830083008300830083007A
:101E500083008300E41072949EF7FFFFFFFFFFFFF3
:101E6000FFFFFFFFFFFFFFFFFFFFFFFFFFFFFFFF82
:101E7000FFFFFFFF96B5A731830083008300830037
:101E8000830083008300CF73FFFFFFFFFFFFFFFF8F
:101E9000FFFFFFFFDFF79AD639C6D7B559C65DE712
:101EA000FFFFFFFFFFFFFFFFFFFFFFFFB394830074
:101EB00083008300830045219AD6FFFFFFFFFFFFC9
:101EC000FFFFBAD6CF73862183008300830083008F
:101ED00083008300E410EC52D7B5FFFFFFFFFFFF44
:101EE000FFFFBAD686218300E8319EF7FFFFFFFF90
:101EF000FFFF9AD64942830083008300830083005A
:101F00008300830083008300830083008300862195
:101F100096B5FFFFFFFFFFFF9EF7862145219EF745
:101F2000FFFFFFFF6D6B830083008300830083004E
:101F30008300A73149424942E8318300830083008E
:101F4000830083008300EC52FFFFFFFFFBDEE41001
:101F5000830086219AD6E8318300830083008300C2
:101F60004D5B59C6FFFFFFFFFFFFFFFFFFFFFFFFB6
:101F70009AD66D6B8300830083008300E83139C6F5
:101F8000E4108300830083008300830083008300C8
:101F90004D5B9EF7FFFFFFFFFFFFFFFFFFFFFFFF10
:101FA000FFFFFFFFFFFFFFFF9EF7EC528300830060
:101FB0008300830083008300830083008300830009
:101FC000E41039C6FFFFFFFFFFFFFFFFFFFF9AD6B8
:101FD000D7B596B59AD6FFFFFFFFFFFFFFFFFFFFC4
:101FE00035A5830083008300830083008300830082
:101FF00083008300EC52FFFFFFFFFFFFFBDE4D5B22
:102000008300830083008300830083004D5BFBDE3D
:10201000FFFFFFFFFFFF8621830083008300830013
:10202000830083008300830083006D6BFFFFCF7309
:10203000830083008300E410E831E831E41083007A
:1020400083008300D49C9EF7E831830083008300E3
:102050008300830083008300830083008300830068
:10206000862183008300EC529AD6FFFFFFFFFFFF1B
:10207000FFFF9AD6494283008300E4108300830067
:102080008300830083008300830083008300830038
:10209000830083008300830055A5FFFFFFFFFFFF40
:1020A000FFFFFFFFFFFFFFFFFFFF527C8300830066
:1020B0008300830083008300830083008300830008
:1020C0008300830083008300830083004D5BFFFF58
:1020D000FFFFFFFF59C659C6FFFFFFFFFFFFAB4AD7
:1020E00083008300830083008300830083008300D8
:1020F00083008300830083008300830083008300C8
:102100008300CF737294830083008300E41035A5AD
:10211000494283008300830083008300830083009F
:102120008300830083008300830083008300830097
:10213000830083008300830083004942BAD659C6D6
:102140008621830083008300830083008300830053
:102150008300830083008300830083008300830067
:102160008300830083008300830083008300FBDE01
:10217000FFFFFFFF96B58300830083008300830089
:102180008300830083008300830083008300830037
:102190008300830083008300830083008300830027
:1021A00083009AD6FFFFFFFF35A5830083008300DD
:1021B0008300830083008300830083008300830007
:1021C00083008300830083008300830083008300F7
:1021D000830083008300862196B555A5E410830013
:1021E00083008300830083008300830083008300D7
:1021F00083008300830083008300830083008300C7
:1022000083008300830083008300830083008300B6
:1022100083008300830083008300830083008300A6
:102220008300830083008300830083008300830096
:102230008300830083008300830083008300830086
:102240008300830083008300830083008300830076
:102250008300830083008300830083008300830066
:102260008300830083008300830083008300830056
:102270008300830083008300830083008300830046
:102280008300830083008300830083008300830036
:102290008300830083008300830083008300830026
:1022A0008300830083008300830083008300830016
:1022B0008300830083008300830083008300830006
:1022C00083008300830083008300830083008300F6
:1022D00083008300830083008300830083008300E6
:1022E00083008300830083008300830083008300D6
:1022F00083008300830083008300830083008300C6
:1023000083008300830083008300830083008300B5
:1023100083008300830083008300830083008300A5
:102320008300830083008300830083008300830095
:102330008300830083008300830083008300830085
:10234000A208A208A208C210A20883088300830082
:102350008300830083008300830083008300830065
:10236000830083008300830083008300A208C218D7
:1023700044190722892289228922892289228922D5
:1023800068228521E318A20883008300830083006C
:10239000830083008300830083008300A208041964
:1023A000481A89228922892289228922892289221E
:1023B0008922892289228922892289224521A2080B
:1023C000830083008300830083008300A208E31856
:1023D000681A89228922892289228922681AC621BB
:1023E00065218519A6190722892289228922892235
:1023F000892289222419A20883008300830083088C
:10240000A6218922892289228922C621E318A208CD
:10241000830083008300830083008300A208C21826
:1024200085198922892289228922C621830883006D
:10243000A2082822892289228922C521C21083006C
:102440008300830083008300830083008300830074
:10245000830083008300A2084521892289228922E2
:102460002822A2088308471A89226822E3188300D9
:102470008300830083008300A208A208C210C21058
:10248000A208A20883008300830083008300C2188F
:1024900068228922072283088300A208C621A20895
:1024A0008300830083008300CB5276B5DBE6DBE656
:1024B000DBE6DBE6DBE6DBE696BDEB628300830072
:1024C00083008300A208C621A20883008300830042
:1024D0008300830083008300CB525ADEDBE6DBE619
:1024E000DBE6DBE6DBE6DBE6DBE6DBE6DBE6DBE6E4
:1024F0005ADE8A4A830083008300830083008300BE
:102500008300830083008300E31035B5DBE6DBE660
:10251000DBE6DBE6DBE696BDF3A4B3A496BDDBE623
:10252000DBE6DBE6DBE6DBE6529483008300830038
:102530008300830083008300830083008A4ADBE6F4
:10254000DBE6DBE6F7CDCB5283008300830083001C
:1025500083008300CB52F7CDDBE6DBE6DBE64621EA
:102560008300830083008300830083008300830053
:102570008300EB62DBE64D63830083008300E3109E
:10258000A729A729E310830083008300328C5ADE39
:10259000A7298300830083008300830083008300D6
:1025A00083008300830083004621830083008A4ADE
:1025B00096BDDBE6DBE6DBE6DBE696BD073A8300AD
:1025C0008300E31083008300830083008300830083
:1025D00083008300830083008300830083008300E3
:1025E0007294DBE6DBE6DBE6DBE6DBE6DBE6DBE69E
:1025F000DBE6AE73830083008300830083008300E7
:1026000083008300830083008300830083008300B2
:1026100083008300CB52DBE6DBE6DBE676B576B5FE
:10262000DBE6DBE6DBE64A4A8300830083008300C7
:102630008300830083008300830083008300830082
:10264000830083008300830083004D63CF7B83007E
:1026500083008300E3105294073A830083008300D1
:102660008300830083008300830083008300830052
:102670008300830083008300830083008300830042
:102680008300073AB6BD76B54621830083008300F8
:102690008300830083008300830083008300830022
:1026A0008300830083008300830083008300830012
:1026B000830083008300F7CDDBE6DBE6B3A4830071
:1026C00083008300830083008300830083008300F2
:1026D00083008300830083008300830083008300E2
:1026E0008300830083008300830096BDDBE6DBE686
:1026F000529483008300830083008300830083005F
:1027000083008300830083008300830083008300B1
:1027100083008300830083008300830083004621BD
:10272000B3A47294E31083008300830083008300CA
:102730008300830083008300830083008300830081
:102740008300830083008300830083008300830071
:102750008300830083008300830083008300830061
:102760008300830083008300830083008300830051
:102770008300830083008300830083008300830041
:102780008300830083008300830083008300830031
:102790008300830083008300830083008300830021
:1027A0008300830083008300830083008300830011
:1027B0008300830083008300830083008300830001
:1027C00083008300830083008300830083008300F1
:1027D00083008300830083008300830083008300E1
:1027E00083008300830083008300830083008300D1
:1027F00083008300830083008300830083008300C1
:1028000083008300830083008300830083008300B0
:1028100083008300830083008300830083008300A0
:102820008300830083008300830083008300830090
:102830008300830083008300830083008300830080
:102840008300830083008300830083008300830070
:102850008300830083008300830083008300830060
:102860008300830083008300830083008300830050
:102870008300830083008300830083008300830040
:102880008300830083008300A208A208A208C2106C
:10289000A2088308830083008300830083008300F1
:1028A0008300830083008300830083008300830010
:1028B00083008300A208C2184419072289228922B2
:1028C000892289228922892268228521E318A20887
:1028D00083008300830083008300830083008300E0
:1028E00083008300A2080419481A892289228922B8
:1028F0008922892289228922892289228922892280
:10290000892289224521A208830083008300830055
:1029100083008300A208E318681A89228922892289
:1029200089228922681AC62165218519A6190722DC
:102930008922892289228922892289222419A208AE
:102940008300830083008308A621892289228922AB
:102950008922C621E318A208830083008300830034
:1029600083008300A208C21885198922892289223E
:102970008922C62183088300A2082822892289226D
:102980008922C521C2108300830083008300830055
:102990008300830083008300830083008300A208F8
:1029A00045218922892289222822A2088308471AE0
:1029B00089226822E3188300830083008300830058
:1029C000A208A208C210C210A208A20883008300B5
:1029D000830083008300C2186822892207228308AB
:1029E0008300A208C621A208830083008300A208F6
:1029F000C218A619691A8922892289228922892264
:102A0000A621E318A208830083008300A208C62140
:102A1000A208830083008300830083008300830077
:102A2000C218282289228922892289228922892280
:102A300089228922892289222822C21883008300C0
:102A4000830083008300830083008300830083006E
:102A5000A208652189228922892289228922C62108
:102A600085198519E619891A8922892289228922DC
:102A70002419830083008300830083008300830084
:102A800083008300A310892289228922E621C218AB
:102A9000A2088300830083008300A208C218071ADB
:102AA000892289226822A208830083008300830090
:102AB00083008300830083008300E3188922E318E6
:102AC000A20883008300A208A208A208A20883002B
:102AD000830083002419481AA2088300830083001E
:102AE00083008300830083008300830083008300CE
:102AF0004621830083008A4A96BDDBE6DBE6DBE6FF
:102B0000DBE696BD073A83008300E3108300830071
:102B1000830083008300830083008300830083009D
:102B200083008300830083007294DBE6DBE6DBE650
:102B3000DBE6DBE6DBE6DBE6DBE6AE7383008300A9
:102B4000830083008300830083008300830083006D
:102B5000830083008300830083008300CB52DBE685
:102B6000DBE6DBE676B576B5DBE6DBE6DBE64A4AB6
:102B7000830083008300830083008300830083003D
:102B8000830083008300830083008300830083002D
:102B900083004D63CF7B830083008300E310529456
:102BA000073A83008300830083008300830083004F
:102BB00083008300830083008300830083008300FD
:102BC00083008300830083008300073AB6BD76B597
:102BD00046218300830083008300830083008300F9
:102BE00083008300830083008300830083008300CD
:102BF0008300830083008300830083008300F7CD7C
:102C0000DBE6DBE6B3A4830083008300830083005C
:102C1000830083008300830083008300830083009C
:102C2000830083008300830083008300830083008C
:102C3000830096BDDBE6DBE65294830083008300CD
:102C4000830083008300830083008300830083006C
:102C5000830083008300830083008300830083005C
:102C60008300830083004621B3A47294E3108300A1
:102C7000830083008300830083008300830083003C
:102C8000830083008300830083008300830083002C
:102C9000830083008300830083008300830083001C
:102CA000830083008300830083008300830083000C
:102CB00083008300830083008300830083008300FC
:102CC00083008300830083008300830083008300EC
:102CD00083008300830083008300830083008300DC
:102CE00083008300830083008300830083008300CC
:102CF00083008300830083008300830083008300BC
:102D000083008300830083008300830083008300AB
:102D1000830083008300830083008300830083009B
:102D2000830083008300830083008300830083008B
:102D3000830083008300830083008300830083007B
:102D4000830083008300830083008300830083006B
:102D5000830083008300830083008300830083005B
:102D6000830083008300830083008300830083004B
:102D7000830083008300830083008300830083003B
:102D8000830083008300830083008300830083002B
:102D9000830083008300830083008300830083001B
:102DA000830083008300830083008300830083000B
:102DB00083008300830083008300830083008300FB
:102DC00083008300830083008300830083008300EB
:102DD000A208A208A208C210A208830883008300E8
:102DE00083008300830083008300830083008300CB
:102DF000830083008300830083008300A208C2183D
:102E0000441907228922892289228922892289223A
:102E100068228521E318A2088300830083008300D1
:102E2000830083008300830083008300A2080419C9
:102E3000481A892289228922892289228922892283
:102E40008922892289228922892289224521A20870
:102E5000830083008300830083008300A208E318BB
:102E6000681A89228922892289228922681AC62120
:102E700065218519A619072289228922892289229A
:102E8000892289222419A2088300830083008308F1
:102E9000A6218922892289228922C621E318A20833
:102EA000830083008300830083008300A208C2188C
:102EB00085198922892289228922C62183088300D3
:102EC000A2082822892289228922C521C2108300D2
:102ED00083008300830083008300830083008300DA
:102EE000830083008300A208452189228922892248
:102EF0002822A2088308471A89226822E31883003F
:102F00008300830083008300A208A208C210C210BD
:102F1000A208A20883008300830083008300C218F4
:102F200068228922072283088300A208C621A208FA
:102F3000830083008300A208C218A619691A892297
:102F40008922892289228922A621E318A2088300E6
:102F500083008300A208C621A208830083008300A7
:102F60008300830083008300C218282289228922DB
:102F700089228922892289228922892289228922F9
:102F80002822C2188300830083008300830083000B
:102F90008300830083008300A2086521892289229F
:102FA000892289228922C62185198519E619891A5B
:102FB000892289228922892224198300830083009F
:102FC000830083008300830083008300A310892291
:102FD00089228922E621C218A20883008300830087
:102FE0008300A208C218071A892289226822A2082F
:102FF00083008300830083008300830083008300B9
:103000008300E3188922E318A20883008300A20842
:10301000A208A208A2088300830083002419481A8A
:10302000A208830083008300830083008300830061
:103030008300830083008300462183008300A31064
:10304000A6218922892289228922A621C2108300F1
:103050008300E310830083008300830083008300E8
:103060008300830083008300830083008300830048
:103070004419892289228922892289228922892246
:103080008922E31883008300830083008300830088
:103090008300830083008300830083008300830018
:1030A00083008300C218892289226822A619A619E2
:1030B00068228922891AA310830083008300830079
:1030C00083008300830083008300830083008300E8
:1030D00083008300830083008300E3180419A2089F
:1030E00083008300A2082419C21083008300830098
:1030F00083008300830083008300830083008300B8
:1031000083008300830083008300830083008300A7
:103110008300073AB6BD76B546218300830083005D
:103120008300830083008300830083008300830087
:103130008300830083008300830083008300830077
:10314000830083008300F7CDDBE6DBE6B3A48300D6
:103150008300830083008300830083008300830057
:103160008300830083008300830083008300830047
:103170008300830083008300830096BDDBE6DBE6EB
:1031800052948300830083008300830083008300C4
:103190008300830083008300830083008300830017
:1031A0008300830083008300830083008300462123
:1031B000B3A47294E3108300830083008300830030
:1031C00083008300830083008300830083008300E7
:1031D00083008300830083008300830083008300D7
:1031E00083008300830083008300830083008300C7
:1031F00083008300830083008300830083008300B7
:1032000083008300830083008300830083008300A6
:103210008300830083008300830083008300830096
:103220008300830083008300830083008300830086
:103230008300830083008300830083008300830076
:103240008300830083008300830083008300830066
:103250008300830083008300830083008300830056
:103260008300830083008300830083008300830046
:103270008300830083008300830083008300830036
:103280008300830083008300830083008300830026
:103290008300830083008300830083008300830016
:1032A0008300830083008300830083008300830006
:1032B00083008300830083008300830083008300F6
:1032C00083008300830083008300830083008300E6
:1032D00083008300830083008300830083008300D6
:1032E00083008300830083008300830083008300C6
:1032F00083008300830083008300830083008300B6
:1033000083008300830083008300830083008300A5
:103310008300830083008300A208A208A208C210D1
:10332000A208830883008300830083008300830056
:103330008300830083008300830083008300830075
:1033400083008300A208C21844190722AA2AAA2AC5
:10335000AA2AAA2AAA2AAA2A892A8521E318A2081F
:103360008300830083008300830083008300830045
:1033700083008300A2080419491AAA2AAA2AAA2AA1
:10338000AA2AAA2AAA2AAA2AAA2AAA2AAA2AAA2A9D
:10339000AA2AAA2A4521A208830083008300830069
:1033A00083008300A208E318691AAA2AAA2AAA2A73
:1033B000AA2AAA2A691AC62165218519A6190722EF
:1033C000AA2AAA2AAA2AAA2AAA2AAA2A2419A2081E
:1033D0008300830083008308A621AA2AAA2AAA2A96
:1033E000AA2AC621E318A208830083008300830071
:1033F00083008300A208C2188519AA2AAA2AAA2A29
:10340000AA2AC62183088300A208292AAA2AAA2A4E
:10341000AA2AC521C2108300830083008300830091
:103420008300830083008300830083008300A2085D
:103430004521AA2AAA2AAA2A292AA2088308471AC1
:10344000AA2A892AE318830083008300830083006B
:10345000A208A208C210C210A208A208830083001A
:10346000830083008300C218892AAA2A07228308BE
:103470008300A208C621A208830083008300A2085B
:10348000C218A6198A1AAA2AAA2AAA2AAA2AAA2ADB
:10349000A621E318A208830083008300A2088521E7
:1034A000A2088300830083008300830083008300DD
:1034B000C218292AAA2AAA2AAA2AAA2AAA2AAA2AE7
:1034C000AA2AAA2AAA2AAA2A292AC2188300830079
:1034D00083008300830083008300830083008300D4
:1034E000A2086521AA2AAA2AAA2AAA2AAA2AC621A1
:1034F00085198519E619AA22AA2AAA2AAA2AAA2A75
:1035000024198300830083008300830083008300E9
:1035100083008300A310AA2AAA2AAA2AE621C21895
:10352000A2088300830083008300A208C218071A40
:10353000AA2AAA2A892AA20883008300830083007A
:1035400083008300830083008300E318AA2AE31822
:10355000A20883008300A208A208A208A208830090
:10356000830083002419491AA20883008300830082
:103570008300830083008300830083008300830033
:10358000A20883008300A310A621AA2AAA2AAA2A95
:10359000AA2AA621C21083008300A2088300830008
:1035A0008300830083008300830083008300830003
:1035B00083008300830083004419AA2AAA2AAA2A26
:1035C000AA2AAA2AAA2AAA2AAA2AE31883008300D6
:1035D00083008300830083008300830083008300D3
:1035E000830083008300830083008300C218AA2A1B
:1035F000AA2A892AA619A619892AAA2AAA22A310C0
:1036000083008300830083008300830083008300A2
:103610008300830083008300830083008300830092
:103620008300E3180419A20883008300A208241968
:10363000C210830083008300830083008300830023
:103640008300830083008300830083008300830062
:1036500083008300830083008300C210C621A61963
:10366000A20883008300830083008300830083001B
:103670008300830083008300830083008300830032
:103680008300830083008300830083008300E6219E
:10369000AA2AAA2A4521830083008300830083008D
:1036A0008300830083008300830083008300830002
:1036B00083008300830083008300830083008300F2
:1036C0008300C621AA2AAA2A441983008300830002
:1036D00083008300830083008300830083008300D2
:1036E00083008300830083008300830083008300C2
:1036F000830083008300A20885194419A20883006F
:1037000083008300830083008300830083008300A1
:103710008300830083008300830083008300830091
:103720008300830083008300830083008300830081
:103730008300830083008300830083008300830071
:103740008300830083008300830083008300830061
:103750008300830083008300830083008300830051
:103760008300830083008300830083008300830041
:103770008300830083008300830083008300830031
:103780008300830083008300830083008300830021
:103790008300830083008300830083008300830011
:1037A0008300830083008300830083008300830001
:1037B00083008300830083008300830083008300F1
:1037C00083008300830083008300830083008300E1
:1037D00083008300830083008300830083008300D1
:1037E00083008300830083008300830083008300C1
:1037F00083008300830083008300830083008300B1
:1038000083008300830083008300830083008300A0
:103810008300830083008300830083008300830090
:103820008300830083008300830083008300830080
:103830008300830083008300830083008300830070
:103840008300830083008300830083008300830060
:103850008300830083008300830083008300830050
:103860008300830083008300830083008300830040
:103870008300830083008300830083008300830030
:103880008300830083008300830083008300830020
:103890008300830083008300830083008300830010
:1038A0008300830083008300830083008300830000
:1038B00083008300830083008300830083008300F0
:1038C00083008300830083008300830083008300E0
:1038D00083008300830083008300830083008300D0
:1038E00083008300830083008300830083008300C0
:1038F00083008300830083008300830083008300B0
:10390000830083008300830083008300830083009F
:10391000830083008300830083008300830083008F
:10392000830083008300830083008300830083007F
:10393000830083008300830083008300830083006F
:10394000830083008300830083008300830083005F
:10395000830083008300830083008300830083004F
:10396000830083008300830083008300830083003F
:10397000830083008300830083008300830083002F
:10398000830083008300830083008300830083001F
:10399000830083008300830083008300830083000F
:1039A00083008300830083008300830083008300FF
:1039B00083008300830083008300830083008300EF
:1039C00083008300830083008300830083008300DF
:1039D00083008300830083008300830083008300CF
:1039E00083008300830083008300830083008300BF
:1039F00083008300830083008300830083008300AF
:103A0000830083008300830083008300830083009E
:103A1000830083008300830083008300830083008E
:103A2000830083008300830083008300830083007E
:103A3000830083008300830083008300830083006E
:103A4000830083008300830083008300830083005E
:103A5000830083008300830083008300830083004E
:103A6000830083008300830083008300830083003E
:103A7000830083008300830083008300830083002E
:103A8000830083008300830083008300830083001E
:103A9000830083008300830083008300830083000E
:103AA00083008300830083008300830083008300FE
:103AB00083008300830083008300830083008300EE
:103AC00083008300830083008300830083008300DE
:103AD00083008300830083008300830083008300CE
:103AE00083008300830083008300830083008300BE
:103AF00083008300830083008300830083008300AE
:103B0000830083008300830083008300830083009D
:103B1000830083008300830083008300830083008D
:103B2000830083008300830083008300830083007D
:103B3000830083008300830083008300830083006D
:103B4000830083008300830083008300830083005D
:103B5000830083008300830083008300830083004D
:103B6000830083008300830083008300830083003D
:103B7000830083008300830083008300830083002D
:103B8000830083008300830083008300830083001D
:103B9000830083008300830083008300830083000D
:103BA00083008300830083008300830083008300FD
:103BB00083008300830083008300830083008300ED
:103BC00083008300830083008300830083008300DD
:103BD00083008300830083008300830083008300CD
:103BE00083008300830083008300830083008300BD
:103BF00083008300830083008300830083008300AD
:103C0000830083008300830083008300830083009C
:103C1000830083008300830083008300830083008C
:103C2000830083008300830083008300830083007C
:103C3000830083008300830083008300830083006C
:103C4000830083008300830083008300830083005C
:103C5000830083008300830083008300830083004C
:103C6000830083008300830083008300830083003C
:103C7000830083008300830083008300830083002C
:103C8000830083008300830083008300830083001C
:103C9000830083008300830083008300830083000C
:103CA00083008300830083008300830083008300FC
:103CB00083008300830083008300830083008300EC
:103CC00083008300830083008300830083008300DC
:103CD00083008300830083008300830083008300CC
:103CE00083008300830083008300830083008300BC
:103CF00083008300830083008300830083008300AC
:103D0000830083008300830083008300830083009B
:103D1000830083008300830083008300830083008B
:103D200083008300830083008300830000C18140FF
:103D300001C0804101C0804100C1814001C080417B
:103D400000C1814000C1814001C0804101C080416B
:103D500000C1814000C1814001C0804100C181405B
:103D600001C0804101C0804100C1814001C080414B
:103D700000C1814000C1814001C0804100C181403B
:103D800001C0804101C0804100C1814000C181402B
:103D900001C0804101C0804100C1814001C080411B
:103DA00000C1814000C1814001C0804101C080410B
:103DB00000C1814000C1814001C0804100C18140FB
:103DC00001C0804101C0804100C1814000C18140EB
:103DD00001C0804101C0804100C1814001C08041DB
:103DE00000C1814000C1814001C0804100C18140CB
:103DF00001C0804101C0804100C1814001C08041BB
:103E000000C1814000C1814001C0804101C08041AA
:103E100000C1814000C1814001C0804100C181409A
:103E200001C0804101C0804100C1814000C0C1018A
:103E3000C30302C2C60607C705C5C404CC0C0DCD1A
:103E40000FCFCE0E0ACACB0BC90908C8D81819D98A
:103E50001BDBDA1A1EDEDF1FDD1D1CDC14D4D515BA
:103E6000D71716D6D21213D311D1D010F03031F1AA
:103E700033F3F23236F6F737F53534F43CFCFD3DDA
:103E8000FF3F3EFEFA3A3BFB39F9F83828E8E929CA
:103E9000EB2B2AEAEE2E2FEF2DEDEC2CE42425E57A
:103EA00027E7E62622E2E323E12120E0A06061A1EA
:103EB00063A3A26266A6A767A56564A46CACAD6D9A
:103EC000AF6F6EAEAA6A6BAB69A9A86878B8B9790A
:103ED000BB7B7ABABE7E7FBF7DBDBC7CB47475B53A
:103EE00077B7B67672B2B373B17170B0509091512A
:103EF0009353529296565797559594549C5C5D9D5A
:103F00005F9F9E5E5A9A9B5B995958988848498949
:103F10004B8B8A4A4E8E8F4F8D4D4C8C44848545F9
:103F2000874746868242438341818040254821005D
:103F300020543B0020264A210020483D0020273AFB
:103F40002100207C37002038293D5366717065556B
:103F50004333261C15411F1C1F1E1F1E1F1F1E1F23
:103F60001E1F1F1D1F1E1F1E1F1F1E1F1E1F4D6FEA
:103F700064627573000000004164647265737300CD
:103F80000000FE000000426175647261746500000B
:103F900053656C65637420000000090000005072D6
:103FA0006F746F636F6C000053656C656374000021
:103FB0000000010000005365742020202020000034
:103FC0005363686564756C65000008000000313259
:103FD0003030202000323430302020003336303072
:103FE000202000343830302020003732303020207C
:103FF0000039363030202000313932303020003363
:104000003834303020003736383030200031313508
:1040100032303000393231363030003537363030DA
:1040200020003120202020200032202020202000CD
:104030003320202020200034202020202000352084
:104040002020202000362020202020003720202083
:104050002020003820202020200000040002000141
:104060008000400020001000080004000200000052
:1040700000800040002000100008004000200010D8
:104080000008000400020000000000000000000022
:1040900000000000000000000E0A0C0000000000FC
:1040A000657468616E6F6C5F7369676E616C000048
:1040B0000000000000000000000000000000000000
:1040C0000000000068325F7369676E616C00000079
:1040D00000000000000000000000000000000000E0
:1040E000000000000000000074564F430000000074
:1040F00000000000000000000000000000000000C0
:10410000000000000000000000000000636F325F4C
:1041100065710000000000000000000000000000C9
:10412000000000000000000000000000000000008F
:10413000626173656C696E6531000000000000000B
:10414000000000000000000000000000000000006F
:1041500000000000626173656C696E6532000000EA
:10416000000000000000000000000000000000004F
:1041700000000000102700000000000000000320E5
:10418000006961715F696E697400000000000000E1
:10419000000000000000000000000000000000001F
:1041A0000000000050C300002C0200600200082044
:1041B000016961715F6D6561737572650000000072
:1041C00000000000000000000000000000000000EF
:1041D0000000000010270000340200600100B3203E
:1041E000166961715F6765745F74766F635F696E8E
:1041F000636570746976655F626173656C696E652D
:1042000000000000102700000000000000007720E0
:104210000E6961715F7365745F74766F635F62616D
:1042200073656C696E65000000000000000000000E
:104230000000000010270000B4220020020015201A
:10424000026961715F6765745F626173656C696E55
:1042500065000000000000000000000000000000F9
:1042600000000000102700000000000000001E20D9
:10427000036961715F7365745F626173656C696E18
:1042800065000000000000000000000000000000C9
:1042900000000000400D03003802006002005020C2
:1042A0000A6D6561737572655F7369676E616C73C2
:1042B00000000000000000000000000000000000FE
:1042C0000000000010270000000000000000612036
:1042D0000C7365745F6162736F6C7574655F68758C
:1042E0006D6964697479000000000000000000003E
:1042F00000000000090020002100000040020060D2
:1043000005000000F442050801000000BC22002066
:1043100006000000F642050801000000540200609B
:1043200008000000F842050801000000D422002027
:1043300003000000FFFFFFFFFFFFFFFF4B00000037
:104340004D0000004F000000550000006F0000000D
:10435000240000005100000075000000FFFFFFFF77
:10436000FFFFFFFFFFFFFFFF4B0000004D000000BD
:104370004F000000550000006F0000002400000006
:1043800051000000750000005700000068000000A8
:10439000FFFFFFFFFFFFFFFFFFFFFFFF4B000000DE
:1043A0004D0000004F0000005500000075000000A7
:1043B000FFFFFFFFFFFFFFFF1C000000FFFFFFFFED
:1043C0004B0000004D0000004F00000055000000B1
:1043D0006F0000002400000054000000FFFFFFFFFA
:1043E000FFFFFFFF1C000000FFFFFFFF4B0000006E
:1043F0004D0000004F000000550000006F0000005D
:10440000240000005700000054000000FFFFFFFFE1
:10441000FFFFFFFF4B0000004D0000004F000000B9
:10442000550000006F000000240000005100000053
:10443000540000005700000068000000FFFFFFFF6D
:104440001C000000040000002E000000FFFFFFFF22
:104450004B0000004D0000004F0000007000000005
:104460007900000078000000460000002C000000E9
:104470000C000000620000008B00000061000000E2
:10448000600000004C0000003E0000006B000000D7
:104490000B000000490000001E0000009B0000000F
:1044A0003800000039000000FFFFFFFF1C00000083
:1044B0003A000000400000003F000000FFFFFFFF47
:1044C000E8030000E9030000EA030000FFFFFFFF2C
:1044D000FFFFFFFFFFFFFFFF4B0000004D0000004C
:1044E0004F0000005500000024000000FFFFFFFF08
:1044F000FFFFFFFF7B000000FFFFFFFF4B000000FE
:104500004D0000004F00000055000000200000009A
:10451000AE00000036000000580000006F000000F0
:10452000670000005100000026000000FFFFFFFFB1
:104530004B0000004D0000004F000000550000003F
:10454000FFFFFFFFFFFFFFFF4B0000004D000000DB
:104550004F000000550000006F0000002400000024
:10456000510000004A000000FFFFFFFF1C00000098
:104570006E000000FFFFFFFF102700005046000004
:104580001027000050460000102700005046000091
:104590001027000050460000102700005046000081
:1045A000C063FFFFC0D40100C063FFFFC0C80300A9
:1045B000C063FFFFC0D40100C063FFFFC0C8030099
:1045C000C063FFFFC0D40100C063FFFFC0C8030089
:1045D000C063FFFFC0D40100C063FFFFC0C8030079
:1045E000C0F2FCFFE0930400C0F2FCFFE093040083
:1045F000A4034C03CC0234029C011C01C0008000C7
:104600005400380028001C00140010000C000800A2
:104610000400DC03C4039C035E030A03AA023C02F9
:10462000CE016C011A01D600A400800064004C0089
:104630003E003000A4035C03F8028002FC0180010C
:104640001801C8008C0064004800340024001C00DD
:10465000140010000C00D003B4038A034A03FC02C8
:104660009E023602D20178012801EA00B4009000CF
:1046700072005A004C003C006D007A00A400CE008D
:10468000F7002001480170019701BE01E5010B020E
:10469000320258027E02A402B602CD011902610262
:1046A000AB02F6023D038403CB03130459049F04B9
:1046B000E8042F057005B805FC0541068406CB0605
:1046C0000D0750079407D6071C085C08A108E408EA
:1046D00028096709AA09EC092F0A700AB10AF40A25
:1046E000320B760BB50BF20B360C740CB20CF30CD0
:1046F000360D710DB00DEE0D2D0E6D0EA80EE50EE2
:10470000A00F680F0B0F7F0EBD0DB30C680BEB09EC
:104710005808C90669053B0447038A02F701880166
:104720003301870F270F880E940D260CBB0AFF0854
:104730004807B80574046203940204028901380131
:10474000FA00CB00900E700DE00B000AF007000697
:1047500060042003300290012001D000900070001E
:104760005000400030005C0FE80E380E420D030C84
:104770008C0AF1085907E805AC04B603E2024102CD
:10478000C8016D013201F8003E01EC0196023C03C4
:10479000E10385042605C5056206FD069607320875
:1047A000C6085E09EC097E0A040B00000000000048
:1047B00000000000000000000000000000000000F9
:1047C00000000000000000000000000000000000E9
:1047D00000000000000000000000000000000000D9
:1047E00000000000000000000000000000000000C9
:1047F00000000000000000000000000000000000B9
:1048000000000000000000000000000000000000A8
:104810000000000000000000000000000000000098
:104820000000000000000000000000000000000088
:104830000000000000000000000000000000000078
:104840000000000000000000000000000000000068
:104850000000000000000000000000000000000058
:104860000000000000000000000001010101010142
:104870000101010101010101010101010101010128
:104880000101010101010101010102020202020212
:1048900002020202020202020202030303030303F2
:1048A00003030404040405050505000000000000DE
:1048B0001F0000001C0000001F0000001E00000080
:1048C0001F0000001E0000001F0000001F0000006D
:1048D0001E0000001F0000001E0000001F0000005E
:1048E000000000000000E03F000000000000E0BF0A
:1048F0000000E0FE422EE63F0000E0FE422EE6BF52
:10490000763C7935EF39EA3D763C7935EF39EABDC9
:104910003E5555555555C53F93BDBE166CC166BF36
:104920002CDE25AF6A56113FF16BD2C541BDBBBE2F
:10493000D0A4BE726937663E04FA97999999D93F17
:10494000AF788E1DC571CC3F9FC678D0099AC33F02
:10495000935555555555E53F599322942449D23FD7
:10496000DE03CB966446C73F44523EDF12F1C23F9E
:10497000000000000000F03F000000000000F83FD1
:1049800000000000000000000000004003B8E23F0B
:10499000000000000000000006D0CF43EBFD4C3EBD
:1049A000033333333333E33FFFAB6FDBB66DDB3FB2
:1049B0004D268F515555D53F01411DA96074D13FFA
:1049C00065DBC9934A86CD3FEF4E454A287ECA3FF4
:1049D0003E5555555555C53F93BDBE166CC166BF76
:1049E0002CDE25AF6A56113FF16BD2C541BDBBBE6F
:1049F000D0A4BE726937663E4C5555555555A53FF6
:104A00007751C1166CC156BF9015CB19A001FA3E63
:104A1000AD529C804F7E92BEC4B1B4BD9EEE213E8D
:104A2000D43888BEE9FAA8BD0000000000000000EC
:104A300000004054FB21F93F3163621A61B4D03D5C
:104A40000000601A61B4D03D7370032E8A19A33B35
:104A50000000002E8A19A33BC14920259A837B3987
:104A600000000000000000006E83F9A22915444EEA
:104A7000D15727FCC0DD34F5999562DB4190433C6A
:104A8000AB6351FE61C5BBDE3A6E24B7E0D24D4246
:104A9000EA2E49061C92D1091CEB1DFE3EA729B146
:104AA000F53582E88444BB2E26709CE9417E5FB4D4
:104AB00039D69139F43953838B5F849C3B28F9BDF7
:104AC000FF97F81F0F9805DE8B112FEF1F6D0A5A05
:104AD000CF7E366DB709CB27663F464F2DEA5F9EE6
:104AE000C7BA27757BF1E5EBF739073DEA92528AA1
:104AF000B15FFB6B085D8D1FA6F810111111813F8E
:104B0000D561C119A0012ABF7DFEB157E31DC73E83
:104B1000EB9C2B8AE6E55ABE7CD5CF5A3AD9E53DC7
:104B200000404040404040404040414141414140C0
:104B30004040404040404040404040404040404075
:104B40004005020202020202020202020202020204
:104B50000220202020202020202020020202020209
:104B60000202909090909090101010101010101061
:104B7000101010101010101010101010020202026D
:104B800002028888888888880808080808080808B1
:104B900008080808080808080808080802020202AD
:104BA00040000000214B0508352E302E300000005B
:104BB000F04B050800000060600500008CA10308B0
:104BC000D84D050800200020380300008CA1030800
:104BD000D84D050860050060805E0700C8A803087E
:104BE000EC4E050838230020A4400000C8A80308A4
:104BF0001184A24A0400094C0102030406070809B3
:104C00001AAA010376F8EF5010526F6F6D54656D5C
:104C10003A32302E35432020480F536574506F6967
:104C20006E743A32332E304314580E414E496E7032
:104C30007574313A313030302879140A1132148ABF
:104C40003314415A01075908017F123C1209123FDF
:104C5000120D12431224124612371248125F124AE2
:104C600012AA124C12DC124E140E015014540153AD
:104C70000A31F4AD180AE4400508084105082C047F
:104C80001A9C0C1AC0041A740C1AA4041E3442058F
:104C90000864041A9404E9141AD40C5A041C1AC4A3
:104CA00004011414A1F70349191E512A03085504DD
:104CB0001E9B2303085B08180A5F250308172803B7
:104CC000087D0C011A1EA3E80208A9041A97041E05
:104CD00039E902085F04411A7D10411ABB085B41A3
:104CE000F9633152031E2BFF020831041A1F041A04
:104CF000EF04121549641A050C415A5F08815201EC
:104D00001EA7EB0208AD041A9B041ECDEC0208F3AB
:104D100004411A8110011452021EAFF00208B504BA
:104D20001AA3041A7D04180A6DF1020829F3020877
:104D3000590C419E6DF402089DA252051E1B0203F0
:104D40000821041A0F041A33041A95044F49040366
:104D500008F501AA01105204180AFF050308050608
:104D60000308F3081AB9081ADF04411AD91001140C
:104D700052061BD9402A19041ACD041AE7044B0B1A
:104D8000412E0B141F433652111A671E1A71041A52
:104D90005B041A75045A992E0A15413652801E8BEF
:104DA0004F030891041A7F04411AC9081B59504245
:104DB0005910011052131E635103085F041A69044D
:104DC00041580A43520308BB53030835100111022E
:104DD0006404021B0100000045020406082D0102C4
:104DE000030404650607080912FD63204E700E5483
:104DF000656D636F436F6E74726F6C733914F00975
:104E00002050726F647563741AFF0101A90925AB04
:104E100002CC01100D3BA00208BD9302089395023D
:104E200008180B014BAA020879A902084908180CB6
:104E3000FA02D9A8020821A702086B041808FA038D
:104E400031AD0208C9181BEFAB0E1F04EBAF02080F
:104E50007F121ADF04180CFA0517B202080BB00211
:104E6000083D04C2FA323032483260327832903231
:104E7000A832C012D81A64201A64201A64201A6456
:104E8000201A64201A64201A64201A6420011E1853
:104E90000AA84B05082C41050850041A74041AA4EA
:104EA000041E3442050864041A94041AC4041E1C27
:104EB0004305080C041AFC0C411203D3B80B00285C
:104EC000130102030405060708090A0B0C0D0E0F57
:104ED00010111213141516171819232526271A1B3B
:0C4EE0001C1D1E1F202122248201000046
:04000005080081313D
:00000001FF
